model_id,iso3,country,macroregion,program_group,keyword_group,program_label_ru,teaching_language,teaching_language_rationale,expected_student_gap,representation_gap,representation_gap_q025,representation_gap_q50,representation_gap_q975,probability_positive_representation_gap,probability_top20_unrealized_potential,actual_students_latest,actual_period,potential_students_2026,model_based_attraction_capacity,demographic_continuity_baseline,country_opportunity_point_score,country_opportunity_score,country_opportunity_score_low,country_opportunity_score_high,country_opportunity_uncertainty_adjustment,friendliness_ex_ante_score,friendliness_lower_bound,friendliness_upper_bound,friendliness_coverage,friendliness_reliability_class,survey_component_available,program_fit_score,program_fit_inputs_json,program_fit_evidence_status,program_labor_demand_score,labor_demand_score_p05,labor_demand_score_p95,query_count,verified_fixture_vacancy_matches,priority_balanced,priority_recruitment,priority_labor_market,priority_academic_fit,combined_country_program_priority_score,management_priority_index,priority_weight_sensitivity_min,priority_weight_sensitivity_max,priority_scenario_min,priority_scenario_max,priority_scenario_range,priority_evidence_low,priority_evidence_high,priority_evidence_width,priority_decision_tier,scenario_scores_json,scenario_evidence_low_json,scenario_evidence_high_json,scenario_weights_json,score_semantics,expected_effect_type,expected_effect_value,expected_effect_low,expected_effect_high,expected_effect_target,expected_effect_estimation_status,evaluation_horizon_months,recommended_evaluation_design,recommended_evaluation_kpis,labor_metric_semantics,source_key,observation_status,recruitment_instrument,rank_country_program_priority,rank_balanced,rank_recruitment,rank_labor_market,rank_academic_fit,rank_scenario_min,rank_scenario_max,rank_stability_width,classified_unique_vacancies,input_unique_vacancies,labor_classified_snapshot_coverage
country_program_priority_evidence_v5,ARE,United Arab Emirates,Middle East & North Africa,digital_analytics,digital_analytics,Цифровая аналитика и Data/AI,english_with_optional_russian_preparatory_module,CLDR indicates a material functional English-language environment.,422.2036215977997,422.2036215977997,152.4241827480876,386.14354791454286,893.5732988371658,1.0,0.585,81.0,2023,467.7814424420436,467.7814424420436,45.5778208442438,86.74034870599367,86.74034870599367,72.18794126743218,97.47549294327301,point_score multiplied by probability of positive structural gap,63.64058148283527,36.14058148283527,91.14058148283527,0.45,limited,False,78.8858002227002,"{""digital_finance_business_informatics"": 0.7877274012873411, ""economic_legal"": 0.793380405985645}",calculated_from_existing_mgimo_country_profile_scores,80.99834319526626,80.86266231881814,84.12359954610515,6,1284,78.59138189294602,77.26527785917456,78.99516097549075,78.74741937945292,78.66940063619947,78.66940063619947,77.26527785917456,78.99516097549075,77.26527785917456,78.99516097549075,1.7298831163161879,60.84313069729244,90.33251299014485,29.48938229285241,B_targeted_validation,"{""academic_fit"": 78.74741937945292, ""balanced"": 78.59138189294602, ""labor_market"": 78.99516097549075, ""recruitment"": 77.26527785917456}","{""academic_fit"": 69.23728170962535, ""balanced"": 66.58860283678828, ""labor_market"": 70.05294446443696, ""recruitment"": 60.84313069729244}","{""academic_fit"": 85.96014152419322, ""balanced"": 88.32348096956734, ""labor_market"": 86.7018391890682, ""recruitment"": 90.33251299014485}","{""academic_fit"": {""country_opportunity"": 0.25, ""friendliness"": 0.15, ""labor_demand"": 0.15, ""program_fit"": 0.45}, ""balanced"": {""country_opportunity"": 0.3, ""friendliness"": 0.2, ""labor_demand"": 0.3, ""program_fit"": 0.2}, ""labor_market"": {""country_opportunity"": 0.2, ""friendliness"": 0.15, ""labor_demand"": 0.45, ""program_fit"": 0.2}, ""recruitment"": {""country_opportunity"": 0.4, ""friendliness"": 0.3, ""labor_demand"": 0.1, ""program_fit"": 0.2}}",uncertainty_adjusted_management_priority_index_not_predicted_student_count,not_identified_ex_ante,,,,"incremental qualified applications, offers and enrolments attributable to the recruitment intervention",requires_prospective_campaign_evaluation,24,pre_registered_country_program_campaign_with_matched_comparison_or_stepped_wedge_rollout,qualified_leads;applications;offers;enrolments;yield;cost_per_enrolment,relative_record_level_program_demand_not_search_totals,ppml_russia_inbound_structural_allocation_v3;friendliness_receptivity_ex_ante_v4;trudvsem_program_demand_v5;mgimo_program_profiles,calculated_uncertainty_aware_scenario_ensemble_v5,employer_linked_program_campaign_and_case_competitions,1,3.0,3.0,1.0,1.0,1.0,3.0,2.0,1284,29046,0.04420574261516216
country_program_priority_evidence_v5,BLR,Belarus,Europe & Central Asia,digital_analytics,digital_analytics,Цифровая аналитика и Data/AI,russian_or_bilingual_russian_english,CLDR indicates a material functional Russian-language environment.,30445.19890863655,30445.19890863655,6973.544032391695,27907.71738493421,62381.01638589323,1.0,1.0,9369.0,2023,40657.59366868813,40657.59366868813,10212.394760051584,100.0,100.0,100.0,100.0,point_score multiplied by probability of positive structural gap,68.04837138372176,48.048371383721744,88.04837138372174,0.6,limited,False,60.276877736121946,"{""digital_finance_business_informatics"": 0.6559923059590598, ""economic_legal"": 0.3898746629698579}",calculated_from_existing_mgimo_country_profile_scores,80.99834319526626,80.86266231881814,84.12359954610515,6,1284,78.7782946418922,79.06659585230787,77.81933717994832,73.11159018973416,78.29881591092027,78.29881591092027,73.11159018973416,79.06659585230787,73.11159018973416,79.06659585230787,5.955005662573711,69.43829057210105,85.65629664377953,16.218006071678474,B_targeted_validation,"{""academic_fit"": 73.11159018973416, ""balanced"": 78.7782946418922, ""labor_market"": 77.81933717994832, ""recruitment"": 79.06659585230787}","{""academic_fit"": 69.43829057210105, ""balanced"": 73.53346680989469, ""labor_market"": 73.87279898735027, ""recruitment"": 71.34482307818145}","{""academic_fit"": 76.38249610681348, ""balanced"": 83.82519149459465, ""labor_market"": 82.21832309937545, ""recruitment"": 85.65629664377953}","{""academic_fit"": {""country_opportunity"": 0.25, ""friendliness"": 0.15, ""labor_demand"": 0.15, ""program_fit"": 0.45}, ""balanced"": {""country_opportunity"": 0.3, ""friendliness"": 0.2, ""labor_demand"": 0.3, ""program_fit"": 0.2}, ""labor_market"": {""country_opportunity"": 0.2, ""friendliness"": 0.15, ""labor_demand"": 0.45, ""program_fit"": 0.2}, ""recruitment"": {""country_opportunity"": 0.4, ""friendliness"": 0.3, ""labor_demand"": 0.1, ""program_fit"": 0.2}}",uncertainty_adjusted_management_priority_index_not_predicted_student_count,not_identified_ex_ante,,,,"incremental qualified applications, offers and enrolments attributable to the recruitment intervention",requires_prospective_campaign_evaluation,24,pre_registered_country_program_campaign_with_matched_comparison_or_stepped_wedge_rollout,qualified_leads;applications;offers;enrolments;yield;cost_per_enrolment,relative_record_level_program_demand_not_search_totals,ppml_russia_inbound_structural_allocation_v3;friendliness_receptivity_ex_ante_v4;trudvsem_program_demand_v5;mgimo_program_profiles,calculated_uncertainty_aware_scenario_ensemble_v5,russian_language_track_alumni_and_school_network,2,1.0,1.0,3.0,4.0,1.0,4.0,3.0,1284,29046,0.04420574261516216
country_program_priority_evidence_v5,SRB,Serbia,Europe & Central Asia,digital_analytics,digital_analytics,Цифровая аналитика и Data/AI,english_plus_russian_preparatory_year,No broad Russian or English functional-language signal is available in CLDR.,1862.9553713367163,1862.9553713367163,1003.314755628782,1669.0585884881532,2555.963289644219,1.0,1.0,360.0,2023,2193.7618868849218,2193.7618868849218,330.80651554820554,100.0,100.0,99.1351007594011,100.0,point_score multiplied by probability of positive structural gap,63.29199926677249,35.79199926677249,90.79199926677248,0.45,limited,False,64.0769290812764,"{""digital_finance_business_informatics"": 0.6643997916758356, ""economic_legal"": 0.5462472873604773}",calculated_from_existing_mgimo_country_profile_scores,80.99834319526626,80.86266231881814,84.12359954610515,6,1284,78.60195679838301,78.32856549234593,77.92272571375007,74.31824472726147,78.125645603048,78.125645603048,74.31824472726147,78.60195679838301,74.31824472726147,78.60195679838301,4.283712071121542,66.01356314923908,87.48609513448304,21.47253198524396,B_targeted_validation,"{""academic_fit"": 74.31824472726147, ""balanced"": 78.60195679838301, ""labor_market"": 77.92272571375007, ""recruitment"": 78.32856549234593}","{""academic_fit"": 68.18569503511739, ""balanced"": 70.08359561739378, ""labor_market"": 71.48796779474166, ""recruitment"": 66.01356314923908}","{""academic_fit"": 78.83686825577983, ""balanced"": 85.35646257069564, ""labor_market"": 83.59331084284479, ""recruitment"": 87.48609513448304}","{""academic_fit"": {""country_opportunity"": 0.25, ""friendliness"": 0.15, ""labor_demand"": 0.15, ""program_fit"": 0.45}, ""balanced"": {""country_opportunity"": 0.3, ""friendliness"": 0.2, ""labor_demand"": 0.3, ""program_fit"": 0.2}, ""labor_market"": {""country_opportunity"": 0.2, ""friendliness"": 0.15, ""labor_demand"": 0.45, ""program_fit"": 0.2}, ""recruitment"": {""country_opportunity"": 0.4, ""friendliness"": 0.3, ""labor_demand"": 0.1, ""program_fit"": 0.2}}",uncertainty_adjusted_management_priority_index_not_predicted_student_count,not_identified_ex_ante,,,,"incremental qualified applications, offers and enrolments attributable to the recruitment intervention",requires_prospective_campaign_evaluation,24,pre_registered_country_program_campaign_with_matched_comparison_or_stepped_wedge_rollout,qualified_leads;applications;offers;enrolments;yield;cost_per_enrolment,relative_record_level_program_demand_not_search_totals,ppml_russia_inbound_structural_allocation_v3;friendliness_receptivity_ex_ante_v4;trudvsem_program_demand_v5;mgimo_program_profiles,calculated_uncertainty_aware_scenario_ensemble_v5,employer_linked_program_campaign_and_case_competitions,3,2.0,2.0,2.0,3.0,2.0,3.0,1.0,1284,29046,0.04420574261516216
country_program_priority_evidence_v5,SAU,Saudi Arabia,Middle East & North Africa,digital_analytics,digital_analytics,Цифровая аналитика и Data/AI,english_plus_russian_preparatory_year,No broad Russian or English functional-language signal is available in CLDR.,1026.3129269398264,1026.3129269398264,284.272999661452,949.7248809518236,2573.4925989010617,1.0,0.925,162.0,2023,1177.466179032725,1177.466179032725,151.1532520928985,99.4598271878937,99.4598271878937,81.08363336162641,100.0,point_score multiplied by probability of positive structural gap,64.23914038531943,36.73914038531942,91.73914038531944,0.45,limited,False,57.552768881965946,"{""digital_finance_business_informatics"": 0.59472855666153, ""economic_legal"": 0.4987242174521772}",calculated_from_existing_mgimo_country_profile_scores,80.99834319526626,80.86266231881814,84.12359954610515,6,1284,77.06000110035599,76.8631291783646,76.3792023001153,70.92838571686812,76.62116573923996,76.62116573923996,70.92838571686812,77.06000110035599,70.92838571686812,77.06000110035599,6.131615383487869,60.15017981051136,85.92124888192814,25.771069071416775,B_targeted_validation,"{""academic_fit"": 70.92838571686812, ""balanced"": 77.06000110035599, ""labor_market"": 76.3792023001153, ""recruitment"": 76.8631291783646}","{""academic_fit"": 62.10417488285227, ""balanced"": 64.97544241861252, ""labor_market"": 67.5222440986664, ""recruitment"": 60.15017981051136}","{""academic_fit"": 75.29259632860403, ""balanced"": 83.74369764814384, ""labor_market"": 81.97177499433153, ""recruitment"": 85.92124888192814}","{""academic_fit"": {""country_opportunity"": 0.25, ""friendliness"": 0.15, ""labor_demand"": 0.15, ""program_fit"": 0.45}, ""balanced"": {""country_opportunity"": 0.3, ""friendliness"": 0.2, ""labor_demand"": 0.3, ""program_fit"": 0.2}, ""labor_market"": {""country_opportunity"": 0.2, ""friendliness"": 0.15, ""labor_demand"": 0.45, ""program_fit"": 0.2}, ""recruitment"": {""country_opportunity"": 0.4, ""friendliness"": 0.3, ""labor_demand"": 0.1, ""program_fit"": 0.2}}",uncertainty_adjusted_management_priority_index_not_predicted_student_count,not_identified_ex_ante,,,,"incremental qualified applications, offers and enrolments attributable to the recruitment intervention",requires_prospective_campaign_evaluation,24,pre_registered_country_program_campaign_with_matched_comparison_or_stepped_wedge_rollout,qualified_leads;applications;offers;enrolments;yield;cost_per_enrolment,relative_record_level_program_demand_not_search_totals,ppml_russia_inbound_structural_allocation_v3;friendliness_receptivity_ex_ante_v4;trudvsem_program_demand_v5;mgimo_program_profiles,calculated_uncertainty_aware_scenario_ensemble_v5,employer_linked_program_campaign_and_case_competitions,4,4.0,4.0,4.0,8.0,4.0,8.0,4.0,1284,29046,0.04420574261516216
country_program_priority_evidence_v5,TUR,Türkiye,Europe & Central Asia,digital_analytics,digital_analytics,Цифровая аналитика и Data/AI,english_plus_russian_preparatory_year,No broad Russian or English functional-language signal is available in CLDR.,6271.814851981322,6271.814851981322,2042.3232068749053,5788.136878229314,13356.513997275884,1.0,0.9983333333333332,911.0,2023,7040.885969507942,7040.885969507942,769.0711175266194,100.0,100.0,100.0,100.0,point_score multiplied by probability of positive structural gap,62.29229519979871,34.7922951997987,89.7922951997987,0.45,limited,False,58.560603240911234,"{""digital_finance_business_informatics"": 0.6234378261742245, ""economic_legal"": 0.4342788573486635}",calculated_from_existing_mgimo_country_profile_scores,80.99834319526626,80.86266231881814,84.12359954610515,6,1284,76.98011368257221,76.59223709382552,76.37471982882661,71.24656777011134,76.48347846132606,76.48347846132606,71.24656777011134,76.98011368257221,71.24656777011134,76.98011368257221,5.733545912460869,64.54230098980396,85.66801218708802,21.125711197284062,B_targeted_validation,"{""academic_fit"": 71.24656777011134, ""balanced"": 76.98011368257221, ""labor_market"": 76.37471982882661, ""recruitment"": 76.59223709382552}","{""academic_fit"": 65.39158604499407, ""balanced"": 68.65157812221251, ""labor_market"": 70.06349375686128, ""recruitment"": 64.54230098980396}","{""academic_fit"": 75.63196872824233, ""balanced"": 83.6742154307623, ""labor_market"": 81.99069330172827, ""recruitment"": 85.66801218708802}","{""academic_fit"": {""country_opportunity"": 0.25, ""friendliness"": 0.15, ""labor_demand"": 0.15, ""program_fit"": 0.45}, ""balanced"": {""country_opportunity"": 0.3, ""friendliness"": 0.2, ""labor_demand"": 0.3, ""program_fit"": 0.2}, ""labor_market"": {""country_opportunity"": 0.2, ""friendliness"": 0.15, ""labor_demand"": 0.45, ""program_fit"": 0.2}, ""recruitment"": {""country_opportunity"": 0.4, ""friendliness"": 0.3, ""labor_demand"": 0.1, ""program_fit"": 0.2}}",uncertainty_adjusted_management_priority_index_not_predicted_student_count,not_identified_ex_ante,,,,"incremental qualified applications, offers and enrolments attributable to the recruitment intervention",requires_prospective_campaign_evaluation,24,pre_registered_country_program_campaign_with_matched_comparison_or_stepped_wedge_rollout,qualified_leads;applications;offers;enrolments;yield;cost_per_enrolment,relative_record_level_program_demand_not_search_totals,ppml_russia_inbound_structural_allocation_v3;friendliness_receptivity_ex_ante_v4;trudvsem_program_demand_v5;mgimo_program_profiles,calculated_uncertainty_aware_scenario_ensemble_v5,employer_linked_program_campaign_and_case_competitions,5,5.0,5.0,5.0,7.0,5.0,7.0,2.0,1284,29046,0.04420574261516216
country_program_priority_evidence_v5,AZE,Azerbaijan,Europe & Central Asia,digital_analytics,digital_analytics,Цифровая аналитика и Data/AI,english_plus_russian_preparatory_year,No broad Russian or English functional-language signal is available in CLDR.,15116.55996574624,15116.55996574624,8152.10522003389,13587.33892593225,18211.214328846352,1.0,1.0,5965.0,2023,22566.20697470832,22566.20697470832,7449.647008962082,100.0,100.0,100.0,100.0,point_score multiplied by probability of positive structural gap,65.98981332659201,38.489813326592014,93.489813326592,0.45,limited,False,51.329791009164815,"{""digital_finance_business_informatics"": 0.5506126980610637, ""economic_legal"": 0.3640387582139859}",calculated_from_existing_mgimo_country_profile_scores,80.99834319526626,80.86266231881814,84.12359954610515,6,1284,75.86965603698917,75.91718808964043,75.05960956043384,67.79038439901657,75.4646327987115,75.4646327987115,67.79038439901657,75.91718808964043,67.79038439901657,75.91718808964043,8.12680369062386,62.60826396345356,84.48458421865959,21.876320255206032,B_targeted_validation,"{""academic_fit"": 67.79038439901657, ""balanced"": 75.86965603698917, ""labor_market"": 75.05960956043384, ""recruitment"": 75.91718808964043}","{""academic_fit"": 62.60826396345356, ""balanced"": 68.22563931107791, ""labor_market"": 69.28737405926336, ""recruitment"": 64.77554660999049}","{""academic_fit"": 71.78129108315842, ""balanced"": 82.18959314347256, ""labor_market"": 80.37536176395099, ""recruitment"": 84.48458421865959}","{""academic_fit"": {""country_opportunity"": 0.25, ""friendliness"": 0.15, ""labor_demand"": 0.15, ""program_fit"": 0.45}, ""balanced"": {""country_opportunity"": 0.3, ""friendliness"": 0.2, ""labor_demand"": 0.3, ""program_fit"": 0.2}, ""labor_market"": {""country_opportunity"": 0.2, ""friendliness"": 0.15, ""labor_demand"": 0.45, ""program_fit"": 0.2}, ""recruitment"": {""country_opportunity"": 0.4, ""friendliness"": 0.3, ""labor_demand"": 0.1, ""program_fit"": 0.2}}",uncertainty_adjusted_management_priority_index_not_predicted_student_count,not_identified_ex_ante,,,,"incremental qualified applications, offers and enrolments attributable to the recruitment intervention",requires_prospective_campaign_evaluation,24,pre_registered_country_program_campaign_with_matched_comparison_or_stepped_wedge_rollout,qualified_leads;applications;offers;enrolments;yield;cost_per_enrolment,relative_record_level_program_demand_not_search_totals,ppml_russia_inbound_structural_allocation_v3;friendliness_receptivity_ex_ante_v4;trudvsem_program_demand_v5;mgimo_program_profiles,calculated_uncertainty_aware_scenario_ensemble_v5,employer_linked_program_campaign_and_case_competitions,6,6.0,6.0,7.0,16.0,6.0,16.0,10.0,1284,29046,0.04420574261516216
country_program_priority_evidence_v5,ARE,United Arab Emirates,Middle East & North Africa,international_economics,international_economics,Международная экономика и ВЭД,english_with_optional_russian_preparatory_module,CLDR indicates a material functional English-language environment.,422.2036215977997,422.2036215977997,152.4241827480876,386.14354791454286,893.5732988371658,1.0,0.585,81.0,2023,467.7814424420436,467.7814424420436,45.5778208442438,86.74034870599367,86.74034870599367,72.18794126743218,97.47549294327301,point_score multiplied by probability of positive structural gap,63.64058148283527,36.14058148283527,91.14058148283527,0.45,limited,False,80.56457452755672,"{""economic_legal"": 0.793380405985645, ""energy_logistics"": 0.8424417631453338}",calculated_from_existing_mgimo_country_profile_scores,63.80753253946275,63.58040409631885,64.03323363437521,6,723,73.54064675142317,75.78317713479096,71.35527259524996,76.7315171421031,74.66191194310707,74.66191194310707,71.35527259524996,76.7315171421031,71.35527259524996,76.7315171421031,5.376244546853144,59.664971714509285,88.2996589403543,28.63468722584502,B_targeted_validation,"{""academic_fit"": 76.7315171421031, ""balanced"": 73.54064675142317, ""labor_market"": 71.35527259524996, ""recruitment"": 75.78317713479096}","{""academic_fit"": 67.4460680353145, ""balanced"": 62.274574341282204, ""labor_market"": 63.22509541527099, ""recruitment"": 59.664971714509285}","{""academic_fit"": 83.33440146124006, ""balanced"": 81.8103375694835, ""labor_market"": 77.12996303479409, ""recruitment"": 88.2996589403543}","{""academic_fit"": {""country_opportunity"": 0.25, ""friendliness"": 0.15, ""labor_demand"": 0.15, ""program_fit"": 0.45}, ""balanced"": {""country_opportunity"": 0.3, ""friendliness"": 0.2, ""labor_demand"": 0.3, ""program_fit"": 0.2}, ""labor_market"": {""country_opportunity"": 0.2, ""friendliness"": 0.15, ""labor_demand"": 0.45, ""program_fit"": 0.2}, ""recruitment"": {""country_opportunity"": 0.4, ""friendliness"": 0.3, ""labor_demand"": 0.1, ""program_fit"": 0.2}}",uncertainty_adjusted_management_priority_index_not_predicted_student_count,not_identified_ex_ante,,,,"incremental qualified applications, offers and enrolments attributable to the recruitment intervention",requires_prospective_campaign_evaluation,24,pre_registered_country_program_campaign_with_matched_comparison_or_stepped_wedge_rollout,qualified_leads;applications;offers;enrolments;yield;cost_per_enrolment,relative_record_level_program_demand_not_search_totals,ppml_russia_inbound_structural_allocation_v3;friendliness_receptivity_ex_ante_v4;trudvsem_program_demand_v5;mgimo_program_profiles,calculated_uncertainty_aware_scenario_ensemble_v5,targeted_digital_campaign_with_local_partner_validation,7,10.0,7.0,14.0,2.0,2.0,14.0,12.0,723,29046,0.024891551332369345
country_program_priority_evidence_v5,OMN,Oman,Middle East & North Africa,digital_analytics,digital_analytics,Цифровая аналитика и Data/AI,english_plus_russian_preparatory_year,No broad Russian or English functional-language signal is available in CLDR.,502.2737759432396,502.2737759432396,181.76656300783029,459.8299838341703,1134.674504600226,1.0,0.7316666666666667,24.0,2023,525.6770071533053,525.6770071533053,23.403231210065687,89.22560124148004,89.22560124148004,74.69789611085542,100.0,point_score multiplied by probability of positive structural gap,64.2690828943247,36.76908289432469,91.7690828943247,0.45,limited,False,58.22142183561647,"{""digital_finance_business_informatics"": 0.5899268177911736, ""economic_legal"": 0.5513638206161292}",calculated_from_existing_mgimo_country_profile_scores,80.99834319526626,80.86266231881814,84.12359954610515,6,1284,74.79220772461197,73.80725728115895,74.93052242734699,69.4070257220753,74.29973250288546,74.29973250288546,69.4070257220753,74.93052242734699,69.4070257220753,74.93052242734699,5.523496705271683,58.37910521550297,86.12493729308736,27.74583207758439,B_targeted_validation,"{""academic_fit"": 69.4070257220753, ""balanced"": 74.79220772461197, ""labor_market"": 74.93052242734699, ""recruitment"": 73.80725728115895}","{""academic_fit"": 61.17843986193885, ""balanced"": 63.57005428001007, ""labor_market"": 66.59632423121413, ""recruitment"": 58.37910521550297}","{""academic_fit"": 75.68197025389047, ""balanced"": 83.93951412231036, ""labor_market"": 82.16212203868436, ""recruitment"": 86.12493729308736}","{""academic_fit"": {""country_opportunity"": 0.25, ""friendliness"": 0.15, ""labor_demand"": 0.15, ""program_fit"": 0.45}, ""balanced"": {""country_opportunity"": 0.3, ""friendliness"": 0.2, ""labor_demand"": 0.3, ""program_fit"": 0.2}, ""labor_market"": {""country_opportunity"": 0.2, ""friendliness"": 0.15, ""labor_demand"": 0.45, ""program_fit"": 0.2}, ""recruitment"": {""country_opportunity"": 0.4, ""friendliness"": 0.3, ""labor_demand"": 0.1, ""program_fit"": 0.2}}",uncertainty_adjusted_management_priority_index_not_predicted_student_count,not_identified_ex_ante,,,,"incremental qualified applications, offers and enrolments attributable to the recruitment intervention",requires_prospective_campaign_evaluation,24,pre_registered_country_program_campaign_with_matched_comparison_or_stepped_wedge_rollout,qualified_leads;applications;offers;enrolments;yield;cost_per_enrolment,relative_record_level_program_demand_not_search_totals,ppml_russia_inbound_structural_allocation_v3;friendliness_receptivity_ex_ante_v4;trudvsem_program_demand_v5;mgimo_program_profiles,calculated_uncertainty_aware_scenario_ensemble_v5,employer_linked_program_campaign_and_case_competitions,8,7.0,9.0,8.0,9.0,7.0,9.0,2.0,1284,29046,0.04420574261516216
country_program_priority_evidence_v5,DJI,Djibouti,Middle East & North Africa,digital_analytics,digital_analytics,Цифровая аналитика и Data/AI,english_plus_russian_preparatory_year,No broad Russian or English functional-language signal is available in CLDR.,239.3738803499215,239.3738803499215,50.49768958489623,219.4528350835213,743.5658002040125,1.0,0.1883333333333333,25.0,2023,271.619502406588,271.619502406588,32.24562205666646,78.62749291035662,78.62749291035662,56.530848916296335,94.84302000290357,point_score multiplied by probability of positive structural gap,63.19730844112152,35.69730844112152,90.69730844112152,0.45,limited,False,69.82138419295816,"{""digital_finance_business_informatics"": 0.7338958180338613, ""economic_legal"": 0.5554859375124632}",calculated_from_existing_mgimo_country_profile_scores,80.99834319526626,80.86266231881814,84.12359954610515,6,1284,74.41753976874597,72.4056203763158,75.55512433887097,72.73051389316178,73.57402683095387,73.57402683095387,72.4056203763158,75.55512433887097,72.4056203763158,75.55512433887097,3.1495039625551726,53.74903500367005,87.10592133823003,33.35688633455998,B_targeted_validation,"{""academic_fit"": 72.73051389316178, ""balanced"": 74.41753976874597, ""labor_market"": 75.55512433887097, ""recruitment"": 72.4056203763158}","{""academic_fit"": 61.64329120862179, ""balanced"": 60.33014163538013, ""labor_market"": 65.05421426063977, ""recruitment"": 53.74903500367005}","{""academic_fit"": 80.81718491911337, ""balanced"": 85.44093001035718, ""labor_market"": 84.12006227686408, ""recruitment"": 87.10592133823003}","{""academic_fit"": {""country_opportunity"": 0.25, ""friendliness"": 0.15, ""labor_demand"": 0.15, ""program_fit"": 0.45}, ""balanced"": {""country_opportunity"": 0.3, ""friendliness"": 0.2, ""labor_demand"": 0.3, ""program_fit"": 0.2}, ""labor_market"": {""country_opportunity"": 0.2, ""friendliness"": 0.15, ""labor_demand"": 0.45, ""program_fit"": 0.2}, ""recruitment"": {""country_opportunity"": 0.4, ""friendliness"": 0.3, ""labor_demand"": 0.1, ""program_fit"": 0.2}}",uncertainty_adjusted_management_priority_index_not_predicted_student_count,not_identified_ex_ante,,,,"incremental qualified applications, offers and enrolments attributable to the recruitment intervention",requires_prospective_campaign_evaluation,24,pre_registered_country_program_campaign_with_matched_comparison_or_stepped_wedge_rollout,qualified_leads;applications;offers;enrolments;yield;cost_per_enrolment,relative_record_level_program_demand_not_search_totals,ppml_russia_inbound_structural_allocation_v3;friendliness_receptivity_ex_ante_v4;trudvsem_program_demand_v5;mgimo_program_profiles,calculated_uncertainty_aware_scenario_ensemble_v5,employer_linked_program_campaign_and_case_competitions,9,8.0,15.0,6.0,6.0,6.0,15.0,9.0,1284,29046,0.04420574261516216
country_program_priority_evidence_v5,KWT,Kuwait,Middle East & North Africa,digital_analytics,digital_analytics,Цифровая аналитика и Data/AI,english_plus_russian_preparatory_year,No broad Russian or English functional-language signal is available in CLDR.,426.5126688777632,426.5126688777632,166.10656193694516,401.9018406801363,914.5455521053924,1.0,0.6533333333333333,8.0,2023,432.9517961166805,432.9517961166805,6.439127238917247,86.88564352408495,86.88564352408495,73.41313797911597,97.8078518624332,point_score multiplied by probability of positive structural gap,63.39358801580428,35.89358801580428,90.89358801580428,0.45,limited,False,58.989951838628066,"{""digital_finance_business_informatics"": 0.5941730167153727, ""economic_legal"": 0.572805525069912}",calculated_from_existing_mgimo_country_profile_scores,80.99834319526626,80.86266231881814,84.12359954610515,6,1284,74.1958745360405,72.92808318252426,74.57900670495971,69.2134658164706,73.56197885928239,73.56197885928239,69.2134658164706,74.57900670495971,69.2134658164706,74.57900670495971,5.365540888489107,57.722885262499645,85.34959656621957,27.62671130371993,B_targeted_validation,"{""academic_fit"": 69.2134658164706, ""balanced"": 74.1958745360405, ""labor_market"": 74.57900670495971, ""recruitment"": 72.92808318252426}","{""academic_fit"": 61.05649585107784, ""balanced"": 63.11101322738993, ""labor_market"": 66.30641168915575, ""recruitment"": 57.722885262499645}","{""academic_fit"": 75.59831225966668, ""balanced"": 83.44566921387812, ""labor_market"": 81.89698104514194, ""recruitment"": 85.34959656621957}","{""academic_fit"": {""country_opportunity"": 0.25, ""friendliness"": 0.15, ""labor_demand"": 0.15, ""program_fit"": 0.45}, ""balanced"": {""country_opportunity"": 0.3, ""friendliness"": 0.2, ""labor_demand"": 0.3, ""program_fit"": 0.2}, ""labor_market"": {""country_opportunity"": 0.2, ""friendliness"": 0.15, ""labor_demand"": 0.45, ""program_fit"": 0.2}, ""recruitment"": {""country_opportunity"": 0.4, ""friendliness"": 0.3, ""labor_demand"": 0.1, ""program_fit"": 0.2}}",uncertainty_adjusted_management_priority_index_not_predicted_student_count,not_identified_ex_ante,,,,"incremental qualified applications, offers and enrolments attributable to the recruitment intervention",requires_prospective_campaign_evaluation,24,pre_registered_country_program_campaign_with_matched_comparison_or_stepped_wedge_rollout,qualified_leads;applications;offers;enrolments;yield;cost_per_enrolment,relative_record_level_program_demand_not_search_totals,ppml_russia_inbound_structural_allocation_v3;friendliness_receptivity_ex_ante_v4;trudvsem_program_demand_v5;mgimo_program_profiles,calculated_uncertainty_aware_scenario_ensemble_v5,employer_linked_program_campaign_and_case_competitions,10,9.0,12.0,9.0,10.0,9.0,12.0,3.0,1284,29046,0.04420574261516216
country_program_priority_evidence_v5,PHL,Philippines,East Asia & Pacific,digital_analytics,digital_analytics,Цифровая аналитика и Data/AI,english_with_optional_russian_preparatory_module,CLDR indicates a material functional English-language environment.,484.6717004001166,484.6717004001166,143.8475030575797,449.92736014501145,1267.60317230366,1.0,0.835,17.0,2023,506.4046398544305,506.4046398544305,21.732939454313914,88.71499361028283,88.71499361028283,71.3628978535519,100.0,point_score multiplied by probability of positive structural gap,63.19143211840076,35.691432118400755,90.69143211840075,0.45,limited,False,53.96809944758826,"{""digital_finance_business_informatics"": 0.5678518476043667, ""economic_legal"": 0.4269975819619459}",calculated_from_existing_mgimo_country_profile_scores,80.99834319526626,80.86266231881814,84.12359954610515,6,1284,73.31573889130738,72.18889762926699,73.55422453035615,66.85548285201432,72.75231826028718,72.75231826028718,66.85548285201432,73.55422453035615,66.85548285201432,73.55422453035615,6.6987416783418325,55.99962722464043,84.55376386967549,28.554136645035065,B_targeted_validation,"{""academic_fit"": 66.85548285201432, ""balanced"": 73.31573889130738, ""labor_market"": 73.55422453035615, ""recruitment"": 72.18889762926699}","{""academic_fit"": 58.24451289077661, ""balanced"": 61.43194242936778, ""labor_market"": 64.74068632002364, ""recruitment"": 55.99962722464043}","{""academic_fit"": 73.05763422063953, ""balanced"": 82.5045553002989, ""labor_market"": 80.80474230753345, ""recruitment"": 84.55376386967549}","{""academic_fit"": {""country_opportunity"": 0.25, ""friendliness"": 0.15, ""labor_demand"": 0.15, ""program_fit"": 0.45}, ""balanced"": {""country_opportunity"": 0.3, ""friendliness"": 0.2, ""labor_demand"": 0.3, ""program_fit"": 0.2}, ""labor_market"": {""country_opportunity"": 0.2, ""friendliness"": 0.15, ""labor_demand"": 0.45, ""program_fit"": 0.2}, ""recruitment"": {""country_opportunity"": 0.4, ""friendliness"": 0.3, ""labor_demand"": 0.1, ""program_fit"": 0.2}}",uncertainty_adjusted_management_priority_index_not_predicted_student_count,not_identified_ex_ante,,,,"incremental qualified applications, offers and enrolments attributable to the recruitment intervention",requires_prospective_campaign_evaluation,24,pre_registered_country_program_campaign_with_matched_comparison_or_stepped_wedge_rollout,qualified_leads;applications;offers;enrolments;yield;cost_per_enrolment,relative_record_level_program_demand_not_search_totals,ppml_russia_inbound_structural_allocation_v3;friendliness_receptivity_ex_ante_v4;trudvsem_program_demand_v5;mgimo_program_profiles,calculated_uncertainty_aware_scenario_ensemble_v5,employer_linked_program_campaign_and_case_competitions,11,11.0,16.0,11.0,17.0,11.0,17.0,6.0,1284,29046,0.04420574261516216
country_program_priority_evidence_v5,BIH,Bosnia and Herzegovina,Europe & Central Asia,digital_analytics,digital_analytics,Цифровая аналитика и Data/AI,english_with_optional_russian_preparatory_module,CLDR indicates a material functional English-language environment.,476.02545396448784,476.02545396448784,100.21274267780932,430.9251875292698,1327.387180204779,1.0,0.6616666666666666,74.0,2023,545.5627494733623,545.5627494733623,69.53729550887442,88.45736179088952,88.45736179088952,66.22178952691061,100.0,point_score multiplied by probability of positive structural gap,59.6292197732562,32.1292197732562,87.12921977325621,0.45,limited,False,57.27775903816802,"{""digital_finance_business_informatics"": 0.5999284567269082, ""economic_legal"": 0.4641741250007679}",calculated_from_existing_mgimo_country_profile_scores,80.99834319526626,80.86266231881814,84.12359954610515,6,1284,73.27265695226541,71.71512024333502,73.74235346628225,68.00361278729105,72.49388859780021,72.49388859780021,68.00361278729105,73.74235346628225,68.00361278729105,73.74235346628225,5.738740678991206,53.35254879045528,84.53736754778915,31.184818757333865,B_targeted_validation,"{""academic_fit"": 68.00361278729105, ""balanced"": 73.27265695226541, ""labor_market"": 73.74235346628225, ""recruitment"": 71.71512024333502}","{""academic_fit"": 57.81319674371919, ""balanced"": 59.566244086018614, ""labor_market"": 63.56258178934699, ""recruitment"": 53.35254879045528}","{""academic_fit"": 74.56083019182344, ""balanced"": 82.81606402648639, ""labor_market"": 81.27069045654068, ""recruitment"": 84.53736754778915}","{""academic_fit"": {""country_opportunity"": 0.25, ""friendliness"": 0.15, ""labor_demand"": 0.15, ""program_fit"": 0.45}, ""balanced"": {""country_opportunity"": 0.3, ""friendliness"": 0.2, ""labor_demand"": 0.3, ""program_fit"": 0.2}, ""labor_market"": {""country_opportunity"": 0.2, ""friendliness"": 0.15, ""labor_demand"": 0.45, ""program_fit"": 0.2}, ""recruitment"": {""country_opportunity"": 0.4, ""friendliness"": 0.3, ""labor_demand"": 0.1, ""program_fit"": 0.2}}",uncertainty_adjusted_management_priority_index_not_predicted_student_count,not_identified_ex_ante,,,,"incremental qualified applications, offers and enrolments attributable to the recruitment intervention",requires_prospective_campaign_evaluation,24,pre_registered_country_program_campaign_with_matched_comparison_or_stepped_wedge_rollout,qualified_leads;applications;offers;enrolments;yield;cost_per_enrolment,relative_record_level_program_demand_not_search_totals,ppml_russia_inbound_structural_allocation_v3;friendliness_receptivity_ex_ante_v4;trudvsem_program_demand_v5;mgimo_program_profiles,calculated_uncertainty_aware_scenario_ensemble_v5,employer_linked_program_campaign_and_case_competitions,12,12.0,17.0,10.0,15.0,10.0,17.0,7.0,1284,29046,0.04420574261516216
country_program_priority_evidence_v5,VEN,"Venezuela, Bolivarian Republic of",Latin America & Caribbean,digital_analytics,digital_analytics,Цифровая аналитика и Data/AI,english_plus_russian_preparatory_year,No broad Russian or English functional-language signal is available in CLDR.,735.3116014831353,735.3116014831353,140.5942067213212,668.9637176868814,1953.146147813945,0.9983333333333332,0.885,153.0,2023,886.8145213958945,886.8145213958945,151.5029199127592,94.6831340853919,94.52532886191624,71.03709420528718,100.0,point_score multiplied by probability of positive structural gap,66.4158160638801,38.9158160638801,93.91581606388011,0.45,limited,False,40.539606700547296,"{""digital_finance_business_informatics"": 0.4693511971142668, ""economic_legal"": 0.1495755465702976}",calculated_from_existing_mgimo_country_profile_scores,80.99834319526626,80.86266231881814,84.12359954610515,6,1284,71.33465203757919,71.02766953442455,70.94493004437543,60.31167134672276,70.9862997894,70.9862997894,60.31167134672276,71.33465203757919,60.31167134672276,71.33465203757919,11.022980690856429,51.94100822816837,80.78044208657205,28.83943385840368,B_targeted_validation,"{""academic_fit"": 60.31167134672276, ""balanced"": 71.33465203757919, ""labor_market"": 70.94493004437543, ""recruitment"": 71.02766953442455}","{""academic_fit"": 51.94100822816837, ""balanced"": 58.991945634795215, ""labor_market"": 61.93593960195, ""recruitment"": 54.20578859598532}","{""academic_fit"": 64.74039214760737, ""balanced"": 78.55073002927487, ""labor_market"": 76.79954656836394, ""recruitment"": 80.78044208657205}","{""academic_fit"": {""country_opportunity"": 0.25, ""friendliness"": 0.15, ""labor_demand"": 0.15, ""program_fit"": 0.45}, ""balanced"": {""country_opportunity"": 0.3, ""friendliness"": 0.2, ""labor_demand"": 0.3, ""program_fit"": 0.2}, ""labor_market"": {""country_opportunity"": 0.2, ""friendliness"": 0.15, ""labor_demand"": 0.45, ""program_fit"": 0.2}, ""recruitment"": {""country_opportunity"": 0.4, ""friendliness"": 0.3, ""labor_demand"": 0.1, ""program_fit"": 0.2}}",uncertainty_adjusted_management_priority_index_not_predicted_student_count,not_identified_ex_ante,,,,"incremental qualified applications, offers and enrolments attributable to the recruitment intervention",requires_prospective_campaign_evaluation,24,pre_registered_country_program_campaign_with_matched_comparison_or_stepped_wedge_rollout,qualified_leads;applications;offers;enrolments;yield;cost_per_enrolment,relative_record_level_program_demand_not_search_totals,ppml_russia_inbound_structural_allocation_v3;friendliness_receptivity_ex_ante_v4;trudvsem_program_demand_v5;mgimo_program_profiles,calculated_uncertainty_aware_scenario_ensemble_v5,employer_linked_program_campaign_and_case_competitions,13,14.0,20.0,16.0,36.0,14.0,36.0,22.0,1284,29046,0.04420574261516216
country_program_priority_evidence_v5,ARE,United Arab Emirates,Middle East & North Africa,languages_regional,languages_regional,Иностранные языки и регионоведение,english_with_optional_russian_preparatory_module_plus_target_region_language,CLDR indicates a material functional English-language environment.,422.2036215977997,422.2036215977997,152.4241827480876,386.14354791454286,893.5732988371658,1.0,0.585,81.0,2023,467.7814424420436,467.7814424420436,45.5778208442438,86.74034870599367,86.74034870599367,72.18794126743218,97.47549294327301,point_score multiplied by probability of positive structural gap,63.64058148283527,36.14058148283527,91.14058148283527,0.45,limited,False,76.7033105513995,"{""diplomatic_analytic"": 0.7604462803960823, ""economic_legal"": 0.793380405985645}",calculated_from_existing_mgimo_country_profile_scores,52.68428650749584,48.864850295110166,52.853722353772,5,542,68.83059821243242,73.6516648126557,64.92521904763221,72.98424442023106,70.90742131633175,70.90742131633175,64.92521904763221,73.6516648126557,64.92521904763221,73.6516648126557,8.726445765023485,55.736446351846936,85.81330988512288,30.07686353327594,B_targeted_validation,"{""academic_fit"": 72.98424442023106, ""balanced"": 68.83059821243242, ""labor_market"": 64.92521904763221, ""recruitment"": 73.6516648126557}","{""academic_fit"": 63.47939467176222, ""balanced"": 57.06981774150939, ""labor_market"": 55.736446351846936, ""recruitment"": 57.58062899167024}","{""academic_fit"": 79.26080036625713, ""balanced"": 76.56316665052766, ""labor_market"": 70.16925778675646, ""recruitment"": 85.81330988512288}","{""academic_fit"": {""country_opportunity"": 0.25, ""friendliness"": 0.15, ""labor_demand"": 0.15, ""program_fit"": 0.45}, ""balanced"": {""country_opportunity"": 0.3, ""friendliness"": 0.2, ""labor_demand"": 0.3, ""program_fit"": 0.2}, ""labor_market"": {""country_opportunity"": 0.2, ""friendliness"": 0.15, ""labor_demand"": 0.45, ""program_fit"": 0.2}, ""recruitment"": {""country_opportunity"": 0.4, ""friendliness"": 0.3, ""labor_demand"": 0.1, ""program_fit"": 0.2}}",uncertainty_adjusted_management_priority_index_not_predicted_student_count,not_identified_ex_ante,,,,"incremental qualified applications, offers and enrolments attributable to the recruitment intervention",requires_prospective_campaign_evaluation,24,pre_registered_country_program_campaign_with_matched_comparison_or_stepped_wedge_rollout,qualified_leads;applications;offers;enrolments;yield;cost_per_enrolment,relative_record_level_program_demand_not_search_totals,ppml_russia_inbound_structural_allocation_v3;friendliness_receptivity_ex_ante_v4;trudvsem_program_demand_v5;mgimo_program_profiles,calculated_uncertainty_aware_scenario_ensemble_v5,targeted_digital_campaign_with_local_partner_validation,14,23.0,10.0,31.0,5.0,5.0,31.0,26.0,542,29046,0.018660056462163465
country_program_priority_evidence_v5,QAT,Qatar,Middle East & North Africa,digital_analytics,digital_analytics,Цифровая аналитика и Data/AI,english_plus_russian_preparatory_year,No broad Russian or English functional-language signal is available in CLDR.,181.741219289879,181.741219289879,63.374058751366526,164.42780274329073,405.2775387971988,1.0,0.05,7.0,2023,188.09570631430216,188.09570631430216,6.354487024423151,74.69590716206966,74.69590716206966,59.73168254284648,86.15493872150051,point_score multiplied by probability of positive structural gap,63.28068332224216,35.780683322242155,90.78068332224215,0.45,limited,False,63.45495636621682,"{""digital_finance_business_informatics"": 0.6384705490285852, ""economic_legal"": 0.6188656221964999}",calculated_from_existing_mgimo_country_profile_scores,80.99834319526626,80.86266231881814,84.12359954610515,6,1284,71.94642677895601,69.65679728404305,73.41228249438625,68.84856670244007,70.80161203149953,70.80161203149953,68.84856670244007,73.41228249438625,68.84856670244007,73.41228249438625,4.56371579194618,53.93746605432188,82.31463840481044,28.377172350488557,B_targeted_validation,"{""academic_fit"": 68.84856670244007, ""balanced"": 71.94642677895601, ""labor_market"": 73.41228249438625, ""recruitment"": 69.65679728404305}","{""academic_fit"": 59.91059691185142, ""balanced"": 60.20106883659116, ""labor_market"": 64.55718141042777, ""recruitment"": 53.93746605432188}","{""academic_fit"": 75.65491717050095, ""balanced"": 81.50471663668753, ""labor_market"": 81.00717262194398, ""recruitment"": 82.31463840481044}","{""academic_fit"": {""country_opportunity"": 0.25, ""friendliness"": 0.15, ""labor_demand"": 0.15, ""program_fit"": 0.45}, ""balanced"": {""country_opportunity"": 0.3, ""friendliness"": 0.2, ""labor_demand"": 0.3, ""program_fit"": 0.2}, ""labor_market"": {""country_opportunity"": 0.2, ""friendliness"": 0.15, ""labor_demand"": 0.45, ""program_fit"": 0.2}, ""recruitment"": {""country_opportunity"": 0.4, ""friendliness"": 0.3, ""labor_demand"": 0.1, ""program_fit"": 0.2}}",uncertainty_adjusted_management_priority_index_not_predicted_student_count,not_identified_ex_ante,,,,"incremental qualified applications, offers and enrolments attributable to the recruitment intervention",requires_prospective_campaign_evaluation,24,pre_registered_country_program_campaign_with_matched_comparison_or_stepped_wedge_rollout,qualified_leads;applications;offers;enrolments;yield;cost_per_enrolment,relative_record_level_program_demand_not_search_totals,ppml_russia_inbound_structural_allocation_v3;friendliness_receptivity_ex_ante_v4;trudvsem_program_demand_v5;mgimo_program_profiles,calculated_uncertainty_aware_scenario_ensemble_v5,employer_linked_program_campaign_and_case_competitions,15,13.0,28.0,12.0,12.0,12.0,28.0,16.0,1284,29046,0.04420574261516216
country_program_priority_evidence_v5,PRK,"Korea, Democratic People's Republic of",East Asia & Pacific,digital_analytics,digital_analytics,Цифровая аналитика и Data/AI,english_plus_russian_preparatory_year,No broad Russian or English functional-language signal is available in CLDR.,1024.2065489485078,1024.2065489485078,-0.7712516888885251,905.376511203234,5975.747172344155,0.9733333333333334,0.8183333333333334,136.0,2023,1150.3121619755332,1150.3121619755332,126.10561302702531,99.43038981322665,96.77891275154062,0.0,100.0,point_score multiplied by probability of positive structural gap,70.01277546029631,42.51277546029631,97.51277546029633,0.45,limited,False,34.47298380348161,"{""digital_finance_business_informatics"": 0.3511206775443546, ""economic_legal"": 0.3191664799966621}",calculated_from_existing_mgimo_country_profile_scores,80.99834319526626,80.86266231881814,84.12359954610515,6,1284,70.32998942247214,70.55660990382091,69.6017195086187,56.946250749592664,69.96585446554542,69.96585446554542,56.946250749592664,70.55660990382091,56.946250749592664,70.55660990382091,13.610359154228249,9.739839324171598,79.14791602421802,69.40807670004642,C_monitor_and_test,"{""academic_fit"": 56.946250749592664, ""balanced"": 70.32998942247214, ""labor_market"": 69.6017195086187, ""recruitment"": 70.55660990382091}","{""academic_fit"": 16.822401653285887, ""balanced"": 16.117856573414407, ""labor_market"": 25.842785759832882, ""recruitment"": 9.739839324171598}","{""academic_fit"": 60.637923970941664, ""balanced"": 76.67752520857385, ""labor_market"": 74.82880665819128, ""recruitment"": 79.14791602421802}","{""academic_fit"": {""country_opportunity"": 0.25, ""friendliness"": 0.15, ""labor_demand"": 0.15, ""program_fit"": 0.45}, ""balanced"": {""country_opportunity"": 0.3, ""friendliness"": 0.2, ""labor_demand"": 0.3, ""program_fit"": 0.2}, ""labor_market"": {""country_opportunity"": 0.2, ""friendliness"": 0.15, ""labor_demand"": 0.45, ""program_fit"": 0.2}, ""recruitment"": {""country_opportunity"": 0.4, ""friendliness"": 0.3, ""labor_demand"": 0.1, ""program_fit"": 0.2}}",uncertainty_adjusted_management_priority_index_not_predicted_student_count,not_identified_ex_ante,,,,"incremental qualified applications, offers and enrolments attributable to the recruitment intervention",requires_prospective_campaign_evaluation,24,pre_registered_country_program_campaign_with_matched_comparison_or_stepped_wedge_rollout,qualified_leads;applications;offers;enrolments;yield;cost_per_enrolment,relative_record_level_program_demand_not_search_totals,ppml_russia_inbound_structural_allocation_v3;friendliness_receptivity_ex_ante_v4;trudvsem_program_demand_v5;mgimo_program_profiles,calculated_uncertainty_aware_scenario_ensemble_v5,employer_linked_program_campaign_and_case_competitions,16,17.0,24.0,18.0,56.0,17.0,56.0,39.0,1284,29046,0.04420574261516216
country_program_priority_evidence_v5,THA,Thailand,East Asia & Pacific,digital_analytics,digital_analytics,Цифровая аналитика и Data/AI,english_with_optional_russian_preparatory_module,CLDR indicates a material functional English-language environment.,222.9823261229627,222.9823261229627,-35.88656602940428,196.96835921580677,897.5067334467701,0.915,0.12,130.0,2023,362.2327664029911,362.2327664029911,139.25044028002836,77.61451665790797,71.0172827419858,0.0,97.53841789027449,point_score multiplied by probability of positive structural gap,63.36552884934288,35.86552884934287,90.86552884934288,0.45,limited,False,64.41862220980187,"{""digital_finance_business_informatics"": 0.6582287035376625, ""economic_legal"": 0.5880162963394429}",calculated_from_existing_mgimo_country_profile_scores,80.99834319526626,80.86266231881814,84.12359954610515,6,1284,71.10859796036249,68.51254614948073,72.91494242340461,68.4655653738899,69.81057205492161,69.81057205492161,68.4655653738899,72.91494242340461,68.4655653738899,72.91494242340461,4.449377049514709,10.474025618785792,86.73850065055507,76.26447503176928,C_monitor_and_test,"{""academic_fit"": 68.4655653738899, ""balanced"": 71.10859796036249, ""labor_market"": 72.91494242340461, ""recruitment"": 68.51254614948073}","{""academic_fit"": 21.612260971790896, ""balanced"": 17.622550261410876, ""labor_market"": 28.490535629207063, ""recruitment"": 10.474025618785792}","{""academic_fit"": 78.54635449858564, ""balanced"": 84.82934042930013, ""labor_market"": 83.27898047380972, ""recruitment"": 86.73850065055507}","{""academic_fit"": {""country_opportunity"": 0.25, ""friendliness"": 0.15, ""labor_demand"": 0.15, ""program_fit"": 0.45}, ""balanced"": {""country_opportunity"": 0.3, ""friendliness"": 0.2, ""labor_demand"": 0.3, ""program_fit"": 0.2}, ""labor_market"": {""country_opportunity"": 0.2, ""friendliness"": 0.15, ""labor_demand"": 0.45, ""program_fit"": 0.2}, ""recruitment"": {""country_opportunity"": 0.4, ""friendliness"": 0.3, ""labor_demand"": 0.1, ""program_fit"": 0.2}}",uncertainty_adjusted_management_priority_index_not_predicted_student_count,not_identified_ex_ante,,,,"incremental qualified applications, offers and enrolments attributable to the recruitment intervention",requires_prospective_campaign_evaluation,24,pre_registered_country_program_campaign_with_matched_comparison_or_stepped_wedge_rollout,qualified_leads;applications;offers;enrolments;yield;cost_per_enrolment,relative_record_level_program_demand_not_search_totals,ppml_russia_inbound_structural_allocation_v3;friendliness_receptivity_ex_ante_v4;trudvsem_program_demand_v5;mgimo_program_profiles,calculated_uncertainty_aware_scenario_ensemble_v5,employer_linked_program_campaign_and_case_competitions,17,15.0,37.0,13.0,14.0,13.0,37.0,24.0,1284,29046,0.04420574261516216
country_program_priority_evidence_v5,SRB,Serbia,Europe & Central Asia,international_economics,international_economics,Международная экономика и ВЭД,english_plus_russian_preparatory_year,No broad Russian or English functional-language signal is available in CLDR.,1862.9553713367163,1862.9553713367163,1003.314755628782,1669.0585884881532,2555.963289644219,1.0,1.0,360.0,2023,2193.7618868849218,2193.7618868849218,330.80651554820554,100.0,100.0,99.1351007594011,100.0,point_score multiplied by probability of positive structural gap,63.29199926677249,35.79199926677249,90.79199926677248,0.45,limited,False,54.44941305824869,"{""economic_legal"": 0.5462472873604773, ""energy_logistics"": 0.5392346602485153}",calculated_from_existing_mgimo_country_profile_scores,63.80753253946275,63.58040409631885,64.03323363437521,6,723,70.93710510395607,74.09624410379125,67.88554364335425,66.75440993109734,69.41132437365516,69.41132437365516,66.75440993109734,74.09624410379125,66.75440993109734,74.09624410379125,7.341834172693908,61.22897115773572,82.47865117130837,21.24968001357265,B_targeted_validation,"{""academic_fit"": 66.75440993109734, ""balanced"": 70.93710510395607, ""labor_market"": 67.88554364335425, ""recruitment"": 74.09624410379125}","{""academic_fit"": 61.22897115773572, ""balanced"": 63.21422584227522, ""labor_market"": 62.22768349277709, ""recruitment"": 62.435076007517495}","{""academic_fit"": 70.45367073685246, ""balanced"": 76.25283580519189, ""labor_market"": 71.72225291524536, ""recruitment"": 82.47865117130837}","{""academic_fit"": {""country_opportunity"": 0.25, ""friendliness"": 0.15, ""labor_demand"": 0.15, ""program_fit"": 0.45}, ""balanced"": {""country_opportunity"": 0.3, ""friendliness"": 0.2, ""labor_demand"": 0.3, ""program_fit"": 0.2}, ""labor_market"": {""country_opportunity"": 0.2, ""friendliness"": 0.15, ""labor_demand"": 0.45, ""program_fit"": 0.2}, ""recruitment"": {""country_opportunity"": 0.4, ""friendliness"": 0.3, ""labor_demand"": 0.1, ""program_fit"": 0.2}}",uncertainty_adjusted_management_priority_index_not_predicted_student_count,not_identified_ex_ante,,,,"incremental qualified applications, offers and enrolments attributable to the recruitment intervention",requires_prospective_campaign_evaluation,24,pre_registered_country_program_campaign_with_matched_comparison_or_stepped_wedge_rollout,qualified_leads;applications;offers;enrolments;yield;cost_per_enrolment,relative_record_level_program_demand_not_search_totals,ppml_russia_inbound_structural_allocation_v3;friendliness_receptivity_ex_ante_v4;trudvsem_program_demand_v5;mgimo_program_profiles,calculated_uncertainty_aware_scenario_ensemble_v5,targeted_digital_campaign_with_local_partner_validation,18,16.0,8.0,22.0,18.0,8.0,22.0,14.0,723,29046,0.024891551332369345
country_program_priority_evidence_v5,IDN,Indonesia,East Asia & Pacific,digital_analytics,digital_analytics,Цифровая аналитика и Data/AI,english_plus_russian_preparatory_year,No broad Russian or English functional-language signal is available in CLDR.,663.2562933239036,663.2562933239036,-101.0798443457751,590.7454114815195,2173.447978739426,0.93,0.7383333333333333,556.0,2023,1173.2003318727418,1173.2003318727418,509.9440385488382,93.20608366583559,86.6816578092271,0.0,100.0,point_score multiplied by probability of positive structural gap,62.392570439499806,44.892570439499806,79.89257043949979,0.65,moderate,True,43.48545787058187,"{""digital_finance_business_informatics"": 0.4612919831986176, ""economic_legal"": 0.3291049607346231}",calculated_from_existing_mgimo_country_profile_scores,80.99834319526626,80.86266231881814,84.12359954610515,6,1284,69.62160974716765,68.30897309078449,70.05224030858662,60.32265658808118,68.96529141897608,68.96529141897608,60.32265658808118,70.05224030858662,60.32265658808118,70.05224030858662,9.729583720505438,10.355081958847686,78.05996953387299,67.7048875750253,C_monitor_and_test,"{""academic_fit"": 60.32265658808118, ""balanced"": 69.62160974716765, ""labor_market"": 70.05224030858662, ""recruitment"": 68.30897309078449}","{""academic_fit"": 18.775909902472737, ""balanced"": 17.044979184910204, ""labor_market"": 27.256634828403946, ""recruitment"": 10.355081958847686}","{""academic_fit"": 65.18548351220004, ""balanced"": 77.12858652866439, ""labor_market"": 76.0142999617179, ""recruitment"": 78.05996953387299}","{""academic_fit"": {""country_opportunity"": 0.25, ""friendliness"": 0.15, ""labor_demand"": 0.15, ""program_fit"": 0.45}, ""balanced"": {""country_opportunity"": 0.3, ""friendliness"": 0.2, ""labor_demand"": 0.3, ""program_fit"": 0.2}, ""labor_market"": {""country_opportunity"": 0.2, ""friendliness"": 0.15, ""labor_demand"": 0.45, ""program_fit"": 0.2}, ""recruitment"": {""country_opportunity"": 0.4, ""friendliness"": 0.3, ""labor_demand"": 0.1, ""program_fit"": 0.2}}",uncertainty_adjusted_management_priority_index_not_predicted_student_count,not_identified_ex_ante,,,,"incremental qualified applications, offers and enrolments attributable to the recruitment intervention",requires_prospective_campaign_evaluation,24,pre_registered_country_program_campaign_with_matched_comparison_or_stepped_wedge_rollout,qualified_leads;applications;offers;enrolments;yield;cost_per_enrolment,relative_record_level_program_demand_not_search_totals,ppml_russia_inbound_structural_allocation_v3;friendliness_receptivity_ex_ante_v4;trudvsem_program_demand_v5;mgimo_program_profiles,calculated_uncertainty_aware_scenario_ensemble_v5,employer_linked_program_campaign_and_case_competitions,19,18.0,38.0,17.0,35.0,17.0,38.0,21.0,1284,29046,0.04420574261516216
country_program_priority_evidence_v5,PAK,Pakistan,Middle East & North Africa,digital_analytics,digital_analytics,Цифровая аналитика и Data/AI,english_with_optional_russian_preparatory_module,CLDR indicates a material functional English-language environment.,11806.213649600291,11806.213649600291,3534.5364509578976,11024.532333639392,28349.02915071837,1.0,1.0,636.0,2023,12249.822004136931,12249.822004136931,443.6083545366385,100.0,100.0,100.0,100.0,point_score multiplied by probability of positive structural gap,66.37628425283746,38.876284252837465,93.87628425283748,0.45,limited,False,32.04667925768267,"{""digital_finance_business_informatics"": 0.3516051024196577, ""economic_legal"": 0.1959135532055026}",calculated_from_existing_mgimo_country_profile_scores,80.99834319526626,80.86266231881814,84.12359954610515,6,1284,69.28568865024334,69.36898906303034,68.52622522531641,55.17131191172832,68.90595693777988,68.90595693777988,55.17131191172832,69.36898906303034,55.17131191172832,69.36898906303034,14.197677151302024,50.98431318048664,77.1587243750255,26.174411194538862,B_targeted_validation,"{""academic_fit"": 55.17131191172832, ""balanced"": 69.28568865024334, ""labor_market"": 68.52622522531641, ""recruitment"": 69.36898906303034}","{""academic_fit"": 50.98431318048664, ""balanced"": 62.3547151214229, ""labor_market"": 63.29425720967497, ""recruitment"": 59.25919290366855}","{""academic_fit"": 58.40467857723078, ""balanced"": 75.0321050550789, ""labor_market"": 73.36089265035113, ""recruitment"": 77.1587243750255}","{""academic_fit"": {""country_opportunity"": 0.25, ""friendliness"": 0.15, ""labor_demand"": 0.15, ""program_fit"": 0.45}, ""balanced"": {""country_opportunity"": 0.3, ""friendliness"": 0.2, ""labor_demand"": 0.3, ""program_fit"": 0.2}, ""labor_market"": {""country_opportunity"": 0.2, ""friendliness"": 0.15, ""labor_demand"": 0.45, ""program_fit"": 0.2}, ""recruitment"": {""country_opportunity"": 0.4, ""friendliness"": 0.3, ""labor_demand"": 0.1, ""program_fit"": 0.2}}",uncertainty_adjusted_management_priority_index_not_predicted_student_count,not_identified_ex_ante,,,,"incremental qualified applications, offers and enrolments attributable to the recruitment intervention",requires_prospective_campaign_evaluation,24,pre_registered_country_program_campaign_with_matched_comparison_or_stepped_wedge_rollout,qualified_leads;applications;offers;enrolments;yield;cost_per_enrolment,relative_record_level_program_demand_not_search_totals,ppml_russia_inbound_structural_allocation_v3;friendliness_receptivity_ex_ante_v4;trudvsem_program_demand_v5;mgimo_program_profiles,calculated_uncertainty_aware_scenario_ensemble_v5,employer_linked_program_campaign_and_case_competitions,20,20.0,29.0,21.0,69.0,20.0,69.0,49.0,1284,29046,0.04420574261516216
country_program_priority_evidence_v5,NPL,Nepal,South Asia,digital_analytics,digital_analytics,Цифровая аналитика и Data/AI,english_plus_russian_preparatory_year,No broad Russian or English functional-language signal is available in CLDR.,1075.5996140261825,1075.5996140261825,286.4172296092276,998.3002316758184,2764.8976282259064,1.0,0.99,94.0,2023,1174.2304663495102,1174.2304663495102,98.6308523233276,100.0,100.0,81.19103317197752,100.0,point_score multiplied by probability of positive structural gap,63.8663064372496,36.3663064372496,91.3663064372496,0.45,limited,False,33.114308672185814,"{""digital_finance_business_informatics"": 0.3501959588842333, ""economic_legal"": 0.2549315980723572}",calculated_from_existing_mgimo_country_profile_scores,80.99834319526626,80.86266231881814,84.12359954610515,6,1284,69.20025748237765,69.02092085844104,68.5717725858177,55.64857724535875,68.79634672212937,68.79634672212937,55.64857724535875,69.20025748237765,55.64857724535875,69.20025748237765,13.5516802370189,48.645323975203766,77.0288762040432,28.383552228839434,B_targeted_validation,"{""academic_fit"": 55.64857724535875, ""balanced"": 69.20025748237765, ""labor_market"": 68.5717725858177, ""recruitment"": 69.02092085844104}","{""academic_fit"": 48.645323975203766, ""balanced"": 58.22842814728979, ""labor_market"": 60.532901854266676, ""recruitment"": 53.85776844989169}","{""academic_fit"": 59.00855256753496, ""balanced"": 75.10693903001967, ""labor_market"": 73.53256973777424, ""recruitment"": 77.0288762040432}","{""academic_fit"": {""country_opportunity"": 0.25, ""friendliness"": 0.15, ""labor_demand"": 0.15, ""program_fit"": 0.45}, ""balanced"": {""country_opportunity"": 0.3, ""friendliness"": 0.2, ""labor_demand"": 0.3, ""program_fit"": 0.2}, ""labor_market"": {""country_opportunity"": 0.2, ""friendliness"": 0.15, ""labor_demand"": 0.45, ""program_fit"": 0.2}, ""recruitment"": {""country_opportunity"": 0.4, ""friendliness"": 0.3, ""labor_demand"": 0.1, ""program_fit"": 0.2}}",uncertainty_adjusted_management_priority_index_not_predicted_student_count,not_identified_ex_ante,,,,"incremental qualified applications, offers and enrolments attributable to the recruitment intervention",requires_prospective_campaign_evaluation,24,pre_registered_country_program_campaign_with_matched_comparison_or_stepped_wedge_rollout,qualified_leads;applications;offers;enrolments;yield;cost_per_enrolment,relative_record_level_program_demand_not_search_totals,ppml_russia_inbound_structural_allocation_v3;friendliness_receptivity_ex_ante_v4;trudvsem_program_demand_v5;mgimo_program_profiles,calculated_uncertainty_aware_scenario_ensemble_v5,employer_linked_program_campaign_and_case_competitions,21,22.0,34.0,20.0,66.0,20.0,66.0,46.0,1284,29046,0.04420574261516216
country_program_priority_evidence_v5,DJI,Djibouti,Middle East & North Africa,international_economics,international_economics,Международная экономика и ВЭД,english_plus_russian_preparatory_year,No broad Russian or English functional-language signal is available in CLDR.,239.3738803499215,239.3738803499215,50.49768958489623,219.4528350835213,743.5658002040125,1.0,0.1883333333333333,25.0,2023,271.619502406588,271.619502406588,32.24562205666646,78.62749291035662,78.62749291035662,56.530848916296335,94.84302000290357,point_score multiplied by probability of positive structural gap,63.19730844112152,35.69730844112152,90.69730844112152,0.45,limited,False,66.09250352029568,"{""economic_legal"": 0.5554859375124632, ""energy_logistics"": 0.9772423282744376}",calculated_from_existing_mgimo_country_profile_scores,63.80753253946275,63.58040409631885,64.03323363437521,6,723,68.59987879182874,69.96103684804906,67.23339257026453,68.52026464604644,68.56007171893759,68.56007171893759,67.23339257026453,69.96103684804906,67.23339257026453,69.96103684804906,2.7276442777845347,51.92470982263752,83.87994422522786,31.955234402590342,B_targeted_validation,"{""academic_fit"": 68.52026464604644, ""balanced"": 68.59987879182874, ""labor_market"": 67.23339257026453, ""recruitment"": 69.96103684804906}","{""academic_fit"": 58.05870789546975, ""balanced"": 55.58283963182448, ""labor_market"": 57.840768589700886, ""recruitment"": 51.92470982263752}","{""academic_fit"": 75.75230256356916, ""balanced"": 77.96388908968434, ""labor_market"": 73.7207795459384, ""recruitment"": 83.87994422522786}","{""academic_fit"": {""country_opportunity"": 0.25, ""friendliness"": 0.15, ""labor_demand"": 0.15, ""program_fit"": 0.45}, ""balanced"": {""country_opportunity"": 0.3, ""friendliness"": 0.2, ""labor_demand"": 0.3, ""program_fit"": 0.2}, ""labor_market"": {""country_opportunity"": 0.2, ""friendliness"": 0.15, ""labor_demand"": 0.45, ""program_fit"": 0.2}, ""recruitment"": {""country_opportunity"": 0.4, ""friendliness"": 0.3, ""labor_demand"": 0.1, ""program_fit"": 0.2}}",uncertainty_adjusted_management_priority_index_not_predicted_student_count,not_identified_ex_ante,,,,"incremental qualified applications, offers and enrolments attributable to the recruitment intervention",requires_prospective_campaign_evaluation,24,pre_registered_country_program_campaign_with_matched_comparison_or_stepped_wedge_rollout,qualified_leads;applications;offers;enrolments;yield;cost_per_enrolment,relative_record_level_program_demand_not_search_totals,ppml_russia_inbound_structural_allocation_v3;friendliness_receptivity_ex_ante_v4;trudvsem_program_demand_v5;mgimo_program_profiles,calculated_uncertainty_aware_scenario_ensemble_v5,targeted_digital_campaign_with_local_partner_validation,22,24.0,25.0,25.0,13.0,13.0,25.0,12.0,723,29046,0.024891551332369345
country_program_priority_evidence_v5,BTN,Bhutan,South Asia,digital_analytics,digital_analytics,Цифровая аналитика и Data/AI,english_plus_russian_preparatory_year,No broad Russian or English functional-language signal is available in CLDR.,140.10751376544923,140.10751376544923,27.40457878184346,132.0229178729953,521.452014387838,1.0,0.0633333333333333,0.0,2023,140.10751376544923,140.10751376544923,0.0,70.98771126558162,70.98771126558162,47.99735110755962,89.76198788555648,point_score multiplied by probability of positive structural gap,63.21573955610894,35.715739556108936,90.71573955610894,0.45,limited,False,56.97730337309488,"{""digital_finance_business_informatics"": 0.6021648345927849, ""economic_legal"": 0.4402058302836045}",calculated_from_existing_mgimo_country_profile_scores,80.99834319526626,80.86266231881814,84.12359954610515,6,1284,69.37093679528891,66.82000892360479,71.14434902223972,64.8151167859166,68.09547285944686,68.09547285944686,64.8151167859166,71.14434902223972,64.8151167859166,71.14434902223972,6.329232236323122,48.43547240689815,81.88983347926644,33.45436107236829,B_targeted_validation,"{""academic_fit"": 64.8151167859166, ""balanced"": 69.37093679528891, ""labor_market"": 71.14434902223972, ""recruitment"": 66.82000892360479}","{""academic_fit"": 54.12259403896573, ""balanced"": 55.24312331561505, ""labor_market"": 60.531471285594264, ""recruitment"": 48.43547240689815}","{""academic_fit"": 72.86094658562224, ""balanced"": 80.76165252939016, ""labor_market"": 79.9466187077671, ""recruitment"": 81.88983347926644}","{""academic_fit"": {""country_opportunity"": 0.25, ""friendliness"": 0.15, ""labor_demand"": 0.15, ""program_fit"": 0.45}, ""balanced"": {""country_opportunity"": 0.3, ""friendliness"": 0.2, ""labor_demand"": 0.3, ""program_fit"": 0.2}, ""labor_market"": {""country_opportunity"": 0.2, ""friendliness"": 0.15, ""labor_demand"": 0.45, ""program_fit"": 0.2}, ""recruitment"": {""country_opportunity"": 0.4, ""friendliness"": 0.3, ""labor_demand"": 0.1, ""program_fit"": 0.2}}",uncertainty_adjusted_management_priority_index_not_predicted_student_count,not_identified_ex_ante,,,,"incremental qualified applications, offers and enrolments attributable to the recruitment intervention",requires_prospective_campaign_evaluation,24,pre_registered_country_program_campaign_with_matched_comparison_or_stepped_wedge_rollout,qualified_leads;applications;offers;enrolments;yield;cost_per_enrolment,relative_record_level_program_demand_not_search_totals,ppml_russia_inbound_structural_allocation_v3;friendliness_receptivity_ex_ante_v4;trudvsem_program_demand_v5;mgimo_program_profiles,calculated_uncertainty_aware_scenario_ensemble_v5,employer_linked_program_campaign_and_case_competitions,23,19.0,46.0,15.0,21.0,15.0,46.0,31.0,1284,29046,0.04420574261516216
country_program_priority_evidence_v5,BLR,Belarus,Europe & Central Asia,international_economics,international_economics,Международная экономика и ВЭД,russian_or_bilingual_russian_english,CLDR indicates a material functional Russian-language environment.,30445.19890863655,30445.19890863655,6973.544032391695,27907.71738493421,62381.01638589323,1.0,1.0,9369.0,2023,40657.59366868813,40657.59366868813,10212.394760051584,100.0,100.0,100.0,100.0,point_score multiplied by probability of positive structural gap,68.04837138372176,48.048371383721744,88.04837138372174,0.6,limited,False,44.763212138104244,"{""economic_legal"": 0.3898746629698579, ""energy_logistics"": 0.6209044966145962}",calculated_from_existing_mgimo_country_profile_scores,63.80753253946275,63.58040409631885,64.03323363437521,6,723,69.24631583692467,72.84823874422351,66.03142745846749,61.88825444999608,67.63887164769608,67.63887164769608,61.88825444999608,72.84823874422351,61.88825444999608,72.84823874422351,10.959984294227425,58.76249093350343,78.65236843824917,19.88987750474574,B_targeted_validation,"{""academic_fit"": 61.88825444999608, ""balanced"": 69.24631583692467, ""labor_market"": 66.03142745846749, ""recruitment"": 72.84823874422351}","{""academic_fit"": 58.76249093350343, ""balanced"": 64.60014371156956, ""labor_market"": 62.63040656268366, ""recruitment"": 65.72156991472026}","{""academic_fit"": 64.3288213507044, ""balanced"": 72.93636904504726, ""labor_market"": 68.70700302026117, ""recruitment"": 78.65236843824917}","{""academic_fit"": {""country_opportunity"": 0.25, ""friendliness"": 0.15, ""labor_demand"": 0.15, ""program_fit"": 0.45}, ""balanced"": {""country_opportunity"": 0.3, ""friendliness"": 0.2, ""labor_demand"": 0.3, ""program_fit"": 0.2}, ""labor_market"": {""country_opportunity"": 0.2, ""friendliness"": 0.15, ""labor_demand"": 0.45, ""program_fit"": 0.2}, ""recruitment"": {""country_opportunity"": 0.4, ""friendliness"": 0.3, ""labor_demand"": 0.1, ""program_fit"": 0.2}}",uncertainty_adjusted_management_priority_index_not_predicted_student_count,not_identified_ex_ante,,,,"incremental qualified applications, offers and enrolments attributable to the recruitment intervention",requires_prospective_campaign_evaluation,24,pre_registered_country_program_campaign_with_matched_comparison_or_stepped_wedge_rollout,qualified_leads;applications;offers;enrolments;yield;cost_per_enrolment,relative_record_level_program_demand_not_search_totals,ppml_russia_inbound_structural_allocation_v3;friendliness_receptivity_ex_ante_v4;trudvsem_program_demand_v5;mgimo_program_profiles,calculated_uncertainty_aware_scenario_ensemble_v5,russian_language_track_alumni_and_school_network,24,21.0,14.0,30.0,29.0,14.0,30.0,16.0,723,29046,0.024891551332369345
country_program_priority_evidence_v5,LBY,Libya,Middle East & North Africa,digital_analytics,digital_analytics,Цифровая аналитика и Data/AI,english_plus_russian_preparatory_year,No broad Russian or English functional-language signal is available in CLDR.,287.1095900562688,287.1095900562688,43.57381763289008,261.54223974197225,841.9215487717062,0.9983333333333332,0.2366666666666666,65.0,2023,349.4553508380682,349.4553508380682,62.34576078179949,81.22554093396258,81.09016503240596,54.459954567457025,96.6225118599619,point_score multiplied by probability of positive structural gap,63.668003184761545,36.168003184761545,91.16800318476156,0.45,limited,False,41.731934443112024,"{""digital_finance_business_informatics"": 0.4603790249599166, ""economic_legal"": 0.2450806223159346}",calculated_from_existing_mgimo_country_profile_scores,80.99834319526626,80.86266231881814,84.12359954610515,6,1284,67.98230552128571,66.3946263962758,68.78647670768834,58.44727082308474,67.18846595878075,67.18846595878075,58.44727082308474,68.78647670768834,58.44727082308474,68.78647670768834,10.339205884603594,48.059615957654685,79.43797772923365,31.378361771578966,B_targeted_validation,"{""academic_fit"": 58.44727082308474, ""balanced"": 67.98230552128571, ""labor_market"": 68.78647670768834, ""recruitment"": 66.3946263962758}","{""academic_fit"": 48.75289579635953, ""balanced"": 54.07326519076099, ""labor_market"": 58.48426850357149, ""recruitment"": 48.059615957654685}","{""academic_fit"": 64.72905900922945, ""balanced"": 77.73653166736399, ""labor_market"": 76.3745475200927, ""recruitment"": 79.43797772923365}","{""academic_fit"": {""country_opportunity"": 0.25, ""friendliness"": 0.15, ""labor_demand"": 0.15, ""program_fit"": 0.45}, ""balanced"": {""country_opportunity"": 0.3, ""friendliness"": 0.2, ""labor_demand"": 0.3, ""program_fit"": 0.2}, ""labor_market"": {""country_opportunity"": 0.2, ""friendliness"": 0.15, ""labor_demand"": 0.45, ""program_fit"": 0.2}, ""recruitment"": {""country_opportunity"": 0.4, ""friendliness"": 0.3, ""labor_demand"": 0.1, ""program_fit"": 0.2}}",uncertainty_adjusted_management_priority_index_not_predicted_student_count,not_identified_ex_ante,,,,"incremental qualified applications, offers and enrolments attributable to the recruitment intervention",requires_prospective_campaign_evaluation,24,pre_registered_country_program_campaign_with_matched_comparison_or_stepped_wedge_rollout,qualified_leads;applications;offers;enrolments;yield;cost_per_enrolment,relative_record_level_program_demand_not_search_totals,ppml_russia_inbound_structural_allocation_v3;friendliness_receptivity_ex_ante_v4;trudvsem_program_demand_v5;mgimo_program_profiles,calculated_uncertainty_aware_scenario_ensemble_v5,employer_linked_program_campaign_and_case_competitions,25,26.0,50.0,19.0,46.0,19.0,50.0,31.0,1284,29046,0.04420574261516216
country_program_priority_evidence_v5,OMN,Oman,Middle East & North Africa,international_economics,international_economics,Международная экономика и ВЭД,english_plus_russian_preparatory_year,No broad Russian or English functional-language signal is available in CLDR.,502.2737759432396,502.2737759432396,181.76656300783029,459.8299838341703,1134.674504600226,1.0,0.7316666666666667,24.0,2023,525.6770071533053,525.6770071533053,23.403231210065687,89.22560124148004,89.22560124148004,74.69789611085542,100.0,point_score multiplied by probability of positive structural gap,64.2690828943247,36.76908289432469,91.7690828943247,0.45,limited,False,52.524836236649875,"{""economic_legal"": 0.5513638206161292, ""energy_logistics"": 0.4469019876176071}",calculated_from_existing_mgimo_country_profile_scores,63.80753253946275,63.58040409631885,64.03323363437521,6,723,68.29954007010156,70.64743708693044,66.0531066048964,64.0193010368121,67.17632333749899,67.17632333749899,64.0193010368121,70.64743708693044,64.0193010368121,70.64743708693044,6.628136050118343,55.86942825659781,82.15854870408701,26.289120447489204,B_targeted_validation,"{""academic_fit"": 64.0193010368121, ""balanced"": 68.29954007010156, ""labor_market"": 66.0531066048964, ""recruitment"": 70.64743708693044}","{""academic_fit"": 56.413762314706986, ""balanced"": 58.01928250110073, ""labor_market"": 58.65732648697004, ""recruitment"": 55.86942825659781}","{""academic_fit"": 69.45278539138639, ""balanced"": 75.87651317035339, ""labor_market"": 71.33051619856111, ""recruitment"": 82.15854870408701}","{""academic_fit"": {""country_opportunity"": 0.25, ""friendliness"": 0.15, ""labor_demand"": 0.15, ""program_fit"": 0.45}, ""balanced"": {""country_opportunity"": 0.3, ""friendliness"": 0.2, ""labor_demand"": 0.3, ""program_fit"": 0.2}, ""labor_market"": {""country_opportunity"": 0.2, ""friendliness"": 0.15, ""labor_demand"": 0.45, ""program_fit"": 0.2}, ""recruitment"": {""country_opportunity"": 0.4, ""friendliness"": 0.3, ""labor_demand"": 0.1, ""program_fit"": 0.2}}",uncertainty_adjusted_management_priority_index_not_predicted_student_count,not_identified_ex_ante,,,,"incremental qualified applications, offers and enrolments attributable to the recruitment intervention",requires_prospective_campaign_evaluation,24,pre_registered_country_program_campaign_with_matched_comparison_or_stepped_wedge_rollout,qualified_leads;applications;offers;enrolments;yield;cost_per_enrolment,relative_record_level_program_demand_not_search_totals,ppml_russia_inbound_structural_allocation_v3;friendliness_receptivity_ex_ante_v4;trudvsem_program_demand_v5;mgimo_program_profiles,calculated_uncertainty_aware_scenario_ensemble_v5,targeted_digital_campaign_with_local_partner_validation,26,25.0,23.0,29.0,23.0,23.0,29.0,6.0,723,29046,0.024891551332369345
country_program_priority_evidence_v5,SRB,Serbia,Europe & Central Asia,languages_regional,languages_regional,Иностранные языки и регионоведение,english_plus_russian_preparatory_year_plus_target_region_language,No broad Russian or English functional-language signal is available in CLDR.,1862.9553713367163,1862.9553713367163,1003.314755628782,1669.0585884881532,2555.963289644219,1.0,1.0,360.0,2023,2193.7618868849218,2193.7618868849218,330.80651554820554,100.0,100.0,99.1351007594011,100.0,point_score multiplied by probability of positive structural gap,63.29199926677249,35.79199926677249,90.79199926677248,0.45,limited,False,56.45950297751698,"{""diplomatic_analytic"": 0.5691819653788429, ""economic_legal"": 0.5462472873604773}",calculated_from_existing_mgimo_country_profile_scores,52.68428650749584,48.864850295110166,52.853722353772,5,542,67.52008078309392,73.23376238830524,62.81596661599102,65.94356567055678,66.73182322682536,66.73182322682536,62.81596661599102,73.23376238830524,62.81596661599102,73.23376238830524,10.417795772314214,55.78774524585752,81.51594547750298,25.72820023164546,B_targeted_validation,"{""academic_fit"": 65.94356567055678, ""balanced"": 67.52008078309392, ""labor_market"": 62.81596661599102, ""recruitment"": 73.23376238830524}","{""academic_fit"": 59.85083811631985, ""balanced"": 58.91365055560256, ""labor_market"": 55.78774524585752, ""recruitment"": 61.27608405209859}","{""academic_fit"": 69.59449572663246, ""balanced"": 72.5726689791805, ""labor_market"": 66.3564395806026, ""recruitment"": 81.51594547750298}","{""academic_fit"": {""country_opportunity"": 0.25, ""friendliness"": 0.15, ""labor_demand"": 0.15, ""program_fit"": 0.45}, ""balanced"": {""country_opportunity"": 0.3, ""friendliness"": 0.2, ""labor_demand"": 0.3, ""program_fit"": 0.2}, ""labor_market"": {""country_opportunity"": 0.2, ""friendliness"": 0.15, ""labor_demand"": 0.45, ""program_fit"": 0.2}, ""recruitment"": {""country_opportunity"": 0.4, ""friendliness"": 0.3, ""labor_demand"": 0.1, ""program_fit"": 0.2}}",uncertainty_adjusted_management_priority_index_not_predicted_student_count,not_identified_ex_ante,,,,"incremental qualified applications, offers and enrolments attributable to the recruitment intervention",requires_prospective_campaign_evaluation,24,pre_registered_country_program_campaign_with_matched_comparison_or_stepped_wedge_rollout,qualified_leads;applications;offers;enrolments;yield;cost_per_enrolment,relative_record_level_program_demand_not_search_totals,ppml_russia_inbound_structural_allocation_v3;friendliness_receptivity_ex_ante_v4;trudvsem_program_demand_v5;mgimo_program_profiles,calculated_uncertainty_aware_scenario_ensemble_v5,targeted_digital_campaign_with_local_partner_validation,27,28.0,11.0,44.0,19.0,11.0,44.0,33.0,542,29046,0.018660056462163465
country_program_priority_evidence_v5,SAU,Saudi Arabia,Middle East & North Africa,international_economics,international_economics,Международная экономика и ВЭД,english_plus_russian_preparatory_year,No broad Russian or English functional-language signal is available in CLDR.,1026.3129269398264,1026.3129269398264,284.272999661452,949.7248809518236,2573.4925989010617,1.0,0.925,162.0,2023,1177.466179032725,1177.466179032725,151.1532520928985,99.4598271878937,99.4598271878937,81.08363336162641,100.0,point_score multiplied by probability of positive structural gap,64.23914038531943,36.73914038531942,91.73914038531944,0.45,limited,False,43.105326264628744,"{""economic_legal"": 0.4987242174521772, ""energy_logistics"": 0.2280403982286184}",calculated_from_existing_mgimo_country_profile_scores,63.80753253946275,63.58040409631885,64.03323363437521,6,723,67.85218757832592,70.93961421979017,64.92067442779809,60.27229909040717,66.386431003062,66.386431003062,60.27229909040717,70.93961421979017,60.27229909040717,70.93961421979017,10.667315129383006,52.75913311525222,79.03106569801591,26.27193258276369,B_targeted_validation,"{""academic_fit"": 60.27229909040717, ""balanced"": 67.85218757832592, ""labor_market"": 64.92067442779809, ""recruitment"": 70.93961421979017}","{""academic_fit"": 52.75913311525222, ""balanced"": 57.17977390530808, ""labor_market"": 57.34456862958929, ""recruitment"": 55.504365158933254}","{""academic_fit"": 63.65605195006579, ""balanced"": 72.99052107054807, ""labor_market"": 68.61854037546956, ""recruitment"": 79.03106569801591}","{""academic_fit"": {""country_opportunity"": 0.25, ""friendliness"": 0.15, ""labor_demand"": 0.15, ""program_fit"": 0.45}, ""balanced"": {""country_opportunity"": 0.3, ""friendliness"": 0.2, ""labor_demand"": 0.3, ""program_fit"": 0.2}, ""labor_market"": {""country_opportunity"": 0.2, ""friendliness"": 0.15, ""labor_demand"": 0.45, ""program_fit"": 0.2}, ""recruitment"": {""country_opportunity"": 0.4, ""friendliness"": 0.3, ""labor_demand"": 0.1, ""program_fit"": 0.2}}",uncertainty_adjusted_management_priority_index_not_predicted_student_count,not_identified_ex_ante,,,,"incremental qualified applications, offers and enrolments attributable to the recruitment intervention",requires_prospective_campaign_evaluation,24,pre_registered_country_program_campaign_with_matched_comparison_or_stepped_wedge_rollout,qualified_leads;applications;offers;enrolments;yield;cost_per_enrolment,relative_record_level_program_demand_not_search_totals,ppml_russia_inbound_structural_allocation_v3;friendliness_receptivity_ex_ante_v4;trudvsem_program_demand_v5;mgimo_program_profiles,calculated_uncertainty_aware_scenario_ensemble_v5,targeted_digital_campaign_with_local_partner_validation,28,27.0,21.0,32.0,37.0,21.0,37.0,16.0,723,29046,0.024891551332369345
country_program_priority_evidence_v5,SAU,Saudi Arabia,Middle East & North Africa,languages_regional,languages_regional,Иностранные языки и регионоведение,english_plus_russian_preparatory_year_plus_target_region_language,No broad Russian or English functional-language signal is available in CLDR.,1026.3129269398264,1026.3129269398264,284.272999661452,949.7248809518236,2573.4925989010617,1.0,0.925,162.0,2023,1177.466179032725,1177.466179032725,151.1532520928985,99.4598271878937,99.4598271878937,81.08363336162641,100.0,point_score multiplied by probability of positive structural gap,64.23914038531943,36.73914038531942,91.73914038531944,0.45,limited,False,54.35916572532966,"{""diplomatic_analytic"": 0.5548085172035764, ""economic_legal"": 0.4987242174521772}",calculated_from_existing_mgimo_country_profile_scores,52.68428650749584,48.864850295110166,52.853722353772,5,542,67.10734596476013,72.85354545382862,62.41981639121622,64.90308445199787,66.005215208379,66.005215208379,62.41981639121622,72.85354545382862,62.41981639121622,72.85354545382862,10.433729062612393,53.418806696807906,81.16066102561683,27.741854328808927,B_targeted_validation,"{""academic_fit"": 64.90308445199787, ""balanced"": 67.10734596476013, ""labor_market"": 62.41981639121622, ""recruitment"": 72.85354545382862}","{""academic_fit"": 56.216789421080534, ""balanced"": 55.37200656152284, ""labor_market"": 53.418806696807906, ""recruitment"": 56.602578453637655}","{""academic_fit"": 68.54346895094011, ""balanced"": 72.18222699698197, ""labor_market"": 65.9655739285102, ""recruitment"": 81.16066102561683}","{""academic_fit"": {""country_opportunity"": 0.25, ""friendliness"": 0.15, ""labor_demand"": 0.15, ""program_fit"": 0.45}, ""balanced"": {""country_opportunity"": 0.3, ""friendliness"": 0.2, ""labor_demand"": 0.3, ""program_fit"": 0.2}, ""labor_market"": {""country_opportunity"": 0.2, ""friendliness"": 0.15, ""labor_demand"": 0.45, ""program_fit"": 0.2}, ""recruitment"": {""country_opportunity"": 0.4, ""friendliness"": 0.3, ""labor_demand"": 0.1, ""program_fit"": 0.2}}",uncertainty_adjusted_management_priority_index_not_predicted_student_count,not_identified_ex_ante,,,,"incremental qualified applications, offers and enrolments attributable to the recruitment intervention",requires_prospective_campaign_evaluation,24,pre_registered_country_program_campaign_with_matched_comparison_or_stepped_wedge_rollout,qualified_leads;applications;offers;enrolments;yield;cost_per_enrolment,relative_record_level_program_demand_not_search_totals,ppml_russia_inbound_structural_allocation_v3;friendliness_receptivity_ex_ante_v4;trudvsem_program_demand_v5;mgimo_program_profiles,calculated_uncertainty_aware_scenario_ensemble_v5,targeted_digital_campaign_with_local_partner_validation,29,29.0,13.0,45.0,20.0,13.0,45.0,32.0,542,29046,0.018660056462163465
country_program_priority_evidence_v5,TKM,Turkmenistan,Europe & Central Asia,digital_analytics,digital_analytics,Цифровая аналитика и Data/AI,english_plus_russian_preparatory_year,No broad Russian or English functional-language signal is available in CLDR.,20899.09774144761,20899.09774144761,-4225.610016350272,18289.21137341857,44948.6283143665,0.9066666666666666,0.9,35170.0,2023,53201.18925250277,53201.18925250277,32302.09151105516,100.0,90.66666666666666,0.0,100.0,point_score multiplied by probability of positive structural gap,63.19659916820704,43.19659916820703,83.19659916820703,0.6,limited,False,31.01611292724297,"{""digital_finance_business_informatics"": 0.3356866598126576, ""economic_legal"": 0.2080590071115178}",calculated_from_existing_mgimo_country_profile_scores,80.99834319526626,80.86266231881814,84.12359954610515,6,1284,66.2307550503696,65.35382889994878,66.30308297165361,52.70416319906731,65.79229197515919,65.79229197515919,52.70416319906731,66.30308297165361,52.70416319906731,66.30308297165361,13.5989197725863,9.586886573675256,73.97317498665768,64.38628841298242,C_monitor_and_test,"{""academic_fit"": 52.70416319906731, ""balanced"": 66.2307550503696, ""labor_market"": 66.30308297165361, ""recruitment"": 65.35382889994878}","{""academic_fit"": 16.10147659978476, ""balanced"": 15.840025512322523, ""labor_market"": 25.377527893143675, ""recruitment"": 9.586886573675256}","{""academic_fit"": 56.55571803313182, ""balanced"": 72.79853891046331, ""labor_market"": 71.60334235197325, ""recruitment"": 73.97317498665768}","{""academic_fit"": {""country_opportunity"": 0.25, ""friendliness"": 0.15, ""labor_demand"": 0.15, ""program_fit"": 0.45}, ""balanced"": {""country_opportunity"": 0.3, ""friendliness"": 0.2, ""labor_demand"": 0.3, ""program_fit"": 0.2}, ""labor_market"": {""country_opportunity"": 0.2, ""friendliness"": 0.15, ""labor_demand"": 0.45, ""program_fit"": 0.2}, ""recruitment"": {""country_opportunity"": 0.4, ""friendliness"": 0.3, ""labor_demand"": 0.1, ""program_fit"": 0.2}}",uncertainty_adjusted_management_priority_index_not_predicted_student_count,not_identified_ex_ante,,,,"incremental qualified applications, offers and enrolments attributable to the recruitment intervention",requires_prospective_campaign_evaluation,24,pre_registered_country_program_campaign_with_matched_comparison_or_stepped_wedge_rollout,qualified_leads;applications;offers;enrolments;yield;cost_per_enrolment,relative_record_level_program_demand_not_search_totals,ppml_russia_inbound_structural_allocation_v3;friendliness_receptivity_ex_ante_v4;trudvsem_program_demand_v5;mgimo_program_profiles,calculated_uncertainty_aware_scenario_ensemble_v5,employer_linked_program_campaign_and_case_competitions,30,33.0,54.0,27.0,85.0,27.0,85.0,58.0,1284,29046,0.04420574261516216
country_program_priority_evidence_v5,KWT,Kuwait,Middle East & North Africa,international_economics,international_economics,Международная экономика и ВЭД,english_plus_russian_preparatory_year,No broad Russian or English functional-language signal is available in CLDR.,426.5126688777632,426.5126688777632,166.10656193694516,401.9018406801363,914.5455521053924,1.0,0.6533333333333333,8.0,2023,432.9517961166805,432.9517961166805,6.439127238917247,86.88564352408495,86.88564352408495,73.41313797911597,97.8078518624332,point_score multiplied by probability of positive structural gap,63.39358801580428,35.89358801580428,90.89358801580428,0.45,limited,False,48.89788976434625,"{""economic_legal"": 0.572805525069912, ""energy_logistics"": 0.2374990153641142}",calculated_from_existing_mgimo_country_profile_scores,63.80753253946275,63.58040409631885,64.03323363437521,6,723,66.63871502536979,68.65585389388754,64.66012087617582,61.49861112356294,65.6494179507728,65.6494179507728,61.49861112356294,68.65585389388754,61.49861112356294,68.65585389388754,7.157242770324601,54.235763640493694,80.07754362239692,25.841779981903223,B_targeted_validation,"{""academic_fit"": 61.49861112356294, ""balanced"": 66.63871502536979, ""labor_market"": 64.66012087617582, ""recruitment"": 68.65585389388754}","{""academic_fit"": 54.235763640493694, ""balanced"": 56.651361794814356, ""labor_market"": 57.4398055606968, ""recruitment"": 54.3313196366441}","{""academic_fit"": 66.83078385244602, ""balanced"": 74.18739913134064, ""labor_market"": 69.92895558411581, ""recruitment"": 80.07754362239692}","{""academic_fit"": {""country_opportunity"": 0.25, ""friendliness"": 0.15, ""labor_demand"": 0.15, ""program_fit"": 0.45}, ""balanced"": {""country_opportunity"": 0.3, ""friendliness"": 0.2, ""labor_demand"": 0.3, ""program_fit"": 0.2}, ""labor_market"": {""country_opportunity"": 0.2, ""friendliness"": 0.15, ""labor_demand"": 0.45, ""program_fit"": 0.2}, ""recruitment"": {""country_opportunity"": 0.4, ""friendliness"": 0.3, ""labor_demand"": 0.1, ""program_fit"": 0.2}}",uncertainty_adjusted_management_priority_index_not_predicted_student_count,not_identified_ex_ante,,,,"incremental qualified applications, offers and enrolments attributable to the recruitment intervention",requires_prospective_campaign_evaluation,24,pre_registered_country_program_campaign_with_matched_comparison_or_stepped_wedge_rollout,qualified_leads;applications;offers;enrolments;yield;cost_per_enrolment,relative_record_level_program_demand_not_search_totals,ppml_russia_inbound_structural_allocation_v3;friendliness_receptivity_ex_ante_v4;trudvsem_program_demand_v5;mgimo_program_profiles,calculated_uncertainty_aware_scenario_ensemble_v5,targeted_digital_campaign_with_local_partner_validation,31,31.0,35.0,33.0,31.0,31.0,35.0,4.0,723,29046,0.024891551332369345
country_program_priority_evidence_v5,AZE,Azerbaijan,Europe & Central Asia,international_economics,international_economics,Международная экономика и ВЭД,english_plus_russian_preparatory_year,No broad Russian or English functional-language signal is available in CLDR.,15116.55996574624,15116.55996574624,8152.10522003389,13587.33892593225,18211.214328846352,1.0,1.0,5965.0,2023,22566.20697470832,22566.20697470832,7449.647008962082,100.0,100.0,100.0,100.0,point_score multiplied by probability of positive structural gap,65.98981332659201,38.489813326592014,93.489813326592,0.45,limited,False,38.08209914077158,"{""economic_legal"": 0.3640387582139859, ""energy_logistics"": 0.4311676909889055}",calculated_from_existing_mgimo_country_profile_scores,63.80753253946275,63.58040409631885,64.03323363437521,6,723,66.68989202391263,69.94681294319203,63.69000184883713,57.384440911613744,65.18994693637488,65.18994693637488,57.384440911613744,69.94681294319203,57.384440911613744,69.94681294319203,12.562372031578285,52.983042357050195,77.57678626530239,24.593743908252193,B_targeted_validation,"{""academic_fit"": 57.384440911613744, ""balanced"": 66.68989202391263, ""labor_market"": 63.69000184883713, ""recruitment"": 69.94681294319203}","{""academic_fit"": 52.983042357050195, ""balanced"": 59.937394264882386, ""labor_market"": 58.74306202449648, ""recruitment"": 59.67031798222282}","{""academic_fit"": 60.45428200750715, ""balanced"": 71.51353028474894, ""labor_market"": 67.16718280240329, ""recruitment"": 77.57678626530239}","{""academic_fit"": {""country_opportunity"": 0.25, ""friendliness"": 0.15, ""labor_demand"": 0.15, ""program_fit"": 0.45}, ""balanced"": {""country_opportunity"": 0.3, ""friendliness"": 0.2, ""labor_demand"": 0.3, ""program_fit"": 0.2}, ""labor_market"": {""country_opportunity"": 0.2, ""friendliness"": 0.15, ""labor_demand"": 0.45, ""program_fit"": 0.2}, ""recruitment"": {""country_opportunity"": 0.4, ""friendliness"": 0.3, ""labor_demand"": 0.1, ""program_fit"": 0.2}}",uncertainty_adjusted_management_priority_index_not_predicted_student_count,not_identified_ex_ante,,,,"incremental qualified applications, offers and enrolments attributable to the recruitment intervention",requires_prospective_campaign_evaluation,24,pre_registered_country_program_campaign_with_matched_comparison_or_stepped_wedge_rollout,qualified_leads;applications;offers;enrolments;yield;cost_per_enrolment,relative_record_level_program_demand_not_search_totals,ppml_russia_inbound_structural_allocation_v3;friendliness_receptivity_ex_ante_v4;trudvsem_program_demand_v5;mgimo_program_profiles,calculated_uncertainty_aware_scenario_ensemble_v5,digital_recruitment_scholarship_and_olympiad,32,30.0,26.0,37.0,53.0,26.0,53.0,27.0,723,29046,0.024891551332369345
country_program_priority_evidence_v5,QAT,Qatar,Middle East & North Africa,international_economics,international_economics,Международная экономика и ВЭД,english_plus_russian_preparatory_year,No broad Russian or English functional-language signal is available in CLDR.,181.741219289879,181.741219289879,63.374058751366526,164.42780274329073,405.2775387971988,1.0,0.05,7.0,2023,188.09570631430216,188.09570631430216,6.354487024423151,74.69590716206966,74.69590716206966,59.73168254284648,86.15493872150051,point_score multiplied by probability of positive structural gap,63.28068332224216,35.780683322242155,90.78068332224215,0.45,limited,False,56.97724406194236,"{""economic_legal"": 0.6188656221964999, ""energy_logistics"": 0.4224928958881947}",calculated_from_existing_mgimo_country_profile_scores,63.80753253946275,63.58040409631885,64.03323363437521,6,723,65.63803967135358,66.6109753752338,64.65292249367792,63.36778499964534,65.14548108251574,65.14548108251574,63.36778499964534,66.6109753752338,63.36778499964534,66.6109753752338,3.243190375588469,51.5694237872116,78.4487199099697,26.8792961227581,B_targeted_validation,"{""academic_fit"": 63.36778499964534, ""balanced"": 65.63803967135358, ""labor_market"": 64.65292249367792, ""recruitment"": 66.6109753752338}","{""academic_fit"": 55.1259951548853, ""balanced"": 54.89198295371027, ""labor_market"": 56.806955254360815, ""recruitment"": 51.5694237872116}","{""academic_fit"": 69.27882725235018, ""balanced"": 73.6052178250353, ""labor_market"": 70.26064625225598, ""recruitment"": 78.4487199099697}","{""academic_fit"": {""country_opportunity"": 0.25, ""friendliness"": 0.15, ""labor_demand"": 0.15, ""program_fit"": 0.45}, ""balanced"": {""country_opportunity"": 0.3, ""friendliness"": 0.2, ""labor_demand"": 0.3, ""program_fit"": 0.2}, ""labor_market"": {""country_opportunity"": 0.2, ""friendliness"": 0.15, ""labor_demand"": 0.45, ""program_fit"": 0.2}, ""recruitment"": {""country_opportunity"": 0.4, ""friendliness"": 0.3, ""labor_demand"": 0.1, ""program_fit"": 0.2}}",uncertainty_adjusted_management_priority_index_not_predicted_student_count,not_identified_ex_ante,,,,"incremental qualified applications, offers and enrolments attributable to the recruitment intervention",requires_prospective_campaign_evaluation,24,pre_registered_country_program_campaign_with_matched_comparison_or_stepped_wedge_rollout,qualified_leads;applications;offers;enrolments;yield;cost_per_enrolment,relative_record_level_program_demand_not_search_totals,ppml_russia_inbound_structural_allocation_v3;friendliness_receptivity_ex_ante_v4;trudvsem_program_demand_v5;mgimo_program_profiles,calculated_uncertainty_aware_scenario_ensemble_v5,targeted_digital_campaign_with_local_partner_validation,33,38.0,49.0,34.0,24.0,24.0,49.0,25.0,723,29046,0.024891551332369345
country_program_priority_evidence_v5,NIC,Nicaragua,Latin America & Caribbean,digital_analytics,digital_analytics,Цифровая аналитика и Data/AI,english_plus_russian_preparatory_year,No broad Russian or English functional-language signal is available in CLDR.,173.43749072652136,173.43749072652136,29.668119610456475,161.8210225585733,557.5759363219272,1.0,0.09,23.0,2023,188.79623730333557,188.79623730333557,15.35874657681419,74.02892266253046,74.02892266253046,49.09702550030215,90.72087968129118,point_score multiplied by probability of positive structural gap,67.31861142770944,39.81861142770944,94.81861142770944,0.45,limited,False,38.94739682236993,"{""digital_finance_business_informatics"": 0.4199650968904591, ""economic_legal"": 0.2675094535566602}",calculated_from_existing_mgimo_country_profile_scores,80.99834319526626,80.86266231881814,84.12359954610515,6,1284,66.0076491141992,64.24066442882571,67.20710751931229,55.89941175781049,65.12415677151245,65.12415677151245,55.89941175781049,67.20710751931229,55.89941175781049,67.20710751931229,11.307695761501797,46.76199624722125,77.33989308424914,30.577896837027893,B_targeted_validation,"{""academic_fit"": 55.89941175781049, ""balanced"": 66.0076491141992, ""labor_market"": 67.20710751931229, ""recruitment"": 64.24066442882571}","{""academic_fit"": 46.76199624722125, ""balanced"": 52.72508758276538, ""labor_market"": 57.339788159891526, ""recruitment"": 46.82385364327843}","{""academic_fit"": 62.185692450879216, ""balanced"": 75.86155750889766, ""labor_market"": 74.85312516879681, ""recruitment"": 77.33989308424914}","{""academic_fit"": {""country_opportunity"": 0.25, ""friendliness"": 0.15, ""labor_demand"": 0.15, ""program_fit"": 0.45}, ""balanced"": {""country_opportunity"": 0.3, ""friendliness"": 0.2, ""labor_demand"": 0.3, ""program_fit"": 0.2}, ""labor_market"": {""country_opportunity"": 0.2, ""friendliness"": 0.15, ""labor_demand"": 0.45, ""program_fit"": 0.2}, ""recruitment"": {""country_opportunity"": 0.4, ""friendliness"": 0.3, ""labor_demand"": 0.1, ""program_fit"": 0.2}}",uncertainty_adjusted_management_priority_index_not_predicted_student_count,not_identified_ex_ante,,,,"incremental qualified applications, offers and enrolments attributable to the recruitment intervention",requires_prospective_campaign_evaluation,24,pre_registered_country_program_campaign_with_matched_comparison_or_stepped_wedge_rollout,qualified_leads;applications;offers;enrolments;yield;cost_per_enrolment,relative_record_level_program_demand_not_search_totals,ppml_russia_inbound_structural_allocation_v3;friendliness_receptivity_ex_ante_v4;trudvsem_program_demand_v5;mgimo_program_profiles,calculated_uncertainty_aware_scenario_ensemble_v5,employer_linked_program_campaign_and_case_competitions,34,35.0,61.0,26.0,65.0,26.0,65.0,39.0,1284,29046,0.04420574261516216
country_program_priority_evidence_v5,TUR,Türkiye,Europe & Central Asia,international_economics,international_economics,Международная экономика и ВЭД,english_plus_russian_preparatory_year,No broad Russian or English functional-language signal is available in CLDR.,6271.814851981322,6271.814851981322,2042.3232068749053,5788.136878229314,13356.513997275884,1.0,0.9983333333333332,911.0,2023,7040.885969507942,7040.885969507942,769.0711175266194,100.0,100.0,100.0,100.0,point_score multiplied by probability of positive structural gap,62.29229519979871,34.7922951997987,89.7922951997987,0.45,limited,False,39.76507692893148,"{""economic_legal"": 0.4342788573486635, ""energy_logistics"": 0.2877665051112688}",calculated_from_existing_mgimo_country_profile_scores,63.80753253946275,63.58040409631885,64.03323363437521,6,723,66.49523214905099,69.34779091887012,63.68463292939277,57.98760063186956,65.08993253922188,65.08993253922188,57.98760063186956,69.34779091887012,57.98760063186956,69.34779091887012,11.360190287000556,53.207424259607016,77.30241508639905,24.094990826792035,B_targeted_validation,"{""academic_fit"": 57.98760063186956, ""balanced"": 66.49523214905099, ""labor_market"": 63.68463292939277, ""recruitment"": 69.34779091887012}","{""academic_fit"": 53.207424259607016, ""balanced"": 59.268075955345125, ""labor_market"": 58.373311002368844, ""recruitment"": 58.42675539828915}","{""academic_fit"": 61.24439390238972, ""balanced"": 71.54562720485939, ""labor_market"": 67.3315807368078, ""recruitment"": 77.30241508639905}","{""academic_fit"": {""country_opportunity"": 0.25, ""friendliness"": 0.15, ""labor_demand"": 0.15, ""program_fit"": 0.45}, ""balanced"": {""country_opportunity"": 0.3, ""friendliness"": 0.2, ""labor_demand"": 0.3, ""program_fit"": 0.2}, ""labor_market"": {""country_opportunity"": 0.2, ""friendliness"": 0.15, ""labor_demand"": 0.45, ""program_fit"": 0.2}, ""recruitment"": {""country_opportunity"": 0.4, ""friendliness"": 0.3, ""labor_demand"": 0.1, ""program_fit"": 0.2}}",uncertainty_adjusted_management_priority_index_not_predicted_student_count,not_identified_ex_ante,,,,"incremental qualified applications, offers and enrolments attributable to the recruitment intervention",requires_prospective_campaign_evaluation,24,pre_registered_country_program_campaign_with_matched_comparison_or_stepped_wedge_rollout,qualified_leads;applications;offers;enrolments;yield;cost_per_enrolment,relative_record_level_program_demand_not_search_totals,ppml_russia_inbound_structural_allocation_v3;friendliness_receptivity_ex_ante_v4;trudvsem_program_demand_v5;mgimo_program_profiles,calculated_uncertainty_aware_scenario_ensemble_v5,targeted_digital_campaign_with_local_partner_validation,35,32.0,30.0,38.0,48.0,30.0,48.0,18.0,723,29046,0.024891551332369345
country_program_priority_evidence_v5,ARE,United Arab Emirates,Middle East & North Africa,legal_public,legal_public,Международное право и комплаенс,english_with_optional_russian_preparatory_module,CLDR indicates a material functional English-language environment.,422.2036215977997,422.2036215977997,152.4241827480876,386.14354791454286,893.5732988371658,1.0,0.585,81.0,2023,467.7814424420436,467.7814424420436,45.5778208442438,86.74034870599367,86.74034870599367,72.18794126743218,97.47549294327301,point_score multiplied by probability of positive structural gap,63.64058148283527,36.14058148283527,91.14058148283527,0.45,limited,False,78.3500168308776,"{""diplomatic_analytic"": 0.7604462803960823, ""economic_legal"": 0.793380405985645}",calculated_from_existing_mgimo_country_profile_scores,33.810526315789474,33.51626038781164,34.93637368711995,5,363,60.69627873675418,70.82562385529215,53.650460694465465,69.04098873986004,64.86863373830711,64.86863373830711,53.650460694465465,70.82562385529215,53.650460694465465,70.82562385529215,17.175163160826685,47.43117935732408,82.75762256739648,35.3264432100724,B_targeted_validation,"{""academic_fit"": 69.04098873986004, ""balanced"": 60.69627873675418, ""labor_market"": 53.650460694465465, ""recruitment"": 70.82562385529215}","{""academic_fit"": 60.640885543818, ""balanced"": 51.32119389362008, ""labor_market"": 47.43117935732408, ""recruitment"": 55.73407870360515}","{""academic_fit"": 75.30166992493076, ""balanced"": 68.0984057580372, ""labor_market"": 58.73699425724266, ""recruitment"": 82.75762256739648}","{""academic_fit"": {""country_opportunity"": 0.25, ""friendliness"": 0.15, ""labor_demand"": 0.15, ""program_fit"": 0.45}, ""balanced"": {""country_opportunity"": 0.3, ""friendliness"": 0.2, ""labor_demand"": 0.3, ""program_fit"": 0.2}, ""labor_market"": {""country_opportunity"": 0.2, ""friendliness"": 0.15, ""labor_demand"": 0.45, ""program_fit"": 0.2}, ""recruitment"": {""country_opportunity"": 0.4, ""friendliness"": 0.3, ""labor_demand"": 0.1, ""program_fit"": 0.2}}",uncertainty_adjusted_management_priority_index_not_predicted_student_count,not_identified_ex_ante,,,,"incremental qualified applications, offers and enrolments attributable to the recruitment intervention",requires_prospective_campaign_evaluation,24,pre_registered_country_program_campaign_with_matched_comparison_or_stepped_wedge_rollout,qualified_leads;applications;offers;enrolments;yield;cost_per_enrolment,relative_record_level_program_demand_not_search_totals,ppml_russia_inbound_structural_allocation_v3;friendliness_receptivity_ex_ante_v4;trudvsem_program_demand_v5;mgimo_program_profiles,calculated_uncertainty_aware_scenario_ensemble_v5,targeted_digital_campaign_with_local_partner_validation,36,60.0,22.0,111.0,11.0,11.0,111.0,100.0,363,29046,0.012497417888865936
country_program_priority_evidence_v5,THA,Thailand,East Asia & Pacific,international_economics,international_economics,Международная экономика и ВЭД,english_with_optional_russian_preparatory_module,CLDR indicates a material functional English-language environment.,222.9823261229627,222.9823261229627,-35.88656602940428,196.96835921580677,897.5067334467701,0.915,0.12,130.0,2023,362.2327664029911,362.2327664029911,139.25044028002836,77.61451665790797,71.0172827419858,0.0,97.53841789027449,point_score multiplied by probability of positive structural gap,63.36552884934288,35.86552884934287,90.86552884934288,0.45,limited,False,58.44062476632954,"{""economic_legal"": 0.5880162963394429, ""energy_logistics"": 0.5735761016348528}",calculated_from_existing_mgimo_country_profile_scores,63.80753253946275,63.58040409631885,64.03323363437521,6,723,65.00468124312472,65.64906468834904,64.34460153852378,63.30195863172613,64.67464139082425,64.67464139082425,63.30195863172613,65.64906468834904,63.30195863172613,65.64906468834904,2.3471060566229127,10.034402458396222,82.83175099708363,72.7973485386874,C_monitor_and_test,"{""academic_fit"": 63.30195863172613, ""balanced"": 65.00468124312472, ""labor_market"": 64.34460153852378, ""recruitment"": 65.64906468834904}","{""academic_fit"": 19.976726543311692, ""balanced"": 16.10088026847375, ""labor_market"": 25.120814165011012, ""recruitment"": 10.034402458396222}","{""academic_fit"": 72.25380559397351, ""balanced"": 76.76232060075343, ""labor_market"": 72.37693874862492, ""recruitment"": 82.83175099708363}","{""academic_fit"": {""country_opportunity"": 0.25, ""friendliness"": 0.15, ""labor_demand"": 0.15, ""program_fit"": 0.45}, ""balanced"": {""country_opportunity"": 0.3, ""friendliness"": 0.2, ""labor_demand"": 0.3, ""program_fit"": 0.2}, ""labor_market"": {""country_opportunity"": 0.2, ""friendliness"": 0.15, ""labor_demand"": 0.45, ""program_fit"": 0.2}, ""recruitment"": {""country_opportunity"": 0.4, ""friendliness"": 0.3, ""labor_demand"": 0.1, ""program_fit"": 0.2}}",uncertainty_adjusted_management_priority_index_not_predicted_student_count,not_identified_ex_ante,,,,"incremental qualified applications, offers and enrolments attributable to the recruitment intervention",requires_prospective_campaign_evaluation,24,pre_registered_country_program_campaign_with_matched_comparison_or_stepped_wedge_rollout,qualified_leads;applications;offers;enrolments;yield;cost_per_enrolment,relative_record_level_program_demand_not_search_totals,ppml_russia_inbound_structural_allocation_v3;friendliness_receptivity_ex_ante_v4;trudvsem_program_demand_v5;mgimo_program_profiles,calculated_uncertainty_aware_scenario_ensemble_v5,targeted_digital_campaign_with_local_partner_validation,37,43.0,53.0,35.0,25.0,25.0,53.0,28.0,723,29046,0.024891551332369345
country_program_priority_evidence_v5,TUR,Türkiye,Europe & Central Asia,languages_regional,languages_regional,Иностранные языки и регионоведение,english_plus_russian_preparatory_year_plus_target_region_language,No broad Russian or English functional-language signal is available in CLDR.,6271.814851981322,6271.814851981322,2042.3232068749053,5788.136878229314,13356.513997275884,1.0,0.9983333333333332,911.0,2023,7040.885969507942,7040.885969507942,769.0711175266194,100.0,100.0,100.0,100.0,point_score multiplied by probability of positive structural gap,62.29229519979871,34.7922951997987,89.7922951997987,0.45,limited,False,51.51562281073091,"{""diplomatic_analytic"": 0.5353755707969705, ""economic_legal"": 0.4342788573486635}",calculated_from_existing_mgimo_country_profile_scores,52.68428650749584,48.864850295110166,52.853722353772,5,542,66.10846406510949,71.59041036487612,61.550908174609,63.17838330740876,64.64342368625913,64.64342368625913,61.550908174609,71.59041036487612,61.550908174609,71.59041036487612,10.039502190267122,54.66087394634164,79.7996802218608,25.13880627551916,B_targeted_validation,"{""academic_fit"": 63.17838330740876, ""balanced"": 66.10846406510949, ""labor_market"": 61.550908174609, ""recruitment"": 71.59041036487612}","{""academic_fit"": 57.3622811878388, ""balanced"": 57.693781843745406, ""labor_market"": 54.66087394634164, ""recruitment"": 59.89370736655547}","{""academic_fit"": 66.7234528142358, ""balanced"": 71.12254021819317, ""labor_market"": 65.06613822421703, ""recruitment"": 79.7996802218608}","{""academic_fit"": {""country_opportunity"": 0.25, ""friendliness"": 0.15, ""labor_demand"": 0.15, ""program_fit"": 0.45}, ""balanced"": {""country_opportunity"": 0.3, ""friendliness"": 0.2, ""labor_demand"": 0.3, ""program_fit"": 0.2}, ""labor_market"": {""country_opportunity"": 0.2, ""friendliness"": 0.15, ""labor_demand"": 0.45, ""program_fit"": 0.2}, ""recruitment"": {""country_opportunity"": 0.4, ""friendliness"": 0.3, ""labor_demand"": 0.1, ""program_fit"": 0.2}}",uncertainty_adjusted_management_priority_index_not_predicted_student_count,not_identified_ex_ante,,,,"incremental qualified applications, offers and enrolments attributable to the recruitment intervention",requires_prospective_campaign_evaluation,24,pre_registered_country_program_campaign_with_matched_comparison_or_stepped_wedge_rollout,qualified_leads;applications;offers;enrolments;yield;cost_per_enrolment,relative_record_level_program_demand_not_search_totals,ppml_russia_inbound_structural_allocation_v3;friendliness_receptivity_ex_ante_v4;trudvsem_program_demand_v5;mgimo_program_profiles,calculated_uncertainty_aware_scenario_ensemble_v5,targeted_digital_campaign_with_local_partner_validation,38,34.0,18.0,51.0,26.0,18.0,51.0,33.0,542,29046,0.018660056462163465
country_program_priority_evidence_v5,KHM,Cambodia,East Asia & Pacific,digital_analytics,digital_analytics,Цифровая аналитика и Data/AI,english_plus_russian_preparatory_year,No broad Russian or English functional-language signal is available in CLDR.,167.55416672419764,167.55416672419764,-15.859729091382542,148.0692865032078,878.291230563737,0.9433333333333334,0.05,70.0,2023,225.2250074192524,225.2250074192524,57.67084069505476,73.53684719994229,69.36975919194556,0.0,97.22836472831446,point_score multiplied by probability of positive structural gap,64.09164215514153,36.59164215514152,91.59164215514151,0.45,limited,False,44.26259194516726,"{""digital_finance_business_informatics"": 0.474608471948639, ""economic_legal"": 0.314695709463807}",calculated_from_existing_mgimo_country_profile_scores,80.99834319526626,80.86266231881814,84.12359954610515,6,1284,65.74896164835499,63.273085370310234,67.53747071937326,57.7706730537194,64.51102350933262,64.51102350933262,57.7706730537194,67.53747071937326,57.7706730537194,67.53747071937326,9.766797665653861,9.787290659685581,80.66735365136724,70.88006299168165,C_monitor_and_test,"{""academic_fit"": 57.7706730537194, ""balanced"": 65.74896164835499, ""labor_market"": 67.53747071937326, ""recruitment"": 63.273085370310234}","{""academic_fit"": 18.364873432097653, ""balanced"": 16.43503105970033, ""labor_market"": 26.54476249778365, ""recruitment"": 9.787290659685581}","{""academic_fit"": 66.57541138822964, ""balanced"": 78.85458233355531, ""labor_market"": 77.40734147190102, ""recruitment"": 80.66735365136724}","{""academic_fit"": {""country_opportunity"": 0.25, ""friendliness"": 0.15, ""labor_demand"": 0.15, ""program_fit"": 0.45}, ""balanced"": {""country_opportunity"": 0.3, ""friendliness"": 0.2, ""labor_demand"": 0.3, ""program_fit"": 0.2}, ""labor_market"": {""country_opportunity"": 0.2, ""friendliness"": 0.15, ""labor_demand"": 0.45, ""program_fit"": 0.2}, ""recruitment"": {""country_opportunity"": 0.4, ""friendliness"": 0.3, ""labor_demand"": 0.1, ""program_fit"": 0.2}}",uncertainty_adjusted_management_priority_index_not_predicted_student_count,not_identified_ex_ante,,,,"incremental qualified applications, offers and enrolments attributable to the recruitment intervention",requires_prospective_campaign_evaluation,24,pre_registered_country_program_campaign_with_matched_comparison_or_stepped_wedge_rollout,qualified_leads;applications;offers;enrolments;yield;cost_per_enrolment,relative_record_level_program_demand_not_search_totals,ppml_russia_inbound_structural_allocation_v3;friendliness_receptivity_ex_ante_v4;trudvsem_program_demand_v5;mgimo_program_profiles,calculated_uncertainty_aware_scenario_ensemble_v5,employer_linked_program_campaign_and_case_competitions,39,37.0,69.0,23.0,51.0,23.0,69.0,46.0,1284,29046,0.04420574261516216
country_program_priority_evidence_v5,PRK,"Korea, Democratic People's Republic of",East Asia & Pacific,international_economics,international_economics,Международная экономика и ВЭД,english_plus_russian_preparatory_year,No broad Russian or English functional-language signal is available in CLDR.,1024.2065489485078,1024.2065489485078,-0.7712516888885251,905.376511203234,5975.747172344155,0.9733333333333334,0.8183333333333334,136.0,2023,1150.3121619755332,1150.3121619755332,126.10561302702531,99.43038981322665,96.77891275154062,0.0,100.0,point_score multiplied by probability of positive structural gap,70.01277546029631,42.51277546029631,97.51277546029633,0.45,limited,False,35.34484957403892,"{""economic_legal"": 0.3191664799966621, ""energy_logistics"": 0.4562945429715703}",calculated_from_existing_mgimo_country_profile_scores,63.80753253946275,63.58040409631885,64.03323363437521,6,723,65.85605415420152,69.25143508428546,62.914128367958256,55.57551774126426,64.38509126107988,64.38509126107988,55.57551774126426,69.25143508428546,55.57551774126426,69.25143508428546,13.675917343021204,9.557896269366937,77.42069261059983,67.8627963412329,C_monitor_and_test,"{""academic_fit"": 55.57551774126426, ""balanced"": 65.85605415420152, ""labor_market"": 62.914128367958256, ""recruitment"": 69.25143508428546}","{""academic_fit"": 16.41290863216936, ""balanced"": 15.084148036546555, ""labor_market"": 23.340226185273696, ""recruitment"": 9.557896269366937}","{""academic_fit"": 58.877918666856864, ""balanced"": 71.07268606523493, ""labor_market"": 66.61411559611736, ""recruitment"": 77.42069261059983}","{""academic_fit"": {""country_opportunity"": 0.25, ""friendliness"": 0.15, ""labor_demand"": 0.15, ""program_fit"": 0.45}, ""balanced"": {""country_opportunity"": 0.3, ""friendliness"": 0.2, ""labor_demand"": 0.3, ""program_fit"": 0.2}, ""labor_market"": {""country_opportunity"": 0.2, ""friendliness"": 0.15, ""labor_demand"": 0.45, ""program_fit"": 0.2}, ""recruitment"": {""country_opportunity"": 0.4, ""friendliness"": 0.3, ""labor_demand"": 0.1, ""program_fit"": 0.2}}",uncertainty_adjusted_management_priority_index_not_predicted_student_count,not_identified_ex_ante,,,,"incremental qualified applications, offers and enrolments attributable to the recruitment intervention",requires_prospective_campaign_evaluation,24,pre_registered_country_program_campaign_with_matched_comparison_or_stepped_wedge_rollout,qualified_leads;applications;offers;enrolments;yield;cost_per_enrolment,relative_record_level_program_demand_not_search_totals,ppml_russia_inbound_structural_allocation_v3;friendliness_receptivity_ex_ante_v4;trudvsem_program_demand_v5;mgimo_program_profiles,calculated_uncertainty_aware_scenario_ensemble_v5,digital_recruitment_scholarship_and_olympiad,40,36.0,31.0,42.0,67.0,31.0,67.0,36.0,723,29046,0.024891551332369345
country_program_priority_evidence_v5,BIH,Bosnia and Herzegovina,Europe & Central Asia,international_economics,international_economics,Международная экономика и ВЭД,english_with_optional_russian_preparatory_module,CLDR indicates a material functional English-language environment.,476.02545396448784,476.02545396448784,100.21274267780932,430.9251875292698,1327.387180204779,1.0,0.6616666666666666,74.0,2023,545.5627494733623,545.5627494733623,69.53729550887442,88.45736179088952,88.45736179088952,66.22178952691061,100.0,point_score multiplied by probability of positive structural gap,59.6292197732562,32.1292197732562,87.12921977325621,0.45,limited,False,45.57082058851057,"{""economic_legal"": 0.4641741250007679, ""energy_logistics"": 0.4303104485381194}",calculated_from_existing_mgimo_country_profile_scores,63.80753253946275,63.58040409631885,64.03323363437521,6,723,65.28452851588547,66.97534836610262,63.42469499308695,59.34443758313047,64.35461175448621,64.35461175448621,59.34443758313047,66.97534836610262,59.34443758313047,66.97534836610262,7.630910782972151,49.817149095968375,78.68273839577196,28.865589299803588,B_targeted_validation,"{""academic_fit"": 59.34443758313047, ""balanced"": 65.28452851588547, ""labor_market"": 63.42469499308695, ""recruitment"": 66.97534836610262}","{""academic_fit"": 50.43757399869513, ""balanced"": 53.04285531592902, ""labor_market"": 54.62361527345503, ""recruitment"": 49.817149095968375}","{""academic_fit"": 64.7363950636557, ""balanced"": 73.04027608810419, ""labor_market"": 68.84058857764593, ""recruitment"": 78.68273839577196}","{""academic_fit"": {""country_opportunity"": 0.25, ""friendliness"": 0.15, ""labor_demand"": 0.15, ""program_fit"": 0.45}, ""balanced"": {""country_opportunity"": 0.3, ""friendliness"": 0.2, ""labor_demand"": 0.3, ""program_fit"": 0.2}, ""labor_market"": {""country_opportunity"": 0.2, ""friendliness"": 0.15, ""labor_demand"": 0.45, ""program_fit"": 0.2}, ""recruitment"": {""country_opportunity"": 0.4, ""friendliness"": 0.3, ""labor_demand"": 0.1, ""program_fit"": 0.2}}",uncertainty_adjusted_management_priority_index_not_predicted_student_count,not_identified_ex_ante,,,,"incremental qualified applications, offers and enrolments attributable to the recruitment intervention",requires_prospective_campaign_evaluation,24,pre_registered_country_program_campaign_with_matched_comparison_or_stepped_wedge_rollout,qualified_leads;applications;offers;enrolments;yield;cost_per_enrolment,relative_record_level_program_demand_not_search_totals,ppml_russia_inbound_structural_allocation_v3;friendliness_receptivity_ex_ante_v4;trudvsem_program_demand_v5;mgimo_program_profiles,calculated_uncertainty_aware_scenario_ensemble_v5,targeted_digital_campaign_with_local_partner_validation,41,40.0,45.0,40.0,42.0,40.0,45.0,5.0,723,29046,0.024891551332369345
country_program_priority_evidence_v5,BGD,Bangladesh,South Asia,digital_analytics,digital_analytics,Цифровая аналитика и Data/AI,english_plus_russian_preparatory_year,No broad Russian or English functional-language signal is available in CLDR.,463.77351122663737,463.77351122663737,-163.85613125144286,400.7988264210292,1588.8601853091898,0.885,0.5616666666666666,541.0,2023,949.34745736248,949.34745736248,485.5739461358426,88.08417939205468,77.9544987619684,0.0,100.0,point_score multiplied by probability of positive structural gap,63.58087549072616,36.08087549072616,91.08087549072616,0.45,limited,False,35.878664088542,"{""digital_finance_business_informatics"": 0.387287147073687, ""economic_legal"": 0.244784616132352}",calculated_from_existing_mgimo_country_profile_scores,80.99834319526626,80.86266231881814,84.12359954610515,6,1284,65.2242412134502,63.444809960529035,66.2577848848062,54.15742768859789,64.33452558698961,64.33452558698961,54.15742768859789,66.2577848848062,54.15742768859789,66.2577848848062,12.100357196208307,9.355936006233115,78.1660276242367,68.81009161800358,C_monitor_and_test,"{""academic_fit"": 54.15742768859789, ""balanced"": 65.2242412134502, ""labor_market"": 66.2577848848062, ""recruitment"": 63.444809960529035}","{""academic_fit"": 16.713324065090287, ""balanced"": 15.732198504639705, ""labor_market"": 25.426980986864063, ""recruitment"": 9.355936006233115}","{""academic_fit"": 61.08586300967463, ""balanced"": 76.23930988332405, ""labor_market"": 74.65275575656878, ""recruitment"": 78.1660276242367}","{""academic_fit"": {""country_opportunity"": 0.25, ""friendliness"": 0.15, ""labor_demand"": 0.15, ""program_fit"": 0.45}, ""balanced"": {""country_opportunity"": 0.3, ""friendliness"": 0.2, ""labor_demand"": 0.3, ""program_fit"": 0.2}, ""labor_market"": {""country_opportunity"": 0.2, ""friendliness"": 0.15, ""labor_demand"": 0.45, ""program_fit"": 0.2}, ""recruitment"": {""country_opportunity"": 0.4, ""friendliness"": 0.3, ""labor_demand"": 0.1, ""program_fit"": 0.2}}",uncertainty_adjusted_management_priority_index_not_predicted_student_count,not_identified_ex_ante,,,,"incremental qualified applications, offers and enrolments attributable to the recruitment intervention",requires_prospective_campaign_evaluation,24,pre_registered_country_program_campaign_with_matched_comparison_or_stepped_wedge_rollout,qualified_leads;applications;offers;enrolments;yield;cost_per_enrolment,relative_record_level_program_demand_not_search_totals,ppml_russia_inbound_structural_allocation_v3;friendliness_receptivity_ex_ante_v4;trudvsem_program_demand_v5;mgimo_program_profiles,calculated_uncertainty_aware_scenario_ensemble_v5,employer_linked_program_campaign_and_case_competitions,42,41.0,66.0,28.0,75.0,28.0,75.0,47.0,1284,29046,0.04420574261516216
country_program_priority_evidence_v5,PHL,Philippines,East Asia & Pacific,international_economics,international_economics,Международная экономика и ВЭД,english_with_optional_russian_preparatory_module,CLDR indicates a material functional English-language environment.,484.6717004001166,484.6717004001166,143.8475030575797,449.92736014501145,1267.60317230366,1.0,0.835,17.0,2023,506.4046398544305,506.4046398544305,21.732939454313914,88.71499361028283,88.71499361028283,71.3628978535519,100.0,point_score multiplied by probability of positive structural gap,63.19143211840076,35.691432118400755,90.69143211840075,0.45,limited,False,42.988507569781525,"{""economic_legal"": 0.4269975819619459, ""energy_logistics"": 0.4385475569054232}",calculated_from_existing_mgimo_country_profile_scores,63.80753253946275,63.58040409631885,64.03323363437521,6,723,65.34149094411377,67.43698603400912,63.28087950594854,58.379842501302015,64.31118522503115,64.31118522503115,58.379842501302015,67.43698603400912,58.379842501302015,67.43698603400912,9.057143532707109,50.84638475355045,78.72038019445094,27.873995440900487,B_targeted_validation,"{""academic_fit"": 58.379842501302015, ""balanced"": 65.34149094411377, ""labor_market"": 63.28087950594854, ""recruitment"": 67.43698603400912}","{""academic_fit"": 50.84638475355045, ""balanced"": 54.71978936125341, ""labor_market"": 55.65186237577788, ""recruitment"": 52.303689692289105}","{""academic_fit"": 63.47186184231687, ""balanced"": 72.78623239246399, ""labor_market"": 68.46537116314073, ""recruitment"": 78.72038019445094}","{""academic_fit"": {""country_opportunity"": 0.25, ""friendliness"": 0.15, ""labor_demand"": 0.15, ""program_fit"": 0.45}, ""balanced"": {""country_opportunity"": 0.3, ""friendliness"": 0.2, ""labor_demand"": 0.3, ""program_fit"": 0.2}, ""labor_market"": {""country_opportunity"": 0.2, ""friendliness"": 0.15, ""labor_demand"": 0.45, ""program_fit"": 0.2}, ""recruitment"": {""country_opportunity"": 0.4, ""friendliness"": 0.3, ""labor_demand"": 0.1, ""program_fit"": 0.2}}",uncertainty_adjusted_management_priority_index_not_predicted_student_count,not_identified_ex_ante,,,,"incremental qualified applications, offers and enrolments attributable to the recruitment intervention",requires_prospective_campaign_evaluation,24,pre_registered_country_program_campaign_with_matched_comparison_or_stepped_wedge_rollout,qualified_leads;applications;offers;enrolments;yield;cost_per_enrolment,relative_record_level_program_demand_not_search_totals,ppml_russia_inbound_structural_allocation_v3;friendliness_receptivity_ex_ante_v4;trudvsem_program_demand_v5;mgimo_program_profiles,calculated_uncertainty_aware_scenario_ensemble_v5,targeted_digital_campaign_with_local_partner_validation,43,39.0,41.0,41.0,47.0,39.0,47.0,8.0,723,29046,0.024891551332369345
country_program_priority_evidence_v5,KWT,Kuwait,Middle East & North Africa,languages_regional,languages_regional,Иностранные языки и регионоведение,english_plus_russian_preparatory_year_plus_target_region_language,No broad Russian or English functional-language signal is available in CLDR.,426.5126688777632,426.5126688777632,166.10656193694516,401.9018406801363,914.5455521053924,1.0,0.6533333333333333,8.0,2023,432.9517961166805,432.9517961166805,6.439127238917247,86.88564352408495,86.88564352408495,73.41313797911597,97.8078518624332,point_score multiplied by probability of positive structural gap,63.39358801580428,35.89358801580428,90.89358801580428,0.45,limited,False,53.786900084281186,"{""diplomatic_analytic"": 0.5291348697860369, ""economic_legal"": 0.572805525069912}",calculated_from_existing_mgimo_country_profile_scores,52.68428650749584,48.864850295110166,52.853722353772,5,542,64.1670440842779,68.64654005087168,60.527841464937445,62.35425715263424,63.26065061845607,63.26065061845607,60.527841464937445,68.64654005087168,60.527841464937445,68.64654005087168,8.118698585934233,52.0947626297257,80.06407496191757,27.96931233219187,B_targeted_validation,"{""academic_fit"": 62.35425715263424, ""balanced"": 64.1670440842779, ""labor_market"": 60.527841464937445, ""recruitment"": 68.64654005087168}","{""academic_fit"": 54.41358883481667, ""balanced"": 53.411821896249165, ""labor_market"": 52.0947626297257, ""recruitment"": 53.94342774731955}","{""academic_fit"": 67.75731042797617, ""balanced"": 71.42876956763509, ""labor_market"": 65.45037238801424, ""recruitment"": 80.06407496191757}","{""academic_fit"": {""country_opportunity"": 0.25, ""friendliness"": 0.15, ""labor_demand"": 0.15, ""program_fit"": 0.45}, ""balanced"": {""country_opportunity"": 0.3, ""friendliness"": 0.2, ""labor_demand"": 0.3, ""program_fit"": 0.2}, ""labor_market"": {""country_opportunity"": 0.2, ""friendliness"": 0.15, ""labor_demand"": 0.45, ""program_fit"": 0.2}, ""recruitment"": {""country_opportunity"": 0.4, ""friendliness"": 0.3, ""labor_demand"": 0.1, ""program_fit"": 0.2}}",uncertainty_adjusted_management_priority_index_not_predicted_student_count,not_identified_ex_ante,,,,"incremental qualified applications, offers and enrolments attributable to the recruitment intervention",requires_prospective_campaign_evaluation,24,pre_registered_country_program_campaign_with_matched_comparison_or_stepped_wedge_rollout,qualified_leads;applications;offers;enrolments;yield;cost_per_enrolment,relative_record_level_program_demand_not_search_totals,ppml_russia_inbound_structural_allocation_v3;friendliness_receptivity_ex_ante_v4;trudvsem_program_demand_v5;mgimo_program_profiles,calculated_uncertainty_aware_scenario_ensemble_v5,targeted_digital_campaign_with_local_partner_validation,44,45.0,36.0,56.0,27.0,27.0,56.0,29.0,542,29046,0.018660056462163465
country_program_priority_evidence_v5,OMN,Oman,Middle East & North Africa,languages_regional,languages_regional,Иностранные языки и регионоведение,english_plus_russian_preparatory_year_plus_target_region_language,No broad Russian or English functional-language signal is available in CLDR.,502.2737759432396,502.2737759432396,181.76656300783029,459.8299838341703,1134.674504600226,1.0,0.7316666666666667,24.0,2023,525.6770071533053,525.6770071533053,23.403231210065687,89.22560124148004,89.22560124148004,74.69789611085542,100.0,point_score multiplied by probability of positive structural gap,64.2690828943247,36.76908289432469,91.7690828943247,0.45,limited,False,51.64055845518219,"{""diplomatic_analytic"": 0.507666025535745, ""economic_legal"": 0.5513638206161292}",calculated_from_existing_mgimo_country_profile_scores,52.68428650749584,48.864850295110166,52.853722353772,5,542,64.33352037878126,69.09897566934372,60.4847710114409,61.77154963000561,63.052535004393434,63.052535004393434,60.4847710114409,69.09897566934372,60.4847710114409,69.09897566934372,8.614204657902818,52.04002366314544,80.35517014223751,28.31514647909207,B_targeted_validation,"{""academic_fit"": 61.77154963000561, ""balanced"": 64.33352037878126, ""labor_market"": 60.4847710114409, ""recruitment"": 69.09897566934372}","{""academic_fit"": 53.86211985474435, ""balanced"": 53.50982249691558, ""labor_market"": 52.04002366314544, ""recruitment"": 54.26210423456001}","{""academic_fit"": 67.0109905665833, ""balanced"": 71.4635369045054, ""labor_market"": 65.30772648233382, ""recruitment"": 80.35517014223751}","{""academic_fit"": {""country_opportunity"": 0.25, ""friendliness"": 0.15, ""labor_demand"": 0.15, ""program_fit"": 0.45}, ""balanced"": {""country_opportunity"": 0.3, ""friendliness"": 0.2, ""labor_demand"": 0.3, ""program_fit"": 0.2}, ""labor_market"": {""country_opportunity"": 0.2, ""friendliness"": 0.15, ""labor_demand"": 0.45, ""program_fit"": 0.2}, ""recruitment"": {""country_opportunity"": 0.4, ""friendliness"": 0.3, ""labor_demand"": 0.1, ""program_fit"": 0.2}}",uncertainty_adjusted_management_priority_index_not_predicted_student_count,not_identified_ex_ante,,,,"incremental qualified applications, offers and enrolments attributable to the recruitment intervention",requires_prospective_campaign_evaluation,24,pre_registered_country_program_campaign_with_matched_comparison_or_stepped_wedge_rollout,qualified_leads;applications;offers;enrolments;yield;cost_per_enrolment,relative_record_level_program_demand_not_search_totals,ppml_russia_inbound_structural_allocation_v3;friendliness_receptivity_ex_ante_v4;trudvsem_program_demand_v5;mgimo_program_profiles,calculated_uncertainty_aware_scenario_ensemble_v5,targeted_digital_campaign_with_local_partner_validation,45,44.0,32.0,57.0,30.0,30.0,57.0,27.0,542,29046,0.018660056462163465
country_program_priority_evidence_v5,BRN,Brunei Darussalam,East Asia & Pacific,digital_analytics,digital_analytics,Цифровая аналитика и Data/AI,english_plus_russian_preparatory_year,No broad Russian or English functional-language signal is available in CLDR.,27.68292137188877,27.68292137188877,1.6687296160728595,24.97722746958047,147.35972419963497,0.9916666666666668,0.0,5.0,2023,30.898809810727528,30.898809810727528,3.2158884388387574,48.13721061073633,47.7360671889802,14.078474158191256,71.70651739694688,point_score multiplied by probability of positive structural gap,63.74656018971629,36.24656018971629,91.24656018971628,0.45,limited,False,64.45488363458833,"{""digital_finance_business_informatics"": 0.6495232227550193, ""economic_legal"": 0.6246512907093391}",calculated_from_existing_mgimo_country_profile_scores,80.99834319526626,80.86266231881814,84.12359954610515,6,1284,63.329643704105386,58.71549780271721,67.50437540157745,62.16822071073077,62.74893220741808,62.74893220741808,58.71549780271721,67.50437540157745,58.71549780271721,67.50437540157745,8.788877598860239,31.106019029213293,78.42359085057163,47.317571821358335,B_targeted_validation,"{""academic_fit"": 62.16822071073077, ""balanced"": 63.329643704105386, ""labor_market"": 67.50437540157745, ""recruitment"": 58.71549780271721}","{""academic_fit"": 42.664602657092345, ""balanced"": 39.858160310791774, ""labor_market"": 49.10097105493335, ""recruitment"": 31.106019029213293}","{""academic_fit"": 72.86113140193564, ""balanced"": 77.50756088913012, ""labor_market"": 78.42359085057163, ""recruitment"": 76.91064021204792}","{""academic_fit"": {""country_opportunity"": 0.25, ""friendliness"": 0.15, ""labor_demand"": 0.15, ""program_fit"": 0.45}, ""balanced"": {""country_opportunity"": 0.3, ""friendliness"": 0.2, ""labor_demand"": 0.3, ""program_fit"": 0.2}, ""labor_market"": {""country_opportunity"": 0.2, ""friendliness"": 0.15, ""labor_demand"": 0.45, ""program_fit"": 0.2}, ""recruitment"": {""country_opportunity"": 0.4, ""friendliness"": 0.3, ""labor_demand"": 0.1, ""program_fit"": 0.2}}",uncertainty_adjusted_management_priority_index_not_predicted_student_count,not_identified_ex_ante,,,,"incremental qualified applications, offers and enrolments attributable to the recruitment intervention",requires_prospective_campaign_evaluation,24,pre_registered_country_program_campaign_with_matched_comparison_or_stepped_wedge_rollout,qualified_leads;applications;offers;enrolments;yield;cost_per_enrolment,relative_record_level_program_demand_not_search_totals,ppml_russia_inbound_structural_allocation_v3;friendliness_receptivity_ex_ante_v4;trudvsem_program_demand_v5;mgimo_program_profiles,calculated_uncertainty_aware_scenario_ensemble_v5,employer_linked_program_campaign_and_case_competitions,46,46.0,104.0,24.0,28.0,24.0,104.0,80.0,1284,29046,0.04420574261516216
country_program_priority_evidence_v5,BLR,Belarus,Europe & Central Asia,languages_regional,languages_regional,Иностранные языки и регионоведение,russian_or_bilingual_russian_english_plus_target_region_language,CLDR indicates a material functional Russian-language environment.,30445.19890863655,30445.19890863655,6973.544032391695,27907.71738493421,62381.01638589323,1.0,1.0,9369.0,2023,40657.59366868813,40657.59366868813,10212.394760051584,100.0,100.0,100.0,100.0,point_score multiplied by probability of positive structural gap,68.04837138372176,48.048371383721744,88.04837138372174,0.6,limited,False,43.445981287108864,"{""diplomatic_analytic"": 0.4456061003463963, ""economic_legal"": 0.3898746629698579}",calculated_from_existing_mgimo_country_profile_scores,52.68428650749584,48.864850295110166,52.853722353772,5,542,65.06184605304449,71.07296375017155,60.313377624050055,59.37911055832449,62.68761183854727,62.68761183854727,59.37911055832449,71.07296375017155,59.37911055832449,71.07296375017155,11.693853191847062,55.425628091913204,76.73315275667542,21.30752466476222,B_targeted_validation,"{""academic_fit"": 59.37911055832449, ""balanced"": 65.06184605304449, ""labor_market"": 60.313377624050055, ""recruitment"": 71.07296375017155}","{""academic_fit"": 55.78872818369673, ""balanced"": 59.42987438864079, ""labor_market"": 55.425628091913204, ""recruitment"": 63.67082907334801}","{""academic_fit"": 61.71771667969629, ""balanced"": 68.52222434863423, ""labor_market"": 62.748070392743536, ""recruitment"": 76.73315275667542}","{""academic_fit"": {""country_opportunity"": 0.25, ""friendliness"": 0.15, ""labor_demand"": 0.15, ""program_fit"": 0.45}, ""balanced"": {""country_opportunity"": 0.3, ""friendliness"": 0.2, ""labor_demand"": 0.3, ""program_fit"": 0.2}, ""labor_market"": {""country_opportunity"": 0.2, ""friendliness"": 0.15, ""labor_demand"": 0.45, ""program_fit"": 0.2}, ""recruitment"": {""country_opportunity"": 0.4, ""friendliness"": 0.3, ""labor_demand"": 0.1, ""program_fit"": 0.2}}",uncertainty_adjusted_management_priority_index_not_predicted_student_count,not_identified_ex_ante,,,,"incremental qualified applications, offers and enrolments attributable to the recruitment intervention",requires_prospective_campaign_evaluation,24,pre_registered_country_program_campaign_with_matched_comparison_or_stepped_wedge_rollout,qualified_leads;applications;offers;enrolments;yield;cost_per_enrolment,relative_record_level_program_demand_not_search_totals,ppml_russia_inbound_structural_allocation_v3;friendliness_receptivity_ex_ante_v4;trudvsem_program_demand_v5;mgimo_program_profiles,calculated_uncertainty_aware_scenario_ensemble_v5,russian_language_track_alumni_and_school_network,47,42.0,19.0,59.0,41.0,19.0,59.0,40.0,542,29046,0.018660056462163465
country_program_priority_evidence_v5,SOM,Somalia,Sub-Saharan Africa,digital_analytics,digital_analytics,Цифровая аналитика и Data/AI,english_plus_russian_preparatory_year,No broad Russian or English functional-language signal is available in CLDR.,371.0254596523729,371.0254596523729,42.66027797003462,328.91435243682554,1012.8978610218408,0.9933333333333332,0.49,149.0,2023,525.0011129523125,525.0011129523125,153.97565329993958,84.89174852253903,84.32580353238876,54.16295460832173,99.27130559080285,point_score multiplied by probability of positive structural gap,65.6844914965029,38.18449149650291,93.18449149650291,0.45,limited,False,26.108823075856584,"{""digital_finance_business_informatics"": 0.2791727506799511, ""economic_legal"": 0.1887501510730246}",calculated_from_existing_mgimo_country_profile_scores,80.99834319526626,80.86266231881814,84.12359954610515,6,1284,63.178799141422715,62.13279270787627,63.581804244909236,48.308439585491094,62.655795924649496,62.655795924649496,48.308439585491094,63.581804244909236,48.308439585491094,63.581804244909236,15.273364659418142,39.98713754247502,73.78536737445394,33.79822983197892,B_targeted_validation,"{""academic_fit"": 48.308439585491094, ""balanced"": 63.178799141422715, ""labor_market"": 63.581804244909236, ""recruitment"": 62.13279270787627}","{""academic_fit"": 39.98713754247502, ""balanced"": 49.813105423173695, ""labor_market"": 53.7633143822058, ""recruitment"": 44.48387561457682}","{""academic_fit"": 53.26930108286734, ""balanced"": 71.8562639864638, ""labor_market"": 70.33240906902746, ""recruitment"": 73.78536737445394}","{""academic_fit"": {""country_opportunity"": 0.25, ""friendliness"": 0.15, ""labor_demand"": 0.15, ""program_fit"": 0.45}, ""balanced"": {""country_opportunity"": 0.3, ""friendliness"": 0.2, ""labor_demand"": 0.3, ""program_fit"": 0.2}, ""labor_market"": {""country_opportunity"": 0.2, ""friendliness"": 0.15, ""labor_demand"": 0.45, ""program_fit"": 0.2}, ""recruitment"": {""country_opportunity"": 0.4, ""friendliness"": 0.3, ""labor_demand"": 0.1, ""program_fit"": 0.2}}",uncertainty_adjusted_management_priority_index_not_predicted_student_count,not_identified_ex_ante,,,,"incremental qualified applications, offers and enrolments attributable to the recruitment intervention",requires_prospective_campaign_evaluation,24,pre_registered_country_program_campaign_with_matched_comparison_or_stepped_wedge_rollout,qualified_leads;applications;offers;enrolments;yield;cost_per_enrolment,relative_record_level_program_demand_not_search_totals,ppml_russia_inbound_structural_allocation_v3;friendliness_receptivity_ex_ante_v4;trudvsem_program_demand_v5;mgimo_program_profiles,calculated_uncertainty_aware_scenario_ensemble_v5,employer_linked_program_campaign_and_case_competitions,48,47.0,81.0,39.0,114.0,39.0,114.0,75.0,1284,29046,0.04420574261516216
country_program_priority_evidence_v5,MLI,Mali,Sub-Saharan Africa,digital_analytics,digital_analytics,Цифровая аналитика и Data/AI,english_plus_russian_preparatory_year,No broad Russian or English functional-language signal is available in CLDR.,784.3979453296448,784.3979453296448,268.8487015801145,725.5983064700426,1402.6719095326164,1.0,0.98,196.0,2023,965.5455456755742,965.5455456755742,181.14760034592936,95.60874724951063,95.60874724951063,80.28641203932513,100.0,point_score multiplied by probability of positive structural gap,66.36127576000781,38.86127576000782,93.86127576000784,0.45,limited,False,20.32280435593069,"{""digital_finance_business_informatics"": 0.2252256041423628, ""economic_legal"": 0.1152378012270832}",calculated_from_existing_mgimo_country_profile_scores,80.99834319526626,80.86266231881814,84.12359954610515,6,1284,62.62907677791234,62.42487332105786,62.21922698916143,44.796593612782,62.32205015510964,62.32205015510964,44.796593612782,62.62907677791234,44.796593612782,62.62907677791234,17.83248316513034,39.64684368957183,70.68182044830394,31.034976758732107,B_targeted_validation,"{""academic_fit"": 44.796593612782, ""balanced"": 62.62907677791234, ""labor_market"": 62.21922698916143, ""recruitment"": 62.42487332105786}","{""academic_fit"": 39.64684368957183, ""balanced"": 53.51664448162303, ""labor_market"": 55.51654105709945, ""recruitment"": 49.765528103055544}","{""academic_fit"": 47.95233457312679, ""balanced"": 68.73480247723013, ""labor_market"": 67.20438336032657, ""recruitment"": 70.68182044830394}","{""academic_fit"": {""country_opportunity"": 0.25, ""friendliness"": 0.15, ""labor_demand"": 0.15, ""program_fit"": 0.45}, ""balanced"": {""country_opportunity"": 0.3, ""friendliness"": 0.2, ""labor_demand"": 0.3, ""program_fit"": 0.2}, ""labor_market"": {""country_opportunity"": 0.2, ""friendliness"": 0.15, ""labor_demand"": 0.45, ""program_fit"": 0.2}, ""recruitment"": {""country_opportunity"": 0.4, ""friendliness"": 0.3, ""labor_demand"": 0.1, ""program_fit"": 0.2}}",uncertainty_adjusted_management_priority_index_not_predicted_student_count,not_identified_ex_ante,,,,"incremental qualified applications, offers and enrolments attributable to the recruitment intervention",requires_prospective_campaign_evaluation,24,pre_registered_country_program_campaign_with_matched_comparison_or_stepped_wedge_rollout,qualified_leads;applications;offers;enrolments;yield;cost_per_enrolment,relative_record_level_program_demand_not_search_totals,ppml_russia_inbound_structural_allocation_v3;friendliness_receptivity_ex_ante_v4;trudvsem_program_demand_v5;mgimo_program_profiles,calculated_uncertainty_aware_scenario_ensemble_v5,employer_linked_program_campaign_and_case_competitions,49,48.0,77.0,48.0,145.0,48.0,145.0,97.0,1284,29046,0.04420574261516216
country_program_priority_evidence_v5,QAT,Qatar,Middle East & North Africa,languages_regional,languages_regional,Иностранные языки и регионоведение,english_plus_russian_preparatory_year_plus_target_region_language,No broad Russian or English functional-language signal is available in CLDR.,181.741219289879,181.741219289879,63.374058751366526,164.42780274329073,405.2775387971988,1.0,0.05,7.0,2023,188.09570631430216,188.09570631430216,6.354487024423151,74.69590716206966,74.69590716206966,59.73168254284648,86.15493872150051,point_score multiplied by probability of positive structural gap,63.28068332224216,35.780683322242155,90.78068332224215,0.45,limited,False,56.03598257713384,"{""diplomatic_analytic"": 0.545733376665048, ""economic_legal"": 0.6188656221964999}",calculated_from_existing_mgimo_country_profile_scores,52.68428650749584,48.864850295110166,52.853722353772,5,542,61.830161912709904,65.15477283885392,59.20606499047341,61.15090570224855,61.490533807479224,61.490533807479224,59.20606499047341,65.15477283885392,59.20606499047341,65.15477283885392,5.948707848380508,50.0887192428062,76.73123198617591,26.642512743369714,B_targeted_validation,"{""academic_fit"": 61.15090570224855, ""balanced"": 61.830161912709904, ""labor_market"": 59.20606499047341, ""recruitment"": 65.15477283885392}","{""academic_fit"": 52.63948345177929, ""balanced"": 50.62853028427471, ""labor_market"": 50.40132772035011, ""recruitment"": 50.0887192428062}","{""academic_fit"": 66.85189096904628, ""balanced"": 69.32836972389543, ""labor_market"": 64.33193023243598, ""recruitment"": 76.73123198617591}","{""academic_fit"": {""country_opportunity"": 0.25, ""friendliness"": 0.15, ""labor_demand"": 0.15, ""program_fit"": 0.45}, ""balanced"": {""country_opportunity"": 0.3, ""friendliness"": 0.2, ""labor_demand"": 0.3, ""program_fit"": 0.2}, ""labor_market"": {""country_opportunity"": 0.2, ""friendliness"": 0.15, ""labor_demand"": 0.45, ""program_fit"": 0.2}, ""recruitment"": {""country_opportunity"": 0.4, ""friendliness"": 0.3, ""labor_demand"": 0.1, ""program_fit"": 0.2}}",uncertainty_adjusted_management_priority_index_not_predicted_student_count,not_identified_ex_ante,,,,"incremental qualified applications, offers and enrolments attributable to the recruitment intervention",requires_prospective_campaign_evaluation,24,pre_registered_country_program_campaign_with_matched_comparison_or_stepped_wedge_rollout,qualified_leads;applications;offers;enrolments;yield;cost_per_enrolment,relative_record_level_program_demand_not_search_totals,ppml_russia_inbound_structural_allocation_v3;friendliness_receptivity_ex_ante_v4;trudvsem_program_demand_v5;mgimo_program_profiles,calculated_uncertainty_aware_scenario_ensemble_v5,targeted_digital_campaign_with_local_partner_validation,50,50.0,56.0,67.0,33.0,33.0,67.0,34.0,542,29046,0.018660056462163465
country_program_priority_evidence_v5,BTN,Bhutan,South Asia,international_economics,international_economics,Международная экономика и ВЭД,english_plus_russian_preparatory_year,No broad Russian or English functional-language signal is available in CLDR.,140.10751376544923,140.10751376544923,27.40457878184346,132.0229178729953,521.452014387838,1.0,0.0633333333333333,0.0,2023,140.10751376544923,140.10751376544923,0.0,70.98771126558162,70.98771126558162,47.99735110755962,89.76198788555648,point_score multiplied by probability of positive structural gap,63.21573955610894,35.715739556108936,90.71573955610894,0.45,limited,False,44.33373882987636,"{""economic_legal"": 0.4402058302836045, ""energy_logistics"": 0.4527320623442408}",calculated_from_existing_mgimo_country_profile_scores,63.80753253946275,63.58040409631885,64.03323363437521,6,723,61.53984348870739,62.132850088789716,60.924545686826505,56.010952251918724,61.23219458776695,61.23219458776695,56.010952251918724,62.132850088789716,56.010952251918724,62.132850088789716,6.121897836870993,45.029563240895314,75.88767199816357,30.858108757268255,B_targeted_validation,"{""academic_fit"": 56.010952251918724, ""balanced"": 61.53984348870739, ""labor_market"": 60.924545686826505, ""recruitment"": 62.132850088789716}","{""academic_fit"": 46.75783829918336, ""balanced"": 48.979618487667196, ""labor_market"": 51.792948739770026, ""recruitment"": 45.029563240895314}","{""academic_fit"": 62.64424818226616, ""balanced"": 70.9191485431272, ""labor_market"": 67.42504136968506, ""recruitment"": 75.88767199816357}","{""academic_fit"": {""country_opportunity"": 0.25, ""friendliness"": 0.15, ""labor_demand"": 0.15, ""program_fit"": 0.45}, ""balanced"": {""country_opportunity"": 0.3, ""friendliness"": 0.2, ""labor_demand"": 0.3, ""program_fit"": 0.2}, ""labor_market"": {""country_opportunity"": 0.2, ""friendliness"": 0.15, ""labor_demand"": 0.45, ""program_fit"": 0.2}, ""recruitment"": {""country_opportunity"": 0.4, ""friendliness"": 0.3, ""labor_demand"": 0.1, ""program_fit"": 0.2}}",uncertainty_adjusted_management_priority_index_not_predicted_student_count,not_identified_ex_ante,,,,"incremental qualified applications, offers and enrolments attributable to the recruitment intervention",requires_prospective_campaign_evaluation,24,pre_registered_country_program_campaign_with_matched_comparison_or_stepped_wedge_rollout,qualified_leads;applications;offers;enrolments;yield;cost_per_enrolment,relative_record_level_program_demand_not_search_totals,ppml_russia_inbound_structural_allocation_v3;friendliness_receptivity_ex_ante_v4;trudvsem_program_demand_v5;mgimo_program_profiles,calculated_uncertainty_aware_scenario_ensemble_v5,targeted_digital_campaign_with_local_partner_validation,51,52.0,80.0,53.0,64.0,52.0,80.0,28.0,723,29046,0.024891551332369345
country_program_priority_evidence_v5,THA,Thailand,East Asia & Pacific,languages_regional,languages_regional,Иностранные языки и регионоведение,english_with_optional_russian_preparatory_module_plus_target_region_language,CLDR indicates a material functional English-language environment.,222.9823261229627,222.9823261229627,-35.88656602940428,196.96835921580677,897.5067334467701,0.915,0.12,130.0,2023,362.2327664029911,362.2327664029911,139.25044028002836,77.61451665790797,71.0172827419858,0.0,97.53841789027449,point_score multiplied by probability of positive structural gap,63.36552884934288,35.86552884934287,90.86552884934288,0.45,limited,False,57.414084571638526,"{""diplomatic_analytic"": 0.5706719830606207, ""economic_legal"": 0.5880162963394429}",calculated_from_existing_mgimo_country_profile_scores,52.68428650749584,48.864850295110166,52.853722353772,5,542,61.2206568044672,64.2003735196379,58.911315703694015,61.058453035304396,61.139554919885796,61.139554919885796,58.911315703694015,64.2003735196379,58.911315703694015,64.2003735196379,5.289057815943892,9.744234652000024,81.0012501702552,71.25701551825517,C_monitor_and_test,"{""academic_fit"": 61.058453035304396, ""balanced"": 61.2206568044672, ""labor_market"": 58.911315703694015, ""recruitment"": 64.2003735196379}","{""academic_fit"": 19.066623164775194, ""balanced"": 14.847201094616192, ""labor_market"": 22.283466143043583, ""recruitment"": 9.744234652000024}","{""academic_fit"": 69.68963296946349, ""balanced"": 72.2868084848812, ""labor_market"": 66.25569627797738, ""recruitment"": 81.0012501702552}","{""academic_fit"": {""country_opportunity"": 0.25, ""friendliness"": 0.15, ""labor_demand"": 0.15, ""program_fit"": 0.45}, ""balanced"": {""country_opportunity"": 0.3, ""friendliness"": 0.2, ""labor_demand"": 0.3, ""program_fit"": 0.2}, ""labor_market"": {""country_opportunity"": 0.2, ""friendliness"": 0.15, ""labor_demand"": 0.45, ""program_fit"": 0.2}, ""recruitment"": {""country_opportunity"": 0.4, ""friendliness"": 0.3, ""labor_demand"": 0.1, ""program_fit"": 0.2}}",uncertainty_adjusted_management_priority_index_not_predicted_student_count,not_identified_ex_ante,,,,"incremental qualified applications, offers and enrolments attributable to the recruitment intervention",requires_prospective_campaign_evaluation,24,pre_registered_country_program_campaign_with_matched_comparison_or_stepped_wedge_rollout,qualified_leads;applications;offers;enrolments;yield;cost_per_enrolment,relative_record_level_program_demand_not_search_totals,ppml_russia_inbound_structural_allocation_v3;friendliness_receptivity_ex_ante_v4;trudvsem_program_demand_v5;mgimo_program_profiles,calculated_uncertainty_aware_scenario_ensemble_v5,targeted_digital_campaign_with_local_partner_validation,52,56.0,62.0,69.0,34.0,34.0,69.0,35.0,542,29046,0.018660056462163465
country_program_priority_evidence_v5,NER,Niger,Sub-Saharan Africa,digital_analytics,digital_analytics,Цифровая аналитика и Data/AI,english_plus_russian_preparatory_year,No broad Russian or English functional-language signal is available in CLDR.,494.4652025116648,494.4652025116648,160.9628794116347,471.67872675748697,1062.3091707573135,1.0,0.8166666666666667,27.0,2023,521.5055102083084,521.5055102083084,27.04030769664352,89.0013274889097,89.0013274889097,72.96473150246261,99.95376750000088,point_score multiplied by probability of positive structural gap,64.80558862801902,37.305588628019024,92.30558862801902,0.45,limited,False,20.863583103949352,"{""digital_finance_business_informatics"": 0.2254304863999341, ""economic_legal"": 0.141457209597731}",calculated_from_existing_mgimo_country_profile_scores,80.99834319526626,80.86266231881814,84.12359954610515,6,1284,61.33263834958681,60.55943309466855,61.43620464128098,44.35326908421919,60.946035722127675,60.946035722127675,44.35326908421919,61.43620464128098,44.35326908421919,61.43620464128098,17.082935557061788,38.92795595008736,70.67229605925588,31.744340109168526,B_targeted_validation,"{""academic_fit"": 44.35326908421919, ""balanced"": 61.33263834958681, ""labor_market"": 61.43620464128098, ""recruitment"": 60.55943309466855}","{""academic_fit"": 38.92795595008736, ""balanced"": 51.86907303796842, ""labor_market"": 54.425921491298304, ""recruitment"": 47.590470268968694}","{""academic_fit"": 48.37015804974539, ""balanced"": 68.84242790645108, ""labor_market"": 67.36836998500976, ""recruitment"": 70.67229605925588}","{""academic_fit"": {""country_opportunity"": 0.25, ""friendliness"": 0.15, ""labor_demand"": 0.15, ""program_fit"": 0.45}, ""balanced"": {""country_opportunity"": 0.3, ""friendliness"": 0.2, ""labor_demand"": 0.3, ""program_fit"": 0.2}, ""labor_market"": {""country_opportunity"": 0.2, ""friendliness"": 0.15, ""labor_demand"": 0.45, ""program_fit"": 0.2}, ""recruitment"": {""country_opportunity"": 0.4, ""friendliness"": 0.3, ""labor_demand"": 0.1, ""program_fit"": 0.2}}",uncertainty_adjusted_management_priority_index_not_predicted_student_count,not_identified_ex_ante,,,,"incremental qualified applications, offers and enrolments attributable to the recruitment intervention",requires_prospective_campaign_evaluation,24,pre_registered_country_program_campaign_with_matched_comparison_or_stepped_wedge_rollout,qualified_leads;applications;offers;enrolments;yield;cost_per_enrolment,relative_record_level_program_demand_not_search_totals,ppml_russia_inbound_structural_allocation_v3;friendliness_receptivity_ex_ante_v4;trudvsem_program_demand_v5;mgimo_program_profiles,calculated_uncertainty_aware_scenario_ensemble_v5,employer_linked_program_campaign_and_case_competitions,53,54.0,89.0,52.0,150.0,52.0,150.0,98.0,1284,29046,0.04420574261516216
country_program_priority_evidence_v5,KHM,Cambodia,East Asia & Pacific,international_economics,international_economics,Международная экономика и ВЭД,english_plus_russian_preparatory_year,No broad Russian or English functional-language signal is available in CLDR.,167.55416672419764,167.55416672419764,-15.859729091382542,148.0692865032078,878.291230563737,0.9433333333333334,0.05,70.0,2023,225.2250074192524,225.2250074192524,57.67084069505476,73.53684719994229,69.36975919194556,0.0,97.22836472831446,point_score multiplied by probability of positive structural gap,64.09164215514153,36.59164215514152,91.59164215514151,0.45,limited,False,42.46795784360376,"{""economic_legal"": 0.314695709463807, ""energy_logistics"": 0.7546311853527297}",calculated_from_existing_mgimo_country_profile_scores,63.80753253946275,63.58040409631885,64.03323363437521,6,723,60.77444265347648,61.303746505965805,60.26288788027502,54.76131978636004,60.51866526687574,60.51866526687574,54.76131978636004,61.303746505965805,54.76131978636004,61.303746505965805,6.542426719605764,9.480908142074865,77.89190225070155,68.41099410862668,C_monitor_and_test,"{""academic_fit"": 54.76131978636004, ""balanced"": 60.77444265347648, ""labor_market"": 60.26288788027502, ""recruitment"": 61.303746505965805}","{""academic_fit"": 17.403379532093, ""balanced"": 15.183117769219912, ""labor_market"": 23.665817413257862, ""recruitment"": 9.480908142074865}","{""academic_fit"": 62.78705047016005, ""balanced"": 72.15036124465094, ""labor_market"": 68.02311745187869, ""recruitment"": 77.89190225070155}","{""academic_fit"": {""country_opportunity"": 0.25, ""friendliness"": 0.15, ""labor_demand"": 0.15, ""program_fit"": 0.45}, ""balanced"": {""country_opportunity"": 0.3, ""friendliness"": 0.2, ""labor_demand"": 0.3, ""program_fit"": 0.2}, ""labor_market"": {""country_opportunity"": 0.2, ""friendliness"": 0.15, ""labor_demand"": 0.45, ""program_fit"": 0.2}, ""recruitment"": {""country_opportunity"": 0.4, ""friendliness"": 0.3, ""labor_demand"": 0.1, ""program_fit"": 0.2}}",uncertainty_adjusted_management_priority_index_not_predicted_student_count,not_identified_ex_ante,,,,"incremental qualified applications, offers and enrolments attributable to the recruitment intervention",requires_prospective_campaign_evaluation,24,pre_registered_country_program_campaign_with_matched_comparison_or_stepped_wedge_rollout,qualified_leads;applications;offers;enrolments;yield;cost_per_enrolment,relative_record_level_program_demand_not_search_totals,ppml_russia_inbound_structural_allocation_v3;friendliness_receptivity_ex_ante_v4;trudvsem_program_demand_v5;mgimo_program_profiles,calculated_uncertainty_aware_scenario_ensemble_v5,targeted_digital_campaign_with_local_partner_validation,54,59.0,84.0,60.0,71.0,59.0,84.0,25.0,723,29046,0.024891551332369345
country_program_priority_evidence_v5,IDN,Indonesia,East Asia & Pacific,international_economics,international_economics,Международная экономика и ВЭД,english_plus_russian_preparatory_year,No broad Russian or English functional-language signal is available in CLDR.,663.2562933239036,663.2562933239036,-101.0798443457751,590.7454114815195,2173.447978739426,0.93,0.7383333333333333,556.0,2023,1173.2003318727418,1173.2003318727418,509.9440385488382,93.20608366583559,86.6816578092271,0.0,100.0,point_score multiplied by probability of positive structural gap,62.392570439499806,44.892570439499806,79.89257043949979,0.65,moderate,True,32.621264169604345,"{""economic_legal"": 0.3291049607346231, ""energy_logistics"": 0.3175356845803043}",calculated_from_existing_mgimo_country_profile_scores,63.80753253946275,63.58040409631885,64.03323363437521,6,723,61.343616779128986,63.08687166159335,59.58273132284708,51.337144582667726,60.46317405098803,60.46317405098803,51.337144582667726,63.08687166159335,51.337144582667726,63.08687166159335,11.749727078925623,9.561680433468103,71.84823587403912,62.286555440571014,C_monitor_and_test,"{""academic_fit"": 51.337144582667726, ""balanced"": 61.343616779128986, ""labor_market"": 59.58273132284708, ""recruitment"": 63.08687166159335}","{""academic_fit"": 15.974652328739051, ""balanced"": 15.009980848180774, ""labor_market"": 23.163710723749542, ""recruitment"": 9.561680433468103}","{""academic_fit"": 55.194001991981935, ""balanced"": 67.26980642640089, ""labor_market"": 63.674114072586775, ""recruitment"": 71.84823587403912}","{""academic_fit"": {""country_opportunity"": 0.25, ""friendliness"": 0.15, ""labor_demand"": 0.15, ""program_fit"": 0.45}, ""balanced"": {""country_opportunity"": 0.3, ""friendliness"": 0.2, ""labor_demand"": 0.3, ""program_fit"": 0.2}, ""labor_market"": {""country_opportunity"": 0.2, ""friendliness"": 0.15, ""labor_demand"": 0.45, ""program_fit"": 0.2}, ""recruitment"": {""country_opportunity"": 0.4, ""friendliness"": 0.3, ""labor_demand"": 0.1, ""program_fit"": 0.2}}",uncertainty_adjusted_management_priority_index_not_predicted_student_count,not_identified_ex_ante,,,,"incremental qualified applications, offers and enrolments attributable to the recruitment intervention",requires_prospective_campaign_evaluation,24,pre_registered_country_program_campaign_with_matched_comparison_or_stepped_wedge_rollout,qualified_leads;applications;offers;enrolments;yield;cost_per_enrolment,relative_record_level_program_demand_not_search_totals,ppml_russia_inbound_structural_allocation_v3;friendliness_receptivity_ex_ante_v4;trudvsem_program_demand_v5;mgimo_program_profiles,calculated_uncertainty_aware_scenario_ensemble_v5,targeted_digital_campaign_with_local_partner_validation,55,53.0,72.0,65.0,94.0,53.0,94.0,41.0,723,29046,0.024891551332369345
country_program_priority_evidence_v5,SRB,Serbia,Europe & Central Asia,legal_public,legal_public,Международное право и комплаенс,english_plus_russian_preparatory_year,No broad Russian or English functional-language signal is available in CLDR.,1862.9553713367163,1862.9553713367163,1003.314755628782,1669.0585884881532,2555.963289644219,1.0,1.0,360.0,2023,2193.7618868849218,2193.7618868849218,330.80651554820554,100.0,100.0,99.1351007594011,100.0,point_score multiplied by probability of positive structural gap,63.29199926677249,35.79199926677249,90.79199926677248,0.45,limited,False,55.3127690765987,"{""diplomatic_analytic"": 0.5691819653788429, ""economic_legal"": 0.5462472873604773}",calculated_from_existing_mgimo_country_profile_scores,33.810526315789474,33.51626038781164,34.93637368711995,5,363,59.05286575169026,69.84682843744822,51.48225752113662,61.23675872634602,60.14481223901814,60.14481223901814,51.48225752113662,69.84682843744822,51.48225752113662,69.84682843744822,18.364570916311607,47.08590915808186,77.9692624827879,30.883353324706036,B_targeted_validation,"{""academic_fit"": 61.23675872634602, ""balanced"": 59.05286575169026, ""labor_market"": 51.48225752113662, ""recruitment"": 69.84682843744822}","{""academic_fit"": 56.12610149210584, ""balanced"": 52.54527910573338, ""labor_market"": 47.08590915808186, ""recruitment"": 58.8251344699003}","{""academic_fit"": 64.90571361526641, ""balanced"": 64.0202927970412, ""labor_market"": 55.09033519454994, ""recruitment"": 77.9692624827879}","{""academic_fit"": {""country_opportunity"": 0.25, ""friendliness"": 0.15, ""labor_demand"": 0.15, ""program_fit"": 0.45}, ""balanced"": {""country_opportunity"": 0.3, ""friendliness"": 0.2, ""labor_demand"": 0.3, ""program_fit"": 0.2}, ""labor_market"": {""country_opportunity"": 0.2, ""friendliness"": 0.15, ""labor_demand"": 0.45, ""program_fit"": 0.2}, ""recruitment"": {""country_opportunity"": 0.4, ""friendliness"": 0.3, ""labor_demand"": 0.1, ""program_fit"": 0.2}}",uncertainty_adjusted_management_priority_index_not_predicted_student_count,not_identified_ex_ante,,,,"incremental qualified applications, offers and enrolments attributable to the recruitment intervention",requires_prospective_campaign_evaluation,24,pre_registered_country_program_campaign_with_matched_comparison_or_stepped_wedge_rollout,qualified_leads;applications;offers;enrolments;yield;cost_per_enrolment,relative_record_level_program_demand_not_search_totals,ppml_russia_inbound_structural_allocation_v3;friendliness_receptivity_ex_ante_v4;trudvsem_program_demand_v5;mgimo_program_profiles,calculated_uncertainty_aware_scenario_ensemble_v5,targeted_digital_campaign_with_local_partner_validation,56,69.0,27.0,126.0,32.0,27.0,126.0,99.0,363,29046,0.012497417888865936
country_program_priority_evidence_v5,AZE,Azerbaijan,Europe & Central Asia,languages_regional,languages_regional,Иностранные языки и регионоведение,english_plus_russian_preparatory_year_plus_target_region_language,No broad Russian or English functional-language signal is available in CLDR.,15116.55996574624,15116.55996574624,8152.10522003389,13587.33892593225,18211.214328846352,1.0,1.0,5965.0,2023,22566.20697470832,22566.20697470832,7449.647008962082,100.0,100.0,100.0,100.0,point_score multiplied by probability of positive structural gap,65.98981332659201,38.489813326592014,93.489813326592,0.45,limited,False,35.55589764740703,"{""diplomatic_analytic"": 0.3534390310390914, ""economic_legal"": 0.3640387582139859}",calculated_from_existing_mgimo_country_profile_scores,52.68428650749584,48.864850295110166,52.853722353772,5,542,62.1902693894812,67.73077033725491,57.73869185016124,54.13376288513187,59.96448061982122,59.96448061982122,54.13376288513187,67.73077033725491,54.13376288513187,67.73077033725491,13.597007452123037,49.45745487478074,75.11656783200684,25.6591129572261,B_targeted_validation,"{""academic_fit"": 54.13376288513187, ""balanced"": 62.1902693894812, ""labor_market"": 57.73869185016124, ""recruitment"": 67.73077033725491}","{""academic_fit"": 49.45745487478074, ""balanced"": 54.72703264598391, ""labor_market"": 51.595840010554284, ""recruitment"": 57.375124700445625}","{""academic_fit"": 57.0269219577786, ""balanced"": 66.68194288163049, ""labor_market"": 60.882042973042296, ""recruitment"": 75.11656783200684}","{""academic_fit"": {""country_opportunity"": 0.25, ""friendliness"": 0.15, ""labor_demand"": 0.15, ""program_fit"": 0.45}, ""balanced"": {""country_opportunity"": 0.3, ""friendliness"": 0.2, ""labor_demand"": 0.3, ""program_fit"": 0.2}, ""labor_market"": {""country_opportunity"": 0.2, ""friendliness"": 0.15, ""labor_demand"": 0.45, ""program_fit"": 0.2}, ""recruitment"": {""country_opportunity"": 0.4, ""friendliness"": 0.3, ""labor_demand"": 0.1, ""program_fit"": 0.2}}",uncertainty_adjusted_management_priority_index_not_predicted_student_count,not_identified_ex_ante,,,,"incremental qualified applications, offers and enrolments attributable to the recruitment intervention",requires_prospective_campaign_evaluation,24,pre_registered_country_program_campaign_with_matched_comparison_or_stepped_wedge_rollout,qualified_leads;applications;offers;enrolments;yield;cost_per_enrolment,relative_record_level_program_demand_not_search_totals,ppml_russia_inbound_structural_allocation_v3;friendliness_receptivity_ex_ante_v4;trudvsem_program_demand_v5;mgimo_program_profiles,calculated_uncertainty_aware_scenario_ensemble_v5,digital_recruitment_scholarship_and_olympiad,57,49.0,40.0,79.0,76.0,40.0,79.0,39.0,542,29046,0.018660056462163465
country_program_priority_evidence_v5,PHL,Philippines,East Asia & Pacific,languages_regional,languages_regional,Иностранные языки и регионоведение,english_with_optional_russian_preparatory_module_plus_target_region_language,CLDR indicates a material functional English-language environment.,484.6717004001166,484.6717004001166,143.8475030575797,449.92736014501145,1267.60317230366,1.0,0.835,17.0,2023,506.4046398544305,506.4046398544305,21.732939454313914,88.71499361028283,88.71499361028283,71.3628978535519,100.0,point_score multiplied by probability of positive structural gap,63.19143211840076,35.691432118400755,90.69143211840075,0.45,limited,False,42.9898389758758,"{""diplomatic_analytic"": 0.430623591707961, ""economic_legal"": 0.4269975819619459}",calculated_from_existing_mgimo_country_profile_scores,52.68428650749584,48.864850295110166,52.853722353772,5,542,61.75301673840941,66.17941912470909,58.13998293798234,56.754733526982626,59.94649983819588,59.94649983819588,56.754733526982626,66.17941912470909,56.754733526982626,66.17941912470909,9.424685597726459,48.91252227958402,77.2498864406153,28.33736416103128,B_targeted_validation,"{""academic_fit"": 56.754733526982626, ""balanced"": 61.75301673840941, ""labor_market"": 58.13998293798234, ""recruitment"": 66.17941912470909}","{""academic_fit"": 48.91252227958402, ""balanced"": 50.63550833626692, ""labor_market"": 49.53869069364677, ""recruitment"": 50.968790959011}","{""academic_fit"": 61.70199548181681, ""balanced"": 68.78218724547432, ""labor_market"": 62.89407959679549, ""recruitment"": 77.2498864406153}","{""academic_fit"": {""country_opportunity"": 0.25, ""friendliness"": 0.15, ""labor_demand"": 0.15, ""program_fit"": 0.45}, ""balanced"": {""country_opportunity"": 0.3, ""friendliness"": 0.2, ""labor_demand"": 0.3, ""program_fit"": 0.2}, ""labor_market"": {""country_opportunity"": 0.2, ""friendliness"": 0.15, ""labor_demand"": 0.45, ""program_fit"": 0.2}, ""recruitment"": {""country_opportunity"": 0.4, ""friendliness"": 0.3, ""labor_demand"": 0.1, ""program_fit"": 0.2}}",uncertainty_adjusted_management_priority_index_not_predicted_student_count,not_identified_ex_ante,,,,"incremental qualified applications, offers and enrolments attributable to the recruitment intervention",requires_prospective_campaign_evaluation,24,pre_registered_country_program_campaign_with_matched_comparison_or_stepped_wedge_rollout,qualified_leads;applications;offers;enrolments;yield;cost_per_enrolment,relative_record_level_program_demand_not_search_totals,ppml_russia_inbound_structural_allocation_v3;friendliness_receptivity_ex_ante_v4;trudvsem_program_demand_v5;mgimo_program_profiles,calculated_uncertainty_aware_scenario_ensemble_v5,targeted_digital_campaign_with_local_partner_validation,58,51.0,52.0,76.0,58.0,51.0,76.0,25.0,542,29046,0.018660056462163465
country_program_priority_evidence_v5,NPL,Nepal,South Asia,international_economics,international_economics,Международная экономика и ВЭД,english_plus_russian_preparatory_year,No broad Russian or English functional-language signal is available in CLDR.,1075.5996140261825,1075.5996140261825,286.4172296092276,998.3002316758184,2764.8976282259064,1.0,0.99,94.0,2023,1174.2304663495102,1174.2304663495102,98.6308523233276,100.0,100.0,81.19103317197752,100.0,point_score multiplied by probability of positive structural gap,63.8663064372496,36.3663064372496,91.3663064372496,0.45,limited,False,25.319411259116897,"{""economic_legal"": 0.2549315980723572, ""energy_logistics"": 0.2479816561476043}",calculated_from_existing_mgimo_country_profile_scores,63.80753253946275,63.58040409631885,64.03323363437521,6,723,61.22400732262746,64.0074770642823,58.56423564070199,47.80022541918855,59.894121481664726,59.894121481664726,47.80022541918855,64.0074770642823,47.80022541918855,64.0074770642823,16.20725164509375,41.77304676320699,71.19180724127779,29.418760478070794,B_targeted_validation,"{""academic_fit"": 47.80022541918855, ""balanced"": 61.22400732262746, ""labor_market"": 58.56423564070199, ""recruitment"": 64.0074770642823}","{""academic_fit"": 41.77304676320699, ""balanced"": 51.48816970594093, ""labor_market"": 51.65544592991762, ""recruitment"": 49.93646130797852}","{""academic_fit"": 50.429026587868634, ""balanced"": 65.77692889423193, ""labor_market"": 61.849483699700045, ""recruitment"": 71.19180724127779}","{""academic_fit"": {""country_opportunity"": 0.25, ""friendliness"": 0.15, ""labor_demand"": 0.15, ""program_fit"": 0.45}, ""balanced"": {""country_opportunity"": 0.3, ""friendliness"": 0.2, ""labor_demand"": 0.3, ""program_fit"": 0.2}, ""labor_market"": {""country_opportunity"": 0.2, ""friendliness"": 0.15, ""labor_demand"": 0.45, ""program_fit"": 0.2}, ""recruitment"": {""country_opportunity"": 0.4, ""friendliness"": 0.3, ""labor_demand"": 0.1, ""program_fit"": 0.2}}",uncertainty_adjusted_management_priority_index_not_predicted_student_count,not_identified_ex_ante,,,,"incremental qualified applications, offers and enrolments attributable to the recruitment intervention",requires_prospective_campaign_evaluation,24,pre_registered_country_program_campaign_with_matched_comparison_or_stepped_wedge_rollout,qualified_leads;applications;offers;enrolments;yield;cost_per_enrolment,relative_record_level_program_demand_not_search_totals,ppml_russia_inbound_structural_allocation_v3;friendliness_receptivity_ex_ante_v4;trudvsem_program_demand_v5;mgimo_program_profiles,calculated_uncertainty_aware_scenario_ensemble_v5,targeted_digital_campaign_with_local_partner_validation,59,55.0,63.0,74.0,121.0,55.0,121.0,66.0,723,29046,0.024891551332369345
country_program_priority_evidence_v5,SOM,Somalia,Sub-Saharan Africa,international_economics,international_economics,Международная экономика и ВЭД,english_plus_russian_preparatory_year,No broad Russian or English functional-language signal is available in CLDR.,371.0254596523729,371.0254596523729,42.66027797003462,328.91435243682554,1012.8978610218408,0.9933333333333332,0.49,149.0,2023,525.0011129523125,525.0011129523125,153.97565329993958,84.89174852253903,84.32580353238876,54.16295460832173,99.27130559080285,point_score multiplied by probability of positive structural gap,65.6844914965029,38.18449149650291,93.18449149650291,0.45,limited,False,29.637646775887283,"{""economic_legal"": 0.1887501510730246, ""energy_logistics"": 0.6192554178164175}",calculated_from_existing_mgimo_country_profile_scores,63.80753253946275,63.58040409631885,64.03323363437521,6,723,60.33182157080509,62.19161914374202,58.611249516771814,49.27324953883105,59.47153554378845,59.47153554378845,49.27324953883105,62.19161914374202,49.27324953883105,62.19161914374202,12.918369604910964,40.77440988016985,73.6050698507087,32.83065997053885,B_targeted_validation,"{""academic_fit"": 49.27324953883105, ""balanced"": 60.33182157080509, ""labor_market"": 58.611249516771814, ""recruitment"": 62.19161914374202}","{""academic_fit"": 40.77440988016985, ""balanced"": 47.54195466355125, ""labor_market"": 49.51897933082329, ""recruitment"": 44.51773453588899}","{""academic_fit"": 54.05737313586315, ""balanced"": 67.92336484965614, ""labor_market"": 63.851757815969336, ""recruitment"": 73.6050698507087}","{""academic_fit"": {""country_opportunity"": 0.25, ""friendliness"": 0.15, ""labor_demand"": 0.15, ""program_fit"": 0.45}, ""balanced"": {""country_opportunity"": 0.3, ""friendliness"": 0.2, ""labor_demand"": 0.3, ""program_fit"": 0.2}, ""labor_market"": {""country_opportunity"": 0.2, ""friendliness"": 0.15, ""labor_demand"": 0.45, ""program_fit"": 0.2}, ""recruitment"": {""country_opportunity"": 0.4, ""friendliness"": 0.3, ""labor_demand"": 0.1, ""program_fit"": 0.2}}",uncertainty_adjusted_management_priority_index_not_predicted_student_count,not_identified_ex_ante,,,,"incremental qualified applications, offers and enrolments attributable to the recruitment intervention",requires_prospective_campaign_evaluation,24,pre_registered_country_program_campaign_with_matched_comparison_or_stepped_wedge_rollout,qualified_leads;applications;offers;enrolments;yield;cost_per_enrolment,relative_record_level_program_demand_not_search_totals,ppml_russia_inbound_structural_allocation_v3;friendliness_receptivity_ex_ante_v4;trudvsem_program_demand_v5;mgimo_program_profiles,calculated_uncertainty_aware_scenario_ensemble_v5,digital_recruitment_scholarship_and_olympiad,60,61.0,79.0,72.0,107.0,61.0,107.0,46.0,723,29046,0.024891551332369345
country_program_priority_evidence_v5,DJI,Djibouti,Middle East & North Africa,languages_regional,languages_regional,Иностранные языки и регионоведение,english_plus_russian_preparatory_year_plus_target_region_language,No broad Russian or English functional-language signal is available in CLDR.,239.3738803499215,239.3738803499215,50.49768958489623,219.4528350835213,743.5658002040125,1.0,0.1883333333333333,25.0,2023,271.619502406588,271.619502406588,32.24562205666646,78.62749291035662,78.62749291035662,56.530848916296335,94.84302000290357,point_score multiplied by probability of positive structural gap,63.19730844112152,35.69730844112152,90.69730844112152,0.45,limited,False,48.03971427071316,"{""diplomatic_analytic"": 0.4616249440057987, ""economic_legal"": 0.5554859375124632}",calculated_from_existing_mgimo_country_profile_scores,52.68428650749584,48.864850295110166,52.853722353772,5,542,60.892617765969035,64.48418181881517,58.01757566622864,57.84896011875571,59.455096716098836,59.455096716098836,57.84896011875571,64.48418181881517,57.84896011875571,64.48418181881517,6.635221700059461,47.52457491775427,77.31094066977842,29.786365752024146,B_targeted_validation,"{""academic_fit"": 57.84896011875571, ""balanced"": 60.892617765969035, ""labor_market"": 58.01757566622864, ""recruitment"": 64.48418181881517}","{""academic_fit"": 48.50256435552945, ""balanced"": 48.30851032290117, ""labor_market"": 48.35830104496353, ""recruitment"": 47.52457491775427}","{""academic_fit"": 63.9515632476332, ""balanced"": 69.19781719656405, ""labor_market"": 63.60640874828039, ""recruitment"": 77.31094066977842}","{""academic_fit"": {""country_opportunity"": 0.25, ""friendliness"": 0.15, ""labor_demand"": 0.15, ""program_fit"": 0.45}, ""balanced"": {""country_opportunity"": 0.3, ""friendliness"": 0.2, ""labor_demand"": 0.3, ""program_fit"": 0.2}, ""labor_market"": {""country_opportunity"": 0.2, ""friendliness"": 0.15, ""labor_demand"": 0.45, ""program_fit"": 0.2}, ""recruitment"": {""country_opportunity"": 0.4, ""friendliness"": 0.3, ""labor_demand"": 0.1, ""program_fit"": 0.2}}",uncertainty_adjusted_management_priority_index_not_predicted_student_count,not_identified_ex_ante,,,,"incremental qualified applications, offers and enrolments attributable to the recruitment intervention",requires_prospective_campaign_evaluation,24,pre_registered_country_program_campaign_with_matched_comparison_or_stepped_wedge_rollout,qualified_leads;applications;offers;enrolments;yield;cost_per_enrolment,relative_record_level_program_demand_not_search_totals,ppml_russia_inbound_structural_allocation_v3;friendliness_receptivity_ex_ante_v4;trudvsem_program_demand_v5;mgimo_program_profiles,calculated_uncertainty_aware_scenario_ensemble_v5,targeted_digital_campaign_with_local_partner_validation,61,58.0,60.0,78.0,50.0,50.0,78.0,28.0,542,29046,0.018660056462163465
country_program_priority_evidence_v5,BIH,Bosnia and Herzegovina,Europe & Central Asia,languages_regional,languages_regional,Иностранные языки и регионоведение,english_with_optional_russian_preparatory_module_plus_target_region_language,CLDR indicates a material functional English-language environment.,476.02545396448784,476.02545396448784,100.21274267780932,430.9251875292698,1327.387180204779,1.0,0.6616666666666666,74.0,2023,545.5627494733623,545.5627494733623,69.53729550887442,88.45736179088952,88.45736179088952,66.22178952691061,100.0,point_score multiplied by probability of positive structural gap,59.6292197732562,32.1292197732562,87.12921977325621,0.45,limited,False,42.96644674039952,"{""diplomatic_analytic"": 0.421037053004802, ""economic_legal"": 0.4641741250007679}",calculated_from_existing_mgimo_country_profile_scores,52.68428650749584,48.864850295110166,52.853722353772,5,542,60.99275874893816,64.97385677036728,57.60492924287542,56.216866977797196,59.29884399590679,59.29884399590679,56.216866977797196,64.97385677036728,56.216866977797196,64.97385677036728,8.756989792570081,47.27827457724657,76.3288992995994,29.05062472235283,B_targeted_validation,"{""academic_fit"": 56.216866977797196, ""balanced"": 60.99275874893816, ""labor_market"": 57.60492924287542, ""recruitment"": 64.97385677036728}","{""academic_fit"": 47.27827457724657, ""balanced"": 48.52175697160493, ""labor_market"": 48.066680298537264, ""recruitment"": 47.989888637078074}","{""academic_fit"": 61.321664297526326, ""balanced"": 68.23198645367735, ""labor_market"": 62.51471283869462, ""recruitment"": 76.3288992995994}","{""academic_fit"": {""country_opportunity"": 0.25, ""friendliness"": 0.15, ""labor_demand"": 0.15, ""program_fit"": 0.45}, ""balanced"": {""country_opportunity"": 0.3, ""friendliness"": 0.2, ""labor_demand"": 0.3, ""program_fit"": 0.2}, ""labor_market"": {""country_opportunity"": 0.2, ""friendliness"": 0.15, ""labor_demand"": 0.45, ""program_fit"": 0.2}, ""recruitment"": {""country_opportunity"": 0.4, ""friendliness"": 0.3, ""labor_demand"": 0.1, ""program_fit"": 0.2}}",uncertainty_adjusted_management_priority_index_not_predicted_student_count,not_identified_ex_ante,,,,"incremental qualified applications, offers and enrolments attributable to the recruitment intervention",requires_prospective_campaign_evaluation,24,pre_registered_country_program_campaign_with_matched_comparison_or_stepped_wedge_rollout,qualified_leads;applications;offers;enrolments;yield;cost_per_enrolment,relative_record_level_program_demand_not_search_totals,ppml_russia_inbound_structural_allocation_v3;friendliness_receptivity_ex_ante_v4;trudvsem_program_demand_v5;mgimo_program_profiles,calculated_uncertainty_aware_scenario_ensemble_v5,targeted_digital_campaign_with_local_partner_validation,62,57.0,59.0,81.0,62.0,57.0,81.0,24.0,542,29046,0.018660056462163465
country_program_priority_evidence_v5,LBY,Libya,Middle East & North Africa,international_economics,international_economics,Международная экономика и ВЭД,english_plus_russian_preparatory_year,No broad Russian or English functional-language signal is available in CLDR.,287.1095900562688,287.1095900562688,43.57381763289008,261.54223974197225,841.9215487717062,0.9983333333333332,0.2366666666666666,65.0,2023,349.4553508380682,349.4553508380682,62.34576078179949,81.22554093396258,81.09016503240596,54.459954567457025,96.6225118599619,point_score multiplied by probability of positive structural gap,63.668003184761545,36.168003184761545,91.16800318476156,0.45,limited,False,31.221305518521937,"{""economic_legal"": 0.2450806223159346, ""energy_logistics"": 0.5136103537930736}",calculated_from_existing_mgimo_country_profile_scores,63.80753253946275,63.58040409631885,64.03323363437521,6,723,59.871498435600046,61.29048927110989,58.479057584126906,49.68932061598236,59.175278009863476,59.175278009863476,49.68932061598236,61.29048927110989,49.68932061598236,61.29048927110989,11.60116865512753,41.436056020016295,73.08274185434146,31.64668583432517,B_targeted_validation,"{""academic_fit"": 49.68932061598236, ""balanced"": 59.871498435600046, ""labor_market"": 58.479057584126906, ""recruitment"": 61.29048927110989}","{""academic_fit"": 41.436056020016295, ""balanced"": 47.595421694974895, ""labor_market"": 49.67911840214112, ""recruitment"": 44.35676871347164}","{""academic_fit"": 54.75047100143119, ""balanced"": 67.76865816267367, ""labor_market"": 63.94626486411714, ""recruitment"": 73.08274185434146}","{""academic_fit"": {""country_opportunity"": 0.25, ""friendliness"": 0.15, ""labor_demand"": 0.15, ""program_fit"": 0.45}, ""balanced"": {""country_opportunity"": 0.3, ""friendliness"": 0.2, ""labor_demand"": 0.3, ""program_fit"": 0.2}, ""labor_market"": {""country_opportunity"": 0.2, ""friendliness"": 0.15, ""labor_demand"": 0.45, ""program_fit"": 0.2}, ""recruitment"": {""country_opportunity"": 0.4, ""friendliness"": 0.3, ""labor_demand"": 0.1, ""program_fit"": 0.2}}",uncertainty_adjusted_management_priority_index_not_predicted_student_count,not_identified_ex_ante,,,,"incremental qualified applications, offers and enrolments attributable to the recruitment intervention",requires_prospective_campaign_evaluation,24,pre_registered_country_program_campaign_with_matched_comparison_or_stepped_wedge_rollout,qualified_leads;applications;offers;enrolments;yield;cost_per_enrolment,relative_record_level_program_demand_not_search_totals,ppml_russia_inbound_structural_allocation_v3;friendliness_receptivity_ex_ante_v4;trudvsem_program_demand_v5;mgimo_program_profiles,calculated_uncertainty_aware_scenario_ensemble_v5,targeted_digital_campaign_with_local_partner_validation,63,62.0,85.0,75.0,104.0,62.0,104.0,42.0,723,29046,0.024891551332369345
country_program_priority_evidence_v5,ARE,United Arab Emirates,Middle East & North Africa,management_public,management_public,Управление и государственная политика,english_with_optional_russian_preparatory_module,CLDR indicates a material functional English-language environment.,422.2036215977997,422.2036215977997,152.4241827480876,386.14354791454286,893.5732988371658,1.0,0.585,81.0,2023,467.7814424420436,467.7814424420436,45.5778208442438,86.74034870599367,86.74034870599367,72.18794126743218,97.47549294327301,point_score multiplied by probability of positive structural gap,63.64058148283527,36.14058148283527,91.14058148283527,0.45,limited,False,77.36199306319074,"{""diplomatic_analytic"": 0.7604462803960823, ""economic_legal"": 0.793380405985645}",calculated_from_existing_mgimo_country_profile_scores,22.16559633027523,21.459607571000703,22.88853092188952,5,89,53.581346583566614,67.8289959055423,44.554846135489164,64.58449068467952,59.08291863412307,59.08291863412307,44.554846135489164,67.8289959055423,44.554846135489164,67.8289959055423,23.274149770053135,38.993831040536996,79.24743514955004,40.25360410901305,B_targeted_validation,"{""academic_fit"": 64.58449068467952, ""balanced"": 53.581346583566614, ""labor_market"": 44.554846135489164, ""recruitment"": 67.8289959055423}","{""academic_fit"": 56.53580772896258, ""balanced"": 45.000979730683724, ""labor_market"": 38.993831040536996, ""recruitment"": 53.25622260837025}","{""academic_fit"": 70.42943246694267, ""balanced"": 60.09594827603415, ""labor_market"": 48.75489720177278, ""recruitment"": 79.24743514955004}","{""academic_fit"": {""country_opportunity"": 0.25, ""friendliness"": 0.15, ""labor_demand"": 0.15, ""program_fit"": 0.45}, ""balanced"": {""country_opportunity"": 0.3, ""friendliness"": 0.2, ""labor_demand"": 0.3, ""program_fit"": 0.2}, ""labor_market"": {""country_opportunity"": 0.2, ""friendliness"": 0.15, ""labor_demand"": 0.45, ""program_fit"": 0.2}, ""recruitment"": {""country_opportunity"": 0.4, ""friendliness"": 0.3, ""labor_demand"": 0.1, ""program_fit"": 0.2}}",uncertainty_adjusted_management_priority_index_not_predicted_student_count,not_identified_ex_ante,,,,"incremental qualified applications, offers and enrolments attributable to the recruitment intervention",requires_prospective_campaign_evaluation,24,pre_registered_country_program_campaign_with_matched_comparison_or_stepped_wedge_rollout,qualified_leads;applications;offers;enrolments;yield;cost_per_enrolment,relative_record_level_program_demand_not_search_totals,ppml_russia_inbound_structural_allocation_v3;friendliness_receptivity_ex_ante_v4;trudvsem_program_demand_v5;mgimo_program_profiles,calculated_uncertainty_aware_scenario_ensemble_v5,targeted_digital_campaign_with_local_partner_validation,64,115.0,39.0,186.0,22.0,22.0,186.0,164.0,89,29046,0.003064105212421676
country_program_priority_evidence_v5,ERI,Eritrea,Sub-Saharan Africa,digital_analytics,digital_analytics,Цифровая аналитика и Data/AI,english_with_optional_russian_preparatory_module,CLDR indicates a material functional English-language environment.,195.9947458691878,195.9947458691878,40.52980776177405,180.6637187645522,478.4797823562563,1.0,0.0083333333333333,53.0,2023,245.36928265380607,245.36928265380607,49.37453678461826,75.77310279482307,75.77310279482307,53.445446397693274,88.53096490236031,point_score multiplied by probability of positive structural gap,65.54245740648598,38.04245740648597,93.04245740648598,0.45,limited,False,23.187026771137003,"{""digital_finance_business_informatics"": 0.2648320578288627, ""economic_legal"": 0.1000231072413991}",calculated_from_existing_mgimo_country_profile_scores,80.99834319526626,80.86266231881814,84.12359954610515,6,1284,59.80247269825669,58.18203654945412,60.829472729041576,44.6815885205722,58.9922546238554,58.9922546238554,44.6815885205722,60.829472729041576,44.6815885205722,60.829472729041576,16.147884208469378,37.84204403952232,68.89482764765917,31.05278360813685,B_targeted_validation,"{""academic_fit"": 44.6815885205722, ""balanced"": 59.80247269825669, ""labor_market"": 60.829472729041576, ""recruitment"": 58.18203654945412}","{""academic_fit"": 37.84204403952232, ""balanced"": 48.463723761782106, ""labor_market"": 52.384963626524936, ""recruitment"": 43.20653893174209}","{""academic_fit"": 49.180184449296746, ""balanced"": 67.86828745084676, ""labor_market"": 67.19096254579536, ""recruitment"": 68.89482764765917}","{""academic_fit"": {""country_opportunity"": 0.25, ""friendliness"": 0.15, ""labor_demand"": 0.15, ""program_fit"": 0.45}, ""balanced"": {""country_opportunity"": 0.3, ""friendliness"": 0.2, ""labor_demand"": 0.3, ""program_fit"": 0.2}, ""labor_market"": {""country_opportunity"": 0.2, ""friendliness"": 0.15, ""labor_demand"": 0.45, ""program_fit"": 0.2}, ""recruitment"": {""country_opportunity"": 0.4, ""friendliness"": 0.3, ""labor_demand"": 0.1, ""program_fit"": 0.2}}",uncertainty_adjusted_management_priority_index_not_predicted_student_count,not_identified_ex_ante,,,,"incremental qualified applications, offers and enrolments attributable to the recruitment intervention",requires_prospective_campaign_evaluation,24,pre_registered_country_program_campaign_with_matched_comparison_or_stepped_wedge_rollout,qualified_leads;applications;offers;enrolments;yield;cost_per_enrolment,relative_record_level_program_demand_not_search_totals,ppml_russia_inbound_structural_allocation_v3;friendliness_receptivity_ex_ante_v4;trudvsem_program_demand_v5;mgimo_program_profiles,calculated_uncertainty_aware_scenario_ensemble_v5,employer_linked_program_campaign_and_case_competitions,65,63.0,106.0,54.0,146.0,54.0,146.0,92.0,1284,29046,0.04420574261516216
country_program_priority_evidence_v5,BRN,Brunei Darussalam,East Asia & Pacific,international_economics,international_economics,Международная экономика и ВЭД,english_plus_russian_preparatory_year,No broad Russian or English functional-language signal is available in CLDR.,27.68292137188877,27.68292137188877,1.6687296160728595,24.97722746958047,147.35972419963497,0.9916666666666668,0.0,5.0,2023,30.898809810727528,30.898809810727528,3.2158884388387574,48.13721061073633,47.7360671889802,14.078474158191256,71.70651739694688,point_score multiplied by probability of positive structural gap,63.74656018971629,36.24656018971629,91.24656018971628,0.45,limited,False,62.485027355216125,"{""economic_legal"": 0.6246512907093391, ""energy_logistics"": 0.625447222080628}",calculated_from_existing_mgimo_country_profile_scores,63.80753253946275,63.58040409631885,64.03323363437521,6,723,58.65418688666103,57.00075910184602,60.35273538533835,59.192906370998145,58.923546628829584,58.923546628829584,57.00075910184602,60.35273538533835,57.00075910184602,60.35273538533835,3.351976283492327,30.191992427528252,74.4116294215107,44.21963699398245,B_targeted_validation,"{""academic_fit"": 59.192906370998145, ""balanced"": 58.65418688666103, ""labor_market"": 60.35273538533835, ""recruitment"": 57.00075910184602}","{""academic_fit"": 40.61141340304434, ""balanced"": 36.89500460188591, ""labor_market"": 43.86242457660248, ""recruitment"": 30.191992427528252}","{""academic_fit"": 69.02189541074534, ""balanced"": 71.058417609308, ""labor_market"": 69.05275193571985, ""recruitment"": 74.4116294215107}","{""academic_fit"": {""country_opportunity"": 0.25, ""friendliness"": 0.15, ""labor_demand"": 0.15, ""program_fit"": 0.45}, ""balanced"": {""country_opportunity"": 0.3, ""friendliness"": 0.2, ""labor_demand"": 0.3, ""program_fit"": 0.2}, ""labor_market"": {""country_opportunity"": 0.2, ""friendliness"": 0.15, ""labor_demand"": 0.45, ""program_fit"": 0.2}, ""recruitment"": {""country_opportunity"": 0.4, ""friendliness"": 0.3, ""labor_demand"": 0.1, ""program_fit"": 0.2}}",uncertainty_adjusted_management_priority_index_not_predicted_student_count,not_identified_ex_ante,,,,"incremental qualified applications, offers and enrolments attributable to the recruitment intervention",requires_prospective_campaign_evaluation,24,pre_registered_country_program_campaign_with_matched_comparison_or_stepped_wedge_rollout,qualified_leads;applications;offers;enrolments;yield;cost_per_enrolment,relative_record_level_program_demand_not_search_totals,ppml_russia_inbound_structural_allocation_v3;friendliness_receptivity_ex_ante_v4;trudvsem_program_demand_v5;mgimo_program_profiles,calculated_uncertainty_aware_scenario_ensemble_v5,targeted_digital_campaign_with_local_partner_validation,66,73.0,114.0,58.0,43.0,43.0,114.0,71.0,723,29046,0.024891551332369345
country_program_priority_evidence_v5,SAU,Saudi Arabia,Middle East & North Africa,legal_public,legal_public,Международное право и комплаенс,english_plus_russian_preparatory_year,No broad Russian or English functional-language signal is available in CLDR.,1026.3129269398264,1026.3129269398264,284.272999661452,949.7248809518236,2573.4925989010617,1.0,0.925,162.0,2023,1177.466179032725,1177.466179032725,151.1532520928985,99.4598271878937,99.4598271878937,81.08363336162641,100.0,point_score multiplied by probability of positive structural gap,64.23914038531943,36.73914038531942,91.73914038531944,0.45,limited,False,51.5549507377597,"{""diplomatic_analytic"": 0.5548085172035764, ""economic_legal"": 0.4987242174521772}",calculated_from_existing_mgimo_country_profile_scores,33.810526315789474,33.51626038781164,34.93637368711995,5,363,58.319515023117475,69.04334940378209,50.833011346793185,59.41357576104631,58.86654539208189,58.86654539208189,50.833011346793185,69.04334940378209,50.833011346793185,69.04334940378209,18.210338056988903,44.8004265807488,77.13691171247706,32.33648513172826,B_targeted_validation,"{""academic_fit"": 59.41357576104631, ""balanced"": 58.319515023117475, ""labor_market"": 50.833011346793185, ""recruitment"": 69.04334940378209}","{""academic_fit"": 51.968629659011775, ""balanced"": 49.073139827276925, ""labor_market"": 44.8004265807488, ""recruitment"": 53.99380781673585}","{""academic_fit"": 63.01656149570613, ""balanced"": 63.2718675523114, ""labor_market"": 54.4183663881039, ""recruitment"": 77.13691171247706}","{""academic_fit"": {""country_opportunity"": 0.25, ""friendliness"": 0.15, ""labor_demand"": 0.15, ""program_fit"": 0.45}, ""balanced"": {""country_opportunity"": 0.3, ""friendliness"": 0.2, ""labor_demand"": 0.3, ""program_fit"": 0.2}, ""labor_market"": {""country_opportunity"": 0.2, ""friendliness"": 0.15, ""labor_demand"": 0.45, ""program_fit"": 0.2}, ""recruitment"": {""country_opportunity"": 0.4, ""friendliness"": 0.3, ""labor_demand"": 0.1, ""program_fit"": 0.2}}",uncertainty_adjusted_management_priority_index_not_predicted_student_count,not_identified_ex_ante,,,,"incremental qualified applications, offers and enrolments attributable to the recruitment intervention",requires_prospective_campaign_evaluation,24,pre_registered_country_program_campaign_with_matched_comparison_or_stepped_wedge_rollout,qualified_leads;applications;offers;enrolments;yield;cost_per_enrolment,relative_record_level_program_demand_not_search_totals,ppml_russia_inbound_structural_allocation_v3;friendliness_receptivity_ex_ante_v4;trudvsem_program_demand_v5;mgimo_program_profiles,calculated_uncertainty_aware_scenario_ensemble_v5,targeted_digital_campaign_with_local_partner_validation,67,74.0,33.0,132.0,40.0,33.0,132.0,99.0,363,29046,0.012497417888865936
country_program_priority_evidence_v5,BHR,Bahrain,Middle East & North Africa,digital_analytics,digital_analytics,Цифровая аналитика и Data/AI,english_plus_russian_preparatory_year,No broad Russian or English functional-language signal is available in CLDR.,31.931660746639665,31.931660746639665,-47.54678225176156,18.08585022238453,211.7419000625797,0.6583333333333333,0.0,45.0,2023,120.50138463896644,120.50138463896644,88.56972389232676,50.11835563919724,32.99458412913818,0.0,76.87606628006898,point_score multiplied by probability of positive structural gap,63.790719388353246,36.290719388353246,91.29071938835324,0.45,limited,False,71.61968100932417,"{""digital_finance_business_informatics"": 0.7178915588189272, ""economic_legal"": 0.7094178151904993}",calculated_from_existing_mgimo_country_profile_scores,80.99834319526626,80.86266231881814,84.12359954610515,6,1284,58.04388821143737,51.91438756537833,64.137295844213,59.53922713812365,58.791557674780506,58.791557674780506,51.91438756537833,64.137295844213,51.91438756537833,64.137295844213,12.222908278834673,10.731941793153103,81.18326067164237,70.45131887848927,C_monitor_and_test,"{""academic_fit"": 59.53922713812365, ""balanced"": 58.04388821143737, ""labor_market"": 64.137295844213, ""recruitment"": 51.91438756537833}","{""academic_fit"": 22.69112727260189, ""balanced"": 18.03579977298069, ""labor_market"": 29.1419257201569, ""recruitment"": 10.731941793153103}","{""academic_fit"": 77.67571883088031, ""balanced"": 80.78994187140967, ""labor_market"": 81.18326067164237, ""recruitment"": 80.7241542128948}","{""academic_fit"": {""country_opportunity"": 0.25, ""friendliness"": 0.15, ""labor_demand"": 0.15, ""program_fit"": 0.45}, ""balanced"": {""country_opportunity"": 0.3, ""friendliness"": 0.2, ""labor_demand"": 0.3, ""program_fit"": 0.2}, ""labor_market"": {""country_opportunity"": 0.2, ""friendliness"": 0.15, ""labor_demand"": 0.45, ""program_fit"": 0.2}, ""recruitment"": {""country_opportunity"": 0.4, ""friendliness"": 0.3, ""labor_demand"": 0.1, ""program_fit"": 0.2}}",uncertainty_adjusted_management_priority_index_not_predicted_student_count,not_identified_ex_ante,,,,"incremental qualified applications, offers and enrolments attributable to the recruitment intervention",requires_prospective_campaign_evaluation,24,pre_registered_country_program_campaign_with_matched_comparison_or_stepped_wedge_rollout,qualified_leads;applications;offers;enrolments;yield;cost_per_enrolment,relative_record_level_program_demand_not_search_totals,ppml_russia_inbound_structural_allocation_v3;friendliness_receptivity_ex_ante_v4;trudvsem_program_demand_v5;mgimo_program_profiles,calculated_uncertainty_aware_scenario_ensemble_v5,employer_linked_program_campaign_and_case_competitions,68,76.0,151.0,36.0,38.0,36.0,151.0,115.0,1284,29046,0.04420574261516216
country_program_priority_evidence_v5,NIC,Nicaragua,Latin America & Caribbean,international_economics,international_economics,Международная экономика и ВЭД,english_plus_russian_preparatory_year,No broad Russian or English functional-language signal is available in CLDR.,173.43749072652136,173.43749072652136,29.668119610456475,161.8210225585733,557.5759363219272,1.0,0.09,23.0,2023,188.79623730333557,188.79623730333557,15.35874657681419,74.02892266253046,74.02892266253046,49.09702550030215,90.72087968129118,point_score multiplied by probability of positive structural gap,67.31861142770944,39.81861142770944,94.81861142770944,0.45,limited,False,31.84534707732412,"{""economic_legal"": 0.2675094535566602, ""energy_logistics"": 0.4712855224229842}",calculated_from_existing_mgimo_country_profile_scores,63.80753253946275,63.58040409631885,64.03323363437521,6,723,59.14764567642864,60.33775390639834,58.1341682181001,49.41100830218937,58.64090694726437,58.64090694726437,49.41100830218937,60.33775390639834,49.41100830218937,60.33775390639834,10.926745604208968,41.32270035312485,72.39510104236541,31.07240068924056,B_targeted_validation,"{""academic_fit"": 49.41100830218937, ""balanced"": 59.14764567642864, ""labor_market"": 58.1341682181001, ""recruitment"": 60.33775390639834}","{""academic_fit"": 41.32270035312485, ""balanced"": 47.219224722301135, ""labor_market"": 49.55755374086565, ""recruitment"": 43.97093669770419}","{""academic_fit"": 54.68858633193867, ""balanced"": 67.2890566712967, ""labor_market"": 63.766918065595135, ""recruitment"": 72.39510104236541}","{""academic_fit"": {""country_opportunity"": 0.25, ""friendliness"": 0.15, ""labor_demand"": 0.15, ""program_fit"": 0.45}, ""balanced"": {""country_opportunity"": 0.3, ""friendliness"": 0.2, ""labor_demand"": 0.3, ""program_fit"": 0.2}, ""labor_market"": {""country_opportunity"": 0.2, ""friendliness"": 0.15, ""labor_demand"": 0.45, ""program_fit"": 0.2}, ""recruitment"": {""country_opportunity"": 0.4, ""friendliness"": 0.3, ""labor_demand"": 0.1, ""program_fit"": 0.2}}",uncertainty_adjusted_management_priority_index_not_predicted_student_count,not_identified_ex_ante,,,,"incremental qualified applications, offers and enrolments attributable to the recruitment intervention",requires_prospective_campaign_evaluation,24,pre_registered_country_program_campaign_with_matched_comparison_or_stepped_wedge_rollout,qualified_leads;applications;offers;enrolments;yield;cost_per_enrolment,relative_record_level_program_demand_not_search_totals,ppml_russia_inbound_structural_allocation_v3;friendliness_receptivity_ex_ante_v4;trudvsem_program_demand_v5;mgimo_program_profiles,calculated_uncertainty_aware_scenario_ensemble_v5,digital_recruitment_scholarship_and_olympiad,69,67.0,90.0,77.0,106.0,67.0,106.0,39.0,723,29046,0.024891551332369345
country_program_priority_evidence_v5,BFA,Burkina Faso,Sub-Saharan Africa,digital_analytics,digital_analytics,Цифровая аналитика и Data/AI,english_plus_russian_preparatory_year,No broad Russian or English functional-language signal is available in CLDR.,235.4147839780773,235.4147839780773,74.28192356188265,217.03767895358453,463.0755403403525,1.0,0.035,32.0,2023,272.4262376500111,272.4262376500111,37.011453671933765,78.38929933944887,78.38929933944887,61.97667856140877,88.06262468380872,point_score multiplied by probability of positive structural gap,64.97678479047427,37.47678479047427,92.47678479047428,0.45,limited,False,21.35799277861946,"{""digital_finance_business_informatics"": 0.2235377883627371, ""economic_legal"": 0.1737484854800246}",calculated_from_existing_mgimo_country_profile_scores,80.99834319526626,80.86266231881814,84.12359954610515,6,1284,59.362684441639814,57.89856875145527,60.20582879630465,43.43534920184287,58.63062659654754,58.63062659654754,43.43534920184287,60.20582879630465,43.43534920184287,60.20582879630465,16.770479594461783,37.797321540810806,67.55531326483397,29.757991724023164,B_targeted_validation,"{""academic_fit"": 43.43534920184287, ""balanced"": 59.362684441639814, ""labor_market"": 60.20582879630465, ""recruitment"": 57.89856875145527}","{""academic_fit"": 37.797321540810806, ""balanced"": 49.69178852409739, ""labor_market"": 52.97483273073996, ""recruitment"": 44.885421519401184}","{""academic_fit"": 47.36530363995859, ""balanced"": 66.62382805188697, ""labor_market"": 66.01343660571703, ""recruitment"": 67.55531326483397}","{""academic_fit"": {""country_opportunity"": 0.25, ""friendliness"": 0.15, ""labor_demand"": 0.15, ""program_fit"": 0.45}, ""balanced"": {""country_opportunity"": 0.3, ""friendliness"": 0.2, ""labor_demand"": 0.3, ""program_fit"": 0.2}, ""labor_market"": {""country_opportunity"": 0.2, ""friendliness"": 0.15, ""labor_demand"": 0.45, ""program_fit"": 0.2}, ""recruitment"": {""country_opportunity"": 0.4, ""friendliness"": 0.3, ""labor_demand"": 0.1, ""program_fit"": 0.2}}",uncertainty_adjusted_management_priority_index_not_predicted_student_count,not_identified_ex_ante,,,,"incremental qualified applications, offers and enrolments attributable to the recruitment intervention",requires_prospective_campaign_evaluation,24,pre_registered_country_program_campaign_with_matched_comparison_or_stepped_wedge_rollout,qualified_leads;applications;offers;enrolments;yield;cost_per_enrolment,relative_record_level_program_demand_not_search_totals,ppml_russia_inbound_structural_allocation_v3;friendliness_receptivity_ex_ante_v4;trudvsem_program_demand_v5;mgimo_program_profiles,calculated_uncertainty_aware_scenario_ensemble_v5,employer_linked_program_campaign_and_case_competitions,70,65.0,108.0,61.0,162.0,61.0,162.0,101.0,1284,29046,0.04420574261516216
country_program_priority_evidence_v5,SYR,Syrian Arab Republic,Middle East & North Africa,digital_analytics,digital_analytics,Цифровая аналитика и Data/AI,english_plus_russian_preparatory_year,No broad Russian or English functional-language signal is available in CLDR.,2790.011825756514,2790.011825756514,-934.5274782324938,2519.8290835864877,8793.305652129202,0.8966666666666666,0.8566666666666667,3672.0,2023,6331.500059389364,6331.500059389364,3541.4882336328496,100.0,89.66666666666666,0.0,100.0,point_score multiplied by probability of positive structural gap,67.47725890252876,39.97725890252875,94.97725890252876,0.45,limited,False,15.769554576479084,"{""digital_finance_business_informatics"": 0.1774576884289665, ""economic_legal"": 0.0786469751080882}",calculated_from_existing_mgimo_country_profile_scores,80.99834319526626,80.86266231881814,84.12359954610515,6,1284,58.75813777122622,58.2916581583928,58.697107642992265,39.671437963642916,58.49438290069253,58.49438290069253,39.671437963642916,58.75813777122622,39.671437963642916,58.75813777122622,19.0866998075833,8.234825282954649,67.60315767894683,59.368332395992184,C_monitor_and_test,"{""academic_fit"": 39.671437963642916, ""balanced"": 58.75813777122622, ""labor_market"": 58.697107642992265, ""recruitment"": 58.2916581583928}","{""academic_fit"": 11.900292296826791, ""balanced"": 13.709362868787808, ""labor_market"": 22.047177890951232, ""recruitment"": 8.234825282954649}","{""academic_fit"": 43.11480292287928, ""balanced"": 65.66410153075527, ""labor_market"": 64.16451985408905, ""recruitment"": 67.60315767894683}","{""academic_fit"": {""country_opportunity"": 0.25, ""friendliness"": 0.15, ""labor_demand"": 0.15, ""program_fit"": 0.45}, ""balanced"": {""country_opportunity"": 0.3, ""friendliness"": 0.2, ""labor_demand"": 0.3, ""program_fit"": 0.2}, ""labor_market"": {""country_opportunity"": 0.2, ""friendliness"": 0.15, ""labor_demand"": 0.45, ""program_fit"": 0.2}, ""recruitment"": {""country_opportunity"": 0.4, ""friendliness"": 0.3, ""labor_demand"": 0.1, ""program_fit"": 0.2}}",uncertainty_adjusted_management_priority_index_not_predicted_student_count,not_identified_ex_ante,,,,"incremental qualified applications, offers and enrolments attributable to the recruitment intervention",requires_prospective_campaign_evaluation,24,pre_registered_country_program_campaign_with_matched_comparison_or_stepped_wedge_rollout,qualified_leads;applications;offers;enrolments;yield;cost_per_enrolment,relative_record_level_program_demand_not_search_totals,ppml_russia_inbound_structural_allocation_v3;friendliness_receptivity_ex_ante_v4;trudvsem_program_demand_v5;mgimo_program_profiles,calculated_uncertainty_aware_scenario_ensemble_v5,employer_linked_program_campaign_and_case_competitions,71,72.0,105.0,70.0,200.0,70.0,200.0,130.0,1284,29046,0.04420574261516216
country_program_priority_evidence_v5,KWT,Kuwait,Middle East & North Africa,legal_public,legal_public,Международное право и комплаенс,english_plus_russian_preparatory_year,No broad Russian or English functional-language signal is available in CLDR.,426.5126688777632,426.5126688777632,166.10656193694516,401.9018406801363,914.5455521053924,1.0,0.6533333333333333,8.0,2023,432.9517961166805,432.9517961166805,6.439127238917247,86.88564352408495,86.88564352408495,73.41313797911597,97.8078518624332,point_score multiplied by probability of positive structural gap,63.39358801580428,35.89358801580428,90.89358801580428,0.45,limited,False,55.970432848474935,"{""diplomatic_analytic"": 0.5291348697860369, ""economic_legal"": 0.572805525069912}",calculated_from_existing_mgimo_country_profile_scores,33.810526315789474,33.51626038781164,34.93637368711995,5,363,56.78918198918138,66.25208513392742,50.19821525120296,59.468005956204685,58.12859397269303,58.12859397269303,50.19821525120296,66.25208513392742,50.19821525120296,66.25208513392742,16.053869882724463,44.49300817149629,77.49329026320287,33.00028209170657,B_targeted_validation,"{""academic_fit"": 59.468005956204685, ""balanced"": 56.78918198918138, ""labor_market"": 50.19821525120296, ""recruitment"": 66.25208513392742}","{""academic_fit"": 52.405818588717445, ""balanced"": 48.20595771520581, ""labor_market"": 44.49300817149629, ""recruitment"": 52.40298418980974}","{""academic_fit"": 64.89955114736654, ""balanced"": 63.76219869744732, ""labor_market"": 54.985732597291126, ""recruitment"": 77.49329026320287}","{""academic_fit"": {""country_opportunity"": 0.25, ""friendliness"": 0.15, ""labor_demand"": 0.15, ""program_fit"": 0.45}, ""balanced"": {""country_opportunity"": 0.3, ""friendliness"": 0.2, ""labor_demand"": 0.3, ""program_fit"": 0.2}, ""labor_market"": {""country_opportunity"": 0.2, ""friendliness"": 0.15, ""labor_demand"": 0.45, ""program_fit"": 0.2}, ""recruitment"": {""country_opportunity"": 0.4, ""friendliness"": 0.3, ""labor_demand"": 0.1, ""program_fit"": 0.2}}",uncertainty_adjusted_management_priority_index_not_predicted_student_count,not_identified_ex_ante,,,,"incremental qualified applications, offers and enrolments attributable to the recruitment intervention",requires_prospective_campaign_evaluation,24,pre_registered_country_program_campaign_with_matched_comparison_or_stepped_wedge_rollout,qualified_leads;applications;offers;enrolments;yield;cost_per_enrolment,relative_record_level_program_demand_not_search_totals,ppml_russia_inbound_structural_allocation_v3;friendliness_receptivity_ex_ante_v4;trudvsem_program_demand_v5;mgimo_program_profiles,calculated_uncertainty_aware_scenario_ensemble_v5,targeted_digital_campaign_with_local_partner_validation,72,87.0,51.0,137.0,39.0,39.0,137.0,98.0,363,29046,0.012497417888865936
country_program_priority_evidence_v5,MRT,Mauritania,Sub-Saharan Africa,digital_analytics,digital_analytics,Цифровая аналитика и Data/AI,english_plus_russian_preparatory_year,No broad Russian or English functional-language signal is available in CLDR.,85.22891647622886,85.22891647622886,-22.40781741650686,76.3924060074627,255.80417385514824,0.9066666666666666,0.0,115.0,2023,181.52672596232597,181.52672596232597,96.29780948609708,63.92387350204404,57.95764530851993,0.0,79.57578351279251,point_score multiplied by probability of positive structural gap,63.88692361596967,36.38692361596967,91.38692361596968,0.45,limited,False,35.472982222606845,"{""digital_finance_business_informatics"": 0.380491830776165, ""economic_legal"": 0.2516817880256818}",calculated_from_existing_mgimo_country_profile_scores,80.99834319526626,80.86266231881814,84.12359954610515,6,1284,59.677123327735494,56.4048691668686,62.40462383353442,50.12969608614021,58.04099624730205,58.04099624730205,50.12969608614021,62.40462383353442,50.12969608614021,62.40462383353442,12.274927747394216,9.35830912723297,71.32517499304547,61.966865865812494,C_monitor_and_test,"{""academic_fit"": 50.12969608614021, ""balanced"": 59.677123327735494, ""labor_market"": 62.40462383353442, ""recruitment"": 56.4048691668686}","{""academic_fit"": 16.650855013845657, ""balanced"": 15.723259664671257, ""labor_market"": 25.402091723337218, ""recruitment"": 9.35830912723297}","{""academic_fit"": 57.47326995622485, ""balanced"": 71.13303477152239, ""labor_market"": 71.23244567012001, ""recruitment"": 71.32517499304547}","{""academic_fit"": {""country_opportunity"": 0.25, ""friendliness"": 0.15, ""labor_demand"": 0.15, ""program_fit"": 0.45}, ""balanced"": {""country_opportunity"": 0.3, ""friendliness"": 0.2, ""labor_demand"": 0.3, ""program_fit"": 0.2}, ""labor_market"": {""country_opportunity"": 0.2, ""friendliness"": 0.15, ""labor_demand"": 0.45, ""program_fit"": 0.2}, ""recruitment"": {""country_opportunity"": 0.4, ""friendliness"": 0.3, ""labor_demand"": 0.1, ""program_fit"": 0.2}}",uncertainty_adjusted_management_priority_index_not_predicted_student_count,not_identified_ex_ante,,,,"incremental qualified applications, offers and enrolments attributable to the recruitment intervention",requires_prospective_campaign_evaluation,24,pre_registered_country_program_campaign_with_matched_comparison_or_stepped_wedge_rollout,qualified_leads;applications;offers;enrolments;yield;cost_per_enrolment,relative_record_level_program_demand_not_search_totals,ppml_russia_inbound_structural_allocation_v3;friendliness_receptivity_ex_ante_v4;trudvsem_program_demand_v5;mgimo_program_profiles,calculated_uncertainty_aware_scenario_ensemble_v5,employer_linked_program_campaign_and_case_competitions,73,64.0,119.0,47.0,99.0,47.0,119.0,72.0,1284,29046,0.04420574261516216
country_program_priority_evidence_v5,OMN,Oman,Middle East & North Africa,legal_public,legal_public,Международное право и комплаенс,english_plus_russian_preparatory_year,No broad Russian or English functional-language signal is available in CLDR.,502.2737759432396,502.2737759432396,181.76656300783029,459.8299838341703,1134.674504600226,1.0,0.7316666666666667,24.0,2023,525.6770071533053,525.6770071533053,23.403231210065687,89.22560124148004,89.22560124148004,74.69789611085542,100.0,point_score multiplied by probability of positive structural gap,64.2690828943247,36.76908289432469,91.7690828943247,0.45,limited,False,53.8254482092014,"{""diplomatic_analytic"": 0.507666025535745, ""economic_legal"": 0.5513638206161292}",calculated_from_existing_mgimo_country_profile_scores,33.810526315789474,33.51626038781164,34.93637368711995,5,363,56.95458330331527,66.70990011343648,50.178412020782574,58.95433884903949,57.95446107617738,57.95446107617738,50.178412020782574,66.70990011343648,50.178412020782574,66.70990011343648,16.531488092653902,44.46035986827554,77.79971712521291,33.33935725693737,B_targeted_validation,"{""academic_fit"": 58.95433884903949, ""balanced"": 56.95458330331527, ""labor_market"": 50.178412020782574, ""recruitment"": 66.70990011343648}","{""academic_fit"": 51.911740574336164, ""balanced"": 48.30973064189424, ""labor_market"": 44.46035986827554, ""recruitment"": 52.729286353963445}","{""academic_fit"": 64.23054138611323, ""balanced"": 63.81347637073097, ""labor_market"": 54.883303140663116, ""recruitment"": 77.79971712521291}","{""academic_fit"": {""country_opportunity"": 0.25, ""friendliness"": 0.15, ""labor_demand"": 0.15, ""program_fit"": 0.45}, ""balanced"": {""country_opportunity"": 0.3, ""friendliness"": 0.2, ""labor_demand"": 0.3, ""program_fit"": 0.2}, ""labor_market"": {""country_opportunity"": 0.2, ""friendliness"": 0.15, ""labor_demand"": 0.45, ""program_fit"": 0.2}, ""recruitment"": {""country_opportunity"": 0.4, ""friendliness"": 0.3, ""labor_demand"": 0.1, ""program_fit"": 0.2}}",uncertainty_adjusted_management_priority_index_not_predicted_student_count,not_identified_ex_ante,,,,"incremental qualified applications, offers and enrolments attributable to the recruitment intervention",requires_prospective_campaign_evaluation,24,pre_registered_country_program_campaign_with_matched_comparison_or_stepped_wedge_rollout,qualified_leads;applications;offers;enrolments;yield;cost_per_enrolment,relative_record_level_program_demand_not_search_totals,ppml_russia_inbound_structural_allocation_v3;friendliness_receptivity_ex_ante_v4;trudvsem_program_demand_v5;mgimo_program_profiles,calculated_uncertainty_aware_scenario_ensemble_v5,targeted_digital_campaign_with_local_partner_validation,74,83.0,47.0,139.0,44.0,44.0,139.0,95.0,363,29046,0.012497417888865936
country_program_priority_evidence_v5,TKM,Turkmenistan,Europe & Central Asia,international_economics,international_economics,Международная экономика и ВЭД,english_plus_russian_preparatory_year,No broad Russian or English functional-language signal is available in CLDR.,20899.09774144761,20899.09774144761,-4225.610016350272,18289.21137341857,44948.6283143665,0.9066666666666666,0.9,35170.0,2023,53201.18925250277,53201.18925250277,32302.09151105516,100.0,90.66666666666666,0.0,100.0,point_score multiplied by probability of positive structural gap,63.19659916820704,43.19659916820703,83.19659916820703,0.6,limited,False,24.267526912572656,"{""economic_legal"": 0.2080590071115178, ""energy_logistics"": 0.3465240551683529}",calculated_from_existing_mgimo_country_profile_scores,63.80753253946275,63.58040409631885,64.03323363437521,6,723,58.86330674592357,60.88241967542469,56.88421034312996,45.73570140969901,57.873758544526765,57.873758544526765,45.73570140969901,60.88241967542469,45.73570140969901,60.88241967542469,15.146718265725681,8.929310093084164,68.67862995837807,59.749319865293906,C_monitor_and_test,"{""academic_fit"": 45.73570140969901, ""balanced"": 58.86330674592357, ""labor_market"": 56.88421034312996, ""recruitment"": 60.88241967542469}","{""academic_fit"": 13.968677780227058, ""balanced"": 14.070164390101315, ""labor_market"": 21.754286443281124, ""recruitment"": 8.929310093084164}","{""academic_fit"": 48.828871370070004, ""balanced"": 64.04527583002249, ""labor_market"": 60.5007192724911, ""recruitment"": 68.67862995837807}","{""academic_fit"": {""country_opportunity"": 0.25, ""friendliness"": 0.15, ""labor_demand"": 0.15, ""program_fit"": 0.45}, ""balanced"": {""country_opportunity"": 0.3, ""friendliness"": 0.2, ""labor_demand"": 0.3, ""program_fit"": 0.2}, ""labor_market"": {""country_opportunity"": 0.2, ""friendliness"": 0.15, ""labor_demand"": 0.45, ""program_fit"": 0.2}, ""recruitment"": {""country_opportunity"": 0.4, ""friendliness"": 0.3, ""labor_demand"": 0.1, ""program_fit"": 0.2}}",uncertainty_adjusted_management_priority_index_not_predicted_student_count,not_identified_ex_ante,,,,"incremental qualified applications, offers and enrolments attributable to the recruitment intervention",requires_prospective_campaign_evaluation,24,pre_registered_country_program_campaign_with_matched_comparison_or_stepped_wedge_rollout,qualified_leads;applications;offers;enrolments;yield;cost_per_enrolment,relative_record_level_program_demand_not_search_totals,ppml_russia_inbound_structural_allocation_v3;friendliness_receptivity_ex_ante_v4;trudvsem_program_demand_v5;mgimo_program_profiles,calculated_uncertainty_aware_scenario_ensemble_v5,targeted_digital_campaign_with_local_partner_validation,75,70.0,86.0,87.0,143.0,70.0,143.0,73.0,723,29046,0.024891551332369345
country_program_priority_evidence_v5,LSO,Lesotho,Sub-Saharan Africa,digital_analytics,digital_analytics,Цифровая аналитика и Data/AI,english_with_optional_russian_preparatory_module,CLDR indicates a material functional English-language environment.,52.13806068218432,52.13806068218432,16.867746505360522,48.154089086847904,117.87455280311232,1.0,0.0,4.0,2023,54.347518188702765,54.347518188702765,2.2094575065184467,56.98057440198765,56.98057440198765,41.34891601105692,68.52866963964306,point_score multiplied by probability of positive structural gap,63.89362799810429,36.39362799810429,91.3936279981043,0.45,limited,False,35.006196168584985,"{""digital_finance_business_informatics"": 0.3567222194791539, ""economic_legal"": 0.3234209305126337}",calculated_from_existing_mgimo_country_profile_scores,80.99834319526626,80.86266231881814,84.12359954610515,6,1284,59.22714020148463,55.88666632886864,62.03734035924439,49.632949437550074,57.556903265176636,57.556903265176636,49.632949437550074,62.03734035924439,49.632949437550074,62.03734035924439,12.404390921694315,41.76753658008483,68.98515634699322,27.217619766908392,B_targeted_validation,"{""academic_fit"": 49.632949437550074, ""balanced"": 59.22714020148463, ""labor_market"": 62.03734035924439, ""recruitment"": 55.88666632886864}","{""academic_fit"": 42.23198361014569, ""balanced"": 48.24941414273159, ""labor_market"": 53.595806942892125, ""recruitment"": 41.76753658008483}","{""academic_fit"": 55.07356192547538, ""balanced"": 67.8807526293887, ""labor_market"": 68.98515634699322, ""recruitment"": 67.06829207552894}","{""academic_fit"": {""country_opportunity"": 0.25, ""friendliness"": 0.15, ""labor_demand"": 0.15, ""program_fit"": 0.45}, ""balanced"": {""country_opportunity"": 0.3, ""friendliness"": 0.2, ""labor_demand"": 0.3, ""program_fit"": 0.2}, ""labor_market"": {""country_opportunity"": 0.2, ""friendliness"": 0.15, ""labor_demand"": 0.45, ""program_fit"": 0.2}, ""recruitment"": {""country_opportunity"": 0.4, ""friendliness"": 0.3, ""labor_demand"": 0.1, ""program_fit"": 0.2}}",uncertainty_adjusted_management_priority_index_not_predicted_student_count,not_identified_ex_ante,,,,"incremental qualified applications, offers and enrolments attributable to the recruitment intervention",requires_prospective_campaign_evaluation,24,pre_registered_country_program_campaign_with_matched_comparison_or_stepped_wedge_rollout,qualified_leads;applications;offers;enrolments;yield;cost_per_enrolment,relative_record_level_program_demand_not_search_totals,ppml_russia_inbound_structural_allocation_v3;friendliness_receptivity_ex_ante_v4;trudvsem_program_demand_v5;mgimo_program_profiles,calculated_uncertainty_aware_scenario_ensemble_v5,employer_linked_program_campaign_and_case_competitions,76,66.0,122.0,49.0,105.0,49.0,122.0,73.0,1284,29046,0.04420574261516216
country_program_priority_evidence_v5,PAK,Pakistan,Middle East & North Africa,international_economics,international_economics,Международная экономика и ВЭД,english_with_optional_russian_preparatory_module,CLDR indicates a material functional English-language environment.,11806.213649600291,11806.213649600291,3534.5364509578976,11024.532333639392,28349.02915071837,1.0,1.0,636.0,2023,12249.822004136931,12249.822004136931,443.6083545366385,100.0,100.0,100.0,100.0,point_score multiplied by probability of positive structural gap,66.37628425283746,38.876284252837465,93.87628425283748,0.45,limited,False,19.691437938138133,"{""economic_legal"": 0.1959135532055026, ""energy_logistics"": 0.1999168579090176}",calculated_from_existing_mgimo_country_profile_scores,63.80753253946275,63.58040409631885,64.03323363437521,6,723,58.792540923552814,61.699262919005484,56.131747499285886,43.14044830048122,57.46214421141935,57.46214421141935,43.14044830048122,61.699262919005484,43.14044830048122,61.699262919005484,18.558814618524266,39.85539232813722,68.39528214396469,28.539889815827472,B_targeted_validation,"{""academic_fit"": 43.14044830048122, ""balanced"": 58.792540923552814, ""labor_market"": 56.131747499285886, ""recruitment"": 61.699262919005484}","{""academic_fit"": 39.85539232813722, ""balanced"": 52.8818131093847, ""labor_market"": 51.80284111429398, ""recruitment"": 52.69747312554814}","{""academic_fit"": 45.436903299178226, ""balanced"": 63.023905327189745, ""labor_market"": 59.1814487851775, ""recruitment"": 68.39528214396469}","{""academic_fit"": {""country_opportunity"": 0.25, ""friendliness"": 0.15, ""labor_demand"": 0.15, ""program_fit"": 0.45}, ""balanced"": {""country_opportunity"": 0.3, ""friendliness"": 0.2, ""labor_demand"": 0.3, ""program_fit"": 0.2}, ""labor_market"": {""country_opportunity"": 0.2, ""friendliness"": 0.15, ""labor_demand"": 0.45, ""program_fit"": 0.2}, ""recruitment"": {""country_opportunity"": 0.4, ""friendliness"": 0.3, ""labor_demand"": 0.1, ""program_fit"": 0.2}}",uncertainty_adjusted_management_priority_index_not_predicted_student_count,not_identified_ex_ante,,,,"incremental qualified applications, offers and enrolments attributable to the recruitment intervention",requires_prospective_campaign_evaluation,24,pre_registered_country_program_campaign_with_matched_comparison_or_stepped_wedge_rollout,qualified_leads;applications;offers;enrolments;yield;cost_per_enrolment,relative_record_level_program_demand_not_search_totals,ppml_russia_inbound_structural_allocation_v3;friendliness_receptivity_ex_ante_v4;trudvsem_program_demand_v5;mgimo_program_profiles,calculated_uncertainty_aware_scenario_ensemble_v5,digital_recruitment_scholarship_and_olympiad,77,71.0,82.0,91.0,166.0,71.0,166.0,95.0,723,29046,0.024891551332369345
country_program_priority_evidence_v5,IDN,Indonesia,East Asia & Pacific,languages_regional,languages_regional,Иностранные языки и регионоведение,english_plus_russian_preparatory_year_plus_target_region_language,No broad Russian or English functional-language signal is available in CLDR.,663.2562933239036,663.2562933239036,-101.0798443457751,590.7454114815195,2173.447978739426,0.93,0.7383333333333333,556.0,2023,1173.2003318727418,1173.2003318727418,509.9440385488382,93.20608366583559,86.6816578092271,0.0,100.0,point_score multiplied by probability of positive structural gap,62.392570439499806,44.892570439499806,79.89257043949979,0.65,moderate,True,35.959102812073624,"{""diplomatic_analytic"": 0.3672125449672645, ""economic_legal"": 0.3291049607346231}",calculated_from_existing_mgimo_country_profile_scores,52.68428650749584,48.864850295110166,52.853722353772,5,542,59.082295986245136,63.093212140167864,55.7881099916942,52.079077825823546,57.435202988969664,57.435202988969664,52.079077825823546,63.093212140167864,52.079077825823546,63.093212140167864,11.014134314344318,9.495658276990122,71.85311874289617,62.35746046590605,C_monitor_and_test,"{""academic_fit"": 52.079077825823546, ""balanced"": 59.082295986245136, ""labor_market"": 55.7881099916942, ""recruitment"": 63.093212140167864}","{""academic_fit"": 16.0355477985506, ""balanced"": 14.15499573141564, ""labor_market"": 21.013181005581576, ""recruitment"": 9.495658276990122}","{""academic_fit"": 55.98894228823048, ""balanced"": 64.78370288202119, ""labor_market"": 59.61019705652394, ""recruitment"": 71.85311874289617}","{""academic_fit"": {""country_opportunity"": 0.25, ""friendliness"": 0.15, ""labor_demand"": 0.15, ""program_fit"": 0.45}, ""balanced"": {""country_opportunity"": 0.3, ""friendliness"": 0.2, ""labor_demand"": 0.3, ""program_fit"": 0.2}, ""labor_market"": {""country_opportunity"": 0.2, ""friendliness"": 0.15, ""labor_demand"": 0.45, ""program_fit"": 0.2}, ""recruitment"": {""country_opportunity"": 0.4, ""friendliness"": 0.3, ""labor_demand"": 0.1, ""program_fit"": 0.2}}",uncertainty_adjusted_management_priority_index_not_predicted_student_count,not_identified_ex_ante,,,,"incremental qualified applications, offers and enrolments attributable to the recruitment intervention",requires_prospective_campaign_evaluation,24,pre_registered_country_program_campaign_with_matched_comparison_or_stepped_wedge_rollout,qualified_leads;applications;offers;enrolments;yield;cost_per_enrolment,relative_record_level_program_demand_not_search_totals,ppml_russia_inbound_structural_allocation_v3;friendliness_receptivity_ex_ante_v4;trudvsem_program_demand_v5;mgimo_program_profiles,calculated_uncertainty_aware_scenario_ensemble_v5,targeted_digital_campaign_with_local_partner_validation,78,68.0,71.0,95.0,89.0,68.0,95.0,27.0,542,29046,0.018660056462163465
country_program_priority_evidence_v5,UGA,Uganda,Sub-Saharan Africa,digital_analytics,digital_analytics,Цифровая аналитика и Data/AI,english_with_optional_russian_preparatory_module,CLDR indicates a material functional English-language environment.,243.71786376458917,243.71786376458917,30.84824157647777,229.0180216993124,628.9893447637004,1.0,0.0983333333333333,99.0,2023,330.2004674675871,330.2004674675871,86.48260370299793,78.88437024465559,78.88437024465559,49.638570683699605,92.44643962579326,point_score multiplied by probability of positive structural gap,64.20508339789163,36.70508339789163,91.70508339789164,0.45,limited,False,18.663104399900902,"{""digital_finance_business_informatics"": 0.1925002072270072, ""economic_legal"": 0.1631543910870162}",calculated_from_existing_mgimo_country_profile_scores,80.99834319526626,80.86266231881814,84.12359954610515,6,1284,57.82896268452533,56.371386104368035,58.64836501213947,40.98741209774363,57.10017439444668,57.10017439444668,40.98741209774363,58.64836501213947,40.98741209774363,58.64836501213947,17.660952914395843,33.679473194405176,66.95302591472783,33.273552720322655,B_targeted_validation,"{""academic_fit"": 40.98741209774363, ""balanced"": 57.82896268452533, ""labor_market"": 58.64836501213947, ""recruitment"": 56.371386104368035}","{""academic_fit"": 33.679473194405176, ""balanced"": 45.181351257299816, ""labor_market"": 49.2781001578121, ""recruitment"": 39.850169864169175}","{""academic_fit"": 45.18931764972589, ""balanced"": 65.76783940871078, ""labor_market"": 64.8798173204975, ""recruitment"": 66.95302591472783}","{""academic_fit"": {""country_opportunity"": 0.25, ""friendliness"": 0.15, ""labor_demand"": 0.15, ""program_fit"": 0.45}, ""balanced"": {""country_opportunity"": 0.3, ""friendliness"": 0.2, ""labor_demand"": 0.3, ""program_fit"": 0.2}, ""labor_market"": {""country_opportunity"": 0.2, ""friendliness"": 0.15, ""labor_demand"": 0.45, ""program_fit"": 0.2}, ""recruitment"": {""country_opportunity"": 0.4, ""friendliness"": 0.3, ""labor_demand"": 0.1, ""program_fit"": 0.2}}",uncertainty_adjusted_management_priority_index_not_predicted_student_count,not_identified_ex_ante,,,,"incremental qualified applications, offers and enrolments attributable to the recruitment intervention",requires_prospective_campaign_evaluation,24,pre_registered_country_program_campaign_with_matched_comparison_or_stepped_wedge_rollout,qualified_leads;applications;offers;enrolments;yield;cost_per_enrolment,relative_record_level_program_demand_not_search_totals,ppml_russia_inbound_structural_allocation_v3;friendliness_receptivity_ex_ante_v4;trudvsem_program_demand_v5;mgimo_program_profiles,calculated_uncertainty_aware_scenario_ensemble_v5,employer_linked_program_campaign_and_case_competitions,79,78.0,120.0,71.0,188.0,71.0,188.0,117.0,1284,29046,0.04420574261516216
country_program_priority_evidence_v5,LCA,Saint Lucia,Latin America & Caribbean,digital_analytics,digital_analytics,Цифровая аналитика и Data/AI,english_with_optional_russian_preparatory_module,CLDR indicates a material functional English-language environment.,8.97353380351016,8.97353380351016,1.278101069562503,8.424937550566439,43.631870514869085,1.0,0.0,0.0,2023,9.140984349303544,9.140984349303544,0.1674505457933838,32.98644103938894,32.98644103938894,11.808651286546793,54.47862185424246,point_score multiplied by probability of positive structural gap,62.98961219976466,35.48961219976465,90.48961219976464,0.45,limited,False,65.52495526356516,"{""digital_finance_business_informatics"": 0.6610833999754473, ""economic_legal"": 0.6319141632764691}",calculated_from_existing_mgimo_country_profile_scores,80.99834319526626,80.86266231881814,84.12359954610515,6,1284,56.88931048008672,50.81725139506056,62.902135354041064,57.12619497474524,57.007752727415976,57.007752727415976,50.81725139506056,62.902135354041064,50.81725139506056,62.902135354041064,12.084883958980505,29.056029391310478,74.44386901245504,45.387839621144565,C_monitor_and_test,"{""academic_fit"": 57.12619497474524, ""balanced"": 56.88931048008672, ""labor_market"": 62.902135354041064, ""recruitment"": 50.81725139506056}","{""academic_fit"": 41.13256660860042, ""balanced"": 37.92155818471572, ""labor_market"": 47.532455592108, ""recruitment"": 29.056029391310478}","{""academic_fit"": 68.51195704174332, ""balanced"": 71.58179671483803, ""labor_market"": 74.44386901245504, ""recruitment"": 69.07841181988083}","{""academic_fit"": {""country_opportunity"": 0.25, ""friendliness"": 0.15, ""labor_demand"": 0.15, ""program_fit"": 0.45}, ""balanced"": {""country_opportunity"": 0.3, ""friendliness"": 0.2, ""labor_demand"": 0.3, ""program_fit"": 0.2}, ""labor_market"": {""country_opportunity"": 0.2, ""friendliness"": 0.15, ""labor_demand"": 0.45, ""program_fit"": 0.2}, ""recruitment"": {""country_opportunity"": 0.4, ""friendliness"": 0.3, ""labor_demand"": 0.1, ""program_fit"": 0.2}}",uncertainty_adjusted_management_priority_index_not_predicted_student_count,not_identified_ex_ante,,,,"incremental qualified applications, offers and enrolments attributable to the recruitment intervention",requires_prospective_campaign_evaluation,24,pre_registered_country_program_campaign_with_matched_comparison_or_stepped_wedge_rollout,qualified_leads;applications;offers;enrolments;yield;cost_per_enrolment,relative_record_level_program_demand_not_search_totals,ppml_russia_inbound_structural_allocation_v3;friendliness_receptivity_ex_ante_v4;trudvsem_program_demand_v5;mgimo_program_profiles,calculated_uncertainty_aware_scenario_ensemble_v5,employer_linked_program_campaign_and_case_competitions,80,84.0,164.0,43.0,55.0,43.0,164.0,121.0,1284,29046,0.04420574261516216
country_program_priority_evidence_v5,QAT,Qatar,Middle East & North Africa,legal_public,legal_public,Международное право и комплаенс,english_plus_russian_preparatory_year,No broad Russian or English functional-language signal is available in CLDR.,181.741219289879,181.741219289879,63.374058751366526,164.42780274329073,405.2775387971988,1.0,0.05,7.0,2023,188.09570631430216,188.09570631430216,6.354487024423151,74.69590716206966,74.69590716206966,59.73168254284648,86.15493872150051,point_score multiplied by probability of positive structural gap,63.28068332224216,35.780683322242155,90.78068332224215,0.45,limited,False,59.692594853706424,"{""diplomatic_analytic"": 0.545733376665048, ""economic_legal"": 0.6188656221964999}",calculated_from_existing_mgimo_country_profile_scores,33.810526315789474,33.51626038781164,34.93637368711995,5,363,54.973926901392886,63.17277156063401,49.32897427479151,58.92864491760259,56.95128590949774,56.95128590949774,49.32897427479151,63.17277156063401,49.32897427479151,63.17277156063401,13.843797285842498,43.24565511595536,74.61074546339412,31.365090347438766,B_targeted_validation,"{""academic_fit"": 58.92864491760259, ""balanced"": 54.973926901392886, ""labor_market"": 49.32897427479151, ""recruitment"": 63.17277156063401}","{""academic_fit"": 51.225953578863304, ""balanced"": 45.905153188218605, ""labor_market"": 43.24565511595536, ""recruitment"": 48.88326486901514}","{""academic_fit"": 64.700185358986, ""balanced"": 62.173297315933894, ""labor_market"": 54.2959296583456, ""recruitment"": 74.61074546339412}","{""academic_fit"": {""country_opportunity"": 0.25, ""friendliness"": 0.15, ""labor_demand"": 0.15, ""program_fit"": 0.45}, ""balanced"": {""country_opportunity"": 0.3, ""friendliness"": 0.2, ""labor_demand"": 0.3, ""program_fit"": 0.2}, ""labor_market"": {""country_opportunity"": 0.2, ""friendliness"": 0.15, ""labor_demand"": 0.45, ""program_fit"": 0.2}, ""recruitment"": {""country_opportunity"": 0.4, ""friendliness"": 0.3, ""labor_demand"": 0.1, ""program_fit"": 0.2}}",uncertainty_adjusted_management_priority_index_not_predicted_student_count,not_identified_ex_ante,,,,"incremental qualified applications, offers and enrolments attributable to the recruitment intervention",requires_prospective_campaign_evaluation,24,pre_registered_country_program_campaign_with_matched_comparison_or_stepped_wedge_rollout,qualified_leads;applications;offers;enrolments;yield;cost_per_enrolment,relative_record_level_program_demand_not_search_totals,ppml_russia_inbound_structural_allocation_v3;friendliness_receptivity_ex_ante_v4;trudvsem_program_demand_v5;mgimo_program_profiles,calculated_uncertainty_aware_scenario_ensemble_v5,targeted_digital_campaign_with_local_partner_validation,81,101.0,70.0,151.0,45.0,45.0,151.0,106.0,363,29046,0.012497417888865936
country_program_priority_evidence_v5,NER,Niger,Sub-Saharan Africa,international_economics,international_economics,Международная экономика и ВЭД,english_plus_russian_preparatory_year,No broad Russian or English functional-language signal is available in CLDR.,494.4652025116648,494.4652025116648,160.9628794116347,471.67872675748697,1062.3091707573135,1.0,0.8166666666666667,27.0,2023,521.5055102083084,521.5055102083084,27.04030769664352,89.0013274889097,89.0013274889097,72.96473150246261,99.95376750000088,point_score multiplied by probability of positive structural gap,64.80558862801902,37.305588628019024,92.30558862801902,0.45,limited,False,22.03938436910126,"{""economic_legal"": 0.141457209597731, ""energy_logistics"": 0.4572037459708574}",calculated_from_existing_mgimo_country_profile_scores,63.80753253946275,63.58040409631885,64.03323363437521,6,723,57.75474576400048,59.77419671018718,55.84617964117934,43.83651155409412,56.80046270258991,56.80046270258991,43.83651155409412,59.77419671018718,43.83651155409412,59.77419671018718,15.937685156093053,38.463705771660635,69.51966083689062,31.055955065229988,B_targeted_validation,"{""academic_fit"": 43.83651155409412, ""balanced"": 57.75474576400048, ""labor_market"": 55.84617964117934, ""recruitment"": 59.77419671018718}","{""academic_fit"": 38.463705771660635, ""balanced"": 48.816075423620504, ""labor_market"": 49.432480021727045, ""recruitment"": 46.96468266627411}","{""academic_fit"": 47.56391578090881, ""balanced"": 64.16994922309527, ""labor_market"": 60.310699007024105, ""recruitment"": 69.51966083689062}","{""academic_fit"": {""country_opportunity"": 0.25, ""friendliness"": 0.15, ""labor_demand"": 0.15, ""program_fit"": 0.45}, ""balanced"": {""country_opportunity"": 0.3, ""friendliness"": 0.2, ""labor_demand"": 0.3, ""program_fit"": 0.2}, ""labor_market"": {""country_opportunity"": 0.2, ""friendliness"": 0.15, ""labor_demand"": 0.45, ""program_fit"": 0.2}, ""recruitment"": {""country_opportunity"": 0.4, ""friendliness"": 0.3, ""labor_demand"": 0.1, ""program_fit"": 0.2}}",uncertainty_adjusted_management_priority_index_not_predicted_student_count,not_identified_ex_ante,,,,"incremental qualified applications, offers and enrolments attributable to the recruitment intervention",requires_prospective_campaign_evaluation,24,pre_registered_country_program_campaign_with_matched_comparison_or_stepped_wedge_rollout,qualified_leads;applications;offers;enrolments;yield;cost_per_enrolment,relative_record_level_program_demand_not_search_totals,ppml_russia_inbound_structural_allocation_v3;friendliness_receptivity_ex_ante_v4;trudvsem_program_demand_v5;mgimo_program_profiles,calculated_uncertainty_aware_scenario_ensemble_v5,targeted_digital_campaign_with_local_partner_validation,82,79.0,98.0,93.0,155.0,79.0,155.0,76.0,723,29046,0.024891551332369345
country_program_priority_evidence_v5,TUR,Türkiye,Europe & Central Asia,legal_public,legal_public,Международное право и комплаенс,english_plus_russian_preparatory_year,No broad Russian or English functional-language signal is available in CLDR.,6271.814851981322,6271.814851981322,2042.3232068749053,5788.136878229314,13356.513997275884,1.0,0.9983333333333332,911.0,2023,7040.885969507942,7040.885969507942,769.0711175266194,100.0,100.0,100.0,100.0,point_score multiplied by probability of positive structural gap,62.29229519979871,34.7922951997987,89.7922951997987,0.45,limited,False,46.46078713831556,"{""diplomatic_analytic"": 0.5353755707969705, ""economic_legal"": 0.4342788573486635}",calculated_from_existing_mgimo_country_profile_scores,33.810526315789474,33.51626038781164,34.93637368711995,5,363,56.888616433410114,67.18162053234838,49.634343321866595,56.56775019510996,56.728183314260036,56.728183314260036,49.634343321866595,67.18162053234838,49.634343321866595,67.18162053234838,17.54727721048178,45.39301213500026,75.10040631309218,29.707394178091917,B_targeted_validation,"{""academic_fit"": 56.56775019510996, ""balanced"": 56.888616433410114, ""labor_market"": 49.634343321866595, ""recruitment"": 67.18162053234838}","{""academic_fit"": 51.8658720080067, ""balanced"": 50.62989846169192, ""labor_market"": 45.39301213500026, ""recruitment"": 56.5735460505297}","{""academic_fit"": 59.99943738840876, ""balanced"": 61.73224909074357, ""labor_market"": 53.150536222517886, ""recruitment"": 75.10040631309218}","{""academic_fit"": {""country_opportunity"": 0.25, ""friendliness"": 0.15, ""labor_demand"": 0.15, ""program_fit"": 0.45}, ""balanced"": {""country_opportunity"": 0.3, ""friendliness"": 0.2, ""labor_demand"": 0.3, ""program_fit"": 0.2}, ""labor_market"": {""country_opportunity"": 0.2, ""friendliness"": 0.15, ""labor_demand"": 0.45, ""program_fit"": 0.2}, ""recruitment"": {""country_opportunity"": 0.4, ""friendliness"": 0.3, ""labor_demand"": 0.1, ""program_fit"": 0.2}}",uncertainty_adjusted_management_priority_index_not_predicted_student_count,not_identified_ex_ante,,,,"incremental qualified applications, offers and enrolments attributable to the recruitment intervention",requires_prospective_campaign_evaluation,24,pre_registered_country_program_campaign_with_matched_comparison_or_stepped_wedge_rollout,qualified_leads;applications;offers;enrolments;yield;cost_per_enrolment,relative_record_level_program_demand_not_search_totals,ppml_russia_inbound_structural_allocation_v3;friendliness_receptivity_ex_ante_v4;trudvsem_program_demand_v5;mgimo_program_profiles,calculated_uncertainty_aware_scenario_ensemble_v5,targeted_digital_campaign_with_local_partner_validation,83,85.0,44.0,146.0,60.0,44.0,146.0,102.0,363,29046,0.012497417888865936
country_program_priority_evidence_v5,MUS,Mauritius,Sub-Saharan Africa,digital_analytics,digital_analytics,Цифровая аналитика и Data/AI,english_with_optional_russian_preparatory_module,CLDR indicates a material functional English-language environment.,11.452155161881828,11.452155161881828,-5.561774968025375,8.604600126865996,53.16870874084784,0.82,0.0,13.0,2023,24.36121811949668,24.36121811949668,12.909062957614852,36.16984808379602,29.659275428712736,0.0,57.25609021239519,point_score multiplied by probability of positive structural gap,63.15330448715646,35.65330448715646,90.65330448715648,0.45,limited,False,69.81516120004328,"{""digital_finance_business_informatics"": 0.6924359416240076, ""economic_legal"": 0.7210142935061333}",calculated_from_existing_mgimo_country_profile_scores,80.99834319526626,80.86266231881814,84.12359954610515,6,1284,55.88017678967364,49.416826021781155,62.41822189466594,57.28349743965936,56.5818371146665,56.5818371146665,49.416826021781155,62.41822189466594,49.416826021781155,62.41822189466594,13.001395872884785,10.622980950616057,76.14069782888667,65.51771687827062,C_monitor_and_test,"{""academic_fit"": 57.28349743965936, ""balanced"": 55.88017678967364, ""labor_market"": 62.41822189466594, ""recruitment"": 49.416826021781155}","{""academic_fit"": 22.37769177803531, ""balanced"": 17.88348942112566, ""labor_market"": 28.92074559087844, ""recruitment"": 10.622980950616057}","{""academic_fit"": 71.35106954731701, ""balanced"": 73.57849419166868, ""labor_market"": 76.14069782888667, ""recruitment"": 71.36575189593607}","{""academic_fit"": {""country_opportunity"": 0.25, ""friendliness"": 0.15, ""labor_demand"": 0.15, ""program_fit"": 0.45}, ""balanced"": {""country_opportunity"": 0.3, ""friendliness"": 0.2, ""labor_demand"": 0.3, ""program_fit"": 0.2}, ""labor_market"": {""country_opportunity"": 0.2, ""friendliness"": 0.15, ""labor_demand"": 0.45, ""program_fit"": 0.2}, ""recruitment"": {""country_opportunity"": 0.4, ""friendliness"": 0.3, ""labor_demand"": 0.1, ""program_fit"": 0.2}}",uncertainty_adjusted_management_priority_index_not_predicted_student_count,not_identified_ex_ante,,,,"incremental qualified applications, offers and enrolments attributable to the recruitment intervention",requires_prospective_campaign_evaluation,24,pre_registered_country_program_campaign_with_matched_comparison_or_stepped_wedge_rollout,qualified_leads;applications;offers;enrolments;yield;cost_per_enrolment,relative_record_level_program_demand_not_search_totals,ppml_russia_inbound_structural_allocation_v3;friendliness_receptivity_ex_ante_v4;trudvsem_program_demand_v5;mgimo_program_profiles,calculated_uncertainty_aware_scenario_ensemble_v5,employer_linked_program_campaign_and_case_competitions,84,96.0,181.0,46.0,54.0,46.0,181.0,135.0,1284,29046,0.04420574261516216
country_program_priority_evidence_v5,LSO,Lesotho,Sub-Saharan Africa,international_economics,international_economics,Международная экономика и ВЭД,english_with_optional_russian_preparatory_module,CLDR indicates a material functional English-language environment.,52.13806068218432,52.13806068218432,16.867746505360522,48.154089086847904,117.87455280311232,1.0,0.0,4.0,2023,54.347518188702765,54.347518188702765,2.2094575065184467,56.98057440198765,56.98057440198765,41.34891601105692,68.52866963964306,point_score multiplied by probability of positive structural gap,63.89362799810429,36.39362799810429,91.3936279981043,0.45,limited,False,39.414588881742866,"{""economic_legal"": 0.3234209305126337, ""energy_logistics"": 0.6063207637318133}",calculated_from_existing_mgimo_country_profile_scores,63.80753253946275,63.58040409631885,64.03323363437521,6,723,56.48056991235171,55.86276524863465,57.10899784316009,50.4679379228961,56.17166758049318,56.17166758049318,50.4679379228961,57.10899784316009,50.4679379228961,57.10899784316009,6.6410599202639915,41.741930957209235,66.81253780145806,25.07060684424883,B_targeted_validation,"{""academic_fit"": 50.4679379228961, ""balanced"": 56.48056991235171, ""labor_market"": 57.10899784316009, ""recruitment"": 55.86276524863465}","{""academic_fit"": 42.930518067551844, ""balanced"": 45.986324215337675, ""labor_market"": 49.296910303416794, ""recruitment"": 41.741930957209235}","{""academic_fit"": 55.71580195171283, ""balanced"": 64.07733544496953, ""labor_market"": 62.54264632766525, ""recruitment"": 66.81253780145806}","{""academic_fit"": {""country_opportunity"": 0.25, ""friendliness"": 0.15, ""labor_demand"": 0.15, ""program_fit"": 0.45}, ""balanced"": {""country_opportunity"": 0.3, ""friendliness"": 0.2, ""labor_demand"": 0.3, ""program_fit"": 0.2}, ""labor_market"": {""country_opportunity"": 0.2, ""friendliness"": 0.15, ""labor_demand"": 0.45, ""program_fit"": 0.2}, ""recruitment"": {""country_opportunity"": 0.4, ""friendliness"": 0.3, ""labor_demand"": 0.1, ""program_fit"": 0.2}}",uncertainty_adjusted_management_priority_index_not_predicted_student_count,not_identified_ex_ante,,,,"incremental qualified applications, offers and enrolments attributable to the recruitment intervention",requires_prospective_campaign_evaluation,24,pre_registered_country_program_campaign_with_matched_comparison_or_stepped_wedge_rollout,qualified_leads;applications;offers;enrolments;yield;cost_per_enrolment,relative_record_level_program_demand_not_search_totals,ppml_russia_inbound_structural_allocation_v3;friendliness_receptivity_ex_ante_v4;trudvsem_program_demand_v5;mgimo_program_profiles,calculated_uncertainty_aware_scenario_ensemble_v5,targeted_digital_campaign_with_local_partner_validation,85,90.0,123.0,86.0,97.0,86.0,123.0,37.0,723,29046,0.024891551332369345
country_program_priority_evidence_v5,VEN,"Venezuela, Bolivarian Republic of",Latin America & Caribbean,international_economics,international_economics,Международная экономика и ВЭД,english_plus_russian_preparatory_year,No broad Russian or English functional-language signal is available in CLDR.,735.3116014831353,735.3116014831353,140.5942067213212,668.9637176868814,1953.146147813945,0.9983333333333332,0.885,153.0,2023,886.8145213958945,886.8145213958945,151.5029199127592,94.6831340853919,94.52532886191624,71.03709420528718,100.0,point_score multiplied by probability of positive structural gap,66.4158160638801,38.9158160638801,93.91581606388011,0.45,limited,False,18.754320227539914,"{""economic_legal"": 0.1495755465702976, ""energy_logistics"": 0.3014461693907038}",calculated_from_existing_mgimo_country_profile_scores,63.80753253946275,63.58040409631885,64.03323363437521,6,723,57.29102756379597,59.79289045348531,55.002254442692234,41.66911669111224,56.1466410032441,56.1466410032441,41.66911669111224,59.79289045348531,41.66911669111224,59.79289045348531,18.123773762373077,35.87587306335603,67.77268696874789,31.89681390539186,B_targeted_validation,"{""academic_fit"": 41.66911669111224, ""balanced"": 57.29102756379597, ""labor_market"": 55.002254442692234, ""recruitment"": 59.79289045348531}","{""academic_fit"": 35.87587306335603, ""balanced"": 47.35186949073211, ""labor_market"": 47.97769447016962, ""recruitment"": 45.6233423354634}","{""academic_fit"": 44.50184330759972, ""balanced"": 62.44760374180657, ""labor_market"": 58.63906188655964, ""recruitment"": 67.77268696874789}","{""academic_fit"": {""country_opportunity"": 0.25, ""friendliness"": 0.15, ""labor_demand"": 0.15, ""program_fit"": 0.45}, ""balanced"": {""country_opportunity"": 0.3, ""friendliness"": 0.2, ""labor_demand"": 0.3, ""program_fit"": 0.2}, ""labor_market"": {""country_opportunity"": 0.2, ""friendliness"": 0.15, ""labor_demand"": 0.45, ""program_fit"": 0.2}, ""recruitment"": {""country_opportunity"": 0.4, ""friendliness"": 0.3, ""labor_demand"": 0.1, ""program_fit"": 0.2}}",uncertainty_adjusted_management_priority_index_not_predicted_student_count,not_identified_ex_ante,,,,"incremental qualified applications, offers and enrolments attributable to the recruitment intervention",requires_prospective_campaign_evaluation,24,pre_registered_country_program_campaign_with_matched_comparison_or_stepped_wedge_rollout,qualified_leads;applications;offers;enrolments;yield;cost_per_enrolment,relative_record_level_program_demand_not_search_totals,ppml_russia_inbound_structural_allocation_v3;friendliness_receptivity_ex_ante_v4;trudvsem_program_demand_v5;mgimo_program_profiles,calculated_uncertainty_aware_scenario_ensemble_v5,digital_recruitment_scholarship_and_olympiad,86,81.0,95.0,101.0,179.0,81.0,179.0,98.0,723,29046,0.024891551332369345
country_program_priority_evidence_v5,PRK,"Korea, Democratic People's Republic of",East Asia & Pacific,languages_regional,languages_regional,Иностранные языки и регионоведение,english_plus_russian_preparatory_year_plus_target_region_language,No broad Russian or English functional-language signal is available in CLDR.,1024.2065489485078,1024.2065489485078,-0.7712516888885251,905.376511203234,5975.747172344155,0.9733333333333334,0.8183333333333334,136.0,2023,1150.3121619755332,1150.3121619755332,126.10561302702531,99.43038981322665,96.77891275154062,0.0,100.0,point_score multiplied by probability of positive structural gap,70.01277546029631,42.51277546029631,97.51277546029633,0.45,limited,False,24.95871212710341,"{""diplomatic_analytic"": 0.2321922815896271, ""economic_legal"": 0.3191664799966621}",calculated_from_existing_mgimo_country_profile_scores,52.68428650749584,48.864850295110166,52.853722353772,5,542,58.18757644067344,63.53587288498686,54.040082323839165,46.434940358046426,56.1138293822563,56.1138293822563,46.434940358046426,63.53587288498686,46.434940358046426,63.53587288498686,17.100932526940433,8.70762549610193,71.0285817970363,62.32095630093437,C_monitor_and_test,"{""academic_fit"": 46.434940358046426, ""balanced"": 58.18757644067344, ""labor_market"": 54.040082323839165, ""recruitment"": 63.53587288498686}","{""academic_fit"": 13.569621564085296, ""balanced"": 13.049593025881185, ""labor_market"": 19.42384958520514, ""recruitment"": 8.70762549610193}","{""academic_fit"": 49.1917899929883, ""balanced"": 62.79063800618159, ""labor_market"": 57.209807941991784, ""recruitment"": 71.0285817970363}","{""academic_fit"": {""country_opportunity"": 0.25, ""friendliness"": 0.15, ""labor_demand"": 0.15, ""program_fit"": 0.45}, ""balanced"": {""country_opportunity"": 0.3, ""friendliness"": 0.2, ""labor_demand"": 0.3, ""program_fit"": 0.2}, ""labor_market"": {""country_opportunity"": 0.2, ""friendliness"": 0.15, ""labor_demand"": 0.45, ""program_fit"": 0.2}, ""recruitment"": {""country_opportunity"": 0.4, ""friendliness"": 0.3, ""labor_demand"": 0.1, ""program_fit"": 0.2}}",uncertainty_adjusted_management_priority_index_not_predicted_student_count,not_identified_ex_ante,,,,"incremental qualified applications, offers and enrolments attributable to the recruitment intervention",requires_prospective_campaign_evaluation,24,pre_registered_country_program_campaign_with_matched_comparison_or_stepped_wedge_rollout,qualified_leads;applications;offers;enrolments;yield;cost_per_enrolment,relative_record_level_program_demand_not_search_totals,ppml_russia_inbound_structural_allocation_v3;friendliness_receptivity_ex_ante_v4;trudvsem_program_demand_v5;mgimo_program_profiles,calculated_uncertainty_aware_scenario_ensemble_v5,digital_recruitment_scholarship_and_olympiad,87,75.0,65.0,107.0,135.0,65.0,135.0,70.0,542,29046,0.018660056462163465
country_program_priority_evidence_v5,BGD,Bangladesh,South Asia,international_economics,international_economics,Международная экономика и ВЭД,english_plus_russian_preparatory_year,No broad Russian or English functional-language signal is available in CLDR.,463.77351122663737,463.77351122663737,-163.85613125144286,400.7988264210292,1588.8601853091898,0.885,0.5616666666666666,541.0,2023,949.34745736248,949.34745736248,485.5739461358426,88.08417939205468,77.9544987619684,0.0,100.0,point_score multiplied by probability of positive structural gap,63.58087549072616,36.08087549072616,91.08087549072616,0.45,limited,False,24.680874176418975,"{""economic_legal"": 0.244784616132352, ""energy_logistics"": 0.2528811186597031}",calculated_from_existing_mgimo_country_profile_scores,63.80753253946275,63.58040409631885,64.03323363437521,6,723,56.535610033925174,57.642799701407824,55.439974414562975,44.42287579896656,55.987792224244075,55.987792224244075,44.42287579896656,57.642799701407824,44.42287579896656,57.642799701407824,13.219923902441266,8.498761786152798,70.77722046203816,62.27845867588536,C_monitor_and_test,"{""academic_fit"": 44.42287579896656, ""balanced"": 56.535610033925174, ""labor_market"": 55.439974414562975, ""recruitment"": 57.642799701407824}","{""academic_fit"": 13.705366328533444, ""balanced"": 13.628900162708632, ""labor_market"": 21.257805294137953, ""recruitment"": 8.498761786152798}","{""academic_fit"": 49.85159973227676, ""balanced"": 65.4141182345072, ""labor_market"": 61.517855062708705, ""recruitment"": 70.77722046203816}","{""academic_fit"": {""country_opportunity"": 0.25, ""friendliness"": 0.15, ""labor_demand"": 0.15, ""program_fit"": 0.45}, ""balanced"": {""country_opportunity"": 0.3, ""friendliness"": 0.2, ""labor_demand"": 0.3, ""program_fit"": 0.2}, ""labor_market"": {""country_opportunity"": 0.2, ""friendliness"": 0.15, ""labor_demand"": 0.45, ""program_fit"": 0.2}, ""recruitment"": {""country_opportunity"": 0.4, ""friendliness"": 0.3, ""labor_demand"": 0.1, ""program_fit"": 0.2}}",uncertainty_adjusted_management_priority_index_not_predicted_student_count,not_identified_ex_ante,,,,"incremental qualified applications, offers and enrolments attributable to the recruitment intervention",requires_prospective_campaign_evaluation,24,pre_registered_country_program_campaign_with_matched_comparison_or_stepped_wedge_rollout,qualified_leads;applications;offers;enrolments;yield;cost_per_enrolment,relative_record_level_program_demand_not_search_totals,ppml_russia_inbound_structural_allocation_v3;friendliness_receptivity_ex_ante_v4;trudvsem_program_demand_v5;mgimo_program_profiles,calculated_uncertainty_aware_scenario_ensemble_v5,targeted_digital_campaign_with_local_partner_validation,88,89.0,112.0,97.0,148.0,89.0,148.0,59.0,723,29046,0.024891551332369345
country_program_priority_evidence_v5,BTN,Bhutan,South Asia,languages_regional,languages_regional,Иностранные языки и регионоведение,english_plus_russian_preparatory_year_plus_target_region_language,No broad Russian or English functional-language signal is available in CLDR.,140.10751376544923,140.10751376544923,27.40457878184346,132.0229178729953,521.452014387838,1.0,0.0633333333333333,0.0,2023,140.10751376544923,140.10751376544923,0.0,70.98771126558162,70.98771126558162,47.99735110755962,89.76198788555648,point_score multiplied by probability of positive structural gap,63.21573955610894,35.715739556108936,90.71573955610894,0.45,limited,False,40.09700361562253,"{""diplomatic_analytic"": 0.3911610876243805, ""economic_legal"": 0.4402058302836045}",calculated_from_existing_mgimo_country_profile_scores,52.68428650749584,48.864850295110166,52.853722353772,5,542,57.029638820157444,59.78898345168341,54.88703716093581,52.099204270421815,55.958337990546624,55.958337990546624,52.099204270421815,59.78898345168341,52.099204270421815,59.78898345168341,7.689779181261592,43.02737333490849,73.02254954920394,29.995176214295455,B_targeted_validation,"{""academic_fit"": 52.099204270421815, ""balanced"": 57.029638820157444, ""labor_market"": 54.88703716093581, ""recruitment"": 59.78898345168341}","{""academic_fit"": 43.0361455909428, ""balanced"": 44.442783397700346, ""labor_market"": 45.207506579338684, ""recruitment"": 43.02737333490849}","{""academic_fit"": 58.266393474667545, ""balanced"": 65.71512681168451, ""labor_market"": 60.734451796564805, ""recruitment"": 73.02254954920394}","{""academic_fit"": {""country_opportunity"": 0.25, ""friendliness"": 0.15, ""labor_demand"": 0.15, ""program_fit"": 0.45}, ""balanced"": {""country_opportunity"": 0.3, ""friendliness"": 0.2, ""labor_demand"": 0.3, ""program_fit"": 0.2}, ""labor_market"": {""country_opportunity"": 0.2, ""friendliness"": 0.15, ""labor_demand"": 0.45, ""program_fit"": 0.2}, ""recruitment"": {""country_opportunity"": 0.4, ""friendliness"": 0.3, ""labor_demand"": 0.1, ""program_fit"": 0.2}}",uncertainty_adjusted_management_priority_index_not_predicted_student_count,not_identified_ex_ante,,,,"incremental qualified applications, offers and enrolments attributable to the recruitment intervention",requires_prospective_campaign_evaluation,24,pre_registered_country_program_campaign_with_matched_comparison_or_stepped_wedge_rollout,qualified_leads;applications;offers;enrolments;yield;cost_per_enrolment,relative_record_level_program_demand_not_search_totals,ppml_russia_inbound_structural_allocation_v3;friendliness_receptivity_ex_ante_v4;trudvsem_program_demand_v5;mgimo_program_profiles,calculated_uncertainty_aware_scenario_ensemble_v5,targeted_digital_campaign_with_local_partner_validation,89,82.0,96.0,102.0,88.0,82.0,102.0,20.0,542,29046,0.018660056462163465
country_program_priority_evidence_v5,NPL,Nepal,South Asia,languages_regional,languages_regional,Иностранные языки и регионоведение,english_plus_russian_preparatory_year_plus_target_region_language,No broad Russian or English functional-language signal is available in CLDR.,1075.5996140261825,1075.5996140261825,286.4172296092276,998.3002316758184,2764.8976282259064,1.0,0.99,94.0,2023,1174.2304663495102,1174.2304663495102,98.6308523233276,100.0,100.0,81.19103317197752,100.0,point_score multiplied by probability of positive structural gap,63.8663064372496,36.3663064372496,91.3663064372496,0.45,limited,False,25.596119554877195,"{""diplomatic_analytic"": 0.2562185949178756, ""economic_legal"": 0.2549315980723572}",calculated_from_existing_mgimo_country_profile_scores,52.68428650749584,48.864850295110166,52.853722353772,5,542,57.98246615793269,62.94500906191375,53.91885550163962,46.68820179644316,55.95066082978616,55.95066082978616,46.68820179644316,62.94500906191375,46.68820179644316,62.94500906191375,16.25680726547059,40.373292126667515,70.00780754337515,29.634515416707636,B_targeted_validation,"{""academic_fit"": 46.68820179644316, ""balanced"": 57.98246615793269, ""labor_market"": 53.91885550163962, ""recruitment"": 62.94500906191375}","{""academic_fit"": 40.373292126667515, ""balanced"": 47.74457188997951, ""labor_market"": 46.07726882799534, ""recruitment"": 48.76357760290813}","{""academic_fit"": 49.25344243733616, ""balanced"": 62.28824967771436, ""labor_market"": 56.93517633075359, ""recruitment"": 70.00780754337515}","{""academic_fit"": {""country_opportunity"": 0.25, ""friendliness"": 0.15, ""labor_demand"": 0.15, ""program_fit"": 0.45}, ""balanced"": {""country_opportunity"": 0.3, ""friendliness"": 0.2, ""labor_demand"": 0.3, ""program_fit"": 0.2}, ""labor_market"": {""country_opportunity"": 0.2, ""friendliness"": 0.15, ""labor_demand"": 0.45, ""program_fit"": 0.2}, ""recruitment"": {""country_opportunity"": 0.4, ""friendliness"": 0.3, ""labor_demand"": 0.1, ""program_fit"": 0.2}}",uncertainty_adjusted_management_priority_index_not_predicted_student_count,not_identified_ex_ante,,,,"incremental qualified applications, offers and enrolments attributable to the recruitment intervention",requires_prospective_campaign_evaluation,24,pre_registered_country_program_campaign_with_matched_comparison_or_stepped_wedge_rollout,qualified_leads;applications;offers;enrolments;yield;cost_per_enrolment,relative_record_level_program_demand_not_search_totals,ppml_russia_inbound_structural_allocation_v3;friendliness_receptivity_ex_ante_v4;trudvsem_program_demand_v5;mgimo_program_profiles,calculated_uncertainty_aware_scenario_ensemble_v5,targeted_digital_campaign_with_local_partner_validation,90,77.0,73.0,109.0,131.0,73.0,131.0,58.0,542,29046,0.018660056462163465
country_program_priority_evidence_v5,THA,Thailand,East Asia & Pacific,legal_public,legal_public,Международное право и комплаенс,english_with_optional_russian_preparatory_module,CLDR indicates a material functional English-language environment.,222.9823261229627,222.9823261229627,-35.88656602940428,196.96835921580677,897.5067334467701,0.915,0.12,130.0,2023,362.2327664029911,362.2327664029911,139.25044028002836,77.61451665790797,71.0172827419858,0.0,97.53841789027449,point_score multiplied by probability of positive structural gap,63.36552884934288,35.86552884934287,90.86552884934288,0.45,limited,False,58.28130023557962,"{""diplomatic_analytic"": 0.5706719830606207, ""economic_legal"": 0.5880162963394429}",calculated_from_existing_mgimo_country_profile_scores,33.810526315789474,33.51626038781164,34.93637368711995,5,363,53.91840480323579,61.66005735004636,48.62026069977579,57.59773070809066,55.75806775566322,55.75806775566322,48.62026069977579,61.66005735004636,48.62026069977579,61.66005735004636,13.039796650270567,9.419995265497404,78.01957914154261,68.5995838760452,C_monitor_and_test,"{""academic_fit"": 57.59773070809066, ""balanced"": 53.91840480323579, ""labor_market"": 48.62026069977579, ""recruitment"": 61.66005735004636}","{""academic_fit"": 18.163027112835728, ""balanced"": 13.335011206482417, ""labor_market"": 18.939387162658267, ""recruitment"": 9.419995265497404}","{""academic_fit"": 66.0231166100456, ""balanced"": 64.21472646803501, ""labor_market"": 55.39194144080759, ""recruitment"": 78.01957914154261}","{""academic_fit"": {""country_opportunity"": 0.25, ""friendliness"": 0.15, ""labor_demand"": 0.15, ""program_fit"": 0.45}, ""balanced"": {""country_opportunity"": 0.3, ""friendliness"": 0.2, ""labor_demand"": 0.3, ""program_fit"": 0.2}, ""labor_market"": {""country_opportunity"": 0.2, ""friendliness"": 0.15, ""labor_demand"": 0.45, ""program_fit"": 0.2}, ""recruitment"": {""country_opportunity"": 0.4, ""friendliness"": 0.3, ""labor_demand"": 0.1, ""program_fit"": 0.2}}",uncertainty_adjusted_management_priority_index_not_predicted_student_count,not_identified_ex_ante,,,,"incremental qualified applications, offers and enrolments attributable to the recruitment intervention",requires_prospective_campaign_evaluation,24,pre_registered_country_program_campaign_with_matched_comparison_or_stepped_wedge_rollout,qualified_leads;applications;offers;enrolments;yield;cost_per_enrolment,relative_record_level_program_demand_not_search_totals,ppml_russia_inbound_structural_allocation_v3;friendliness_receptivity_ex_ante_v4;trudvsem_program_demand_v5;mgimo_program_profiles,calculated_uncertainty_aware_scenario_ensemble_v5,targeted_digital_campaign_with_local_partner_validation,91,110.0,83.0,159.0,52.0,52.0,159.0,107.0,363,29046,0.012497417888865936
country_program_priority_evidence_v5,DJI,Djibouti,Middle East & North Africa,legal_public,legal_public,Международное право и комплаенс,english_plus_russian_preparatory_year,No broad Russian or English functional-language signal is available in CLDR.,239.3738803499215,239.3738803499215,50.49768958489623,219.4528350835213,743.5658002040125,1.0,0.1883333333333333,25.0,2023,271.619502406588,271.619502406588,32.24562205666646,78.62749291035662,78.62749291035662,56.530848916296335,94.84302000290357,point_score multiplied by probability of positive structural gap,63.19730844112152,35.69730844112152,90.69730844112152,0.45,limited,False,52.732763946046376,"{""diplomatic_analytic"": 0.4616249440057987, ""economic_legal"": 0.5554859375124632}",calculated_from_existing_mgimo_country_profile_scores,33.810526315789474,33.51626038781164,34.93637368711995,5,363,54.458028626382905,62.88944819765515,48.622396341156744,56.4853897200633,55.471709173223104,55.471709173223104,48.622396341156744,62.88944819765515,48.622396341156744,62.88944819765515,14.267051856498405,41.736154571849944,75.61554031943939,33.879385747589446,B_targeted_validation,"{""academic_fit"": 56.4853897200633, ""balanced"": 54.458028626382905, ""labor_market"": 48.622396341156744, ""recruitment"": 62.88944819765515}","{""academic_fit"": 47.82556897335356, ""balanced"": 44.05859670868056, ""labor_market"": 41.736154571849944, ""recruitment"": 46.652982442619425}","{""academic_fit"": 62.71335078386407, ""balanced"": 62.42035038047579, ""labor_market"": 53.998595169700835, ""recruitment"": 75.61554031943939}","{""academic_fit"": {""country_opportunity"": 0.25, ""friendliness"": 0.15, ""labor_demand"": 0.15, ""program_fit"": 0.45}, ""balanced"": {""country_opportunity"": 0.3, ""friendliness"": 0.2, ""labor_demand"": 0.3, ""program_fit"": 0.2}, ""labor_market"": {""country_opportunity"": 0.2, ""friendliness"": 0.15, ""labor_demand"": 0.45, ""program_fit"": 0.2}, ""recruitment"": {""country_opportunity"": 0.4, ""friendliness"": 0.3, ""labor_demand"": 0.1, ""program_fit"": 0.2}}",uncertainty_adjusted_management_priority_index_not_predicted_student_count,not_identified_ex_ante,,,,"incremental qualified applications, offers and enrolments attributable to the recruitment intervention",requires_prospective_campaign_evaluation,24,pre_registered_country_program_campaign_with_matched_comparison_or_stepped_wedge_rollout,qualified_leads;applications;offers;enrolments;yield;cost_per_enrolment,relative_record_level_program_demand_not_search_totals,ppml_russia_inbound_structural_allocation_v3;friendliness_receptivity_ex_ante_v4;trudvsem_program_demand_v5;mgimo_program_profiles,calculated_uncertainty_aware_scenario_ensemble_v5,targeted_digital_campaign_with_local_partner_validation,92,105.0,74.0,158.0,61.0,61.0,158.0,97.0,363,29046,0.012497417888865936
country_program_priority_evidence_v5,MLI,Mali,Sub-Saharan Africa,international_economics,international_economics,Международная экономика и ВЭД,english_plus_russian_preparatory_year,No broad Russian or English functional-language signal is available in CLDR.,784.3979453296448,784.3979453296448,268.8487015801145,725.5983064700426,1402.6719095326164,1.0,0.98,196.0,2023,965.5455456755742,965.5455456755742,181.14760034592936,95.60874724951063,95.60874724951063,80.28641203932513,100.0,point_score multiplied by probability of positive structural gap,66.36127576000781,38.86127576000782,93.86127576000784,0.45,limited,False,17.254271994154006,"{""economic_legal"": 0.1152378012270832, ""energy_logistics"": 0.3444574760849107}",calculated_from_existing_mgimo_country_profile_scores,63.80753253946275,63.58040409631885,64.03323363437521,6,723,56.57520959498351,59.10765770977192,54.256007730768374,40.32293541506397,55.41560866287594,55.41560866287594,40.32293541506397,59.10765770977192,40.32293541506397,59.10765770977192,18.784722294707954,35.67754318290965,66.6991504624567,31.021607279547048,B_targeted_validation,"{""academic_fit"": 40.32293541506397, ""balanced"": 56.57520959498351, ""labor_market"": 54.256007730768374, ""recruitment"": 59.10765770977192}","{""academic_fit"": 35.67754318290965, ""balanced"": 48.316713093661555, ""labor_market"": 48.370785594718654, ""recruitment"": 47.112282501080166}","{""academic_fit"": 42.94441083897443, ""balanced"": 61.46195052669423, ""labor_market"": 57.715180151675064, ""recruitment"": 66.6991504624567}","{""academic_fit"": {""country_opportunity"": 0.25, ""friendliness"": 0.15, ""labor_demand"": 0.15, ""program_fit"": 0.45}, ""balanced"": {""country_opportunity"": 0.3, ""friendliness"": 0.2, ""labor_demand"": 0.3, ""program_fit"": 0.2}, ""labor_market"": {""country_opportunity"": 0.2, ""friendliness"": 0.15, ""labor_demand"": 0.45, ""program_fit"": 0.2}, ""recruitment"": {""country_opportunity"": 0.4, ""friendliness"": 0.3, ""labor_demand"": 0.1, ""program_fit"": 0.2}}",uncertainty_adjusted_management_priority_index_not_predicted_student_count,not_identified_ex_ante,,,,"incremental qualified applications, offers and enrolments attributable to the recruitment intervention",requires_prospective_campaign_evaluation,24,pre_registered_country_program_campaign_with_matched_comparison_or_stepped_wedge_rollout,qualified_leads;applications;offers;enrolments;yield;cost_per_enrolment,relative_record_level_program_demand_not_search_totals,ppml_russia_inbound_structural_allocation_v3;friendliness_receptivity_ex_ante_v4;trudvsem_program_demand_v5;mgimo_program_profiles,calculated_uncertainty_aware_scenario_ensemble_v5,digital_recruitment_scholarship_and_olympiad,93,88.0,102.0,104.0,194.0,88.0,194.0,106.0,723,29046,0.024891551332369345
country_program_priority_evidence_v5,BRA,Brazil,Latin America & Caribbean,digital_analytics,digital_analytics,Цифровая аналитика и Data/AI,english_plus_russian_preparatory_year,No broad Russian or English functional-language signal is available in CLDR.,85.43170022491807,85.43170022491807,-181.2820702477455,57.08296170262864,768.9202486279605,0.6316666666666667,0.145,227.0,2023,435.0658326309589,435.0658326309589,349.63413240604086,63.95756264482146,40.39986040397889,0.0,95.32328326858273,point_score multiplied by probability of positive structural gap,56.86413841445693,39.36413841445693,74.36413841445693,0.65,moderate,True,53.27888861165585,"{""digital_finance_business_informatics"": 0.5701444886715535, ""economic_legal"": 0.3833664758965783}",calculated_from_existing_mgimo_country_profile_scores,80.99834319526626,80.86266231881814,84.12359954610515,6,1284,56.79732733847865,51.22803779533274,61.88398887370825,53.94416271456501,55.37074502652183,55.37074502652183,51.22803779533274,61.88398887370825,51.22803779533274,61.88398887370825,10.655951078375509,10.368408705604198,78.02822832133623,67.65981961573203,C_monitor_and_test,"{""academic_fit"": 53.94416271456501, ""balanced"": 56.79732733847865, ""labor_market"": 61.88398887370825, ""recruitment"": 51.22803779533274}","{""academic_fit"": 20.14302932147167, ""balanced"": 17.287401247990434, ""labor_market"": 27.82228580625231, ""recruitment"": 10.368408705604198}","{""academic_fit"": 69.70719053493347, ""balanced"": 78.01392716005742, ""labor_market"": 77.52615993617911, ""recruitment"": 78.02822832133623}","{""academic_fit"": {""country_opportunity"": 0.25, ""friendliness"": 0.15, ""labor_demand"": 0.15, ""program_fit"": 0.45}, ""balanced"": {""country_opportunity"": 0.3, ""friendliness"": 0.2, ""labor_demand"": 0.3, ""program_fit"": 0.2}, ""labor_market"": {""country_opportunity"": 0.2, ""friendliness"": 0.15, ""labor_demand"": 0.45, ""program_fit"": 0.2}, ""recruitment"": {""country_opportunity"": 0.4, ""friendliness"": 0.3, ""labor_demand"": 0.1, ""program_fit"": 0.2}}",uncertainty_adjusted_management_priority_index_not_predicted_student_count,not_identified_ex_ante,,,,"incremental qualified applications, offers and enrolments attributable to the recruitment intervention",requires_prospective_campaign_evaluation,24,pre_registered_country_program_campaign_with_matched_comparison_or_stepped_wedge_rollout,qualified_leads;applications;offers;enrolments;yield;cost_per_enrolment,relative_record_level_program_demand_not_search_totals,ppml_russia_inbound_structural_allocation_v3;friendliness_receptivity_ex_ante_v4;trudvsem_program_demand_v5;mgimo_program_profiles,calculated_uncertainty_aware_scenario_ensemble_v5,employer_linked_program_campaign_and_case_competitions,94,86.0,159.0,50.0,79.0,50.0,159.0,109.0,1284,29046,0.04420574261516216
country_program_priority_evidence_v5,GMB,Gambia,Sub-Saharan Africa,digital_analytics,digital_analytics,Цифровая аналитика и Data/AI,english_with_optional_russian_preparatory_module,CLDR indicates a material functional English-language environment.,42.69652363829757,42.69652363829757,-6.985566264527495,37.18342520940964,120.03035160888244,0.9383333333333334,0.0,47.0,2023,85.65008599969663,85.65008599969663,42.95356236139906,54.17485631691724,50.83407351070735,0.0,68.7864386427658,point_score multiplied by probability of positive structural gap,63.188717482898525,35.688717482898525,90.68871748289853,0.45,limited,False,35.49809963381982,"{""digital_finance_business_informatics"": 0.3838917831870701, ""economic_legal"": 0.2393378489427103}",calculated_from_existing_mgimo_country_profile_scores,80.99834319526626,80.86266231881814,84.12359954610515,6,1284,57.299461657927274,53.40684588767488,60.72770019242034,48.477882447281885,55.35315377280108,55.35315377280108,48.477882447281885,60.72770019242034,48.477882447281885,60.72770019242034,12.249817745138458,9.306813739378406,69.1443597456379,59.837546006259494,C_monitor_and_test,"{""academic_fit"": 48.477882447281885, ""balanced"": 57.299461657927274, ""labor_market"": 60.72770019242034, ""recruitment"": 53.40684588767488}","{""academic_fit"": 16.60898141215933, ""balanced"": 15.666246013664068, ""labor_market"": 25.33385003127155, ""recruitment"": 9.306813739378406}","{""academic_fit"": 55.39848402507268, ""balanced"": 68.03653085117956, ""labor_market"": 69.1443597456379, ""recruitment"": 67.19560344472984}","{""academic_fit"": {""country_opportunity"": 0.25, ""friendliness"": 0.15, ""labor_demand"": 0.15, ""program_fit"": 0.45}, ""balanced"": {""country_opportunity"": 0.3, ""friendliness"": 0.2, ""labor_demand"": 0.3, ""program_fit"": 0.2}, ""labor_market"": {""country_opportunity"": 0.2, ""friendliness"": 0.15, ""labor_demand"": 0.45, ""program_fit"": 0.2}, ""recruitment"": {""country_opportunity"": 0.4, ""friendliness"": 0.3, ""labor_demand"": 0.1, ""program_fit"": 0.2}}",uncertainty_adjusted_management_priority_index_not_predicted_student_count,not_identified_ex_ante,,,,"incremental qualified applications, offers and enrolments attributable to the recruitment intervention",requires_prospective_campaign_evaluation,24,pre_registered_country_program_campaign_with_matched_comparison_or_stepped_wedge_rollout,qualified_leads;applications;offers;enrolments;yield;cost_per_enrolment,relative_record_level_program_demand_not_search_totals,ppml_russia_inbound_structural_allocation_v3;friendliness_receptivity_ex_ante_v4;trudvsem_program_demand_v5;mgimo_program_profiles,calculated_uncertainty_aware_scenario_ensemble_v5,employer_linked_program_campaign_and_case_competitions,95,80.0,140.0,55.0,113.0,55.0,140.0,85.0,1284,29046,0.04420574261516216
country_program_priority_evidence_v5,ETH,Ethiopia,Sub-Saharan Africa,digital_analytics,digital_analytics,Цифровая аналитика и Data/AI,english_with_optional_russian_preparatory_module,CLDR indicates a material functional English-language environment.,237.7109403385557,237.7109403385557,-35.614619859247085,228.87440356259805,1019.066278093146,0.9166666666666666,0.2416666666666666,167.0,2023,372.4911624234543,372.4911624234543,134.78022208489858,78.52792581965551,71.98393200135088,0.0,99.35829806271671,point_score multiplied by probability of positive structural gap,64.18877950397808,36.68877950397808,91.6887795039781,0.45,limited,False,18.627601946603555,"{""digital_finance_business_informatics"": 0.2100324713494814, ""economic_legal"": 0.0912502119322522}",calculated_from_existing_mgimo_country_profile_scores,80.99834319526626,80.86266231881814,84.12359954610515,6,1284,56.25956177467024,54.3469705365773,57.57523753128903,40.03800121768654,55.303266155623774,55.303266155623774,40.03800121768654,57.57523753128903,40.03800121768654,57.57523753128903,17.537236313602484,8.287514154069754,68.86309481885567,60.57558066478592,C_monitor_and_test,"{""academic_fit"": 40.03800121768654, ""balanced"": 56.25956177467024, ""labor_market"": 57.57523753128903, ""recruitment"": 54.3469705365773}","{""academic_fit"": 12.614312209393308, ""balanced"": 13.91298281437987, ""labor_market"": 22.468419543487318, ""recruitment"": 8.287514154069754}","{""academic_fit"": 45.964101865974726, ""balanced"": 67.16429919127405, ""labor_market"": 65.78688114101249, ""recruitment"": 68.86309481885567}","{""academic_fit"": {""country_opportunity"": 0.25, ""friendliness"": 0.15, ""labor_demand"": 0.15, ""program_fit"": 0.45}, ""balanced"": {""country_opportunity"": 0.3, ""friendliness"": 0.2, ""labor_demand"": 0.3, ""program_fit"": 0.2}, ""labor_market"": {""country_opportunity"": 0.2, ""friendliness"": 0.15, ""labor_demand"": 0.45, ""program_fit"": 0.2}, ""recruitment"": {""country_opportunity"": 0.4, ""friendliness"": 0.3, ""labor_demand"": 0.1, ""program_fit"": 0.2}}",uncertainty_adjusted_management_priority_index_not_predicted_student_count,not_identified_ex_ante,,,,"incremental qualified applications, offers and enrolments attributable to the recruitment intervention",requires_prospective_campaign_evaluation,24,pre_registered_country_program_campaign_with_matched_comparison_or_stepped_wedge_rollout,qualified_leads;applications;offers;enrolments;yield;cost_per_enrolment,relative_record_level_program_demand_not_search_totals,ppml_russia_inbound_structural_allocation_v3;friendliness_receptivity_ex_ante_v4;trudvsem_program_demand_v5;mgimo_program_profiles,calculated_uncertainty_aware_scenario_ensemble_v5,employer_linked_program_campaign_and_case_competitions,96,92.0,136.0,82.0,197.0,82.0,197.0,115.0,1284,29046,0.04420574261516216
country_program_priority_evidence_v5,BHR,Bahrain,Middle East & North Africa,international_economics,international_economics,Международная экономика и ВЭД,english_plus_russian_preparatory_year,No broad Russian or English functional-language signal is available in CLDR.,31.931660746639665,31.931660746639665,-47.54678225176156,18.08585022238453,211.7419000625797,0.6583333333333333,0.0,45.0,2023,120.50138463896644,120.50138463896644,88.56972389232676,50.11835563919724,32.99458412913818,0.0,76.87606628006898,point_score multiplied by probability of positive structural gap,63.790719388353246,36.290719388353246,91.29071938835324,0.45,limited,False,69.67568621630222,"{""economic_legal"": 0.7094178151904993, ""energy_logistics"": 0.6587740030805909}",calculated_from_existing_mgimo_country_profile_scores,63.80753253946275,63.58040409631885,64.03323363437521,6,723,53.7954765606373,50.43278080633618,57.381641628290204,56.77711459005078,55.28629557534404,55.28629557534404,50.43278080633618,57.381641628290204,50.43278080633618,57.381641628290204,6.948860821954021,10.423724809017209,78.15471427444739,67.73098946543018,C_monitor_and_test,"{""academic_fit"": 56.77711459005078, ""balanced"": 53.7954765606373, ""labor_market"": 57.381641628290204, ""recruitment"": 50.43278080633618}","{""academic_fit"": 21.632433106930897, ""balanced"": 16.70640528145677, ""labor_market"": 26.05062147131363, ""recruitment"": 10.423724809017209}","{""academic_fit"": 73.69620935328811, ""balanced"": 74.11840172992066, ""labor_market"": 71.531617551056, ""recruitment"": 78.15471427444739}","{""academic_fit"": {""country_opportunity"": 0.25, ""friendliness"": 0.15, ""labor_demand"": 0.15, ""program_fit"": 0.45}, ""balanced"": {""country_opportunity"": 0.3, ""friendliness"": 0.2, ""labor_demand"": 0.3, ""program_fit"": 0.2}, ""labor_market"": {""country_opportunity"": 0.2, ""friendliness"": 0.15, ""labor_demand"": 0.45, ""program_fit"": 0.2}, ""recruitment"": {""country_opportunity"": 0.4, ""friendliness"": 0.3, ""labor_demand"": 0.1, ""program_fit"": 0.2}}",uncertainty_adjusted_management_priority_index_not_predicted_student_count,not_identified_ex_ante,,,,"incremental qualified applications, offers and enrolments attributable to the recruitment intervention",requires_prospective_campaign_evaluation,24,pre_registered_country_program_campaign_with_matched_comparison_or_stepped_wedge_rollout,qualified_leads;applications;offers;enrolments;yield;cost_per_enrolment,relative_record_level_program_demand_not_search_totals,ppml_russia_inbound_structural_allocation_v3;friendliness_receptivity_ex_ante_v4;trudvsem_program_demand_v5;mgimo_program_profiles,calculated_uncertainty_aware_scenario_ensemble_v5,targeted_digital_campaign_with_local_partner_validation,97,112.0,170.0,83.0,57.0,57.0,170.0,113.0,723,29046,0.024891551332369345
country_program_priority_evidence_v5,BFA,Burkina Faso,Sub-Saharan Africa,international_economics,international_economics,Международная экономика и ВЭД,english_plus_russian_preparatory_year,No broad Russian or English functional-language signal is available in CLDR.,235.4147839780773,235.4147839780773,74.28192356188265,217.03767895358453,463.0755403403525,1.0,0.035,32.0,2023,272.4262376500111,272.4262376500111,37.011453671933765,78.38929933944887,78.38929933944887,61.97667856140877,88.06262468380872,point_score multiplied by probability of positive structural gap,64.97678479047427,37.47678479047427,92.47678479047428,0.45,limited,False,22.46249979535932,"{""economic_legal"": 0.1737484854800246, ""energy_logistics"": 0.377254535374299}",calculated_from_existing_mgimo_country_profile_scores,63.80753253946275,63.58040409631885,64.03323363437521,6,723,55.853185667195206,57.10027016907473,54.68220484671056,42.84893581985153,55.267695256952884,55.267695256952884,42.84893581985153,57.10027016907473,42.84893581985153,57.10027016907473,14.2513343492232,37.27665385169146,66.39820565711659,29.121551805425135,B_targeted_validation,"{""academic_fit"": 42.84893581985153, ""balanced"": 55.853185667195206, ""labor_market"": 54.68220484671056, ""recruitment"": 57.10027016907473}","{""academic_fit"": 37.27665385169146, ""balanced"": 46.728021219676066, ""labor_market"": 48.07447943649616, ""recruitment"": 44.25833700731092}","{""academic_fit"": 46.488634796600756, ""balanced"": 62.05024310779189, ""labor_market"": 59.04852483463111, ""recruitment"": 66.39820565711659}","{""academic_fit"": {""country_opportunity"": 0.25, ""friendliness"": 0.15, ""labor_demand"": 0.15, ""program_fit"": 0.45}, ""balanced"": {""country_opportunity"": 0.3, ""friendliness"": 0.2, ""labor_demand"": 0.3, ""program_fit"": 0.2}, ""labor_market"": {""country_opportunity"": 0.2, ""friendliness"": 0.15, ""labor_demand"": 0.45, ""program_fit"": 0.2}, ""recruitment"": {""country_opportunity"": 0.4, ""friendliness"": 0.3, ""labor_demand"": 0.1, ""program_fit"": 0.2}}",uncertainty_adjusted_management_priority_index_not_predicted_student_count,not_identified_ex_ante,,,,"incremental qualified applications, offers and enrolments attributable to the recruitment intervention",requires_prospective_campaign_evaluation,24,pre_registered_country_program_campaign_with_matched_comparison_or_stepped_wedge_rollout,qualified_leads;applications;offers;enrolments;yield;cost_per_enrolment,relative_record_level_program_demand_not_search_totals,ppml_russia_inbound_structural_allocation_v3;friendliness_receptivity_ex_ante_v4;trudvsem_program_demand_v5;mgimo_program_profiles,calculated_uncertainty_aware_scenario_ensemble_v5,targeted_digital_campaign_with_local_partner_validation,98,97.0,113.0,103.0,168.0,97.0,168.0,71.0,723,29046,0.024891551332369345
country_program_priority_evidence_v5,BLR,Belarus,Europe & Central Asia,legal_public,legal_public,Международное право и комплаенс,russian_or_bilingual_russian_english,CLDR indicates a material functional Russian-language environment.,30445.19890863655,30445.19890863655,6973.544032391695,27907.71738493421,62381.01638589323,1.0,1.0,9369.0,2023,40657.59366868813,40657.59366868813,10212.394760051584,100.0,100.0,100.0,100.0,point_score multiplied by probability of positive structural gap,68.04837138372176,48.048371383721744,88.04837138372174,0.6,limited,False,40.65940941828194,"{""diplomatic_analytic"": 0.4456061003463963, ""economic_legal"": 0.3898746629698579}",calculated_from_existing_mgimo_country_profile_scores,33.810526315789474,33.51626038781164,34.93637368711995,5,363,56.39771712743895,67.18415949772024,48.992353654538576,54.045491784854484,55.22160445614672,55.22160445614672,48.992353654538576,67.18415949772024,48.992353654538576,67.18415949772024,18.19180584318167,46.364960375137336,72.74296801103766,26.378007635900325,B_targeted_validation,"{""academic_fit"": 54.045491784854484, ""balanced"": 56.39771712743895, ""labor_market"": 48.992353654538576, ""recruitment"": 67.18415949772024}","{""academic_fit"": 51.27753242223013, ""balanced"": 52.53511646977156, ""labor_market"": 46.364960375137336, ""recruitment"": 60.58143392898421}","{""academic_fit"": 56.41620950760821, ""balanced"": 59.91052585134473, ""labor_market"": 51.63210517229418, ""recruitment"": 72.74296801103766}","{""academic_fit"": {""country_opportunity"": 0.25, ""friendliness"": 0.15, ""labor_demand"": 0.15, ""program_fit"": 0.45}, ""balanced"": {""country_opportunity"": 0.3, ""friendliness"": 0.2, ""labor_demand"": 0.3, ""program_fit"": 0.2}, ""labor_market"": {""country_opportunity"": 0.2, ""friendliness"": 0.15, ""labor_demand"": 0.45, ""program_fit"": 0.2}, ""recruitment"": {""country_opportunity"": 0.4, ""friendliness"": 0.3, ""labor_demand"": 0.1, ""program_fit"": 0.2}}",uncertainty_adjusted_management_priority_index_not_predicted_student_count,not_identified_ex_ante,,,,"incremental qualified applications, offers and enrolments attributable to the recruitment intervention",requires_prospective_campaign_evaluation,24,pre_registered_country_program_campaign_with_matched_comparison_or_stepped_wedge_rollout,qualified_leads;applications;offers;enrolments;yield;cost_per_enrolment,relative_record_level_program_demand_not_search_totals,ppml_russia_inbound_structural_allocation_v3;friendliness_receptivity_ex_ante_v4;trudvsem_program_demand_v5;mgimo_program_profiles,calculated_uncertainty_aware_scenario_ensemble_v5,russian_language_track_alumni_and_school_network,99,91.0,43.0,155.0,77.0,43.0,155.0,112.0,363,29046,0.012497417888865936
country_program_priority_evidence_v5,SRB,Serbia,Europe & Central Asia,management_public,management_public,Управление и государственная политика,english_plus_russian_preparatory_year,No broad Russian or English functional-language signal is available in CLDR.,1862.9553713367163,1862.9553713367163,1003.314755628782,1669.0585884881532,2555.963289644219,1.0,1.0,360.0,2023,2193.7618868849218,2193.7618868849218,330.80651554820554,100.0,100.0,99.1351007594011,100.0,point_score multiplied by probability of positive structural gap,63.29199926677249,35.79199926677249,90.79199926677248,0.45,limited,False,56.00080941714967,"{""diplomatic_analytic"": 0.5691819653788429, ""economic_legal"": 0.5462472873604773}",calculated_from_existing_mgimo_country_profile_scores,22.16559633027523,21.459607571000703,22.88853092188952,5,89,52.38846509113816,67.2225229423633,42.96573179561419,57.9235928531348,55.15602897213648,55.15602897213648,42.96573179561419,67.2225229423633,42.96573179561419,67.2225229423633,24.25679114674911,38.90147607283608,75.03152496239463,36.130048889558545,B_targeted_validation,"{""academic_fit"": 57.9235928531348, ""balanced"": 52.38846509113816, ""labor_market"": 42.96573179561419, ""recruitment"": 67.2225229423633}","{""academic_fit"": 52.910882353660014, ""balanced"": 46.30224612781359, ""labor_market"": 38.90147607283608, ""recruitment"": 56.487922048306615}","{""academic_fit"": 61.38391314048622, ""balanced"": 56.77655551965407, ""labor_market"": 45.95418614411105, ""recruitment"": 75.03152496239463}","{""academic_fit"": {""country_opportunity"": 0.25, ""friendliness"": 0.15, ""labor_demand"": 0.15, ""program_fit"": 0.45}, ""balanced"": {""country_opportunity"": 0.3, ""friendliness"": 0.2, ""labor_demand"": 0.3, ""program_fit"": 0.2}, ""labor_market"": {""country_opportunity"": 0.2, ""friendliness"": 0.15, ""labor_demand"": 0.45, ""program_fit"": 0.2}, ""recruitment"": {""country_opportunity"": 0.4, ""friendliness"": 0.3, ""labor_demand"": 0.1, ""program_fit"": 0.2}}",uncertainty_adjusted_management_priority_index_not_predicted_student_count,not_identified_ex_ante,,,,"incremental qualified applications, offers and enrolments attributable to the recruitment intervention",requires_prospective_campaign_evaluation,24,pre_registered_country_program_campaign_with_matched_comparison_or_stepped_wedge_rollout,qualified_leads;applications;offers;enrolments;yield;cost_per_enrolment,relative_record_level_program_demand_not_search_totals,ppml_russia_inbound_structural_allocation_v3;friendliness_receptivity_ex_ante_v4;trudvsem_program_demand_v5;mgimo_program_profiles,calculated_uncertainty_aware_scenario_ensemble_v5,targeted_digital_campaign_with_local_partner_validation,100,125.0,42.0,195.0,49.0,42.0,195.0,153.0,89,29046,0.003064105212421676
country_program_priority_evidence_v5,LBY,Libya,Middle East & North Africa,languages_regional,languages_regional,Иностранные языки и регионоведение,english_plus_russian_preparatory_year_plus_target_region_language,No broad Russian or English functional-language signal is available in CLDR.,287.1095900562688,287.1095900562688,43.57381763289008,261.54223974197225,841.9215487717062,0.9983333333333332,0.2366666666666666,65.0,2023,349.4553508380682,349.4553508380682,62.34576078179949,81.22554093396258,81.09016503240596,54.459954567457025,96.6225118599619,point_score multiplied by probability of positive structural gap,63.668003184761545,36.168003184761545,91.16800318476156,0.45,limited,False,29.94110853785906,"{""diplomatic_analytic"": 0.3129937011442545, ""economic_legal"": 0.2450806223159346}",calculated_from_existing_mgimo_country_profile_scores,52.68428650749584,48.864850295110166,52.853722353772,5,542,56.12614120489432,59.66145017472178,53.29404409773254,47.432175588983235,54.71009265131343,54.71009265131343,47.432175588983235,59.66145017472178,47.432175588983235,59.66145017472178,12.229274585738544,39.13895330634133,71.1379617444714,31.99900843813007,C_monitor_and_test,"{""academic_fit"": 47.432175588983235, ""balanced"": 56.12614120489432, ""labor_market"": 53.29404409773254, ""recruitment"": 59.66145017472178}","{""academic_fit"": 39.13895330634133, ""balanced"": 43.68696299278788, ""labor_market"": 43.8646451287367, ""recruitment"": 42.8753644546254}","{""academic_fit"": 52.26087150000084, ""balanced"": 63.52308000329599, ""labor_market"": 58.26797156358986, ""recruitment"": 71.1379617444714}","{""academic_fit"": {""country_opportunity"": 0.25, ""friendliness"": 0.15, ""labor_demand"": 0.15, ""program_fit"": 0.45}, ""balanced"": {""country_opportunity"": 0.3, ""friendliness"": 0.2, ""labor_demand"": 0.3, ""program_fit"": 0.2}, ""labor_market"": {""country_opportunity"": 0.2, ""friendliness"": 0.15, ""labor_demand"": 0.45, ""program_fit"": 0.2}, ""recruitment"": {""country_opportunity"": 0.4, ""friendliness"": 0.3, ""labor_demand"": 0.1, ""program_fit"": 0.2}}",uncertainty_adjusted_management_priority_index_not_predicted_student_count,not_identified_ex_ante,,,,"incremental qualified applications, offers and enrolments attributable to the recruitment intervention",requires_prospective_campaign_evaluation,24,pre_registered_country_program_campaign_with_matched_comparison_or_stepped_wedge_rollout,qualified_leads;applications;offers;enrolments;yield;cost_per_enrolment,relative_record_level_program_demand_not_search_totals,ppml_russia_inbound_structural_allocation_v3;friendliness_receptivity_ex_ante_v4;trudvsem_program_demand_v5;mgimo_program_profiles,calculated_uncertainty_aware_scenario_ensemble_v5,targeted_digital_campaign_with_local_partner_validation,101,93.0,100.0,113.0,123.0,93.0,123.0,30.0,542,29046,0.018660056462163465
country_program_priority_evidence_v5,UGA,Uganda,Sub-Saharan Africa,international_economics,international_economics,Международная экономика и ВЭД,english_with_optional_russian_preparatory_module,CLDR indicates a material functional English-language environment.,243.71786376458917,243.71786376458917,30.84824157647777,229.0180216993124,628.9893447637004,1.0,0.0983333333333333,99.0,2023,330.2004674675871,330.2004674675871,86.48260370299793,78.88437024465559,78.88437024465559,49.638570683699605,92.44643962579326,point_score multiplied by probability of positive structural gap,64.20508339789163,36.70508339789163,91.70508339789164,0.45,limited,False,21.338856318629134,"{""economic_legal"": 0.1631543910870162, ""energy_logistics"": 0.3640910794841168}",calculated_from_existing_mgimo_country_profile_scores,63.80753253946275,63.58040409631885,64.03323363437521,6,723,55.28066959477,56.48362025903636,54.119884804061954,41.9041988566038,54.70027719941598,54.70027719941598,41.9041988566038,56.48362025903636,41.9041988566038,56.48362025903636,14.579421402432558,34.42322108749926,66.85909849030328,32.435877402804024,C_monitor_and_test,"{""academic_fit"": 41.9041988566038, ""balanced"": 55.28066959477, ""labor_market"": 54.119884804061954, ""recruitment"": 56.48362025903636}","{""academic_fit"": 34.42322108749926, ""balanced"": 43.166362492798385, ""labor_market"": 45.43519831409133, ""recruitment"": 39.92210533940593}","{""academic_fit"": 45.96556167387448, ""balanced"": 62.23303128163858, ""labor_market"": 58.96303153802377, ""recruitment"": 66.85909849030328}","{""academic_fit"": {""country_opportunity"": 0.25, ""friendliness"": 0.15, ""labor_demand"": 0.15, ""program_fit"": 0.45}, ""balanced"": {""country_opportunity"": 0.3, ""friendliness"": 0.2, ""labor_demand"": 0.3, ""program_fit"": 0.2}, ""labor_market"": {""country_opportunity"": 0.2, ""friendliness"": 0.15, ""labor_demand"": 0.45, ""program_fit"": 0.2}, ""recruitment"": {""country_opportunity"": 0.4, ""friendliness"": 0.3, ""labor_demand"": 0.1, ""program_fit"": 0.2}}",uncertainty_adjusted_management_priority_index_not_predicted_student_count,not_identified_ex_ante,,,,"incremental qualified applications, offers and enrolments attributable to the recruitment intervention",requires_prospective_campaign_evaluation,24,pre_registered_country_program_campaign_with_matched_comparison_or_stepped_wedge_rollout,qualified_leads;applications;offers;enrolments;yield;cost_per_enrolment,relative_record_level_program_demand_not_search_totals,ppml_russia_inbound_structural_allocation_v3;friendliness_receptivity_ex_ante_v4;trudvsem_program_demand_v5;mgimo_program_profiles,calculated_uncertainty_aware_scenario_ensemble_v5,targeted_digital_campaign_with_local_partner_validation,102,99.0,117.0,106.0,176.0,99.0,176.0,77.0,723,29046,0.024891551332369345
country_program_priority_evidence_v5,MRT,Mauritania,Sub-Saharan Africa,international_economics,international_economics,Международная экономика и ВЭД,english_plus_russian_preparatory_year,No broad Russian or English functional-language signal is available in CLDR.,85.22891647622886,85.22891647622886,-22.40781741650686,76.3924060074627,255.80417385514824,0.9066666666666666,0.0,115.0,2023,181.52672596232597,181.52672596232597,96.29780948609708,63.92387350204404,57.95764530851993,0.0,79.57578351279251,point_score multiplied by probability of positive structural gap,63.88692361596967,36.38692361596967,91.38692361596968,0.45,limited,False,33.2433769053992,"{""economic_legal"": 0.2516817880256818, ""energy_logistics"": 0.5746897121389226}",calculated_from_existing_mgimo_country_profile_scores,63.80753253946275,63.58040409631885,64.03323363437521,6,723,54.912986666591124,54.40260543681601,55.431549147435376,47.03709836421325,54.65779605170357,54.65779605170357,47.03709836421325,55.431549147435376,47.03709836421325,55.431549147435376,8.394450783222126,9.024433280190816,68.56025827370856,59.535824993517735,C_monitor_and_test,"{""academic_fit"": 47.03709836421325, ""balanced"": 54.912986666591124, ""labor_market"": 55.431549147435376, ""recruitment"": 54.40260543681601}","{""academic_fit"": 15.619285497740442, ""balanced"": 14.459994141749677, ""labor_market"": 22.5448445019579, ""recruitment"": 9.024433280190816}","{""academic_fit"": 53.653876149573584, ""balanced"": 64.79149640863501, ""labor_market"": 62.314244463916566, ""recruitment"": 68.56025827370856}","{""academic_fit"": {""country_opportunity"": 0.25, ""friendliness"": 0.15, ""labor_demand"": 0.15, ""program_fit"": 0.45}, ""balanced"": {""country_opportunity"": 0.3, ""friendliness"": 0.2, ""labor_demand"": 0.3, ""program_fit"": 0.2}, ""labor_market"": {""country_opportunity"": 0.2, ""friendliness"": 0.15, ""labor_demand"": 0.45, ""program_fit"": 0.2}, ""recruitment"": {""country_opportunity"": 0.4, ""friendliness"": 0.3, ""labor_demand"": 0.1, ""program_fit"": 0.2}}",uncertainty_adjusted_management_priority_index_not_predicted_student_count,not_identified_ex_ante,,,,"incremental qualified applications, offers and enrolments attributable to the recruitment intervention",requires_prospective_campaign_evaluation,24,pre_registered_country_program_campaign_with_matched_comparison_or_stepped_wedge_rollout,qualified_leads;applications;offers;enrolments;yield;cost_per_enrolment,relative_record_level_program_demand_not_search_totals,ppml_russia_inbound_structural_allocation_v3;friendliness_receptivity_ex_ante_v4;trudvsem_program_demand_v5;mgimo_program_profiles,calculated_uncertainty_aware_scenario_ensemble_v5,targeted_digital_campaign_with_local_partner_validation,103,102.0,134.0,98.0,128.0,98.0,134.0,36.0,723,29046,0.024891551332369345
country_program_priority_evidence_v5,BRN,Brunei Darussalam,East Asia & Pacific,languages_regional,languages_regional,Иностранные языки и регионоведение,english_plus_russian_preparatory_year_plus_target_region_language,No broad Russian or English functional-language signal is available in CLDR.,27.68292137188877,27.68292137188877,1.6687296160728595,24.97722746958047,147.35972419963497,0.9916666666666668,0.0,5.0,2023,30.898809810727528,30.898809810727528,3.2158884388387574,48.13721061073633,47.7360671889802,14.078474158191256,71.70651739694688,point_score multiplied by probability of positive structural gap,63.74656018971629,36.24656018971629,91.24656018971628,0.45,limited,False,55.763901748624576,"{""diplomatic_analytic"": 0.5408859491804724, ""economic_legal"": 0.6246512907093391}",calculated_from_existing_mgimo_country_profile_scores,52.68428650749584,48.864850295110166,52.853722353772,5,542,54.20579446285652,54.69945446461322,54.22217180758996,54.71839334760602,54.46081313610159,54.46081313610159,54.20579446285652,54.71839334760602,54.20579446285652,54.71839334760602,0.5125988847495009,28.770097636690377,71.40506816775091,42.63497053106053,C_monitor_and_test,"{""academic_fit"": 54.71839334760602, ""balanced"": 54.20579446285652, ""labor_market"": 54.22217180758996, ""recruitment"": 54.69945446461322}","{""academic_fit"": 37.14775620038848, ""balanced"": 33.38534611000301, ""labor_market"": 38.179919885901086, ""recruitment"": 28.770097636690377}","{""academic_fit"": 63.80127472894797, ""balanced"": 65.66286548918883, ""labor_market"": 62.02936666224734, ""recruitment"": 71.40506816775091}","{""academic_fit"": {""country_opportunity"": 0.25, ""friendliness"": 0.15, ""labor_demand"": 0.15, ""program_fit"": 0.45}, ""balanced"": {""country_opportunity"": 0.3, ""friendliness"": 0.2, ""labor_demand"": 0.3, ""program_fit"": 0.2}, ""labor_market"": {""country_opportunity"": 0.2, ""friendliness"": 0.15, ""labor_demand"": 0.45, ""program_fit"": 0.2}, ""recruitment"": {""country_opportunity"": 0.4, ""friendliness"": 0.3, ""labor_demand"": 0.1, ""program_fit"": 0.2}}",uncertainty_adjusted_management_priority_index_not_predicted_student_count,not_identified_ex_ante,,,,"incremental qualified applications, offers and enrolments attributable to the recruitment intervention",requires_prospective_campaign_evaluation,24,pre_registered_country_program_campaign_with_matched_comparison_or_stepped_wedge_rollout,qualified_leads;applications;offers;enrolments;yield;cost_per_enrolment,relative_record_level_program_demand_not_search_totals,ppml_russia_inbound_structural_allocation_v3;friendliness_receptivity_ex_ante_v4;trudvsem_program_demand_v5;mgimo_program_profiles,calculated_uncertainty_aware_scenario_ensemble_v5,targeted_digital_campaign_with_local_partner_validation,104,107.0,130.0,105.0,73.0,73.0,130.0,57.0,542,29046,0.018660056462163465
country_program_priority_evidence_v5,SAU,Saudi Arabia,Middle East & North Africa,management_public,management_public,Управление и государственная политика,english_plus_russian_preparatory_year,No broad Russian or English functional-language signal is available in CLDR.,1026.3129269398264,1026.3129269398264,284.272999661452,949.7248809518236,2573.4925989010617,1.0,0.925,162.0,2023,1177.466179032725,1177.466179032725,151.1532520928985,99.4598271878937,99.4598271878937,81.08363336162641,100.0,point_score multiplied by probability of positive structural gap,64.23914038531943,36.73914038531942,91.73914038531944,0.45,limited,False,53.237479730301665,"{""diplomatic_analytic"": 0.5548085172035764, ""economic_legal"": 0.4987242174521772}",calculated_from_existing_mgimo_country_profile_scores,22.16559633027523,21.459607571000703,22.88853092188952,5,89,51.93868450636023,66.7071389841959,42.588546091874534,56.691019271618245,54.31485188898924,54.31485188898924,42.588546091874534,66.7071389841959,42.588546091874534,66.7071389841959,24.11859289232136,37.15691209192934,74.51864338942072,37.361731297491374,C_monitor_and_test,"{""academic_fit"": 56.691019271618245, ""balanced"": 51.93868450636023, ""labor_market"": 42.588546091874534, ""recruitment"": 66.7071389841959}","{""academic_fit"": 49.42044705211014, ""balanced"": 43.41047598461499, ""labor_market"": 37.15691209192934, ""recruitment"": 52.04978891603608}","{""academic_fit"": 60.11898245847471, ""balanced"": 56.33060096235163, ""labor_market"": 45.56984068309339, ""recruitment"": 74.51864338942072}","{""academic_fit"": {""country_opportunity"": 0.25, ""friendliness"": 0.15, ""labor_demand"": 0.15, ""program_fit"": 0.45}, ""balanced"": {""country_opportunity"": 0.3, ""friendliness"": 0.2, ""labor_demand"": 0.3, ""program_fit"": 0.2}, ""labor_market"": {""country_opportunity"": 0.2, ""friendliness"": 0.15, ""labor_demand"": 0.45, ""program_fit"": 0.2}, ""recruitment"": {""country_opportunity"": 0.4, ""friendliness"": 0.3, ""labor_demand"": 0.1, ""program_fit"": 0.2}}",uncertainty_adjusted_management_priority_index_not_predicted_student_count,not_identified_ex_ante,,,,"incremental qualified applications, offers and enrolments attributable to the recruitment intervention",requires_prospective_campaign_evaluation,24,pre_registered_country_program_campaign_with_matched_comparison_or_stepped_wedge_rollout,qualified_leads;applications;offers;enrolments;yield;cost_per_enrolment,relative_record_level_program_demand_not_search_totals,ppml_russia_inbound_structural_allocation_v3;friendliness_receptivity_ex_ante_v4;trudvsem_program_demand_v5;mgimo_program_profiles,calculated_uncertainty_aware_scenario_ensemble_v5,targeted_digital_campaign_with_local_partner_validation,105,128.0,48.0,199.0,59.0,48.0,199.0,151.0,89,29046,0.003064105212421676
country_program_priority_evidence_v5,MUS,Mauritius,Sub-Saharan Africa,international_economics,international_economics,Международная экономика и ВЭД,english_with_optional_russian_preparatory_module,CLDR indicates a material functional English-language environment.,11.452155161881828,11.452155161881828,-5.561774968025375,8.604600126865996,53.16870874084784,0.82,0.0,13.0,2023,24.36121811949668,24.36121811949668,12.909062957614852,36.16984808379602,29.659275428712736,0.0,57.25609021239519,point_score multiplied by probability of positive structural gap,63.15330448715646,35.65330448715646,90.65330448715648,0.45,limited,False,71.95095111073147,"{""economic_legal"": 0.7210142935061333, ""energy_logistics"": 0.7149951639108585}",calculated_from_existing_mgimo_country_profile_scores,63.80753253946275,63.58040409631885,64.03323363437521,6,723,52.382332899767206,48.55543293585464,56.48218890579509,56.04149431239429,54.21191360608075,54.21191360608075,48.55543293585464,56.48218890579509,48.55543293585464,56.48218890579509,7.9267559699404515,10.435874173566106,69.88425258971994,59.44837841615383,C_monitor_and_test,"{""academic_fit"": 56.04149431239429, ""balanced"": 52.382332899767206, ""labor_market"": 56.48218890579509, ""recruitment"": 48.55543293585464}","{""academic_fit"": 21.88641558436915, ""balanced"": 16.75473920729612, ""labor_market"": 26.148520984744945, ""recruitment"": 10.435874173566106}","{""academic_fit"": 69.44970615270617, ""balanced"": 68.2743302208056, ""labor_market"": 67.85568060189668, ""recruitment"": 69.88425258971994}","{""academic_fit"": {""country_opportunity"": 0.25, ""friendliness"": 0.15, ""labor_demand"": 0.15, ""program_fit"": 0.45}, ""balanced"": {""country_opportunity"": 0.3, ""friendliness"": 0.2, ""labor_demand"": 0.3, ""program_fit"": 0.2}, ""labor_market"": {""country_opportunity"": 0.2, ""friendliness"": 0.15, ""labor_demand"": 0.45, ""program_fit"": 0.2}, ""recruitment"": {""country_opportunity"": 0.4, ""friendliness"": 0.3, ""labor_demand"": 0.1, ""program_fit"": 0.2}}",uncertainty_adjusted_management_priority_index_not_predicted_student_count,not_identified_ex_ante,,,,"incremental qualified applications, offers and enrolments attributable to the recruitment intervention",requires_prospective_campaign_evaluation,24,pre_registered_country_program_campaign_with_matched_comparison_or_stepped_wedge_rollout,qualified_leads;applications;offers;enrolments;yield;cost_per_enrolment,relative_record_level_program_demand_not_search_totals,ppml_russia_inbound_structural_allocation_v3;friendliness_receptivity_ex_ante_v4;trudvsem_program_demand_v5;mgimo_program_profiles,calculated_uncertainty_aware_scenario_ensemble_v5,targeted_digital_campaign_with_local_partner_validation,106,126.0,191.0,88.0,63.0,63.0,191.0,128.0,723,29046,0.024891551332369345
country_program_priority_evidence_v5,VEN,"Venezuela, Bolivarian Republic of",Latin America & Caribbean,languages_regional,languages_regional,Иностранные языки и регионоведение,english_plus_russian_preparatory_year_plus_target_region_language,No broad Russian or English functional-language signal is available in CLDR.,735.3116014831353,735.3116014831353,140.5942067213212,668.9637176868814,1953.146147813945,0.9983333333333332,0.885,153.0,2023,886.8145213958945,886.8145213958945,151.5029199127592,94.6831340853919,94.52532886191624,71.03709420528718,100.0,point_score multiplied by probability of positive structural gap,66.4158160638801,38.9158160638801,93.91581606388011,0.45,limited,False,22.437162480900643,"{""diplomatic_analytic"": 0.2430706443686836, ""economic_legal"": 0.1495755465702976}",calculated_from_existing_mgimo_country_profile_scores,52.68428650749584,48.864850295110166,52.853722353772,5,542,56.02756004110279,60.71839824552418,52.29122832352616,43.747865948524165,54.15939418231447,54.15939418231447,43.747865948524165,60.71839824552418,43.747865948524165,60.71839824552418,16.970532297000013,37.27055556076487,68.81947106940979,31.548915508644917,C_monitor_and_test,"{""academic_fit"": 43.747865948524165, ""balanced"": 56.02756004110279, ""labor_market"": 52.29122832352616, ""recruitment"": 60.71839824552418}","{""academic_fit"": 37.27055556076487, ""balanced"": 45.341287347953205, ""labor_market"": 44.192661256083966, ""recruitment"": 46.005002920221564}","{""academic_fit"": 46.71962847304534, ""balanced"": 61.06445421924804, ""labor_market"": 55.7406170673315, ""recruitment"": 68.81947106940979}","{""academic_fit"": {""country_opportunity"": 0.25, ""friendliness"": 0.15, ""labor_demand"": 0.15, ""program_fit"": 0.45}, ""balanced"": {""country_opportunity"": 0.3, ""friendliness"": 0.2, ""labor_demand"": 0.3, ""program_fit"": 0.2}, ""labor_market"": {""country_opportunity"": 0.2, ""friendliness"": 0.15, ""labor_demand"": 0.45, ""program_fit"": 0.2}, ""recruitment"": {""country_opportunity"": 0.4, ""friendliness"": 0.3, ""labor_demand"": 0.1, ""program_fit"": 0.2}}",uncertainty_adjusted_management_priority_index_not_predicted_student_count,not_identified_ex_ante,,,,"incremental qualified applications, offers and enrolments attributable to the recruitment intervention",requires_prospective_campaign_evaluation,24,pre_registered_country_program_campaign_with_matched_comparison_or_stepped_wedge_rollout,qualified_leads;applications;offers;enrolments;yield;cost_per_enrolment,relative_record_level_program_demand_not_search_totals,ppml_russia_inbound_structural_allocation_v3;friendliness_receptivity_ex_ante_v4;trudvsem_program_demand_v5;mgimo_program_profiles,calculated_uncertainty_aware_scenario_ensemble_v5,digital_recruitment_scholarship_and_olympiad,107,94.0,88.0,118.0,158.0,88.0,158.0,70.0,542,29046,0.018660056462163465
country_program_priority_evidence_v5,BIH,Bosnia and Herzegovina,Europe & Central Asia,legal_public,legal_public,Международное право и комплаенс,english_with_optional_russian_preparatory_module,CLDR indicates a material functional English-language environment.,476.02545396448784,476.02545396448784,100.21274267780932,430.9251875292698,1327.387180204779,1.0,0.6616666666666666,74.0,2023,545.5627494733623,545.5627494733623,69.53729550887442,88.45736179088952,88.45736179088952,66.22178952691061,100.0,point_score multiplied by probability of positive structural gap,59.6292197732562,32.1292197732562,87.12921977325621,0.45,limited,False,45.123300340197815,"{""diplomatic_analytic"": 0.421037053004802, ""economic_legal"": 0.4641741250007679}",calculated_from_existing_mgimo_country_profile_scores,33.810526315789474,33.51626038781164,34.93637368711995,5,363,54.075071199857526,62.818098843799966,47.858378576895525,53.82768498247349,53.95137809116551,53.95137809116551,47.858378576895525,62.818098843799966,47.858378576895525,62.818098843799966,14.95972026690444,41.12511050624432,74.00833835440072,32.8832278481564,C_monitor_and_test,"{""academic_fit"": 53.82768498247349, ""balanced"": 54.075071199857526, ""labor_market"": 47.858378576895525, ""recruitment"": 62.818098843799966}","{""academic_fit"": 45.714666342808115, ""balanced"": 43.86974245595914, ""labor_market"": 41.12511050624432, ""recruitment"": 46.70167586399971}","{""academic_fit"": 58.96866081967409, ""balanced"": 61.01594946769763, ""labor_market"": 52.612068594034824, ""recruitment"": 74.00833835440072}","{""academic_fit"": {""country_opportunity"": 0.25, ""friendliness"": 0.15, ""labor_demand"": 0.15, ""program_fit"": 0.45}, ""balanced"": {""country_opportunity"": 0.3, ""friendliness"": 0.2, ""labor_demand"": 0.3, ""program_fit"": 0.2}, ""labor_market"": {""country_opportunity"": 0.2, ""friendliness"": 0.15, ""labor_demand"": 0.45, ""program_fit"": 0.2}, ""recruitment"": {""country_opportunity"": 0.4, ""friendliness"": 0.3, ""labor_demand"": 0.1, ""program_fit"": 0.2}}",uncertainty_adjusted_management_priority_index_not_predicted_student_count,not_identified_ex_ante,,,,"incremental qualified applications, offers and enrolments attributable to the recruitment intervention",requires_prospective_campaign_evaluation,24,pre_registered_country_program_campaign_with_matched_comparison_or_stepped_wedge_rollout,qualified_leads;applications;offers;enrolments;yield;cost_per_enrolment,relative_record_level_program_demand_not_search_totals,ppml_russia_inbound_structural_allocation_v3;friendliness_receptivity_ex_ante_v4;trudvsem_program_demand_v5;mgimo_program_profiles,calculated_uncertainty_aware_scenario_ensemble_v5,targeted_digital_campaign_with_local_partner_validation,108,109.0,75.0,163.0,80.0,75.0,163.0,88.0,363,29046,0.012497417888865936
country_program_priority_evidence_v5,TLS,Timor-Leste,East Asia & Pacific,digital_analytics,digital_analytics,Цифровая аналитика и Data/AI,english_plus_russian_preparatory_year,No broad Russian or English functional-language signal is available in CLDR.,27.276727630199744,27.276727630199744,4.729599494410095,24.74277943719952,119.73734598660552,1.0,0.0,0.0,2023,27.40775645015645,27.40775645015645,0.1310288199567067,47.932649446427455,47.932649446427455,25.03663694678516,68.75167479870697,point_score multiplied by probability of positive structural gap,62.59343089263013,35.09343089263013,90.09343089263014,0.45,limited,False,34.58228046432254,"{""digital_finance_business_informatics"": 0.3328833661790746, ""economic_legal"": 0.3975805584998281}",calculated_from_existing_mgimo_country_profile_scores,80.99834319526626,80.86266231881814,84.12359954610515,6,1284,55.92795963673849,51.78083613098722,59.644341945315404,47.17545628098048,53.85439788386286,53.85439788386286,47.17545628098048,59.644341945315404,47.17545628098048,59.644341945315404,12.468885664334927,33.938791452849856,68.71979571541522,34.78100426256536,C_monitor_and_test,"{""academic_fit"": 47.17545628098048, ""balanced"": 55.92795963673849, ""labor_market"": 59.644341945315404, ""recruitment"": 51.78083613098722}","{""academic_fit"": 37.00046252573103, ""balanced"": 41.305914405098974, ""labor_market"": 48.255322604707196, ""recruitment"": 33.938791452849856}","{""academic_fit"": 54.70827766025776, ""balanced"": 67.59338247695115, ""labor_market"": 68.71979571541522, ""recruitment"": 66.71113869209422}","{""academic_fit"": {""country_opportunity"": 0.25, ""friendliness"": 0.15, ""labor_demand"": 0.15, ""program_fit"": 0.45}, ""balanced"": {""country_opportunity"": 0.3, ""friendliness"": 0.2, ""labor_demand"": 0.3, ""program_fit"": 0.2}, ""labor_market"": {""country_opportunity"": 0.2, ""friendliness"": 0.15, ""labor_demand"": 0.45, ""program_fit"": 0.2}, ""recruitment"": {""country_opportunity"": 0.4, ""friendliness"": 0.3, ""labor_demand"": 0.1, ""program_fit"": 0.2}}",uncertainty_adjusted_management_priority_index_not_predicted_student_count,not_identified_ex_ante,,,,"incremental qualified applications, offers and enrolments attributable to the recruitment intervention",requires_prospective_campaign_evaluation,24,pre_registered_country_program_campaign_with_matched_comparison_or_stepped_wedge_rollout,qualified_leads;applications;offers;enrolments;yield;cost_per_enrolment,relative_record_level_program_demand_not_search_totals,ppml_russia_inbound_structural_allocation_v3;friendliness_receptivity_ex_ante_v4;trudvsem_program_demand_v5;mgimo_program_profiles,calculated_uncertainty_aware_scenario_ensemble_v5,employer_linked_program_campaign_and_case_competitions,109,95.0,154.0,64.0,127.0,64.0,154.0,90.0,1284,29046,0.04420574261516216
country_program_priority_evidence_v5,PHL,Philippines,East Asia & Pacific,legal_public,legal_public,Международное право и комплаенс,english_with_optional_russian_preparatory_module,CLDR indicates a material functional English-language environment.,484.6717004001166,484.6717004001166,143.8475030575797,449.92736014501145,1267.60317230366,1.0,0.835,17.0,2023,506.4046398544305,506.4046398544305,21.732939454313914,88.71499361028283,88.71499361028283,71.3628978535519,100.0,point_score multiplied by probability of positive structural gap,63.19143211840076,35.691432118400755,90.69143211840075,0.45,limited,False,42.808538488575046,"{""diplomatic_analytic"": 0.430623591707961, ""economic_legal"": 0.4269975819619459}",calculated_from_existing_mgimo_country_profile_scores,33.810526315789474,33.51626038781164,34.93637368711995,5,363,54.182429953478696,63.321408972114426,47.80295130717766,53.08532446701471,53.6338772102467,53.6338772102467,47.80295130717766,63.321408972114426,47.80295130717766,63.321408972114426,15.518457664936768,41.945845242023275,74.12607087791615,32.180225635892874,C_monitor_and_test,"{""academic_fit"": 53.08532446701471, ""balanced"": 54.182429953478696, ""labor_market"": 47.80295130717766, ""recruitment"": 63.321408972114426}","{""academic_fit"": 46.20056832182104, ""balanced"": 45.30699077276961, ""labor_market"": 41.945845242023275, ""recruitment"": 49.08723072900798}","{""academic_fit"": 57.96153318480399, ""balanced"": 60.871333753803, ""labor_market"": 52.38348404268124, ""recruitment"": 74.12607087791615}","{""academic_fit"": {""country_opportunity"": 0.25, ""friendliness"": 0.15, ""labor_demand"": 0.15, ""program_fit"": 0.45}, ""balanced"": {""country_opportunity"": 0.3, ""friendliness"": 0.2, ""labor_demand"": 0.3, ""program_fit"": 0.2}, ""labor_market"": {""country_opportunity"": 0.2, ""friendliness"": 0.15, ""labor_demand"": 0.45, ""program_fit"": 0.2}, ""recruitment"": {""country_opportunity"": 0.4, ""friendliness"": 0.3, ""labor_demand"": 0.1, ""program_fit"": 0.2}}",uncertainty_adjusted_management_priority_index_not_predicted_student_count,not_identified_ex_ante,,,,"incremental qualified applications, offers and enrolments attributable to the recruitment intervention",requires_prospective_campaign_evaluation,24,pre_registered_country_program_campaign_with_matched_comparison_or_stepped_wedge_rollout,qualified_leads;applications;offers;enrolments;yield;cost_per_enrolment,relative_record_level_program_demand_not_search_totals,ppml_russia_inbound_structural_allocation_v3;friendliness_receptivity_ex_ante_v4;trudvsem_program_demand_v5;mgimo_program_profiles,calculated_uncertainty_aware_scenario_ensemble_v5,targeted_digital_campaign_with_local_partner_validation,110,108.0,67.0,164.0,82.0,67.0,164.0,97.0,363,29046,0.012497417888865936
country_program_priority_evidence_v5,LAO,Lao People's Democratic Republic,East Asia & Pacific,digital_analytics,digital_analytics,Цифровая аналитика и Data/AI,english_plus_russian_preparatory_year,No broad Russian or English functional-language signal is available in CLDR.,92.70603216073496,92.70603216073496,-103.5293498864682,73.58943798814195,919.2357729117648,0.665,0.0583333333333333,143.0,2023,238.70371074383857,238.70371074383857,145.9976785831036,65.11653896019372,43.30249840852883,0.0,97.88113822851341,point_score multiplied by probability of positive structural gap,64.29911104031498,36.79911104031498,91.799111040315,0.45,limited,False,38.03404708025079,"{""digital_finance_business_informatics"": 0.4147044472141551, ""economic_legal"": 0.242884565155919}",calculated_from_existing_mgimo_country_profile_scores,80.99834319526626,80.86266231881814,84.12359954610515,6,1284,55.592830309837574,51.09651947328319,59.8000244349663,48.16617337168238,53.34467489156038,53.34467489156038,48.16617337168238,59.8000244349663,48.16617337168238,59.8000244349663,11.63385106328392,9.517445637589054,78.57436285873493,69.05691722114588,C_monitor_and_test,"{""academic_fit"": 48.16617337168238, ""balanced"": 55.592830309837574, ""labor_market"": 59.8000244349663, ""recruitment"": 51.09651947328319}","{""academic_fit"": 17.19544247269621, ""balanced"": 15.973107671103929, ""labor_market"": 25.791596127262856, ""recruitment"": 9.517445637589054}","{""academic_fit"": 62.40877694289571, ""balanced"": 76.74059052582274, ""labor_market"": 75.27384445889611, ""recruitment"": 78.57436285873493}","{""academic_fit"": {""country_opportunity"": 0.25, ""friendliness"": 0.15, ""labor_demand"": 0.15, ""program_fit"": 0.45}, ""balanced"": {""country_opportunity"": 0.3, ""friendliness"": 0.2, ""labor_demand"": 0.3, ""program_fit"": 0.2}, ""labor_market"": {""country_opportunity"": 0.2, ""friendliness"": 0.15, ""labor_demand"": 0.45, ""program_fit"": 0.2}, ""recruitment"": {""country_opportunity"": 0.4, ""friendliness"": 0.3, ""labor_demand"": 0.1, ""program_fit"": 0.2}}",uncertainty_adjusted_management_priority_index_not_predicted_student_count,not_identified_ex_ante,,,,"incremental qualified applications, offers and enrolments attributable to the recruitment intervention",requires_prospective_campaign_evaluation,24,pre_registered_country_program_campaign_with_matched_comparison_or_stepped_wedge_rollout,qualified_leads;applications;offers;enrolments;yield;cost_per_enrolment,relative_record_level_program_demand_not_search_totals,ppml_russia_inbound_structural_allocation_v3;friendliness_receptivity_ex_ante_v4;trudvsem_program_demand_v5;mgimo_program_profiles,calculated_uncertainty_aware_scenario_ensemble_v5,employer_linked_program_campaign_and_case_competitions,111,98.0,160.0,63.0,115.0,63.0,160.0,97.0,1284,29046,0.04420574261516216
country_program_priority_evidence_v5,COM,Comoros,Sub-Saharan Africa,digital_analytics,digital_analytics,Цифровая аналитика и Data/AI,english_plus_russian_preparatory_year,No broad Russian or English functional-language signal is available in CLDR.,62.71203980649686,62.71203980649686,5.010048404428561,56.4437042489474,197.3415730008163,0.99,0.0016666666666666,27.0,2023,86.23551797335189,86.23551797335189,23.523478166855032,59.583423159682624,58.9875889280858,25.722016622918822,75.87082577977571,point_score multiplied by probability of positive structural gap,62.99280702509604,35.49280702509604,90.49280702509604,0.45,limited,False,22.570197442567334,"{""digital_finance_business_informatics"": 0.2485986323872204, ""economic_legal"": 0.134115342579485}",calculated_from_existing_mgimo_country_profile_scores,80.99834319526626,80.86266231881814,84.12359954610515,6,1284,54.819800121933405,51.8317281346123,57.265823531278926,41.28077697608172,53.32576412827285,53.32576412827285,41.28077697608172,57.265823531278926,41.28077697608172,57.265823531278926,15.985046555197208,30.992267593752853,64.57049465458107,33.57822706082821,C_monitor_and_test,"{""academic_fit"": 41.28077697608172, ""balanced"": 54.819800121933405, ""labor_market"": 57.265823531278926, ""recruitment"": 51.8317281346123}","{""academic_fit"": 30.992267593752853, ""balanced"": 38.42193675157961, ""labor_market"": 44.745034361129996, ""recruitment"": 31.686168683647743}","{""academic_fit"": 46.60129676474142, ""balanced"": 64.14637497721162, ""labor_market"": 64.57049465458107, ""recruitment"": 63.95536362896183}","{""academic_fit"": {""country_opportunity"": 0.25, ""friendliness"": 0.15, ""labor_demand"": 0.15, ""program_fit"": 0.45}, ""balanced"": {""country_opportunity"": 0.3, ""friendliness"": 0.2, ""labor_demand"": 0.3, ""program_fit"": 0.2}, ""labor_market"": {""country_opportunity"": 0.2, ""friendliness"": 0.15, ""labor_demand"": 0.45, ""program_fit"": 0.2}, ""recruitment"": {""country_opportunity"": 0.4, ""friendliness"": 0.3, ""labor_demand"": 0.1, ""program_fit"": 0.2}}",uncertainty_adjusted_management_priority_index_not_predicted_student_count,not_identified_ex_ante,,,,"incremental qualified applications, offers and enrolments attributable to the recruitment intervention",requires_prospective_campaign_evaluation,24,pre_registered_country_program_campaign_with_matched_comparison_or_stepped_wedge_rollout,qualified_leads;applications;offers;enrolments;yield;cost_per_enrolment,relative_record_level_program_demand_not_search_totals,ppml_russia_inbound_structural_allocation_v3;friendliness_receptivity_ex_ante_v4;trudvsem_program_demand_v5;mgimo_program_profiles,calculated_uncertainty_aware_scenario_ensemble_v5,employer_linked_program_campaign_and_case_competitions,112,103.0,152.0,85.0,183.0,85.0,183.0,98.0,1284,29046,0.04420574261516216
country_program_priority_evidence_v5,SSD,South Sudan,Sub-Saharan Africa,digital_analytics,digital_analytics,Цифровая аналитика и Data/AI,english_with_optional_russian_preparatory_module,CLDR indicates a material functional English-language environment.,145.8038150289941,145.8038150289941,28.26935251219569,134.16265092865444,357.8963315639507,1.0,0.0333333333333333,30.0,2023,173.579507025386,173.579507025386,27.77569199639189,71.55530915802296,71.55530915802296,48.42748670334425,84.37644680315596,point_score multiplied by probability of positive structural gap,63.54932278500491,36.04932278500491,91.04932278500492,0.45,limited,False,15.655283558461155,"{""digital_finance_business_informatics"": 0.1523010353582821, ""economic_legal"": 0.1735600364899294}",calculated_from_existing_mgimo_country_profile_scores,80.99834319526626,80.86266231881814,84.12359954610515,6,1284,54.2387475860044,52.31240974264221,55.56725075744035,37.07651061208099,53.275578664323305,53.275578664323305,37.07651061208099,55.56725075744035,37.07651061208099,55.56725075744035,18.49074014535936,30.984828233356172,62.33549898490549,31.35067075154932,C_monitor_and_test,"{""academic_fit"": 37.07651061208099, ""balanced"": 54.2387475860044, ""labor_market"": 55.56725075744035, ""recruitment"": 52.31240974264221}","{""academic_fit"": 30.984828233356172, ""balanced"": 43.23758262900911, ""labor_market"": 47.313864105959745, ""recruitment"": 37.97686513166318}","{""academic_fit"": 40.956434896994715, ""balanced"": 61.83146960058995, ""labor_market"": 61.57185363653016, ""recruitment"": 62.33549898490549}","{""academic_fit"": {""country_opportunity"": 0.25, ""friendliness"": 0.15, ""labor_demand"": 0.15, ""program_fit"": 0.45}, ""balanced"": {""country_opportunity"": 0.3, ""friendliness"": 0.2, ""labor_demand"": 0.3, ""program_fit"": 0.2}, ""labor_market"": {""country_opportunity"": 0.2, ""friendliness"": 0.15, ""labor_demand"": 0.45, ""program_fit"": 0.2}, ""recruitment"": {""country_opportunity"": 0.4, ""friendliness"": 0.3, ""labor_demand"": 0.1, ""program_fit"": 0.2}}",uncertainty_adjusted_management_priority_index_not_predicted_student_count,not_identified_ex_ante,,,,"incremental qualified applications, offers and enrolments attributable to the recruitment intervention",requires_prospective_campaign_evaluation,24,pre_registered_country_program_campaign_with_matched_comparison_or_stepped_wedge_rollout,qualified_leads;applications;offers;enrolments;yield;cost_per_enrolment,relative_record_level_program_demand_not_search_totals,ppml_russia_inbound_structural_allocation_v3;friendliness_receptivity_ex_ante_v4;trudvsem_program_demand_v5;mgimo_program_profiles,calculated_uncertainty_aware_scenario_ensemble_v5,employer_linked_program_campaign_and_case_competitions,113,106.0,147.0,96.0,223.0,96.0,223.0,127.0,1284,29046,0.04420574261516216
country_program_priority_evidence_v5,PAK,Pakistan,Middle East & North Africa,languages_regional,languages_regional,Иностранные языки и регионоведение,english_with_optional_russian_preparatory_module_plus_target_region_language,CLDR indicates a material functional English-language environment.,11806.213649600291,11806.213649600291,3534.5364509578976,11024.532333639392,28349.02915071837,1.0,1.0,636.0,2023,12249.822004136931,12249.822004136931,443.6083545366385,100.0,100.0,100.0,100.0,point_score multiplied by probability of positive structural gap,66.37628425283746,38.876284252837465,93.87628425283748,0.45,limited,False,19.020541490911018,"{""diplomatic_analytic"": 0.1887783803350121, ""economic_legal"": 0.1959135532055026}",calculated_from_existing_mgimo_country_profile_scores,52.68428650749584,48.864850295110166,52.853722353772,5,542,55.19830847252653,60.15049076617729,51.2324773590852,41.32151392966628,53.215392915805865,53.215392915805865,41.32151392966628,60.15049076617729,41.32151392966628,60.15049076617729,18.82897683651101,37.774564741467834,66.67625711265104,28.90169237118321,C_monitor_and_test,"{""academic_fit"": 41.32151392966628, ""balanced"": 55.19830847252653, ""labor_market"": 51.2324773590852, ""recruitment"": 60.15049076617729}","{""academic_fit"": 37.774564741467834, ""balanced"": 48.61289609265199, ""labor_market"": 45.809209884817655, ""recruitment"": 51.01480095979092}","{""academic_fit"": 43.519019066187575, ""balanced"": 59.165215932214025, ""labor_market"": 54.00808670066167, ""recruitment"": 66.67625711265104}","{""academic_fit"": {""country_opportunity"": 0.25, ""friendliness"": 0.15, ""labor_demand"": 0.15, ""program_fit"": 0.45}, ""balanced"": {""country_opportunity"": 0.3, ""friendliness"": 0.2, ""labor_demand"": 0.3, ""program_fit"": 0.2}, ""labor_market"": {""country_opportunity"": 0.2, ""friendliness"": 0.15, ""labor_demand"": 0.45, ""program_fit"": 0.2}, ""recruitment"": {""country_opportunity"": 0.4, ""friendliness"": 0.3, ""labor_demand"": 0.1, ""program_fit"": 0.2}}",uncertainty_adjusted_management_priority_index_not_predicted_student_count,not_identified_ex_ante,,,,"incremental qualified applications, offers and enrolments attributable to the recruitment intervention",requires_prospective_campaign_evaluation,24,pre_registered_country_program_campaign_with_matched_comparison_or_stepped_wedge_rollout,qualified_leads;applications;offers;enrolments;yield;cost_per_enrolment,relative_record_level_program_demand_not_search_totals,ppml_russia_inbound_structural_allocation_v3;friendliness_receptivity_ex_ante_v4;trudvsem_program_demand_v5;mgimo_program_profiles,calculated_uncertainty_aware_scenario_ensemble_v5,digital_recruitment_scholarship_and_olympiad,114,100.0,93.0,128.0,182.0,93.0,182.0,89.0,542,29046,0.018660056462163465
country_program_priority_evidence_v5,BLZ,Belize,Latin America & Caribbean,digital_analytics,digital_analytics,Цифровая аналитика и Data/AI,english_with_optional_russian_preparatory_module,CLDR indicates a material functional English-language environment.,6.894533153218362,6.894533153218362,1.063403328858496,6.389389284185105,29.662294986961243,1.0,0.0,0.0,2023,7.018126241475589,7.018126241475589,0.123593088257228,29.63371263927034,29.63371263927034,10.388967789483374,49.094301282291816,point_score multiplied by probability of positive structural gap,62.5769583728075,35.0769583728075,90.07695837280752,0.45,limited,False,57.788670270385154,"{""digital_finance_business_informatics"": 0.6084654739309068, ""economic_legal"": 0.4555716177956307}",calculated_from_existing_mgimo_country_profile_scores,80.99834319526626,80.86266231881814,84.12359954610515,6,1284,53.72775776674526,47.46654692794053,60.04606157840156,52.598867686305184,53.16331272652522,53.16331272652522,47.46654692794053,60.04606157840156,47.46654692794053,60.04606157840156,12.579514650461036,26.953096148869054,71.10969027923773,44.156594130368674,C_monitor_and_test,"{""academic_fit"": 52.598867686305184, ""balanced"": 53.72775776674526, ""labor_market"": 60.04606157840156, ""recruitment"": 47.46654692794053}","{""academic_fit"": 37.716312118364584, ""balanced"": 35.63316554190234, ""labor_market"": 45.217583883029974, ""recruitment"": 26.953096148869054}","{""academic_fit"": 63.12866692398952, ""balanced"": 67.66600684261893, ""labor_market"": 71.10969027923773, ""recruitment"": 64.60709837643216}","{""academic_fit"": {""country_opportunity"": 0.25, ""friendliness"": 0.15, ""labor_demand"": 0.15, ""program_fit"": 0.45}, ""balanced"": {""country_opportunity"": 0.3, ""friendliness"": 0.2, ""labor_demand"": 0.3, ""program_fit"": 0.2}, ""labor_market"": {""country_opportunity"": 0.2, ""friendliness"": 0.15, ""labor_demand"": 0.45, ""program_fit"": 0.2}, ""recruitment"": {""country_opportunity"": 0.4, ""friendliness"": 0.3, ""labor_demand"": 0.1, ""program_fit"": 0.2}}",uncertainty_adjusted_management_priority_index_not_predicted_student_count,not_identified_ex_ante,,,,"incremental qualified applications, offers and enrolments attributable to the recruitment intervention",requires_prospective_campaign_evaluation,24,pre_registered_country_program_campaign_with_matched_comparison_or_stepped_wedge_rollout,qualified_leads;applications;offers;enrolments;yield;cost_per_enrolment,relative_record_level_program_demand_not_search_totals,ppml_russia_inbound_structural_allocation_v3;friendliness_receptivity_ex_ante_v4;trudvsem_program_demand_v5;mgimo_program_profiles,calculated_uncertainty_aware_scenario_ensemble_v5,employer_linked_program_campaign_and_case_competitions,115,113.0,203.0,62.0,86.0,62.0,203.0,141.0,1284,29046,0.04420574261516216
country_program_priority_evidence_v5,ERI,Eritrea,Sub-Saharan Africa,international_economics,international_economics,Международная экономика и ВЭД,english_with_optional_russian_preparatory_module,CLDR indicates a material functional English-language environment.,195.9947458691878,195.9947458691878,40.52980776177405,180.6637187645522,478.4797823562563,1.0,0.0083333333333333,53.0,2023,245.36928265380607,245.36928265380607,49.37453678461826,75.77310279482307,75.77310279482307,53.445446397693274,88.53096490236031,point_score multiplied by probability of positive structural gap,65.54245740648598,38.04245740648597,93.04245740648598,0.45,limited,False,18.679376108581287,"{""economic_legal"": 0.1000231072413991, ""energy_logistics"": 0.4471057226190541}",calculated_from_existing_mgimo_country_profile_scores,63.80753253946275,63.58040409631885,64.03323363437521,6,723,53.47502944130774,54.53266572545433,52.50721747786271,39.30923974034635,52.991123459585225,52.991123459585225,39.30923974034635,54.53266572545433,39.30923974034635,54.53266572545433,15.22342598510798,33.28279569730761,64.35479675141659,31.072001054108974,C_monitor_and_test,"{""academic_fit"": 39.30923974034635, ""balanced"": 53.47502944130774, ""labor_market"": 52.50721747786271, ""recruitment"": 54.53266572545433}","{""academic_fit"": 33.28279569730761, ""balanced"": 43.3118781658479, ""labor_market"": 45.18030068852606, ""recruitment"": 40.488970659495024}","{""academic_fit"": 43.04730197238259, ""balanced"": 60.0728545637482, ""labor_market"": 57.11958543987588, ""recruitment"": 64.35479675141659}","{""academic_fit"": {""country_opportunity"": 0.25, ""friendliness"": 0.15, ""labor_demand"": 0.15, ""program_fit"": 0.45}, ""balanced"": {""country_opportunity"": 0.3, ""friendliness"": 0.2, ""labor_demand"": 0.3, ""program_fit"": 0.2}, ""labor_market"": {""country_opportunity"": 0.2, ""friendliness"": 0.15, ""labor_demand"": 0.45, ""program_fit"": 0.2}, ""recruitment"": {""country_opportunity"": 0.4, ""friendliness"": 0.3, ""labor_demand"": 0.1, ""program_fit"": 0.2}}",uncertainty_adjusted_management_priority_index_not_predicted_student_count,not_identified_ex_ante,,,,"incremental qualified applications, offers and enrolments attributable to the recruitment intervention",requires_prospective_campaign_evaluation,24,pre_registered_country_program_campaign_with_matched_comparison_or_stepped_wedge_rollout,qualified_leads;applications;offers;enrolments;yield;cost_per_enrolment,relative_record_level_program_demand_not_search_totals,ppml_russia_inbound_structural_allocation_v3;friendliness_receptivity_ex_ante_v4;trudvsem_program_demand_v5;mgimo_program_profiles,calculated_uncertainty_aware_scenario_ensemble_v5,digital_recruitment_scholarship_and_olympiad,116,116.0,133.0,117.0,202.0,116.0,202.0,86.0,723,29046,0.024891551332369345
country_program_priority_evidence_v5,KHM,Cambodia,East Asia & Pacific,languages_regional,languages_regional,Иностранные языки и регионоведение,english_plus_russian_preparatory_year_plus_target_region_language,No broad Russian or English functional-language signal is available in CLDR.,167.55416672419764,167.55416672419764,-15.859729091382542,148.0692865032078,878.291230563737,0.9433333333333334,0.05,70.0,2023,225.2250074192524,225.2250074192524,57.67084069505476,73.53684719994229,69.36975919194556,0.0,97.22836472831446,point_score multiplied by probability of positive structural gap,64.09164215514153,36.59164215514152,91.59164215514151,0.45,limited,False,30.657825316038227,"{""diplomatic_analytic"": 0.3045488890845261, ""economic_legal"": 0.314695709463807}",calculated_from_existing_mgimo_country_profile_scores,52.68428650749584,48.864850295110166,52.853722353772,5,542,53.90758329761102,56.46398879725547,51.96513651825312,46.15805387866257,52.93635990793207,52.93635990793207,46.15805387866257,56.46398879725547,46.15805387866257,56.46398879725547,10.305934918592897,8.671249514829105,71.74022199152938,63.068972476700274,C_monitor_and_test,"{""academic_fit"": 46.15805387866257, ""balanced"": 53.90758329761102, ""labor_market"": 51.96513651825312, ""recruitment"": 56.46398879725547}","{""academic_fit"": 14.515365772957903, ""balanced"": 13.186558243048784, ""labor_market"": 19.7717937002268, ""recruitment"": 8.671249514829105}","{""academic_fit"": 52.92032066130331, ""balanced"": 63.991898000581045, ""labor_market"": 58.64825163085421, ""recruitment"": 71.74022199152938}","{""academic_fit"": {""country_opportunity"": 0.25, ""friendliness"": 0.15, ""labor_demand"": 0.15, ""program_fit"": 0.45}, ""balanced"": {""country_opportunity"": 0.3, ""friendliness"": 0.2, ""labor_demand"": 0.3, ""program_fit"": 0.2}, ""labor_market"": {""country_opportunity"": 0.2, ""friendliness"": 0.15, ""labor_demand"": 0.45, ""program_fit"": 0.2}, ""recruitment"": {""country_opportunity"": 0.4, ""friendliness"": 0.3, ""labor_demand"": 0.1, ""program_fit"": 0.2}}",uncertainty_adjusted_management_priority_index_not_predicted_student_count,not_identified_ex_ante,,,,"incremental qualified applications, offers and enrolments attributable to the recruitment intervention",requires_prospective_campaign_evaluation,24,pre_registered_country_program_campaign_with_matched_comparison_or_stepped_wedge_rollout,qualified_leads;applications;offers;enrolments;yield;cost_per_enrolment,relative_record_level_program_demand_not_search_totals,ppml_russia_inbound_structural_allocation_v3;friendliness_receptivity_ex_ante_v4;trudvsem_program_demand_v5;mgimo_program_profiles,calculated_uncertainty_aware_scenario_ensemble_v5,targeted_digital_campaign_with_local_partner_validation,117,111.0,118.0,121.0,139.0,111.0,139.0,28.0,542,29046,0.018660056462163465
country_program_priority_evidence_v5,AZE,Azerbaijan,Europe & Central Asia,legal_public,legal_public,Международное право и комплаенс,english_plus_russian_preparatory_year,No broad Russian or English functional-language signal is available in CLDR.,15116.55996574624,15116.55996574624,8152.10522003389,13587.33892593225,18211.214328846352,1.0,1.0,5965.0,2023,22566.20697470832,22566.20697470832,7449.647008962082,100.0,100.0,100.0,100.0,point_score multiplied by probability of positive structural gap,65.98981332659201,38.489813326592014,93.489813326592,0.45,limited,False,36.08588400615176,"{""diplomatic_analytic"": 0.3534390310390914, ""economic_legal"": 0.3640387582139859}",calculated_from_existing_mgimo_country_profile_scores,33.810526315789474,33.51626038781164,34.93637368711995,5,363,54.76860709854036,65.04629914291822,47.649210430136016,51.05764263622965,52.91312486738501,52.91312486738501,47.649210430136016,65.04629914291822,47.649210430136016,65.04629914291822,17.3970887127822,43.8498459214852,72.34654992244285,28.49670400095765,C_monitor_and_test,"{""academic_fit"": 51.05764263622965, ""balanced"": 54.76860709854036, ""labor_market"": 47.649210430136016, ""recruitment"": 65.04629914291822}","{""academic_fit"": 47.106320035460115, ""balanced"": 49.14970354087899, ""labor_market"": 43.8498459214852, ""recruitment"": 55.46216272980274}","{""academic_fit"": 54.01827879041422, ""balanced"": 59.23167837377646, ""labor_market"": 50.89589895438339, ""recruitment"": 72.34654992244285}","{""academic_fit"": {""country_opportunity"": 0.25, ""friendliness"": 0.15, ""labor_demand"": 0.15, ""program_fit"": 0.45}, ""balanced"": {""country_opportunity"": 0.3, ""friendliness"": 0.2, ""labor_demand"": 0.3, ""program_fit"": 0.2}, ""labor_market"": {""country_opportunity"": 0.2, ""friendliness"": 0.15, ""labor_demand"": 0.45, ""program_fit"": 0.2}, ""recruitment"": {""country_opportunity"": 0.4, ""friendliness"": 0.3, ""labor_demand"": 0.1, ""program_fit"": 0.2}}",uncertainty_adjusted_management_priority_index_not_predicted_student_count,not_identified_ex_ante,,,,"incremental qualified applications, offers and enrolments attributable to the recruitment intervention",requires_prospective_campaign_evaluation,24,pre_registered_country_program_campaign_with_matched_comparison_or_stepped_wedge_rollout,qualified_leads;applications;offers;enrolments;yield;cost_per_enrolment,relative_record_level_program_demand_not_search_totals,ppml_russia_inbound_structural_allocation_v3;friendliness_receptivity_ex_ante_v4;trudvsem_program_demand_v5;mgimo_program_profiles,calculated_uncertainty_aware_scenario_ensemble_v5,digital_recruitment_scholarship_and_olympiad,118,104.0,57.0,166.0,95.0,57.0,166.0,109.0,363,29046,0.012497417888865936
country_program_priority_evidence_v5,TUR,Türkiye,Europe & Central Asia,management_public,management_public,Управление и государственная политика,english_plus_russian_preparatory_year,No broad Russian or English functional-language signal is available in CLDR.,6271.814851981322,6271.814851981322,2042.3232068749053,5788.136878229314,13356.513997275884,1.0,0.9983333333333332,911.0,2023,7040.885969507942,7040.885969507942,769.0711175266194,100.0,100.0,100.0,100.0,point_score multiplied by probability of positive structural gap,62.29229519979871,34.7922951997987,89.7922951997987,0.45,limited,False,49.49368854176477,"{""diplomatic_analytic"": 0.5353755707969705, ""economic_legal"": 0.4342788573486635}",calculated_from_existing_mgimo_country_profile_scores,22.16559633027523,21.459607571000703,22.88853092188952,5,89,50.97364288646966,65.3046636593505,41.83815408453341,54.719839220197244,52.84674105333345,52.84674105333345,41.83815408453341,65.3046636593505,41.83815408453341,65.3046636593505,23.46650957481709,37.87823431928849,72.994180625978,35.115946306689516,C_monitor_and_test,"{""academic_fit"": 54.719839220197244, ""balanced"": 50.97364288646966, ""labor_market"": 41.83815408453341, ""recruitment"": 65.3046636593505}","{""academic_fit"": 50.00281104897197, ""balanced"": 45.06101983331369, ""labor_market"": 37.87823431928849, ""recruitment"": 54.86958507580625}","{""academic_fit"": 58.02984745433106, ""balanced"": 55.29541088605797, ""labor_market"": 44.779879317060875, ""recruitment"": 72.994180625978}","{""academic_fit"": {""country_opportunity"": 0.25, ""friendliness"": 0.15, ""labor_demand"": 0.15, ""program_fit"": 0.45}, ""balanced"": {""country_opportunity"": 0.3, ""friendliness"": 0.2, ""labor_demand"": 0.3, ""program_fit"": 0.2}, ""labor_market"": {""country_opportunity"": 0.2, ""friendliness"": 0.15, ""labor_demand"": 0.45, ""program_fit"": 0.2}, ""recruitment"": {""country_opportunity"": 0.4, ""friendliness"": 0.3, ""labor_demand"": 0.1, ""program_fit"": 0.2}}",uncertainty_adjusted_management_priority_index_not_predicted_student_count,not_identified_ex_ante,,,,"incremental qualified applications, offers and enrolments attributable to the recruitment intervention",requires_prospective_campaign_evaluation,24,pre_registered_country_program_campaign_with_matched_comparison_or_stepped_wedge_rollout,qualified_leads;applications;offers;enrolments;yield;cost_per_enrolment,relative_record_level_program_demand_not_search_totals,ppml_russia_inbound_structural_allocation_v3;friendliness_receptivity_ex_ante_v4;trudvsem_program_demand_v5;mgimo_program_profiles,calculated_uncertainty_aware_scenario_ensemble_v5,targeted_digital_campaign_with_local_partner_validation,119,143.0,55.0,205.0,72.0,55.0,205.0,150.0,89,29046,0.003064105212421676
country_program_priority_evidence_v5,KWT,Kuwait,Middle East & North Africa,management_public,management_public,Управление и государственная политика,english_plus_russian_preparatory_year,No broad Russian or English functional-language signal is available in CLDR.,426.5126688777632,426.5126688777632,166.10656193694516,401.9018406801363,914.5455521053924,1.0,0.6533333333333333,8.0,2023,432.9517961166805,432.9517961166805,6.439127238917247,86.88564352408495,86.88564352408495,73.41313797911597,97.8078518624332,point_score multiplied by probability of positive structural gap,63.39358801580428,35.89358801580428,90.89358801580428,0.45,limited,False,54.660313189958686,"{""diplomatic_analytic"": 0.5291348697860369, ""economic_legal"": 0.572805525069912}",calculated_from_existing_mgimo_country_profile_scores,22.16559633027523,21.459607571000703,22.88853092188952,5,89,50.024724636715156,63.31287952131053,41.598464917874814,55.36133667307834,52.693030654896745,52.693030654896745,41.598464917874814,63.31287952131053,41.598464917874814,63.31287952131053,21.714414603435714,36.49986741471297,74.04723486592097,37.547367451208,C_monitor_and_test,"{""academic_fit"": 55.36133667307834, ""balanced"": 50.024724636715156, ""labor_market"": 41.598464917874814, ""recruitment"": 63.31287952131053}","{""academic_fit"": 48.62275136250408, ""balanced"": 42.17872707774081, ""labor_market"": 36.49986741471297, ""recruitment"": 49.96582786324611}","{""academic_fit"": 60.407829146865, ""balanced"": 56.14861747146524, ""labor_market"": 45.543256131724604, ""recruitment"": 74.04723486592097}","{""academic_fit"": {""country_opportunity"": 0.25, ""friendliness"": 0.15, ""labor_demand"": 0.15, ""program_fit"": 0.45}, ""balanced"": {""country_opportunity"": 0.3, ""friendliness"": 0.2, ""labor_demand"": 0.3, ""program_fit"": 0.2}, ""labor_market"": {""country_opportunity"": 0.2, ""friendliness"": 0.15, ""labor_demand"": 0.45, ""program_fit"": 0.2}, ""recruitment"": {""country_opportunity"": 0.4, ""friendliness"": 0.3, ""labor_demand"": 0.1, ""program_fit"": 0.2}}",uncertainty_adjusted_management_priority_index_not_predicted_student_count,not_identified_ex_ante,,,,"incremental qualified applications, offers and enrolments attributable to the recruitment intervention",requires_prospective_campaign_evaluation,24,pre_registered_country_program_campaign_with_matched_comparison_or_stepped_wedge_rollout,qualified_leads;applications;offers;enrolments;yield;cost_per_enrolment,relative_record_level_program_demand_not_search_totals,ppml_russia_inbound_structural_allocation_v3;friendliness_receptivity_ex_ante_v4;trudvsem_program_demand_v5;mgimo_program_profiles,calculated_uncertainty_aware_scenario_ensemble_v5,targeted_digital_campaign_with_local_partner_validation,120,154.0,68.0,208.0,68.0,68.0,208.0,140.0,89,29046,0.003064105212421676
country_program_priority_evidence_v5,BRB,Barbados,Latin America & Caribbean,digital_analytics,digital_analytics,Цифровая аналитика и Data/AI,english_with_optional_russian_preparatory_module,CLDR indicates a material functional English-language environment.,4.888493575201069,4.888493575201069,0.6790261582998952,4.477979354785928,20.49541121462832,1.0,0.0,0.0,2023,5.332909213131059,5.332909213131059,0.4444156379299898,25.42896543863592,25.42896543863592,7.432398924964803,43.999985950642355,point_score multiplied by probability of positive structural gap,62.82312625679632,35.323126256796314,90.32312625679631,0.45,limited,False,63.04903841433324,"{""digital_finance_business_informatics"": 0.6333303078361582, ""economic_legal"": 0.6191306893720286}",calculated_from_existing_mgimo_country_profile_scores,80.99834319526626,80.86266231881814,84.12359954610515,6,1284,52.32898798912395,45.5708515488342,59.341179924407314,52.71653003010185,52.5227590096129,52.5227590096129,45.5708515488342,59.341179924407314,45.5708515488342,59.341179924407314,13.770328375573115,24.362685518871235,70.8326077872368,46.469922268365565,C_monitor_and_test,"{""academic_fit"": 52.71653003010185, ""balanced"": 52.32898798912395, ""labor_market"": 59.341179924407314, ""recruitment"": 45.5708515488342}","{""academic_fit"": 36.39883228952064, ""balanced"": 33.168734016966525, ""labor_market"": 43.359822925772654, ""recruitment"": 24.362685518871235}","{""academic_fit"": 63.900905095632034, ""balanced"": 66.69234843768837, ""labor_market"": 70.8326077872368, ""recruitment"": 63.0152015051255}","{""academic_fit"": {""country_opportunity"": 0.25, ""friendliness"": 0.15, ""labor_demand"": 0.15, ""program_fit"": 0.45}, ""balanced"": {""country_opportunity"": 0.3, ""friendliness"": 0.2, ""labor_demand"": 0.3, ""program_fit"": 0.2}, ""labor_market"": {""country_opportunity"": 0.2, ""friendliness"": 0.15, ""labor_demand"": 0.45, ""program_fit"": 0.2}, ""recruitment"": {""country_opportunity"": 0.4, ""friendliness"": 0.3, ""labor_demand"": 0.1, ""program_fit"": 0.2}}",uncertainty_adjusted_management_priority_index_not_predicted_student_count,not_identified_ex_ante,,,,"incremental qualified applications, offers and enrolments attributable to the recruitment intervention",requires_prospective_campaign_evaluation,24,pre_registered_country_program_campaign_with_matched_comparison_or_stepped_wedge_rollout,qualified_leads;applications;offers;enrolments;yield;cost_per_enrolment,relative_record_level_program_demand_not_search_totals,ppml_russia_inbound_structural_allocation_v3;friendliness_receptivity_ex_ante_v4;trudvsem_program_demand_v5;mgimo_program_profiles,calculated_uncertainty_aware_scenario_ensemble_v5,employer_linked_program_campaign_and_case_competitions,121,127.0,230.0,66.0,84.0,66.0,230.0,164.0,1284,29046,0.04420574261516216
country_program_priority_evidence_v5,OMN,Oman,Middle East & North Africa,management_public,management_public,Управление и государственная политика,english_plus_russian_preparatory_year,No broad Russian or English functional-language signal is available in CLDR.,502.2737759432396,502.2737759432396,181.76656300783029,459.8299838341703,1134.674504600226,1.0,0.7316666666666667,24.0,2023,525.6770071533053,525.6770071533053,23.403231210065687,89.22560124148004,89.22560124148004,74.69789611085542,100.0,point_score multiplied by probability of positive structural gap,64.2690828943247,36.76908289432469,91.7690828943247,0.45,limited,False,52.51451435678987,"{""diplomatic_analytic"": 0.507666025535745, ""economic_legal"": 0.5513638206161292}",calculated_from_existing_mgimo_country_profile_scores,22.16559633027523,21.459607571000703,22.88853092188952,5,89,50.16102781462959,63.73844432861673,41.57426647534329,54.860016826485214,52.5105223205574,52.5105223205574,41.57426647534329,63.73844432861673,41.57426647534329,63.73844432861673,22.164177853273436,36.46625338770284,74.3261122109451,37.859858823242256,C_monitor_and_test,"{""academic_fit"": 54.860016826485214, ""balanced"": 50.16102781462959, ""labor_market"": 41.57426647534329, ""recruitment"": 63.73844432861673}","{""academic_fit"": 48.14404583400732, ""balanced"": 42.26160861527439, ""labor_market"": 36.46625338770284, ""recruitment"": 50.26753810677748}","{""academic_fit"": 59.75993141829714, ""balanced"": 56.18324787034481, ""labor_market"": 45.44990265391413, ""recruitment"": 74.3261122109451}","{""academic_fit"": {""country_opportunity"": 0.25, ""friendliness"": 0.15, ""labor_demand"": 0.15, ""program_fit"": 0.45}, ""balanced"": {""country_opportunity"": 0.3, ""friendliness"": 0.2, ""labor_demand"": 0.3, ""program_fit"": 0.2}, ""labor_market"": {""country_opportunity"": 0.2, ""friendliness"": 0.15, ""labor_demand"": 0.45, ""program_fit"": 0.2}, ""recruitment"": {""country_opportunity"": 0.4, ""friendliness"": 0.3, ""labor_demand"": 0.1, ""program_fit"": 0.2}}",uncertainty_adjusted_management_priority_index_not_predicted_student_count,not_identified_ex_ante,,,,"incremental qualified applications, offers and enrolments attributable to the recruitment intervention",requires_prospective_campaign_evaluation,24,pre_registered_country_program_campaign_with_matched_comparison_or_stepped_wedge_rollout,qualified_leads;applications;offers;enrolments;yield;cost_per_enrolment,relative_record_level_program_demand_not_search_totals,ppml_russia_inbound_structural_allocation_v3;friendliness_receptivity_ex_ante_v4;trudvsem_program_demand_v5;mgimo_program_profiles,calculated_uncertainty_aware_scenario_ensemble_v5,targeted_digital_campaign_with_local_partner_validation,122,152.0,64.0,209.0,70.0,64.0,209.0,145.0,89,29046,0.003064105212421676
country_program_priority_evidence_v5,NIC,Nicaragua,Latin America & Caribbean,languages_regional,languages_regional,Иностранные языки и регионоведение,english_plus_russian_preparatory_year_plus_target_region_language,No broad Russian or English functional-language signal is available in CLDR.,173.43749072652136,173.43749072652136,29.668119610456475,161.8210225585733,557.5759363219272,1.0,0.09,23.0,2023,188.79623730333557,188.79623730333557,15.35874657681419,74.02892266253046,74.02892266253046,49.09702550030215,90.72087968129118,point_score multiplied by probability of positive structural gap,67.31861142770944,39.81861142770944,94.81861142770944,0.45,limited,False,25.740909960768487,"{""diplomatic_analytic"": 0.254884011120441, ""economic_legal"": 0.2675094535566602}",calculated_from_existing_mgimo_country_profile_scores,52.68428650749584,48.864850295110166,52.853722353772,5,542,53.64687607127543,56.8266133506766,51.25918451988633,43.789805684687316,52.45303029558088,52.45303029558088,43.789805684687316,56.8266133506766,43.789805684687316,56.8266133506766,13.036807665989286,36.237548118365716,68.18010750190813,31.94255938354241,C_monitor_and_test,"{""academic_fit"": 43.789805684687316, ""balanced"": 53.64687607127543, ""labor_market"": 51.25918451988633, ""recruitment"": 56.8266133506766}","{""academic_fit"": 36.237548118365716, ""balanced"": 41.93411152854687, ""labor_market"": 42.336262808095256, ""recruitment"": 41.122125932494114}","{""academic_fit"": 48.46461876275009, ""balanced"": 61.02517291029661, ""labor_market"": 56.217569167387225, ""recruitment"": 68.18010750190813}","{""academic_fit"": {""country_opportunity"": 0.25, ""friendliness"": 0.15, ""labor_demand"": 0.15, ""program_fit"": 0.45}, ""balanced"": {""country_opportunity"": 0.3, ""friendliness"": 0.2, ""labor_demand"": 0.3, ""program_fit"": 0.2}, ""labor_market"": {""country_opportunity"": 0.2, ""friendliness"": 0.15, ""labor_demand"": 0.45, ""program_fit"": 0.2}, ""recruitment"": {""country_opportunity"": 0.4, ""friendliness"": 0.3, ""labor_demand"": 0.1, ""program_fit"": 0.2}}",uncertainty_adjusted_management_priority_index_not_predicted_student_count,not_identified_ex_ante,,,,"incremental qualified applications, offers and enrolments attributable to the recruitment intervention",requires_prospective_campaign_evaluation,24,pre_registered_country_program_campaign_with_matched_comparison_or_stepped_wedge_rollout,qualified_leads;applications;offers;enrolments;yield;cost_per_enrolment,relative_record_level_program_demand_not_search_totals,ppml_russia_inbound_structural_allocation_v3;friendliness_receptivity_ex_ante_v4;trudvsem_program_demand_v5;mgimo_program_profiles,calculated_uncertainty_aware_scenario_ensemble_v5,digital_recruitment_scholarship_and_olympiad,123,114.0,116.0,127.0,156.0,114.0,156.0,42.0,542,29046,0.018660056462163465
country_program_priority_evidence_v5,BGD,Bangladesh,South Asia,languages_regional,languages_regional,Иностранные языки и регионоведение,english_plus_russian_preparatory_year_plus_target_region_language,No broad Russian or English functional-language signal is available in CLDR.,463.77351122663737,463.77351122663737,-163.85613125144286,400.7988264210292,1588.8601853091898,0.885,0.5616666666666666,541.0,2023,949.34745736248,949.34745736248,485.5739461358426,88.08417939205468,77.9544987619684,0.0,100.0,point_score multiplied by probability of positive structural gap,63.58087549072616,36.08087549072616,91.08087549072616,0.45,limited,False,24.147761571524164,"{""diplomatic_analytic"": 0.240650865610964, ""economic_legal"": 0.244784616132352}",calculated_from_existing_mgimo_country_profile_scores,52.68428650749584,48.864850295110166,52.853722353772,5,542,53.206721407189086,56.33069925981397,50.72250479802057,42.77994420556141,51.96461310260483,51.96461310260483,42.77994420556141,56.33069925981397,42.77994420556141,56.33069925981397,13.550755054252562,8.247131868415593,69.16389570043827,60.91676383202268,C_monitor_and_test,"{""academic_fit"": 42.77994420556141, ""balanced"": 53.206721407189086, ""labor_market"": 50.72250479802057, ""recruitment"": 56.33069925981397}","{""academic_fit"": 13.060054865127753, ""balanced"": 12.558762420546962, ""labor_market"": 18.843367740408155, ""recruitment"": 8.247131868415593}","{""academic_fit"": 48.00554947642282, ""balanced"": 61.55644226065956, ""labor_market"": 56.2749685438154, ""recruitment"": 69.16389570043827}","{""academic_fit"": {""country_opportunity"": 0.25, ""friendliness"": 0.15, ""labor_demand"": 0.15, ""program_fit"": 0.45}, ""balanced"": {""country_opportunity"": 0.3, ""friendliness"": 0.2, ""labor_demand"": 0.3, ""program_fit"": 0.2}, ""labor_market"": {""country_opportunity"": 0.2, ""friendliness"": 0.15, ""labor_demand"": 0.45, ""program_fit"": 0.2}, ""recruitment"": {""country_opportunity"": 0.4, ""friendliness"": 0.3, ""labor_demand"": 0.1, ""program_fit"": 0.2}}",uncertainty_adjusted_management_priority_index_not_predicted_student_count,not_identified_ex_ante,,,,"incremental qualified applications, offers and enrolments attributable to the recruitment intervention",requires_prospective_campaign_evaluation,24,pre_registered_country_program_campaign_with_matched_comparison_or_stepped_wedge_rollout,qualified_leads;applications;offers;enrolments;yield;cost_per_enrolment,relative_record_level_program_demand_not_search_totals,ppml_russia_inbound_structural_allocation_v3;friendliness_receptivity_ex_ante_v4;trudvsem_program_demand_v5;mgimo_program_profiles,calculated_uncertainty_aware_scenario_ensemble_v5,targeted_digital_campaign_with_local_partner_validation,124,118.0,121.0,136.0,170.0,118.0,170.0,52.0,542,29046,0.018660056462163465
country_program_priority_evidence_v5,FJI,Fiji,East Asia & Pacific,digital_analytics,digital_analytics,Цифровая аналитика и Data/AI,english_with_optional_russian_preparatory_module,CLDR indicates a material functional English-language environment.,7.627020882740514,7.627020882740514,1.2039860349869458,6.669231625580992,43.267269859997896,1.0,0.0,0.0,2023,7.627020882740514,7.627020882740514,0.0,30.906289889035474,30.906289889035474,11.334283146520756,54.36097719416004,point_score multiplied by probability of positive structural gap,61.00551914526677,33.505519145266774,88.50551914526677,0.45,limited,False,52.57016453517394,"{""digital_finance_business_informatics"": 0.5402722670001181, ""economic_legal"": 0.4674191587582244}",calculated_from_existing_mgimo_country_profile_scores,80.99834319526626,80.86266231881814,84.12359954610515,6,1284,53.1194668082019,47.00275963892538,59.19912950098375,50.76897061879494,51.944218713498415,51.944218713498415,47.00275963892538,59.19912950098375,47.00275963892538,59.19912950098375,12.196369862058368,26.951562242013193,71.02380496916467,44.072242727151476,C_monitor_and_test,"{""academic_fit"": 50.76897061879494, ""balanced"": 53.1194668082019, ""labor_market"": 59.19912950098375, ""recruitment"": 47.00275963892538}","{""academic_fit"": 36.65376662585217, ""balanced"": 35.50592807525502, ""labor_market"": 44.797928162018174, ""recruitment"": 26.951562242013193}","{""academic_fit"": 61.9127184816155, ""balanced"": 68.20391486956933, ""labor_market"": 71.02380496916467, ""recruitment"": 65.66057233754}","{""academic_fit"": {""country_opportunity"": 0.25, ""friendliness"": 0.15, ""labor_demand"": 0.15, ""program_fit"": 0.45}, ""balanced"": {""country_opportunity"": 0.3, ""friendliness"": 0.2, ""labor_demand"": 0.3, ""program_fit"": 0.2}, ""labor_market"": {""country_opportunity"": 0.2, ""friendliness"": 0.15, ""labor_demand"": 0.45, ""program_fit"": 0.2}, ""recruitment"": {""country_opportunity"": 0.4, ""friendliness"": 0.3, ""labor_demand"": 0.1, ""program_fit"": 0.2}}",uncertainty_adjusted_management_priority_index_not_predicted_student_count,not_identified_ex_ante,,,,"incremental qualified applications, offers and enrolments attributable to the recruitment intervention",requires_prospective_campaign_evaluation,24,pre_registered_country_program_campaign_with_matched_comparison_or_stepped_wedge_rollout,qualified_leads;applications;offers;enrolments;yield;cost_per_enrolment,relative_record_level_program_demand_not_search_totals,ppml_russia_inbound_structural_allocation_v3;friendliness_receptivity_ex_ante_v4;trudvsem_program_demand_v5;mgimo_program_profiles,calculated_uncertainty_aware_scenario_ensemble_v5,employer_linked_program_campaign_and_case_competitions,125,119.0,209.0,68.0,96.0,68.0,209.0,141.0,1284,29046,0.04420574261516216
country_program_priority_evidence_v5,LCA,Saint Lucia,Latin America & Caribbean,international_economics,international_economics,Международная экономика и ВЭД,english_with_optional_russian_preparatory_module,CLDR indicates a material functional English-language environment.,8.97353380351016,8.97353380351016,1.278101069562503,8.424937550566439,43.631870514869085,1.0,0.0,0.0,2023,9.140984349303544,9.140984349303544,0.1674505457933838,32.98644103938894,32.98644103938894,11.808651286546793,54.47862185424246,point_score multiplied by probability of positive structural gap,62.98961219976466,35.48961219976465,90.48961219976464,0.45,limited,False,57.5152693379665,"{""economic_legal"": 0.6319141632764691, ""energy_logistics"": 0.4048682836892526}",calculated_from_existing_mgimo_country_profile_scores,63.80753253946275,63.58040409631885,64.03323363437521,6,723,51.66943542535216,48.37824789703404,55.1494894603784,52.05188204165654,51.86065873350435,51.86065873350435,48.37824789703404,55.1494894603784,48.37824789703404,55.1494894603784,6.771241563344354,27.65633829819088,65.54020636289025,37.883868064699364,C_monitor_and_test,"{""academic_fit"": 52.05188204165654, ""balanced"": 51.66943542535216, ""labor_market"": 55.1494894603784, ""recruitment"": 48.37824789703404}","{""academic_fit"": 37.4684839861178, ""balanced"": 34.42290874798356, ""labor_market"": 41.63934379098146, ""recruitment"": 27.65633829819088}","{""academic_fit"": 62.10938892553126, ""balanced"": 64.35542002930458, ""labor_market"": 64.27976431662165, ""recruitment"": 65.54020636289025}","{""academic_fit"": {""country_opportunity"": 0.25, ""friendliness"": 0.15, ""labor_demand"": 0.15, ""program_fit"": 0.45}, ""balanced"": {""country_opportunity"": 0.3, ""friendliness"": 0.2, ""labor_demand"": 0.3, ""program_fit"": 0.2}, ""labor_market"": {""country_opportunity"": 0.2, ""friendliness"": 0.15, ""labor_demand"": 0.45, ""program_fit"": 0.2}, ""recruitment"": {""country_opportunity"": 0.4, ""friendliness"": 0.3, ""labor_demand"": 0.1, ""program_fit"": 0.2}}",uncertainty_adjusted_management_priority_index_not_predicted_student_count,not_identified_ex_ante,,,,"incremental qualified applications, offers and enrolments attributable to the recruitment intervention",requires_prospective_campaign_evaluation,24,pre_registered_country_program_campaign_with_matched_comparison_or_stepped_wedge_rollout,qualified_leads;applications;offers;enrolments;yield;cost_per_enrolment,relative_record_level_program_demand_not_search_totals,ppml_russia_inbound_structural_allocation_v3;friendliness_receptivity_ex_ante_v4;trudvsem_program_demand_v5;mgimo_program_profiles,calculated_uncertainty_aware_scenario_ensemble_v5,targeted_digital_campaign_with_local_partner_validation,126,132.0,193.0,100.0,90.0,90.0,193.0,103.0,723,29046,0.024891551332369345
country_program_priority_evidence_v5,TZA,"Tanzania, United Republic of",Sub-Saharan Africa,digital_analytics,digital_analytics,Цифровая аналитика и Data/AI,english_with_optional_russian_preparatory_module,CLDR indicates a material functional English-language environment.,110.72059909148332,110.72059909148332,-53.3958723614936,99.1973263020007,436.4097605295827,0.8316666666666667,0.0016666666666666,175.0,2023,252.4946197191707,252.4946197191707,141.77402062768738,67.63847444358663,56.25266457891622,0.0,87.21388940881273,point_score multiplied by probability of positive structural gap,63.54559861270263,36.04559861270264,91.04559861270263,0.45,limited,False,20.79916506707102,"{""digital_finance_business_informatics"": 0.2215308139927002, ""economic_legal"": 0.15383499738275}",calculated_from_existing_mgimo_country_profile_scores,80.99834319526626,80.86266231881814,84.12359954610515,6,1284,53.3114087856592,50.2140646466561,55.926548631445584,39.44357273157529,51.76273671615765,51.76273671615765,39.44357273157529,55.926548631445584,39.44357273157529,55.926548631445584,16.482975899870297,8.419691317919236,66.64802624467231,58.22833492675307,C_monitor_and_test,"{""academic_fit"": 39.44357273157529, ""balanced"": 53.3114087856592, ""labor_market"": 55.926548631445584, ""recruitment"": 50.2140646466561}","{""academic_fit"": 13.190156104138978, ""balanced"": 14.159231451872053, ""labor_market"": 22.88578058069617, ""recruitment"": 8.419691317919236}","{""academic_fit"": 46.60888963743664, ""balanced"": 65.89360811796823, ""labor_market"": 65.40288971805724, ""recruitment"": 66.64802624467231}","{""academic_fit"": {""country_opportunity"": 0.25, ""friendliness"": 0.15, ""labor_demand"": 0.15, ""program_fit"": 0.45}, ""balanced"": {""country_opportunity"": 0.3, ""friendliness"": 0.2, ""labor_demand"": 0.3, ""program_fit"": 0.2}, ""labor_market"": {""country_opportunity"": 0.2, ""friendliness"": 0.15, ""labor_demand"": 0.45, ""program_fit"": 0.2}, ""recruitment"": {""country_opportunity"": 0.4, ""friendliness"": 0.3, ""labor_demand"": 0.1, ""program_fit"": 0.2}}",uncertainty_adjusted_management_priority_index_not_predicted_student_count,not_identified_ex_ante,,,,"incremental qualified applications, offers and enrolments attributable to the recruitment intervention",requires_prospective_campaign_evaluation,24,pre_registered_country_program_campaign_with_matched_comparison_or_stepped_wedge_rollout,qualified_leads;applications;offers;enrolments;yield;cost_per_enrolment,relative_record_level_program_demand_not_search_totals,ppml_russia_inbound_structural_allocation_v3;friendliness_receptivity_ex_ante_v4;trudvsem_program_demand_v5;mgimo_program_profiles,calculated_uncertainty_aware_scenario_ensemble_v5,employer_linked_program_campaign_and_case_competitions,127,117.0,173.0,92.0,201.0,92.0,201.0,109.0,1284,29046,0.04420574261516216
country_program_priority_evidence_v5,TLS,Timor-Leste,East Asia & Pacific,international_economics,international_economics,Международная экономика и ВЭД,english_plus_russian_preparatory_year,No broad Russian or English functional-language signal is available in CLDR.,27.276727630199744,27.276727630199744,4.729599494410095,24.74277943719952,119.73734598660552,1.0,0.0,0.0,2023,27.40775645015645,27.40775645015645,0.1310288199567067,47.932649446427455,47.932649446427455,25.03663694678516,68.75167479870697,point_score multiplied by probability of positive structural gap,62.59343089263013,35.09343089263013,90.09343089263014,0.45,limited,False,35.694299000076775,"{""economic_legal"": 0.3975805584998281, ""energy_logistics"": 0.2350302845035867}",calculated_from_existing_mgimo_country_profile_scores,63.80753253946275,63.58040409631885,64.03323363437521,6,723,52.43823455680696,50.889017157311336,53.98354480420821,46.17462088261106,51.663625857059145,51.663625857059145,46.17462088261106,53.98354480420821,46.17462088261106,53.98354480420821,7.808923921597149,33.34807932995471,65.34010889994674,31.992029569992035,C_monitor_and_test,"{""academic_fit"": 46.17462088261106, ""balanced"": 52.43823455680696, ""labor_market"": 53.98354480420821, ""recruitment"": 50.889017157311336}","{""academic_fit"": 36.205417066102044, ""balanced"": 38.70701423772578, ""labor_market"": 43.639009932678384, ""recruitment"": 33.34807932995471}","{""academic_fit"": 53.27580435367456, ""balanced"": 62.733967386078774, ""labor_market"": 61.2552390696636, ""recruitment"": 65.34010889994674}","{""academic_fit"": {""country_opportunity"": 0.25, ""friendliness"": 0.15, ""labor_demand"": 0.15, ""program_fit"": 0.45}, ""balanced"": {""country_opportunity"": 0.3, ""friendliness"": 0.2, ""labor_demand"": 0.3, ""program_fit"": 0.2}, ""labor_market"": {""country_opportunity"": 0.2, ""friendliness"": 0.15, ""labor_demand"": 0.45, ""program_fit"": 0.2}, ""recruitment"": {""country_opportunity"": 0.4, ""friendliness"": 0.3, ""labor_demand"": 0.1, ""program_fit"": 0.2}}",uncertainty_adjusted_management_priority_index_not_predicted_student_count,not_identified_ex_ante,,,,"incremental qualified applications, offers and enrolments attributable to the recruitment intervention",requires_prospective_campaign_evaluation,24,pre_registered_country_program_campaign_with_matched_comparison_or_stepped_wedge_rollout,qualified_leads;applications;offers;enrolments;yield;cost_per_enrolment,relative_record_level_program_demand_not_search_totals,ppml_russia_inbound_structural_allocation_v3;friendliness_receptivity_ex_ante_v4;trudvsem_program_demand_v5;mgimo_program_profiles,calculated_uncertainty_aware_scenario_ensemble_v5,targeted_digital_campaign_with_local_partner_validation,128,123.0,163.0,108.0,138.0,108.0,163.0,55.0,723,29046,0.024891551332369345
country_program_priority_evidence_v5,QAT,Qatar,Middle East & North Africa,management_public,management_public,Управление и государственная политика,english_plus_russian_preparatory_year,No broad Russian or English functional-language signal is available in CLDR.,181.741219289879,181.741219289879,63.374058751366526,164.42780274329073,405.2775387971988,1.0,0.05,7.0,2023,188.09570631430216,188.09570631430216,6.354487024423151,74.69590716206966,74.69590716206966,59.73168254284648,86.15493872150051,point_score multiplied by probability of positive structural gap,63.28068332224216,35.780683322242155,90.78068332224215,0.45,limited,False,57.498627487762874,"{""diplomatic_analytic"": 0.545733376665048, ""economic_legal"": 0.6188656221964999}",calculated_from_existing_mgimo_country_profile_scores,22.16559633027523,21.459607571000703,22.88853092188952,5,89,48.29460554302297,60.20675420110485,40.767481408958346,54.52565302450198,51.41012928376247,51.41012928376247,40.767481408958346,60.20675420110485,40.767481408958346,60.20675420110485,19.439272792146504,35.38056523653801,71.09988406848903,35.71931883195102,C_monitor_and_test,"{""academic_fit"": 54.52565302450198, ""balanced"": 48.29460554302297, ""labor_market"": 40.767481408958346, ""recruitment"": 60.20675420110485}","{""academic_fit"": 47.23906603606101, ""balanced"": 40.05686560268107, ""labor_market"": 35.38056523653801, ""recruitment"": 46.48363059925418}","{""academic_fit"": 59.856082658547734, ""balanced"": 54.60123328299083, ""labor_market"": 44.85017109540017, ""recruitment"": 71.09988406848903}","{""academic_fit"": {""country_opportunity"": 0.25, ""friendliness"": 0.15, ""labor_demand"": 0.15, ""program_fit"": 0.45}, ""balanced"": {""country_opportunity"": 0.3, ""friendliness"": 0.2, ""labor_demand"": 0.3, ""program_fit"": 0.2}, ""labor_market"": {""country_opportunity"": 0.2, ""friendliness"": 0.15, ""labor_demand"": 0.45, ""program_fit"": 0.2}, ""recruitment"": {""country_opportunity"": 0.4, ""friendliness"": 0.3, ""labor_demand"": 0.1, ""program_fit"": 0.2}}",uncertainty_adjusted_management_priority_index_not_predicted_student_count,not_identified_ex_ante,,,,"incremental qualified applications, offers and enrolments attributable to the recruitment intervention",requires_prospective_campaign_evaluation,24,pre_registered_country_program_campaign_with_matched_comparison_or_stepped_wedge_rollout,qualified_leads;applications;offers;enrolments;yield;cost_per_enrolment,relative_record_level_program_demand_not_search_totals,ppml_russia_inbound_structural_allocation_v3;friendliness_receptivity_ex_ante_v4;trudvsem_program_demand_v5;mgimo_program_profiles,calculated_uncertainty_aware_scenario_ensemble_v5,targeted_digital_campaign_with_local_partner_validation,129,170.0,92.0,215.0,74.0,74.0,215.0,141.0,89,29046,0.003064105212421676
country_program_priority_evidence_v5,TKM,Turkmenistan,Europe & Central Asia,languages_regional,languages_regional,Иностранные языки и регионоведение,english_plus_russian_preparatory_year_plus_target_region_language,No broad Russian or English functional-language signal is available in CLDR.,20899.09774144761,20899.09774144761,-4225.610016350272,18289.21137341857,44948.6283143665,0.9066666666666666,0.9,35170.0,2023,53201.18925250277,53201.18925250277,32302.09151105516,100.0,90.66666666666666,0.0,100.0,point_score multiplied by probability of positive structural gap,63.19659916820704,43.19659916820703,83.19659916820703,0.6,limited,False,18.67658923551297,"{""diplomatic_analytic"": 0.1814426136660327, ""economic_legal"": 0.2080590071115178}",calculated_from_existing_mgimo_country_profile_scores,52.68428650749584,48.864850295110166,52.853722353772,5,542,52.91619179054175,56.8318103946553,49.71287896574777,39.729471312130514,51.31453537814476,51.31453537814476,39.729471312130514,56.8318103946553,39.729471312130514,56.8318103946553,17.102339082524786,8.276842628879761,64.10723965505525,55.83039702617549,C_monitor_and_test,"{""academic_fit"": 39.729471312130514, ""balanced"": 52.91619179054175, ""labor_market"": 49.71287896574777, ""recruitment"": 56.8318103946553}","{""academic_fit"": 12.006973463471638, ""balanced"": 12.384677915231277, ""labor_market"": 18.4197805504819, ""recruitment"": 8.276842628879761}","{""academic_fit"": 42.414361148343666, ""balanced"": 57.56899267219796, ""labor_market"": 52.865716724899336, ""recruitment"": 64.10723965505525}","{""academic_fit"": {""country_opportunity"": 0.25, ""friendliness"": 0.15, ""labor_demand"": 0.15, ""program_fit"": 0.45}, ""balanced"": {""country_opportunity"": 0.3, ""friendliness"": 0.2, ""labor_demand"": 0.3, ""program_fit"": 0.2}, ""labor_market"": {""country_opportunity"": 0.2, ""friendliness"": 0.15, ""labor_demand"": 0.45, ""program_fit"": 0.2}, ""recruitment"": {""country_opportunity"": 0.4, ""friendliness"": 0.3, ""labor_demand"": 0.1, ""program_fit"": 0.2}}",uncertainty_adjusted_management_priority_index_not_predicted_student_count,not_identified_ex_ante,,,,"incremental qualified applications, offers and enrolments attributable to the recruitment intervention",requires_prospective_campaign_evaluation,24,pre_registered_country_program_campaign_with_matched_comparison_or_stepped_wedge_rollout,qualified_leads;applications;offers;enrolments;yield;cost_per_enrolment,relative_record_level_program_demand_not_search_totals,ppml_russia_inbound_structural_allocation_v3;friendliness_receptivity_ex_ante_v4;trudvsem_program_demand_v5;mgimo_program_profiles,calculated_uncertainty_aware_scenario_ensemble_v5,targeted_digital_campaign_with_local_partner_validation,130,120.0,115.0,145.0,198.0,115.0,198.0,83.0,542,29046,0.018660056462163465
country_program_priority_evidence_v5,BHR,Bahrain,Middle East & North Africa,languages_regional,languages_regional,Иностранные языки и регионоведение,english_plus_russian_preparatory_year_plus_target_region_language,No broad Russian or English functional-language signal is available in CLDR.,31.931660746639665,31.931660746639665,-47.54678225176156,18.08585022238453,211.7419000625797,0.6583333333333333,0.0,45.0,2023,120.50138463896644,120.50138463896644,88.56972389232676,50.11835563919724,32.99458412913818,0.0,76.87606628006898,point_score multiplied by probability of positive structural gap,63.790719388353246,36.290719388353246,91.29071938835324,0.45,limited,False,65.60300594359717,"{""diplomatic_analytic"": 0.6426831204973397, ""economic_legal"": 0.7094178151904993}",calculated_from_existing_mgimo_country_profile_scores,52.68428650749584,48.864850295110166,52.853722353772,5,542,50.24085575142956,48.907993351054024,52.097573084378055,53.74119028237092,51.1692144179038,51.1692144179038,48.907993351054024,53.74119028237092,48.907993351054024,53.74119028237092,4.833196931316898,10.037766126962763,75.789314116975,65.75154799001224,C_monitor_and_test,"{""academic_fit"": 53.74119028237092, ""balanced"": 50.24085575142956, ""labor_market"": 52.097573084378055, ""recruitment"": 48.907993351054024}","{""academic_fit"": 20.260965732114272, ""balanced"": 15.276923379401977, ""labor_market"": 22.91527325036943, ""recruitment"": 10.037766126962763}","{""academic_fit"": 69.75220083476135, ""balanced"": 69.2141545625171, ""labor_market"": 64.93501950481512, ""recruitment"": 75.789314116975}","{""academic_fit"": {""country_opportunity"": 0.25, ""friendliness"": 0.15, ""labor_demand"": 0.15, ""program_fit"": 0.45}, ""balanced"": {""country_opportunity"": 0.3, ""friendliness"": 0.2, ""labor_demand"": 0.3, ""program_fit"": 0.2}, ""labor_market"": {""country_opportunity"": 0.2, ""friendliness"": 0.15, ""labor_demand"": 0.45, ""program_fit"": 0.2}, ""recruitment"": {""country_opportunity"": 0.4, ""friendliness"": 0.3, ""labor_demand"": 0.1, ""program_fit"": 0.2}}",uncertainty_adjusted_management_priority_index_not_predicted_student_count,not_identified_ex_ante,,,,"incremental qualified applications, offers and enrolments attributable to the recruitment intervention",requires_prospective_campaign_evaluation,24,pre_registered_country_program_campaign_with_matched_comparison_or_stepped_wedge_rollout,qualified_leads;applications;offers;enrolments;yield;cost_per_enrolment,relative_record_level_program_demand_not_search_totals,ppml_russia_inbound_structural_allocation_v3;friendliness_receptivity_ex_ante_v4;trudvsem_program_demand_v5;mgimo_program_profiles,calculated_uncertainty_aware_scenario_ensemble_v5,targeted_digital_campaign_with_local_partner_validation,131,151.0,188.0,119.0,81.0,81.0,188.0,107.0,542,29046,0.018660056462163465
country_program_priority_evidence_v5,SUR,Suriname,Latin America & Caribbean,digital_analytics,digital_analytics,Цифровая аналитика и Data/AI,english_plus_russian_preparatory_year,No broad Russian or English functional-language signal is available in CLDR.,10.509553920338355,10.509553920338355,-3.51557237617404,9.34758708115846,85.72819051484383,0.845,0.0,7.0,2023,16.594214208509936,16.594214208509936,6.084660288171579,35.0408731843896,29.609537840809214,0.0,64.00667757120094,point_score multiplied by probability of positive structural gap,62.23617269496816,34.73617269496816,89.73617269496816,0.45,limited,False,51.33425929274791,"{""digital_finance_business_informatics"": 0.5400599427561531, ""economic_legal"": 0.4064731936127829}",calculated_from_existing_mgimo_country_profile_scores,80.99834319526626,80.86266231881814,84.12359954610515,6,1284,52.42368107688355,46.28590209022923,58.6090009455762,49.866875122870574,51.14527809987706,51.14527809987706,46.28590209022923,58.6090009455762,46.28590209022923,58.6090009455762,12.32309885534697,9.923773433941015,73.1504489837359,63.226675549794884,C_monitor_and_test,"{""academic_fit"": 49.866875122870574, ""balanced"": 52.42368107688355, ""labor_market"": 58.6090009455762, ""recruitment"": 46.28590209022923}","{""academic_fit"": 19.456353506254626, ""balanced"": 16.748781217196047, ""labor_market"": 27.12006258152822, ""recruitment"": 9.923773433941015}","{""academic_fit"": 63.90670425799932, ""balanced"": 71.43224819575823, ""labor_market"": 73.1504489837359, ""recruitment"": 69.97745854227941}","{""academic_fit"": {""country_opportunity"": 0.25, ""friendliness"": 0.15, ""labor_demand"": 0.15, ""program_fit"": 0.45}, ""balanced"": {""country_opportunity"": 0.3, ""friendliness"": 0.2, ""labor_demand"": 0.3, ""program_fit"": 0.2}, ""labor_market"": {""country_opportunity"": 0.2, ""friendliness"": 0.15, ""labor_demand"": 0.45, ""program_fit"": 0.2}, ""recruitment"": {""country_opportunity"": 0.4, ""friendliness"": 0.3, ""labor_demand"": 0.1, ""program_fit"": 0.2}}",uncertainty_adjusted_management_priority_index_not_predicted_student_count,not_identified_ex_ante,,,,"incremental qualified applications, offers and enrolments attributable to the recruitment intervention",requires_prospective_campaign_evaluation,24,pre_registered_country_program_campaign_with_matched_comparison_or_stepped_wedge_rollout,qualified_leads;applications;offers;enrolments;yield;cost_per_enrolment,relative_record_level_program_demand_not_search_totals,ppml_russia_inbound_structural_allocation_v3;friendliness_receptivity_ex_ante_v4;trudvsem_program_demand_v5;mgimo_program_profiles,calculated_uncertainty_aware_scenario_ensemble_v5,employer_linked_program_campaign_and_case_competitions,132,124.0,217.0,73.0,103.0,73.0,217.0,144.0,1284,29046,0.04420574261516216
country_program_priority_evidence_v5,ETH,Ethiopia,Sub-Saharan Africa,international_economics,international_economics,Международная экономика и ВЭД,english_with_optional_russian_preparatory_module,CLDR indicates a material functional English-language environment.,237.7109403385557,237.7109403385557,-35.614619859247085,228.87440356259805,1019.066278093146,0.9166666666666666,0.2416666666666666,167.0,2023,372.4911624234543,372.4911624234543,134.78022208489858,78.52792581965551,71.98393200135088,0.0,99.35829806271671,point_score multiplied by probability of positive structural gap,64.18877950397808,36.68877950397808,91.6887795039781,0.45,limited,False,16.843765894918917,"{""economic_legal"": 0.0912502119322522, ""energy_logistics"": 0.4}",calculated_from_existing_mgimo_country_profile_scores,63.80753253946275,63.58040409631885,64.03323363437521,6,723,51.43589756249655,52.081230448891446,50.81346111246272,37.02747723258558,51.124679337479634,51.124679337479634,37.02747723258558,52.081230448891446,37.02747723258558,52.081230448891446,15.053753216305864,7.940532497727269,65.76865018026623,57.82811768253897,C_monitor_and_test,"{""academic_fit"": 37.02747723258558, ""balanced"": 51.43589756249655, ""labor_market"": 50.81346111246272, ""recruitment"": 52.081230448891446}","{""academic_fit"": 11.662575910785954, ""balanced"": 12.71301536166681, ""labor_market"": 19.813129668115632, ""recruitment"": 7.940532497727269}","{""academic_fit"": 42.29219807521481, ""balanced"": 60.78381483841465, ""labor_market"": 57.18097662521012, ""recruitment"": 65.76865018026623}","{""academic_fit"": {""country_opportunity"": 0.25, ""friendliness"": 0.15, ""labor_demand"": 0.15, ""program_fit"": 0.45}, ""balanced"": {""country_opportunity"": 0.3, ""friendliness"": 0.2, ""labor_demand"": 0.3, ""program_fit"": 0.2}, ""labor_market"": {""country_opportunity"": 0.2, ""friendliness"": 0.15, ""labor_demand"": 0.45, ""program_fit"": 0.2}, ""recruitment"": {""country_opportunity"": 0.4, ""friendliness"": 0.3, ""labor_demand"": 0.1, ""program_fit"": 0.2}}",uncertainty_adjusted_management_priority_index_not_predicted_student_count,not_identified_ex_ante,,,,"incremental qualified applications, offers and enrolments attributable to the recruitment intervention",requires_prospective_campaign_evaluation,24,pre_registered_country_program_campaign_with_matched_comparison_or_stepped_wedge_rollout,qualified_leads;applications;offers;enrolments;yield;cost_per_enrolment,relative_record_level_program_demand_not_search_totals,ppml_russia_inbound_structural_allocation_v3;friendliness_receptivity_ex_ante_v4;trudvsem_program_demand_v5;mgimo_program_profiles,calculated_uncertainty_aware_scenario_ensemble_v5,targeted_digital_campaign_with_local_partner_validation,133,138.0,149.0,133.0,224.0,133.0,224.0,91.0,723,29046,0.024891551332369345
country_program_priority_evidence_v5,SLB,Solomon Islands,East Asia & Pacific,international_economics,international_economics,Международная экономика и ВЭД,english_with_optional_russian_preparatory_module,CLDR indicates a material functional English-language environment.,28.254208583079443,28.254208583079443,3.3084598312829843,25.323468557890585,167.42941979665304,1.0,0.0,0.0,2023,28.254208583079443,28.254208583079443,0.0,48.420064074677036,48.420064074677036,20.948136810847565,73.52622850777395,point_score multiplied by probability of positive structural gap,63.665778860050914,36.165778860050914,91.16577886005092,0.45,limited,False,32.413418357918964,"{""economic_legal"": 0.2672374481035547, ""energy_logistics"": 0.4948243900060942}",calculated_from_existing_mgimo_country_profile_scores,63.80753253946275,63.58040409631885,64.03323363437521,6,723,51.7912445940905,50.39518363144533,53.22015249138536,44.49014907166754,51.09321411276791,51.09321411276791,44.49014907166754,53.22015249138536,44.49014907166754,53.22015249138536,8.730003419717825,30.837198667533,66.08013317092724,35.24293450339424,C_monitor_and_test,"{""academic_fit"": 44.49014907166754, ""balanced"": 51.7912445940905, ""labor_market"": 53.22015249138536, ""recruitment"": 50.39518363144533}","{""academic_fit"": 33.40635170953698, ""balanced"": 36.30287168673528, ""labor_market"": 41.57278952783528, ""recruitment"": 30.837198667533}","{""academic_fit"": 52.020686350540956, ""balanced"": 62.95208159237271, ""labor_market"": 61.026856260442464, ""recruitment"": 66.08013317092724}","{""academic_fit"": {""country_opportunity"": 0.25, ""friendliness"": 0.15, ""labor_demand"": 0.15, ""program_fit"": 0.45}, ""balanced"": {""country_opportunity"": 0.3, ""friendliness"": 0.2, ""labor_demand"": 0.3, ""program_fit"": 0.2}, ""labor_market"": {""country_opportunity"": 0.2, ""friendliness"": 0.15, ""labor_demand"": 0.45, ""program_fit"": 0.2}, ""recruitment"": {""country_opportunity"": 0.4, ""friendliness"": 0.3, ""labor_demand"": 0.1, ""program_fit"": 0.2}}",uncertainty_adjusted_management_priority_index_not_predicted_student_count,not_identified_ex_ante,,,,"incremental qualified applications, offers and enrolments attributable to the recruitment intervention",requires_prospective_campaign_evaluation,24,pre_registered_country_program_campaign_with_matched_comparison_or_stepped_wedge_rollout,qualified_leads;applications;offers;enrolments;yield;cost_per_enrolment,relative_record_level_program_demand_not_search_totals,ppml_russia_inbound_structural_allocation_v3;friendliness_receptivity_ex_ante_v4;trudvsem_program_demand_v5;mgimo_program_profiles,calculated_uncertainty_aware_scenario_ensemble_v5,targeted_digital_campaign_with_local_partner_validation,134,130.0,172.0,114.0,147.0,114.0,172.0,58.0,723,29046,0.024891551332369345
country_program_priority_evidence_v5,BLR,Belarus,Europe & Central Asia,management_public,management_public,Управление и государственная политика,russian_or_bilingual_russian_english,CLDR indicates a material functional Russian-language environment.,30445.19890863655,30445.19890863655,6973.544032391695,27907.71738493421,62381.01638589323,1.0,1.0,9369.0,2023,40657.59366868813,40657.59366868813,10212.394760051584,100.0,100.0,100.0,100.0,point_score multiplied by probability of positive structural gap,68.04837138372176,48.048371383721744,88.04837138372174,0.6,limited,False,42.33135253957809,"{""diplomatic_analytic"": 0.4456061003463963, ""economic_legal"": 0.3898746629698579}",calculated_from_existing_mgimo_country_profile_scores,22.16559633027523,21.459607571000703,22.88853092188952,5,89,50.30593445246894,65.01267039761606,41.11080055219455,51.751092039212395,51.02851324584067,51.02851324584067,41.11080055219455,65.01267039761606,41.11080055219455,65.01267039761606,23.901869845421515,38.51483240765162,70.38406785985231,31.86923545220069,C_monitor_and_test,"{""academic_fit"": 51.751092039212395, ""balanced"": 50.30593445246894, ""labor_market"": 41.11080055219455, ""recruitment"": 65.01267039761606}","{""academic_fit"": 48.935495855700175, ""balanced"": 46.545859561486274, ""labor_market"": 38.51483240765162, ""recruitment"": 58.49183128124588}","{""academic_fit"": 54.012253037681255, ""balanced"": 53.42167690692985, ""labor_market"": 43.30444693716646, ""recruitment"": 70.38406785985231}","{""academic_fit"": {""country_opportunity"": 0.25, ""friendliness"": 0.15, ""labor_demand"": 0.15, ""program_fit"": 0.45}, ""balanced"": {""country_opportunity"": 0.3, ""friendliness"": 0.2, ""labor_demand"": 0.3, ""program_fit"": 0.2}, ""labor_market"": {""country_opportunity"": 0.2, ""friendliness"": 0.15, ""labor_demand"": 0.45, ""program_fit"": 0.2}, ""recruitment"": {""country_opportunity"": 0.4, ""friendliness"": 0.3, ""labor_demand"": 0.1, ""program_fit"": 0.2}}",uncertainty_adjusted_management_priority_index_not_predicted_student_count,not_identified_ex_ante,,,,"incremental qualified applications, offers and enrolments attributable to the recruitment intervention",requires_prospective_campaign_evaluation,24,pre_registered_country_program_campaign_with_matched_comparison_or_stepped_wedge_rollout,qualified_leads;applications;offers;enrolments;yield;cost_per_enrolment,relative_record_level_program_demand_not_search_totals,ppml_russia_inbound_structural_allocation_v3;friendliness_receptivity_ex_ante_v4;trudvsem_program_demand_v5;mgimo_program_profiles,calculated_uncertainty_aware_scenario_ensemble_v5,russian_language_track_alumni_and_school_network,135,150.0,58.0,214.0,92.0,58.0,214.0,156.0,89,29046,0.003064105212421676
country_program_priority_evidence_v5,PNG,Papua New Guinea,East Asia & Pacific,international_economics,international_economics,Международная экономика и ВЭД,english_with_optional_russian_preparatory_module,CLDR indicates a material functional English-language environment.,25.18320045950377,25.18320045950377,2.443868362542755,21.8512763431776,137.80922318967646,0.9983333333333332,0.0,0.0,2023,26.80631140168923,26.80631140168923,1.6231109421854624,46.82942086685528,46.75137183207718,17.735666735589938,70.75218696096665,point_score multiplied by probability of positive structural gap,58.32402005653885,30.82402005653885,85.82402005653886,0.45,limited,False,37.76887474592143,"{""economic_legal"": 0.3008633735560228, ""energy_logistics"": 0.6081648691687889}",calculated_from_existing_mgimo_country_profile_scores,63.80753253946275,63.58040409631885,64.03323363437521,6,723,51.90447251412071,49.90008979045181,53.75124041318736,46.55549370269302,50.902281152286264,50.902281152286264,46.55549370269302,53.75124041318736,46.55549370269302,53.75124041318736,7.1957467104943404,28.462924064016278,65.85895334185385,37.39602927783757,C_monitor_and_test,"{""academic_fit"": 46.55549370269302, ""balanced"": 51.90447251412071, ""labor_market"": 53.75124041318736, ""recruitment"": 49.90008979045181}","{""academic_fit"": 33.54221375213898, ""balanced"": 34.57460654313369, ""labor_market"": 40.53850168942743, ""recruitment"": 28.462924064016278}","{""academic_fit"": 54.60358231781488, ""balanced"": 63.3569687824933, ""labor_market"": 61.83711002030622, ""recruitment"": 65.85895334185385}","{""academic_fit"": {""country_opportunity"": 0.25, ""friendliness"": 0.15, ""labor_demand"": 0.15, ""program_fit"": 0.45}, ""balanced"": {""country_opportunity"": 0.3, ""friendliness"": 0.2, ""labor_demand"": 0.3, ""program_fit"": 0.2}, ""labor_market"": {""country_opportunity"": 0.2, ""friendliness"": 0.15, ""labor_demand"": 0.45, ""program_fit"": 0.2}, ""recruitment"": {""country_opportunity"": 0.4, ""friendliness"": 0.3, ""labor_demand"": 0.1, ""program_fit"": 0.2}}",uncertainty_adjusted_management_priority_index_not_predicted_student_count,not_identified_ex_ante,,,,"incremental qualified applications, offers and enrolments attributable to the recruitment intervention",requires_prospective_campaign_evaluation,24,pre_registered_country_program_campaign_with_matched_comparison_or_stepped_wedge_rollout,qualified_leads;applications;offers;enrolments;yield;cost_per_enrolment,relative_record_level_program_demand_not_search_totals,ppml_russia_inbound_structural_allocation_v3;friendliness_receptivity_ex_ante_v4;trudvsem_program_demand_v5;mgimo_program_profiles,calculated_uncertainty_aware_scenario_ensemble_v5,targeted_digital_campaign_with_local_partner_validation,136,129.0,177.0,110.0,133.0,110.0,177.0,67.0,723,29046,0.024891551332369345
country_program_priority_evidence_v5,SLB,Solomon Islands,East Asia & Pacific,digital_analytics,digital_analytics,Цифровая аналитика и Data/AI,english_with_optional_russian_preparatory_module,CLDR indicates a material functional English-language environment.,28.254208583079443,28.254208583079443,3.3084598312829843,25.323468557890585,167.42941979665304,1.0,0.0,0.0,2023,28.254208583079443,28.254208583079443,0.0,48.420064074677036,48.420064074677036,20.948136810847565,73.52622850777395,point_score multiplied by probability of positive structural gap,63.665778860050914,36.165778860050914,91.16577886005092,0.45,limited,False,24.753031472546922,"{""digital_finance_business_informatics"": 0.2426035313809478, ""economic_legal"": 0.2672374481035547}",calculated_from_existing_mgimo_country_profile_scores,80.99834319526626,80.86266231881814,84.12359954610515,6,1284,52.758411989230126,48.97658290833384,56.16146402366454,40.9920041605098,50.86749744878198,50.86749744878198,40.9920041605098,56.16146402366454,40.9920041605098,56.16146402366454,15.169459863154742,29.974705122085876,65.39041179012966,35.41570666804378,C_monitor_and_test,"{""academic_fit"": 40.9920041605098, ""balanced"": 52.758411989230126, ""labor_market"": 56.16146402366454, ""recruitment"": 48.97658290833384}","{""academic_fit"": 30.78826157944577, ""balanced"": 37.00138688575692, ""labor_market"": 43.907019217013996, ""recruitment"": 29.974705122085876}","{""academic_fit"": 48.17498910932637, ""balanced"": 64.78373375102674, ""labor_market"": 65.39041179012966, ""recruitment"": 64.43826858576476}","{""academic_fit"": {""country_opportunity"": 0.25, ""friendliness"": 0.15, ""labor_demand"": 0.15, ""program_fit"": 0.45}, ""balanced"": {""country_opportunity"": 0.3, ""friendliness"": 0.2, ""labor_demand"": 0.3, ""program_fit"": 0.2}, ""labor_market"": {""country_opportunity"": 0.2, ""friendliness"": 0.15, ""labor_demand"": 0.45, ""program_fit"": 0.2}, ""recruitment"": {""country_opportunity"": 0.4, ""friendliness"": 0.3, ""labor_demand"": 0.1, ""program_fit"": 0.2}}",uncertainty_adjusted_management_priority_index_not_predicted_student_count,not_identified_ex_ante,,,,"incremental qualified applications, offers and enrolments attributable to the recruitment intervention",requires_prospective_campaign_evaluation,24,pre_registered_country_program_campaign_with_matched_comparison_or_stepped_wedge_rollout,qualified_leads;applications;offers;enrolments;yield;cost_per_enrolment,relative_record_level_program_demand_not_search_totals,ppml_russia_inbound_structural_allocation_v3;friendliness_receptivity_ex_ante_v4;trudvsem_program_demand_v5;mgimo_program_profiles,calculated_uncertainty_aware_scenario_ensemble_v5,employer_linked_program_campaign_and_case_competitions,137,121.0,187.0,90.0,187.0,90.0,187.0,97.0,1284,29046,0.04420574261516216
country_program_priority_evidence_v5,THA,Thailand,East Asia & Pacific,management_public,management_public,Управление и государственная политика,english_with_optional_russian_preparatory_module,CLDR indicates a material functional English-language environment.,222.9823261229627,222.9823261229627,-35.88656602940428,196.96835921580677,897.5067334467701,0.915,0.12,130.0,2023,362.2327664029911,362.2327664029911,139.25044028002836,77.61451665790797,71.0172827419858,0.0,97.53841789027449,point_score multiplied by probability of positive structural gap,63.36552884934288,35.86552884934287,90.86552884934288,0.45,limited,False,57.760970837214956,"{""diplomatic_analytic"": 0.5706719830606207, ""economic_legal"": 0.5880162963394429}",calculated_from_existing_mgimo_country_profile_scores,22.16559633027523,21.459607571000703,22.88853092188952,5,89,47.633352819844035,59.095098678269956,40.40743976238328,53.96999353782758,50.801673178835806,50.801673178835806,40.40743976238328,59.095098678269956,40.40743976238328,59.095098678269956,18.68765891588668,9.00788380791901,74.76586648746803,65.75798267954902,C_monitor_and_test,"{""academic_fit"": 53.96999353782758, ""balanced"": 47.633352819844035, ""labor_market"": 40.40743976238328, ""recruitment"": 59.095098678269956}","{""academic_fit"": 16.961804534851783, ""balanced"": 11.701489884115045, ""labor_market"": 15.581901786750052, ""recruitment"": 9.00788380791901}","{""academic_fit"": 61.85450830383442, ""balanced"": 56.71075679949179, ""labor_market"": 46.01248319728599, ""recruitment"": 74.76586648746803}","{""academic_fit"": {""country_opportunity"": 0.25, ""friendliness"": 0.15, ""labor_demand"": 0.15, ""program_fit"": 0.45}, ""balanced"": {""country_opportunity"": 0.3, ""friendliness"": 0.2, ""labor_demand"": 0.3, ""program_fit"": 0.2}, ""labor_market"": {""country_opportunity"": 0.2, ""friendliness"": 0.15, ""labor_demand"": 0.45, ""program_fit"": 0.2}, ""recruitment"": {""country_opportunity"": 0.4, ""friendliness"": 0.3, ""labor_demand"": 0.1, ""program_fit"": 0.2}}",uncertainty_adjusted_management_priority_index_not_predicted_student_count,not_identified_ex_ante,,,,"incremental qualified applications, offers and enrolments attributable to the recruitment intervention",requires_prospective_campaign_evaluation,24,pre_registered_country_program_campaign_with_matched_comparison_or_stepped_wedge_rollout,qualified_leads;applications;offers;enrolments;yield;cost_per_enrolment,relative_record_level_program_demand_not_search_totals,ppml_russia_inbound_structural_allocation_v3;friendliness_receptivity_ex_ante_v4;trudvsem_program_demand_v5;mgimo_program_profiles,calculated_uncertainty_aware_scenario_ensemble_v5,targeted_digital_campaign_with_local_partner_validation,138,181.0,103.0,216.0,78.0,78.0,216.0,138.0,89,29046,0.003064105212421676
country_program_priority_evidence_v5,MWI,Malawi,Sub-Saharan Africa,digital_analytics,digital_analytics,Цифровая аналитика и Data/AI,english_with_optional_russian_preparatory_module,CLDR indicates a material functional English-language environment.,175.3896349696009,175.3896349696009,37.56691793470767,168.62297920994422,485.4957056478792,1.0,0.1033333333333333,23.0,2023,205.4552574583104,205.4552574583104,30.06562248870947,74.18853744953509,74.18853744953509,52.383875876972816,88.73930663135795,point_score multiplied by probability of positive structural gap,61.02799195229347,33.52799195229347,88.52799195229348,0.45,limited,False,11.918578295445535,"{""digital_finance_business_informatics"": 0.1099156711912838, ""economic_legal"": 0.1562662300071415}",calculated_from_existing_mgimo_country_profile_scores,80.99834319526626,80.86266231881814,84.12359954610515,6,1284,51.69233251316139,49.83552636946286,52.87523871454093,33.16821349061356,50.76392944131213,50.76392944131213,33.16821349061356,52.87523871454093,33.16821349061356,52.87523871454093,19.707025223927367,27.87830431317289,59.93869808712279,32.0603937739499,C_monitor_and_test,"{""academic_fit"": 33.16821349061356, ""balanced"": 51.69233251316139, ""labor_market"": 52.87523871454093, ""recruitment"": 49.83552636946286}","{""academic_fit"": 27.87830431317289, ""balanced"": 41.46719174243002, ""labor_market"": 45.18745980082783, ""recruitment"": 36.44564112050627}","{""academic_fit"": 36.835981987501654, ""balanced"": 59.32300556320869, ""labor_market"": 58.86192079942006, ""recruitment"": 59.93869808712279}","{""academic_fit"": {""country_opportunity"": 0.25, ""friendliness"": 0.15, ""labor_demand"": 0.15, ""program_fit"": 0.45}, ""balanced"": {""country_opportunity"": 0.3, ""friendliness"": 0.2, ""labor_demand"": 0.3, ""program_fit"": 0.2}, ""labor_market"": {""country_opportunity"": 0.2, ""friendliness"": 0.15, ""labor_demand"": 0.45, ""program_fit"": 0.2}, ""recruitment"": {""country_opportunity"": 0.4, ""friendliness"": 0.3, ""labor_demand"": 0.1, ""program_fit"": 0.2}}",uncertainty_adjusted_management_priority_index_not_predicted_student_count,not_identified_ex_ante,,,,"incremental qualified applications, offers and enrolments attributable to the recruitment intervention",requires_prospective_campaign_evaluation,24,pre_registered_country_program_campaign_with_matched_comparison_or_stepped_wedge_rollout,qualified_leads;applications;offers;enrolments;yield;cost_per_enrolment,relative_record_level_program_demand_not_search_totals,ppml_russia_inbound_structural_allocation_v3;friendliness_receptivity_ex_ante_v4;trudvsem_program_demand_v5;mgimo_program_profiles,calculated_uncertainty_aware_scenario_ensemble_v5,employer_linked_program_campaign_and_case_competitions,139,131.0,178.0,115.0,254.0,115.0,254.0,139.0,1284,29046,0.04420574261516216
country_program_priority_evidence_v5,TLS,Timor-Leste,East Asia & Pacific,languages_regional,languages_regional,Иностранные языки и регионоведение,english_plus_russian_preparatory_year_plus_target_region_language,No broad Russian or English functional-language signal is available in CLDR.,27.276727630199744,27.276727630199744,4.729599494410095,24.74277943719952,119.73734598660552,1.0,0.0,0.0,2023,27.40775645015645,27.40775645015645,0.1310288199567067,47.932649446427455,47.932649446427455,25.03663694678516,68.75167479870697,point_score multiplied by probability of positive structural gap,62.59343089263013,35.09343089263013,90.09343089263014,0.45,limited,False,40.05008271870204,"{""diplomatic_analytic"": 0.4012308943588184, ""economic_legal"": 0.3975805584998281}",calculated_from_existing_mgimo_country_profile_scores,52.68428650749584,48.864850295110166,52.853722353772,5,542,50.682456899796456,51.07275921724689,50.72292055138462,47.2126678344096,50.702688725590534,50.702688725590534,47.2126678344096,51.07275921724689,47.2126678344096,51.07275921724689,3.8600913828372896,33.23405163691877,65.5738948592493,32.33984322233052,C_monitor_and_test,"{""academic_fit"": 47.2126678344096, ""balanced"": 50.682456899796456, ""labor_market"": 50.72292055138462, ""recruitment"": 51.07275921724689}","{""academic_fit"": 36.63106685580469, ""balanced"": 36.63033486200585, ""labor_market"": 39.72648768594305, ""recruitment"": 33.23405163691877}","{""academic_fit"": 54.47083347611327, ""balanced"": 60.6275412068602, ""labor_market"": 57.54697473637933, ""recruitment"": 65.5738948592493}","{""academic_fit"": {""country_opportunity"": 0.25, ""friendliness"": 0.15, ""labor_demand"": 0.15, ""program_fit"": 0.45}, ""balanced"": {""country_opportunity"": 0.3, ""friendliness"": 0.2, ""labor_demand"": 0.3, ""program_fit"": 0.2}, ""labor_market"": {""country_opportunity"": 0.2, ""friendliness"": 0.15, ""labor_demand"": 0.45, ""program_fit"": 0.2}, ""recruitment"": {""country_opportunity"": 0.4, ""friendliness"": 0.3, ""labor_demand"": 0.1, ""program_fit"": 0.2}}",uncertainty_adjusted_management_priority_index_not_predicted_student_count,not_identified_ex_ante,,,,"incremental qualified applications, offers and enrolments attributable to the recruitment intervention",requires_prospective_campaign_evaluation,24,pre_registered_country_program_campaign_with_matched_comparison_or_stepped_wedge_rollout,qualified_leads;applications;offers;enrolments;yield;cost_per_enrolment,relative_record_level_program_demand_not_search_totals,ppml_russia_inbound_structural_allocation_v3;friendliness_receptivity_ex_ante_v4;trudvsem_program_demand_v5;mgimo_program_profiles,calculated_uncertainty_aware_scenario_ensemble_v5,targeted_digital_campaign_with_local_partner_validation,140,147.0,161.0,135.0,126.0,126.0,161.0,35.0,542,29046,0.018660056462163465
country_program_priority_evidence_v5,LSO,Lesotho,Sub-Saharan Africa,languages_regional,languages_regional,Иностранные языки и регионоведение,english_with_optional_russian_preparatory_module_plus_target_region_language,CLDR indicates a material functional English-language environment.,52.13806068218432,52.13806068218432,16.867746505360522,48.154089086847904,117.87455280311232,1.0,0.0,4.0,2023,54.347518188702765,54.347518188702765,2.2094575065184467,56.98057440198765,56.98057440198765,41.34891601105692,68.52866963964306,point_score multiplied by probability of positive structural gap,63.89362799810429,36.39362799810429,91.3936279981043,0.45,limited,False,31.34465938895712,"{""diplomatic_analytic"": 0.3109530097338055, ""economic_legal"": 0.3234209305126337}",calculated_from_existing_mgimo_country_profile_scores,52.68428650749584,48.864850295110166,52.853722353772,5,542,51.052670370634004,52.43212785352471,50.18306547492484,44.38311734499775,50.617867922779425,50.617867922779425,44.38311734499775,52.43212785352471,44.38311734499775,52.43212785352471,8.049010508526962,37.35847856586341,62.70741374402316,25.34893517815975,C_monitor_and_test,"{""academic_fit"": 44.38311734499775, ""balanced"": 51.052670370634004, ""labor_market"": 50.18306547492484, ""recruitment"": 52.43212785352471}","{""academic_fit"": 37.35847856586341, ""balanced"": 40.699559486545354, ""labor_market"": 41.96959482810028, ""recruitment"": 38.90404822411412}","{""academic_fit"": 48.99586510103518, ""balanced"": 57.9137171613127, ""labor_market"": 54.949697610049455, ""recruitment"": 62.70741374402316}","{""academic_fit"": {""country_opportunity"": 0.25, ""friendliness"": 0.15, ""labor_demand"": 0.15, ""program_fit"": 0.45}, ""balanced"": {""country_opportunity"": 0.3, ""friendliness"": 0.2, ""labor_demand"": 0.3, ""program_fit"": 0.2}, ""labor_market"": {""country_opportunity"": 0.2, ""friendliness"": 0.15, ""labor_demand"": 0.45, ""program_fit"": 0.2}, ""recruitment"": {""country_opportunity"": 0.4, ""friendliness"": 0.3, ""labor_demand"": 0.1, ""program_fit"": 0.2}}",uncertainty_adjusted_management_priority_index_not_predicted_student_count,not_identified_ex_ante,,,,"incremental qualified applications, offers and enrolments attributable to the recruitment intervention",requires_prospective_campaign_evaluation,24,pre_registered_country_program_campaign_with_matched_comparison_or_stepped_wedge_rollout,qualified_leads;applications;offers;enrolments;yield;cost_per_enrolment,relative_record_level_program_demand_not_search_totals,ppml_russia_inbound_structural_allocation_v3;friendliness_receptivity_ex_ante_v4;trudvsem_program_demand_v5;mgimo_program_profiles,calculated_uncertainty_aware_scenario_ensemble_v5,targeted_digital_campaign_with_local_partner_validation,141,141.0,145.0,138.0,149.0,138.0,149.0,11.0,542,29046,0.018660056462163465
country_program_priority_evidence_v5,BRN,Brunei Darussalam,East Asia & Pacific,legal_public,legal_public,Международное право и комплаенс,english_plus_russian_preparatory_year,No broad Russian or English functional-language signal is available in CLDR.,27.68292137188877,27.68292137188877,1.6687296160728595,24.97722746958047,147.35972419963497,0.9916666666666668,0.0,5.0,2023,30.898809810727528,30.898809810727528,3.2158884388387574,48.13721061073633,47.7360671889802,14.078474158191256,71.70651739694688,point_score multiplied by probability of positive structural gap,63.74656018971629,36.24656018971629,91.24656018971628,0.45,limited,False,59.95216882506791,"{""diplomatic_analytic"": 0.5408859491804724, ""economic_legal"": 0.6246512907093391}",calculated_from_existing_mgimo_country_profile_scores,33.810526315789474,33.51626038781164,34.93637368711995,5,363,48.282318879680325,53.131578683595784,45.25836132929297,52.94506226584026,50.61369057276029,50.61369057276029,45.25836132929297,53.131578683595784,45.25836132929297,53.131578683595784,7.873217354302817,28.12856923272577,69.55754977859857,41.428980545872804,C_monitor_and_test,"{""academic_fit"": 52.94506226584026, ""balanced"": 48.282318879680325, ""labor_market"": 45.25836132929297, ""recruitment"": 53.131578683595784}","{""academic_fit"": 36.29773995176741, ""balanced"": 30.325504379165054, ""labor_market"": 32.81871293996313, ""recruitment"": 28.12856923272577}","{""academic_fit"": 61.9997231364918, ""balanced"": 58.992767843159896, ""labor_market"": 52.44741252952655, ""recruitment"": 69.55754977859857}","{""academic_fit"": {""country_opportunity"": 0.25, ""friendliness"": 0.15, ""labor_demand"": 0.15, ""program_fit"": 0.45}, ""balanced"": {""country_opportunity"": 0.3, ""friendliness"": 0.2, ""labor_demand"": 0.3, ""program_fit"": 0.2}, ""labor_market"": {""country_opportunity"": 0.2, ""friendliness"": 0.15, ""labor_demand"": 0.45, ""program_fit"": 0.2}, ""recruitment"": {""country_opportunity"": 0.4, ""friendliness"": 0.3, ""labor_demand"": 0.1, ""program_fit"": 0.2}}",uncertainty_adjusted_management_priority_index_not_predicted_student_count,not_identified_ex_ante,,,,"incremental qualified applications, offers and enrolments attributable to the recruitment intervention",requires_prospective_campaign_evaluation,24,pre_registered_country_program_campaign_with_matched_comparison_or_stepped_wedge_rollout,qualified_leads;applications;offers;enrolments;yield;cost_per_enrolment,relative_record_level_program_demand_not_search_totals,ppml_russia_inbound_structural_allocation_v3;friendliness_receptivity_ex_ante_v4;trudvsem_program_demand_v5;mgimo_program_profiles,calculated_uncertainty_aware_scenario_ensemble_v5,targeted_digital_campaign_with_local_partner_validation,142,171.0,141.0,182.0,83.0,83.0,182.0,99.0,363,29046,0.012497417888865936
country_program_priority_evidence_v5,MWI,Malawi,Sub-Saharan Africa,international_economics,international_economics,Международная экономика и ВЭД,english_with_optional_russian_preparatory_module,CLDR indicates a material functional English-language environment.,175.3896349696009,175.3896349696009,37.56691793470767,168.62297920994422,485.4957056478792,1.0,0.1033333333333333,23.0,2023,205.4552574583104,205.4552574583104,30.06562248870947,74.18853744953509,74.18853744953509,52.383875876972816,88.73930663135795,point_score multiplied by probability of positive structural gap,61.02799195229347,33.52799195229347,88.52799195229348,0.45,limited,False,15.859931687627304,"{""economic_legal"": 0.1562662300071415, ""energy_logistics"": 0.1655985774836677}",calculated_from_existing_mgimo_country_profile_scores,63.80753253946275,63.58040409631885,64.03323363437521,6,723,50.80429976029747,51.33922499864867,50.16487599260756,36.09388510549357,50.484587876452515,50.484587876452515,36.09388510549357,51.33922499864867,36.09388510549357,51.33922499864867,15.245339893155098,30.328929285977697,61.53809674106755,31.20916745508985,C_monitor_and_test,"{""academic_fit"": 36.09388510549357, ""balanced"": 50.80429976029747, ""labor_market"": 50.16487599260756, ""recruitment"": 51.33922499864867}","{""academic_fit"": 30.328929285977697, ""balanced"": 40.73214778144336, ""labor_market"": 42.8354021184175, ""recruitment"": 37.53836056690938}","{""academic_fit"": 39.8816894395294, ""balanced"": 57.71344179538163, ""labor_market"": 54.998527719491705, ""recruitment"": 61.53809674106755}","{""academic_fit"": {""country_opportunity"": 0.25, ""friendliness"": 0.15, ""labor_demand"": 0.15, ""program_fit"": 0.45}, ""balanced"": {""country_opportunity"": 0.3, ""friendliness"": 0.2, ""labor_demand"": 0.3, ""program_fit"": 0.2}, ""labor_market"": {""country_opportunity"": 0.2, ""friendliness"": 0.15, ""labor_demand"": 0.45, ""program_fit"": 0.2}, ""recruitment"": {""country_opportunity"": 0.4, ""friendliness"": 0.3, ""labor_demand"": 0.1, ""program_fit"": 0.2}}",uncertainty_adjusted_management_priority_index_not_predicted_student_count,not_identified_ex_ante,,,,"incremental qualified applications, offers and enrolments attributable to the recruitment intervention",requires_prospective_campaign_evaluation,24,pre_registered_country_program_campaign_with_matched_comparison_or_stepped_wedge_rollout,qualified_leads;applications;offers;enrolments;yield;cost_per_enrolment,relative_record_level_program_demand_not_search_totals,ppml_russia_inbound_structural_allocation_v3;friendliness_receptivity_ex_ante_v4;trudvsem_program_demand_v5;mgimo_program_profiles,calculated_uncertainty_aware_scenario_ensemble_v5,targeted_digital_campaign_with_local_partner_validation,143,145.0,157.0,141.0,229.0,141.0,229.0,88.0,723,29046,0.024891551332369345
country_program_priority_evidence_v5,SSD,South Sudan,Sub-Saharan Africa,international_economics,international_economics,Международная экономика и ВЭД,english_with_optional_russian_preparatory_module,CLDR indicates a material functional English-language environment.,145.8038150289941,145.8038150289941,28.26935251219569,134.16265092865444,357.8963315639507,1.0,0.0333333333333333,30.0,2023,173.579507025386,173.579507025386,27.77569199639189,71.55530915802296,71.55530915802296,48.42748670334425,84.37644680315596,point_score multiplied by probability of positive structural gap,63.54932278500491,36.04932278500491,91.04932278500492,0.45,limited,False,15.969836615771666,"{""economic_legal"": 0.1735600364899294, ""energy_logistics"": 0.1181133551610784}",calculated_from_existing_mgimo_country_profile_scores,63.80753253946275,63.58040409631885,64.03323363437521,6,723,50.73187357766004,51.28754286388233,50.17220872141633,36.093454426139175,50.45204114953819,50.45204114953819,36.093454426139175,51.28754286388233,36.093454426139175,51.28754286388233,15.194088437743154,30.154897769939815,60.9072656914073,30.75236792146748,C_monitor_and_test,"{""academic_fit"": 36.093454426139175, ""balanced"": 50.73187357766004, ""labor_market"": 50.17220872141633, ""recruitment"": 51.28754286388233}","{""academic_fit"": 30.154897769939815, ""balanced"": 40.41950578760392, ""labor_market"": 42.68450469462244, ""recruitment"": 37.2259446798889}","{""academic_fit"": 39.66810779674463, ""balanced"": 57.24799823976814, ""labor_market"": 54.75146829527709, ""recruitment"": 60.9072656914073}","{""academic_fit"": {""country_opportunity"": 0.25, ""friendliness"": 0.15, ""labor_demand"": 0.15, ""program_fit"": 0.45}, ""balanced"": {""country_opportunity"": 0.3, ""friendliness"": 0.2, ""labor_demand"": 0.3, ""program_fit"": 0.2}, ""labor_market"": {""country_opportunity"": 0.2, ""friendliness"": 0.15, ""labor_demand"": 0.45, ""program_fit"": 0.2}, ""recruitment"": {""country_opportunity"": 0.4, ""friendliness"": 0.3, ""labor_demand"": 0.1, ""program_fit"": 0.2}}",uncertainty_adjusted_management_priority_index_not_predicted_student_count,not_identified_ex_ante,,,,"incremental qualified applications, offers and enrolments attributable to the recruitment intervention",requires_prospective_campaign_evaluation,24,pre_registered_country_program_campaign_with_matched_comparison_or_stepped_wedge_rollout,qualified_leads;applications;offers;enrolments;yield;cost_per_enrolment,relative_record_level_program_demand_not_search_totals,ppml_russia_inbound_structural_allocation_v3;friendliness_receptivity_ex_ante_v4;trudvsem_program_demand_v5;mgimo_program_profiles,calculated_uncertainty_aware_scenario_ensemble_v5,targeted_digital_campaign_with_local_partner_validation,144,146.0,158.0,140.0,230.0,140.0,230.0,90.0,723,29046,0.024891551332369345
country_program_priority_evidence_v5,BTN,Bhutan,South Asia,legal_public,legal_public,Международное право и комплаенс,english_plus_russian_preparatory_year,No broad Russian or English functional-language signal is available in CLDR.,140.10751376544923,140.10751376544923,27.40457878184346,132.0229178729953,521.452014387838,1.0,0.0633333333333333,0.0,2023,140.10751376544923,140.10751376544923,0.0,70.98771126558162,70.98771126558162,47.99735110755962,89.76198788555648,point_score multiplied by probability of positive structural gap,63.21573955610894,35.715739556108936,90.71573955610894,0.45,limited,False,42.54924074858373,"{""diplomatic_analytic"": 0.3911610876243805, ""economic_legal"": 0.4402058302836045}",calculated_from_existing_mgimo_country_profile_scores,33.810526315789474,33.51626038781164,34.93637368711995,5,363,50.663329591152205,57.92173945571969,45.69223540579767,50.11148744459625,50.38740851787423,50.38740851787423,45.69223540579767,57.92173945571969,45.69223540579767,57.92173945571969,12.22950404992202,38.75678892204345,70.94518577508761,32.18839685304416,C_monitor_and_test,"{""academic_fit"": 50.11148744459625, ""balanced"": 50.663329591152205, ""labor_market"": 45.69223540579767, ""recruitment"": 57.92173945571969}","{""academic_fit"": 41.80174809154676, ""balanced"": 40.26281183230279, ""labor_market"": 38.75678892204345, ""recruitment"": 41.95675021937511}","{""academic_fit"": 56.28499203932598, ""balanced"": 58.88368669121908, ""labor_market"": 51.216811416438134, ""recruitment"": 70.94518577508761}","{""academic_fit"": {""country_opportunity"": 0.25, ""friendliness"": 0.15, ""labor_demand"": 0.15, ""program_fit"": 0.45}, ""balanced"": {""country_opportunity"": 0.3, ""friendliness"": 0.2, ""labor_demand"": 0.3, ""program_fit"": 0.2}, ""labor_market"": {""country_opportunity"": 0.2, ""friendliness"": 0.15, ""labor_demand"": 0.45, ""program_fit"": 0.2}, ""recruitment"": {""country_opportunity"": 0.4, ""friendliness"": 0.3, ""labor_demand"": 0.1, ""program_fit"": 0.2}}",uncertainty_adjusted_management_priority_index_not_predicted_student_count,not_identified_ex_ante,,,,"incremental qualified applications, offers and enrolments attributable to the recruitment intervention",requires_prospective_campaign_evaluation,24,pre_registered_country_program_campaign_with_matched_comparison_or_stepped_wedge_rollout,qualified_leads;applications;offers;enrolments;yield;cost_per_enrolment,relative_record_level_program_demand_not_search_totals,ppml_russia_inbound_structural_allocation_v3;friendliness_receptivity_ex_ante_v4;trudvsem_program_demand_v5;mgimo_program_profiles,calculated_uncertainty_aware_scenario_ensemble_v5,targeted_digital_campaign_with_local_partner_validation,145,148.0,107.0,179.0,100.0,100.0,179.0,79.0,363,29046,0.012497417888865936
country_program_priority_evidence_v5,COK,Cook Islands,,digital_analytics,digital_analytics,Цифровая аналитика и Data/AI,english_with_optional_russian_preparatory_module,CLDR indicates a material functional English-language environment.,9.385047583606324,9.385047583606324,0.5712077375165258,9.19715385279822,81.51010851340784,0.99,0.0033333333333333,1.0,2023,10.252419450308777,10.252419450308777,0.8673718667024498,33.56633145335767,33.23066813882409,6.480507027515751,63.291594954977334,point_score multiplied by probability of positive structural gap,50.0,0.0,100.0,0.0,,,50.0,{},calculated_from_existing_mgimo_country_profile_scores,80.99834319526626,80.86266231881814,84.12359954610515,6,1284,51.662192426763376,45.1450743332445,57.73292321950861,49.07895844120593,50.370575433984655,50.370575433984655,45.1450743332445,57.73292321950861,45.1450743332445,57.73292321950861,12.587848886264112,7.552203120051228,73.78943728979638,66.23723416974515,C_monitor_and_test,"{""academic_fit"": 49.07895844120593, ""balanced"": 51.662192426763376, ""labor_market"": 57.73292321950861, ""recruitment"": 45.1450743332445}","{""academic_fit"": 18.60076662758483, ""balanced"": 14.903824620250331, ""labor_market"": 23.597582197602495, ""recruitment"": 7.552203120051228}","{""academic_fit"": 64.01466226040668, ""balanced"": 72.3632710566198, ""labor_market"": 73.78943728979638, ""recruitment"": 71.574076234745}","{""academic_fit"": {""country_opportunity"": 0.25, ""friendliness"": 0.15, ""labor_demand"": 0.15, ""program_fit"": 0.45}, ""balanced"": {""country_opportunity"": 0.3, ""friendliness"": 0.2, ""labor_demand"": 0.3, ""program_fit"": 0.2}, ""labor_market"": {""country_opportunity"": 0.2, ""friendliness"": 0.15, ""labor_demand"": 0.45, ""program_fit"": 0.2}, ""recruitment"": {""country_opportunity"": 0.4, ""friendliness"": 0.3, ""labor_demand"": 0.1, ""program_fit"": 0.2}}",uncertainty_adjusted_management_priority_index_not_predicted_student_count,not_identified_ex_ante,,,,"incremental qualified applications, offers and enrolments attributable to the recruitment intervention",requires_prospective_campaign_evaluation,24,pre_registered_country_program_campaign_with_matched_comparison_or_stepped_wedge_rollout,qualified_leads;applications;offers;enrolments;yield;cost_per_enrolment,relative_record_level_program_demand_not_search_totals,ppml_russia_inbound_structural_allocation_v3;friendliness_receptivity_ex_ante_v4;trudvsem_program_demand_v5;mgimo_program_profiles,calculated_uncertainty_aware_scenario_ensemble_v5,employer_linked_program_campaign_and_case_competitions,146,133.0,236.0,80.0,108.0,80.0,236.0,156.0,1284,29046,0.04420574261516216
country_program_priority_evidence_v5,BDI,Burundi,Sub-Saharan Africa,digital_analytics,digital_analytics,Цифровая аналитика и Data/AI,english_with_optional_russian_preparatory_module,CLDR indicates a material functional English-language environment.,115.83485200969926,115.83485200969926,-40.58184297189573,93.74825770443982,343.0268859657819,0.9016666666666666,0.0,132.0,2023,263.81046575474204,263.81046575474204,147.97561374504278,68.28044190972848,61.566198455271845,0.0,83.7695685415752,point_score multiplied by probability of positive structural gap,65.48109903285359,37.98109903285359,92.9810990328536,0.45,limited,False,14.689887123534826,"{""digital_finance_business_informatics"": 0.1559655102050078, ""economic_legal"": 0.1106323153567101}",calculated_from_existing_mgimo_country_profile_scores,80.99834319526626,80.86266231881814,84.12359954610515,6,1284,51.568640432591074,49.15055906147298,53.54113297992134,34.93558154378017,50.35959974703203,50.35959974703203,34.93558154378017,53.54113297992134,34.93558154378017,53.54113297992134,18.605551436141177,8.005111775286682,61.80387891067465,53.79876713538796,C_monitor_and_test,"{""academic_fit"": 34.93558154378017, ""balanced"": 51.568640432591074, ""labor_market"": 53.54113297992134, ""recruitment"": 49.15055906147298}","{""academic_fit"": 11.46300644149831, ""balanced"": 13.393656768054305, ""labor_market"": 21.59331603421054, ""recruitment"": 8.005111775286682}","{""academic_fit"": 39.92373028493648, ""balanced"": 61.220613829257275, ""labor_market"": 60.94374715312365, ""recruitment"": 61.80387891067465}","{""academic_fit"": {""country_opportunity"": 0.25, ""friendliness"": 0.15, ""labor_demand"": 0.15, ""program_fit"": 0.45}, ""balanced"": {""country_opportunity"": 0.3, ""friendliness"": 0.2, ""labor_demand"": 0.3, ""program_fit"": 0.2}, ""labor_market"": {""country_opportunity"": 0.2, ""friendliness"": 0.15, ""labor_demand"": 0.45, ""program_fit"": 0.2}, ""recruitment"": {""country_opportunity"": 0.4, ""friendliness"": 0.3, ""labor_demand"": 0.1, ""program_fit"": 0.2}}",uncertainty_adjusted_management_priority_index_not_predicted_student_count,not_identified_ex_ante,,,,"incremental qualified applications, offers and enrolments attributable to the recruitment intervention",requires_prospective_campaign_evaluation,24,pre_registered_country_program_campaign_with_matched_comparison_or_stepped_wedge_rollout,qualified_leads;applications;offers;enrolments;yield;cost_per_enrolment,relative_record_level_program_demand_not_search_totals,ppml_russia_inbound_structural_allocation_v3;friendliness_receptivity_ex_ante_v4;trudvsem_program_demand_v5;mgimo_program_profiles,calculated_uncertainty_aware_scenario_ensemble_v5,employer_linked_program_campaign_and_case_competitions,147,135.0,184.0,112.0,239.0,112.0,239.0,127.0,1284,29046,0.04420574261516216
country_program_priority_evidence_v5,MUS,Mauritius,Sub-Saharan Africa,languages_regional,languages_regional,Иностранные языки и регионоведение,english_with_optional_russian_preparatory_module_plus_target_region_language,CLDR indicates a material functional English-language environment.,11.452155161881828,11.452155161881828,-5.561774968025375,8.604600126865996,53.16870874084784,0.82,0.0,13.0,2023,24.36121811949668,24.36121811949668,12.909062957614852,36.16984808379602,29.659275428712736,0.0,57.25609021239519,point_score multiplied by probability of positive structural gap,63.15330448715646,35.65330448715646,90.65330448715648,0.45,limited,False,66.36477959570148,"{""diplomatic_analytic"": 0.6493061715697352, ""economic_legal"": 0.7210142935061333}",calculated_from_existing_mgimo_country_profile_scores,52.68428650749584,48.864850295110166,52.853722353772,5,542,48.72274329069253,46.896495265204365,51.0730354690095,52.562236070321774,49.89788937985101,49.89788937985101,46.896495265204365,52.562236070321774,46.896495265204365,52.562236070321774,5.665740805117409,10.008721323743686,67.49440132701233,57.48568000326864,C_monitor_and_test,"{""academic_fit"": 52.562236070321774, ""balanced"": 48.72274329069253, ""labor_market"": 51.0730354690095, ""recruitment"": 46.896495265204365}","{""academic_fit"": 20.312322174641565, ""balanced"": 15.259004027439838, ""labor_market"": 22.90813368419359, ""recruitment"": 10.008721323743686}","{""academic_fit"": 65.13483838426473, ""balanced"": 63.498278123338345, ""labor_market"": 61.34833324168456, ""recruitment"": 67.49440132701233}","{""academic_fit"": {""country_opportunity"": 0.25, ""friendliness"": 0.15, ""labor_demand"": 0.15, ""program_fit"": 0.45}, ""balanced"": {""country_opportunity"": 0.3, ""friendliness"": 0.2, ""labor_demand"": 0.3, ""program_fit"": 0.2}, ""labor_market"": {""country_opportunity"": 0.2, ""friendliness"": 0.15, ""labor_demand"": 0.45, ""program_fit"": 0.2}, ""recruitment"": {""country_opportunity"": 0.4, ""friendliness"": 0.3, ""labor_demand"": 0.1, ""program_fit"": 0.2}}",uncertainty_adjusted_management_priority_index_not_predicted_student_count,not_identified_ex_ante,,,,"incremental qualified applications, offers and enrolments attributable to the recruitment intervention",requires_prospective_campaign_evaluation,24,pre_registered_country_program_campaign_with_matched_comparison_or_stepped_wedge_rollout,qualified_leads;applications;offers;enrolments;yield;cost_per_enrolment,relative_record_level_program_demand_not_search_totals,ppml_russia_inbound_structural_allocation_v3;friendliness_receptivity_ex_ante_v4;trudvsem_program_demand_v5;mgimo_program_profiles,calculated_uncertainty_aware_scenario_ensemble_v5,targeted_digital_campaign_with_local_partner_validation,148,163.0,212.0,129.0,87.0,87.0,212.0,125.0,542,29046,0.018660056462163465
country_program_priority_evidence_v5,GMB,Gambia,Sub-Saharan Africa,international_economics,international_economics,Международная экономика и ВЭД,english_with_optional_russian_preparatory_module,CLDR indicates a material functional English-language environment.,42.69652363829757,42.69652363829757,-6.985566264527495,37.18342520940964,120.03035160888244,0.9383333333333334,0.0,47.0,2023,85.65008599969663,85.65008599969663,42.95356236139906,54.17485631691724,50.83407351070735,0.0,68.7864386427658,point_score multiplied by probability of positive structural gap,63.188717482898525,35.688717482898525,90.68871748289853,0.45,limited,False,26.43680755137251,"{""economic_legal"": 0.2393378489427103, ""energy_logistics"": 0.3394587552267694}",calculated_from_existing_mgimo_country_profile_scores,63.80753253946275,63.58040409631885,64.03323363437521,6,723,50.43236438580545,49.271029400724515,51.59631475126461,41.157141002862325,49.851696893264986,49.851696893264986,41.157141002862325,51.59631475126461,41.157141002862325,51.59631475126461,10.439173748402283,8.584503392534074,61.78201381746787,53.197510424933796,C_monitor_and_test,"{""academic_fit"": 41.157141002862325, ""balanced"": 50.43236438580545, ""labor_market"": 51.59631475126461, ""recruitment"": 49.271029400724515}","{""academic_fit"": 14.096903577311828, ""balanced"": 13.781042598936907, ""labor_market"": 21.50654080384855, ""recruitment"": 8.584503392534074}","{""academic_fit"": 46.793893454528515, ""balanced"": 59.27621118613128, ""labor_market"": 57.85725706639686, ""recruitment"": 61.78201381746787}","{""academic_fit"": {""country_opportunity"": 0.25, ""friendliness"": 0.15, ""labor_demand"": 0.15, ""program_fit"": 0.45}, ""balanced"": {""country_opportunity"": 0.3, ""friendliness"": 0.2, ""labor_demand"": 0.3, ""program_fit"": 0.2}, ""labor_market"": {""country_opportunity"": 0.2, ""friendliness"": 0.15, ""labor_demand"": 0.45, ""program_fit"": 0.2}, ""recruitment"": {""country_opportunity"": 0.4, ""friendliness"": 0.3, ""labor_demand"": 0.1, ""program_fit"": 0.2}}",uncertainty_adjusted_management_priority_index_not_predicted_student_count,not_identified_ex_ante,,,,"incremental qualified applications, offers and enrolments attributable to the recruitment intervention",requires_prospective_campaign_evaluation,24,pre_registered_country_program_campaign_with_matched_comparison_or_stepped_wedge_rollout,qualified_leads;applications;offers;enrolments;yield;cost_per_enrolment,relative_record_level_program_demand_not_search_totals,ppml_russia_inbound_structural_allocation_v3;friendliness_receptivity_ex_ante_v4;trudvsem_program_demand_v5;mgimo_program_profiles,calculated_uncertainty_aware_scenario_ensemble_v5,targeted_digital_campaign_with_local_partner_validation,149,149.0,183.0,125.0,185.0,125.0,185.0,60.0,723,29046,0.024891551332369345
country_program_priority_evidence_v5,DJI,Djibouti,Middle East & North Africa,management_public,management_public,Управление и государственная политика,english_plus_russian_preparatory_year,No broad Russian or English functional-language signal is available in CLDR.,239.3738803499215,239.3738803499215,50.49768958489623,219.4528350835213,743.5658002040125,1.0,0.1883333333333333,25.0,2023,271.619502406588,271.619502406588,32.24562205666646,78.62749291035662,78.62749291035662,56.530848916296335,94.84302000290357,point_score multiplied by probability of positive structural gap,63.19730844112152,35.69730844112152,90.69730844112152,0.45,limited,False,49.91693414084645,"{""diplomatic_analytic"": 0.4616249440057987, ""economic_legal"": 0.5554859375124632}",calculated_from_existing_mgimo_country_profile_scores,22.16559633027523,21.459607571000703,22.88853092188952,5,89,47.67891866726558,59.73318699235372,40.047072564207554,51.8664403507926,49.77267950902909,49.77267950902909,40.047072564207554,59.73318699235372,40.047072564207554,59.73318699235372,19.68611442814617,34.02963863754537,71.81268948920936,37.783050851663994,C_monitor_and_test,"{""academic_fit"": 51.8664403507926, ""balanced"": 47.67891866726558, ""labor_market"": 40.047072564207554, ""recruitment"": 59.73318699235372}","{""academic_fit"": 43.76705136920176, ""balanced"": 38.31499750579797, ""labor_market"": 34.02963863754537, ""recruitment"": 44.212173775039034}","{""academic_fit"": 57.5756253676337, ""balanced"": 54.6320343436489, ""labor_market"": 44.453085488684415, ""recruitment"": 71.81268948920936}","{""academic_fit"": {""country_opportunity"": 0.25, ""friendliness"": 0.15, ""labor_demand"": 0.15, ""program_fit"": 0.45}, ""balanced"": {""country_opportunity"": 0.3, ""friendliness"": 0.2, ""labor_demand"": 0.3, ""program_fit"": 0.2}, ""labor_market"": {""country_opportunity"": 0.2, ""friendliness"": 0.15, ""labor_demand"": 0.45, ""program_fit"": 0.2}, ""recruitment"": {""country_opportunity"": 0.4, ""friendliness"": 0.3, ""labor_demand"": 0.1, ""program_fit"": 0.2}}",uncertainty_adjusted_management_priority_index_not_predicted_student_count,not_identified_ex_ante,,,,"incremental qualified applications, offers and enrolments attributable to the recruitment intervention",requires_prospective_campaign_evaluation,24,pre_registered_country_program_campaign_with_matched_comparison_or_stepped_wedge_rollout,qualified_leads;applications;offers;enrolments;yield;cost_per_enrolment,relative_record_level_program_demand_not_search_totals,ppml_russia_inbound_structural_allocation_v3;friendliness_receptivity_ex_ante_v4;trudvsem_program_demand_v5;mgimo_program_profiles,calculated_uncertainty_aware_scenario_ensemble_v5,targeted_digital_campaign_with_local_partner_validation,150,180.0,99.0,220.0,91.0,91.0,220.0,129.0,89,29046,0.003064105212421676
country_program_priority_evidence_v5,PRK,"Korea, Democratic People's Republic of",East Asia & Pacific,legal_public,legal_public,Международное право и комплаенс,english_plus_russian_preparatory_year,No broad Russian or English functional-language signal is available in CLDR.,1024.2065489485078,1024.2065489485078,-0.7712516888885251,905.376511203234,5975.747172344155,0.9733333333333334,0.8183333333333334,136.0,2023,1150.3121619755332,1150.3121619755332,126.10561302702531,99.43038981322665,96.77891275154062,0.0,100.0,point_score multiplied by probability of positive structural gap,70.01277546029631,42.51277546029631,97.51277546029633,0.45,limited,False,29.307422047455155,"{""diplomatic_analytic"": 0.2321922815896271, ""economic_legal"": 0.3191664799966621}",calculated_from_existing_mgimo_country_profile_scores,33.810526315789474,33.51626038781164,34.93637368711995,5,363,52.70386450829003,62.75647076005829,45.86777830199514,46.65455347671267,49.67920899250135,49.67920899250135,45.86777830199514,62.75647076005829,45.86777830199514,62.75647076005829,16.888692458063154,8.657167789905024,70.35875834062513,61.701590550720105,C_monitor_and_test,"{""academic_fit"": 46.65455347671267, ""balanced"": 52.70386450829003, ""labor_market"": 45.86777830199514, ""recruitment"": 62.75647076005829}","{""academic_fit"": 13.768028398532747, ""balanced"": 12.053659073384106, ""labor_market"": 16.978199206951512, ""recruitment"": 8.657167789905024}","{""academic_fit"": 49.63751588498877, ""balanced"": 57.36455433273518, ""labor_market"": 49.188887056308396, ""recruitment"": 70.35875834062513}","{""academic_fit"": {""country_opportunity"": 0.25, ""friendliness"": 0.15, ""labor_demand"": 0.15, ""program_fit"": 0.45}, ""balanced"": {""country_opportunity"": 0.3, ""friendliness"": 0.2, ""labor_demand"": 0.3, ""program_fit"": 0.2}, ""labor_market"": {""country_opportunity"": 0.2, ""friendliness"": 0.15, ""labor_demand"": 0.45, ""program_fit"": 0.2}, ""recruitment"": {""country_opportunity"": 0.4, ""friendliness"": 0.3, ""labor_demand"": 0.1, ""program_fit"": 0.2}}",uncertainty_adjusted_management_priority_index_not_predicted_student_count,not_identified_ex_ante,,,,"incremental qualified applications, offers and enrolments attributable to the recruitment intervention",requires_prospective_campaign_evaluation,24,pre_registered_country_program_campaign_with_matched_comparison_or_stepped_wedge_rollout,qualified_leads;applications;offers;enrolments;yield;cost_per_enrolment,relative_record_level_program_demand_not_search_totals,ppml_russia_inbound_structural_allocation_v3;friendliness_receptivity_ex_ante_v4;trudvsem_program_demand_v5;mgimo_program_profiles,calculated_uncertainty_aware_scenario_ensemble_v5,digital_recruitment_scholarship_and_olympiad,151,122.0,76.0,178.0,132.0,76.0,178.0,102.0,363,29046,0.012497417888865936
country_program_priority_evidence_v5,SOM,Somalia,Sub-Saharan Africa,languages_regional,languages_regional,Иностранные языки и регионоведение,english_plus_russian_preparatory_year_plus_target_region_language,No broad Russian or English functional-language signal is available in CLDR.,371.0254596523729,371.0254596523729,42.66027797003462,328.91435243682554,1012.8978610218408,0.9933333333333332,0.49,149.0,2023,525.0011129523125,525.0011129523125,153.97565329993958,84.89174852253903,84.32580353238876,54.16295460832173,99.27130559080285,point_score multiplied by probability of positive structural gap,65.6844914965029,38.18449149650291,93.18449149650291,0.45,limited,False,16.51563821888965,"{""diplomatic_analytic"": 0.1592579399678645, ""economic_legal"": 0.1887501510730246}",calculated_from_existing_mgimo_country_profile_scores,52.68428650749584,48.864850295110166,52.853722353772,5,542,50.98554429236843,54.57429648030724,48.152058383572225,37.24527731134078,49.56880133797033,49.56880133797033,37.24527731134078,54.57429648030724,37.24527731134078,54.57429648030724,17.32901916896646,30.497799236933854,64.5877089109219,34.089909673988046,C_monitor_and_test,"{""academic_fit"": 37.24527731134078, ""balanced"": 50.98554429236843, ""labor_market"": 48.152058383572225, ""recruitment"": 54.57429648030724}","{""academic_fit"": 30.497799236933854, ""balanced"": 39.33863390253344, ""labor_market"": 39.4155861619253, ""recruitment"": 38.791497365400204}","{""academic_fit"": 40.85956579453629, ""balanced"": 57.39544375280242, ""labor_market"": 52.449715906775786, ""recruitment"": 64.5877089109219}","{""academic_fit"": {""country_opportunity"": 0.25, ""friendliness"": 0.15, ""labor_demand"": 0.15, ""program_fit"": 0.45}, ""balanced"": {""country_opportunity"": 0.3, ""friendliness"": 0.2, ""labor_demand"": 0.3, ""program_fit"": 0.2}, ""labor_market"": {""country_opportunity"": 0.2, ""friendliness"": 0.15, ""labor_demand"": 0.45, ""program_fit"": 0.2}, ""recruitment"": {""country_opportunity"": 0.4, ""friendliness"": 0.3, ""labor_demand"": 0.1, ""program_fit"": 0.2}}",uncertainty_adjusted_management_priority_index_not_predicted_student_count,not_identified_ex_ante,,,,"incremental qualified applications, offers and enrolments attributable to the recruitment intervention",requires_prospective_campaign_evaluation,24,pre_registered_country_program_campaign_with_matched_comparison_or_stepped_wedge_rollout,qualified_leads;applications;offers;enrolments;yield;cost_per_enrolment,relative_record_level_program_demand_not_search_totals,ppml_russia_inbound_structural_allocation_v3;friendliness_receptivity_ex_ante_v4;trudvsem_program_demand_v5;mgimo_program_profiles,calculated_uncertainty_aware_scenario_ensemble_v5,digital_recruitment_scholarship_and_olympiad,152,142.0,132.0,162.0,220.0,132.0,220.0,88.0,542,29046,0.018660056462163465
country_program_priority_evidence_v5,IDN,Indonesia,East Asia & Pacific,legal_public,legal_public,Международное право и комплаенс,english_plus_russian_preparatory_year,No broad Russian or English functional-language signal is available in CLDR.,663.2562933239036,663.2562933239036,-101.0798443457751,590.7454114815195,2173.447978739426,0.93,0.7383333333333333,556.0,2023,1173.2003318727418,1173.2003318727418,509.9440385488382,93.20608366583559,86.6816578092271,0.0,100.0,point_score multiplied by probability of positive structural gap,62.392570439499806,44.892570439499806,79.89257043949979,0.65,moderate,True,34.05372360044155,"{""diplomatic_analytic"": 0.3672125449672645, ""economic_legal"": 0.3291049607346231}",calculated_from_existing_mgimo_country_profile_scores,33.810526315789474,33.51626038781164,34.93637368711995,5,363,51.3356343357406,59.782149505703565,45.4237231158568,47.65390866773873,49.49477150173966,49.49477150173966,45.4237231158568,59.782149505703565,45.4237231158568,59.782149505703565,14.358426389846763,9.056294700136815,68.27787923269531,59.221584532558495,C_monitor_and_test,"{""academic_fit"": 47.65390866773873, ""balanced"": 51.3356343357406, ""labor_market"": 45.4237231158568, ""recruitment"": 59.782149505703565}","{""academic_fit"": 14.817465176482727, ""balanced"": 12.54241179216214, ""labor_market"": 17.61965890514628, ""recruitment"": 9.056294700136815}","{""academic_fit"": 51.452416162868765, ""balanced"": 56.775879735126125, ""labor_market"": 49.16617704743396, ""recruitment"": 68.27787923269531}","{""academic_fit"": {""country_opportunity"": 0.25, ""friendliness"": 0.15, ""labor_demand"": 0.15, ""program_fit"": 0.45}, ""balanced"": {""country_opportunity"": 0.3, ""friendliness"": 0.2, ""labor_demand"": 0.3, ""program_fit"": 0.2}, ""labor_market"": {""country_opportunity"": 0.2, ""friendliness"": 0.15, ""labor_demand"": 0.45, ""program_fit"": 0.2}, ""recruitment"": {""country_opportunity"": 0.4, ""friendliness"": 0.3, ""labor_demand"": 0.1, ""program_fit"": 0.2}}",uncertainty_adjusted_management_priority_index_not_predicted_student_count,not_identified_ex_ante,,,,"incremental qualified applications, offers and enrolments attributable to the recruitment intervention",requires_prospective_campaign_evaluation,24,pre_registered_country_program_campaign_with_matched_comparison_or_stepped_wedge_rollout,qualified_leads;applications;offers;enrolments;yield;cost_per_enrolment,relative_record_level_program_demand_not_search_totals,ppml_russia_inbound_structural_allocation_v3;friendliness_receptivity_ex_ante_v4;trudvsem_program_demand_v5;mgimo_program_profiles,calculated_uncertainty_aware_scenario_ensemble_v5,targeted_digital_campaign_with_local_partner_validation,153,139.0,97.0,181.0,122.0,97.0,181.0,84.0,363,29046,0.012497417888865936
country_program_priority_evidence_v5,SLB,Solomon Islands,East Asia & Pacific,languages_regional,languages_regional,Иностранные языки и регионоведение,english_with_optional_russian_preparatory_module_plus_target_region_language,CLDR indicates a material functional English-language environment.,28.254208583079443,28.254208583079443,3.3084598312829843,25.323468557890585,167.42941979665304,1.0,0.0,0.0,2023,28.254208583079443,28.254208583079443,0.0,48.420064074677036,48.420064074677036,20.948136810847565,73.52622850777395,point_score multiplied by probability of positive structural gap,63.665778860050914,36.165778860050914,91.16577886005092,0.45,limited,False,34.301294236561944,"{""diplomatic_analytic"": 0.3619568159311356, ""economic_legal"": 0.2672374481035547}",calculated_from_existing_mgimo_country_profile_scores,52.68428650749584,48.864850295110166,52.853722353772,5,542,49.487646596121046,50.00174326232965,49.43673984381455,44.334160542082955,49.4621932199678,49.4621932199678,44.334160542082955,50.00174326232965,44.334160542082955,50.00174326232965,5.667582720246692,30.382131476282627,65.56210534513204,35.179973868849416,C_monitor_and_test,"{""academic_fit"": 44.334160542082955, ""balanced"": 49.487646596121046, ""labor_market"": 49.43673984381455, ""recruitment"": 50.00174326232965}","{""academic_fit"": 32.94006768330963, ""balanced"": 33.964330086587616, ""labor_market"": 37.414961538396106, ""recruitment"": 30.382131476282627}","{""academic_fit"": 51.83576454033197, ""balanced"": 60.146194248307964, ""labor_market"": 56.680165849321305, ""recruitment"": 65.56210534513204}","{""academic_fit"": {""country_opportunity"": 0.25, ""friendliness"": 0.15, ""labor_demand"": 0.15, ""program_fit"": 0.45}, ""balanced"": {""country_opportunity"": 0.3, ""friendliness"": 0.2, ""labor_demand"": 0.3, ""program_fit"": 0.2}, ""labor_market"": {""country_opportunity"": 0.2, ""friendliness"": 0.15, ""labor_demand"": 0.45, ""program_fit"": 0.2}, ""recruitment"": {""country_opportunity"": 0.4, ""friendliness"": 0.3, ""labor_demand"": 0.1, ""program_fit"": 0.2}}",uncertainty_adjusted_management_priority_index_not_predicted_student_count,not_identified_ex_ante,,,,"incremental qualified applications, offers and enrolments attributable to the recruitment intervention",requires_prospective_campaign_evaluation,24,pre_registered_country_program_campaign_with_matched_comparison_or_stepped_wedge_rollout,qualified_leads;applications;offers;enrolments;yield;cost_per_enrolment,relative_record_level_program_demand_not_search_totals,ppml_russia_inbound_structural_allocation_v3;friendliness_receptivity_ex_ante_v4;trudvsem_program_demand_v5;mgimo_program_profiles,calculated_uncertainty_aware_scenario_ensemble_v5,targeted_digital_campaign_with_local_partner_validation,154,155.0,175.0,149.0,151.0,149.0,175.0,26.0,542,29046,0.018660056462163465
country_program_priority_evidence_v5,PNG,Papua New Guinea,East Asia & Pacific,digital_analytics,digital_analytics,Цифровая аналитика и Data/AI,english_with_optional_russian_preparatory_module,CLDR indicates a material functional English-language environment.,25.18320045950377,25.18320045950377,2.443868362542755,21.8512763431776,137.80922318967646,0.9983333333333332,0.0,0.0,2023,26.80631140168923,26.80631140168923,1.6231109421854624,46.82942086685528,46.75137183207718,17.735666735589938,70.75218696096665,point_score multiplied by probability of positive structural gap,58.32402005653885,30.82402005653885,85.82402005653886,0.45,limited,False,25.168262238483624,"{""digital_finance_business_informatics"": 0.2393874345920396, ""economic_legal"": 0.3008633735560228}",calculated_from_existing_mgimo_country_profile_scores,80.99834319526626,80.86266231881814,84.12359954610515,6,1284,51.489301059870286,47.22561515021137,55.23668976807097,40.409095963767946,49.35745810504083,49.35745810504083,40.409095963767946,55.23668976807097,40.409095963767946,55.23668976807097,14.82759380430302,26.942405128324964,64.5236766208623,37.58127149253734,C_monitor_and_test,"{""academic_fit"": 40.409095963767946, ""balanced"": 51.489301059870286, ""labor_market"": 55.23668976807097, ""recruitment"": 47.22561515021137}","{""academic_fit"": 29.12196982178067, ""balanced"": 34.31714233051189, ""labor_market"": 41.69359355306197, ""recruitment"": 26.942405128324964}","{""academic_fit"": 47.636472015909035, ""balanced"": 63.49318567920857, ""labor_market"": 64.5236766208623, ""recruitment"": 62.540971761167974}","{""academic_fit"": {""country_opportunity"": 0.25, ""friendliness"": 0.15, ""labor_demand"": 0.15, ""program_fit"": 0.45}, ""balanced"": {""country_opportunity"": 0.3, ""friendliness"": 0.2, ""labor_demand"": 0.3, ""program_fit"": 0.2}, ""labor_market"": {""country_opportunity"": 0.2, ""friendliness"": 0.15, ""labor_demand"": 0.45, ""program_fit"": 0.2}, ""recruitment"": {""country_opportunity"": 0.4, ""friendliness"": 0.3, ""labor_demand"": 0.1, ""program_fit"": 0.2}}",uncertainty_adjusted_management_priority_index_not_predicted_student_count,not_identified_ex_ante,,,,"incremental qualified applications, offers and enrolments attributable to the recruitment intervention",requires_prospective_campaign_evaluation,24,pre_registered_country_program_campaign_with_matched_comparison_or_stepped_wedge_rollout,qualified_leads;applications;offers;enrolments;yield;cost_per_enrolment,relative_record_level_program_demand_not_search_totals,ppml_russia_inbound_structural_allocation_v3;friendliness_receptivity_ex_ante_v4;trudvsem_program_demand_v5;mgimo_program_profiles,calculated_uncertainty_aware_scenario_ensemble_v5,employer_linked_program_campaign_and_case_competitions,155,137.0,205.0,99.0,193.0,99.0,205.0,106.0,1284,29046,0.04420574261516216
country_program_priority_evidence_v5,BDI,Burundi,Sub-Saharan Africa,international_economics,international_economics,Международная экономика и ВЭД,english_with_optional_russian_preparatory_module,CLDR indicates a material functional English-language environment.,115.83485200969926,115.83485200969926,-40.58184297189573,93.74825770443982,343.0268859657819,0.9016666666666666,0.0,132.0,2023,263.81046575474204,263.81046575474204,147.97561374504278,68.28044190972848,61.566198455271845,0.0,83.7695685415752,point_score multiplied by probability of positive structural gap,65.48109903285359,37.98109903285359,92.9810990328536,0.45,limited,False,16.95352603411044,"{""economic_legal"": 0.1106323153567101, ""energy_logistics"": 0.3462440952942872}",calculated_from_existing_mgimo_country_profile_scores,63.80753253946275,63.58040409631885,64.03323363437521,6,723,49.36711998774063,49.31925302827705,49.478067469691496,35.832698043069556,49.34318650800884,49.34318650800884,35.832698043069556,49.478067469691496,35.832698043069556,49.478067469691496,13.64536942662194,8.031097104687195,61.805945867054376,53.774848762367185,C_monitor_and_test,"{""academic_fit"": 35.832698043069556, ""balanced"": 49.36711998774063, ""labor_market"": 49.478067469691496, ""recruitment"": 49.31925302827705}","{""academic_fit"": 11.75409623105002, ""balanced"": 12.814734735119634, ""labor_market"": 19.938020145516887, ""recruitment"": 8.031097104687195}","{""academic_fit"": 40.741066142134265, ""balanced"": 58.01352807262805, ""labor_market"": 55.465579756257576, ""recruitment"": 61.805945867054376}","{""academic_fit"": {""country_opportunity"": 0.25, ""friendliness"": 0.15, ""labor_demand"": 0.15, ""program_fit"": 0.45}, ""balanced"": {""country_opportunity"": 0.3, ""friendliness"": 0.2, ""labor_demand"": 0.3, ""program_fit"": 0.2}, ""labor_market"": {""country_opportunity"": 0.2, ""friendliness"": 0.15, ""labor_demand"": 0.45, ""program_fit"": 0.2}, ""recruitment"": {""country_opportunity"": 0.4, ""friendliness"": 0.3, ""labor_demand"": 0.1, ""program_fit"": 0.2}}",uncertainty_adjusted_management_priority_index_not_predicted_student_count,not_identified_ex_ante,,,,"incremental qualified applications, offers and enrolments attributable to the recruitment intervention",requires_prospective_campaign_evaluation,24,pre_registered_country_program_campaign_with_matched_comparison_or_stepped_wedge_rollout,qualified_leads;applications;offers;enrolments;yield;cost_per_enrolment,relative_record_level_program_demand_not_search_totals,ppml_russia_inbound_structural_allocation_v3;friendliness_receptivity_ex_ante_v4;trudvsem_program_demand_v5;mgimo_program_profiles,calculated_uncertainty_aware_scenario_ensemble_v5,digital_recruitment_scholarship_and_olympiad,156,156.0,182.0,148.0,232.0,148.0,232.0,84.0,723,29046,0.024891551332369345
country_program_priority_evidence_v5,WSM,Samoa,East Asia & Pacific,digital_analytics,digital_analytics,Цифровая аналитика и Data/AI,english_with_optional_russian_preparatory_module,CLDR indicates a material functional English-language environment.,8.188233849857886,8.188233849857886,1.1029210424256626,7.513847497798567,45.765539041974925,1.0,0.0,0.0,2023,8.286487221812092,8.286487221812092,0.0982533719542049,31.810208406227137,31.810208406227137,10.661050944931748,55.148385975815806,point_score multiplied by probability of positive structural gap,60.79980050541498,33.299800505414986,88.29980050541499,0.45,limited,False,43.26977924542791,"{""digital_finance_business_informatics"": 0.41469915300701, ""economic_legal"": 0.5046923502433557}",calculated_from_existing_mgimo_country_profile_scores,80.99834319526626,80.86266231881814,84.12359954610515,6,1284,51.52781560807234,45.70674800985598,57.274623248069226,46.89731797213998,49.21256679010616,49.21256679010616,45.70674800985598,57.274623248069226,45.70674800985598,57.274623248069226,11.567875238213247,25.3216055511643,68.53582060432606,43.214215053161766,C_monitor_and_test,"{""academic_fit"": 46.89731797213998, ""balanced"": 51.52781560807234, ""labor_market"": 57.274623248069226, ""recruitment"": 45.70674800985598}","{""academic_fit"": 33.14118084140974, ""balanced"": 33.56645548402983, ""labor_market"": 42.60200256621643, ""recruitment"": 25.3216055511643}","{""academic_fit"": 57.002817998331714, ""balanced"": 65.90014531006031, ""labor_market"": 68.53582060432606, ""recruitment"": 63.51775689661865}","{""academic_fit"": {""country_opportunity"": 0.25, ""friendliness"": 0.15, ""labor_demand"": 0.15, ""program_fit"": 0.45}, ""balanced"": {""country_opportunity"": 0.3, ""friendliness"": 0.2, ""labor_demand"": 0.3, ""program_fit"": 0.2}, ""labor_market"": {""country_opportunity"": 0.2, ""friendliness"": 0.15, ""labor_demand"": 0.45, ""program_fit"": 0.2}, ""recruitment"": {""country_opportunity"": 0.4, ""friendliness"": 0.3, ""labor_demand"": 0.1, ""program_fit"": 0.2}}",uncertainty_adjusted_management_priority_index_not_predicted_student_count,not_identified_ex_ante,,,,"incremental qualified applications, offers and enrolments attributable to the recruitment intervention",requires_prospective_campaign_evaluation,24,pre_registered_country_program_campaign_with_matched_comparison_or_stepped_wedge_rollout,qualified_leads;applications;offers;enrolments;yield;cost_per_enrolment,relative_record_level_program_demand_not_search_totals,ppml_russia_inbound_structural_allocation_v3;friendliness_receptivity_ex_ante_v4;trudvsem_program_demand_v5;mgimo_program_profiles,calculated_uncertainty_aware_scenario_ensemble_v5,employer_linked_program_campaign_and_case_competitions,157,136.0,227.0,84.0,129.0,84.0,227.0,143.0,1284,29046,0.04420574261516216
country_program_priority_evidence_v5,KEN,Kenya,Sub-Saharan Africa,digital_analytics,digital_analytics,Цифровая аналитика и Data/AI,english_with_optional_russian_preparatory_module,CLDR indicates a material functional English-language environment.,57.95554402040611,57.95554402040611,-105.13678389310432,49.25463425603044,369.53835592208605,0.6566666666666666,0.0,169.0,2023,255.7427077748814,255.7427077748814,197.7871637544753,58.47060294014146,38.39569593069289,0.0,84.83430276480973,point_score multiplied by probability of positive structural gap,61.33862879786098,43.83862879786099,78.83862879786099,0.65,moderate,True,32.775340194297634,"{""digital_finance_business_informatics"": 0.3383481533737582, ""economic_legal"": 0.285374396219849}",calculated_from_existing_mgimo_country_profile_scores,80.99834319526626,80.86266231881814,84.12359954610515,6,1284,51.656642832116006,46.707407743738806,56.35263130400779,43.52061744330145,49.1820252879274,49.1820252879274,43.52061744330145,56.35263130400779,43.52061744330145,56.35263130400779,12.83201386070634,9.732016935153837,69.50006340105833,59.76804646590449,C_monitor_and_test,"{""academic_fit"": 43.52061744330145, ""balanced"": 51.656642832116006, ""labor_market"": 56.35263130400779, ""recruitment"": 46.707407743738806}","{""academic_fit"": 16.529481615270143, ""balanced"": 16.056644668811217, ""labor_market"": 25.70603296497323, ""recruitment"": 9.732016935153837}","{""academic_fit"": 55.182730240076424, ""balanced"": 69.33530744357385, ""labor_market"": 69.50006340105833, ""recruitment"": 68.94961491066259}","{""academic_fit"": {""country_opportunity"": 0.25, ""friendliness"": 0.15, ""labor_demand"": 0.15, ""program_fit"": 0.45}, ""balanced"": {""country_opportunity"": 0.3, ""friendliness"": 0.2, ""labor_demand"": 0.3, ""program_fit"": 0.2}, ""labor_market"": {""country_opportunity"": 0.2, ""friendliness"": 0.15, ""labor_demand"": 0.45, ""program_fit"": 0.2}, ""recruitment"": {""country_opportunity"": 0.4, ""friendliness"": 0.3, ""labor_demand"": 0.1, ""program_fit"": 0.2}}",uncertainty_adjusted_management_priority_index_not_predicted_student_count,not_identified_ex_ante,,,,"incremental qualified applications, offers and enrolments attributable to the recruitment intervention",requires_prospective_campaign_evaluation,24,pre_registered_country_program_campaign_with_matched_comparison_or_stepped_wedge_rollout,qualified_leads;applications;offers;enrolments;yield;cost_per_enrolment,relative_record_level_program_demand_not_search_totals,ppml_russia_inbound_structural_allocation_v3;friendliness_receptivity_ex_ante_v4;trudvsem_program_demand_v5;mgimo_program_profiles,calculated_uncertainty_aware_scenario_ensemble_v5,employer_linked_program_campaign_and_case_competitions,158,134.0,214.0,89.0,161.0,89.0,214.0,125.0,1284,29046,0.04420574261516216
country_program_priority_evidence_v5,PHL,Philippines,East Asia & Pacific,management_public,management_public,Управление и государственная политика,english_with_optional_russian_preparatory_module,CLDR indicates a material functional English-language environment.,484.6717004001166,484.6717004001166,143.8475030575797,449.92736014501145,1267.60317230366,1.0,0.835,17.0,2023,506.4046398544305,506.4046398544305,21.732939454313914,88.71499361028283,88.71499361028283,71.3628978535519,100.0,point_score multiplied by probability of positive structural gap,63.19143211840076,35.691432118400755,90.69143211840075,0.45,limited,False,42.91731878095549,"{""diplomatic_analytic"": 0.430623591707961, ""economic_legal"": 0.4269975819619459}",calculated_from_existing_mgimo_country_profile_scores,22.16559633027523,21.459607571000703,22.88853092188952,5,89,47.97486455055919,60.82460117158214,39.81804413068309,49.99528912907892,48.98507683981906,48.98507683981906,39.81804413068309,60.82460117158214,39.81804413068309,60.82460117158214,21.006557040899047,34.58793650314615,71.19539606479698,36.60745956165083,C_monitor_and_test,"{""academic_fit"": 49.99528912907892, ""balanced"": 47.97486455055919, ""labor_market"": 39.81804413068309, ""recruitment"": 60.82460117158214}","{""academic_fit"": 43.36494060608372, ""balanced"": 39.84686483714032, ""labor_market"": 34.58793650314615, ""recruitment"": 47.045900450911596}","{""academic_fit"": 54.578653557238255, ""balanced"": 53.879652485094596, ""labor_market"": 43.611861795859646, ""recruitment"": 71.19539606479698}","{""academic_fit"": {""country_opportunity"": 0.25, ""friendliness"": 0.15, ""labor_demand"": 0.15, ""program_fit"": 0.45}, ""balanced"": {""country_opportunity"": 0.3, ""friendliness"": 0.2, ""labor_demand"": 0.3, ""program_fit"": 0.2}, ""labor_market"": {""country_opportunity"": 0.2, ""friendliness"": 0.15, ""labor_demand"": 0.45, ""program_fit"": 0.2}, ""recruitment"": {""country_opportunity"": 0.4, ""friendliness"": 0.3, ""labor_demand"": 0.1, ""program_fit"": 0.2}}",uncertainty_adjusted_management_priority_index_not_predicted_student_count,not_identified_ex_ante,,,,"incremental qualified applications, offers and enrolments attributable to the recruitment intervention",requires_prospective_campaign_evaluation,24,pre_registered_country_program_campaign_with_matched_comparison_or_stepped_wedge_rollout,qualified_leads;applications;offers;enrolments;yield;cost_per_enrolment,relative_record_level_program_demand_not_search_totals,ppml_russia_inbound_structural_allocation_v3;friendliness_receptivity_ex_ante_v4;trudvsem_program_demand_v5;mgimo_program_profiles,calculated_uncertainty_aware_scenario_ensemble_v5,targeted_digital_campaign_with_local_partner_validation,159,178.0,87.0,223.0,101.0,87.0,223.0,136.0,89,29046,0.003064105212421676
country_program_priority_evidence_v5,TZA,"Tanzania, United Republic of",Sub-Saharan Africa,international_economics,international_economics,Международная экономика и ВЭД,english_with_optional_russian_preparatory_module,CLDR indicates a material functional English-language environment.,110.72059909148332,110.72059909148332,-53.3958723614936,99.1973263020007,436.4097605295827,0.8316666666666667,0.0016666666666666,175.0,2023,252.4946197191707,252.4946197191707,141.77402062768738,67.63847444358663,56.25266457891622,0.0,87.21388940881273,point_score multiplied by probability of positive structural gap,63.54559861270263,36.04559861270264,91.04559861270263,0.45,limited,False,19.93168299307579,"{""economic_legal"": 0.15383499738275, ""energy_logistics"": 0.3357623275747815}",calculated_from_existing_mgimo_country_profile_scores,63.80753253946275,63.58040409631885,64.03323363437521,6,723,49.27641903355682,48.64971226949328,49.90109327866688,37.386364606068554,48.96306565152505,48.96306565152505,37.386364606068554,49.90109327866688,37.386364606068554,49.90109327866688,12.514728672598324,8.15587417097833,64.35298363263755,56.19710946165922,C_monitor_and_test,"{""academic_fit"": 37.386364606068554, ""balanced"": 49.27641903355682, ""labor_market"": 49.90109327866688, ""recruitment"": 48.64971226949328}","{""academic_fit"": 12.498736129591768, ""balanced"": 13.080278978699955, ""labor_market"": 20.403059200160556, ""recruitment"": 8.15587417097833}","{""academic_fit"": 43.953705318619626, ""balanced"": 60.28951041828275, ""labor_market"": 57.47225149636759, ""recruitment"": 64.35298363263755}","{""academic_fit"": {""country_opportunity"": 0.25, ""friendliness"": 0.15, ""labor_demand"": 0.15, ""program_fit"": 0.45}, ""balanced"": {""country_opportunity"": 0.3, ""friendliness"": 0.2, ""labor_demand"": 0.3, ""program_fit"": 0.2}, ""labor_market"": {""country_opportunity"": 0.2, ""friendliness"": 0.15, ""labor_demand"": 0.45, ""program_fit"": 0.2}, ""recruitment"": {""country_opportunity"": 0.4, ""friendliness"": 0.3, ""labor_demand"": 0.1, ""program_fit"": 0.2}}",uncertainty_adjusted_management_priority_index_not_predicted_student_count,not_identified_ex_ante,,,,"incremental qualified applications, offers and enrolments attributable to the recruitment intervention",requires_prospective_campaign_evaluation,24,pre_registered_country_program_campaign_with_matched_comparison_or_stepped_wedge_rollout,qualified_leads;applications;offers;enrolments;yield;cost_per_enrolment,relative_record_level_program_demand_not_search_totals,ppml_russia_inbound_structural_allocation_v3;friendliness_receptivity_ex_ante_v4;trudvsem_program_demand_v5;mgimo_program_profiles,calculated_uncertainty_aware_scenario_ensemble_v5,targeted_digital_campaign_with_local_partner_validation,160,157.0,190.0,143.0,218.0,143.0,218.0,75.0,723,29046,0.024891551332369345
country_program_priority_evidence_v5,BIH,Bosnia and Herzegovina,Europe & Central Asia,management_public,management_public,Управление и государственная политика,english_with_optional_russian_preparatory_module,CLDR indicates a material functional English-language environment.,476.02545396448784,476.02545396448784,100.21274267780932,430.9251875292698,1327.387180204779,1.0,0.6616666666666666,74.0,2023,545.5627494733623,545.5627494733623,69.53729550887442,88.45736179088952,88.45736179088952,66.22178952691061,100.0,point_score multiplied by probability of positive structural gap,59.6292197732562,32.1292197732562,87.12921977325621,0.45,limited,False,43.82918818031884,"{""diplomatic_analytic"": 0.421037053004802, ""economic_legal"": 0.4641741250007679}",calculated_from_existing_mgimo_country_profile_scores,22.16559633027523,21.459607571000703,22.88853092188952,5,89,47.584451550788096,59.96891312579346,39.61830427716719,49.993536644169794,48.78899409747895,48.78899409747895,39.61830427716719,59.96891312579346,39.61830427716719,59.96891312579346,20.350608848626273,33.70198413901705,70.64383579972395,36.941851660706895,C_monitor_and_test,"{""academic_fit"": 49.993536644169794, ""balanced"": 47.584451550788096, ""labor_market"": 39.61830427716719, ""recruitment"": 59.96891312579346}","{""academic_fit"": 42.31560385935874, ""balanced"": 38.34482081742172, ""labor_market"": 33.70198413901705, ""recruitment"": 44.483444395100356}","{""academic_fit"": 54.759284923911835, ""balanced"": 53.674502910458166, ""labor_market"": 43.53196925811513, ""recruitment"": 70.64383579972395}","{""academic_fit"": {""country_opportunity"": 0.25, ""friendliness"": 0.15, ""labor_demand"": 0.15, ""program_fit"": 0.45}, ""balanced"": {""country_opportunity"": 0.3, ""friendliness"": 0.2, ""labor_demand"": 0.3, ""program_fit"": 0.2}, ""labor_market"": {""country_opportunity"": 0.2, ""friendliness"": 0.15, ""labor_demand"": 0.45, ""program_fit"": 0.2}, ""recruitment"": {""country_opportunity"": 0.4, ""friendliness"": 0.3, ""labor_demand"": 0.1, ""program_fit"": 0.2}}",uncertainty_adjusted_management_priority_index_not_predicted_student_count,not_identified_ex_ante,,,,"incremental qualified applications, offers and enrolments attributable to the recruitment intervention",requires_prospective_campaign_evaluation,24,pre_registered_country_program_campaign_with_matched_comparison_or_stepped_wedge_rollout,qualified_leads;applications;offers;enrolments;yield;cost_per_enrolment,relative_record_level_program_demand_not_search_totals,ppml_russia_inbound_structural_allocation_v3;friendliness_receptivity_ex_ante_v4;trudvsem_program_demand_v5;mgimo_program_profiles,calculated_uncertainty_aware_scenario_ensemble_v5,targeted_digital_campaign_with_local_partner_validation,161,183.0,94.0,225.0,102.0,94.0,225.0,131.0,89,29046,0.003064105212421676
country_program_priority_evidence_v5,NER,Niger,Sub-Saharan Africa,languages_regional,languages_regional,Иностранные языки и регионоведение,english_plus_russian_preparatory_year_plus_target_region_language,No broad Russian or English functional-language signal is available in CLDR.,494.4652025116648,494.4652025116648,160.9628794116347,471.67872675748697,1062.3091707573135,1.0,0.8166666666666667,27.0,2023,521.5055102083084,521.5055102083084,27.04030769664352,89.0013274889097,89.0013274889097,72.96473150246261,99.95376750000088,point_score multiplied by probability of positive structural gap,64.80558862801902,37.305588628019024,92.30558862801902,0.45,limited,False,14.099271219089395,"{""diplomatic_analytic"": 0.1408765878391847, ""economic_legal"": 0.141457209597731}",calculated_from_existing_mgimo_country_profile_scores,52.68428650749584,48.864850295110166,52.853722353772,5,542,50.1592702297653,53.90548297630113,47.15092929954512,35.23607643020388,48.655099764655205,48.655099764655205,35.23607643020388,53.90548297630113,35.23607643020388,53.90548297630113,18.66940654609725,30.593100278221673,62.692083833011324,32.098983554789655,C_monitor_and_test,"{""academic_fit"": 35.23607643020388, ""balanced"": 50.1592702297653, ""labor_market"": 47.15092929954512, ""recruitment"": 53.90548297630113}","{""academic_fit"": 30.593100278221673, ""balanced"": 41.511460447390824, ""labor_market"": 40.4363191206728, ""recruitment"": 42.056951684431695}","{""academic_fit"": 38.23032238821283, ""balanced"": 55.72535351311585, ""labor_market"": 50.9128671969214, ""recruitment"": 62.692083833011324}","{""academic_fit"": {""country_opportunity"": 0.25, ""friendliness"": 0.15, ""labor_demand"": 0.15, ""program_fit"": 0.45}, ""balanced"": {""country_opportunity"": 0.3, ""friendliness"": 0.2, ""labor_demand"": 0.3, ""program_fit"": 0.2}, ""labor_market"": {""country_opportunity"": 0.2, ""friendliness"": 0.15, ""labor_demand"": 0.45, ""program_fit"": 0.2}, ""recruitment"": {""country_opportunity"": 0.4, ""friendliness"": 0.3, ""labor_demand"": 0.1, ""program_fit"": 0.2}}",uncertainty_adjusted_management_priority_index_not_predicted_student_count,not_identified_ex_ante,,,,"incremental qualified applications, offers and enrolments attributable to the recruitment intervention",requires_prospective_campaign_evaluation,24,pre_registered_country_program_campaign_with_matched_comparison_or_stepped_wedge_rollout,qualified_leads;applications;offers;enrolments;yield;cost_per_enrolment,relative_record_level_program_demand_not_search_totals,ppml_russia_inbound_structural_allocation_v3;friendliness_receptivity_ex_ante_v4;trudvsem_program_demand_v5;mgimo_program_profiles,calculated_uncertainty_aware_scenario_ensemble_v5,targeted_digital_campaign_with_local_partner_validation,162,153.0,139.0,168.0,238.0,139.0,238.0,99.0,542,29046,0.018660056462163465
country_program_priority_evidence_v5,TGO,Togo,Sub-Saharan Africa,digital_analytics,digital_analytics,Цифровая аналитика и Data/AI,english_plus_russian_preparatory_year,No broad Russian or English functional-language signal is available in CLDR.,27.54025528774936,27.54025528774936,-21.43475480503972,21.559190490696373,102.7599583186691,0.7766666666666666,0.0,66.0,2023,81.65433936165209,81.65433936165209,54.11408407390273,48.06569520962609,37.33102327947626,0.0,66.57827509124455,point_score multiplied by probability of positive structural gap,63.080246193426106,35.5802461934261,90.5802461934261,0.45,limited,False,31.417447498881014,"{""digital_finance_business_informatics"": 0.3367799844881502, ""economic_legal"": 0.2237524369914499}",calculated_from_existing_mgimo_country_profile_scores,80.99834319526626,80.86266231881814,84.12359954610515,6,1284,51.09587856195063,46.20109980927085,55.816857590240666,42.60848417504031,48.64848918561074,48.64848918561074,42.60848417504031,55.816857590240666,42.60848417504031,55.816857590240666,13.208373415200356,9.080650550971296,67.0793077226866,57.998657171715294,C_monitor_and_test,"{""academic_fit"": 42.60848417504031, ""balanced"": 51.09587856195063, ""labor_market"": 55.816857590240666, ""recruitment"": 46.20109980927085}","{""academic_fit"": 15.739066371085258, ""balanced"": 15.290069998392312, ""labor_market"": 24.72919744518146, ""recruitment"": 9.080650550971296}","{""academic_fit"": 52.09051331133811, ""balanced"": 65.78878646303936, ""labor_market"": 67.0793077226866, ""recruitment"": 64.75939315217975}","{""academic_fit"": {""country_opportunity"": 0.25, ""friendliness"": 0.15, ""labor_demand"": 0.15, ""program_fit"": 0.45}, ""balanced"": {""country_opportunity"": 0.3, ""friendliness"": 0.2, ""labor_demand"": 0.3, ""program_fit"": 0.2}, ""labor_market"": {""country_opportunity"": 0.2, ""friendliness"": 0.15, ""labor_demand"": 0.45, ""program_fit"": 0.2}, ""recruitment"": {""country_opportunity"": 0.4, ""friendliness"": 0.3, ""labor_demand"": 0.1, ""program_fit"": 0.2}}",uncertainty_adjusted_management_priority_index_not_predicted_student_count,not_identified_ex_ante,,,,"incremental qualified applications, offers and enrolments attributable to the recruitment intervention",requires_prospective_campaign_evaluation,24,pre_registered_country_program_campaign_with_matched_comparison_or_stepped_wedge_rollout,qualified_leads;applications;offers;enrolments;yield;cost_per_enrolment,relative_record_level_program_demand_not_search_totals,ppml_russia_inbound_structural_allocation_v3;friendliness_receptivity_ex_ante_v4;trudvsem_program_demand_v5;mgimo_program_profiles,calculated_uncertainty_aware_scenario_ensemble_v5,employer_linked_program_campaign_and_case_competitions,163,140.0,218.0,94.0,171.0,94.0,218.0,124.0,1284,29046,0.04420574261516216
country_program_priority_evidence_v5,WSM,Samoa,East Asia & Pacific,international_economics,international_economics,Международная экономика и ВЭД,english_with_optional_russian_preparatory_module,CLDR indicates a material functional English-language environment.,8.188233849857886,8.188233849857886,1.1029210424256626,7.513847497798567,45.765539041974925,1.0,0.0,0.0,2023,8.286487221812092,8.286487221812092,0.0982533719542049,31.810208406227137,31.810208406227137,10.661050944931748,55.148385975815806,point_score multiplied by probability of positive structural gap,60.79980050541498,33.299800505414986,88.29980050541499,0.45,limited,False,49.084979775206826,"{""economic_legal"": 0.5046923502433557, ""energy_logistics"": 0.4493221402782059}",calculated_from_existing_mgimo_country_profile_scores,63.80753253946275,63.58040409631885,64.03323363437521,6,723,49.216177950647136,45.75961827802233,52.80821093752692,47.8565220913616,48.53635002100437,48.53635002100437,45.75961827802233,52.80821093752692,45.75961827802233,52.80821093752692,7.0485926595045925,25.34619419009164,63.37583858416621,38.029644394074566,C_monitor_and_test,"{""academic_fit"": 47.8565220913616, ""balanced"": 49.216177950647136, ""labor_market"": 52.80821093752692, ""recruitment"": 45.75961827802233}","{""academic_fit"": 33.80961913487848, ""balanced"": 32.04276471583225, ""labor_market"": 39.24702532826205, ""recruitment"": 25.34619419009164}","{""academic_fit"": 57.87342662604891, ""balanced"": 62.30630721803517, ""labor_market"": 62.23376310864322, ""recruitment"": 63.37583858416621}","{""academic_fit"": {""country_opportunity"": 0.25, ""friendliness"": 0.15, ""labor_demand"": 0.15, ""program_fit"": 0.45}, ""balanced"": {""country_opportunity"": 0.3, ""friendliness"": 0.2, ""labor_demand"": 0.3, ""program_fit"": 0.2}, ""labor_market"": {""country_opportunity"": 0.2, ""friendliness"": 0.15, ""labor_demand"": 0.45, ""program_fit"": 0.2}, ""recruitment"": {""country_opportunity"": 0.4, ""friendliness"": 0.3, ""labor_demand"": 0.1, ""program_fit"": 0.2}}",uncertainty_adjusted_management_priority_index_not_predicted_student_count,not_identified_ex_ante,,,,"incremental qualified applications, offers and enrolments attributable to the recruitment intervention",requires_prospective_campaign_evaluation,24,pre_registered_country_program_campaign_with_matched_comparison_or_stepped_wedge_rollout,qualified_leads;applications;offers;enrolments;yield;cost_per_enrolment,relative_record_level_program_demand_not_search_totals,ppml_russia_inbound_structural_allocation_v3;friendliness_receptivity_ex_ante_v4;trudvsem_program_demand_v5;mgimo_program_profiles,calculated_uncertainty_aware_scenario_ensemble_v5,targeted_digital_campaign_with_local_partner_validation,164,159.0,224.0,116.0,118.0,116.0,224.0,108.0,723,29046,0.024891551332369345
country_program_priority_evidence_v5,LCA,Saint Lucia,Latin America & Caribbean,languages_regional,languages_regional,Иностранные языки и регионоведение,english_with_optional_russian_preparatory_module_plus_target_region_language,CLDR indicates a material functional English-language environment.,8.97353380351016,8.97353380351016,1.278101069562503,8.424937550566439,43.631870514869085,1.0,0.0,0.0,2023,9.140984349303544,9.140984349303544,0.1674505457933838,32.98644103938894,32.98644103938894,11.808651286546793,54.47862185424246,point_score multiplied by probability of positive structural gap,62.98961219976466,35.48961219976465,90.48961219976464,0.45,limited,False,53.05182691437918,"{""diplomatic_analytic"": 0.5051692956106223, ""economic_legal"": 0.6319141632764691}",calculated_from_existing_mgimo_country_profile_scores,52.68428650749584,48.864850295110166,52.853722353772,5,542,48.06273268096983,46.72836001894007,49.871162833716895,48.82735711726152,48.44504489911567,48.44504489911567,46.72836001894007,49.871162833716895,46.72836001894007,49.871162833716895,3.1428028147768217,26.526031980556397,63.30296850045487,36.77693651989847,C_monitor_and_test,"{""academic_fit"": 48.82735711726152, ""balanced"": 48.06273268096983, ""labor_market"": 49.871162833716895, ""recruitment"": 46.72836001894007}","{""academic_fit"": 34.77872941484906, ""balanced"": 31.35190451493248, ""labor_market"": 36.48163577335298, ""recruitment"": 26.526031980556397}","{""academic_fit"": 58.25897496119337, ""balanced"": 59.85734869402819, ""labor_market"": 58.11907313550948, ""recruitment"": 63.30296850045487}","{""academic_fit"": {""country_opportunity"": 0.25, ""friendliness"": 0.15, ""labor_demand"": 0.15, ""program_fit"": 0.45}, ""balanced"": {""country_opportunity"": 0.3, ""friendliness"": 0.2, ""labor_demand"": 0.3, ""program_fit"": 0.2}, ""labor_market"": {""country_opportunity"": 0.2, ""friendliness"": 0.15, ""labor_demand"": 0.45, ""program_fit"": 0.2}, ""recruitment"": {""country_opportunity"": 0.4, ""friendliness"": 0.3, ""labor_demand"": 0.1, ""program_fit"": 0.2}}",uncertainty_adjusted_management_priority_index_not_predicted_student_count,not_identified_ex_ante,,,,"incremental qualified applications, offers and enrolments attributable to the recruitment intervention",requires_prospective_campaign_evaluation,24,pre_registered_country_program_campaign_with_matched_comparison_or_stepped_wedge_rollout,qualified_leads;applications;offers;enrolments;yield;cost_per_enrolment,relative_record_level_program_demand_not_search_totals,ppml_russia_inbound_structural_allocation_v3;friendliness_receptivity_ex_ante_v4;trudvsem_program_demand_v5;mgimo_program_profiles,calculated_uncertainty_aware_scenario_ensemble_v5,targeted_digital_campaign_with_local_partner_validation,165,175.0,213.0,144.0,112.0,112.0,213.0,101.0,542,29046,0.018660056462163465
country_program_priority_evidence_v5,FJI,Fiji,East Asia & Pacific,languages_regional,languages_regional,Иностранные языки и регионоведение,english_with_optional_russian_preparatory_module_plus_target_region_language,CLDR indicates a material functional English-language environment.,7.627020882740514,7.627020882740514,1.2039860349869458,6.669231625580992,43.267269859997896,1.0,0.0,0.0,2023,7.627020882740514,7.627020882740514,0.0,30.906289889035474,30.906289889035474,11.334283146520756,54.36097719416004,point_score multiplied by probability of positive structural gap,61.00551914526677,33.505519145266774,88.50551914526677,0.45,limited,False,56.1512186093855,"{""diplomatic_analytic"": 0.5850354429277626, ""economic_legal"": 0.4674191587582244}",calculated_from_existing_mgimo_country_profile_scores,52.68428650749584,48.864850295110166,52.853722353772,5,542,47.39001460003598,45.640255908320285,49.56267889618258,49.05133205329455,48.22067332666526,48.22067332666526,45.640255908320285,49.56267889618258,45.640255908320285,49.56267889618258,3.922422987862298,25.9821635685594,63.53919987970149,37.55703631114209,C_monitor_and_test,"{""academic_fit"": 49.05133205329455, ""balanced"": 47.39001460003598, ""labor_market"": 49.56267889618258, ""recruitment"": 45.640255908320285}","{""academic_fit"": 35.03249270903292, ""balanced"": 30.998021020648174, ""labor_market"": 36.30758198381956, ""recruitment"": 25.9821635685594}","{""academic_fit"": 59.51149594355528, ""balanced"": 60.22537747675181, ""labor_market"": 58.552982864715055, ""recruitment"": 63.53919987970149}","{""academic_fit"": {""country_opportunity"": 0.25, ""friendliness"": 0.15, ""labor_demand"": 0.15, ""program_fit"": 0.45}, ""balanced"": {""country_opportunity"": 0.3, ""friendliness"": 0.2, ""labor_demand"": 0.3, ""program_fit"": 0.2}, ""labor_market"": {""country_opportunity"": 0.2, ""friendliness"": 0.15, ""labor_demand"": 0.45, ""program_fit"": 0.2}, ""recruitment"": {""country_opportunity"": 0.4, ""friendliness"": 0.3, ""labor_demand"": 0.1, ""program_fit"": 0.2}}",uncertainty_adjusted_management_priority_index_not_predicted_student_count,not_identified_ex_ante,,,,"incremental qualified applications, offers and enrolments attributable to the recruitment intervention",requires_prospective_campaign_evaluation,24,pre_registered_country_program_campaign_with_matched_comparison_or_stepped_wedge_rollout,qualified_leads;applications;offers;enrolments;yield;cost_per_enrolment,relative_record_level_program_demand_not_search_totals,ppml_russia_inbound_structural_allocation_v3;friendliness_receptivity_ex_ante_v4;trudvsem_program_demand_v5;mgimo_program_profiles,calculated_uncertainty_aware_scenario_ensemble_v5,targeted_digital_campaign_with_local_partner_validation,166,186.0,228.0,147.0,109.0,109.0,228.0,119.0,542,29046,0.018660056462163465
country_program_priority_evidence_v5,TCD,Chad,Sub-Saharan Africa,digital_analytics,digital_analytics,Цифровая аналитика и Data/AI,english_plus_russian_preparatory_year,No broad Russian or English functional-language signal is available in CLDR.,249.2168964180784,249.2168964180784,-179.25725322112535,239.29088126939223,1145.3485649413915,0.8116666666666666,0.3416666666666667,411.0,2023,624.4313090311822,624.4313090311822,375.21441261310383,79.20308789517169,64.28650634158102,0.0,100.0,point_score multiplied by probability of positive structural gap,63.776472473292976,36.276472473292976,91.27647247329298,0.45,limited,False,11.019553167178277,"{""digital_finance_business_informatics"": 0.1237002389393255, ""economic_legal"": 0.0561767026016118}",calculated_from_existing_mgimo_country_profile_scores,80.99834319526626,80.86266231881814,84.12359954610515,6,1284,49.26384458706205,47.031773785042134,50.99714406817332,31.19734132142078,48.14780918605209,48.14780918605209,31.19734132142078,50.99714406817332,31.19734132142078,50.99714406817332,19.79980274675254,7.488508370251315,62.50534167401523,55.01683330376391,C_monitor_and_test,"{""academic_fit"": 31.19734132142078, ""balanced"": 49.26384458706205, ""labor_market"": 50.99714406817332, ""recruitment"": 47.031773785042134}","{""academic_fit"": 10.099653456439952, ""balanced"": 12.585457624070845, ""labor_market"": 20.33574797753887, ""recruitment"": 7.488508370251315}","{""academic_fit"": 36.89604875930062, ""balanced"": 60.95170992501644, ""labor_market"": 59.67696171396884, ""recruitment"": 62.50534167401523}","{""academic_fit"": {""country_opportunity"": 0.25, ""friendliness"": 0.15, ""labor_demand"": 0.15, ""program_fit"": 0.45}, ""balanced"": {""country_opportunity"": 0.3, ""friendliness"": 0.2, ""labor_demand"": 0.3, ""program_fit"": 0.2}, ""labor_market"": {""country_opportunity"": 0.2, ""friendliness"": 0.15, ""labor_demand"": 0.45, ""program_fit"": 0.2}, ""recruitment"": {""country_opportunity"": 0.4, ""friendliness"": 0.3, ""labor_demand"": 0.1, ""program_fit"": 0.2}}",uncertainty_adjusted_management_priority_index_not_predicted_student_count,not_identified_ex_ante,,,,"incremental qualified applications, offers and enrolments attributable to the recruitment intervention",requires_prospective_campaign_evaluation,24,pre_registered_country_program_campaign_with_matched_comparison_or_stepped_wedge_rollout,qualified_leads;applications;offers;enrolments;yield;cost_per_enrolment,relative_record_level_program_demand_not_search_totals,ppml_russia_inbound_structural_allocation_v3;friendliness_receptivity_ex_ante_v4;trudvsem_program_demand_v5;mgimo_program_profiles,calculated_uncertainty_aware_scenario_ensemble_v5,employer_linked_program_campaign_and_case_competitions,167,158.0,208.0,131.0,268.0,131.0,268.0,137.0,1284,29046,0.04420574261516216
country_program_priority_evidence_v5,AZE,Azerbaijan,Europe & Central Asia,management_public,management_public,Управление и государственная политика,english_plus_russian_preparatory_year,No broad Russian or English functional-language signal is available in CLDR.,15116.55996574624,15116.55996574624,8152.10522003389,13587.33892593225,18211.214328846352,1.0,1.0,5965.0,2023,22566.20697470832,22566.20697470832,7449.647008962082,100.0,100.0,100.0,100.0,point_score multiplied by probability of positive structural gap,65.98981332659201,38.489813326592014,93.489813326592,0.45,limited,False,35.767892190904924,"{""diplomatic_analytic"": 0.3534390310390914, ""economic_legal"": 0.3640387582139859}",calculated_from_existing_mgimo_country_profile_scores,22.16559633027523,21.459607571000703,22.88853092188952,5,89,48.386430365696725,62.34302929595547,39.60203750871468,47.84623153600309,48.11633095084991,48.11633095084991,39.60203750871468,62.34302929595547,39.60203750871468,62.34302929595547,22.740991787240787,36.07782797774214,69.33226112353864,33.254433145796504,C_monitor_and_test,"{""academic_fit"": 47.84623153600309, ""balanced"": 48.386430365696725, ""labor_market"": 39.60203750871468, ""recruitment"": 62.34302929595547}","{""academic_fit"": 43.99496600466783, ""balanced"": 43.13069440382178, ""labor_market"": 36.07782797774214, ""recruitment"": 53.037941878125}","{""academic_fit"": 50.61229897586652, ""balanced"": 52.31215559121899, ""labor_market"": 42.279480809159224, ""recruitment"": 69.33226112353864}","{""academic_fit"": {""country_opportunity"": 0.25, ""friendliness"": 0.15, ""labor_demand"": 0.15, ""program_fit"": 0.45}, ""balanced"": {""country_opportunity"": 0.3, ""friendliness"": 0.2, ""labor_demand"": 0.3, ""program_fit"": 0.2}, ""labor_market"": {""country_opportunity"": 0.2, ""friendliness"": 0.15, ""labor_demand"": 0.45, ""program_fit"": 0.2}, ""recruitment"": {""country_opportunity"": 0.4, ""friendliness"": 0.3, ""labor_demand"": 0.1, ""program_fit"": 0.2}}",uncertainty_adjusted_management_priority_index_not_predicted_student_count,not_identified_ex_ante,,,,"incremental qualified applications, offers and enrolments attributable to the recruitment intervention",requires_prospective_campaign_evaluation,24,pre_registered_country_program_campaign_with_matched_comparison_or_stepped_wedge_rollout,qualified_leads;applications;offers;enrolments;yield;cost_per_enrolment,relative_record_level_program_demand_not_search_totals,ppml_russia_inbound_structural_allocation_v3;friendliness_receptivity_ex_ante_v4;trudvsem_program_demand_v5;mgimo_program_profiles,calculated_uncertainty_aware_scenario_ensemble_v5,digital_recruitment_scholarship_and_olympiad,168,168.0,78.0,226.0,119.0,78.0,226.0,148.0,89,29046,0.003064105212421676
country_program_priority_evidence_v5,LAO,Lao People's Democratic Republic,East Asia & Pacific,international_economics,international_economics,Международная экономика и ВЭД,english_plus_russian_preparatory_year,No broad Russian or English functional-language signal is available in CLDR.,92.70603216073496,92.70603216073496,-103.5293498864682,73.58943798814195,919.2357729117648,0.665,0.0583333333333333,143.0,2023,238.70371074383857,238.70371074383857,145.9976785831036,65.11653896019372,43.30249840852883,0.0,97.88113822851341,point_score multiplied by probability of positive structural gap,64.29911104031498,36.79911104031498,91.799111040315,0.45,limited,False,28.319003088927797,"{""economic_legal"": 0.242884565155919, ""energy_logistics"": 0.4041064280893548}",calculated_from_existing_mgimo_country_profile_scores,63.80753253946275,63.58040409631885,64.03323363437521,6,723,48.92220593470284,47.13184956972908,50.79976100729587,40.87735002930021,48.02702775221596,48.02702775221596,40.87735002930021,50.79976100729587,40.87735002930021,50.79976100729587,9.92241097799566,8.777341944036914,72.23214777834966,63.454805834312744,C_monitor_and_test,"{""academic_fit"": 40.87735002930021, ""balanced"": 48.92220593470284, ""labor_market"": 50.79976100729587, ""recruitment"": 47.13184956972908}","{""academic_fit"": 14.589255077826508, ""balanced"": 14.048663518052912, ""labor_market"": 21.891526455981204, ""recruitment"": 8.777341944036914}","{""academic_fit"": 52.69580032977797, ""balanced"": 66.84853145491397, ""labor_market"": 62.97579183266965, ""recruitment"": 72.23214777834966}","{""academic_fit"": {""country_opportunity"": 0.25, ""friendliness"": 0.15, ""labor_demand"": 0.15, ""program_fit"": 0.45}, ""balanced"": {""country_opportunity"": 0.3, ""friendliness"": 0.2, ""labor_demand"": 0.3, ""program_fit"": 0.2}, ""labor_market"": {""country_opportunity"": 0.2, ""friendliness"": 0.15, ""labor_demand"": 0.45, ""program_fit"": 0.2}, ""recruitment"": {""country_opportunity"": 0.4, ""friendliness"": 0.3, ""labor_demand"": 0.1, ""program_fit"": 0.2}}",uncertainty_adjusted_management_priority_index_not_predicted_student_count,not_identified_ex_ante,,,,"incremental qualified applications, offers and enrolments attributable to the recruitment intervention",requires_prospective_campaign_evaluation,24,pre_registered_country_program_campaign_with_matched_comparison_or_stepped_wedge_rollout,qualified_leads;applications;offers;enrolments;yield;cost_per_enrolment,relative_record_level_program_demand_not_search_totals,ppml_russia_inbound_structural_allocation_v3;friendliness_receptivity_ex_ante_v4;trudvsem_program_demand_v5;mgimo_program_profiles,calculated_uncertainty_aware_scenario_ensemble_v5,targeted_digital_campaign_with_local_partner_validation,169,162.0,206.0,134.0,190.0,134.0,206.0,72.0,723,29046,0.024891551332369345
country_program_priority_evidence_v5,BFA,Burkina Faso,Sub-Saharan Africa,languages_regional,languages_regional,Иностранные языки и регионоведение,english_plus_russian_preparatory_year_plus_target_region_language,No broad Russian or English functional-language signal is available in CLDR.,235.4147839780773,235.4147839780773,74.28192356188265,217.03767895358453,463.0755403403525,1.0,0.035,32.0,2023,272.4262376500111,272.4262376500111,37.011453671933765,78.38929933944887,78.38929933944887,61.97667856140877,88.06262468380872,point_score multiplied by probability of positive structural gap,64.97678479047427,37.47678479047427,92.47678479047428,0.45,limited,False,15.439274935869133,"{""diplomatic_analytic"": 0.149553815328358, ""economic_legal"": 0.1737484854800246}",calculated_from_existing_mgimo_country_profile_scores,52.68428650749584,48.864850295110166,52.853722353772,5,542,49.16048217035784,52.18696112528743,46.7893979841322,35.49376461769277,47.97494007724502,47.97494007724502,35.49376461769277,52.18696112528743,35.49376461769277,52.18696112528743,16.693196507594664,30.554118223343607,60.68286214533675,30.12874392199314,C_monitor_and_test,"{""academic_fit"": 35.49376461769277, ""balanced"": 49.16048217035784, ""labor_market"": 46.7893979841322, ""recruitment"": 52.18696112528743}","{""academic_fit"": 30.554118223343607, ""balanced"": 40.27051598513312, ""labor_market"": 39.85460032850508, ""recruitment"": 40.166699107488505}","{""academic_fit"": 38.506816825562716, ""balanced"": 54.60963529981807, ""labor_market"": 50.518087171323764, ""recruitment"": 60.68286214533675}","{""academic_fit"": {""country_opportunity"": 0.25, ""friendliness"": 0.15, ""labor_demand"": 0.15, ""program_fit"": 0.45}, ""balanced"": {""country_opportunity"": 0.3, ""friendliness"": 0.2, ""labor_demand"": 0.3, ""program_fit"": 0.2}, ""labor_market"": {""country_opportunity"": 0.2, ""friendliness"": 0.15, ""labor_demand"": 0.45, ""program_fit"": 0.2}, ""recruitment"": {""country_opportunity"": 0.4, ""friendliness"": 0.3, ""labor_demand"": 0.1, ""program_fit"": 0.2}}",uncertainty_adjusted_management_priority_index_not_predicted_student_count,not_identified_ex_ante,,,,"incremental qualified applications, offers and enrolments attributable to the recruitment intervention",requires_prospective_campaign_evaluation,24,pre_registered_country_program_campaign_with_matched_comparison_or_stepped_wedge_rollout,qualified_leads;applications;offers;enrolments;yield;cost_per_enrolment,relative_record_level_program_demand_not_search_totals,ppml_russia_inbound_structural_allocation_v3;friendliness_receptivity_ex_ante_v4;trudvsem_program_demand_v5;mgimo_program_profiles,calculated_uncertainty_aware_scenario_ensemble_v5,targeted_digital_campaign_with_local_partner_validation,170,160.0,148.0,170.0,236.0,148.0,236.0,88.0,542,29046,0.018660056462163465
country_program_priority_evidence_v5,SYR,Syrian Arab Republic,Middle East & North Africa,international_economics,international_economics,Международная экономика и ВЭД,english_plus_russian_preparatory_year,No broad Russian or English functional-language signal is available in CLDR.,2790.011825756514,2790.011825756514,-934.5274782324938,2519.8290835864877,8793.305652129202,0.8966666666666666,0.8566666666666667,3672.0,2023,6331.500059389364,6331.500059389364,3541.4882336328496,100.0,89.66666666666666,0.0,100.0,point_score multiplied by probability of positive structural gap,67.47725890252876,39.97725890252875,94.97725890252876,0.45,limited,False,8.31024797766754,"{""economic_legal"": 0.0786469751080882, ""energy_logistics"": 0.096468993782437}",calculated_from_existing_mgimo_country_profile_scores,63.80753253946275,63.58040409631885,64.03323363437521,6,723,48.674566259114535,50.614668240303494,46.937918859513594,29.386568667934032,47.806242559314065,47.806242559314065,29.386568667934032,50.614668240303494,29.386568667934032,50.614668240303494,21.228099572369462,7.148975732814662,58.50102332845347,51.35204759563881,C_monitor_and_test,"{""academic_fit"": 29.386568667934032, ""balanced"": 48.674566259114535, ""labor_market"": 46.937918859513594, ""recruitment"": 50.614668240303494}","{""academic_fit"": 8.812674657882038, ""balanced"": 11.350361250095013, ""labor_market"": 17.615608619786933, ""recruitment"": 7.148975732814662}","{""academic_fit"": 31.77511164695499, ""balanced"": 53.844526376062596, ""labor_market"": 50.532561012779766, ""recruitment"": 58.50102332845347}","{""academic_fit"": {""country_opportunity"": 0.25, ""friendliness"": 0.15, ""labor_demand"": 0.15, ""program_fit"": 0.45}, ""balanced"": {""country_opportunity"": 0.3, ""friendliness"": 0.2, ""labor_demand"": 0.3, ""program_fit"": 0.2}, ""labor_market"": {""country_opportunity"": 0.2, ""friendliness"": 0.15, ""labor_demand"": 0.45, ""program_fit"": 0.2}, ""recruitment"": {""country_opportunity"": 0.4, ""friendliness"": 0.3, ""labor_demand"": 0.1, ""program_fit"": 0.2}}",uncertainty_adjusted_management_priority_index_not_predicted_student_count,not_identified_ex_ante,,,,"incremental qualified applications, offers and enrolments attributable to the recruitment intervention",requires_prospective_campaign_evaluation,24,pre_registered_country_program_campaign_with_matched_comparison_or_stepped_wedge_rollout,qualified_leads;applications;offers;enrolments;yield;cost_per_enrolment,relative_record_level_program_demand_not_search_totals,ppml_russia_inbound_structural_allocation_v3;friendliness_receptivity_ex_ante_v4;trudvsem_program_demand_v5;mgimo_program_profiles,calculated_uncertainty_aware_scenario_ensemble_v5,digital_recruitment_scholarship_and_olympiad,171,164.0,166.0,169.0,278.0,164.0,278.0,114.0,723,29046,0.024891551332369345
country_program_priority_evidence_v5,COM,Comoros,Sub-Saharan Africa,international_economics,international_economics,Международная экономика и ВЭД,english_plus_russian_preparatory_year,No broad Russian or English functional-language signal is available in CLDR.,62.71203980649686,62.71203980649686,5.010048404428561,56.4437042489474,197.3415730008163,0.99,0.0016666666666666,27.0,2023,86.23551797335189,86.23551797335189,23.523478166855032,59.583423159682624,58.9875889280858,25.722016622918822,75.87082577977571,point_score multiplied by probability of positive structural gap,62.99280702509604,35.49280702509604,90.49280702509604,0.45,limited,False,16.264909995839535,"{""economic_legal"": 0.134115342579485, ""energy_logistics"": 0.2482503720951265}",calculated_from_existing_mgimo_country_profile_scores,63.80753253946275,63.58040409631885,64.03323363437521,6,723,48.000282139240035,47.570525560635055,48.40329362025508,34.64028196324014,47.785403849937545,47.785403849937545,34.64028196324014,48.40329362025508,34.64028196324014,48.40329362025508,13.763011657014935,25.999564973144263,58.49863454524487,32.49906957210061,C_monitor_and_test,"{""academic_fit"": 34.64028196324014, ""balanced"": 48.000282139240035, ""labor_market"": 48.40329362025508, ""recruitment"": 47.570525560635055}","{""academic_fit"": 25.999564973144263, ""balanced"": 33.62357909456088, ""labor_market"": 37.7886839920823, ""recruitment"": 29.07578433346381}","{""academic_fit"": 38.90642274385912, ""balanced"": 55.5978437879337, ""labor_market"": 53.75052976981948, ""recruitment"": 58.49863454524487}","{""academic_fit"": {""country_opportunity"": 0.25, ""friendliness"": 0.15, ""labor_demand"": 0.15, ""program_fit"": 0.45}, ""balanced"": {""country_opportunity"": 0.3, ""friendliness"": 0.2, ""labor_demand"": 0.3, ""program_fit"": 0.2}, ""labor_market"": {""country_opportunity"": 0.2, ""friendliness"": 0.15, ""labor_demand"": 0.45, ""program_fit"": 0.2}, ""recruitment"": {""country_opportunity"": 0.4, ""friendliness"": 0.3, ""labor_demand"": 0.1, ""program_fit"": 0.2}}",uncertainty_adjusted_management_priority_index_not_predicted_student_count,not_identified_ex_ante,,,,"incremental qualified applications, offers and enrolments attributable to the recruitment intervention",requires_prospective_campaign_evaluation,24,pre_registered_country_program_campaign_with_matched_comparison_or_stepped_wedge_rollout,qualified_leads;applications;offers;enrolments;yield;cost_per_enrolment,relative_record_level_program_demand_not_search_totals,ppml_russia_inbound_structural_allocation_v3;friendliness_receptivity_ex_ante_v4;trudvsem_program_demand_v5;mgimo_program_profiles,calculated_uncertainty_aware_scenario_ensemble_v5,targeted_digital_campaign_with_local_partner_validation,172,177.0,201.0,161.0,243.0,161.0,243.0,82.0,723,29046,0.024891551332369345
country_program_priority_evidence_v5,COK,Cook Islands,,international_economics,international_economics,Международная экономика и ВЭД,english_with_optional_russian_preparatory_module,CLDR indicates a material functional English-language environment.,9.385047583606324,9.385047583606324,0.5712077375165258,9.19715385279822,81.51010851340784,0.99,0.0033333333333333,1.0,2023,10.252419450308777,10.252419450308777,0.8673718667024498,33.56633145335767,33.23066813882409,6.480507027515751,63.291594954977334,point_score multiplied by probability of positive structural gap,50.0,0.0,100.0,0.0,,,50.0,{},calculated_from_existing_mgimo_country_profile_scores,63.80753253946275,63.58040409631885,64.03323363437521,6,723,48.141426561749626,44.095311342639306,51.93291879768266,47.377091849809474,47.75925920577955,47.75925920577955,44.095311342639306,51.93291879768266,44.095311342639306,51.93291879768266,7.837607455043354,7.3752229154964555,69.67296430800208,62.29774139250562,C_monitor_and_test,"{""academic_fit"": 47.377091849809474, ""balanced"": 48.141426561749626, ""labor_market"": 51.93291879768266, ""recruitment"": 44.095311342639306}","{""academic_fit"": 17.950769817674235, ""balanced"": 13.880406962438396, ""labor_market"": 21.209196201033652, ""recruitment"": 7.3752229154964555}","{""academic_fit"": 61.48118985034572, ""balanced"": 66.74885201234318, ""labor_market"": 65.3706215785626, ""recruitment"": 69.67296430800208}","{""academic_fit"": {""country_opportunity"": 0.25, ""friendliness"": 0.15, ""labor_demand"": 0.15, ""program_fit"": 0.45}, ""balanced"": {""country_opportunity"": 0.3, ""friendliness"": 0.2, ""labor_demand"": 0.3, ""program_fit"": 0.2}, ""labor_market"": {""country_opportunity"": 0.2, ""friendliness"": 0.15, ""labor_demand"": 0.45, ""program_fit"": 0.2}, ""recruitment"": {""country_opportunity"": 0.4, ""friendliness"": 0.3, ""labor_demand"": 0.1, ""program_fit"": 0.2}}",uncertainty_adjusted_management_priority_index_not_predicted_student_count,not_identified_ex_ante,,,,"incremental qualified applications, offers and enrolments attributable to the recruitment intervention",requires_prospective_campaign_evaluation,24,pre_registered_country_program_campaign_with_matched_comparison_or_stepped_wedge_rollout,qualified_leads;applications;offers;enrolments;yield;cost_per_enrolment,relative_record_level_program_demand_not_search_totals,ppml_russia_inbound_structural_allocation_v3;friendliness_receptivity_ex_ante_v4;trudvsem_program_demand_v5;mgimo_program_profiles,calculated_uncertainty_aware_scenario_ensemble_v5,targeted_digital_campaign_with_local_partner_validation,173,173.0,248.0,123.0,124.0,123.0,248.0,125.0,723,29046,0.024891551332369345
country_program_priority_evidence_v5,MRT,Mauritania,Sub-Saharan Africa,languages_regional,languages_regional,Иностранные языки и регионоведение,english_plus_russian_preparatory_year_plus_target_region_language,No broad Russian or English functional-language signal is available in CLDR.,85.22891647622886,85.22891647622886,-22.40781741650686,76.3924060074627,255.80417385514824,0.9066666666666666,0.0,115.0,2023,181.52672596232597,181.52672596232597,96.29780948609708,63.92387350204404,57.95764530851993,0.0,79.57578351279251,point_score multiplied by probability of positive structural gap,63.88692361596967,36.38692361596967,91.38692361596968,0.45,limited,False,22.495843747477277,"{""diplomatic_analytic"": 0.2182775998370455, ""economic_legal"": 0.2516817880256818}",calculated_from_existing_mgimo_country_profile_scores,52.68428650749584,48.864850295110166,52.853722353772,5,542,48.130953655290405,49.513629326862734,47.23236287304223,38.59759853506227,47.681658264166316,47.681658264166316,38.59759853506227,49.513629326862734,38.59759853506227,49.513629326862734,10.916030791800466,8.155905901043656,62.39695186865529,54.24104596761164,C_monitor_and_test,"{""academic_fit"": 38.59759853506227, ""balanced"": 48.130953655290405, ""labor_market"": 47.23236287304223, ""recruitment"": 49.513629326862734}","{""academic_fit"": 12.682408397188038, ""balanced"": 12.409638695966711, ""labor_market"": 18.61196935065339, ""recruitment"": 8.155905901043656}","{""academic_fit"": 44.025030535813364, ""balanced"": 56.78387365916097, ""labor_market"": 53.08922625025062, ""recruitment"": 62.39695186865529}","{""academic_fit"": {""country_opportunity"": 0.25, ""friendliness"": 0.15, ""labor_demand"": 0.15, ""program_fit"": 0.45}, ""balanced"": {""country_opportunity"": 0.3, ""friendliness"": 0.2, ""labor_demand"": 0.3, ""program_fit"": 0.2}, ""labor_market"": {""country_opportunity"": 0.2, ""friendliness"": 0.15, ""labor_demand"": 0.45, ""program_fit"": 0.2}, ""recruitment"": {""country_opportunity"": 0.4, ""friendliness"": 0.3, ""labor_demand"": 0.1, ""program_fit"": 0.2}}",uncertainty_adjusted_management_priority_index_not_predicted_student_count,not_identified_ex_ante,,,,"incremental qualified applications, offers and enrolments attributable to the recruitment intervention",requires_prospective_campaign_evaluation,24,pre_registered_country_program_campaign_with_matched_comparison_or_stepped_wedge_rollout,qualified_leads;applications;offers;enrolments;yield;cost_per_enrolment,relative_record_level_program_demand_not_search_totals,ppml_russia_inbound_structural_allocation_v3;friendliness_receptivity_ex_ante_v4;trudvsem_program_demand_v5;mgimo_program_profiles,calculated_uncertainty_aware_scenario_ensemble_v5,targeted_digital_campaign_with_local_partner_validation,174,174.0,180.0,167.0,209.0,167.0,209.0,42.0,542,29046,0.018660056462163465
country_program_priority_evidence_v5,BRB,Barbados,Latin America & Caribbean,international_economics,international_economics,Международная экономика и ВЭД,english_with_optional_russian_preparatory_module,CLDR indicates a material functional English-language environment.,4.888493575201069,4.888493575201069,0.6790261582998952,4.477979354785928,20.49541121462832,1.0,0.0,0.0,2023,5.332909213131059,5.332909213131059,0.4444156379299898,25.42896543863592,25.42896543863592,7.432398924964803,43.999985950642355,point_score multiplied by probability of positive structural gap,62.82312625679632,35.323126256796314,90.32312625679631,0.45,limited,False,54.967178855106816,"{""economic_legal"": 0.6191306893720286, ""energy_logistics"": 0.3412950860881866}",calculated_from_existing_mgimo_country_profile_scores,63.80753253946275,63.58040409631885,64.03323363437521,6,723,47.46490532771051,43.326473864408484,51.95884900438234,47.89158804742337,47.67824668756694,47.67824668756694,43.326473864408484,51.95884900438234,43.326473864408484,51.95884900438234,8.632375139973853,23.158520408873898,61.08095344510479,37.92243303623089,C_monitor_and_test,"{""academic_fit"": 47.89158804742337, ""balanced"": 47.46490532771051, ""labor_market"": 51.95884900438234, ""recruitment"": 43.326473864408484}","{""academic_fit"": 33.05818808066681, ""balanced"": 30.068898852807386, ""labor_market"": 37.93397577070873, ""recruitment"": 23.158520408873898}","{""academic_fit"": 57.75760493213898, ""balanced"": 59.880550124873125, ""labor_market"": 61.08095344510479, ""recruitment"": 59.70875650214668}","{""academic_fit"": {""country_opportunity"": 0.25, ""friendliness"": 0.15, ""labor_demand"": 0.15, ""program_fit"": 0.45}, ""balanced"": {""country_opportunity"": 0.3, ""friendliness"": 0.2, ""labor_demand"": 0.3, ""program_fit"": 0.2}, ""labor_market"": {""country_opportunity"": 0.2, ""friendliness"": 0.15, ""labor_demand"": 0.45, ""program_fit"": 0.2}, ""recruitment"": {""country_opportunity"": 0.4, ""friendliness"": 0.3, ""labor_demand"": 0.1, ""program_fit"": 0.2}}",uncertainty_adjusted_management_priority_index_not_predicted_student_count,not_identified_ex_ante,,,,"incremental qualified applications, offers and enrolments attributable to the recruitment intervention",requires_prospective_campaign_evaluation,24,pre_registered_country_program_campaign_with_matched_comparison_or_stepped_wedge_rollout,qualified_leads;applications;offers;enrolments;yield;cost_per_enrolment,relative_record_level_program_demand_not_search_totals,ppml_russia_inbound_structural_allocation_v3;friendliness_receptivity_ex_ante_v4;trudvsem_program_demand_v5;mgimo_program_profiles,calculated_uncertainty_aware_scenario_ensemble_v5,targeted_digital_campaign_with_local_partner_validation,175,185.0,256.0,122.0,117.0,117.0,256.0,139.0,723,29046,0.024891551332369345
country_program_priority_evidence_v5,NPL,Nepal,South Asia,legal_public,legal_public,Международное право и комплаенс,english_plus_russian_preparatory_year,No broad Russian or English functional-language signal is available in CLDR.,1075.5996140261825,1075.5996140261825,286.4172296092276,998.3002316758184,2764.8976282259064,1.0,0.99,94.0,2023,1174.2304663495102,1174.2304663495102,98.6308523233276,100.0,100.0,81.19103317197752,100.0,point_score multiplied by probability of positive structural gap,63.8663064372496,36.3663064372496,91.3663064372496,0.45,limited,False,25.53176971260127,"{""diplomatic_analytic"": 0.2562185949178756, ""economic_legal"": 0.2549315980723572}",calculated_from_existing_mgimo_country_profile_scores,33.810526315789474,33.51626038781164,34.93637368711995,5,363,50.89150483716895,60.24725015392406,44.347463560197085,43.703199438817755,47.61948419868302,47.61948419868302,43.703199438817755,60.24725015392406,43.703199438817755,60.24725015392406,16.5440507151063,38.16410841460536,67.19979029842318,29.035681883817823,C_monitor_and_test,"{""academic_fit"": 43.703199438817755, ""balanced"": 50.89150483716895, ""labor_market"": 44.347463560197085, ""recruitment"": 60.24725015392406}","{""academic_fit"": 38.16410841460536, ""balanced"": 42.734867046801845, ""labor_market"": 39.02828476644189, ""recruitment"": 46.97946545117602}","{""academic_fit"": 46.303193223414056, ""balanced"": 55.143112123395966, ""labor_market"": 47.436604434763574, ""recruitment"": 67.19979029842318}","{""academic_fit"": {""country_opportunity"": 0.25, ""friendliness"": 0.15, ""labor_demand"": 0.15, ""program_fit"": 0.45}, ""balanced"": {""country_opportunity"": 0.3, ""friendliness"": 0.2, ""labor_demand"": 0.3, ""program_fit"": 0.2}, ""labor_market"": {""country_opportunity"": 0.2, ""friendliness"": 0.15, ""labor_demand"": 0.45, ""program_fit"": 0.2}, ""recruitment"": {""country_opportunity"": 0.4, ""friendliness"": 0.3, ""labor_demand"": 0.1, ""program_fit"": 0.2}}",uncertainty_adjusted_management_priority_index_not_predicted_student_count,not_identified_ex_ante,,,,"incremental qualified applications, offers and enrolments attributable to the recruitment intervention",requires_prospective_campaign_evaluation,24,pre_registered_country_program_campaign_with_matched_comparison_or_stepped_wedge_rollout,qualified_leads;applications;offers;enrolments;yield;cost_per_enrolment,relative_record_level_program_demand_not_search_totals,ppml_russia_inbound_structural_allocation_v3;friendliness_receptivity_ex_ante_v4;trudvsem_program_demand_v5;mgimo_program_profiles,calculated_uncertainty_aware_scenario_ensemble_v5,targeted_digital_campaign_with_local_partner_validation,176,144.0,91.0,188.0,159.0,91.0,188.0,97.0,363,29046,0.012497417888865936
country_program_priority_evidence_v5,BRA,Brazil,Latin America & Caribbean,languages_regional,languages_regional,Иностранные языки и регионоведение,english_plus_russian_preparatory_year_plus_target_region_language,No broad Russian or English functional-language signal is available in CLDR.,85.43170022491807,85.43170022491807,-181.2820702477455,57.08296170262864,768.9202486279605,0.6316666666666667,0.145,227.0,2023,435.0658326309589,435.0658326309589,349.63413240604086,63.95756264482146,40.39986040397889,0.0,95.32328326858273,point_score multiplied by probability of positive structural gap,56.86413841445693,39.36413841445693,74.36413841445693,0.65,moderate,True,42.95556229551628,"{""diplomatic_analytic"": 0.4411029097198089, ""economic_legal"": 0.3833664758965783}",calculated_from_existing_mgimo_country_profile_scores,52.68428650749584,48.864850295110166,52.853722353772,5,542,47.9531467119583,47.07480294714963,49.031347253272216,46.0387024372124,47.51397482955396,47.51397482955396,46.0387024372124,49.031347253272216,46.0387024372124,49.031347253272216,2.9926448160598156,9.459312043895608,71.45701980194914,61.99770775805354,C_monitor_and_test,"{""academic_fit"": 46.0387024372124, ""balanced"": 47.9531467119583, ""labor_market"": 49.031347253272216, ""recruitment"": 47.07480294714963}","{""academic_fit"": 17.006047398842412, ""balanced"": 14.282981952871612, ""labor_market"": 21.339698592260483, ""recruitment"": 9.459312043895608}","{""academic_fit"": 59.18678411756161, ""balanced"": 65.1926212316012, ""labor_market"": 60.48524409793785, ""recruitment"": 71.45701980194914}","{""academic_fit"": {""country_opportunity"": 0.25, ""friendliness"": 0.15, ""labor_demand"": 0.15, ""program_fit"": 0.45}, ""balanced"": {""country_opportunity"": 0.3, ""friendliness"": 0.2, ""labor_demand"": 0.3, ""program_fit"": 0.2}, ""labor_market"": {""country_opportunity"": 0.2, ""friendliness"": 0.15, ""labor_demand"": 0.45, ""program_fit"": 0.2}, ""recruitment"": {""country_opportunity"": 0.4, ""friendliness"": 0.3, ""labor_demand"": 0.1, ""program_fit"": 0.2}}",uncertainty_adjusted_management_priority_index_not_predicted_student_count,not_identified_ex_ante,,,,"incremental qualified applications, offers and enrolments attributable to the recruitment intervention",requires_prospective_campaign_evaluation,24,pre_registered_country_program_campaign_with_matched_comparison_or_stepped_wedge_rollout,qualified_leads;applications;offers;enrolments;yield;cost_per_enrolment,relative_record_level_program_demand_not_search_totals,ppml_russia_inbound_structural_allocation_v3;friendliness_receptivity_ex_ante_v4;trudvsem_program_demand_v5;mgimo_program_profiles,calculated_uncertainty_aware_scenario_ensemble_v5,targeted_digital_campaign_with_local_partner_validation,177,179.0,207.0,154.0,141.0,141.0,207.0,66.0,542,29046,0.018660056462163465
country_program_priority_evidence_v5,FJI,Fiji,East Asia & Pacific,international_economics,international_economics,Международная экономика и ВЭД,english_with_optional_russian_preparatory_module,CLDR indicates a material functional English-language environment.,7.627020882740514,7.627020882740514,1.2039860349869458,6.669231625580992,43.267269859997896,1.0,0.0,0.0,2023,7.627020882740514,7.627020882740514,0.0,30.906289889035474,30.906289889035474,11.334283146520756,54.36097719416004,point_score multiplied by probability of positive structural gap,61.00551914526677,33.505519145266774,88.50551914526677,0.45,limited,False,46.76447283191683,"{""economic_legal"": 0.4674191587582244, ""energy_logistics"": 0.4683214370019999}",calculated_from_existing_mgimo_country_profile_scores,63.80753253946275,63.58040409631885,64.03323363437521,6,723,48.376699086391866,44.868525712256435,52.044028557355205,46.542887484764066,47.459793285577966,47.459793285577966,44.868525712256435,52.044028557355205,44.868525712256435,52.044028557355205,7.1755028450987695,25.72301287648044,62.4668494474606,36.743836570980164,C_monitor_and_test,"{""academic_fit"": 46.542887484764066, ""balanced"": 48.376699086391866, ""labor_market"": 52.044028557355205, ""recruitment"": 44.868525712256435}","{""academic_fit"": 33.59330618247875, ""balanced"": 32.31779626577244, ""labor_market"": 39.350570476725885, ""recruitment"": 25.72301287648044}","{""academic_fit"": 56.47088354486407, ""balanced"": 61.48530278270701, ""labor_market"": 61.493434943500155, ""recruitment"": 62.4668494474606}","{""academic_fit"": {""country_opportunity"": 0.25, ""friendliness"": 0.15, ""labor_demand"": 0.15, ""program_fit"": 0.45}, ""balanced"": {""country_opportunity"": 0.3, ""friendliness"": 0.2, ""labor_demand"": 0.3, ""program_fit"": 0.2}, ""labor_market"": {""country_opportunity"": 0.2, ""friendliness"": 0.15, ""labor_demand"": 0.45, ""program_fit"": 0.2}, ""recruitment"": {""country_opportunity"": 0.4, ""friendliness"": 0.3, ""labor_demand"": 0.1, ""program_fit"": 0.2}}",uncertainty_adjusted_management_priority_index_not_predicted_student_count,not_identified_ex_ante,,,,"incremental qualified applications, offers and enrolments attributable to the recruitment intervention",requires_prospective_campaign_evaluation,24,pre_registered_country_program_campaign_with_matched_comparison_or_stepped_wedge_rollout,qualified_leads;applications;offers;enrolments;yield;cost_per_enrolment,relative_record_level_program_demand_not_search_totals,ppml_russia_inbound_structural_allocation_v3;friendliness_receptivity_ex_ante_v4;trudvsem_program_demand_v5;mgimo_program_profiles,calculated_uncertainty_aware_scenario_ensemble_v5,targeted_digital_campaign_with_local_partner_validation,178,169.0,239.0,120.0,134.0,120.0,239.0,119.0,723,29046,0.024891551332369345
country_program_priority_evidence_v5,SYR,Syrian Arab Republic,Middle East & North Africa,languages_regional,languages_regional,Иностранные языки и регионоведение,english_plus_russian_preparatory_year_plus_target_region_language,No broad Russian or English functional-language signal is available in CLDR.,2790.011825756514,2790.011825756514,-934.5274782324938,2519.8290835864877,8793.305652129202,0.8966666666666666,0.8566666666666667,3672.0,2023,6331.500059389364,6331.500059389364,3541.4882336328496,100.0,89.66666666666666,0.0,100.0,point_score multiplied by probability of positive structural gap,67.47725890252876,39.97725890252875,94.97725890252876,0.45,limited,False,11.73014122417043,"{""diplomatic_analytic"": 0.1269650215251083, ""economic_legal"": 0.0786469751080882}",calculated_from_existing_mgimo_country_profile_scores,52.68428650749584,48.864850295110166,52.853722353772,5,542,48.97145351888727,52.87774900762429,45.909016493179706,32.88701990832219,47.44023500603349,47.44023500603349,32.88701990832219,52.87774900762429,32.88701990832219,52.87774900762429,19.9907290993021,7.416305196064865,61.114729724377405,53.69842452831254,C_monitor_and_test,"{""academic_fit"": 32.88701990832219, ""balanced"": 48.97145351888727, ""labor_market"": 45.909016493179706, ""recruitment"": 52.87774900762429}","{""academic_fit"": 9.75897463993076, ""balanced"": 11.181297609981327, ""labor_market"": 16.692994100086008, ""recruitment"": 7.416305196064865}","{""academic_fit"": 35.55834422110631, ""balanced"": 54.16765930518677, ""labor_market"": 49.4176254917838, ""recruitment"": 61.114729724377405}","{""academic_fit"": {""country_opportunity"": 0.25, ""friendliness"": 0.15, ""labor_demand"": 0.15, ""program_fit"": 0.45}, ""balanced"": {""country_opportunity"": 0.3, ""friendliness"": 0.2, ""labor_demand"": 0.3, ""program_fit"": 0.2}, ""labor_market"": {""country_opportunity"": 0.2, ""friendliness"": 0.15, ""labor_demand"": 0.45, ""program_fit"": 0.2}, ""recruitment"": {""country_opportunity"": 0.4, ""friendliness"": 0.3, ""labor_demand"": 0.1, ""program_fit"": 0.2}}",uncertainty_adjusted_management_priority_index_not_predicted_student_count,not_identified_ex_ante,,,,"incremental qualified applications, offers and enrolments attributable to the recruitment intervention",requires_prospective_campaign_evaluation,24,pre_registered_country_program_campaign_with_matched_comparison_or_stepped_wedge_rollout,qualified_leads;applications;offers;enrolments;yield;cost_per_enrolment,relative_record_level_program_demand_not_search_totals,ppml_russia_inbound_structural_allocation_v3;friendliness_receptivity_ex_ante_v4;trudvsem_program_demand_v5;mgimo_program_profiles,calculated_uncertainty_aware_scenario_ensemble_v5,digital_recruitment_scholarship_and_olympiad,179,161.0,143.0,177.0,261.0,143.0,261.0,118.0,542,29046,0.018660056462163465
country_program_priority_evidence_v5,UGA,Uganda,Sub-Saharan Africa,languages_regional,languages_regional,Иностранные языки и регионоведение,english_with_optional_russian_preparatory_module_plus_target_region_language,CLDR indicates a material functional English-language environment.,243.71786376458917,243.71786376458917,30.84824157647777,229.0180216993124,628.9893447637004,1.0,0.0983333333333333,99.0,2023,330.2004674675871,330.2004674675871,86.48260370299793,78.88437024465559,78.88437024465559,49.638570683699605,92.44643962579326,point_score multiplied by probability of positive structural gap,64.20508339789163,36.70508339789163,91.70508339789164,0.45,limited,False,14.524993423956738,"{""diplomatic_analytic"": 0.1407738200277052, ""economic_legal"": 0.1631543910870162}",calculated_from_existing_mgimo_country_profile_scores,52.68428650749584,48.864850295110166,52.853722353772,5,542,48.577359298496546,51.539332845871755,46.232856378680005,34.58418274817367,47.40510783858828,47.40510783858828,34.58418274817367,51.539332845871755,34.58418274817367,51.539332845871755,16.955150097698088,28.112035392508627,61.00460960328349,32.89257421077487,C_monitor_and_test,"{""academic_fit"": 34.58418274817367, ""balanced"": 48.577359298496546, ""labor_market"": 46.232856378680005, ""recruitment"": 51.539332845871755}","{""academic_fit"": 28.112035392508627, ""balanced"": 37.14049433605275, ""labor_market"": 37.605270642708746, ""recruitment"": 36.17236549421435}","{""academic_fit"": 37.93423659720068, ""balanced"": 54.681342282593995, ""labor_market"": 50.36282378427194, ""recruitment"": 61.00460960328349}","{""academic_fit"": {""country_opportunity"": 0.25, ""friendliness"": 0.15, ""labor_demand"": 0.15, ""program_fit"": 0.45}, ""balanced"": {""country_opportunity"": 0.3, ""friendliness"": 0.2, ""labor_demand"": 0.3, ""program_fit"": 0.2}, ""labor_market"": {""country_opportunity"": 0.2, ""friendliness"": 0.15, ""labor_demand"": 0.45, ""program_fit"": 0.2}, ""recruitment"": {""country_opportunity"": 0.4, ""friendliness"": 0.3, ""labor_demand"": 0.1, ""program_fit"": 0.2}}",uncertainty_adjusted_management_priority_index_not_predicted_student_count,not_identified_ex_ante,,,,"incremental qualified applications, offers and enrolments attributable to the recruitment intervention",requires_prospective_campaign_evaluation,24,pre_registered_country_program_campaign_with_matched_comparison_or_stepped_wedge_rollout,qualified_leads;applications;offers;enrolments;yield;cost_per_enrolment,relative_record_level_program_demand_not_search_totals,ppml_russia_inbound_structural_allocation_v3;friendliness_receptivity_ex_ante_v4;trudvsem_program_demand_v5;mgimo_program_profiles,calculated_uncertainty_aware_scenario_ensemble_v5,targeted_digital_campaign_with_local_partner_validation,180,166.0,156.0,174.0,244.0,156.0,244.0,88.0,542,29046,0.018660056462163465
country_program_priority_evidence_v5,BRB,Barbados,Latin America & Caribbean,languages_regional,languages_regional,Иностранные языки и регионоведение,english_with_optional_russian_preparatory_module_plus_target_region_language,CLDR indicates a material functional English-language environment.,4.888493575201069,4.888493575201069,0.6790261582998952,4.477979354785928,20.49541121462832,1.0,0.0,0.0,2023,5.332909213131059,5.332909213131059,0.4444156379299898,25.42896543863592,25.42896543863592,7.432398924964803,43.999985950642355,point_score multiplied by probability of positive structural gap,62.82312625679632,35.323126256796314,90.32312625679631,0.45,limited,False,61.43938548835678,"{""diplomatic_analytic"": 0.6132096462614525, ""economic_legal"": 0.6191306893720286}",calculated_from_existing_mgimo_country_profile_scores,52.68428650749584,48.864850295110166,52.853722353772,5,542,45.85050986989227,43.45908277211648,48.793764677752115,48.9078796568206,47.32213727382219,47.32213727382219,43.45908277211648,48.9078796568206,43.45908277211648,48.9078796568206,5.448796884704116,23.066687181460377,59.88955764255319,36.82287046109282,C_monitor_and_test,"{""academic_fit"": 48.9078796568206, ""balanced"": 45.85050986989227, ""labor_market"": 48.793764677752115, ""recruitment"": 43.45908277211648}","{""academic_fit"": 33.40561352140581, ""balanced"": 28.44007212476226, ""labor_market"": 34.51402393426304, ""recruitment"": 23.066687181460377}","{""academic_fit"": 58.98038110428446, ""balanced"": 57.838222262941365, ""labor_market"": 57.35179546835846, ""recruitment"": 59.88955764255319}","{""academic_fit"": {""country_opportunity"": 0.25, ""friendliness"": 0.15, ""labor_demand"": 0.15, ""program_fit"": 0.45}, ""balanced"": {""country_opportunity"": 0.3, ""friendliness"": 0.2, ""labor_demand"": 0.3, ""program_fit"": 0.2}, ""labor_market"": {""country_opportunity"": 0.2, ""friendliness"": 0.15, ""labor_demand"": 0.45, ""program_fit"": 0.2}, ""recruitment"": {""country_opportunity"": 0.4, ""friendliness"": 0.3, ""labor_demand"": 0.1, ""program_fit"": 0.2}}",uncertainty_adjusted_management_priority_index_not_predicted_student_count,not_identified_ex_ante,,,,"incremental qualified applications, offers and enrolments attributable to the recruitment intervention",requires_prospective_campaign_evaluation,24,pre_registered_country_program_campaign_with_matched_comparison_or_stepped_wedge_rollout,qualified_leads;applications;offers;enrolments;yield;cost_per_enrolment,relative_record_level_program_demand_not_search_totals,ppml_russia_inbound_structural_allocation_v3;friendliness_receptivity_ex_ante_v4;trudvsem_program_demand_v5;mgimo_program_profiles,calculated_uncertainty_aware_scenario_ensemble_v5,targeted_digital_campaign_with_local_partner_validation,181,202.0,253.0,157.0,110.0,110.0,253.0,143.0,542,29046,0.018660056462163465
country_program_priority_evidence_v5,BRA,Brazil,Latin America & Caribbean,international_economics,international_economics,Международная экономика и ВЭД,english_plus_russian_preparatory_year,No broad Russian or English functional-language signal is available in CLDR.,85.43170022491807,85.43170022491807,-181.2820702477455,57.08296170262864,768.9202486279605,0.6316666666666667,0.145,227.0,2023,435.0658326309589,435.0658326309589,349.63413240604086,63.95756264482146,40.39986040397889,0.0,95.32328326858273,point_score multiplied by probability of positive structural gap,56.86413841445693,39.36413841445693,74.36413841445693,0.65,moderate,True,34.19109057676963,"{""economic_legal"": 0.3833664758965783, ""energy_logistics"": 0.2175441953810505}",calculated_from_existing_mgimo_country_profile_scores,63.80753253946275,63.58040409631885,64.03323363437521,6,723,48.53269169272083,45.88282167395237,51.04554433243087,42.84777932983362,47.2077566833366,47.2077566833366,42.84777932983362,51.04554433243087,42.84777932983362,51.04554433243087,8.19776500259725,9.284829931176546,69.64992271216146,60.36509278098491,C_monitor_and_test,"{""academic_fit"": 42.84777932983362, ""balanced"": 48.53269169272083, ""labor_market"": 51.04554433243087, ""recruitment"": 45.88282167395237}","{""academic_fit"": 15.995131674229324, ""balanced"": 14.763677036642306, ""labor_market"": 22.9303068055505, ""recruitment"": 9.284829931176546}","{""academic_fit"": 55.087261767246574, ""balanced"": 65.98695787457436, ""labor_market"": 62.97918622458899, ""recruitment"": 69.64992271216146}","{""academic_fit"": {""country_opportunity"": 0.25, ""friendliness"": 0.15, ""labor_demand"": 0.15, ""program_fit"": 0.45}, ""balanced"": {""country_opportunity"": 0.3, ""friendliness"": 0.2, ""labor_demand"": 0.3, ""program_fit"": 0.2}, ""labor_market"": {""country_opportunity"": 0.2, ""friendliness"": 0.15, ""labor_demand"": 0.45, ""program_fit"": 0.2}, ""recruitment"": {""country_opportunity"": 0.4, ""friendliness"": 0.3, ""labor_demand"": 0.1, ""program_fit"": 0.2}}",uncertainty_adjusted_management_priority_index_not_predicted_student_count,not_identified_ex_ante,,,,"incremental qualified applications, offers and enrolments attributable to the recruitment intervention",requires_prospective_campaign_evaluation,24,pre_registered_country_program_campaign_with_matched_comparison_or_stepped_wedge_rollout,qualified_leads;applications;offers;enrolments;yield;cost_per_enrolment,relative_record_level_program_demand_not_search_totals,ppml_russia_inbound_structural_allocation_v3;friendliness_receptivity_ex_ante_v4;trudvsem_program_demand_v5;mgimo_program_profiles,calculated_uncertainty_aware_scenario_ensemble_v5,targeted_digital_campaign_with_local_partner_validation,182,167.0,222.0,130.0,169.0,130.0,222.0,92.0,723,29046,0.024891551332369345
country_program_priority_evidence_v5,BLZ,Belize,Latin America & Caribbean,international_economics,international_economics,Международная экономика и ВЭД,english_with_optional_russian_preparatory_module,CLDR indicates a material functional English-language environment.,6.894533153218362,6.894533153218362,1.063403328858496,6.389389284185105,29.662294986961243,1.0,0.0,0.0,2023,7.018126241475589,7.018126241475589,0.123593088257228,29.63371263927034,29.63371263927034,10.388967789483374,49.094301282291816,point_score multiplied by probability of positive structural gap,62.5769583728075,35.0769583728075,90.07695837280752,0.45,limited,False,46.87755459266166,"{""economic_legal"": 0.4555716177956307, ""energy_logistics"": 0.5083873303195743}",calculated_from_existing_mgimo_country_profile_scores,63.80753253946275,63.58040409631885,64.03323363437521,6,723,48.05211456077281,44.497677545820736,51.840761940248534,46.29421260628827,47.17316358353054,47.17316358353054,44.497677545820736,51.840761940248534,44.497677545820736,51.840761940248534,7.343084394427798,25.262586555829714,60.46232838247106,35.19974182664134,C_monitor_and_test,"{""academic_fit"": 46.29421260628827, ""balanced"": 48.05211456077281, ""labor_market"": 51.840761940248534, ""recruitment"": 44.497677545820736}","{""academic_fit"": 33.18628973291268, ""balanced"": 31.85125420265194, ""labor_market"": 39.00602723511904, ""recruitment"": 25.262586555829714}","{""academic_fit"": 55.279826236714094, ""balanced"": 59.905103606102806, ""labor_market"": 60.46232838247106, ""recruitment"": 60.361001654899304}","{""academic_fit"": {""country_opportunity"": 0.25, ""friendliness"": 0.15, ""labor_demand"": 0.15, ""program_fit"": 0.45}, ""balanced"": {""country_opportunity"": 0.3, ""friendliness"": 0.2, ""labor_demand"": 0.3, ""program_fit"": 0.2}, ""labor_market"": {""country_opportunity"": 0.2, ""friendliness"": 0.15, ""labor_demand"": 0.45, ""program_fit"": 0.2}, ""recruitment"": {""country_opportunity"": 0.4, ""friendliness"": 0.3, ""labor_demand"": 0.1, ""program_fit"": 0.2}}",uncertainty_adjusted_management_priority_index_not_predicted_student_count,not_identified_ex_ante,,,,"incremental qualified applications, offers and enrolments attributable to the recruitment intervention",requires_prospective_campaign_evaluation,24,pre_registered_country_program_campaign_with_matched_comparison_or_stepped_wedge_rollout,qualified_leads;applications;offers;enrolments;yield;cost_per_enrolment,relative_record_level_program_demand_not_search_totals,ppml_russia_inbound_structural_allocation_v3;friendliness_receptivity_ex_ante_v4;trudvsem_program_demand_v5;mgimo_program_profiles,calculated_uncertainty_aware_scenario_ensemble_v5,targeted_digital_campaign_with_local_partner_validation,183,176.0,242.0,124.0,137.0,124.0,242.0,118.0,723,29046,0.024891551332369345
country_program_priority_evidence_v5,WSM,Samoa,East Asia & Pacific,languages_regional,languages_regional,Иностранные языки и регионоведение,english_with_optional_russian_preparatory_module_plus_target_region_language,CLDR indicates a material functional English-language environment.,8.188233849857886,8.188233849857886,1.1029210424256626,7.513847497798567,45.765539041974925,1.0,0.0,0.0,2023,8.286487221812092,8.286487221812092,0.0982533719542049,31.810208406227137,31.810208406227137,10.661050944931748,55.148385975815806,point_score multiplied by probability of positive structural gap,60.79980050541498,33.299800505414986,88.29980050541499,0.45,limited,False,51.08293556455449,"{""diplomatic_analytic"": 0.5123636069960922, ""economic_legal"": 0.5046923502433557}",calculated_from_existing_mgimo_country_profile_scores,52.68428650749584,48.864850295110166,52.853722353772,5,542,46.8783140427473,45.25870812609109,48.89886844509937,47.34988916788593,47.11410160531661,47.11410160531661,45.25870812609109,48.89886844509937,45.25870812609109,48.89886844509937,3.640160319008274,24.893142451916642,62.68005185599384,37.78690940407719,C_monitor_and_test,"{""academic_fit"": 47.34988916788593, ""balanced"": 46.8783140427473, ""labor_market"": 48.89886844509937, ""recruitment"": 45.25870812609109}","{""academic_fit"": 33.10083283261905, ""balanced"": 29.883791634048674, ""labor_market"": 35.2100408204514, ""recruitment"": 24.893142451916642}","{""academic_fit"": 57.257954917459585, ""balanced"": 59.340843589267, ""labor_market"": 57.61821806420399, ""recruitment"": 62.68005185599384}","{""academic_fit"": {""country_opportunity"": 0.25, ""friendliness"": 0.15, ""labor_demand"": 0.15, ""program_fit"": 0.45}, ""balanced"": {""country_opportunity"": 0.3, ""friendliness"": 0.2, ""labor_demand"": 0.3, ""program_fit"": 0.2}, ""labor_market"": {""country_opportunity"": 0.2, ""friendliness"": 0.15, ""labor_demand"": 0.45, ""program_fit"": 0.2}, ""recruitment"": {""country_opportunity"": 0.4, ""friendliness"": 0.3, ""labor_demand"": 0.1, ""program_fit"": 0.2}}",uncertainty_adjusted_management_priority_index_not_predicted_student_count,not_identified_ex_ante,,,,"incremental qualified applications, offers and enrolments attributable to the recruitment intervention",requires_prospective_campaign_evaluation,24,pre_registered_country_program_campaign_with_matched_comparison_or_stepped_wedge_rollout,qualified_leads;applications;offers;enrolments;yield;cost_per_enrolment,relative_record_level_program_demand_not_search_totals,ppml_russia_inbound_structural_allocation_v3;friendliness_receptivity_ex_ante_v4;trudvsem_program_demand_v5;mgimo_program_profiles,calculated_uncertainty_aware_scenario_ensemble_v5,targeted_digital_campaign_with_local_partner_validation,184,193.0,235.0,156.0,125.0,125.0,235.0,110.0,542,29046,0.018660056462163465
country_program_priority_evidence_v5,MWI,Malawi,Sub-Saharan Africa,languages_regional,languages_regional,Иностранные языки и регионоведение,english_with_optional_russian_preparatory_module_plus_target_region_language,CLDR indicates a material functional English-language environment.,175.3896349696009,175.3896349696009,37.56691793470767,168.62297920994422,485.4957056478792,1.0,0.1033333333333333,23.0,2023,205.4552574583104,205.4552574583104,30.06562248870947,74.18853744953509,74.18853744953509,52.383875876972816,88.73930663135795,point_score multiplied by probability of positive structural gap,61.02799195229347,33.52799195229347,88.52799195229348,0.45,limited,False,15.145971246401125,"{""diplomatic_analytic"": 0.1502580830782287, ""economic_legal"": 0.1562662300071415}",calculated_from_existing_mgimo_country_profile_scores,52.68428650749584,48.864850295110166,52.853722353772,5,542,47.60018628110458,49.94743048428514,45.692106494476384,34.41205831804604,46.64614638779048,46.64614638779048,34.41205831804604,49.94743048428514,34.41205831804604,49.94743048428514,15.5353721662391,28.612440763446873,59.86786502191745,31.25542425847058,C_monitor_and_test,"{""academic_fit"": 34.41205831804604, ""balanced"": 47.60018628110458, ""labor_market"": 45.692106494476384, ""recruitment"": 49.94743048428514}","{""academic_fit"": 28.612440763446873, ""balanced"": 37.366903632044, ""labor_market"": 37.8012980850971, ""recruitment"": 36.26488883053827}","{""academic_fit"": 38.02151063554863, ""balanced"": 54.068305734638734, ""labor_market"": 50.08744825660073, ""recruitment"": 59.86786502191745}","{""academic_fit"": {""country_opportunity"": 0.25, ""friendliness"": 0.15, ""labor_demand"": 0.15, ""program_fit"": 0.45}, ""balanced"": {""country_opportunity"": 0.3, ""friendliness"": 0.2, ""labor_demand"": 0.3, ""program_fit"": 0.2}, ""labor_market"": {""country_opportunity"": 0.2, ""friendliness"": 0.15, ""labor_demand"": 0.45, ""program_fit"": 0.2}, ""recruitment"": {""country_opportunity"": 0.4, ""friendliness"": 0.3, ""labor_demand"": 0.1, ""program_fit"": 0.2}}",uncertainty_adjusted_management_priority_index_not_predicted_student_count,not_identified_ex_ante,,,,"incremental qualified applications, offers and enrolments attributable to the recruitment intervention",requires_prospective_campaign_evaluation,24,pre_registered_country_program_campaign_with_matched_comparison_or_stepped_wedge_rollout,qualified_leads;applications;offers;enrolments;yield;cost_per_enrolment,relative_record_level_program_demand_not_search_totals,ppml_russia_inbound_structural_allocation_v3;friendliness_receptivity_ex_ante_v4;trudvsem_program_demand_v5;mgimo_program_profiles,calculated_uncertainty_aware_scenario_ensemble_v5,targeted_digital_campaign_with_local_partner_validation,185,182.0,176.0,180.0,247.0,176.0,247.0,71.0,542,29046,0.018660056462163465
country_program_priority_evidence_v5,TCD,Chad,Sub-Saharan Africa,international_economics,international_economics,Международная экономика и ВЭД,english_plus_russian_preparatory_year,No broad Russian or English functional-language signal is available in CLDR.,249.2168964180784,249.2168964180784,-179.25725322112535,239.29088126939223,1145.3485649413915,0.8116666666666666,0.3416666666666667,411.0,2023,624.4313090311822,624.4313090311822,375.21441261310383,79.20308789517169,64.28650634158102,0.0,100.0,point_score multiplied by probability of positive structural gap,63.776472473292976,36.276472473292976,91.27647247329298,0.45,limited,False,11.732221360891652,"{""economic_legal"": 0.0561767026016118, ""energy_logistics"": 0.3007587466308307}",calculated_from_existing_mgimo_country_profile_scores,63.80753253946275,63.58040409631885,64.03323363437521,6,723,46.43843718527425,46.470417123505364,46.40536694863245,30.906354507397943,46.42190206695335,46.42190206695335,30.906354507397943,46.470417123505364,30.906354507397943,46.470417123505364,15.564062616107421,7.397755618066583,61.55011120896386,54.15235559089728,C_monitor_and_test,"{""academic_fit"": 30.906354507397943, ""balanced"": 46.43843718527425, ""labor_market"": 46.40536694863245, ""recruitment"": 46.470417123505364}","{""academic_fit"": 10.002667725016037, ""balanced"": 11.857050002409554, ""labor_market"": 18.489281075417956, ""recruitment"": 7.397755618066583}","{""academic_fit"": 36.3663572590144, ""balanced"": 56.87411816224829, ""labor_market"": 53.48084883964446, ""recruitment"": 61.55011120896386}","{""academic_fit"": {""country_opportunity"": 0.25, ""friendliness"": 0.15, ""labor_demand"": 0.15, ""program_fit"": 0.45}, ""balanced"": {""country_opportunity"": 0.3, ""friendliness"": 0.2, ""labor_demand"": 0.3, ""program_fit"": 0.2}, ""labor_market"": {""country_opportunity"": 0.2, ""friendliness"": 0.15, ""labor_demand"": 0.45, ""program_fit"": 0.2}, ""recruitment"": {""country_opportunity"": 0.4, ""friendliness"": 0.3, ""labor_demand"": 0.1, ""program_fit"": 0.2}}",uncertainty_adjusted_management_priority_index_not_predicted_student_count,not_identified_ex_ante,,,,"incremental qualified applications, offers and enrolments attributable to the recruitment intervention",requires_prospective_campaign_evaluation,24,pre_registered_country_program_campaign_with_matched_comparison_or_stepped_wedge_rollout,qualified_leads;applications;offers;enrolments;yield;cost_per_enrolment,relative_record_level_program_demand_not_search_totals,ppml_russia_inbound_structural_allocation_v3;friendliness_receptivity_ex_ante_v4;trudvsem_program_demand_v5;mgimo_program_profiles,calculated_uncertainty_aware_scenario_ensemble_v5,targeted_digital_campaign_with_local_partner_validation,186,198.0,216.0,172.0,270.0,172.0,270.0,98.0,723,29046,0.024891551332369345
country_program_priority_evidence_v5,CAF,Central African Republic,Sub-Saharan Africa,digital_analytics,digital_analytics,Цифровая аналитика и Data/AI,english_plus_russian_preparatory_year,No broad Russian or English functional-language signal is available in CLDR.,123.42054049774369,123.42054049774369,22.46126247028651,113.9987970091386,284.0596213959581,1.0,0.0,54.0,2023,164.05831834064435,164.05831834064435,40.63777784290066,69.18265901550751,69.18265901550751,45.25510066467768,81.07290157844957,point_score multiplied by probability of positive structural gap,64.13768093741794,36.63768093741794,91.63768093741795,0.45,limited,False,7.697308546667049,"{""digital_finance_business_informatics"": 0.086609201049834, ""economic_legal"": 0.0384286231340165}",calculated_from_existing_mgimo_country_profile_scores,80.99834319526626,80.86266231881814,84.12359954610515,6,1284,47.24246270945686,45.454587881168464,48.538761865424505,27.485578434677464,46.34852529531266,46.34852529531266,27.485578434677464,48.538761865424505,27.485578434677464,48.538761865424505,21.05318343074704,22.803317639112038,53.98546134634232,31.18214370723028,C_monitor_and_test,"{""academic_fit"": 27.485578434677464, ""balanced"": 47.24246270945686, ""labor_market"": 48.538761865424505, ""recruitment"": 45.454587881168464}","{""academic_fit"": 22.803317639112038, ""balanced"": 37.33823815744143, ""labor_market"": 41.09789661364965, ""recruitment"": 32.629836468805316}","{""academic_fit"": 30.302427172044723, ""balanced"": 53.7264402973462, ""labor_market"": 53.69529112602653, ""recruitment"": 53.98546134634232}","{""academic_fit"": {""country_opportunity"": 0.25, ""friendliness"": 0.15, ""labor_demand"": 0.15, ""program_fit"": 0.45}, ""balanced"": {""country_opportunity"": 0.3, ""friendliness"": 0.2, ""labor_demand"": 0.3, ""program_fit"": 0.2}, ""labor_market"": {""country_opportunity"": 0.2, ""friendliness"": 0.15, ""labor_demand"": 0.45, ""program_fit"": 0.2}, ""recruitment"": {""country_opportunity"": 0.4, ""friendliness"": 0.3, ""labor_demand"": 0.1, ""program_fit"": 0.2}}",uncertainty_adjusted_management_priority_index_not_predicted_student_count,not_identified_ex_ante,,,,"incremental qualified applications, offers and enrolments attributable to the recruitment intervention",requires_prospective_campaign_evaluation,24,pre_registered_country_program_campaign_with_matched_comparison_or_stepped_wedge_rollout,qualified_leads;applications;offers;enrolments;yield;cost_per_enrolment,relative_record_level_program_demand_not_search_totals,ppml_russia_inbound_structural_allocation_v3;friendliness_receptivity_ex_ante_v4;trudvsem_program_demand_v5;mgimo_program_profiles,calculated_uncertainty_aware_scenario_ensemble_v5,employer_linked_program_campaign_and_case_competitions,187,188.0,232.0,160.0,287.0,160.0,287.0,127.0,1284,29046,0.04420574261516216
country_program_priority_evidence_v5,GMB,Gambia,Sub-Saharan Africa,languages_regional,languages_regional,Иностранные языки и регионоведение,english_with_optional_russian_preparatory_module_plus_target_region_language,CLDR indicates a material functional English-language environment.,42.69652363829757,42.69652363829757,-6.985566264527495,37.18342520940964,120.03035160888244,0.9383333333333334,0.0,47.0,2023,85.65008599969663,85.65008599969663,42.95356236139906,54.17485631691724,50.83407351070735,0.0,68.7864386427658,point_score multiplied by probability of positive structural gap,63.188717482898525,35.688717482898525,90.68871748289853,0.45,limited,False,22.780995984965326,"{""diplomatic_analytic"": 0.224927987576389, ""economic_legal"": 0.2393378489427103}",calculated_from_existing_mgimo_country_profile_scores,52.68428650749584,48.864850295110166,52.853722353772,5,542,46.31856879041438,46.98866412463523,46.06782839726053,37.517324675586515,46.19319859383745,46.19319859383745,37.517324675586515,46.98866412463523,37.517324675586515,46.98866412463523,9.471339449048713,8.129500184330304,58.918189182416114,50.78868899808581,C_monitor_and_test,"{""academic_fit"": 37.517324675586515, ""balanced"": 46.31856879041438, ""labor_market"": 46.06782839726053, ""recruitment"": 46.98866412463523}","{""academic_fit"": 12.715434396564804, ""balanced"": 12.392801574141856, ""labor_market"": 18.604244887972442, ""recruitment"": 8.129500184330304}","{""academic_fit"": 42.65349735449131, ""balanced"": 54.435703837131946, ""labor_market"": 51.65035408629297, ""recruitment"": 58.918189182416114}","{""academic_fit"": {""country_opportunity"": 0.25, ""friendliness"": 0.15, ""labor_demand"": 0.15, ""program_fit"": 0.45}, ""balanced"": {""country_opportunity"": 0.3, ""friendliness"": 0.2, ""labor_demand"": 0.3, ""program_fit"": 0.2}, ""labor_market"": {""country_opportunity"": 0.2, ""friendliness"": 0.15, ""labor_demand"": 0.45, ""program_fit"": 0.2}, ""recruitment"": {""country_opportunity"": 0.4, ""friendliness"": 0.3, ""labor_demand"": 0.1, ""program_fit"": 0.2}}",uncertainty_adjusted_management_priority_index_not_predicted_student_count,not_identified_ex_ante,,,,"incremental qualified applications, offers and enrolments attributable to the recruitment intervention",requires_prospective_campaign_evaluation,24,pre_registered_country_program_campaign_with_matched_comparison_or_stepped_wedge_rollout,qualified_leads;applications;offers;enrolments;yield;cost_per_enrolment,relative_record_level_program_demand_not_search_totals,ppml_russia_inbound_structural_allocation_v3;friendliness_receptivity_ex_ante_v4;trudvsem_program_demand_v5;mgimo_program_profiles,calculated_uncertainty_aware_scenario_ensemble_v5,targeted_digital_campaign_with_local_partner_validation,188,200.0,210.0,175.0,217.0,175.0,217.0,42.0,542,29046,0.018660056462163465
country_program_priority_evidence_v5,PNG,Papua New Guinea,East Asia & Pacific,languages_regional,languages_regional,Иностранные языки и регионоведение,english_with_optional_russian_preparatory_module_plus_target_region_language,CLDR indicates a material functional English-language environment.,25.18320045950377,25.18320045950377,2.443868362542755,21.8512763431776,137.80922318967646,0.9983333333333332,0.0,0.0,2023,26.80631140168923,26.80631140168923,1.6231109421854624,46.82942086685528,46.75137183207718,17.735666735589938,70.75218696096665,point_score multiplied by probability of positive structural gap,58.32402005653885,30.82402005653885,85.82402005653886,0.45,limited,False,27.040238526039744,"{""diplomatic_analytic"": 0.2627871381864911, ""economic_legal"": 0.3008633735560228}",calculated_from_existing_mgimo_country_profile_scores,52.68428650749584,48.864850295110166,52.853722353772,5,542,45.97597977128803,45.89688366378758,46.2858194495115,39.11906985018343,45.9364317175378,45.9364317175378,39.11906985018343,46.2858194495115,39.11906985018343,46.2858194495115,7.166749599328071,25.996123519280605,60.573485413647965,34.57736189436736,C_monitor_and_test,"{""academic_fit"": 39.11906985018343, ""balanced"": 45.97597977128803, ""labor_market"": 46.2858194495115, ""recruitment"": 45.89688366378758}","{""academic_fit"": 27.888818433906774, ""balanced"": 29.986451550097186, ""labor_market"": 33.82124474718633, ""recruitment"": 25.996123519280605}","{""academic_fit"": 45.87937796887199, ""balanced"": 56.11490162555158, ""labor_market"": 53.24085928215112, ""recruitment"": 60.573485413647965}","{""academic_fit"": {""country_opportunity"": 0.25, ""friendliness"": 0.15, ""labor_demand"": 0.15, ""program_fit"": 0.45}, ""balanced"": {""country_opportunity"": 0.3, ""friendliness"": 0.2, ""labor_demand"": 0.3, ""program_fit"": 0.2}, ""labor_market"": {""country_opportunity"": 0.2, ""friendliness"": 0.15, ""labor_demand"": 0.45, ""program_fit"": 0.2}, ""recruitment"": {""country_opportunity"": 0.4, ""friendliness"": 0.3, ""labor_demand"": 0.1, ""program_fit"": 0.2}}",uncertainty_adjusted_management_priority_index_not_predicted_student_count,not_identified_ex_ante,,,,"incremental qualified applications, offers and enrolments attributable to the recruitment intervention",requires_prospective_campaign_evaluation,24,pre_registered_country_program_campaign_with_matched_comparison_or_stepped_wedge_rollout,qualified_leads;applications;offers;enrolments;yield;cost_per_enrolment,relative_record_level_program_demand_not_search_totals,ppml_russia_inbound_structural_allocation_v3;friendliness_receptivity_ex_ante_v4;trudvsem_program_demand_v5;mgimo_program_profiles,calculated_uncertainty_aware_scenario_ensemble_v5,targeted_digital_campaign_with_local_partner_validation,189,201.0,221.0,173.0,205.0,173.0,221.0,48.0,542,29046,0.018660056462163465
country_program_priority_evidence_v5,BHR,Bahrain,Middle East & North Africa,legal_public,legal_public,Международное право и комплаенс,english_plus_russian_preparatory_year,No broad Russian or English functional-language signal is available in CLDR.,31.931660746639665,31.931660746639665,-47.54678225176156,18.08585022238453,211.7419000625797,0.6583333333333333,0.0,45.0,2023,120.50138463896644,120.50138463896644,88.56972389232676,50.11835563919724,32.99458412913818,0.0,76.87606628006898,point_score multiplied by probability of positive structural gap,63.790719388353246,36.290719388353246,91.29071938835324,0.45,limited,False,68.93974067825513,"{""diplomatic_analytic"": 0.6426831204973397, ""economic_legal"": 0.7094178151904993}",calculated_from_existing_mgimo_country_profile_scores,33.810526315789474,33.51626038781164,34.93637368711995,5,363,44.55147497044341,47.2946724912902,43.291442986887056,51.480217855089336,45.923073730866804,45.923073730866804,43.291442986887056,51.480217855089336,43.291442986887056,51.480217855089336,8.18877486820228,9.770257994329167,73.49975080142558,63.729492807096406,C_monitor_and_test,"{""academic_fit"": 51.480217855089336, ""balanced"": 44.55147497044341, ""labor_market"": 43.291442986887056, ""recruitment"": 47.2946724912902}","{""academic_fit"": 19.599640652827954, ""balanced"": 13.814994077031423, ""labor_market"": 19.609847913956273, ""recruitment"": 9.770257994329167}","{""academic_fit"": 67.10567945028562, ""balanced"": 61.90653734235251, ""labor_market"": 54.65983903809904, ""recruitment"": 73.49975080142558}","{""academic_fit"": {""country_opportunity"": 0.25, ""friendliness"": 0.15, ""labor_demand"": 0.15, ""program_fit"": 0.45}, ""balanced"": {""country_opportunity"": 0.3, ""friendliness"": 0.2, ""labor_demand"": 0.3, ""program_fit"": 0.2}, ""labor_market"": {""country_opportunity"": 0.2, ""friendliness"": 0.15, ""labor_demand"": 0.45, ""program_fit"": 0.2}, ""recruitment"": {""country_opportunity"": 0.4, ""friendliness"": 0.3, ""labor_demand"": 0.1, ""program_fit"": 0.2}}",uncertainty_adjusted_management_priority_index_not_predicted_student_count,not_identified_ex_ante,,,,"incremental qualified applications, offers and enrolments attributable to the recruitment intervention",requires_prospective_campaign_evaluation,24,pre_registered_country_program_campaign_with_matched_comparison_or_stepped_wedge_rollout,qualified_leads;applications;offers;enrolments;yield;cost_per_enrolment,relative_record_level_program_demand_not_search_totals,ppml_russia_inbound_structural_allocation_v3;friendliness_receptivity_ex_ante_v4;trudvsem_program_demand_v5;mgimo_program_profiles,calculated_uncertainty_aware_scenario_ensemble_v5,targeted_digital_campaign_with_local_partner_validation,190,212.0,204.0,193.0,93.0,93.0,212.0,119.0,363,29046,0.012497417888865936
country_program_priority_evidence_v5,ETH,Ethiopia,Sub-Saharan Africa,languages_regional,languages_regional,Иностранные языки и регионоведение,english_with_optional_russian_preparatory_module_plus_target_region_language,CLDR indicates a material functional English-language environment.,237.7109403385557,237.7109403385557,-35.614619859247085,228.87440356259805,1019.066278093146,0.9166666666666666,0.2416666666666666,167.0,2023,372.4911624234543,372.4911624234543,134.78022208489858,78.52792581965551,71.98393200135088,0.0,99.35829806271671,point_score multiplied by probability of positive structural gap,64.18877950397808,36.68877950397808,91.6887795039781,0.45,limited,False,13.669595101573403,"{""diplomatic_analytic"": 0.1480573857866045, ""economic_legal"": 0.0912502119322522}",calculated_from_existing_mgimo_country_profile_scores,52.68428650749584,48.864850295110166,52.853722353772,5,542,46.74327683973504,49.14617560019517,44.89157720576077,32.95919553878524,45.81742702274791,45.81742702274791,32.95919553878524,49.14617560019517,32.95919553878524,49.14617560019517,16.186980061409933,7.440554903430549,62.06021680485294,54.61966190142239,C_monitor_and_test,"{""academic_fit"": 32.95919553878524, ""balanced"": 46.74327683973504, ""labor_market"": 44.89157720576077, ""recruitment"": 49.14617560019517}","{""academic_fit"": 10.272301843940014, ""balanced"": 11.31209443983156, ""labor_market"": 16.95905296190469, ""recruitment"": 7.440554903430549}","{""academic_fit"": 37.643633707188165, ""balanced"": 55.23296896737474, ""labor_market"": 50.50961530473871, ""recruitment"": 62.06021680485294}","{""academic_fit"": {""country_opportunity"": 0.25, ""friendliness"": 0.15, ""labor_demand"": 0.15, ""program_fit"": 0.45}, ""balanced"": {""country_opportunity"": 0.3, ""friendliness"": 0.2, ""labor_demand"": 0.3, ""program_fit"": 0.2}, ""labor_market"": {""country_opportunity"": 0.2, ""friendliness"": 0.15, ""labor_demand"": 0.45, ""program_fit"": 0.2}, ""recruitment"": {""country_opportunity"": 0.4, ""friendliness"": 0.3, ""labor_demand"": 0.1, ""program_fit"": 0.2}}",uncertainty_adjusted_management_priority_index_not_predicted_student_count,not_identified_ex_ante,,,,"incremental qualified applications, offers and enrolments attributable to the recruitment intervention",requires_prospective_campaign_evaluation,24,pre_registered_country_program_campaign_with_matched_comparison_or_stepped_wedge_rollout,qualified_leads;applications;offers;enrolments;yield;cost_per_enrolment,relative_record_level_program_demand_not_search_totals,ppml_russia_inbound_structural_allocation_v3;friendliness_receptivity_ex_ante_v4;trudvsem_program_demand_v5;mgimo_program_profiles,calculated_uncertainty_aware_scenario_ensemble_v5,targeted_digital_campaign_with_local_partner_validation,191,195.0,185.0,183.0,258.0,183.0,258.0,75.0,542,29046,0.018660056462163465
country_program_priority_evidence_v5,SSD,South Sudan,Sub-Saharan Africa,languages_regional,languages_regional,Иностранные языки и регионоведение,english_with_optional_russian_preparatory_module_plus_target_region_language,CLDR indicates a material functional English-language environment.,145.8038150289941,145.8038150289941,28.26935251219569,134.16265092865444,357.8963315639507,1.0,0.0333333333333333,30.0,2023,173.579507025386,173.579507025386,27.77569199639189,71.55530915802296,71.55530915802296,48.42748670334425,84.37644680315596,point_score multiplied by probability of positive structural gap,63.54932278500491,36.04932278500491,91.04932278500492,0.45,limited,False,13.856360130515661,"{""diplomatic_analytic"": 0.1298144925089634, ""economic_legal"": 0.1735600364899294}",calculated_from_existing_mgimo_country_profile_scores,52.68428650749584,48.864850295110166,52.853722353772,5,542,46.68682742427468,49.00958379213761,44.88589987028595,33.0496865691499,45.78636364728031,45.78636364728031,33.0496865691499,49.00958379213761,33.0496865691499,49.00958379213761,15.959897222987713,27.322319501122074,58.20014846134987,30.877828960227795,C_monitor_and_test,"{""academic_fit"": 33.0496865691499, ""balanced"": 46.68682742427468, ""labor_market"": 44.88589987028595, ""recruitment"": 49.00958379213761}","{""academic_fit"": 27.322319501122074, ""balanced"": 36.420514696382554, ""labor_market"": 36.998097318151984, ""recruitment"": 35.32336388659957}","{""academic_fit"": 36.321115848899396, ""balanced"": 52.67825381339837, ""labor_market"": 48.97550152369994, ""recruitment"": 58.20014846134987}","{""academic_fit"": {""country_opportunity"": 0.25, ""friendliness"": 0.15, ""labor_demand"": 0.15, ""program_fit"": 0.45}, ""balanced"": {""country_opportunity"": 0.3, ""friendliness"": 0.2, ""labor_demand"": 0.3, ""program_fit"": 0.2}, ""labor_market"": {""country_opportunity"": 0.2, ""friendliness"": 0.15, ""labor_demand"": 0.45, ""program_fit"": 0.2}, ""recruitment"": {""country_opportunity"": 0.4, ""friendliness"": 0.3, ""labor_demand"": 0.1, ""program_fit"": 0.2}}",uncertainty_adjusted_management_priority_index_not_predicted_student_count,not_identified_ex_ante,,,,"incremental qualified applications, offers and enrolments attributable to the recruitment intervention",requires_prospective_campaign_evaluation,24,pre_registered_country_program_campaign_with_matched_comparison_or_stepped_wedge_rollout,qualified_leads;applications;offers;enrolments;yield;cost_per_enrolment,relative_record_level_program_demand_not_search_totals,ppml_russia_inbound_structural_allocation_v3;friendliness_receptivity_ex_ante_v4;trudvsem_program_demand_v5;mgimo_program_profiles,calculated_uncertainty_aware_scenario_ensemble_v5,targeted_digital_campaign_with_local_partner_validation,192,196.0,186.0,184.0,255.0,184.0,255.0,71.0,542,29046,0.018660056462163465
country_program_priority_evidence_v5,COK,Cook Islands,,languages_regional,languages_regional,Иностранные языки и регионоведение,english_with_optional_russian_preparatory_module_plus_target_region_language,CLDR indicates a material functional English-language environment.,9.385047583606324,9.385047583606324,0.5712077375165258,9.19715385279822,81.51010851340784,0.99,0.0033333333333333,1.0,2023,10.252419450308777,10.252419450308777,0.8673718667024498,33.56633145335767,33.23066813882409,6.480507027515751,63.291594954977334,point_score multiplied by probability of positive structural gap,50.0,0.0,100.0,0.0,,,50.0,{},calculated_from_existing_mgimo_country_profile_scores,52.68428650749584,48.864850295110166,52.853722353772,5,542,45.49728329655435,43.27275872775367,47.71363418352273,46.05763711900129,45.77746020777782,45.77746020777782,43.27275872775367,47.71363418352273,43.27275872775367,47.71363418352273,4.44087545576906,7.1869484120177,68.37106206986435,61.18411365784665,C_monitor_and_test,"{""academic_fit"": 46.05763711900129, ""balanced"": 45.49728329655435, ""labor_market"": 47.71363418352273, ""recruitment"": 43.27275872775367}","{""academic_fit"": 17.267805260459244, ""balanced"": 12.844296663773086, ""labor_market"": 18.87932237192058, ""recruitment"": 7.1869484120177}","{""academic_fit"": 59.76601790075827, ""balanced"": 63.076547515198925, ""labor_market"": 60.05079822466502, ""recruitment"": 68.37106206986435}","{""academic_fit"": {""country_opportunity"": 0.25, ""friendliness"": 0.15, ""labor_demand"": 0.15, ""program_fit"": 0.45}, ""balanced"": {""country_opportunity"": 0.3, ""friendliness"": 0.2, ""labor_demand"": 0.3, ""program_fit"": 0.2}, ""labor_market"": {""country_opportunity"": 0.2, ""friendliness"": 0.15, ""labor_demand"": 0.45, ""program_fit"": 0.2}, ""recruitment"": {""country_opportunity"": 0.4, ""friendliness"": 0.3, ""labor_demand"": 0.1, ""program_fit"": 0.2}}",uncertainty_adjusted_management_priority_index_not_predicted_student_count,not_identified_ex_ante,,,,"incremental qualified applications, offers and enrolments attributable to the recruitment intervention",requires_prospective_campaign_evaluation,24,pre_registered_country_program_campaign_with_matched_comparison_or_stepped_wedge_rollout,qualified_leads;applications;offers;enrolments;yield;cost_per_enrolment,relative_record_level_program_demand_not_search_totals,ppml_russia_inbound_structural_allocation_v3;friendliness_receptivity_ex_ante_v4;trudvsem_program_demand_v5;mgimo_program_profiles,calculated_uncertainty_aware_scenario_ensemble_v5,targeted_digital_campaign_with_local_partner_validation,193,206.0,260.0,165.0,140.0,140.0,260.0,120.0,542,29046,0.018660056462163465
country_program_priority_evidence_v5,KEN,Kenya,Sub-Saharan Africa,international_economics,international_economics,Международная экономика и ВЭД,english_with_optional_russian_preparatory_module,CLDR indicates a material functional English-language environment.,57.95554402040611,57.95554402040611,-105.13678389310432,49.25463425603044,369.53835592208605,0.6566666666666666,0.0,169.0,2023,255.7427077748814,255.7427077748814,197.7871637544753,58.47060294014146,38.39569593069289,0.0,84.83430276480973,point_score multiplied by probability of positive structural gap,61.33862879786098,43.83862879786099,78.83862879786099,0.65,moderate,True,28.763542389513695,"{""economic_legal"": 0.285374396219849, ""energy_logistics"": 0.2944185069210008}",calculated_from_existing_mgimo_country_profile_scores,63.80753253946275,63.58040409631885,64.03323363437521,6,723,46.93418469330538,44.48204887059585,49.42541915560342,39.68773448854163,45.708116781950615,45.708116781950615,39.68773448854163,49.42541915560342,39.68773448854163,49.42541915560342,9.737684667061792,9.266619329794304,65.44211989331419,56.17550056351988,C_monitor_and_test,"{""academic_fit"": 39.68773448854163, ""balanced"": 46.93418469330538, ""labor_market"": 49.42541915560342, ""recruitment"": 44.48204887059585}","{""academic_fit"": 15.06952859111773, ""balanced"": 14.58062840973669, ""labor_market"": 22.527279092554263, ""recruitment"": 9.266619329794304}","{""academic_fit"": 50.06730192047879, ""balanced"": 62.358697244685914, ""labor_market"": 60.03307567192439, ""recruitment"": 65.44211989331419}","{""academic_fit"": {""country_opportunity"": 0.25, ""friendliness"": 0.15, ""labor_demand"": 0.15, ""program_fit"": 0.45}, ""balanced"": {""country_opportunity"": 0.3, ""friendliness"": 0.2, ""labor_demand"": 0.3, ""program_fit"": 0.2}, ""labor_market"": {""country_opportunity"": 0.2, ""friendliness"": 0.15, ""labor_demand"": 0.45, ""program_fit"": 0.2}, ""recruitment"": {""country_opportunity"": 0.4, ""friendliness"": 0.3, ""labor_demand"": 0.1, ""program_fit"": 0.2}}",uncertainty_adjusted_management_priority_index_not_predicted_student_count,not_identified_ex_ante,,,,"incremental qualified applications, offers and enrolments attributable to the recruitment intervention",requires_prospective_campaign_evaluation,24,pre_registered_country_program_campaign_with_matched_comparison_or_stepped_wedge_rollout,qualified_leads;applications;offers;enrolments;yield;cost_per_enrolment,relative_record_level_program_demand_not_search_totals,ppml_russia_inbound_structural_allocation_v3;friendliness_receptivity_ex_ante_v4;trudvsem_program_demand_v5;mgimo_program_profiles,calculated_uncertainty_aware_scenario_ensemble_v5,targeted_digital_campaign_with_local_partner_validation,194,192.0,243.0,150.0,199.0,150.0,243.0,93.0,723,29046,0.024891551332369345
country_program_priority_evidence_v5,BRN,Brunei Darussalam,East Asia & Pacific,management_public,management_public,Управление и государственная политика,english_plus_russian_preparatory_year,No broad Russian or English functional-language signal is available in CLDR.,27.68292137188877,27.68292137188877,1.6687296160728595,24.97722746958047,147.35972419963497,0.9916666666666668,0.0,5.0,2023,30.898809810727528,30.898809810727528,3.2158884388387574,48.13721061073633,47.7360671889802,14.078474158191256,71.70651739694688,point_score multiplied by probability of positive structural gap,63.74656018971629,36.24656018971629,91.24656018971628,0.45,limited,False,57.4392085792019,"{""diplomatic_analytic"": 0.5408859491804724, ""economic_legal"": 0.6246512907093391}",calculated_from_existing_mgimo_country_profile_scores,22.16559633027523,21.459607571000703,22.88853092188952,5,89,42.37122507405443,50.58351934947066,37.36385349024323,48.872799942506475,45.62201250828045,45.62201250828045,37.36385349024323,50.58351934947066,37.36385349024323,50.58351934947066,13.219665859227433,26.43410394790794,66.21445775891407,39.78035381100612,C_monitor_and_test,"{""academic_fit"": 48.872799942506475, ""balanced"": 42.37122507405443, ""labor_market"": 37.36385349024323, ""recruitment"": 50.58351934947066}","{""academic_fit"": 33.393210260361954, ""balanced"": 26.43410394790794, ""labor_market"": 26.821611637733806, ""recruitment"": 26.71951171656105}","{""academic_fit"": 57.22158087387486, ""balanced"": 51.75333762242866, ""labor_market"": 43.277477195720806, ""recruitment"": 66.21445775891407}","{""academic_fit"": {""country_opportunity"": 0.25, ""friendliness"": 0.15, ""labor_demand"": 0.15, ""program_fit"": 0.45}, ""balanced"": {""country_opportunity"": 0.3, ""friendliness"": 0.2, ""labor_demand"": 0.3, ""program_fit"": 0.2}, ""labor_market"": {""country_opportunity"": 0.2, ""friendliness"": 0.15, ""labor_demand"": 0.45, ""program_fit"": 0.2}, ""recruitment"": {""country_opportunity"": 0.4, ""friendliness"": 0.3, ""labor_demand"": 0.1, ""program_fit"": 0.2}}",uncertainty_adjusted_management_priority_index_not_predicted_student_count,not_identified_ex_ante,,,,"incremental qualified applications, offers and enrolments attributable to the recruitment intervention",requires_prospective_campaign_evaluation,24,pre_registered_country_program_campaign_with_matched_comparison_or_stepped_wedge_rollout,qualified_leads;applications;offers;enrolments;yield;cost_per_enrolment,relative_record_level_program_demand_not_search_totals,ppml_russia_inbound_structural_allocation_v3;friendliness_receptivity_ex_ante_v4;trudvsem_program_demand_v5;mgimo_program_profiles,calculated_uncertainty_aware_scenario_ensemble_v5,targeted_digital_campaign_with_local_partner_validation,195,229.0,167.0,242.0,111.0,111.0,242.0,131.0,89,29046,0.003064105212421676
country_program_priority_evidence_v5,IDN,Indonesia,East Asia & Pacific,management_public,management_public,Управление и государственная политика,english_plus_russian_preparatory_year,No broad Russian or English functional-language signal is available in CLDR.,663.2562933239036,663.2562933239036,-101.0798443457751,590.7454114815195,2173.447978739426,0.93,0.7383333333333333,556.0,2023,1173.2003318727418,1173.2003318727418,509.9440385488382,93.20608366583559,86.6816578092271,0.0,100.0,point_score multiplied by probability of positive structural gap,62.392570439499806,44.892570439499806,79.89257043949979,0.65,moderate,True,35.196951127420796,"{""diplomatic_analytic"": 0.3672125449672645, ""economic_legal"": 0.3291049607346231}",calculated_from_existing_mgimo_country_profile_scores,22.16559633027523,21.459607571000703,22.88853092188952,5,89,45.72422655340819,57.766011515938956,38.06099146716679,45.482097766701415,45.6031621600548,45.6031621600548,38.06099146716679,57.766011515938956,38.06099146716679,57.766011515938956,19.70502004877217,8.731240598474665,65.96796833716418,57.23672773868952,C_monitor_and_test,"{""academic_fit"": 45.482097766701415, ""balanced"": 45.72422655340819, ""labor_market"": 38.06099146716679, ""recruitment"": 57.766011515938956}","{""academic_fit"": 14.094598349182924, ""balanced"": 11.096401189943368, ""labor_market"": 14.615219951399142, ""recruitment"": 8.731240598474665}","{""academic_fit"": 49.09938785016363, ""balanced"": 50.55312376774527, ""labor_market"": 41.176444532443455, ""recruitment"": 65.96796833716418}","{""academic_fit"": {""country_opportunity"": 0.25, ""friendliness"": 0.15, ""labor_demand"": 0.15, ""program_fit"": 0.45}, ""balanced"": {""country_opportunity"": 0.3, ""friendliness"": 0.2, ""labor_demand"": 0.3, ""program_fit"": 0.2}, ""labor_market"": {""country_opportunity"": 0.2, ""friendliness"": 0.15, ""labor_demand"": 0.45, ""program_fit"": 0.2}, ""recruitment"": {""country_opportunity"": 0.4, ""friendliness"": 0.3, ""labor_demand"": 0.1, ""program_fit"": 0.2}}",uncertainty_adjusted_management_priority_index_not_predicted_student_count,not_identified_ex_ante,,,,"incremental qualified applications, offers and enrolments attributable to the recruitment intervention",requires_prospective_campaign_evaluation,24,pre_registered_country_program_campaign_with_matched_comparison_or_stepped_wedge_rollout,qualified_leads;applications;offers;enrolments;yield;cost_per_enrolment,relative_record_level_program_demand_not_search_totals,ppml_russia_inbound_structural_allocation_v3;friendliness_receptivity_ex_ante_v4;trudvsem_program_demand_v5;mgimo_program_profiles,calculated_uncertainty_aware_scenario_ensemble_v5,targeted_digital_campaign_with_local_partner_validation,196,204.0,111.0,236.0,144.0,111.0,236.0,125.0,89,29046,0.003064105212421676
country_program_priority_evidence_v5,KHM,Cambodia,East Asia & Pacific,legal_public,legal_public,Международное право и комплаенс,english_plus_russian_preparatory_year,No broad Russian or English functional-language signal is available in CLDR.,167.55416672419764,167.55416672419764,-15.859729091382542,148.0692865032078,878.291230563737,0.9433333333333334,0.05,70.0,2023,225.2250074192524,225.2250074192524,57.67084069505476,73.53684719994229,69.36975919194556,0.0,97.22836472831446,point_score multiplied by probability of positive structural gap,64.09164215514153,36.59164215514152,91.59164215514151,0.45,limited,False,31.16516633500227,"{""diplomatic_analytic"": 0.3045488890845261, ""economic_legal"": 0.314695709463807}",calculated_from_existing_mgimo_country_profile_scores,33.810526315789474,33.51626038781164,34.93637368711995,5,363,47.4886505274882,54.24239286879015,42.8974571475397,43.56463962593757,45.52664507671288,45.52664507671288,42.8974571475397,54.24239286879015,42.8974571475397,54.24239286879015,11.344935721250451,8.384661795627304,69.11550939819068,60.73084760256338,C_monitor_and_test,"{""academic_fit"": 43.56463962593757, ""balanced"": 47.4886505274882, ""labor_market"": 42.8974571475397, ""recruitment"": 54.24239286879015}","{""academic_fit"": 13.834691909779693, ""balanced"": 11.846257459215618, ""labor_market"": 16.808546606528584, ""recruitment"": 8.384661795627304}","{""academic_fit"": 50.16229189906358, ""balanced"": 56.85929797537539, ""labor_market"": 49.04326217717162, ""recruitment"": 69.11550939819068}","{""academic_fit"": {""country_opportunity"": 0.25, ""friendliness"": 0.15, ""labor_demand"": 0.15, ""program_fit"": 0.45}, ""balanced"": {""country_opportunity"": 0.3, ""friendliness"": 0.2, ""labor_demand"": 0.3, ""program_fit"": 0.2}, ""labor_market"": {""country_opportunity"": 0.2, ""friendliness"": 0.15, ""labor_demand"": 0.45, ""program_fit"": 0.2}, ""recruitment"": {""country_opportunity"": 0.4, ""friendliness"": 0.3, ""labor_demand"": 0.1, ""program_fit"": 0.2}}",uncertainty_adjusted_management_priority_index_not_predicted_student_count,not_identified_ex_ante,,,,"incremental qualified applications, offers and enrolments attributable to the recruitment intervention",requires_prospective_campaign_evaluation,24,pre_registered_country_program_campaign_with_matched_comparison_or_stepped_wedge_rollout,qualified_leads;applications;offers;enrolments;yield;cost_per_enrolment,relative_record_level_program_demand_not_search_totals,ppml_russia_inbound_structural_allocation_v3;friendliness_receptivity_ex_ante_v4;trudvsem_program_demand_v5;mgimo_program_profiles,calculated_uncertainty_aware_scenario_ensemble_v5,targeted_digital_campaign_with_local_partner_validation,197,184.0,137.0,196.0,160.0,137.0,196.0,59.0,363,29046,0.012497417888865936
country_program_priority_evidence_v5,LBY,Libya,Middle East & North Africa,legal_public,legal_public,Международное право и комплаенс,english_plus_russian_preparatory_year,No broad Russian or English functional-language signal is available in CLDR.,287.1095900562688,287.1095900562688,43.57381763289008,261.54223974197225,841.9215487717062,0.9983333333333332,0.2366666666666666,65.0,2023,349.4553508380682,349.4553508380682,62.34576078179949,81.22554093396258,81.09016503240596,54.459954567457025,96.6225118599619,point_score multiplied by probability of positive structural gap,63.668003184761545,36.168003184761545,91.16800318476156,0.45,limited,False,26.545454596443058,"{""diplomatic_analytic"": 0.3129937011442545, ""economic_legal"": 0.2450806223159346}",calculated_from_existing_mgimo_country_profile_scores,33.810526315789474,33.51626038781164,34.93637368711995,5,363,48.15340706283941,55.819116833114016,42.84696095796155,42.18265289919191,45.50018401040048,45.50018401040048,42.18265289919191,55.819116833114016,42.18265289919191,55.819116833114016,13.636463933922109,35.149967143096674,66.74766612268235,31.597698979585672,C_monitor_and_test,"{""academic_fit"": 42.18265289919191, ""balanced"": 48.15340706283941, ""labor_market"": 42.84696095796155, ""recruitment"": 55.819116833114016}","{""academic_fit"": 35.149967143096674, ""balanced"": 38.222882449544784, ""labor_market"": 36.31788782271374, ""recruitment"": 40.376954774144274}","{""academic_fit"": 46.67730356726259, ""balanced"": 54.97052938223364, ""labor_market"": 47.45435231148938, ""recruitment"": 66.74766612268235}","{""academic_fit"": {""country_opportunity"": 0.25, ""friendliness"": 0.15, ""labor_demand"": 0.15, ""program_fit"": 0.45}, ""balanced"": {""country_opportunity"": 0.3, ""friendliness"": 0.2, ""labor_demand"": 0.3, ""program_fit"": 0.2}, ""labor_market"": {""country_opportunity"": 0.2, ""friendliness"": 0.15, ""labor_demand"": 0.45, ""program_fit"": 0.2}, ""recruitment"": {""country_opportunity"": 0.4, ""friendliness"": 0.3, ""labor_demand"": 0.1, ""program_fit"": 0.2}}",uncertainty_adjusted_management_priority_index_not_predicted_student_count,not_identified_ex_ante,,,,"incremental qualified applications, offers and enrolments attributable to the recruitment intervention",requires_prospective_campaign_evaluation,24,pre_registered_country_program_campaign_with_matched_comparison_or_stepped_wedge_rollout,qualified_leads;applications;offers;enrolments;yield;cost_per_enrolment,relative_record_level_program_demand_not_search_totals,ppml_russia_inbound_structural_allocation_v3;friendliness_receptivity_ex_ante_v4;trudvsem_program_demand_v5;mgimo_program_profiles,calculated_uncertainty_aware_scenario_ensemble_v5,targeted_digital_campaign_with_local_partner_validation,198,172.0,124.0,197.0,173.0,124.0,197.0,73.0,363,29046,0.012497417888865936
country_program_priority_evidence_v5,PAK,Pakistan,Middle East & North Africa,legal_public,legal_public,Международное право и комплаенс,english_with_optional_russian_preparatory_module,CLDR indicates a material functional English-language environment.,11806.213649600291,11806.213649600291,3534.5364509578976,11024.532333639392,28349.02915071837,1.0,1.0,636.0,2023,12249.822004136931,12249.822004136931,443.6083545366385,100.0,100.0,100.0,100.0,point_score multiplied by probability of positive structural gap,66.37628425283746,38.876284252837465,93.87628425283748,0.45,limited,False,19.377300134435544,"{""diplomatic_analytic"": 0.1887783803350121, ""economic_legal"": 0.1959135532055026}",calculated_from_existing_mgimo_country_profile_scores,33.810526315789474,33.51626038781164,34.93637368711995,5,363,48.642843556906435,57.80423793547648,42.30756722419394,39.03081371271199,45.47520539055019,45.47520539055019,39.03081371271199,57.80423793547648,39.03081371271199,57.80423793547648,18.77342422276449,36.03178036821998,64.2594833541084,28.22770298588842,C_monitor_and_test,"{""academic_fit"": 39.03081371271199, ""balanced"": 48.642843556906435, ""labor_market"": 42.30756722419394, ""recruitment"": 57.80423793547648}","{""academic_fit"": 36.03178036821998, ""balanced"": 43.68722148657974, ""labor_market"": 38.95741334827888, ""recruitment"": 49.34615093336775}","{""academic_fit"": 41.28371263419545, ""balanced"": 52.589152923327845, ""labor_market"": 45.178966544157554, ""recruitment"": 64.2594833541084}","{""academic_fit"": {""country_opportunity"": 0.25, ""friendliness"": 0.15, ""labor_demand"": 0.15, ""program_fit"": 0.45}, ""balanced"": {""country_opportunity"": 0.3, ""friendliness"": 0.2, ""labor_demand"": 0.3, ""program_fit"": 0.2}, ""labor_market"": {""country_opportunity"": 0.2, ""friendliness"": 0.15, ""labor_demand"": 0.45, ""program_fit"": 0.2}, ""recruitment"": {""country_opportunity"": 0.4, ""friendliness"": 0.3, ""labor_demand"": 0.1, ""program_fit"": 0.2}}",uncertainty_adjusted_management_priority_index_not_predicted_student_count,not_identified_ex_ante,,,,"incremental qualified applications, offers and enrolments attributable to the recruitment intervention",requires_prospective_campaign_evaluation,24,pre_registered_country_program_campaign_with_matched_comparison_or_stepped_wedge_rollout,qualified_leads;applications;offers;enrolments;yield;cost_per_enrolment,relative_record_level_program_demand_not_search_totals,ppml_russia_inbound_structural_allocation_v3;friendliness_receptivity_ex_ante_v4;trudvsem_program_demand_v5;mgimo_program_profiles,calculated_uncertainty_aware_scenario_ensemble_v5,digital_recruitment_scholarship_and_olympiad,199,165.0,110.0,203.0,206.0,110.0,206.0,96.0,363,29046,0.012497417888865936
country_program_priority_evidence_v5,BTN,Bhutan,South Asia,management_public,management_public,Управление и государственная политика,english_plus_russian_preparatory_year,No broad Russian or English functional-language signal is available in CLDR.,140.10751376544923,140.10751376544923,27.40457878184346,132.0229178729953,521.452014387838,1.0,0.0633333333333333,0.0,2023,140.10751376544923,140.10751376544923,0.0,70.98771126558162,70.98771126558162,47.99735110755962,89.76198788555648,point_score multiplied by probability of positive structural gap,63.21573955610894,35.715739556108936,90.71573955610894,0.45,limited,False,41.077898468807014,"{""diplomatic_analytic"": 0.3911610876243805, ""economic_legal"": 0.4402058302836045}",calculated_from_existing_mgimo_country_profile_scores,22.16559633027523,21.459607571000703,22.88853092188952,5,89,44.529548051837516,55.22930471862397,37.78043020671954,46.41841236009981,45.47398020596866,45.47398020596866,37.78043020671954,55.22930471862397,37.78043020671954,55.22930471862397,17.448874511904435,31.723622304623657,67.63992855404169,35.91630624941803,C_monitor_and_test,"{""academic_fit"": 46.41841236009981, ""balanced"": 44.529548051837516, ""labor_market"": 37.78043020671954, ""recruitment"": 55.22930471862397}","{""academic_fit"": 38.59084266953449, ""balanced"": 35.15056581975028, ""labor_market"": 31.723622304623657, ""recruitment"": 39.91667662911207}","{""academic_fit"": 52.128345599408576, ""balanced"": 51.73759556028072, ""labor_market"": 42.32744600813147, ""recruitment"": 67.63992855404169}","{""academic_fit"": {""country_opportunity"": 0.25, ""friendliness"": 0.15, ""labor_demand"": 0.15, ""program_fit"": 0.45}, ""balanced"": {""country_opportunity"": 0.3, ""friendliness"": 0.2, ""labor_demand"": 0.3, ""program_fit"": 0.2}, ""labor_market"": {""country_opportunity"": 0.2, ""friendliness"": 0.15, ""labor_demand"": 0.45, ""program_fit"": 0.2}, ""recruitment"": {""country_opportunity"": 0.4, ""friendliness"": 0.3, ""labor_demand"": 0.1, ""program_fit"": 0.2}}",uncertainty_adjusted_management_priority_index_not_predicted_student_count,not_identified_ex_ante,,,,"incremental qualified applications, offers and enrolments attributable to the recruitment intervention",requires_prospective_campaign_evaluation,24,pre_registered_country_program_campaign_with_matched_comparison_or_stepped_wedge_rollout,qualified_leads;applications;offers;enrolments;yield;cost_per_enrolment,relative_record_level_program_demand_not_search_totals,ppml_russia_inbound_structural_allocation_v3;friendliness_receptivity_ex_ante_v4;trudvsem_program_demand_v5;mgimo_program_profiles,calculated_uncertainty_aware_scenario_ensemble_v5,targeted_digital_campaign_with_local_partner_validation,200,213.0,127.0,238.0,136.0,127.0,238.0,111.0,89,29046,0.003064105212421676
country_program_priority_evidence_v5,TGO,Togo,Sub-Saharan Africa,international_economics,international_economics,Международная экономика и ВЭД,english_plus_russian_preparatory_year,No broad Russian or English functional-language signal is available in CLDR.,27.54025528774936,27.54025528774936,-21.43475480503972,21.559190490696373,102.7599583186691,0.7766666666666666,0.0,66.0,2023,81.65433936165209,81.65433936165209,54.11408407390273,48.06569520962609,37.33102327947626,0.0,66.57827509124455,point_score multiplied by probability of positive structural gap,63.080246193426106,35.5802461934261,90.5802461934261,0.45,limited,False,28.270924683015707,"{""economic_legal"": 0.2237524369914499, ""energy_logistics"": 0.4595796763462785}",calculated_from_existing_mgimo_country_profile_scores,63.80753253946275,63.58040409631885,64.03323363437521,6,723,46.65127513302655,44.21461829651576,49.19444802393463,39.28394345659359,45.432946714771155,45.432946714771155,39.28394345659359,49.19444802393463,39.28394345659359,49.19444802393463,9.910504567341043,8.688603476580179,61.76505500461251,53.07645152803234,C_monitor_and_test,"{""academic_fit"": 39.28394345659359, ""balanced"": 46.65127513302655, ""labor_market"": 49.19444802393463, ""recruitment"": 44.21461829651576}","{""academic_fit"": 14.506984016598823, ""balanced"": 13.952289112786376, ""labor_market"": 21.777009944943053, ""recruitment"": 8.688603476580179}","{""academic_fit"": 47.78233559028856, ""balanced"": 59.45782403548154, ""labor_market"": 58.22486806851099, ""recruitment"": 61.76505500461251}","{""academic_fit"": {""country_opportunity"": 0.25, ""friendliness"": 0.15, ""labor_demand"": 0.15, ""program_fit"": 0.45}, ""balanced"": {""country_opportunity"": 0.3, ""friendliness"": 0.2, ""labor_demand"": 0.3, ""program_fit"": 0.2}, ""labor_market"": {""country_opportunity"": 0.2, ""friendliness"": 0.15, ""labor_demand"": 0.45, ""program_fit"": 0.2}, ""recruitment"": {""country_opportunity"": 0.4, ""friendliness"": 0.3, ""labor_demand"": 0.1, ""program_fit"": 0.2}}",uncertainty_adjusted_management_priority_index_not_predicted_student_count,not_identified_ex_ante,,,,"incremental qualified applications, offers and enrolments attributable to the recruitment intervention",requires_prospective_campaign_evaluation,24,pre_registered_country_program_campaign_with_matched_comparison_or_stepped_wedge_rollout,qualified_leads;applications;offers;enrolments;yield;cost_per_enrolment,relative_record_level_program_demand_not_search_totals,ppml_russia_inbound_structural_allocation_v3;friendliness_receptivity_ex_ante_v4;trudvsem_program_demand_v5;mgimo_program_profiles,calculated_uncertainty_aware_scenario_ensemble_v5,targeted_digital_campaign_with_local_partner_validation,201,197.0,247.0,152.0,203.0,152.0,247.0,95.0,723,29046,0.024891551332369345
country_program_priority_evidence_v5,MLI,Mali,Sub-Saharan Africa,languages_regional,languages_regional,Иностранные языки и регионоведение,english_plus_russian_preparatory_year_plus_target_region_language,No broad Russian or English functional-language signal is available in CLDR.,784.3979453296448,784.3979453296448,268.8487015801145,725.5983064700426,1402.6719095326164,1.0,0.98,196.0,2023,965.5455456755742,965.5455456755742,181.14760034592936,95.60874724951063,95.60874724951063,80.28641203932513,100.0,point_score multiplied by probability of positive structural gap,66.36127576000781,38.86127576000782,93.86127576000784,0.45,limited,False,8.535088570040385,"{""diplomatic_analytic"": 0.077879156818734, ""economic_legal"": 0.1152378012270832}",calculated_from_existing_mgimo_country_profile_scores,52.68428650749584,48.864850295110166,52.853722353772,5,542,46.955311291919124,50.93988525919818,43.77635944124064,29.266277849426725,45.36583536657989,45.36583536657989,29.266277849426725,50.93988525919818,29.266277849426725,50.93988525919818,21.673607409771453,25.62306634141735,57.48047959224098,31.857413250823633,C_monitor_and_test,"{""academic_fit"": 29.266277849426725, ""balanced"": 46.955311291919124, ""labor_market"": 43.77635944124064, ""recruitment"": 50.93988525919818}","{""academic_fit"": 25.62306634141735, ""balanced"": 39.264272354105046, ""labor_market"": 37.81267276682978, ""recruitment"": 40.31768286913947}","{""academic_fit"": 31.16741631342159, ""balanced"": 51.0061442698024, ""labor_market"": 46.56056787868514, ""recruitment"": 57.48047959224098}","{""academic_fit"": {""country_opportunity"": 0.25, ""friendliness"": 0.15, ""labor_demand"": 0.15, ""program_fit"": 0.45}, ""balanced"": {""country_opportunity"": 0.3, ""friendliness"": 0.2, ""labor_demand"": 0.3, ""program_fit"": 0.2}, ""labor_market"": {""country_opportunity"": 0.2, ""friendliness"": 0.15, ""labor_demand"": 0.45, ""program_fit"": 0.2}, ""recruitment"": {""country_opportunity"": 0.4, ""friendliness"": 0.3, ""labor_demand"": 0.1, ""program_fit"": 0.2}}",uncertainty_adjusted_management_priority_index_not_predicted_student_count,not_identified_ex_ante,,,,"incremental qualified applications, offers and enrolments attributable to the recruitment intervention",requires_prospective_campaign_evaluation,24,pre_registered_country_program_campaign_with_matched_comparison_or_stepped_wedge_rollout,qualified_leads;applications;offers;enrolments;yield;cost_per_enrolment,relative_record_level_program_demand_not_search_totals,ppml_russia_inbound_structural_allocation_v3;friendliness_receptivity_ex_ante_v4;trudvsem_program_demand_v5;mgimo_program_profiles,calculated_uncertainty_aware_scenario_ensemble_v5,digital_recruitment_scholarship_and_olympiad,202,191.0,162.0,191.0,279.0,162.0,279.0,117.0,542,29046,0.018660056462163465
country_program_priority_evidence_v5,NIC,Nicaragua,Latin America & Caribbean,legal_public,legal_public,Международное право и комплаенс,english_plus_russian_preparatory_year,No broad Russian or English functional-language signal is available in CLDR.,173.43749072652136,173.43749072652136,29.668119610456475,161.8210225585733,557.5759363219272,1.0,0.09,23.0,2023,188.79623730333557,188.79623730333557,15.35874657681419,74.02892266253046,74.02892266253046,49.09702550030215,90.72087968129118,point_score multiplied by probability of positive structural gap,67.31861142770944,39.81861142770944,94.81861142770944,0.45,limited,False,26.372182082579442,"{""diplomatic_analytic"": 0.254884011120441, ""economic_legal"": 0.2675094535566602}",calculated_from_existing_mgimo_country_profile_scores,33.810526315789474,33.51626038781164,34.93637368711995,5,363,47.32930274162442,54.67197497421948,42.37765024763214,41.46794234398838,44.85347649462828,44.85347649462828,41.46794234398838,54.67197497421948,41.46794234398838,54.67197497421948,13.204032630231097,34.65398196050712,65.7833796440033,31.129397683496187,C_monitor_and_test,"{""academic_fit"": 41.46794234398838, ""balanced"": 47.32930274162442, ""labor_market"": 42.37765024763214, ""recruitment"": 54.67197497421948}","{""academic_fit"": 34.65398196050712, ""balanced"": 37.727919673561374, ""labor_market"": 36.04477458218041, ""recruitment"": 39.8221889017223}","{""academic_fit"": 46.092741171046, ""balanced"": 54.303925328618355, ""labor_market"": 47.08060621971176, ""recruitment"": 65.7833796440033}","{""academic_fit"": {""country_opportunity"": 0.25, ""friendliness"": 0.15, ""labor_demand"": 0.15, ""program_fit"": 0.45}, ""balanced"": {""country_opportunity"": 0.3, ""friendliness"": 0.2, ""labor_demand"": 0.3, ""program_fit"": 0.2}, ""labor_market"": {""country_opportunity"": 0.2, ""friendliness"": 0.15, ""labor_demand"": 0.45, ""program_fit"": 0.2}, ""recruitment"": {""country_opportunity"": 0.4, ""friendliness"": 0.3, ""labor_demand"": 0.1, ""program_fit"": 0.2}}",uncertainty_adjusted_management_priority_index_not_predicted_student_count,not_identified_ex_ante,,,,"incremental qualified applications, offers and enrolments attributable to the recruitment intervention",requires_prospective_campaign_evaluation,24,pre_registered_country_program_campaign_with_matched_comparison_or_stepped_wedge_rollout,qualified_leads;applications;offers;enrolments;yield;cost_per_enrolment,relative_record_level_program_demand_not_search_totals,ppml_russia_inbound_structural_allocation_v3;friendliness_receptivity_ex_ante_v4;trudvsem_program_demand_v5;mgimo_program_profiles,calculated_uncertainty_aware_scenario_ensemble_v5,digital_recruitment_scholarship_and_olympiad,203,187.0,131.0,202.0,181.0,131.0,202.0,71.0,363,29046,0.012497417888865936
country_program_priority_evidence_v5,SUR,Suriname,Latin America & Caribbean,international_economics,international_economics,Международная экономика и ВЭД,english_plus_russian_preparatory_year,No broad Russian or English functional-language signal is available in CLDR.,10.509553920338355,10.509553920338355,-3.51557237617404,9.34758708115846,85.72819051484383,0.845,0.0,7.0,2023,16.594214208509936,16.594214208509936,6.084660288171579,35.0408731843896,29.609537840809214,0.0,64.00667757120094,point_score multiplied by probability of positive structural gap,62.23617269496816,34.73617269496816,89.73617269496816,0.45,limited,False,39.42300853144201,"{""economic_legal"": 0.4064731936127829, ""energy_logistics"": 0.3575007604193313}",calculated_from_existing_mgimo_country_profile_scores,63.80753253946275,63.58040409631885,64.03323363437521,6,723,46.39189854135146,42.93379551990426,50.06705112432793,42.85626944021134,44.66284703062786,44.66284703062786,42.85626944021134,50.06705112432793,42.85626944021134,50.06705112432793,7.21078168411659,9.203369109457231,64.68971127812193,55.486342168664706,C_monitor_and_test,"{""academic_fit"": 42.85626944021134, ""balanced"": 46.39189854135146, ""labor_market"": 50.06705112432793, ""recruitment"": 42.93379551990426}","{""academic_fit"": 16.71640292510576, ""balanced"": 14.813449045614435, ""labor_market"": 23.148129311679206, ""recruitment"": 9.203369109457231}","{""academic_fit"": 54.643483110741876, ""balanced"": 62.57321073401562, ""labor_market"": 61.54232826127321, ""recruitment"": 64.68971127812193}","{""academic_fit"": {""country_opportunity"": 0.25, ""friendliness"": 0.15, ""labor_demand"": 0.15, ""program_fit"": 0.45}, ""balanced"": {""country_opportunity"": 0.3, ""friendliness"": 0.2, ""labor_demand"": 0.3, ""program_fit"": 0.2}, ""labor_market"": {""country_opportunity"": 0.2, ""friendliness"": 0.15, ""labor_demand"": 0.45, ""program_fit"": 0.2}, ""recruitment"": {""country_opportunity"": 0.4, ""friendliness"": 0.3, ""labor_demand"": 0.1, ""program_fit"": 0.2}}",uncertainty_adjusted_management_priority_index_not_predicted_student_count,not_identified_ex_ante,,,,"incremental qualified applications, offers and enrolments attributable to the recruitment intervention",requires_prospective_campaign_evaluation,24,pre_registered_country_program_campaign_with_matched_comparison_or_stepped_wedge_rollout,qualified_leads;applications;offers;enrolments;yield;cost_per_enrolment,relative_record_level_program_demand_not_search_totals,ppml_russia_inbound_structural_allocation_v3;friendliness_receptivity_ex_ante_v4;trudvsem_program_demand_v5;mgimo_program_profiles,calculated_uncertainty_aware_scenario_ensemble_v5,targeted_digital_campaign_with_local_partner_validation,204,199.0,262.0,142.0,167.0,142.0,262.0,120.0,723,29046,0.024891551332369345
country_program_priority_evidence_v5,LCA,Saint Lucia,Latin America & Caribbean,legal_public,legal_public,Международное право и комплаенс,english_with_optional_russian_preparatory_module,CLDR indicates a material functional English-language environment.,8.97353380351016,8.97353380351016,1.278101069562503,8.424937550566439,43.631870514869085,1.0,0.0,0.0,2023,9.140984349303544,9.140984349303544,0.1674505457933838,32.98644103938894,32.98644103938894,11.808651286546793,54.47862185424246,point_score multiplied by probability of positive structural gap,62.98961219976466,35.48961219976465,90.48961219976464,0.45,limited,False,59.389070297671495,"{""diplomatic_analytic"": 0.5051692956106223, ""economic_legal"": 0.6319141632764691}",calculated_from_existing_mgimo_country_profile_scores,33.810526315789474,33.51626038781164,34.93637368711995,5,363,43.15161696757466,45.750566173422975,41.958274490522975,48.09603924093977,44.45109157049882,44.45109157049882,41.958274490522975,48.09603924093977,41.958274490522975,48.09603924093977,6.1377647504167925,26.141156904978796,62.156352603853406,36.01519569887461,C_monitor_and_test,"{""academic_fit"": 48.09603924093977, ""balanced"": 43.15161696757466, ""labor_market"": 41.958274490522975, ""recruitment"": 45.750566173422975}","{""academic_fit"": 34.59510707017295, ""balanced"": 28.705312961657587, ""labor_market"": 31.608729800757786, ""recruitment"": 26.141156904978796}","{""academic_fit"": 57.63379302063461, ""balanced"": 54.20540913264142, ""labor_market"": 49.53265515492684, ""recruitment"": 62.156352603853406}","{""academic_fit"": {""country_opportunity"": 0.25, ""friendliness"": 0.15, ""labor_demand"": 0.15, ""program_fit"": 0.45}, ""balanced"": {""country_opportunity"": 0.3, ""friendliness"": 0.2, ""labor_demand"": 0.3, ""program_fit"": 0.2}, ""labor_market"": {""country_opportunity"": 0.2, ""friendliness"": 0.15, ""labor_demand"": 0.45, ""program_fit"": 0.2}, ""recruitment"": {""country_opportunity"": 0.4, ""friendliness"": 0.3, ""labor_demand"": 0.1, ""program_fit"": 0.2}}",uncertainty_adjusted_management_priority_index_not_predicted_student_count,not_identified_ex_ante,,,,"incremental qualified applications, offers and enrolments attributable to the recruitment intervention",requires_prospective_campaign_evaluation,24,pre_registered_country_program_campaign_with_matched_comparison_or_stepped_wedge_rollout,qualified_leads;applications;offers;enrolments;yield;cost_per_enrolment,relative_record_level_program_demand_not_search_totals,ppml_russia_inbound_structural_allocation_v3;friendliness_receptivity_ex_ante_v4;trudvsem_program_demand_v5;mgimo_program_profiles,calculated_uncertainty_aware_scenario_ensemble_v5,targeted_digital_campaign_with_local_partner_validation,205,223.0,225.0,204.0,116.0,116.0,225.0,109.0,363,29046,0.012497417888865936
country_program_priority_evidence_v5,TLS,Timor-Leste,East Asia & Pacific,legal_public,legal_public,Международное право и комплаенс,english_plus_russian_preparatory_year,No broad Russian or English functional-language signal is available in CLDR.,27.276727630199744,27.276727630199744,4.729599494410095,24.74277943719952,119.73734598660552,1.0,0.0,0.0,2023,27.40775645015645,27.40775645015645,0.1310288199567067,47.932649446427455,47.932649446427455,25.03663694678516,68.75167479870697,point_score multiplied by probability of positive structural gap,62.59343089263013,35.09343089263013,90.09343089263014,0.45,limited,False,39.867565925752515,"{""diplomatic_analytic"": 0.4012308943588184, ""economic_legal"": 0.3975805584998281}",calculated_from_existing_mgimo_country_profile_scores,33.810526315789474,33.51626038781164,34.93637368711995,5,363,44.46616017185493,48.86395425679032,41.70188924889069,44.15370820138184,44.309934186618385,44.309934186618385,41.70188924889069,48.86395425679032,41.70188924889069,48.86395425679032,7.162065007899635,32.005097832475876,62.918126091305226,30.91302825882935,C_monitor_and_test,"{""academic_fit"": 44.15370820138184, ""balanced"": 44.46616017185493, ""labor_market"": 41.70188924889069, ""recruitment"": 48.86395425679032}","{""academic_fit"": 34.594979758463026, ""balanced"": 32.77348319470551, ""labor_market"": 33.63537426380127, ""recruitment"": 32.005097832475876}","{""academic_fit"": 51.161224457748375, ""balanced"": 53.651078870929695, ""labor_market"": 47.92683834810384, ""recruitment"": 62.918126091305226}","{""academic_fit"": {""country_opportunity"": 0.25, ""friendliness"": 0.15, ""labor_demand"": 0.15, ""program_fit"": 0.45}, ""balanced"": {""country_opportunity"": 0.3, ""friendliness"": 0.2, ""labor_demand"": 0.3, ""program_fit"": 0.2}, ""labor_market"": {""country_opportunity"": 0.2, ""friendliness"": 0.15, ""labor_demand"": 0.45, ""program_fit"": 0.2}, ""recruitment"": {""country_opportunity"": 0.4, ""friendliness"": 0.3, ""labor_demand"": 0.1, ""program_fit"": 0.2}}",uncertainty_adjusted_management_priority_index_not_predicted_student_count,not_identified_ex_ante,,,,"incremental qualified applications, offers and enrolments attributable to the recruitment intervention",requires_prospective_campaign_evaluation,24,pre_registered_country_program_campaign_with_matched_comparison_or_stepped_wedge_rollout,qualified_leads;applications;offers;enrolments;yield;cost_per_enrolment,relative_record_level_program_demand_not_search_totals,ppml_russia_inbound_structural_allocation_v3;friendliness_receptivity_ex_ante_v4;trudvsem_program_demand_v5;mgimo_program_profiles,calculated_uncertainty_aware_scenario_ensemble_v5,targeted_digital_campaign_with_local_partner_validation,206,214.0,189.0,207.0,153.0,153.0,214.0,61.0,363,29046,0.012497417888865936
country_program_priority_evidence_v5,MUS,Mauritius,Sub-Saharan Africa,legal_public,legal_public,Международное право и комплаенс,english_with_optional_russian_preparatory_module,CLDR indicates a material functional English-language environment.,11.452155161881828,11.452155161881828,-5.561774968025375,8.604600126865996,53.16870874084784,0.82,0.0,13.0,2023,24.36121811949668,24.36121811949668,12.909062957614852,36.16984808379602,29.659275428712736,0.0,57.25609021239519,point_score multiplied by probability of positive structural gap,63.15330448715646,35.65330448715646,90.65330448715648,0.45,limited,False,69.95018569252139,"{""diplomatic_analytic"": 0.6493061715697352, ""economic_legal"": 0.7210142935061333}",calculated_from_existing_mgimo_country_profile_scores,33.810526315789474,33.51626038781164,34.93637368711995,5,363,43.23096030382455,45.37648558513395,42.465313141713814,50.418234342040094,44.30372294447925,44.30372294447925,42.465313141713814,50.418234342040094,42.465313141713814,50.418234342040094,7.95292120032628,9.747778398293711,65.49433404487827,55.74655564658456,C_monitor_and_test,"{""academic_fit"": 50.418234342040094, ""balanced"": 43.23096030382455, ""labor_market"": 42.465313141713814, ""recruitment"": 45.37648558513395}","{""academic_fit"": 19.675611934507813, ""balanced"": 13.806992260940119, ""labor_market"": 19.615391708842207, ""recruitment"": 9.747778398293711}","{""academic_fit"": 62.74735272464185, ""balanced"": 56.82790352221363, ""labor_market"": 51.67140043699, ""recruitment"": 65.49433404487827}","{""academic_fit"": {""country_opportunity"": 0.25, ""friendliness"": 0.15, ""labor_demand"": 0.15, ""program_fit"": 0.45}, ""balanced"": {""country_opportunity"": 0.3, ""friendliness"": 0.2, ""labor_demand"": 0.3, ""program_fit"": 0.2}, ""labor_market"": {""country_opportunity"": 0.2, ""friendliness"": 0.15, ""labor_demand"": 0.45, ""program_fit"": 0.2}, ""recruitment"": {""country_opportunity"": 0.4, ""friendliness"": 0.3, ""labor_demand"": 0.1, ""program_fit"": 0.2}}",uncertainty_adjusted_management_priority_index_not_predicted_student_count,not_identified_ex_ante,,,,"incremental qualified applications, offers and enrolments attributable to the recruitment intervention",requires_prospective_campaign_evaluation,24,pre_registered_country_program_campaign_with_matched_comparison_or_stepped_wedge_rollout,qualified_leads;applications;offers;enrolments;yield;cost_per_enrolment,relative_record_level_program_demand_not_search_totals,ppml_russia_inbound_structural_allocation_v3;friendliness_receptivity_ex_ante_v4;trudvsem_program_demand_v5;mgimo_program_profiles,calculated_uncertainty_aware_scenario_ensemble_v5,targeted_digital_campaign_with_local_partner_validation,207,221.0,233.0,200.0,98.0,98.0,233.0,135.0,363,29046,0.012497417888865936
country_program_priority_evidence_v5,BGD,Bangladesh,South Asia,legal_public,legal_public,Международное право и комплаенс,english_plus_russian_preparatory_year,No broad Russian or English functional-language signal is available in CLDR.,463.77351122663737,463.77351122663737,-163.85613125144286,400.7988264210292,1588.8601853091898,0.885,0.5616666666666666,541.0,2023,949.34745736248,949.34745736248,485.5739461358426,88.08417939205468,77.9544987619684,0.0,100.0,point_score multiplied by probability of positive structural gap,63.58087549072616,36.08087549072616,91.08087549072616,0.45,limited,False,24.354449097593562,"{""diplomatic_analytic"": 0.240650865610964, ""economic_legal"": 0.244784616132352}",calculated_from_existing_mgimo_country_profile_scores,33.810526315789474,33.51626038781164,34.93637368711995,5,363,46.798990898076376,54.03093110128784,41.80711438496724,40.236426640481056,44.30305264152181,44.30305264152181,40.236426640481056,54.03093110128784,40.236426640481056,54.03093110128784,13.794504460806785,7.962268698952676,66.53072689935101,58.56845820039833,C_monitor_and_test,"{""academic_fit"": 40.236426640481056, ""balanced"": 46.798990898076376, ""labor_market"": 41.80711438496724, ""recruitment"": 54.03093110128784}","{""academic_fit"": 12.404494303544537, ""balanced"": 11.264880235497673, ""labor_market"": 15.994572628792184, ""recruitment"": 7.962268698952676}","{""academic_fit"": 45.34599163942337, ""balanced"": 54.61098844672861, ""labor_market"": 46.98611804715965, ""recruitment"": 66.53072689935101}","{""academic_fit"": {""country_opportunity"": 0.25, ""friendliness"": 0.15, ""labor_demand"": 0.15, ""program_fit"": 0.45}, ""balanced"": {""country_opportunity"": 0.3, ""friendliness"": 0.2, ""labor_demand"": 0.3, ""program_fit"": 0.2}, ""labor_market"": {""country_opportunity"": 0.2, ""friendliness"": 0.15, ""labor_demand"": 0.45, ""program_fit"": 0.2}, ""recruitment"": {""country_opportunity"": 0.4, ""friendliness"": 0.3, ""labor_demand"": 0.1, ""program_fit"": 0.2}}",uncertainty_adjusted_management_priority_index_not_predicted_student_count,not_identified_ex_ante,,,,"incremental qualified applications, offers and enrolments attributable to the recruitment intervention",requires_prospective_campaign_evaluation,24,pre_registered_country_program_campaign_with_matched_comparison_or_stepped_wedge_rollout,qualified_leads;applications;offers;enrolments;yield;cost_per_enrolment,relative_record_level_program_demand_not_search_totals,ppml_russia_inbound_structural_allocation_v3;friendliness_receptivity_ex_ante_v4;trudvsem_program_demand_v5;mgimo_program_profiles,calculated_uncertainty_aware_scenario_ensemble_v5,targeted_digital_campaign_with_local_partner_validation,208,194.0,138.0,206.0,195.0,138.0,206.0,68.0,363,29046,0.012497417888865936
country_program_priority_evidence_v5,TZA,"Tanzania, United Republic of",Sub-Saharan Africa,languages_regional,languages_regional,Иностранные языки и регионоведение,english_with_optional_russian_preparatory_module_plus_target_region_language,CLDR indicates a material functional English-language environment.,110.72059909148332,110.72059909148332,-53.3958723614936,99.1973263020007,436.4097605295827,0.8316666666666667,0.0016666666666666,175.0,2023,252.4946197191707,252.4946197191707,141.77402062768738,67.63847444358663,56.25266457891622,0.0,87.21388940881273,point_score multiplied by probability of positive structural gap,63.54559861270263,36.04559861270264,91.04559861270263,0.45,limited,False,15.892229475564108,"{""diplomatic_analytic"": 0.1601941190988638, ""economic_legal"": 0.15383499738275}",calculated_from_existing_mgimo_country_profile_scores,52.68428650749584,48.864850295110166,52.853722353772,5,542,44.61513527353881,45.738193837639955,43.92243308816859,33.00226616539793,44.2687841808537,44.2687841808537,33.00226616539793,45.738193837639955,33.00226616539793,45.738193837639955,12.735927672242028,7.614062856588076,60.499709553409616,52.88564669682154,C_monitor_and_test,"{""academic_fit"": 33.00226616539793, ""balanced"": 44.61513527353881, ""labor_market"": 43.92243308816859, ""recruitment"": 45.738193837639955}","{""academic_fit"": 10.917355045687566, ""balanced"": 11.595826266685625, ""labor_market"": 17.399390973371506, ""recruitment"": 7.614062856588076}","{""academic_fit"": 38.79759628383596, ""balanced"": 54.58111902643217, ""labor_market"": 50.579082382171904, ""recruitment"": 60.499709553409616}","{""academic_fit"": {""country_opportunity"": 0.25, ""friendliness"": 0.15, ""labor_demand"": 0.15, ""program_fit"": 0.45}, ""balanced"": {""country_opportunity"": 0.3, ""friendliness"": 0.2, ""labor_demand"": 0.3, ""program_fit"": 0.2}, ""labor_market"": {""country_opportunity"": 0.2, ""friendliness"": 0.15, ""labor_demand"": 0.45, ""program_fit"": 0.2}, ""recruitment"": {""country_opportunity"": 0.4, ""friendliness"": 0.3, ""labor_demand"": 0.1, ""program_fit"": 0.2}}",uncertainty_adjusted_management_priority_index_not_predicted_student_count,not_identified_ex_ante,,,,"incremental qualified applications, offers and enrolments attributable to the recruitment intervention",requires_prospective_campaign_evaluation,24,pre_registered_country_program_campaign_with_matched_comparison_or_stepped_wedge_rollout,qualified_leads;applications;offers;enrolments;yield;cost_per_enrolment,relative_record_level_program_demand_not_search_totals,ppml_russia_inbound_structural_allocation_v3;friendliness_receptivity_ex_ante_v4;trudvsem_program_demand_v5;mgimo_program_profiles,calculated_uncertainty_aware_scenario_ensemble_v5,targeted_digital_campaign_with_local_partner_validation,209,210.0,226.0,190.0,257.0,190.0,257.0,67.0,542,29046,0.018660056462163465
country_program_priority_evidence_v5,TKM,Turkmenistan,Europe & Central Asia,legal_public,legal_public,Международное право и комплаенс,english_plus_russian_preparatory_year,No broad Russian or English functional-language signal is available in CLDR.,20899.09774144761,20899.09774144761,-4225.610016350272,18289.21137341857,44948.6283143665,0.9066666666666666,0.9,35170.0,2023,53201.18925250277,53201.18925250277,32302.09151105516,100.0,90.66666666666666,0.0,100.0,point_score multiplied by probability of positive structural gap,63.19659916820704,43.19659916820703,83.19659916820703,0.6,limited,False,20.007408907787227,"{""diplomatic_analytic"": 0.1814426136660327, ""economic_legal"": 0.2080590071115178}",calculated_from_existing_mgimo_country_profile_scores,33.810526315789474,33.51626038781164,34.93637368711995,5,363,47.07953199712102,55.139441791171706,41.44689305093722,38.34268288924793,44.26321252402912,44.26321252402912,38.34268288924793,55.139441791171706,38.34268288924793,55.139441791171706,16.796758901923774,8.08299208391476,62.376853488760716,54.293861404845956,C_monitor_and_test,"{""academic_fit"": 38.34268288924793, ""balanced"": 47.07953199712102, ""labor_market"": 41.44689305093722, ""recruitment"": 55.139441791171706}","{""academic_fit"": 11.701947212273947, ""balanced"": 11.236680062119028, ""labor_market"": 15.815106957470373, ""recruitment"": 8.08299208391476}","{""academic_fit"": 41.11032497118992, ""balanced"": 51.661703357245045, ""labor_market"": 44.64799841346635, ""recruitment"": 62.376853488760716}","{""academic_fit"": {""country_opportunity"": 0.25, ""friendliness"": 0.15, ""labor_demand"": 0.15, ""program_fit"": 0.45}, ""balanced"": {""country_opportunity"": 0.3, ""friendliness"": 0.2, ""labor_demand"": 0.3, ""program_fit"": 0.2}, ""labor_market"": {""country_opportunity"": 0.2, ""friendliness"": 0.15, ""labor_demand"": 0.45, ""program_fit"": 0.2}, ""recruitment"": {""country_opportunity"": 0.4, ""friendliness"": 0.3, ""labor_demand"": 0.1, ""program_fit"": 0.2}}",uncertainty_adjusted_management_priority_index_not_predicted_student_count,not_identified_ex_ante,,,,"incremental qualified applications, offers and enrolments attributable to the recruitment intervention",requires_prospective_campaign_evaluation,24,pre_registered_country_program_campaign_with_matched_comparison_or_stepped_wedge_rollout,qualified_leads;applications;offers;enrolments;yield;cost_per_enrolment,relative_record_level_program_demand_not_search_totals,ppml_russia_inbound_structural_allocation_v3;friendliness_receptivity_ex_ante_v4;trudvsem_program_demand_v5;mgimo_program_profiles,calculated_uncertainty_aware_scenario_ensemble_v5,targeted_digital_campaign_with_local_partner_validation,210,189.0,128.0,211.0,210.0,128.0,211.0,83.0,363,29046,0.012497417888865936
country_program_priority_evidence_v5,COM,Comoros,Sub-Saharan Africa,languages_regional,languages_regional,Иностранные языки и регионоведение,english_plus_russian_preparatory_year_plus_target_region_language,No broad Russian or English functional-language signal is available in CLDR.,62.71203980649686,62.71203980649686,5.010048404428561,56.4437042489474,197.3415730008163,0.99,0.0016666666666666,27.0,2023,86.23551797335189,86.23551797335189,23.523478166855032,59.583423159682624,58.9875889280858,25.722016622918822,75.87082577977571,point_score multiplied by probability of positive structural gap,62.99280702509604,35.49280702509604,90.49280702509604,0.45,limited,False,14.927315518090348,"{""diplomatic_analytic"": 0.1530626083312581, ""economic_legal"": 0.134115342579485}",calculated_from_existing_mgimo_country_profile_scores,52.68428650749584,48.864850295110166,52.853722353772,5,542,44.63812589704379,45.93627471529867,43.7592965439055,32.47542867080721,44.19871122047465,44.19871122047465,32.47542867080721,45.93627471529867,32.47542867080721,45.93627471529867,13.460846044491461,24.119059269606737,56.48711831647722,32.368059046870485,C_monitor_and_test,"{""academic_fit"": 32.47542867080721, ""balanced"": 44.63812589704379, ""labor_market"": 43.7592965439055, ""recruitment"": 45.93627471529867}","{""academic_fit"": 24.119059269606737, ""balanced"": 30.615948722156457, ""labor_market"": 33.099361279547445, ""recruitment"": 27.880237432375658}","{""academic_fit"": 36.473175574354364, ""balanced"": 51.69847296253035, ""labor_market"": 48.58638331610282, ""recruitment"": 56.48711831647722}","{""academic_fit"": {""country_opportunity"": 0.25, ""friendliness"": 0.15, ""labor_demand"": 0.15, ""program_fit"": 0.45}, ""balanced"": {""country_opportunity"": 0.3, ""friendliness"": 0.2, ""labor_demand"": 0.3, ""program_fit"": 0.2}, ""labor_market"": {""country_opportunity"": 0.2, ""friendliness"": 0.15, ""labor_demand"": 0.45, ""program_fit"": 0.2}, ""recruitment"": {""country_opportunity"": 0.4, ""friendliness"": 0.3, ""labor_demand"": 0.1, ""program_fit"": 0.2}}",uncertainty_adjusted_management_priority_index_not_predicted_student_count,not_identified_ex_ante,,,,"incremental qualified applications, offers and enrolments attributable to the recruitment intervention",requires_prospective_campaign_evaluation,24,pre_registered_country_program_campaign_with_matched_comparison_or_stepped_wedge_rollout,qualified_leads;applications;offers;enrolments;yield;cost_per_enrolment,relative_record_level_program_demand_not_search_totals,ppml_russia_inbound_structural_allocation_v3;friendliness_receptivity_ex_ante_v4;trudvsem_program_demand_v5;mgimo_program_profiles,calculated_uncertainty_aware_scenario_ensemble_v5,targeted_digital_campaign_with_local_partner_validation,211,209.0,220.0,192.0,263.0,192.0,263.0,71.0,542,29046,0.018660056462163465
country_program_priority_evidence_v5,VEN,"Venezuela, Bolivarian Republic of",Latin America & Caribbean,legal_public,legal_public,Международное право и комплаенс,english_plus_russian_preparatory_year,No broad Russian or English functional-language signal is available in CLDR.,735.3116014831353,735.3116014831353,140.5942067213212,668.9637176868814,1953.146147813945,0.9983333333333332,0.885,153.0,2023,886.8145213958945,886.8145213958945,151.5029199127592,94.6831340853919,94.52532886191624,71.03709420528718,100.0,point_score multiplied by probability of positive structural gap,66.4158160638801,38.9158160638801,93.91581606388011,0.45,limited,False,17.76240759098134,"{""diplomatic_analytic"": 0.2430706443686836, ""economic_legal"": 0.1495755465702976}",calculated_from_existing_mgimo_country_profile_scores,33.810526315789474,33.51626038781164,34.93637368711995,5,363,47.05843045432871,55.61390028102103,41.15703522304735,37.090182841363024,44.10773283868803,44.10773283868803,37.090182841363024,55.61390028102103,37.090182841363024,55.61390028102103,18.523717439658007,31.9097087279157,63.21496325954272,31.30525453162702,C_monitor_and_test,"{""academic_fit"": 37.090182841363024, ""balanced"": 47.05843045432871, ""labor_market"": 41.15703522304735, ""recruitment"": 55.61390028102103}","{""academic_fit"": 31.9097087279157, ""balanced"": 38.83643159640762, ""labor_market"": 35.8203652637356, ""recruitment"": 42.413556554439964}","{""academic_fit"": 39.780455348489234, ""balanced"": 51.732175711190756, ""labor_market"": 44.4418178391199, ""recruitment"": 63.21496325954272}","{""academic_fit"": {""country_opportunity"": 0.25, ""friendliness"": 0.15, ""labor_demand"": 0.15, ""program_fit"": 0.45}, ""balanced"": {""country_opportunity"": 0.3, ""friendliness"": 0.2, ""labor_demand"": 0.3, ""program_fit"": 0.2}, ""labor_market"": {""country_opportunity"": 0.2, ""friendliness"": 0.15, ""labor_demand"": 0.45, ""program_fit"": 0.2}, ""recruitment"": {""country_opportunity"": 0.4, ""friendliness"": 0.3, ""labor_demand"": 0.1, ""program_fit"": 0.2}}",uncertainty_adjusted_management_priority_index_not_predicted_student_count,not_identified_ex_ante,,,,"incremental qualified applications, offers and enrolments attributable to the recruitment intervention",requires_prospective_campaign_evaluation,24,pre_registered_country_program_campaign_with_matched_comparison_or_stepped_wedge_rollout,qualified_leads;applications;offers;enrolments;yield;cost_per_enrolment,relative_record_level_program_demand_not_search_totals,ppml_russia_inbound_structural_allocation_v3;friendliness_receptivity_ex_ante_v4;trudvsem_program_demand_v5;mgimo_program_profiles,calculated_uncertainty_aware_scenario_ensemble_v5,digital_recruitment_scholarship_and_olympiad,212,190.0,125.0,213.0,222.0,125.0,222.0,97.0,363,29046,0.012497417888865936
country_program_priority_evidence_v5,LAO,Lao People's Democratic Republic,East Asia & Pacific,languages_regional,languages_regional,Иностранные языки и регионоведение,english_plus_russian_preparatory_year_plus_target_region_language,No broad Russian or English functional-language signal is available in CLDR.,92.70603216073496,92.70603216073496,-103.5293498864682,73.58943798814195,919.2357729117648,0.665,0.0583333333333333,143.0,2023,238.70371074383857,238.70371074383857,145.9976785831036,65.11653896019372,43.30249840852883,0.0,97.88113822851341,point_score multiplied by probability of positive structural gap,64.29911104031498,36.79911104031498,91.799111040315,0.45,limited,False,21.946783496106235,"{""diplomatic_analytic"": 0.2136136524123482, ""economic_legal"": 0.242884565155919}",calculated_from_existing_mgimo_country_profile_scores,52.68428650749584,48.864850295110166,52.853722353772,5,542,44.023753173628876,44.04039206045241,44.44019514868241,35.58964591470557,44.03207261704064,44.03207261704064,35.58964591470557,44.44019514868241,35.58964591470557,44.44019514868241,8.850549233976842,8.1441716347693,67.49212312281232,59.347951488043016,C_monitor_and_test,"{""academic_fit"": 35.58964591470557, ""balanced"": 44.023753173628876, ""labor_market"": 44.44019514868241, ""recruitment"": 44.04039206045241}","{""academic_fit"": 12.568830231533246, ""balanced"": 12.378204772242112, ""labor_market"": 18.554649785309195, ""recruitment"": 8.1441716347693}","{""academic_fit"": 45.87707704732528, ""balanced"": 60.149290401578604, ""labor_market"": 55.0838555526922, ""recruitment"": 67.49212312281232}","{""academic_fit"": {""country_opportunity"": 0.25, ""friendliness"": 0.15, ""labor_demand"": 0.15, ""program_fit"": 0.45}, ""balanced"": {""country_opportunity"": 0.3, ""friendliness"": 0.2, ""labor_demand"": 0.3, ""program_fit"": 0.2}, ""labor_market"": {""country_opportunity"": 0.2, ""friendliness"": 0.15, ""labor_demand"": 0.45, ""program_fit"": 0.2}, ""recruitment"": {""country_opportunity"": 0.4, ""friendliness"": 0.3, ""labor_demand"": 0.1, ""program_fit"": 0.2}}",uncertainty_adjusted_management_priority_index_not_predicted_student_count,not_identified_ex_ante,,,,"incremental qualified applications, offers and enrolments attributable to the recruitment intervention",requires_prospective_campaign_evaluation,24,pre_registered_country_program_campaign_with_matched_comparison_or_stepped_wedge_rollout,qualified_leads;applications;offers;enrolments;yield;cost_per_enrolment,relative_record_level_program_demand_not_search_totals,ppml_russia_inbound_structural_allocation_v3;friendliness_receptivity_ex_ante_v4;trudvsem_program_demand_v5;mgimo_program_profiles,calculated_uncertainty_aware_scenario_ensemble_v5,targeted_digital_campaign_with_local_partner_validation,213,216.0,249.0,187.0,234.0,187.0,249.0,62.0,542,29046,0.018660056462163465
country_program_priority_evidence_v5,PRK,"Korea, Democratic People's Republic of",East Asia & Pacific,management_public,management_public,Управление и государственная политика,english_plus_russian_preparatory_year,No broad Russian or English functional-language signal is available in CLDR.,1024.2065489485078,1024.2065489485078,-0.7712516888885251,905.376511203234,5975.747172344155,0.9733333333333334,0.8183333333333334,136.0,2023,1150.3121619755332,1150.3121619755332,126.10561302702531,99.43038981322665,96.77891275154062,0.0,100.0,point_score multiplied by probability of positive structural gap,70.01277546029631,42.51277546029631,97.51277546029633,0.45,limited,False,26.698196095244107,"{""diplomatic_analytic"": 0.2321922815896271, ""economic_legal"": 0.3191664799966621}",calculated_from_existing_mgimo_country_profile_scores,22.16559633027523,21.459607571000703,22.88853092188952,5,89,45.81026743811771,59.176912074627694,37.505763010005275,42.14733230704229,43.97879987258,43.97879987258,37.505763010005275,59.176912074627694,37.505763010005275,59.176912074627694,21.67114906462242,8.145057890961576,66.3382764135932,58.19321852263163,C_monitor_and_test,"{""academic_fit"": 42.14733230704229, ""balanced"": 45.81026743811771, ""labor_market"": 37.505763010005275, ""recruitment"": 59.176912074627694}","{""academic_fit"": 12.396087614878166, ""balanced"": 10.40669747195425, ""labor_market"": 13.743343927365629, ""recruitment"": 8.145057890961576}","{""academic_fit"": 44.83471751828097, ""balanced"": 49.844894285580295, ""labor_market"": 40.2015067326278, ""recruitment"": 66.3382764135932}","{""academic_fit"": {""country_opportunity"": 0.25, ""friendliness"": 0.15, ""labor_demand"": 0.15, ""program_fit"": 0.45}, ""balanced"": {""country_opportunity"": 0.3, ""friendliness"": 0.2, ""labor_demand"": 0.3, ""program_fit"": 0.2}, ""labor_market"": {""country_opportunity"": 0.2, ""friendliness"": 0.15, ""labor_demand"": 0.45, ""program_fit"": 0.2}, ""recruitment"": {""country_opportunity"": 0.4, ""friendliness"": 0.3, ""labor_demand"": 0.1, ""program_fit"": 0.2}}",uncertainty_adjusted_management_priority_index_not_predicted_student_count,not_identified_ex_ante,,,,"incremental qualified applications, offers and enrolments attributable to the recruitment intervention",requires_prospective_campaign_evaluation,24,pre_registered_country_program_campaign_with_matched_comparison_or_stepped_wedge_rollout,qualified_leads;applications;offers;enrolments;yield;cost_per_enrolment,relative_record_level_program_demand_not_search_totals,ppml_russia_inbound_structural_allocation_v3;friendliness_receptivity_ex_ante_v4;trudvsem_program_demand_v5;mgimo_program_profiles,calculated_uncertainty_aware_scenario_ensemble_v5,digital_recruitment_scholarship_and_olympiad,214,203.0,101.0,240.0,174.0,101.0,240.0,139.0,89,29046,0.003064105212421676
country_program_priority_evidence_v5,BLZ,Belize,Latin America & Caribbean,languages_regional,languages_regional,Иностранные языки и регионоведение,english_with_optional_russian_preparatory_module_plus_target_region_language,CLDR indicates a material functional English-language environment.,6.894533153218362,6.894533153218362,1.063403328858496,6.389389284185105,29.662294986961243,1.0,0.0,0.0,2023,7.018126241475589,7.018126241475589,0.123593088257228,29.63371263927034,29.63371263927034,10.388967789483374,49.094301282291816,point_score multiplied by probability of positive structural gap,62.5769583728075,35.0769583728075,90.07695837280752,0.45,limited,False,42.59027459584407,"{""diplomatic_analytic"": 0.4184855279991432, ""economic_legal"": 0.4555716177956307}",calculated_from_existing_mgimo_country_profile_scores,52.68428650749584,48.864850295110166,52.853722353772,5,542,44.5687590943942,42.85594178235572,46.743655167947985,43.144545343443674,43.85665221891894,43.85665221891894,42.85594178235572,46.743655167947985,42.85594178235572,46.743655167947985,3.8877133855922636,24.16009955932336,58.13209903742269,33.971999478099335,C_monitor_and_test,"{""academic_fit"": 43.144545343443674, ""balanced"": 44.5687590943942, ""labor_market"": 46.743655167947985, ""recruitment"": 42.85594178235572}","{""academic_fit"": 30.604036044752874, ""balanced"": 28.92585437900273, ""labor_market"": 34.07575140187119, ""recruitment"": 24.16009955932336}","{""academic_fit"": 51.516300291533966, ""balanced"": 55.55708693518137, ""labor_market"": 54.50954623701661, ""recruitment"": 58.13209903742269}","{""academic_fit"": {""country_opportunity"": 0.25, ""friendliness"": 0.15, ""labor_demand"": 0.15, ""program_fit"": 0.45}, ""balanced"": {""country_opportunity"": 0.3, ""friendliness"": 0.2, ""labor_demand"": 0.3, ""program_fit"": 0.2}, ""labor_market"": {""country_opportunity"": 0.2, ""friendliness"": 0.15, ""labor_demand"": 0.45, ""program_fit"": 0.2}, ""recruitment"": {""country_opportunity"": 0.4, ""friendliness"": 0.3, ""labor_demand"": 0.1, ""program_fit"": 0.2}}",uncertainty_adjusted_management_priority_index_not_predicted_student_count,not_identified_ex_ante,,,,"incremental qualified applications, offers and enrolments attributable to the recruitment intervention",requires_prospective_campaign_evaluation,24,pre_registered_country_program_campaign_with_matched_comparison_or_stepped_wedge_rollout,qualified_leads;applications;offers;enrolments;yield;cost_per_enrolment,relative_record_level_program_demand_not_search_totals,ppml_russia_inbound_structural_allocation_v3;friendliness_receptivity_ex_ante_v4;trudvsem_program_demand_v5;mgimo_program_profiles,calculated_uncertainty_aware_scenario_ensemble_v5,targeted_digital_campaign_with_local_partner_validation,215,211.0,263.0,171.0,165.0,165.0,263.0,98.0,542,29046,0.018660056462163465
country_program_priority_evidence_v5,LSO,Lesotho,Sub-Saharan Africa,legal_public,legal_public,Международное право и комплаенс,english_with_optional_russian_preparatory_module,CLDR indicates a material functional English-language environment.,52.13806068218432,52.13806068218432,16.867746505360522,48.154089086847904,117.87455280311232,1.0,0.0,4.0,2023,54.347518188702765,54.347518188702765,2.2094575065184467,56.98057440198765,56.98057440198765,41.34891601105692,68.52866963964306,point_score multiplied by probability of positive structural gap,63.89362799810429,36.39362799810429,91.3936279981043,0.45,limited,False,31.968055427898523,"{""diplomatic_analytic"": 0.3109530097338055, ""economic_legal"": 0.3234209305126337}",calculated_from_existing_mgimo_country_profile_scores,33.810526315789474,33.51626038781164,34.93637368711995,5,363,45.002395745064405,50.40132727715284,41.452799788040906,41.94963153242509,43.476013638744746,43.476013638744746,41.452799788040906,50.40132727715284,41.452799788040906,50.40132727715284,8.948527489111932,35.657788200605204,60.45175196020634,24.793963759601134,C_monitor_and_test,"{""academic_fit"": 41.94963153242509, ""balanced"": 45.002395745064405, ""labor_market"": 41.452799788040906, ""recruitment"": 50.40132727715284}","{""academic_fit"": 35.657788200605204, ""balanced"": 36.58614267698724, ""labor_market"": 35.702290070569276, ""recruitment"": 37.64227529118448}","{""academic_fit"": 46.50911184108176, ""balanced"": 51.491453090951964, ""labor_market"": 45.979769776379484, ""recruitment"": 60.45175196020634}","{""academic_fit"": {""country_opportunity"": 0.25, ""friendliness"": 0.15, ""labor_demand"": 0.15, ""program_fit"": 0.45}, ""balanced"": {""country_opportunity"": 0.3, ""friendliness"": 0.2, ""labor_demand"": 0.3, ""program_fit"": 0.2}, ""labor_market"": {""country_opportunity"": 0.2, ""friendliness"": 0.15, ""labor_demand"": 0.45, ""program_fit"": 0.2}, ""recruitment"": {""country_opportunity"": 0.4, ""friendliness"": 0.3, ""labor_demand"": 0.1, ""program_fit"": 0.2}}",uncertainty_adjusted_management_priority_index_not_predicted_student_count,not_identified_ex_ante,,,,"incremental qualified applications, offers and enrolments attributable to the recruitment intervention",requires_prospective_campaign_evaluation,24,pre_registered_country_program_campaign_with_matched_comparison_or_stepped_wedge_rollout,qualified_leads;applications;offers;enrolments;yield;cost_per_enrolment,relative_record_level_program_demand_not_search_totals,ppml_russia_inbound_structural_allocation_v3;friendliness_receptivity_ex_ante_v4;trudvsem_program_demand_v5;mgimo_program_profiles,calculated_uncertainty_aware_scenario_ensemble_v5,targeted_digital_campaign_with_local_partner_validation,216,208.0,171.0,210.0,175.0,171.0,210.0,39.0,363,29046,0.012497417888865936
country_program_priority_evidence_v5,CAF,Central African Republic,Sub-Saharan Africa,international_economics,international_economics,Международная экономика и ВЭД,english_plus_russian_preparatory_year,No broad Russian or English functional-language signal is available in CLDR.,123.42054049774369,123.42054049774369,22.46126247028651,113.9987970091386,284.0596213959581,1.0,0.0,54.0,2023,164.05831834064435,164.05831834064435,40.63777784290066,69.18265901550751,69.18265901550751,45.25510066467768,81.07290157844957,point_score multiplied by probability of positive structural gap,64.13768093741794,36.63768093741794,91.63768093741795,0.45,limited,False,7.217047785588555,"{""economic_legal"": 0.0384286231340165, ""energy_logistics"": 0.1733960420214927}",calculated_from_existing_mgimo_country_profile_scores,63.80753253946275,63.58040409631885,64.03323363437521,6,723,43.5256072303808,43.89610161047416,43.169206435633434,25.862878724455808,43.34740683300711,43.34740683300711,25.862878724455808,43.89610161047416,25.862878724455808,43.89610161047416,18.033222886018354,21.451081438510922,51.957894172694566,30.506812734183644,C_monitor_and_test,"{""academic_fit"": 25.862878724455808, ""balanced"": 43.5256072303808, ""labor_market"": 43.169206435633434, ""recruitment"": 43.89610161047416}","{""academic_fit"": 21.451081438510922, ""balanced"": 34.381472796527355, ""labor_market"": 36.52098518229407, ""recruitment"": 31.505224135205733}","{""academic_fit"": 28.368680903398424, ""balanced"": 48.99817049961102, ""labor_market"": 47.03171380371482, ""recruitment"": 51.957894172694566}","{""academic_fit"": {""country_opportunity"": 0.25, ""friendliness"": 0.15, ""labor_demand"": 0.15, ""program_fit"": 0.45}, ""balanced"": {""country_opportunity"": 0.3, ""friendliness"": 0.2, ""labor_demand"": 0.3, ""program_fit"": 0.2}, ""labor_market"": {""country_opportunity"": 0.2, ""friendliness"": 0.15, ""labor_demand"": 0.45, ""program_fit"": 0.2}, ""recruitment"": {""country_opportunity"": 0.4, ""friendliness"": 0.3, ""labor_demand"": 0.1, ""program_fit"": 0.2}}",uncertainty_adjusted_management_priority_index_not_predicted_student_count,not_identified_ex_ante,,,,"incremental qualified applications, offers and enrolments attributable to the recruitment intervention",requires_prospective_campaign_evaluation,24,pre_registered_country_program_campaign_with_matched_comparison_or_stepped_wedge_rollout,qualified_leads;applications;offers;enrolments;yield;cost_per_enrolment,relative_record_level_program_demand_not_search_totals,ppml_russia_inbound_structural_allocation_v3;friendliness_receptivity_ex_ante_v4;trudvsem_program_demand_v5;mgimo_program_profiles,calculated_uncertainty_aware_scenario_ensemble_v5,targeted_digital_campaign_with_local_partner_validation,217,219.0,250.0,194.0,291.0,194.0,291.0,97.0,723,29046,0.024891551332369345
country_program_priority_evidence_v5,KEN,Kenya,Sub-Saharan Africa,languages_regional,languages_regional,Иностранные языки и регионоведение,english_with_optional_russian_preparatory_module_plus_target_region_language,CLDR indicates a material functional English-language environment.,57.95554402040611,57.95554402040611,-105.13678389310432,49.25463425603044,369.53835592208605,0.6566666666666666,0.0,169.0,2023,255.7427077748814,255.7427077748814,197.7871637544753,58.47060294014146,38.39569593069289,0.0,84.83430276480973,point_score multiplied by probability of positive structural gap,61.33862879786098,43.83862879786099,78.83862879786099,0.65,moderate,True,26.140453474896592,"{""diplomatic_analytic"": 0.2554120693812451, ""economic_legal"": 0.285374396219849}",calculated_from_existing_mgimo_country_profile_scores,52.68428650749584,48.864850295110166,52.853722353772,5,542,43.545399964658706,42.85420561304485,44.5796466457072,37.01341698557735,43.19980278885178,43.19980278885178,37.01341698557735,44.5796466457072,37.01341698557735,44.5796466457072,7.566229660129849,8.864968464938727,63.04518060671214,54.18021214177341,C_monitor_and_test,"{""academic_fit"": 37.01341698557735, ""balanced"": 43.545399964658706, ""labor_market"": 44.5796466457072, ""recruitment"": 42.85420561304485}","{""academic_fit"": 13.906676352033601, ""balanced"": 13.245576542040071, ""labor_market"": 19.685997626988172, ""recruitment"": 8.864968464938727}","{""academic_fit"": 46.691288774748955, ""balanced"": 57.850570116240384, ""labor_market"": 54.139377820854996, ""recruitment"": 63.04518060671214}","{""academic_fit"": {""country_opportunity"": 0.25, ""friendliness"": 0.15, ""labor_demand"": 0.15, ""program_fit"": 0.45}, ""balanced"": {""country_opportunity"": 0.3, ""friendliness"": 0.2, ""labor_demand"": 0.3, ""program_fit"": 0.2}, ""labor_market"": {""country_opportunity"": 0.2, ""friendliness"": 0.15, ""labor_demand"": 0.45, ""program_fit"": 0.2}, ""recruitment"": {""country_opportunity"": 0.4, ""friendliness"": 0.3, ""labor_demand"": 0.1, ""program_fit"": 0.2}}",uncertainty_adjusted_management_priority_index_not_predicted_student_count,not_identified_ex_ante,,,,"incremental qualified applications, offers and enrolments attributable to the recruitment intervention",requires_prospective_campaign_evaluation,24,pre_registered_country_program_campaign_with_matched_comparison_or_stepped_wedge_rollout,qualified_leads;applications;offers;enrolments;yield;cost_per_enrolment,relative_record_level_program_demand_not_search_totals,ppml_russia_inbound_structural_allocation_v3;friendliness_receptivity_ex_ante_v4;trudvsem_program_demand_v5;mgimo_program_profiles,calculated_uncertainty_aware_scenario_ensemble_v5,targeted_digital_campaign_with_local_partner_validation,218,218.0,264.0,185.0,225.0,185.0,264.0,79.0,542,29046,0.018660056462163465
country_program_priority_evidence_v5,NPL,Nepal,South Asia,management_public,management_public,Управление и государственная политика,english_plus_russian_preparatory_year,No broad Russian or English functional-language signal is available in CLDR.,1075.5996140261825,1075.5996140261825,286.4172296092276,998.3002316758184,2764.8976282259064,1.0,0.99,94.0,2023,1174.2304663495102,1174.2304663495102,98.6308523233276,100.0,100.0,81.19103317197752,100.0,point_score multiplied by probability of positive structural gap,63.8663064372496,36.3663064372496,91.3663064372496,0.45,limited,False,25.57037961796682,"{""diplomatic_analytic"": 0.2562185949178756, ""economic_legal"": 0.2549315980723572}",calculated_from_existing_mgimo_country_profile_scores,22.16559633027523,21.459607571000703,22.88853092188952,5,89,45.051729659858445,57.85978650825484,36.93217597230185,41.14029101246461,43.09601033616153,43.09601033616153,36.93217597230185,57.85978650825484,36.93217597230185,57.85978650825484,20.927610535952994,32.17555637242314,64.5297147085931,32.35415833616997,C_monitor_and_test,"{""academic_fit"": 41.14029101246461, ""balanced"": 45.051729659858445, ""labor_market"": 36.93217597230185, ""recruitment"": 57.85978650825484}","{""academic_fit"": 35.80519786679807, ""balanced"": 37.57700766163058, ""labor_market"": 32.17555637242314, ""recruitment"": 45.01655138902836}","{""academic_fit"": 43.58062099474414, ""balanced"": 48.79936136889193, ""labor_market"": 39.485236049099484, ""recruitment"": 64.5297147085931}","{""academic_fit"": {""country_opportunity"": 0.25, ""friendliness"": 0.15, ""labor_demand"": 0.15, ""program_fit"": 0.45}, ""balanced"": {""country_opportunity"": 0.3, ""friendliness"": 0.2, ""labor_demand"": 0.3, ""program_fit"": 0.2}, ""labor_market"": {""country_opportunity"": 0.2, ""friendliness"": 0.15, ""labor_demand"": 0.45, ""program_fit"": 0.2}, ""recruitment"": {""country_opportunity"": 0.4, ""friendliness"": 0.3, ""labor_demand"": 0.1, ""program_fit"": 0.2}}",uncertainty_adjusted_management_priority_index_not_predicted_student_count,not_identified_ex_ante,,,,"incremental qualified applications, offers and enrolments attributable to the recruitment intervention",requires_prospective_campaign_evaluation,24,pre_registered_country_program_campaign_with_matched_comparison_or_stepped_wedge_rollout,qualified_leads;applications;offers;enrolments;yield;cost_per_enrolment,relative_record_level_program_demand_not_search_totals,ppml_russia_inbound_structural_allocation_v3;friendliness_receptivity_ex_ante_v4;trudvsem_program_demand_v5;mgimo_program_profiles,calculated_uncertainty_aware_scenario_ensemble_v5,targeted_digital_campaign_with_local_partner_validation,219,207.0,109.0,246.0,186.0,109.0,246.0,137.0,89,29046,0.003064105212421676
country_program_priority_evidence_v5,SOM,Somalia,Sub-Saharan Africa,legal_public,legal_public,Международное право и комплаенс,english_plus_russian_preparatory_year,No broad Russian or English functional-language signal is available in CLDR.,371.0254596523729,371.0254596523729,42.66027797003462,328.91435243682554,1012.8978610218408,0.9933333333333332,0.49,149.0,2023,525.0011129523125,525.0011129523125,153.97565329993958,84.89174852253903,84.32580353238876,54.16295460832173,99.27130559080285,point_score multiplied by probability of positive structural gap,65.6844914965029,38.18449149650291,93.18449149650291,0.45,limited,False,17.99024877414766,"{""diplomatic_analytic"": 0.1592579399678645, ""economic_legal"": 0.1887501510730246}",calculated_from_existing_mgimo_country_profile_scores,33.810526315789474,33.51626038781164,34.93637368711995,5,363,45.50163671645001,53.11233854080408,40.26932280556329,36.194937602315605,42.88547976100665,42.88547976100665,36.194937602315605,53.11233854080408,36.194937602315605,53.11233854080408,16.917400938488477,29.929536636122776,63.038035317719874,33.1084986815971,C_monitor_and_test,"{""academic_fit"": 36.194937602315605, ""balanced"": 45.50163671645001, ""labor_market"": 40.26932280556329, ""recruitment"": 53.11233854080408}","{""academic_fit"": 29.929536636122776, ""balanced"": 35.80213921237924, ""labor_market"": 33.946271058310074, ""recruitment"": 37.99972057323163}","{""academic_fit"": 39.878483554791785, ""balanced"": 51.66470008275211, ""labor_market"": 44.433181777786, ""recruitment"": 63.038035317719874}","{""academic_fit"": {""country_opportunity"": 0.25, ""friendliness"": 0.15, ""labor_demand"": 0.15, ""program_fit"": 0.45}, ""balanced"": {""country_opportunity"": 0.3, ""friendliness"": 0.2, ""labor_demand"": 0.3, ""program_fit"": 0.2}, ""labor_market"": {""country_opportunity"": 0.2, ""friendliness"": 0.15, ""labor_demand"": 0.45, ""program_fit"": 0.2}, ""recruitment"": {""country_opportunity"": 0.4, ""friendliness"": 0.3, ""labor_demand"": 0.1, ""program_fit"": 0.2}}",uncertainty_adjusted_management_priority_index_not_predicted_student_count,not_identified_ex_ante,,,,"incremental qualified applications, offers and enrolments attributable to the recruitment intervention",requires_prospective_campaign_evaluation,24,pre_registered_country_program_campaign_with_matched_comparison_or_stepped_wedge_rollout,qualified_leads;applications;offers;enrolments;yield;cost_per_enrolment,relative_record_level_program_demand_not_search_totals,ppml_russia_inbound_structural_allocation_v3;friendliness_receptivity_ex_ante_v4;trudvsem_program_demand_v5;mgimo_program_profiles,calculated_uncertainty_aware_scenario_ensemble_v5,digital_recruitment_scholarship_and_olympiad,220,205.0,142.0,217.0,228.0,142.0,228.0,86.0,363,29046,0.012497417888865936
country_program_priority_evidence_v5,WSM,Samoa,East Asia & Pacific,legal_public,legal_public,Международное право и комплаенс,english_with_optional_russian_preparatory_module,CLDR indicates a material functional English-language environment.,8.188233849857886,8.188233849857886,1.1029210424256626,7.513847497798567,45.765539041974925,1.0,0.0,0.0,2023,8.286487221812092,8.286487221812092,0.0982533719542049,31.810208406227137,31.810208406227137,10.661050944931748,55.148385975815806,point_score multiplied by probability of positive structural gap,60.79980050541498,33.299800505414986,88.29980050541499,0.45,limited,False,50.69937272691766,"{""diplomatic_analytic"": 0.5123636069960922, ""economic_legal"": 0.5046923502433557}",calculated_from_existing_mgimo_country_profile_scores,33.810526315789474,33.51626038781164,34.93637368711995,5,363,41.10446208682093,43.27593476678225,40.17864673278503,44.22357992742677,42.19019842680159,42.19019842680159,40.17864673278503,44.22357992742677,40.17864673278503,44.22357992742677,4.044933194641736,23.958554383423067,60.10618494214037,36.14763055871731,C_monitor_and_test,"{""academic_fit"": 44.22357992742677, ""balanced"": 41.10446208682093, ""labor_market"": 40.17864673278503, ""recruitment"": 43.27593476678225}","{""academic_fit"": 31.219699765280023, ""balanced"": 26.72159814856629, ""labor_market"": 29.793919506413168, ""recruitment"": 23.958554383423067}","{""academic_fit"": 53.708006090495616, ""balanced"": 52.4816205506443, ""labor_market"": 47.95800652106424, ""recruitment"": 60.10618494214037}","{""academic_fit"": {""country_opportunity"": 0.25, ""friendliness"": 0.15, ""labor_demand"": 0.15, ""program_fit"": 0.45}, ""balanced"": {""country_opportunity"": 0.3, ""friendliness"": 0.2, ""labor_demand"": 0.3, ""program_fit"": 0.2}, ""labor_market"": {""country_opportunity"": 0.2, ""friendliness"": 0.15, ""labor_demand"": 0.45, ""program_fit"": 0.2}, ""recruitment"": {""country_opportunity"": 0.4, ""friendliness"": 0.3, ""labor_demand"": 0.1, ""program_fit"": 0.2}}",uncertainty_adjusted_management_priority_index_not_predicted_student_count,not_identified_ex_ante,,,,"incremental qualified applications, offers and enrolments attributable to the recruitment intervention",requires_prospective_campaign_evaluation,24,pre_registered_country_program_campaign_with_matched_comparison_or_stepped_wedge_rollout,qualified_leads;applications;offers;enrolments;yield;cost_per_enrolment,relative_record_level_program_demand_not_search_totals,ppml_russia_inbound_structural_allocation_v3;friendliness_receptivity_ex_ante_v4;trudvsem_program_demand_v5;mgimo_program_profiles,calculated_uncertainty_aware_scenario_ensemble_v5,targeted_digital_campaign_with_local_partner_validation,221,244.0,259.0,219.0,152.0,152.0,259.0,107.0,363,29046,0.012497417888865936
country_program_priority_evidence_v5,BHR,Bahrain,Middle East & North Africa,management_public,management_public,Управление и государственная политика,english_plus_russian_preparatory_year,No broad Russian or English functional-language signal is available in CLDR.,31.931660746639665,31.931660746639665,-47.54678225176156,18.08585022238453,211.7419000625797,0.6583333333333333,0.0,45.0,2023,120.50138463896644,120.50138463896644,88.56972389232676,50.11835563919724,32.99458412913818,0.0,76.87606628006898,point_score multiplied by probability of positive structural gap,63.790719388353246,36.290719388353246,91.29071938835324,0.45,limited,False,66.93769983746036,"{""diplomatic_analytic"": 0.6426831204973397, ""economic_legal"": 0.7094178151904993}",calculated_from_existing_mgimo_country_profile_scores,22.16559633027523,21.459607571000703,22.88853092188952,5,89,39.19939096385227,45.144295091899124,35.833499940058836,47.800713572053496,42.171843027875695,42.171843027875695,35.833499940058836,47.800713572053496,35.833499940058836,47.800713572053496,11.96721363199466,9.305104158193974,70.15017359292408,60.84506943473011,C_monitor_and_test,"{""academic_fit"": 47.800713572053496, ""balanced"": 39.19939096385227, ""labor_market"": 35.833499940058836, ""recruitment"": 45.144295091899124}","{""academic_fit"": 18.137563357695473, ""balanced"": 12.073733774055174, ""labor_market"": 16.06837216080779, ""recruitment"": 9.305104158193974}","{""academic_fit"": 62.29907900356173, ""balanced"": 54.4515735859521, ""labor_market"": 45.22104031329279, ""recruitment"": 70.15017359292408}","{""academic_fit"": {""country_opportunity"": 0.25, ""friendliness"": 0.15, ""labor_demand"": 0.15, ""program_fit"": 0.45}, ""balanced"": {""country_opportunity"": 0.3, ""friendliness"": 0.2, ""labor_demand"": 0.3, ""program_fit"": 0.2}, ""labor_market"": {""country_opportunity"": 0.2, ""friendliness"": 0.15, ""labor_demand"": 0.45, ""program_fit"": 0.2}, ""recruitment"": {""country_opportunity"": 0.4, ""friendliness"": 0.3, ""labor_demand"": 0.1, ""program_fit"": 0.2}}",uncertainty_adjusted_management_priority_index_not_predicted_student_count,not_identified_ex_ante,,,,"incremental qualified applications, offers and enrolments attributable to the recruitment intervention",requires_prospective_campaign_evaluation,24,pre_registered_country_program_campaign_with_matched_comparison_or_stepped_wedge_rollout,qualified_leads;applications;offers;enrolments;yield;cost_per_enrolment,relative_record_level_program_demand_not_search_totals,ppml_russia_inbound_structural_allocation_v3;friendliness_receptivity_ex_ante_v4;trudvsem_program_demand_v5;mgimo_program_profiles,calculated_uncertainty_aware_scenario_ensemble_v5,targeted_digital_campaign_with_local_partner_validation,222,256.0,237.0,250.0,120.0,120.0,256.0,136.0,89,29046,0.003064105212421676
country_program_priority_evidence_v5,LBY,Libya,Middle East & North Africa,management_public,management_public,Управление и государственная политика,english_plus_russian_preparatory_year,No broad Russian or English functional-language signal is available in CLDR.,287.1095900562688,287.1095900562688,43.57381763289008,261.54223974197225,841.9215487717062,0.9983333333333332,0.2366666666666666,65.0,2023,349.4553508380682,349.4553508380682,62.34576078179949,81.22554093396258,81.09016503240596,54.459954567457025,96.6225118599619,point_score multiplied by probability of positive structural gap,63.668003184761545,36.168003184761545,91.16800318476156,0.45,limited,False,28.582846961292653,"{""diplomatic_analytic"": 0.3129937011442545, ""economic_legal"": 0.2450806223159346}",calculated_from_existing_mgimo_country_profile_scores,22.16559633027523,21.459607571000703,22.88853092188952,5,89,43.22797520731082,54.36185337299371,36.18493784166548,40.97786560706356,42.10292040718719,42.10292040718719,36.18493784166548,54.36185337299371,36.18493784166548,54.36185337299371,18.176915531328227,30.36259450642237,64.99794239588711,34.63534788946474,C_monitor_and_test,"{""academic_fit"": 40.97786560706356, ""balanced"": 43.22797520731082, ""labor_market"": 36.18493784166548, ""recruitment"": 54.36185337299371}","{""academic_fit"": 34.03119485250776, ""balanced"": 34.0827765639998, ""labor_market"": 30.36259450642237, ""recruitment"": 39.23461620199256}","{""academic_fit"": 45.336662813522516, ""balanced"": 49.33151822625176, ""labor_market"": 40.05612108167927, ""recruitment"": 64.99794239588711}","{""academic_fit"": {""country_opportunity"": 0.25, ""friendliness"": 0.15, ""labor_demand"": 0.15, ""program_fit"": 0.45}, ""balanced"": {""country_opportunity"": 0.3, ""friendliness"": 0.2, ""labor_demand"": 0.3, ""program_fit"": 0.2}, ""labor_market"": {""country_opportunity"": 0.2, ""friendliness"": 0.15, ""labor_demand"": 0.45, ""program_fit"": 0.2}, ""recruitment"": {""country_opportunity"": 0.4, ""friendliness"": 0.3, ""labor_demand"": 0.1, ""program_fit"": 0.2}}",uncertainty_adjusted_management_priority_index_not_predicted_student_count,not_identified_ex_ante,,,,"incremental qualified applications, offers and enrolments attributable to the recruitment intervention",requires_prospective_campaign_evaluation,24,pre_registered_country_program_campaign_with_matched_comparison_or_stepped_wedge_rollout,qualified_leads;applications;offers;enrolments;yield;cost_per_enrolment,relative_record_level_program_demand_not_search_totals,ppml_russia_inbound_structural_allocation_v3;friendliness_receptivity_ex_ante_v4;trudvsem_program_demand_v5;mgimo_program_profiles,calculated_uncertainty_aware_scenario_ensemble_v5,targeted_digital_campaign_with_local_partner_validation,223,222.0,135.0,248.0,189.0,135.0,248.0,113.0,89,29046,0.003064105212421676
country_program_priority_evidence_v5,FJI,Fiji,East Asia & Pacific,legal_public,legal_public,Международное право и комплаенс,english_with_optional_russian_preparatory_module,CLDR indicates a material functional English-language environment.,7.627020882740514,7.627020882740514,1.2039860349869458,6.669231625580992,43.267269859997896,1.0,0.0,0.0,2023,7.627020882740514,7.627020882740514,0.0,30.906289889035474,30.906289889035474,11.334283146520756,54.36097719416004,point_score multiplied by probability of positive structural gap,61.00551914526677,33.505519145266774,88.50551914526677,0.45,limited,False,50.27040440090859,"{""diplomatic_analytic"": 0.5850354429277626, ""economic_legal"": 0.4674191587582244}",calculated_from_existing_mgimo_country_profile_scores,33.810526315789474,33.51626038781164,34.93637368711995,5,363,40.720594825201964,42.76639677174172,39.908146121391056,43.77325860172138,41.74349579847184,41.74349579847184,39.908146121391056,43.77325860172138,39.908146121391056,43.77325860172138,3.8651124803303247,24.505664521591875,59.70928127796606,35.20361675637419,C_monitor_and_test,"{""academic_fit"": 43.77325860172138, ""balanced"": 40.720594825201964, ""labor_market"": 39.908146121391056, ""recruitment"": 42.76639677174172}","{""academic_fit"": 31.57068350120452, ""balanced"": 27.162577793234373, ""labor_market"": 30.107086057722498, ""recruitment"": 24.505664521591875}","{""academic_fit"": 53.336830854505436, ""balanced"": 52.196734934560915, ""labor_market"": 47.75959215574631, ""recruitment"": 59.70928127796606}","{""academic_fit"": {""country_opportunity"": 0.25, ""friendliness"": 0.15, ""labor_demand"": 0.15, ""program_fit"": 0.45}, ""balanced"": {""country_opportunity"": 0.3, ""friendliness"": 0.2, ""labor_demand"": 0.3, ""program_fit"": 0.2}, ""labor_market"": {""country_opportunity"": 0.2, ""friendliness"": 0.15, ""labor_demand"": 0.45, ""program_fit"": 0.2}, ""recruitment"": {""country_opportunity"": 0.4, ""friendliness"": 0.3, ""labor_demand"": 0.1, ""program_fit"": 0.2}}",uncertainty_adjusted_management_priority_index_not_predicted_student_count,not_identified_ex_ante,,,,"incremental qualified applications, offers and enrolments attributable to the recruitment intervention",requires_prospective_campaign_evaluation,24,pre_registered_country_program_campaign_with_matched_comparison_or_stepped_wedge_rollout,qualified_leads;applications;offers;enrolments;yield;cost_per_enrolment,relative_record_level_program_demand_not_search_totals,ppml_russia_inbound_structural_allocation_v3;friendliness_receptivity_ex_ante_v4;trudvsem_program_demand_v5;mgimo_program_profiles,calculated_uncertainty_aware_scenario_ensemble_v5,targeted_digital_campaign_with_local_partner_validation,224,247.0,265.0,222.0,157.0,157.0,265.0,108.0,363,29046,0.012497417888865936
country_program_priority_evidence_v5,BDI,Burundi,Sub-Saharan Africa,languages_regional,languages_regional,Иностранные языки и регионоведение,english_with_optional_russian_preparatory_module_plus_target_region_language,CLDR indicates a material functional English-language environment.,115.83485200969926,115.83485200969926,-40.58184297189573,93.74825770443982,343.0268859657819,0.9016666666666666,0.0,132.0,2023,263.81046575474204,263.81046575474204,147.97561374504278,68.28044190972848,61.566198455271845,0.0,83.7695685415752,point_score multiplied by probability of positive structural gap,65.48109903285359,37.98109903285359,92.9810990328536,0.45,limited,False,9.95840045578078,"{""diplomatic_analytic"": 0.0968219268580822, ""economic_legal"": 0.1106323153567101}",calculated_from_existing_mgimo_country_profile_scores,52.68428650749584,48.864850295110166,52.853722353772,5,542,42.269176191096406,43.84884339433717,41.184327161759995,27.895336181220742,41.7267516764282,41.7267516764282,27.895336181220742,43.84884339433717,27.895336181220742,43.84884339433717,15.953507213116431,7.0902857024050565,54.948744923343604,47.85845922093855,C_monitor_and_test,"{""academic_fit"": 27.895336181220742, ""balanced"": 42.269176191096406, ""labor_market"": 41.184327161759995, ""recruitment"": 43.84884339433717}","{""academic_fit"": 9.054451383251378, ""balanced"": 10.74328832515686, ""labor_market"": 16.079172903341785, ""recruitment"": 7.0902857024050565}","{""academic_fit"": 31.714895261191355, ""balanced"": 49.66756552394839, ""labor_market"": 46.161425234380864, ""recruitment"": 54.948744923343604}","{""academic_fit"": {""country_opportunity"": 0.25, ""friendliness"": 0.15, ""labor_demand"": 0.15, ""program_fit"": 0.45}, ""balanced"": {""country_opportunity"": 0.3, ""friendliness"": 0.2, ""labor_demand"": 0.3, ""program_fit"": 0.2}, ""labor_market"": {""country_opportunity"": 0.2, ""friendliness"": 0.15, ""labor_demand"": 0.45, ""program_fit"": 0.2}, ""recruitment"": {""country_opportunity"": 0.4, ""friendliness"": 0.3, ""labor_demand"": 0.1, ""program_fit"": 0.2}}",uncertainty_adjusted_management_priority_index_not_predicted_student_count,not_identified_ex_ante,,,,"incremental qualified applications, offers and enrolments attributable to the recruitment intervention",requires_prospective_campaign_evaluation,24,pre_registered_country_program_campaign_with_matched_comparison_or_stepped_wedge_rollout,qualified_leads;applications;offers;enrolments;yield;cost_per_enrolment,relative_record_level_program_demand_not_search_totals,ppml_russia_inbound_structural_allocation_v3;friendliness_receptivity_ex_ante_v4;trudvsem_program_demand_v5;mgimo_program_profiles,calculated_uncertainty_aware_scenario_ensemble_v5,digital_recruitment_scholarship_and_olympiad,225,230.0,251.0,212.0,286.0,212.0,286.0,74.0,542,29046,0.018660056462163465
country_program_priority_evidence_v5,BRA,Brazil,Latin America & Caribbean,legal_public,legal_public,Международное право и комплаенс,english_plus_russian_preparatory_year,No broad Russian or English functional-language signal is available in CLDR.,85.43170022491807,85.43170022491807,-181.2820702477455,57.08296170262864,768.9202486279605,0.6316666666666667,0.145,227.0,2023,435.0658326309589,435.0658326309589,349.63413240604086,63.95756264482146,40.39986040397889,0.0,95.32328326858273,point_score multiplied by probability of positive structural gap,56.86413841445693,39.36413841445693,74.36413841445693,0.65,moderate,True,40.068740604354744,"{""diplomatic_analytic"": 0.4411029097198089, ""economic_legal"": 0.3833664758965783}",calculated_from_existing_mgimo_country_profile_scores,33.810526315789474,33.51626038781164,34.93637368711995,5,363,41.54087511970778,44.470740404921415,39.80263899005824,41.84335324939041,41.6921141845491,41.6921141845491,39.80263899005824,44.470740404921415,39.80263899005824,44.470740404921415,4.668101414863173,8.99460265920606,67.69806583594978,58.70346317674372,C_monitor_and_test,"{""academic_fit"": 41.84335324939041, ""balanced"": 41.54087511970778, ""labor_market"": 39.80263899005824, ""recruitment"": 44.470740404921415}","{""academic_fit"": 15.608517766156499, ""balanced"": 12.617902335838465, ""labor_market"": 17.839839290890065, ""recruitment"": 8.99460265920606}","{""academic_fit"": 54.025204228493784, ""balanced"": 56.96308600565707, ""labor_market"": 49.73845402029543, ""recruitment"": 67.69806583594978}","{""academic_fit"": {""country_opportunity"": 0.25, ""friendliness"": 0.15, ""labor_demand"": 0.15, ""program_fit"": 0.45}, ""balanced"": {""country_opportunity"": 0.3, ""friendliness"": 0.2, ""labor_demand"": 0.3, ""program_fit"": 0.2}, ""labor_market"": {""country_opportunity"": 0.2, ""friendliness"": 0.15, ""labor_demand"": 0.45, ""program_fit"": 0.2}, ""recruitment"": {""country_opportunity"": 0.4, ""friendliness"": 0.3, ""labor_demand"": 0.1, ""program_fit"": 0.2}}",uncertainty_adjusted_management_priority_index_not_predicted_student_count,not_identified_ex_ante,,,,"incremental qualified applications, offers and enrolments attributable to the recruitment intervention",requires_prospective_campaign_evaluation,24,pre_registered_country_program_campaign_with_matched_comparison_or_stepped_wedge_rollout,qualified_leads;applications;offers;enrolments;yield;cost_per_enrolment,relative_record_level_program_demand_not_search_totals,ppml_russia_inbound_structural_allocation_v3;friendliness_receptivity_ex_ante_v4;trudvsem_program_demand_v5;mgimo_program_profiles,calculated_uncertainty_aware_scenario_ensemble_v5,targeted_digital_campaign_with_local_partner_validation,226,240.0,244.0,224.0,177.0,177.0,244.0,67.0,363,29046,0.012497417888865936
country_program_priority_evidence_v5,NER,Niger,Sub-Saharan Africa,legal_public,legal_public,Международное право и комплаенс,english_plus_russian_preparatory_year,No broad Russian or English functional-language signal is available in CLDR.,494.4652025116648,494.4652025116648,160.9628794116347,471.67872675748697,1062.3091707573135,1.0,0.8166666666666667,27.0,2023,521.5055102083084,521.5055102083084,27.04030769664352,89.0013274889097,89.0013274889097,72.96473150246261,99.95376750000088,point_score multiplied by probability of positive structural gap,64.80558862801902,37.305588628019024,92.30558862801902,0.45,limited,False,14.12830230701671,"{""diplomatic_analytic"": 0.1408765878391847, ""economic_legal"": 0.141457209597731}",calculated_from_existing_mgimo_country_profile_scores,33.810526315789474,33.51626038781164,34.93637368711995,5,363,44.06330536239841,51.63998692046189,38.81464604993069,33.04779193115528,41.43897570616455,41.43897570616455,33.04779193115528,51.63998692046189,33.04779193115528,51.63998692046189,18.592194989306606,28.975655296800905,60.22979703648358,31.254141739682677,C_monitor_and_test,"{""academic_fit"": 33.04779193115528, ""balanced"": 44.06330536239841, ""labor_market"": 38.81464604993069, ""recruitment"": 51.63998692046189}","{""academic_fit"": 28.975655296800905, ""balanced"": 37.18806827889026, ""labor_market"": 34.280062466229666, ""recruitment"": 40.55342647614306}","{""academic_fit"": 36.01066426567486, ""balanced"": 49.37592344188135, ""labor_market"": 42.455868810604, ""recruitment"": 60.22979703648358}","{""academic_fit"": {""country_opportunity"": 0.25, ""friendliness"": 0.15, ""labor_demand"": 0.15, ""program_fit"": 0.45}, ""balanced"": {""country_opportunity"": 0.3, ""friendliness"": 0.2, ""labor_demand"": 0.3, ""program_fit"": 0.2}, ""labor_market"": {""country_opportunity"": 0.2, ""friendliness"": 0.15, ""labor_demand"": 0.45, ""program_fit"": 0.2}, ""recruitment"": {""country_opportunity"": 0.4, ""friendliness"": 0.3, ""labor_demand"": 0.1, ""program_fit"": 0.2}}",uncertainty_adjusted_management_priority_index_not_predicted_student_count,not_identified_ex_ante,,,,"incremental qualified applications, offers and enrolments attributable to the recruitment intervention",requires_prospective_campaign_evaluation,24,pre_registered_country_program_campaign_with_matched_comparison_or_stepped_wedge_rollout,qualified_leads;applications;offers;enrolments;yield;cost_per_enrolment,relative_record_level_program_demand_not_search_totals,ppml_russia_inbound_structural_allocation_v3;friendliness_receptivity_ex_ante_v4;trudvsem_program_demand_v5;mgimo_program_profiles,calculated_uncertainty_aware_scenario_ensemble_v5,targeted_digital_campaign_with_local_partner_validation,227,215.0,155.0,231.0,256.0,155.0,256.0,101.0,363,29046,0.012497417888865936
country_program_priority_evidence_v5,BFA,Burkina Faso,Sub-Saharan Africa,legal_public,legal_public,Международное право и комплаенс,english_plus_russian_preparatory_year,No broad Russian or English functional-language signal is available in CLDR.,235.4147839780773,235.4147839780773,74.28192356188265,217.03767895358453,463.0755403403525,1.0,0.035,32.0,2023,272.4262376500111,272.4262376500111,37.011453671933765,78.38929933944887,78.38929933944887,61.97667856140877,88.06262468380872,point_score multiplied by probability of positive structural gap,64.97678479047427,37.47678479047427,92.47678479047428,0.45,limited,False,16.649008443452463,"{""diplomatic_analytic"": 0.149553815328358, ""economic_legal"": 0.1737484854800246}",calculated_from_existing_mgimo_country_profile_scores,33.810526315789474,33.51626038781164,34.93637368711995,5,363,43.78674736868603,50.6892516090584,39.052920708960364,34.340650609600644,41.4198340388232,41.4198340388232,34.340650609600644,50.6892516090584,34.340650609600644,50.6892516090584,16.34860099945776,29.852525686897067,59.11060973022521,29.25808404332814,C_monitor_and_test,"{""academic_fit"": 34.340650609600644, ""balanced"": 43.78674736868603, ""labor_market"": 39.052920708960364, ""recruitment"": 50.6892516090584}","{""academic_fit"": 29.852525686897067, ""balanced"": 36.578297666201266, ""labor_market"": 34.25698491050785, ""recruitment"": 39.269610624750406}","{""academic_fit"": 37.41642940368878, ""balanced"": 49.060544474895266, ""labor_market"": 42.71277264686731, ""recruitment"": 59.11060973022521}","{""academic_fit"": {""country_opportunity"": 0.25, ""friendliness"": 0.15, ""labor_demand"": 0.15, ""program_fit"": 0.45}, ""balanced"": {""country_opportunity"": 0.3, ""friendliness"": 0.2, ""labor_demand"": 0.3, ""program_fit"": 0.2}, ""labor_market"": {""country_opportunity"": 0.2, ""friendliness"": 0.15, ""labor_demand"": 0.45, ""program_fit"": 0.2}, ""recruitment"": {""country_opportunity"": 0.4, ""friendliness"": 0.3, ""labor_demand"": 0.1, ""program_fit"": 0.2}}",uncertainty_adjusted_management_priority_index_not_predicted_student_count,not_identified_ex_ante,,,,"incremental qualified applications, offers and enrolments attributable to the recruitment intervention",requires_prospective_campaign_evaluation,24,pre_registered_country_program_campaign_with_matched_comparison_or_stepped_wedge_rollout,qualified_leads;applications;offers;enrolments;yield;cost_per_enrolment,relative_record_level_program_demand_not_search_totals,ppml_russia_inbound_structural_allocation_v3;friendliness_receptivity_ex_ante_v4;trudvsem_program_demand_v5;mgimo_program_profiles,calculated_uncertainty_aware_scenario_ensemble_v5,targeted_digital_campaign_with_local_partner_validation,228,217.0,165.0,230.0,248.0,165.0,248.0,83.0,363,29046,0.012497417888865936
country_program_priority_evidence_v5,SUR,Suriname,Latin America & Caribbean,languages_regional,languages_regional,Иностранные языки и регионоведение,english_plus_russian_preparatory_year_plus_target_region_language,No broad Russian or English functional-language signal is available in CLDR.,10.509553920338355,10.509553920338355,-3.51557237617404,9.34758708115846,85.72819051484383,0.845,0.0,7.0,2023,16.594214208509936,16.594214208509936,6.084660288171579,35.0408731843896,29.609537840809214,0.0,64.00667757120094,point_score multiplied by probability of positive structural gap,62.23617269496816,34.73617269496816,89.73617269496816,0.45,limited,False,32.50092259019491,"{""diplomatic_analytic"": 0.3046432339742406, ""economic_legal"": 0.4064731936127829}",calculated_from_existing_mgimo_country_profile_scores,52.68428650749584,48.864850295110166,52.853722353772,5,542,42.227394194854554,40.579536317579255,44.30343543534955,38.28602503399637,41.403465256216904,41.403465256216904,38.28602503399637,44.30343543534955,38.28602503399637,44.30343543534955,6.017410401353182,8.63777412298602,61.14048471378643,52.502710590800405,C_monitor_and_test,"{""academic_fit"": 38.28602503399637, ""balanced"": 42.227394194854554, ""labor_market"": 44.30343543534955, ""recruitment"": 40.579536317579255}","{""academic_fit"": 14.777111666693438, ""balanced"": 13.202310519672416, ""labor_market"": 19.8455764922815, ""recruitment"": 8.63777412298602}","{""academic_fit"": 48.813853296997685, ""balanced"": 56.95058376947306, ""labor_market"": 54.449728594830646, ""recruitment"": 61.14048471378643}","{""academic_fit"": {""country_opportunity"": 0.25, ""friendliness"": 0.15, ""labor_demand"": 0.15, ""program_fit"": 0.45}, ""balanced"": {""country_opportunity"": 0.3, ""friendliness"": 0.2, ""labor_demand"": 0.3, ""program_fit"": 0.2}, ""labor_market"": {""country_opportunity"": 0.2, ""friendliness"": 0.15, ""labor_demand"": 0.45, ""program_fit"": 0.2}, ""recruitment"": {""country_opportunity"": 0.4, ""friendliness"": 0.3, ""labor_demand"": 0.1, ""program_fit"": 0.2}}",uncertainty_adjusted_management_priority_index_not_predicted_student_count,not_identified_ex_ante,,,,"incremental qualified applications, offers and enrolments attributable to the recruitment intervention",requires_prospective_campaign_evaluation,24,pre_registered_country_program_campaign_with_matched_comparison_or_stepped_wedge_rollout,qualified_leads;applications;offers;enrolments;yield;cost_per_enrolment,relative_record_level_program_demand_not_search_totals,ppml_russia_inbound_structural_allocation_v3;friendliness_receptivity_ex_ante_v4;trudvsem_program_demand_v5;mgimo_program_profiles,calculated_uncertainty_aware_scenario_ensemble_v5,targeted_digital_campaign_with_local_partner_validation,229,231.0,280.0,189.0,212.0,189.0,280.0,91.0,542,29046,0.018660056462163465
country_program_priority_evidence_v5,TGO,Togo,Sub-Saharan Africa,languages_regional,languages_regional,Иностранные языки и регионоведение,english_plus_russian_preparatory_year_plus_target_region_language,No broad Russian or English functional-language signal is available in CLDR.,27.54025528774936,27.54025528774936,-21.43475480503972,21.559190490696373,102.7599583186691,0.7766666666666666,0.0,66.0,2023,81.65433936165209,81.65433936165209,54.11408407390273,48.06569520962609,37.33102327947626,0.0,66.57827509124455,point_score multiplied by probability of positive structural gap,63.080246193426106,35.5802461934261,90.5802461934261,0.45,limited,False,21.19686943313611,"{""diplomatic_analytic"": 0.2090227586663389, ""economic_legal"": 0.2237524369914499}",calculated_from_existing_mgimo_country_profile_scores,52.68428650749584,48.864850295110166,52.853722353772,5,542,41.71584889364132,41.054343058386536,42.764846111544685,33.7196618263049,41.38509597601393,41.38509597601393,33.7196618263049,42.764846111544685,33.7196618263049,42.764846111544685,9.045184285239785,8.011067865669999,57.348482084905285,49.337414219235285,C_monitor_and_test,"{""academic_fit"": 33.7196618263049, ""balanced"": 41.71584889364132, ""labor_market"": 42.764846111544685, ""recruitment"": 41.054343058386536}","{""academic_fit"": 12.321570750491114, ""balanced"": 12.21587703251608, ""labor_market"": 18.341358476190976, ""recruitment"": 8.011067865669999}","{""academic_fit"": 41.012317346234035, ""balanced"": 53.162351409143305, ""labor_market"": 50.607599811748806, ""recruitment"": 57.348482084905285}","{""academic_fit"": {""country_opportunity"": 0.25, ""friendliness"": 0.15, ""labor_demand"": 0.15, ""program_fit"": 0.45}, ""balanced"": {""country_opportunity"": 0.3, ""friendliness"": 0.2, ""labor_demand"": 0.3, ""program_fit"": 0.2}, ""labor_market"": {""country_opportunity"": 0.2, ""friendliness"": 0.15, ""labor_demand"": 0.45, ""program_fit"": 0.2}, ""recruitment"": {""country_opportunity"": 0.4, ""friendliness"": 0.3, ""labor_demand"": 0.1, ""program_fit"": 0.2}}",uncertainty_adjusted_management_priority_index_not_predicted_student_count,not_identified_ex_ante,,,,"incremental qualified applications, offers and enrolments attributable to the recruitment intervention",requires_prospective_campaign_evaluation,24,pre_registered_country_program_campaign_with_matched_comparison_or_stepped_wedge_rollout,qualified_leads;applications;offers;enrolments;yield;cost_per_enrolment,relative_record_level_program_demand_not_search_totals,ppml_russia_inbound_structural_allocation_v3;friendliness_receptivity_ex_ante_v4;trudvsem_program_demand_v5;mgimo_program_profiles,calculated_uncertainty_aware_scenario_ensemble_v5,targeted_digital_campaign_with_local_partner_validation,230,239.0,278.0,198.0,250.0,198.0,278.0,80.0,542,29046,0.018660056462163465
country_program_priority_evidence_v5,KHM,Cambodia,East Asia & Pacific,management_public,management_public,Управление и государственная политика,english_plus_russian_preparatory_year,No broad Russian or English functional-language signal is available in CLDR.,167.55416672419764,167.55416672419764,-15.859729091382542,148.0692865032078,878.291230563737,0.9433333333333334,0.05,70.0,2023,225.2250074192524,225.2250074192524,57.67084069505476,73.53684719994229,69.36975919194556,0.0,97.22836472831446,point_score multiplied by probability of positive structural gap,64.09164215514153,36.59164215514152,91.59164215514151,0.45,limited,False,30.860761723623842,"{""diplomatic_analytic"": 0.3045488890845261, ""economic_legal"": 0.314695709463807}",calculated_from_existing_mgimo_country_profile_scores,22.16559633027523,21.459607571000703,22.88853092188952,5,89,41.94727638315561,51.97879413243769,35.64637916402217,40.80803837331252,41.37765737823406,41.37765737823406,35.64637916402217,51.97879413243769,35.64637916402217,51.97879413243769,16.33241496841552,8.016733800514082,66.2239533362817,58.207219535767614,C_monitor_and_test,"{""academic_fit"": 40.80803837331252, ""balanced"": 41.94727638315561, ""labor_market"": 35.64637916402217, ""recruitment"": 51.97879413243769}","{""academic_fit"": 12.91569899425758, ""balanced"": 10.393666219202439, ""labor_market"": 13.826890562799152, ""recruitment"": 8.016733800514082}","{""academic_fit"": 46.98046475519477, ""balanced"": 50.2079074666917, ""labor_market"": 40.73317444762849, ""recruitment"": 66.2239533362817}","{""academic_fit"": {""country_opportunity"": 0.25, ""friendliness"": 0.15, ""labor_demand"": 0.15, ""program_fit"": 0.45}, ""balanced"": {""country_opportunity"": 0.3, ""friendliness"": 0.2, ""labor_demand"": 0.3, ""program_fit"": 0.2}, ""labor_market"": {""country_opportunity"": 0.2, ""friendliness"": 0.15, ""labor_demand"": 0.45, ""program_fit"": 0.2}, ""recruitment"": {""country_opportunity"": 0.4, ""friendliness"": 0.3, ""labor_demand"": 0.1, ""program_fit"": 0.2}}",uncertainty_adjusted_management_priority_index_not_predicted_student_count,not_identified_ex_ante,,,,"incremental qualified applications, offers and enrolments attributable to the recruitment intervention",requires_prospective_campaign_evaluation,24,pre_registered_country_program_campaign_with_matched_comparison_or_stepped_wedge_rollout,qualified_leads;applications;offers;enrolments;yield;cost_per_enrolment,relative_record_level_program_demand_not_search_totals,ppml_russia_inbound_structural_allocation_v3;friendliness_receptivity_ex_ante_v4;trudvsem_program_demand_v5;mgimo_program_profiles,calculated_uncertainty_aware_scenario_ensemble_v5,targeted_digital_campaign_with_local_partner_validation,231,235.0,150.0,252.0,191.0,150.0,252.0,102.0,89,29046,0.003064105212421676
country_program_priority_evidence_v5,MRT,Mauritania,Sub-Saharan Africa,legal_public,legal_public,Международное право и комплаенс,english_plus_russian_preparatory_year,No broad Russian or English functional-language signal is available in CLDR.,85.22891647622886,85.22891647622886,-22.40781741650686,76.3924060074627,255.80417385514824,0.9066666666666666,0.0,115.0,2023,181.52672596232597,181.52672596232597,96.29780948609708,63.92387350204404,57.95764530851993,0.0,79.57578351279251,point_score multiplied by probability of positive structural gap,63.88692361596967,36.38692361596967,91.38692361596968,0.45,limited,False,24.16605315690909,"{""diplomatic_analytic"": 0.2182775998370455, ""economic_legal"": 0.2516817880256818}",calculated_from_existing_mgimo_country_profile_scores,33.810526315789474,33.51626038781164,34.93637368711995,5,363,42.8497508303102,48.07019837298107,39.40424558222126,37.30444852084755,41.126998206265725,41.126998206265725,37.30444852084755,48.07019837298107,37.30444852084755,48.07019837298107,10.765749852133517,7.9700297225101195,60.75192446868741,52.781894746177294,C_monitor_and_test,"{""academic_fit"": 37.30444852084755, ""balanced"": 42.8497508303102, ""labor_market"": 39.40424558222126, ""recruitment"": 48.07019837298107}","{""academic_fit"": 12.37818432784973, ""balanced"": 11.266595836246971, ""labor_market"": 15.990435400084433, ""recruitment"": 7.9700297225101195}","{""academic_fit"": 42.73348121064943, ""balanced"": 50.990043876211324, ""labor_market"": 44.86570993805645, ""recruitment"": 60.75192446868741}","{""academic_fit"": {""country_opportunity"": 0.25, ""friendliness"": 0.15, ""labor_demand"": 0.15, ""program_fit"": 0.45}, ""balanced"": {""country_opportunity"": 0.3, ""friendliness"": 0.2, ""labor_demand"": 0.3, ""program_fit"": 0.2}, ""labor_market"": {""country_opportunity"": 0.2, ""friendliness"": 0.15, ""labor_demand"": 0.45, ""program_fit"": 0.2}, ""recruitment"": {""country_opportunity"": 0.4, ""friendliness"": 0.3, ""labor_demand"": 0.1, ""program_fit"": 0.2}}",uncertainty_adjusted_management_priority_index_not_predicted_student_count,not_identified_ex_ante,,,,"incremental qualified applications, offers and enrolments attributable to the recruitment intervention",requires_prospective_campaign_evaluation,24,pre_registered_country_program_campaign_with_matched_comparison_or_stepped_wedge_rollout,qualified_leads;applications;offers;enrolments;yield;cost_per_enrolment,relative_record_level_program_demand_not_search_totals,ppml_russia_inbound_structural_allocation_v3;friendliness_receptivity_ex_ante_v4;trudvsem_program_demand_v5;mgimo_program_profiles,calculated_uncertainty_aware_scenario_ensemble_v5,targeted_digital_campaign_with_local_partner_validation,232,226.0,197.0,228.0,219.0,197.0,228.0,31.0,363,29046,0.012497417888865936
country_program_priority_evidence_v5,BRB,Barbados,Latin America & Caribbean,legal_public,legal_public,Международное право и комплаенс,english_with_optional_russian_preparatory_module,CLDR indicates a material functional English-language environment.,4.888493575201069,4.888493575201069,0.6790261582998952,4.477979354785928,20.49541121462832,1.0,0.0,0.0,2023,5.332909213131059,5.332909213131059,0.4444156379299898,25.42896543863592,25.42896543863592,7.432398924964803,43.999985950642355,point_score multiplied by probability of positive structural gap,62.82312625679632,35.323126256796314,90.32312625679631,0.45,limited,False,61.73543764388558,"{""diplomatic_analytic"": 0.6132096462614525, ""economic_legal"": 0.6191306893720286}",calculated_from_existing_mgimo_country_profile_scores,33.810526315789474,33.51626038781164,34.93637368711995,5,363,40.300835802361306,41.6560186232336,40.18960349935357,45.9285554158677,40.978427212797456,40.978427212797456,40.18960349935357,45.9285554158677,40.18960349935357,45.9285554158677,5.738951916514132,22.254559891487503,57.5696806073192,35.315120715831696,C_monitor_and_test,"{""academic_fit"": 45.9285554158677, ""balanced"": 40.300835802361306, ""labor_market"": 40.18960349935357, ""recruitment"": 41.6560186232336}","{""academic_fit"": 31.679496843929243, ""balanced"": 25.492376319124137, ""labor_market"": 29.2758562468867, ""recruitment"": 22.254559891487503}","{""academic_fit"": 55.62625127898306, ""balanced"": 51.27685203400908, ""labor_market"": 47.85212368277973, ""recruitment"": 57.5696806073192}","{""academic_fit"": {""country_opportunity"": 0.25, ""friendliness"": 0.15, ""labor_demand"": 0.15, ""program_fit"": 0.45}, ""balanced"": {""country_opportunity"": 0.3, ""friendliness"": 0.2, ""labor_demand"": 0.3, ""program_fit"": 0.2}, ""labor_market"": {""country_opportunity"": 0.2, ""friendliness"": 0.15, ""labor_demand"": 0.45, ""program_fit"": 0.2}, ""recruitment"": {""country_opportunity"": 0.4, ""friendliness"": 0.3, ""labor_demand"": 0.1, ""program_fit"": 0.2}}",uncertainty_adjusted_management_priority_index_not_predicted_student_count,not_identified_ex_ante,,,,"incremental qualified applications, offers and enrolments attributable to the recruitment intervention",requires_prospective_campaign_evaluation,24,pre_registered_country_program_campaign_with_matched_comparison_or_stepped_wedge_rollout,qualified_leads;applications;offers;enrolments;yield;cost_per_enrolment,relative_record_level_program_demand_not_search_totals,ppml_russia_inbound_structural_allocation_v3;friendliness_receptivity_ex_ante_v4;trudvsem_program_demand_v5;mgimo_program_profiles,calculated_uncertainty_aware_scenario_ensemble_v5,targeted_digital_campaign_with_local_partner_validation,233,248.0,271.0,218.0,142.0,142.0,271.0,129.0,363,29046,0.012497417888865936
country_program_priority_evidence_v5,UGA,Uganda,Sub-Saharan Africa,legal_public,legal_public,Международное право и комплаенс,english_with_optional_russian_preparatory_module,CLDR indicates a material functional English-language environment.,243.71786376458917,243.71786376458917,30.84824157647777,229.0180216993124,628.9893447637004,1.0,0.0983333333333333,99.0,2023,330.2004674675871,330.2004674675871,86.48260370299793,78.88437024465559,78.88437024465559,49.638570683699605,92.44643962579326,point_score multiplied by probability of positive structural gap,64.20508339789163,36.70508339789163,91.70508339789164,0.45,limited,False,15.64402197692229,"{""diplomatic_analytic"": 0.1407738200277052, ""economic_legal"": 0.1631543910870162}",calculated_from_existing_mgimo_country_profile_scores,33.810526315789474,33.51626038781164,34.93637368711995,5,363,43.25519706205954,50.04613050057068,38.57754877603521,33.43944902830094,40.916372919047376,40.916372919047376,33.43944902830094,50.04613050057068,33.43944902830094,50.04613050057068,16.60668147226974,27.44914102862394,59.407308361630754,31.958167333006813,C_monitor_and_test,"{""academic_fit"": 33.43944902830094, ""balanced"": 43.25519706205954, ""labor_market"": 38.57754877603521, ""recruitment"": 50.04613050057068}","{""academic_fit"": 27.44914102862394, ""balanced"": 33.725765510719235, ""labor_market"": 32.31448489035583, ""recruitment"": 35.35454099835519}","{""academic_fit"": 36.836741986219934, ""balanced"": 49.111149009105844, ""labor_market"": 42.569522552739215, ""recruitment"": 59.407308361630754}","{""academic_fit"": {""country_opportunity"": 0.25, ""friendliness"": 0.15, ""labor_demand"": 0.15, ""program_fit"": 0.45}, ""balanced"": {""country_opportunity"": 0.3, ""friendliness"": 0.2, ""labor_demand"": 0.3, ""program_fit"": 0.2}, ""labor_market"": {""country_opportunity"": 0.2, ""friendliness"": 0.15, ""labor_demand"": 0.45, ""program_fit"": 0.2}, ""recruitment"": {""country_opportunity"": 0.4, ""friendliness"": 0.3, ""labor_demand"": 0.1, ""program_fit"": 0.2}}",uncertainty_adjusted_management_priority_index_not_predicted_student_count,not_identified_ex_ante,,,,"incremental qualified applications, offers and enrolments attributable to the recruitment intervention",requires_prospective_campaign_evaluation,24,pre_registered_country_program_campaign_with_matched_comparison_or_stepped_wedge_rollout,qualified_leads;applications;offers;enrolments;yield;cost_per_enrolment,relative_record_level_program_demand_not_search_totals,ppml_russia_inbound_structural_allocation_v3;friendliness_receptivity_ex_ante_v4;trudvsem_program_demand_v5;mgimo_program_profiles,calculated_uncertainty_aware_scenario_ensemble_v5,targeted_digital_campaign_with_local_partner_validation,234,220.0,174.0,234.0,251.0,174.0,251.0,77.0,363,29046,0.012497417888865936
country_program_priority_evidence_v5,SLB,Solomon Islands,East Asia & Pacific,legal_public,legal_public,Международное право и комплаенс,english_with_optional_russian_preparatory_module,CLDR indicates a material functional English-language environment.,28.254208583079443,28.254208583079443,3.3084598312829843,25.323468557890585,167.42941979665304,1.0,0.0,0.0,2023,28.254208583079443,28.254208583079443,0.0,48.420064074677036,48.420064074677036,20.948136810847565,73.52622850777395,point_score multiplied by probability of positive structural gap,63.665778860050914,36.165778860050914,91.16577886005092,0.45,limited,False,29.565325845182898,"{""diplomatic_analytic"": 0.3619568159311356, ""economic_legal"": 0.2672374481035547}",calculated_from_existing_mgimo_country_profile_scores,33.810526315789474,33.51626038781164,34.93637368711995,5,363,42.22245707984866,46.522084594044514,39.52537830040476,38.93725049507354,40.87391769012671,40.87391769012671,38.93725049507354,46.522084594044514,38.93725049507354,46.522084594044514,7.584834098970973,28.453050906306775,61.174781105764396,32.721730199457625,C_monitor_and_test,"{""academic_fit"": 38.93725049507354, ""balanced"": 42.22245707984866, ""labor_market"": 39.52537830040476, ""recruitment"": 46.522084594044514}","{""academic_fit"": 29.215017489869098, ""balanced"": 29.55149785161153, ""labor_market"": 30.80605817332163, ""recruitment"": 28.453050906306775}","{""academic_fit"": 45.72193141792947, ""balanced"": 51.759657041760576, ""labor_market"": 45.90522584609968, ""recruitment"": 61.174781105764396}","{""academic_fit"": {""country_opportunity"": 0.25, ""friendliness"": 0.15, ""labor_demand"": 0.15, ""program_fit"": 0.45}, ""balanced"": {""country_opportunity"": 0.3, ""friendliness"": 0.2, ""labor_demand"": 0.3, ""program_fit"": 0.2}, ""labor_market"": {""country_opportunity"": 0.2, ""friendliness"": 0.15, ""labor_demand"": 0.45, ""program_fit"": 0.2}, ""recruitment"": {""country_opportunity"": 0.4, ""friendliness"": 0.3, ""labor_demand"": 0.1, ""program_fit"": 0.2}}",uncertainty_adjusted_management_priority_index_not_predicted_student_count,not_identified_ex_ante,,,,"incremental qualified applications, offers and enrolments attributable to the recruitment intervention",requires_prospective_campaign_evaluation,24,pre_registered_country_program_campaign_with_matched_comparison_or_stepped_wedge_rollout,qualified_leads;applications;offers;enrolments;yield;cost_per_enrolment,relative_record_level_program_demand_not_search_totals,ppml_russia_inbound_structural_allocation_v3;friendliness_receptivity_ex_ante_v4;trudvsem_program_demand_v5;mgimo_program_profiles,calculated_uncertainty_aware_scenario_ensemble_v5,targeted_digital_campaign_with_local_partner_validation,235,232.0,215.0,227.0,207.0,207.0,232.0,25.0,363,29046,0.012497417888865936
country_program_priority_evidence_v5,ERI,Eritrea,Sub-Saharan Africa,languages_regional,languages_regional,Иностранные языки и регионоведение,english_with_optional_russian_preparatory_module_plus_target_region_language,CLDR indicates a material functional English-language environment.,195.9947458691878,195.9947458691878,40.52980776177405,180.6637187645522,478.4797823562563,1.0,0.0083333333333333,53.0,2023,245.36928265380607,245.36928265380607,49.37453678461826,75.77310279482307,75.77310279482307,53.445446397693274,88.53096490236031,point_score multiplied by probability of positive structural gap,65.54245740648598,38.04245740648597,93.04245740648598,0.45,limited,False,6.633243805757326,"{""diplomatic_analytic"": 0.0579097707616168, ""economic_legal"": 0.1000231072413991}",calculated_from_existing_mgimo_country_profile_scores,52.68428650749584,48.864850295110166,52.853722353772,5,542,41.81740737481323,44.28110597241729,39.917040105680854,24.95410010046397,40.86722374024704,40.86722374024704,24.95410010046397,44.28110597241729,24.95410010046397,44.28110597241729,19.32700587195332,20.906815032045216,52.25508066022577,31.348265628180556,C_monitor_and_test,"{""academic_fit"": 24.95410010046397, ""balanced"": 41.81740737481323, ""labor_market"": 39.917040105680854, ""recruitment"": 44.28110597241729}","{""academic_fit"": 20.906815032045216, ""balanced"": 33.1630684092123, ""labor_market"": 33.2775137200068, ""recruitment"": 32.64717999794882}","{""academic_fit"": 27.325744743745172, ""balanced"": 46.97231281519554, ""labor_market"": 43.41709666912412, ""recruitment"": 52.25508066022577}","{""academic_fit"": {""country_opportunity"": 0.25, ""friendliness"": 0.15, ""labor_demand"": 0.15, ""program_fit"": 0.45}, ""balanced"": {""country_opportunity"": 0.3, ""friendliness"": 0.2, ""labor_demand"": 0.3, ""program_fit"": 0.2}, ""labor_market"": {""country_opportunity"": 0.2, ""friendliness"": 0.15, ""labor_demand"": 0.45, ""program_fit"": 0.2}, ""recruitment"": {""country_opportunity"": 0.4, ""friendliness"": 0.3, ""labor_demand"": 0.1, ""program_fit"": 0.2}}",uncertainty_adjusted_management_priority_index_not_predicted_student_count,not_identified_ex_ante,,,,"incremental qualified applications, offers and enrolments attributable to the recruitment intervention",requires_prospective_campaign_evaluation,24,pre_registered_country_program_campaign_with_matched_comparison_or_stepped_wedge_rollout,qualified_leads;applications;offers;enrolments;yield;cost_per_enrolment,relative_record_level_program_demand_not_search_totals,ppml_russia_inbound_structural_allocation_v3;friendliness_receptivity_ex_ante_v4;trudvsem_program_demand_v5;mgimo_program_profiles,calculated_uncertainty_aware_scenario_ensemble_v5,digital_recruitment_scholarship_and_olympiad,236,237.0,246.0,221.0,292.0,221.0,292.0,71.0,542,29046,0.018660056462163465
country_program_priority_evidence_v5,COK,Cook Islands,,legal_public,legal_public,Международное право и комплаенс,english_with_optional_russian_preparatory_module,CLDR indicates a material functional English-language environment.,9.385047583606324,9.385047583606324,0.5712077375165258,9.19715385279822,81.51010851340784,0.99,0.0033333333333333,1.0,2023,10.252419450308777,10.252419450308777,0.8673718667024498,33.56633145335767,33.23066813882409,6.480507027515751,63.291594954977334,point_score multiplied by probability of positive structural gap,50.0,0.0,100.0,0.0,,,50.0,{},calculated_from_existing_mgimo_country_profile_scores,33.810526315789474,33.51626038781164,34.93637368711995,5,363,39.95254840686039,41.4382039579166,39.26277835827742,43.15997300178008,40.69537618238849,40.69537618238849,39.26277835827742,43.15997300178008,39.26277835827742,43.15997300178008,3.897194643502658,6.927355081280699,65.66049895422788,58.733143872947174,C_monitor_and_test,"{""academic_fit"": 43.15997300178008, ""balanced"": 39.95254840686039, ""labor_market"": 39.26277835827742, ""recruitment"": 41.4382039579166}","{""academic_fit"": 16.340732657233442, ""balanced"": 11.502151749332, ""labor_market"": 15.998878857545485, ""recruitment"": 6.927355081280699}","{""academic_fit"": 56.247354261520584, ""balanced"": 55.86804462475732, ""labor_market"": 50.056689054424695, ""recruitment"": 65.66049895422788}","{""academic_fit"": {""country_opportunity"": 0.25, ""friendliness"": 0.15, ""labor_demand"": 0.15, ""program_fit"": 0.45}, ""balanced"": {""country_opportunity"": 0.3, ""friendliness"": 0.2, ""labor_demand"": 0.3, ""program_fit"": 0.2}, ""labor_market"": {""country_opportunity"": 0.2, ""friendliness"": 0.15, ""labor_demand"": 0.45, ""program_fit"": 0.2}, ""recruitment"": {""country_opportunity"": 0.4, ""friendliness"": 0.3, ""labor_demand"": 0.1, ""program_fit"": 0.2}}",uncertainty_adjusted_management_priority_index_not_predicted_student_count,not_identified_ex_ante,,,,"incremental qualified applications, offers and enrolments attributable to the recruitment intervention",requires_prospective_campaign_evaluation,24,pre_registered_country_program_campaign_with_matched_comparison_or_stepped_wedge_rollout,qualified_leads;applications;offers;enrolments;yield;cost_per_enrolment,relative_record_level_program_demand_not_search_totals,ppml_russia_inbound_structural_allocation_v3;friendliness_receptivity_ex_ante_v4;trudvsem_program_demand_v5;mgimo_program_profiles,calculated_uncertainty_aware_scenario_ensemble_v5,targeted_digital_campaign_with_local_partner_validation,237,249.0,276.0,229.0,163.0,163.0,276.0,113.0,363,29046,0.012497417888865936
country_program_priority_evidence_v5,MUS,Mauritius,Sub-Saharan Africa,management_public,management_public,Управление и государственная политика,english_with_optional_russian_preparatory_module,CLDR indicates a material functional English-language environment.,11.452155161881828,11.452155161881828,-5.561774968025375,8.604600126865996,53.16870874084784,0.82,0.0,13.0,2023,24.36121811949668,24.36121811949668,12.909062957614852,36.16984808379602,29.659275428712736,0.0,57.25609021239519,point_score multiplied by probability of positive structural gap,63.15330448715646,35.65330448715646,90.65330448715648,0.45,limited,False,67.79894203442944,"{""diplomatic_analytic"": 0.6493061715697352, ""economic_legal"": 0.7210142935061333}",calculated_from_existing_mgimo_country_profile_scores,22.16559633027523,21.459607571000703,22.88853092188952,5,89,38.024227164846735,43.29819488285828,35.13741259026922,46.77785111345436,40.66121102385251,40.66121102385251,35.13741259026922,46.77785111345436,35.13741259026922,46.77785111345436,11.64043852318514,9.280452130765827,62.48775102699413,53.20729889622831,C_monitor_and_test,"{""academic_fit"": 46.77785111345436, ""balanced"": 38.024227164846735, ""labor_market"": 35.13741259026922, ""recruitment"": 43.29819488285828}","{""academic_fit"": 18.19356107047431, ""balanced"": 12.062525771949467, ""labor_market"": 16.06730071721893, ""recruitment"": 9.280452130765827}","{""academic_fit"": 58.207156945696106, ""balanced"": 49.96706459363251, ""labor_market"": 42.733721306136026, ""recruitment"": 62.48775102699413}","{""academic_fit"": {""country_opportunity"": 0.25, ""friendliness"": 0.15, ""labor_demand"": 0.15, ""program_fit"": 0.45}, ""balanced"": {""country_opportunity"": 0.3, ""friendliness"": 0.2, ""labor_demand"": 0.3, ""program_fit"": 0.2}, ""labor_market"": {""country_opportunity"": 0.2, ""friendliness"": 0.15, ""labor_demand"": 0.45, ""program_fit"": 0.2}, ""recruitment"": {""country_opportunity"": 0.4, ""friendliness"": 0.3, ""labor_demand"": 0.1, ""program_fit"": 0.2}}",uncertainty_adjusted_management_priority_index_not_predicted_student_count,not_identified_ex_ante,,,,"incremental qualified applications, offers and enrolments attributable to the recruitment intervention",requires_prospective_campaign_evaluation,24,pre_registered_country_program_campaign_with_matched_comparison_or_stepped_wedge_rollout,qualified_leads;applications;offers;enrolments;yield;cost_per_enrolment,relative_record_level_program_demand_not_search_totals,ppml_russia_inbound_structural_allocation_v3;friendliness_receptivity_ex_ante_v4;trudvsem_program_demand_v5;mgimo_program_profiles,calculated_uncertainty_aware_scenario_ensemble_v5,targeted_digital_campaign_with_local_partner_validation,238,266.0,258.0,260.0,130.0,130.0,266.0,136.0,89,29046,0.003064105212421676
country_program_priority_evidence_v5,LCA,Saint Lucia,Latin America & Caribbean,management_public,management_public,Управление и государственная политика,english_with_optional_russian_preparatory_module,CLDR indicates a material functional English-language environment.,8.97353380351016,8.97353380351016,1.278101069562503,8.424937550566439,43.631870514869085,1.0,0.0,0.0,2023,9.140984349303544,9.140984349303544,0.1674505457933838,32.98644103938894,32.98644103938894,11.808651286546793,54.47862185424246,point_score multiplied by probability of positive structural gap,62.98961219976466,35.48961219976465,90.48961219976464,0.45,limited,False,55.586724267696106,"{""diplomatic_analytic"": 0.5051692956106223, ""economic_legal"": 0.6319141632764691}",calculated_from_existing_mgimo_country_profile_scores,22.16559633027523,21.459607571000703,22.88853092188952,5,89,37.69538511232955,43.357177705157554,34.48090567356042,43.940960116447066,40.52628140874355,40.52628140874355,34.48090567356042,43.940960116447066,34.48090567356042,43.940960116447066,9.460054442886644,24.71803191298915,58.89823533516599,34.180203422176845,C_monitor_and_test,"{""academic_fit"": 43.940960116447066, ""balanced"": 37.69538511232955, ""labor_market"": 34.48090567356042, ""recruitment"": 43.357177705157554}","{""academic_fit"": 31.500085875714895, ""balanced"": 24.90732320605615, ""labor_market"": 25.71452925539754, ""recruitment"": 24.71803191298915}","{""academic_fit"": 52.64604806568064, ""balanced"": 47.33587685147332, ""labor_market"": 40.68531539826777, ""recruitment"": 58.89823533516599}","{""academic_fit"": {""country_opportunity"": 0.25, ""friendliness"": 0.15, ""labor_demand"": 0.15, ""program_fit"": 0.45}, ""balanced"": {""country_opportunity"": 0.3, ""friendliness"": 0.2, ""labor_demand"": 0.3, ""program_fit"": 0.2}, ""labor_market"": {""country_opportunity"": 0.2, ""friendliness"": 0.15, ""labor_demand"": 0.45, ""program_fit"": 0.2}, ""recruitment"": {""country_opportunity"": 0.4, ""friendliness"": 0.3, ""labor_demand"": 0.1, ""program_fit"": 0.2}}",uncertainty_adjusted_management_priority_index_not_predicted_student_count,not_identified_ex_ante,,,,"incremental qualified applications, offers and enrolments attributable to the recruitment intervention",requires_prospective_campaign_evaluation,24,pre_registered_country_program_campaign_with_matched_comparison_or_stepped_wedge_rollout,qualified_leads;applications;offers;enrolments;yield;cost_per_enrolment,relative_record_level_program_demand_not_search_totals,ppml_russia_inbound_structural_allocation_v3;friendliness_receptivity_ex_ante_v4;trudvsem_program_demand_v5;mgimo_program_profiles,calculated_uncertainty_aware_scenario_ensemble_v5,targeted_digital_campaign_with_local_partner_validation,239,268.0,255.0,265.0,154.0,154.0,268.0,114.0,89,29046,0.003064105212421676
country_program_priority_evidence_v5,TLS,Timor-Leste,East Asia & Pacific,management_public,management_public,Управление и государственная политика,english_plus_russian_preparatory_year,No broad Russian or English functional-language signal is available in CLDR.,27.276727630199744,27.276727630199744,4.729599494410095,24.74277943719952,119.73734598660552,1.0,0.0,0.0,2023,27.40775645015645,27.40775645015645,0.1310288199567067,47.932649446427455,47.932649446427455,25.03663694678516,68.75167479870697,point_score multiplied by probability of positive structural gap,62.59343089263013,35.09343089263013,90.09343089263014,0.45,limited,False,39.97707600152223,"{""diplomatic_analytic"": 0.4012308943588184, ""economic_legal"": 0.3975805584998281}",calculated_from_existing_mgimo_country_profile_scores,22.16559633027523,21.459607571000703,22.88853092188952,5,89,39.37331080755763,46.93905446390125,34.737452972775245,41.58724054626948,40.48027567691355,40.48027567691355,34.737452972775245,46.93905446390125,34.737452972775245,46.93905446390125,12.201601491126006,27.736329970694317,60.43294202634094,32.696612055646625,C_monitor_and_test,"{""academic_fit"": 41.58724054626948, ""balanced"": 39.37331080755763, ""labor_market"": 34.737452972775245, ""recruitment"": 46.93905446390125}","{""academic_fit"": 32.474526830728124, ""balanced"": 28.82495034537959, ""labor_market"": 27.736329970694317, ""recruitment"": 30.675343912409915}","{""academic_fit"": 48.17948970691746, ""balanced"": 47.49057806208415, ""labor_market"": 39.90304659908515, ""recruitment"": 60.43294202634094}","{""academic_fit"": {""country_opportunity"": 0.25, ""friendliness"": 0.15, ""labor_demand"": 0.15, ""program_fit"": 0.45}, ""balanced"": {""country_opportunity"": 0.3, ""friendliness"": 0.2, ""labor_demand"": 0.3, ""program_fit"": 0.2}, ""labor_market"": {""country_opportunity"": 0.2, ""friendliness"": 0.15, ""labor_demand"": 0.45, ""program_fit"": 0.2}, ""recruitment"": {""country_opportunity"": 0.4, ""friendliness"": 0.3, ""labor_demand"": 0.1, ""program_fit"": 0.2}}",uncertainty_adjusted_management_priority_index_not_predicted_student_count,not_identified_ex_ante,,,,"incremental qualified applications, offers and enrolments attributable to the recruitment intervention",requires_prospective_campaign_evaluation,24,pre_registered_country_program_campaign_with_matched_comparison_or_stepped_wedge_rollout,qualified_leads;applications;offers;enrolments;yield;cost_per_enrolment,relative_record_level_program_demand_not_search_totals,ppml_russia_inbound_structural_allocation_v3;friendliness_receptivity_ex_ante_v4;trudvsem_program_demand_v5;mgimo_program_profiles,calculated_uncertainty_aware_scenario_ensemble_v5,targeted_digital_campaign_with_local_partner_validation,240,254.0,211.0,262.0,180.0,180.0,262.0,82.0,89,29046,0.003064105212421676
country_program_priority_evidence_v5,BLZ,Belize,Latin America & Caribbean,legal_public,legal_public,Международное право и комплаенс,english_with_optional_russian_preparatory_module,CLDR indicates a material functional English-language environment.,6.894533153218362,6.894533153218362,1.063403328858496,6.389389284185105,29.662294986961243,1.0,0.0,0.0,2023,7.018126241475589,7.018126241475589,0.123593088257228,29.63371263927034,29.63371263927034,10.388967789483374,49.094301282291816,point_score multiplied by probability of positive structural gap,62.5769583728075,35.0769583728075,90.07695837280752,0.45,limited,False,44.444579085668444,"{""diplomatic_analytic"": 0.4184855279991432, ""economic_legal"": 0.4555716177956307}",calculated_from_existing_mgimo_country_profile_scores,33.810526315789474,33.51626038781164,34.93637368711995,5,363,39.46463220812497,41.38241959452508,38.78642013542722,41.19523869189025,40.32993545000761,40.32993545000761,38.78642013542722,41.38241959452508,38.78642013542722,41.38241959452508,2.595999459097861,23.48227325040227,56.29455017460897,32.8122769242067,C_monitor_and_test,"{""academic_fit"": 41.19523869189025, ""balanced"": 39.46463220812497, ""labor_market"": 38.78642013542722, ""recruitment"": 41.38241959452508}","{""academic_fit"": 29.509014347350348, ""balanced"": 26.120017087689423, ""labor_market"": 29.118371660761987, ""recruitment"": 23.48227325040227}","{""academic_fit"": 49.40080896668285, ""balanced"": 49.61962973024793, ""labor_market"": 45.8178175504937, ""recruitment"": 56.29455017460897}","{""academic_fit"": {""country_opportunity"": 0.25, ""friendliness"": 0.15, ""labor_demand"": 0.15, ""program_fit"": 0.45}, ""balanced"": {""country_opportunity"": 0.3, ""friendliness"": 0.2, ""labor_demand"": 0.3, ""program_fit"": 0.2}, ""labor_market"": {""country_opportunity"": 0.2, ""friendliness"": 0.15, ""labor_demand"": 0.45, ""program_fit"": 0.2}, ""recruitment"": {""country_opportunity"": 0.4, ""friendliness"": 0.3, ""labor_demand"": 0.1, ""program_fit"": 0.2}}",uncertainty_adjusted_management_priority_index_not_predicted_student_count,not_identified_ex_ante,,,,"incremental qualified applications, offers and enrolments attributable to the recruitment intervention",requires_prospective_campaign_evaluation,24,pre_registered_country_program_campaign_with_matched_comparison_or_stepped_wedge_rollout,qualified_leads;applications;offers;enrolments;yield;cost_per_enrolment,relative_record_level_program_demand_not_search_totals,ppml_russia_inbound_structural_allocation_v3;friendliness_receptivity_ex_ante_v4;trudvsem_program_demand_v5;mgimo_program_profiles,calculated_uncertainty_aware_scenario_ensemble_v5,targeted_digital_campaign_with_local_partner_validation,241,253.0,277.0,232.0,184.0,184.0,277.0,93.0,363,29046,0.012497417888865936
country_program_priority_evidence_v5,NIC,Nicaragua,Latin America & Caribbean,management_public,management_public,Управление и государственная политика,english_plus_russian_preparatory_year,No broad Russian or English functional-language signal is available in CLDR.,173.43749072652136,173.43749072652136,29.668119610456475,161.8210225585733,557.5759363219272,1.0,0.09,23.0,2023,188.79623730333557,188.79623730333557,15.35874657681419,74.02892266253046,74.02892266253046,49.09702550030215,90.72087968129118,point_score multiplied by probability of positive structural gap,67.31861142770944,39.81861142770944,94.81861142770944,0.45,limited,False,25.99341880949287,"{""diplomatic_analytic"": 0.254884011120441, ""economic_legal"": 0.2675094535566602}",calculated_from_existing_mgimo_country_profile_scores,22.16559633027523,21.459607571000703,22.88853092188952,5,89,41.76953777880721,52.34410116565448,35.18328363477391,38.76673565932634,40.268136719066774,40.268136719066774,35.18328363477391,52.34410116565448,35.18328363477391,52.34410116565448,17.16081753088057,29.624586732526748,62.97546681831824,33.35088008579149,C_monitor_and_test,"{""academic_fit"": 38.76673565932634, ""balanced"": 41.76953777880721, ""labor_market"": 35.18328363477391, ""recruitment"": 52.34410116565448}","{""academic_fit"": 32.28767118280666, ""balanced"": 33.07242813437976, ""labor_market"": 29.624586732526748, ""recruitment"": 38.0410648622867}","{""academic_fit"": 43.083167779745935, ""balanced"": 47.90904077465476, ""labor_market"": 39.068485607597694, ""recruitment"": 62.97546681831824}","{""academic_fit"": {""country_opportunity"": 0.25, ""friendliness"": 0.15, ""labor_demand"": 0.15, ""program_fit"": 0.45}, ""balanced"": {""country_opportunity"": 0.3, ""friendliness"": 0.2, ""labor_demand"": 0.3, ""program_fit"": 0.2}, ""labor_market"": {""country_opportunity"": 0.2, ""friendliness"": 0.15, ""labor_demand"": 0.45, ""program_fit"": 0.2}, ""recruitment"": {""country_opportunity"": 0.4, ""friendliness"": 0.3, ""labor_demand"": 0.1, ""program_fit"": 0.2}}",uncertainty_adjusted_management_priority_index_not_predicted_student_count,not_identified_ex_ante,,,,"incremental qualified applications, offers and enrolments attributable to the recruitment intervention",requires_prospective_campaign_evaluation,24,pre_registered_country_program_campaign_with_matched_comparison_or_stepped_wedge_rollout,qualified_leads;applications;offers;enrolments;yield;cost_per_enrolment,relative_record_level_program_demand_not_search_totals,ppml_russia_inbound_structural_allocation_v3;friendliness_receptivity_ex_ante_v4;trudvsem_program_demand_v5;mgimo_program_profiles,calculated_uncertainty_aware_scenario_ensemble_v5,digital_recruitment_scholarship_and_olympiad,242,238.0,146.0,258.0,208.0,146.0,258.0,112.0,89,29046,0.003064105212421676
country_program_priority_evidence_v5,VUT,Vanuatu,East Asia & Pacific,digital_analytics,digital_analytics,Цифровая аналитика и Data/AI,english_with_optional_russian_preparatory_module,CLDR indicates a material functional English-language environment.,4.967309658328945,4.967309658328945,-0.1040906006654343,4.161207116498346,39.15077959959014,0.9616666666666668,0.0,1.0,2023,5.639762568074264,5.639762568074264,0.6724529097453192,25.619660815621298,24.63757381768915,0.0,52.961111844171505,point_score multiplied by probability of positive structural gap,61.771839752769495,34.271839752769495,89.2718397527695,0.45,limited,False,24.871004399710333,"{""digital_finance_business_informatics"": 0.2263114618578262, ""economic_legal"": 0.338304372554212}",calculated_from_existing_mgimo_country_profile_scores,80.99834319526626,80.86266231881814,84.12359954610515,6,1284,43.112068043199024,37.36818623118337,49.07877139871149,34.705581684626225,40.240127137191195,40.240127137191195,34.705581684626225,49.07877139871149,34.705581684626225,49.07877139871149,14.373189714085264,8.585751303280148,61.166382623013305,52.58063131973316,C_monitor_and_test,"{""academic_fit"": 34.705581684626225, ""balanced"": 43.112068043199024, ""labor_market"": 49.07877139871149, ""recruitment"": 37.36818623118337}","{""academic_fit"": 14.142353976505959, ""balanced"": 14.509507325631867, ""labor_market"": 23.509540464005045, ""recruitment"": 8.585751303280148}","{""academic_fit"": 44.39204683950047, ""balanced"": 58.61260229866655, ""labor_market"": 61.166382623013305, ""recruitment"": 56.33059337781585}","{""academic_fit"": {""country_opportunity"": 0.25, ""friendliness"": 0.15, ""labor_demand"": 0.15, ""program_fit"": 0.45}, ""balanced"": {""country_opportunity"": 0.3, ""friendliness"": 0.2, ""labor_demand"": 0.3, ""program_fit"": 0.2}, ""labor_market"": {""country_opportunity"": 0.2, ""friendliness"": 0.15, ""labor_demand"": 0.45, ""program_fit"": 0.2}, ""recruitment"": {""country_opportunity"": 0.4, ""friendliness"": 0.3, ""labor_demand"": 0.1, ""program_fit"": 0.2}}",uncertainty_adjusted_management_priority_index_not_predicted_student_count,not_identified_ex_ante,,,,"incremental qualified applications, offers and enrolments attributable to the recruitment intervention",requires_prospective_campaign_evaluation,24,pre_registered_country_program_campaign_with_matched_comparison_or_stepped_wedge_rollout,qualified_leads;applications;offers;enrolments;yield;cost_per_enrolment,relative_record_level_program_demand_not_search_totals,ppml_russia_inbound_structural_allocation_v3;friendliness_receptivity_ex_ante_v4;trudvsem_program_demand_v5;mgimo_program_profiles,calculated_uncertainty_aware_scenario_ensemble_v5,employer_linked_program_campaign_and_case_competitions,243,224.0,295.0,153.0,241.0,153.0,295.0,142.0,1284,29046,0.04420574261516216
country_program_priority_evidence_v5,SSD,South Sudan,Sub-Saharan Africa,legal_public,legal_public,Международное право и комплаенс,english_with_optional_russian_preparatory_module,CLDR indicates a material functional English-language environment.,145.8038150289941,145.8038150289941,28.26935251219569,134.16265092865444,357.8963315639507,1.0,0.0333333333333333,30.0,2023,173.579507025386,173.579507025386,27.77569199639189,71.55530915802296,71.55530915802296,48.42748670334425,84.37644680315596,point_score multiplied by probability of positive structural gap,63.54932278500491,36.04932278500491,91.04932278500492,0.45,limited,False,16.04363732956396,"{""diplomatic_analytic"": 0.1298144925089634, ""economic_legal"": 0.1735600364899294}",calculated_from_existing_mgimo_country_profile_scores,33.810526315789474,33.51626038781164,34.93637368711995,5,363,42.1389157744534,48.2388924418993,37.96456615995349,32.944983576302064,40.05174096720344,40.05174096720344,32.944983576302064,48.2388924418993,32.944983576302064,48.2388924418993,15.293908865597238,27.503906802911636,57.44945565354107,29.945548850629436,C_monitor_and_test,"{""academic_fit"": 32.944983576302064, ""balanced"": 42.1389157744534, ""labor_market"": 37.96456615995349, ""recruitment"": 48.2388924418993}","{""academic_fit"": 27.503906802911636, ""balanced"": 33.523149763135066, ""labor_market"": 32.22645327198316, ""recruitment"": 34.99572137274482}","{""academic_fit"": 36.36213714638299, ""balanced"": 47.957540334340756, ""labor_market"": 41.96161558218303, ""recruitment"": 57.44945565354107}","{""academic_fit"": {""country_opportunity"": 0.25, ""friendliness"": 0.15, ""labor_demand"": 0.15, ""program_fit"": 0.45}, ""balanced"": {""country_opportunity"": 0.3, ""friendliness"": 0.2, ""labor_demand"": 0.3, ""program_fit"": 0.2}, ""labor_market"": {""country_opportunity"": 0.2, ""friendliness"": 0.15, ""labor_demand"": 0.45, ""program_fit"": 0.2}, ""recruitment"": {""country_opportunity"": 0.4, ""friendliness"": 0.3, ""labor_demand"": 0.1, ""program_fit"": 0.2}}",uncertainty_adjusted_management_priority_index_not_predicted_student_count,not_identified_ex_ante,,,,"incremental qualified applications, offers and enrolments attributable to the recruitment intervention",requires_prospective_campaign_evaluation,24,pre_registered_country_program_campaign_with_matched_comparison_or_stepped_wedge_rollout,qualified_leads;applications;offers;enrolments;yield;cost_per_enrolment,relative_record_level_program_demand_not_search_totals,ppml_russia_inbound_structural_allocation_v3;friendliness_receptivity_ex_ante_v4;trudvsem_program_demand_v5;mgimo_program_profiles,calculated_uncertainty_aware_scenario_ensemble_v5,targeted_digital_campaign_with_local_partner_validation,244,233.0,196.0,237.0,260.0,196.0,260.0,64.0,363,29046,0.012497417888865936
country_program_priority_evidence_v5,MLI,Mali,Sub-Saharan Africa,legal_public,legal_public,Международное право и комплаенс,english_plus_russian_preparatory_year,No broad Russian or English functional-language signal is available in CLDR.,784.3979453296448,784.3979453296448,268.8487015801145,725.5983064700426,1402.6719095326164,1.0,0.98,196.0,2023,965.5455456755742,965.5455456755742,181.14760034592936,95.60874724951063,95.60874724951063,80.28641203932513,100.0,point_score multiplied by probability of positive structural gap,66.36127576000781,38.86127576000782,93.86127576000784,0.45,limited,False,10.403020790457843,"{""diplomatic_analytic"": 0.077879156818734, ""economic_legal"": 0.1152378012270832}",calculated_from_existing_mgimo_country_profile_scores,33.810526315789474,33.51626038781164,34.93637368711995,5,363,42.73490887500211,50.557237978998096,37.33509067612105,29.724176750983304,40.03499977556158,40.03499977556158,29.724176750983304,50.557237978998096,29.724176750983304,50.557237978998096,20.83306122801479,26.280178861653802,57.21254569994221,30.93236683828841,C_monitor_and_test,"{""academic_fit"": 29.724176750983304, ""balanced"": 42.73490887500211, ""labor_market"": 37.33509067612105, ""recruitment"": 50.557237978998096}","{""academic_fit"": 26.280178861653802, ""balanced"": 36.442264469240335, ""labor_market"": 33.21081710396695, ""recruitment"": 40.27703784628554}","{""academic_fit"": 31.791528857923936, ""balanced"": 46.82276852607848, ""labor_market"": 40.22542498495165, ""recruitment"": 57.21254569994221}","{""academic_fit"": {""country_opportunity"": 0.25, ""friendliness"": 0.15, ""labor_demand"": 0.15, ""program_fit"": 0.45}, ""balanced"": {""country_opportunity"": 0.3, ""friendliness"": 0.2, ""labor_demand"": 0.3, ""program_fit"": 0.2}, ""labor_market"": {""country_opportunity"": 0.2, ""friendliness"": 0.15, ""labor_demand"": 0.45, ""program_fit"": 0.2}, ""recruitment"": {""country_opportunity"": 0.4, ""friendliness"": 0.3, ""labor_demand"": 0.1, ""program_fit"": 0.2}}",uncertainty_adjusted_management_priority_index_not_predicted_student_count,not_identified_ex_ante,,,,"incremental qualified applications, offers and enrolments attributable to the recruitment intervention",requires_prospective_campaign_evaluation,24,pre_registered_country_program_campaign_with_matched_comparison_or_stepped_wedge_rollout,qualified_leads;applications;offers;enrolments;yield;cost_per_enrolment,relative_record_level_program_demand_not_search_totals,ppml_russia_inbound_structural_allocation_v3;friendliness_receptivity_ex_ante_v4;trudvsem_program_demand_v5;mgimo_program_profiles,calculated_uncertainty_aware_scenario_ensemble_v5,digital_recruitment_scholarship_and_olympiad,245,228.0,168.0,243.0,276.0,168.0,276.0,108.0,363,29046,0.012497417888865936
country_program_priority_evidence_v5,VEN,"Venezuela, Bolivarian Republic of",Latin America & Caribbean,management_public,management_public,Управление и государственная политика,english_plus_russian_preparatory_year,No broad Russian or English functional-language signal is available in CLDR.,735.3116014831353,735.3116014831353,140.5942067213212,668.9637176868814,1953.146147813945,0.9983333333333332,0.885,153.0,2023,886.8145213958945,886.8145213958945,151.5029199127592,94.6831340853919,94.52532886191624,71.03709420528718,100.0,point_score multiplied by probability of positive structural gap,66.4158160638801,38.9158160638801,93.91581606388011,0.45,limited,False,20.56726052493292,"{""diplomatic_analytic"": 0.2430706443686836, ""economic_legal"": 0.1495755465702976}",calculated_from_existing_mgimo_country_profile_scores,22.16559633027523,21.459607571000703,22.88853092188952,5,89,42.82314802214864,54.9032340272935,35.233449846671775,37.149827084397444,39.98648755327304,39.98648755327304,35.233449846671775,54.9032340272935,35.233449846671775,54.9032340272935,19.669784180621726,30.356492204216206,62.400302166555285,32.04380996233908,D_insufficient_or_unstable_evidence,"{""academic_fit"": 37.149827084397444, ""balanced"": 42.82314802214864, ""labor_market"": 35.233449846671775, ""recruitment"": 54.9032340272935}","{""academic_fit"": 31.853524462032347, ""balanced"": 35.103799923694325, ""labor_market"": 30.356492204216206, ""recruitment"": 41.77763177676782}","{""academic_fit"": 39.83785228850205, ""balanced"": 47.06072194318234, ""labor_market"": 38.0266384017804, ""recruitment"": 62.400302166555285}","{""academic_fit"": {""country_opportunity"": 0.25, ""friendliness"": 0.15, ""labor_demand"": 0.15, ""program_fit"": 0.45}, ""balanced"": {""country_opportunity"": 0.3, ""friendliness"": 0.2, ""labor_demand"": 0.3, ""program_fit"": 0.2}, ""labor_market"": {""country_opportunity"": 0.2, ""friendliness"": 0.15, ""labor_demand"": 0.45, ""program_fit"": 0.2}, ""recruitment"": {""country_opportunity"": 0.4, ""friendliness"": 0.3, ""labor_demand"": 0.1, ""program_fit"": 0.2}}",uncertainty_adjusted_management_priority_index_not_predicted_student_count,not_identified_ex_ante,,,,"incremental qualified applications, offers and enrolments attributable to the recruitment intervention",requires_prospective_campaign_evaluation,24,pre_registered_country_program_campaign_with_matched_comparison_or_stepped_wedge_rollout,qualified_leads;applications;offers;enrolments;yield;cost_per_enrolment,relative_record_level_program_demand_not_search_totals,ppml_russia_inbound_structural_allocation_v3;friendliness_receptivity_ex_ante_v4;trudvsem_program_demand_v5;mgimo_program_profiles,calculated_uncertainty_aware_scenario_ensemble_v5,digital_recruitment_scholarship_and_olympiad,246,227.0,129.0,257.0,221.0,129.0,257.0,128.0,89,29046,0.003064105212421676
country_program_priority_evidence_v5,VUT,Vanuatu,East Asia & Pacific,international_economics,international_economics,Международная экономика и ВЭД,english_with_optional_russian_preparatory_module,CLDR indicates a material functional English-language environment.,4.967309658328945,4.967309658328945,-0.1040906006654343,4.161207116498346,39.15077959959014,0.9616666666666668,0.0,1.0,2023,5.639762568074264,5.639762568074264,0.6724529097453192,25.619660815621298,24.63757381768915,0.0,52.961111844171505,point_score multiplied by probability of positive structural gap,61.771839752769495,34.271839752769495,89.2718397527695,0.45,limited,False,30.75715821249953,"{""economic_legal"": 0.338304372554212, ""energy_logistics"": 0.2153732108373452}",calculated_from_existing_mgimo_country_profile_scores,63.80753253946275,63.58040409631885,64.03323363437521,6,723,41.855318142773726,38.02679541212172,45.99583793597287,36.739660895075176,39.94105677744773,39.94105677744773,36.739660895075176,45.99583793597287,36.739660895075176,45.99583793597287,9.256177040897697,8.735453623538863,57.12925116921497,48.39379754567611,D_insufficient_or_unstable_evidence,"{""academic_fit"": 36.739660895075176, ""balanced"": 41.855318142773726, ""labor_market"": 45.99583793597287, ""recruitment"": 38.02679541212172}","{""academic_fit"": 14.967066613293136, ""balanced"": 14.07870803989047, ""labor_market"": 22.014382640468416, ""recruitment"": 8.735453623538863}","{""academic_fit"": 46.755287266755836, ""balanced"": 56.327734332619805, ""labor_market"": 56.455581062264656, ""recruitment"": 57.12925116921497}","{""academic_fit"": {""country_opportunity"": 0.25, ""friendliness"": 0.15, ""labor_demand"": 0.15, ""program_fit"": 0.45}, ""balanced"": {""country_opportunity"": 0.3, ""friendliness"": 0.2, ""labor_demand"": 0.3, ""program_fit"": 0.2}, ""labor_market"": {""country_opportunity"": 0.2, ""friendliness"": 0.15, ""labor_demand"": 0.45, ""program_fit"": 0.2}, ""recruitment"": {""country_opportunity"": 0.4, ""friendliness"": 0.3, ""labor_demand"": 0.1, ""program_fit"": 0.2}}",uncertainty_adjusted_management_priority_index_not_predicted_student_count,not_identified_ex_ante,,,,"incremental qualified applications, offers and enrolments attributable to the recruitment intervention",requires_prospective_campaign_evaluation,24,pre_registered_country_program_campaign_with_matched_comparison_or_stepped_wedge_rollout,qualified_leads;applications;offers;enrolments;yield;cost_per_enrolment,relative_record_level_program_demand_not_search_totals,ppml_russia_inbound_structural_allocation_v3;friendliness_receptivity_ex_ante_v4;trudvsem_program_demand_v5;mgimo_program_profiles,calculated_uncertainty_aware_scenario_ensemble_v5,targeted_digital_campaign_with_local_partner_validation,247,236.0,289.0,176.0,226.0,176.0,289.0,113.0,723,29046,0.024891551332369345
country_program_priority_evidence_v5,MWI,Malawi,Sub-Saharan Africa,legal_public,legal_public,Международное право и комплаенс,english_with_optional_russian_preparatory_module,CLDR indicates a material functional English-language environment.,175.3896349696009,175.3896349696009,37.56691793470767,168.62297920994422,485.4957056478792,1.0,0.1033333333333333,23.0,2023,205.4552574583104,205.4552574583104,30.06562248870947,74.18853744953509,74.18853744953509,52.383875876972816,88.73930663135795,point_score multiplied by probability of positive structural gap,61.02799195229347,33.52799195229347,88.52799195229348,0.45,limited,False,15.446378592846763,"{""diplomatic_analytic"": 0.1502580830782287, ""economic_legal"": 0.1562662300071415}",calculated_from_existing_mgimo_country_profile_scores,33.810526315789474,33.51626038781164,34.93637368711995,5,363,41.95356736027407,48.006573968797014,37.73817846461135,32.51568516046226,39.845872912442715,39.845872912442715,32.51568516046226,48.006573968797014,32.51568516046226,48.006573968797014,15.490888808334752,27.301847597099364,57.70678043733957,30.404932840240203,D_insufficient_or_unstable_evidence,"{""academic_fit"": 32.51568516046226, ""balanced"": 41.95356736027407, ""labor_market"": 37.73817846461135, ""recruitment"": 48.006573968797014}","{""academic_fit"": 27.301847597099364, ""balanced"": 33.58590837517172, ""labor_market"": 32.15222875248358, ""recruitment"": 35.084112417924715}","{""academic_fit"": 36.08111046529472, ""balanced"": 48.06617239026484, ""labor_market"": 41.905735180337444, ""recruitment"": 57.70678043733957}","{""academic_fit"": {""country_opportunity"": 0.25, ""friendliness"": 0.15, ""labor_demand"": 0.15, ""program_fit"": 0.45}, ""balanced"": {""country_opportunity"": 0.3, ""friendliness"": 0.2, ""labor_demand"": 0.3, ""program_fit"": 0.2}, ""labor_market"": {""country_opportunity"": 0.2, ""friendliness"": 0.15, ""labor_demand"": 0.45, ""program_fit"": 0.2}, ""recruitment"": {""country_opportunity"": 0.4, ""friendliness"": 0.3, ""labor_demand"": 0.1, ""program_fit"": 0.2}}",uncertainty_adjusted_management_priority_index_not_predicted_student_count,not_identified_ex_ante,,,,"incremental qualified applications, offers and enrolments attributable to the recruitment intervention",requires_prospective_campaign_evaluation,24,pre_registered_country_program_campaign_with_matched_comparison_or_stepped_wedge_rollout,qualified_leads;applications;offers;enrolments;yield;cost_per_enrolment,relative_record_level_program_demand_not_search_totals,ppml_russia_inbound_structural_allocation_v3;friendliness_receptivity_ex_ante_v4;trudvsem_program_demand_v5;mgimo_program_profiles,calculated_uncertainty_aware_scenario_ensemble_v5,targeted_digital_campaign_with_local_partner_validation,248,234.0,198.0,239.0,262.0,198.0,262.0,64.0,363,29046,0.012497417888865936
country_program_priority_evidence_v5,PAK,Pakistan,Middle East & North Africa,management_public,management_public,Управление и государственная политика,english_with_optional_russian_preparatory_module,CLDR indicates a material functional English-language environment.,11806.213649600291,11806.213649600291,3534.5364509578976,11024.532333639392,28349.02915071837,1.0,1.0,636.0,2023,12249.822004136931,12249.822004136931,443.6083545366385,100.0,100.0,100.0,100.0,point_score multiplied by probability of positive structural gap,66.37628425283746,38.876284252837465,93.87628425283748,0.45,limited,False,19.16324494832083,"{""diplomatic_analytic"": 0.1887783803350121, ""economic_legal"": 0.1959135532055026}",calculated_from_existing_mgimo_country_profile_scores,22.16559633027523,21.459607571000703,22.88853092188952,5,89,42.9577553315619,55.38035384382803,35.14880890521637,36.54380312175085,39.75077922665638,39.75077922665638,35.14880890521637,55.38035384382803,35.14880890521637,55.38035384382803,20.231544938611663,32.04004831664001,61.55814233668598,29.51809402004597,D_insufficient_or_unstable_evidence,"{""academic_fit"": 36.54380312175085, ""balanced"": 42.9577553315619, ""labor_market"": 35.14880890521637, ""recruitment"": 55.38035384382803}","{""academic_fit"": 33.62239828505155, ""balanced"": 38.32222437375592, ""labor_market"": 32.04004831664001, ""recruitment"": 47.17086956488047}","{""academic_fit"": 38.64677226085021, ""balanced"": 46.427520441721356, ""labor_market"": 37.51577180419768, ""recruitment"": 61.55814233668598}","{""academic_fit"": {""country_opportunity"": 0.25, ""friendliness"": 0.15, ""labor_demand"": 0.15, ""program_fit"": 0.45}, ""balanced"": {""country_opportunity"": 0.3, ""friendliness"": 0.2, ""labor_demand"": 0.3, ""program_fit"": 0.2}, ""labor_market"": {""country_opportunity"": 0.2, ""friendliness"": 0.15, ""labor_demand"": 0.45, ""program_fit"": 0.2}, ""recruitment"": {""country_opportunity"": 0.4, ""friendliness"": 0.3, ""labor_demand"": 0.1, ""program_fit"": 0.2}}",uncertainty_adjusted_management_priority_index_not_predicted_student_count,not_identified_ex_ante,,,,"incremental qualified applications, offers and enrolments attributable to the recruitment intervention",requires_prospective_campaign_evaluation,24,pre_registered_country_program_campaign_with_matched_comparison_or_stepped_wedge_rollout,qualified_leads;applications;offers;enrolments;yield;cost_per_enrolment,relative_record_level_program_demand_not_search_totals,ppml_russia_inbound_structural_allocation_v3;friendliness_receptivity_ex_ante_v4;trudvsem_program_demand_v5;mgimo_program_profiles,calculated_uncertainty_aware_scenario_ensemble_v5,digital_recruitment_scholarship_and_olympiad,249,225.0,126.0,259.0,227.0,126.0,259.0,133.0,89,29046,0.003064105212421676
country_program_priority_evidence_v5,PNG,Papua New Guinea,East Asia & Pacific,legal_public,legal_public,Международное право и комплаенс,english_with_optional_russian_preparatory_module,CLDR indicates a material functional English-language environment.,25.18320045950377,25.18320045950377,2.443868362542755,21.8512763431776,137.80922318967646,0.9983333333333332,0.0,0.0,2023,26.80631140168923,26.80631140168923,1.6231109421854624,46.82942086685528,46.75137183207718,17.735666735589938,70.75218696096665,point_score multiplied by probability of positive structural gap,58.32402005653885,30.82402005653885,85.82402005653886,0.45,limited,False,28.944050294516327,"{""diplomatic_analytic"": 0.2627871381864911, ""economic_legal"": 0.3008633735560228}",calculated_from_existing_mgimo_country_profile_scores,33.810526315789474,33.51626038781164,34.93637368711995,5,363,40.90682588561111,44.532318540514616,38.59155308787922,37.757741463181794,39.749189486745166,39.749189486745166,37.757741463181794,44.532318540514616,37.757741463181794,44.532318540514616,6.774577077332822,25.388513960756313,58.941364301775764,33.55285034101945,D_insufficient_or_unstable_evidence,"{""academic_fit"": 37.757741463181794, ""balanced"": 40.90682588561111, ""labor_market"": 38.59155308787922, ""recruitment"": 44.532318540514616}","{""academic_fit"": 27.183318608555755, ""balanced"": 27.208187363818233, ""labor_market"": 29.040126435062614, ""recruitment"": 25.388513960756313}","{""academic_fit"": 44.47370158069388, ""balanced"": 50.35928217065273, ""labor_market"": 44.96702541641, ""recruitment"": 58.941364301775764}","{""academic_fit"": {""country_opportunity"": 0.25, ""friendliness"": 0.15, ""labor_demand"": 0.15, ""program_fit"": 0.45}, ""balanced"": {""country_opportunity"": 0.3, ""friendliness"": 0.2, ""labor_demand"": 0.3, ""program_fit"": 0.2}, ""labor_market"": {""country_opportunity"": 0.2, ""friendliness"": 0.15, ""labor_demand"": 0.45, ""program_fit"": 0.2}, ""recruitment"": {""country_opportunity"": 0.4, ""friendliness"": 0.3, ""labor_demand"": 0.1, ""program_fit"": 0.2}}",uncertainty_adjusted_management_priority_index_not_predicted_student_count,not_identified_ex_ante,,,,"incremental qualified applications, offers and enrolments attributable to the recruitment intervention",requires_prospective_campaign_evaluation,24,pre_registered_country_program_campaign_with_matched_comparison_or_stepped_wedge_rollout,qualified_leads;applications;offers;enrolments;yield;cost_per_enrolment,relative_record_level_program_demand_not_search_totals,ppml_russia_inbound_structural_allocation_v3;friendliness_receptivity_ex_ante_v4;trudvsem_program_demand_v5;mgimo_program_profiles,calculated_uncertainty_aware_scenario_ensemble_v5,targeted_digital_campaign_with_local_partner_validation,250,246.0,240.0,233.0,216.0,216.0,246.0,30.0,363,29046,0.012497417888865936
country_program_priority_evidence_v5,BGD,Bangladesh,South Asia,management_public,management_public,Управление и государственная политика,english_plus_russian_preparatory_year,No broad Russian or English functional-language signal is available in CLDR.,463.77351122663737,463.77351122663737,-163.85613125144286,400.7988264210292,1588.8601853091898,0.885,0.5616666666666666,541.0,2023,949.34745736248,949.34745736248,485.5739461358426,88.08417939205468,77.9544987619684,0.0,100.0,point_score multiplied by probability of positive structural gap,63.58087549072616,36.08087549072616,91.08087549072616,0.45,limited,False,24.23043658195192,"{""diplomatic_analytic"": 0.240650865610964, ""economic_legal"": 0.244784616132352}",calculated_from_existing_mgimo_country_profile_scores,22.16559633027523,21.459607571000703,22.88853092188952,5,89,41.37618780970134,51.82387206416149,34.77235562909994,37.76861878533014,39.57240329751574,39.57240329751574,34.77235562909994,51.82387206416149,34.77235562909994,51.82387206416149,17.05151643506155,7.619891536394238,63.80605663912592,56.18616510273168,D_insufficient_or_unstable_evidence,"{""academic_fit"": 37.76861878533014, ""balanced"": 41.37618780970134, ""labor_market"": 34.77235562909994, ""recruitment"": 51.82387206416149}","{""academic_fit"": 11.604530977111512, ""balanced"": 9.892685995430792, ""labor_market"": 13.16943217404015, ""recruitment"": 7.619891536394238}","{""academic_fit"": 42.55777817209261, ""balanced"": 48.26704510283083, ""labor_market"": 39.06056484821598, ""recruitment"": 63.80605663912592}","{""academic_fit"": {""country_opportunity"": 0.25, ""friendliness"": 0.15, ""labor_demand"": 0.15, ""program_fit"": 0.45}, ""balanced"": {""country_opportunity"": 0.3, ""friendliness"": 0.2, ""labor_demand"": 0.3, ""program_fit"": 0.2}, ""labor_market"": {""country_opportunity"": 0.2, ""friendliness"": 0.15, ""labor_demand"": 0.45, ""program_fit"": 0.2}, ""recruitment"": {""country_opportunity"": 0.4, ""friendliness"": 0.3, ""labor_demand"": 0.1, ""program_fit"": 0.2}}",uncertainty_adjusted_management_priority_index_not_predicted_student_count,not_identified_ex_ante,,,,"incremental qualified applications, offers and enrolments attributable to the recruitment intervention",requires_prospective_campaign_evaluation,24,pre_registered_country_program_campaign_with_matched_comparison_or_stepped_wedge_rollout,qualified_leads;applications;offers;enrolments;yield;cost_per_enrolment,relative_record_level_program_demand_not_search_totals,ppml_russia_inbound_structural_allocation_v3;friendliness_receptivity_ex_ante_v4;trudvsem_program_demand_v5;mgimo_program_profiles,calculated_uncertainty_aware_scenario_ensemble_v5,targeted_digital_campaign_with_local_partner_validation,251,241.0,153.0,261.0,215.0,153.0,261.0,108.0,89,29046,0.003064105212421676
country_program_priority_evidence_v5,GMB,Gambia,Sub-Saharan Africa,legal_public,legal_public,Международное право и комплаенс,english_with_optional_russian_preparatory_module,CLDR indicates a material functional English-language environment.,42.69652363829757,42.69652363829757,-6.985566264527495,37.18342520940964,120.03035160888244,0.9383333333333334,0.0,47.0,2023,85.65008599969663,85.65008599969663,42.95356236139906,54.17485631691724,50.83407351070735,0.0,68.7864386427658,point_score multiplied by probability of positive structural gap,63.188717482898525,35.688717482898525,90.68871748289853,0.45,limited,False,23.50148905328139,"{""diplomatic_analytic"": 0.224927987576389, ""economic_legal"": 0.2393378489427103}",calculated_from_existing_mgimo_country_profile_scores,33.810526315789474,33.51626038781164,34.93637368711995,5,363,40.91726913194871,45.26597993845764,38.1354398766496,35.6323503651243,39.52635450429915,39.52635450429915,35.6323503651243,45.26597993845764,35.6323503651243,45.26597993845764,9.633629573333337,7.882777255458249,56.92115853259382,49.03838127713557,D_insufficient_or_unstable_evidence,"{""academic_fit"": 35.6323503651243, ""balanced"": 40.91726913194871, ""labor_market"": 38.1354398766496, ""recruitment"": 45.26597993845764}","{""academic_fit"": 12.195473920711686, ""balanced"": 11.16428074665121, ""labor_market"": 15.860164339370456, ""recruitment"": 7.882777255458249}","{""academic_fit"": 40.68511266879969, ""balanced"": 48.503367013769555, ""labor_market"": 43.312088584912836, ""recruitment"": 56.92115853259382}","{""academic_fit"": {""country_opportunity"": 0.25, ""friendliness"": 0.15, ""labor_demand"": 0.15, ""program_fit"": 0.45}, ""balanced"": {""country_opportunity"": 0.3, ""friendliness"": 0.2, ""labor_demand"": 0.3, ""program_fit"": 0.2}, ""labor_market"": {""country_opportunity"": 0.2, ""friendliness"": 0.15, ""labor_demand"": 0.45, ""program_fit"": 0.2}, ""recruitment"": {""country_opportunity"": 0.4, ""friendliness"": 0.3, ""labor_demand"": 0.1, ""program_fit"": 0.2}}",uncertainty_adjusted_management_priority_index_not_predicted_student_count,not_identified_ex_ante,,,,"incremental qualified applications, offers and enrolments attributable to the recruitment intervention",requires_prospective_campaign_evaluation,24,pre_registered_country_program_campaign_with_matched_comparison_or_stepped_wedge_rollout,qualified_leads;applications;offers;enrolments;yield;cost_per_enrolment,relative_record_level_program_demand_not_search_totals,ppml_russia_inbound_structural_allocation_v3;friendliness_receptivity_ex_ante_v4;trudvsem_program_demand_v5;mgimo_program_profiles,calculated_uncertainty_aware_scenario_ensemble_v5,targeted_digital_campaign_with_local_partner_validation,252,245.0,234.0,235.0,233.0,233.0,245.0,12.0,363,29046,0.012497417888865936
country_program_priority_evidence_v5,LSO,Lesotho,Sub-Saharan Africa,management_public,management_public,Управление и государственная политика,english_with_optional_russian_preparatory_module,CLDR indicates a material functional English-language environment.,52.13806068218432,52.13806068218432,16.867746505360522,48.154089086847904,117.87455280311232,1.0,0.0,4.0,2023,54.347518188702765,54.347518188702765,2.2094575065184467,56.98057440198765,56.98057440198765,41.34891601105692,68.52866963964306,point_score multiplied by probability of positive structural gap,63.89362799810429,36.39362799810429,91.3936279981043,0.45,limited,False,31.59401780453368,"{""diplomatic_analytic"": 0.3109530097338055, ""economic_legal"": 0.3234209305126337}",calculated_from_existing_mgimo_country_profile_scores,22.16559633027523,21.459607571000703,22.88853092188952,5,89,39.736024634486704,48.279657020825525,34.432819406049056,39.261613167762405,39.49881890112455,39.49881890112455,34.432819406049056,48.279657020825525,34.432819406049056,48.279657020825525,13.846837614776469,29.357919799523728,57.90063467884517,28.542714879321444,D_insufficient_or_unstable_evidence,"{""academic_fit"": 39.261613167762405, ""balanced"": 39.736024634486704, ""labor_market"": 34.432819406049056, ""recruitment"": 48.279657020825525}","{""academic_fit"": 33.260687368453404, ""balanced"": 32.08773521058587, ""labor_market"": 29.357919799523728, ""recruitment"": 35.976807514159894}","{""academic_fit"": 43.52175300929038, ""balanced"": 45.4507044433777, ""labor_market"": 38.17425253369372, ""recruitment"": 57.90063467884517}","{""academic_fit"": {""country_opportunity"": 0.25, ""friendliness"": 0.15, ""labor_demand"": 0.15, ""program_fit"": 0.45}, ""balanced"": {""country_opportunity"": 0.3, ""friendliness"": 0.2, ""labor_demand"": 0.3, ""program_fit"": 0.2}, ""labor_market"": {""country_opportunity"": 0.2, ""friendliness"": 0.15, ""labor_demand"": 0.45, ""program_fit"": 0.2}, ""recruitment"": {""country_opportunity"": 0.4, ""friendliness"": 0.3, ""labor_demand"": 0.1, ""program_fit"": 0.2}}",uncertainty_adjusted_management_priority_index_not_predicted_student_count,not_identified_ex_ante,,,,"incremental qualified applications, offers and enrolments attributable to the recruitment intervention",requires_prospective_campaign_evaluation,24,pre_registered_country_program_campaign_with_matched_comparison_or_stepped_wedge_rollout,qualified_leads;applications;offers;enrolments;yield;cost_per_enrolment,relative_record_level_program_demand_not_search_totals,ppml_russia_inbound_structural_allocation_v3;friendliness_receptivity_ex_ante_v4;trudvsem_program_demand_v5;mgimo_program_profiles,calculated_uncertainty_aware_scenario_ensemble_v5,targeted_digital_campaign_with_local_partner_validation,253,251.0,194.0,266.0,204.0,194.0,266.0,72.0,89,29046,0.003064105212421676
country_program_priority_evidence_v5,FJI,Fiji,East Asia & Pacific,management_public,management_public,Управление и государственная политика,english_with_optional_russian_preparatory_module,CLDR indicates a material functional English-language environment.,7.627020882740514,7.627020882740514,1.2039860349869458,6.669231625580992,43.267269859997896,1.0,0.0,0.0,2023,7.627020882740514,7.627020882740514,0.0,30.906289889035474,30.906289889035474,11.334283146520756,54.36097719416004,point_score multiplied by probability of positive structural gap,61.00551914526677,33.505519145266774,88.50551914526677,0.45,limited,False,53.798892925994735,"{""diplomatic_analytic"": 0.5850354429277626, ""economic_legal"": 0.4674191587582244}",calculated_from_existing_mgimo_country_profile_scores,22.16559633027523,21.459607571000703,22.88853092188952,5,89,36.52035496561131,41.609927461457495,33.67071700765404,42.431274900491324,39.0651412135344,39.0651412135344,33.67071700765404,42.431274900491324,33.67071700765404,42.431274900491324,8.760557892837284,23.789501127580575,58.08826047061574,34.29875934303516,D_insufficient_or_unstable_evidence,"{""academic_fit"": 42.431274900491324, ""balanced"": 36.52035496561131, ""labor_market"": 33.67071700765404, ""recruitment"": 41.609927461457495}","{""academic_fit"": 30.4998720374778, ""balanced"": 24.197222592799726, ""labor_market"": 25.146064459871386, ""recruitment"": 23.789501127580575}","{""academic_fit"": 51.69312114980952, ""balanced"": 46.79731147139564, ""labor_market"": 40.27508393929088, ""recruitment"": 58.08826047061574}","{""academic_fit"": {""country_opportunity"": 0.25, ""friendliness"": 0.15, ""labor_demand"": 0.15, ""program_fit"": 0.45}, ""balanced"": {""country_opportunity"": 0.3, ""friendliness"": 0.2, ""labor_demand"": 0.3, ""program_fit"": 0.2}, ""labor_market"": {""country_opportunity"": 0.2, ""friendliness"": 0.15, ""labor_demand"": 0.45, ""program_fit"": 0.2}, ""recruitment"": {""country_opportunity"": 0.4, ""friendliness"": 0.3, ""labor_demand"": 0.1, ""program_fit"": 0.2}}",uncertainty_adjusted_management_priority_index_not_predicted_student_count,not_identified_ex_ante,,,,"incremental qualified applications, offers and enrolments attributable to the recruitment intervention",requires_prospective_campaign_evaluation,24,pre_registered_country_program_campaign_with_matched_comparison_or_stepped_wedge_rollout,qualified_leads;applications;offers;enrolments;yield;cost_per_enrolment,relative_record_level_program_demand_not_search_totals,ppml_russia_inbound_structural_allocation_v3;friendliness_receptivity_ex_ante_v4;trudvsem_program_demand_v5;mgimo_program_profiles,calculated_uncertainty_aware_scenario_ensemble_v5,targeted_digital_campaign_with_local_partner_validation,254,278.0,272.0,269.0,172.0,172.0,278.0,106.0,89,29046,0.003064105212421676
country_program_priority_evidence_v5,WSM,Samoa,East Asia & Pacific,management_public,management_public,Управление и государственная политика,english_with_optional_russian_preparatory_module,CLDR indicates a material functional English-language environment.,8.188233849857886,8.188233849857886,1.1029210424256626,7.513847497798567,45.765539041974925,1.0,0.0,0.0,2023,8.286487221812092,8.286487221812092,0.0982533719542049,31.810208406227137,31.810208406227137,10.661050944931748,55.148385975815806,point_score multiplied by probability of positive structural gap,60.79980050541498,33.299800505414986,88.29980050541499,0.45,limited,False,50.92951042949976,"{""diplomatic_analytic"": 0.5123636069960922, ""economic_legal"": 0.5046923502433557}",calculated_from_existing_mgimo_country_profile_scores,22.16559633027523,21.459607571000703,22.88853092188952,5,89,36.40949275168687,41.58584570097153,33.48042008914637,41.68615699512476,38.9976692263292,38.9976692263292,33.48042008914637,41.68615699512476,33.48042008914637,41.68615699512476,8.205736905978391,22.97122964748775,57.75245806203178,34.78122841454403,D_insufficient_or_unstable_evidence,"{""academic_fit"": 41.68615699512476, ""balanced"": 36.40949275168687, ""labor_market"": 33.48042008914637, ""recruitment"": 41.58584570097153}","{""academic_fit"": 29.329422772298884, ""balanced"": 23.51049362355459, ""labor_market"": 24.577274676514797, ""recruitment"": 22.97122964748775}","{""academic_fit"": 50.618041531347956, ""balanced"": 46.47180973811813, ""labor_market"": 39.94309835352542, ""recruitment"": 57.75245806203178}","{""academic_fit"": {""country_opportunity"": 0.25, ""friendliness"": 0.15, ""labor_demand"": 0.15, ""program_fit"": 0.45}, ""balanced"": {""country_opportunity"": 0.3, ""friendliness"": 0.2, ""labor_demand"": 0.3, ""program_fit"": 0.2}, ""labor_market"": {""country_opportunity"": 0.2, ""friendliness"": 0.15, ""labor_demand"": 0.45, ""program_fit"": 0.2}, ""recruitment"": {""country_opportunity"": 0.4, ""friendliness"": 0.3, ""labor_demand"": 0.1, ""program_fit"": 0.2}}",uncertainty_adjusted_management_priority_index_not_predicted_student_count,not_identified_ex_ante,,,,"incremental qualified applications, offers and enrolments attributable to the recruitment intervention",requires_prospective_campaign_evaluation,24,pre_registered_country_program_campaign_with_matched_comparison_or_stepped_wedge_rollout,qualified_leads;applications;offers;enrolments;yield;cost_per_enrolment,relative_record_level_program_demand_not_search_totals,ppml_russia_inbound_structural_allocation_v3;friendliness_receptivity_ex_ante_v4;trudvsem_program_demand_v5;mgimo_program_profiles,calculated_uncertainty_aware_scenario_ensemble_v5,targeted_digital_campaign_with_local_partner_validation,255,279.0,273.0,271.0,178.0,178.0,279.0,101.0,89,29046,0.003064105212421676
country_program_priority_evidence_v5,SYR,Syrian Arab Republic,Middle East & North Africa,legal_public,legal_public,Международное право и комплаенс,english_plus_russian_preparatory_year,No broad Russian or English functional-language signal is available in CLDR.,2790.011825756514,2790.011825756514,-934.5274782324938,2519.8290835864877,8793.305652129202,0.8966666666666666,0.8566666666666667,3672.0,2023,6331.500059389364,6331.500059389364,3541.4882336328496,100.0,89.66666666666666,0.0,100.0,point_score multiplied by probability of positive structural gap,67.47725890252876,39.97725890252875,94.97725890252876,0.45,limited,False,9.314238903319422,"{""diplomatic_analytic"": 0.1269650215251083, ""economic_legal"": 0.0786469751080882}",calculated_from_existing_mgimo_country_profile_scores,33.810526315789474,33.51626038781164,34.93637368711995,5,363,41.230899420421565,48.54897804639998,36.220739584167774,28.033402722002915,38.72581950229467,38.72581950229467,28.033402722002915,48.54897804639998,28.033402722002915,48.54897804639998,20.515575324397066,6.853798123893721,56.27280203011892,49.4190039062252,D_insufficient_or_unstable_evidence,"{""academic_fit"": 28.033402722002915, ""balanced"": 41.230899420421565, ""labor_market"": 36.220739584167774, ""recruitment"": 48.54897804639998}","{""academic_fit"": 8.400600971280683, ""balanced"": 9.600232815371715, ""labor_market"": 13.563075539253067, ""recruitment"": 6.853798123893721}","{""academic_fit"": 30.441152624991492, ""balanced"": 45.99985040527778, ""labor_market"": 39.49535323906863, ""recruitment"": 56.27280203011892}","{""academic_fit"": {""country_opportunity"": 0.25, ""friendliness"": 0.15, ""labor_demand"": 0.15, ""program_fit"": 0.45}, ""balanced"": {""country_opportunity"": 0.3, ""friendliness"": 0.2, ""labor_demand"": 0.3, ""program_fit"": 0.2}, ""labor_market"": {""country_opportunity"": 0.2, ""friendliness"": 0.15, ""labor_demand"": 0.45, ""program_fit"": 0.2}, ""recruitment"": {""country_opportunity"": 0.4, ""friendliness"": 0.3, ""labor_demand"": 0.1, ""program_fit"": 0.2}}",uncertainty_adjusted_management_priority_index_not_predicted_student_count,not_identified_ex_ante,,,,"incremental qualified applications, offers and enrolments attributable to the recruitment intervention",requires_prospective_campaign_evaluation,24,pre_registered_country_program_campaign_with_matched_comparison_or_stepped_wedge_rollout,qualified_leads;applications;offers;enrolments;yield;cost_per_enrolment,relative_record_level_program_demand_not_search_totals,ppml_russia_inbound_structural_allocation_v3;friendliness_receptivity_ex_ante_v4;trudvsem_program_demand_v5;mgimo_program_profiles,calculated_uncertainty_aware_scenario_ensemble_v5,digital_recruitment_scholarship_and_olympiad,256,243.0,192.0,247.0,283.0,192.0,283.0,91.0,363,29046,0.012497417888865936
country_program_priority_evidence_v5,VUT,Vanuatu,East Asia & Pacific,languages_regional,languages_regional,Иностранные языки и регионоведение,english_with_optional_russian_preparatory_module_plus_target_region_language,CLDR indicates a material functional English-language environment.,4.967309658328945,4.967309658328945,-0.1040906006654343,4.161207116498346,39.15077959959014,0.9616666666666668,0.0,1.0,2023,5.639762568074264,5.639762568074264,0.6724529097453192,25.619660815621298,24.63757381768915,0.0,52.961111844171505,point_score multiplied by probability of positive structural gap,61.771839752769495,34.271839752769495,89.2718397527695,0.45,limited,False,31.405958540321688,"{""diplomatic_analytic"": 0.3079983886154681, ""economic_legal"": 0.338304372554212}",calculated_from_existing_mgimo_country_profile_scores,52.68428650749584,48.864850295110166,52.853722353772,5,542,39.716759300528004,37.46869315714114,42.43018716167824,36.0429937075598,38.59272622883457,38.59272622883457,36.0429937075598,42.43018716167824,36.0429937075598,42.43018716167824,6.387193454118439,8.546956358074445,56.288959031255416,47.74200267318097,D_insufficient_or_unstable_evidence,"{""academic_fit"": 36.0429937075598, ""balanced"": 39.716759300528004, ""labor_market"": 42.43018716167824, ""recruitment"": 37.46869315714114}","{""academic_fit"": 14.529250564766189, ""balanced"": 13.080597401760672, ""labor_market"": 19.675480687841585, ""recruitment"": 8.546956358074445}","{""academic_fit"": 45.86646229896999, ""balanced"": 53.444503187405246, ""labor_market"": 52.071453397999726, ""recruitment"": 56.288959031255416}","{""academic_fit"": {""country_opportunity"": 0.25, ""friendliness"": 0.15, ""labor_demand"": 0.15, ""program_fit"": 0.45}, ""balanced"": {""country_opportunity"": 0.3, ""friendliness"": 0.2, ""labor_demand"": 0.3, ""program_fit"": 0.2}, ""labor_market"": {""country_opportunity"": 0.2, ""friendliness"": 0.15, ""labor_demand"": 0.45, ""program_fit"": 0.2}, ""recruitment"": {""country_opportunity"": 0.4, ""friendliness"": 0.3, ""labor_demand"": 0.1, ""program_fit"": 0.2}}",uncertainty_adjusted_management_priority_index_not_predicted_student_count,not_identified_ex_ante,,,,"incremental qualified applications, offers and enrolments attributable to the recruitment intervention",requires_prospective_campaign_evaluation,24,pre_registered_country_program_campaign_with_matched_comparison_or_stepped_wedge_rollout,qualified_leads;applications;offers;enrolments;yield;cost_per_enrolment,relative_record_level_program_demand_not_search_totals,ppml_russia_inbound_structural_allocation_v3;friendliness_receptivity_ex_ante_v4;trudvsem_program_demand_v5;mgimo_program_profiles,calculated_uncertainty_aware_scenario_ensemble_v5,targeted_digital_campaign_with_local_partner_validation,257,252.0,294.0,201.0,231.0,201.0,294.0,93.0,542,29046,0.018660056462163465
country_program_priority_evidence_v5,BRA,Brazil,Latin America & Caribbean,management_public,management_public,Управление и государственная политика,english_plus_russian_preparatory_year,No broad Russian or English functional-language signal is available in CLDR.,85.43170022491807,85.43170022491807,-181.2820702477455,57.08296170262864,768.9202486279605,0.6316666666666667,0.145,227.0,2023,435.0658326309589,435.0658326309589,349.63413240604086,63.95756264482146,40.39986040397889,0.0,95.32328326858273,point_score multiplied by probability of positive structural gap,56.86413841445693,39.36413841445693,74.36413841445693,0.65,moderate,True,41.80083361905167,"{""diplomatic_analytic"": 0.4411029097198089, ""economic_legal"": 0.3833664758965783}",calculated_from_existing_mgimo_country_profile_scores,22.16559633027523,21.459607571000703,22.88853092188952,5,89,37.06838612830689,43.05026391256864,33.41256669730171,40.10234733286857,38.58536673058773,38.58536673058773,33.41256669730171,43.05026391256864,33.41256669730171,43.05026391256864,9.637697215266925,8.687763584122077,65.52845803358949,56.84069444946741,D_insufficient_or_unstable_evidence,"{""academic_fit"": 40.10234733286857, ""balanced"": 37.06838612830689, ""labor_market"": 33.41256669730171, ""recruitment"": 43.05026391256864}","{""academic_fit"": 14.908769704690474, ""balanced"": 11.183786255041394, ""labor_market"": 14.8251603167081, ""recruitment"": 8.687763584122077}","{""academic_fit"": 51.76879726859095, ""balanced"": 50.81339770043456, ""labor_market"": 41.73258506008375, ""recruitment"": 65.52845803358949}","{""academic_fit"": {""country_opportunity"": 0.25, ""friendliness"": 0.15, ""labor_demand"": 0.15, ""program_fit"": 0.45}, ""balanced"": {""country_opportunity"": 0.3, ""friendliness"": 0.2, ""labor_demand"": 0.3, ""program_fit"": 0.2}, ""labor_market"": {""country_opportunity"": 0.2, ""friendliness"": 0.15, ""labor_demand"": 0.45, ""program_fit"": 0.2}, ""recruitment"": {""country_opportunity"": 0.4, ""friendliness"": 0.3, ""labor_demand"": 0.1, ""program_fit"": 0.2}}",uncertainty_adjusted_management_priority_index_not_predicted_student_count,not_identified_ex_ante,,,,"incremental qualified applications, offers and enrolments attributable to the recruitment intervention",requires_prospective_campaign_evaluation,24,pre_registered_country_program_campaign_with_matched_comparison_or_stepped_wedge_rollout,qualified_leads;applications;offers;enrolments;yield;cost_per_enrolment,relative_record_level_program_demand_not_search_totals,ppml_russia_inbound_structural_allocation_v3;friendliness_receptivity_ex_ante_v4;trudvsem_program_demand_v5;mgimo_program_profiles,calculated_uncertainty_aware_scenario_ensemble_v5,targeted_digital_campaign_with_local_partner_validation,258,272.0,261.0,273.0,196.0,196.0,273.0,77.0,89,29046,0.003064105212421676
country_program_priority_evidence_v5,TKM,Turkmenistan,Europe & Central Asia,management_public,management_public,Управление и государственная политика,english_plus_russian_preparatory_year,No broad Russian or English functional-language signal is available in CLDR.,20899.09774144761,20899.09774144761,-4225.610016350272,18289.21137341857,44948.6283143665,0.9066666666666666,0.9,35170.0,2023,53201.18925250277,53201.18925250277,32302.09151105516,100.0,90.66666666666666,0.0,100.0,point_score multiplied by probability of positive structural gap,63.19659916820704,43.19659916820703,83.19659916820703,0.6,limited,False,19.208917104422675,"{""diplomatic_analytic"": 0.1814426136660327, ""economic_legal"": 0.2080590071115178}",calculated_from_existing_mgimo_country_profile_scores,22.16559633027523,21.459607571000703,22.88853092188952,5,89,41.34339303299861,52.530286001417096,34.24016854099414,35.44697516812991,38.395184100564265,38.395184100564265,34.24016854099414,52.530286001417096,34.24016854099414,52.530286001417096,18.290117460422955,7.683234825057242,59.41869284359874,51.7354580185415,D_insufficient_or_unstable_evidence,"{""academic_fit"": 35.44697516812991, ""balanced"": 41.34339303299861, ""labor_market"": 34.24016854099414, ""recruitment"": 52.530286001417096}","{""academic_fit"": 10.781809341302157, ""balanced"": 9.801344504443273, ""labor_market"": 12.933811771347015, ""recruitment"": 7.683234825057242}","{""academic_fit"": 37.99932986166073, ""balanced"": 45.35230760758005, ""labor_market"": 36.86641785216126, ""recruitment"": 59.41869284359874}","{""academic_fit"": {""country_opportunity"": 0.25, ""friendliness"": 0.15, ""labor_demand"": 0.15, ""program_fit"": 0.45}, ""balanced"": {""country_opportunity"": 0.3, ""friendliness"": 0.2, ""labor_demand"": 0.3, ""program_fit"": 0.2}, ""labor_market"": {""country_opportunity"": 0.2, ""friendliness"": 0.15, ""labor_demand"": 0.45, ""program_fit"": 0.2}, ""recruitment"": {""country_opportunity"": 0.4, ""friendliness"": 0.3, ""labor_demand"": 0.1, ""program_fit"": 0.2}}",uncertainty_adjusted_management_priority_index_not_predicted_student_count,not_identified_ex_ante,,,,"incremental qualified applications, offers and enrolments attributable to the recruitment intervention",requires_prospective_campaign_evaluation,24,pre_registered_country_program_campaign_with_matched_comparison_or_stepped_wedge_rollout,qualified_leads;applications;offers;enrolments;yield;cost_per_enrolment,relative_record_level_program_demand_not_search_totals,ppml_russia_inbound_structural_allocation_v3;friendliness_receptivity_ex_ante_v4;trudvsem_program_demand_v5;mgimo_program_profiles,calculated_uncertainty_aware_scenario_ensemble_v5,targeted_digital_campaign_with_local_partner_validation,259,242.0,144.0,268.0,237.0,144.0,268.0,124.0,89,29046,0.003064105212421676
country_program_priority_evidence_v5,SUR,Suriname,Latin America & Caribbean,legal_public,legal_public,Международное право и комплаенс,english_plus_russian_preparatory_year,No broad Russian or English functional-language signal is available in CLDR.,10.509553920338355,10.509553920338355,-3.51557237617404,9.34758708115846,85.72819051484383,0.845,0.0,7.0,2023,16.594214208509936,16.594214208509936,6.084660288171579,35.0408731843896,29.609537840809214,0.0,64.00667757120094,point_score multiplied by probability of positive structural gap,62.23617269496816,34.73617269496816,89.73617269496816,0.45,limited,False,37.592420572122016,"{""diplomatic_analytic"": 0.3046432339742406, ""economic_legal"": 0.4064731936127829}",calculated_from_existing_mgimo_country_profile_scores,33.810526315789474,33.51626038781164,34.93637368711995,5,363,38.145415867018905,39.9744475983755,37.50291161372711,38.23579749673942,38.19060668187916,38.19060668187916,37.50291161372711,39.9744475983755,37.50291161372711,39.9744475983755,2.4715359846483906,8.564732733247471,60.40178597411076,51.837053240863284,D_insufficient_or_unstable_evidence,"{""academic_fit"": 38.23579749673942, ""balanced"": 38.145415867018905, ""labor_market"": 37.50291161372711, ""recruitment"": 39.9744475983755}","{""academic_fit"": 14.903020573344323, ""balanced"": 12.162077279165036, ""labor_market"": 17.300390946084054, ""recruitment"": 8.564732733247471}","{""academic_fit"": 48.95998018844007, ""balanced"": 51.88989448525915, ""labor_market"": 46.69045491064931, ""recruitment"": 60.40178597411076}","{""academic_fit"": {""country_opportunity"": 0.25, ""friendliness"": 0.15, ""labor_demand"": 0.15, ""program_fit"": 0.45}, ""balanced"": {""country_opportunity"": 0.3, ""friendliness"": 0.2, ""labor_demand"": 0.3, ""program_fit"": 0.2}, ""labor_market"": {""country_opportunity"": 0.2, ""friendliness"": 0.15, ""labor_demand"": 0.45, ""program_fit"": 0.2}, ""recruitment"": {""country_opportunity"": 0.4, ""friendliness"": 0.3, ""labor_demand"": 0.1, ""program_fit"": 0.2}}",uncertainty_adjusted_management_priority_index_not_predicted_student_count,not_identified_ex_ante,,,,"incremental qualified applications, offers and enrolments attributable to the recruitment intervention",requires_prospective_campaign_evaluation,24,pre_registered_country_program_campaign_with_matched_comparison_or_stepped_wedge_rollout,qualified_leads;applications;offers;enrolments;yield;cost_per_enrolment,relative_record_level_program_demand_not_search_totals,ppml_russia_inbound_structural_allocation_v3;friendliness_receptivity_ex_ante_v4;trudvsem_program_demand_v5;mgimo_program_profiles,calculated_uncertainty_aware_scenario_ensemble_v5,targeted_digital_campaign_with_local_partner_validation,260,264.0,282.0,241.0,213.0,213.0,282.0,69.0,363,29046,0.012497417888865936
country_program_priority_evidence_v5,LAO,Lao People's Democratic Republic,East Asia & Pacific,legal_public,legal_public,Международное право и комплаенс,english_plus_russian_preparatory_year,No broad Russian or English functional-language signal is available in CLDR.,92.70603216073496,92.70603216073496,-103.5293498864682,73.58943798814195,919.2357729117648,0.665,0.0583333333333333,143.0,2023,238.70371074383857,238.70371074383857,145.9976785831036,65.11653896019372,43.30249840852883,0.0,97.88113822851341,point_score multiplied by probability of positive structural gap,64.29911104031498,36.79911104031498,91.799111040315,0.45,limited,False,23.410329133284772,"{""diplomatic_analytic"": 0.2136136524123482, ""economic_legal"": 0.242884565155919}",calculated_from_existing_mgimo_country_profile_scores,33.810526315789474,33.51626038781164,34.93637368711995,5,363,39.13960600276173,42.698034163516795,37.024129189000575,34.29150101103463,38.08186759588115,38.08186759588115,34.29150101103463,42.698034163516795,34.29150101103463,42.698034163516795,8.406533152482162,7.947676891412744,65.62288294529324,57.6752060538805,D_insufficient_or_unstable_evidence,"{""academic_fit"": 34.29150101103463, ""balanced"": 39.13960600276173, ""labor_market"": 37.024129189000575, ""recruitment"": 42.698034163516795}","{""academic_fit"": 12.229608670802893, ""balanced"": 11.222685471314628, ""labor_market"": 15.91938451131118, ""recruitment"": 7.947676891412744}","{""academic_fit"": 44.39426154217465, ""balanced"": 53.938197447370115, ""labor_market"": 46.48769679304633, ""recruitment"": 65.62288294529324}","{""academic_fit"": {""country_opportunity"": 0.25, ""friendliness"": 0.15, ""labor_demand"": 0.15, ""program_fit"": 0.45}, ""balanced"": {""country_opportunity"": 0.3, ""friendliness"": 0.2, ""labor_demand"": 0.3, ""program_fit"": 0.2}, ""labor_market"": {""country_opportunity"": 0.2, ""friendliness"": 0.15, ""labor_demand"": 0.45, ""program_fit"": 0.2}, ""recruitment"": {""country_opportunity"": 0.4, ""friendliness"": 0.3, ""labor_demand"": 0.1, ""program_fit"": 0.2}}",uncertainty_adjusted_management_priority_index_not_predicted_student_count,not_identified_ex_ante,,,,"incremental qualified applications, offers and enrolments attributable to the recruitment intervention",requires_prospective_campaign_evaluation,24,pre_registered_country_program_campaign_with_matched_comparison_or_stepped_wedge_rollout,qualified_leads;applications;offers;enrolments;yield;cost_per_enrolment,relative_record_level_program_demand_not_search_totals,ppml_russia_inbound_structural_allocation_v3;friendliness_receptivity_ex_ante_v4;trudvsem_program_demand_v5;mgimo_program_profiles,calculated_uncertainty_aware_scenario_ensemble_v5,targeted_digital_campaign_with_local_partner_validation,261,257.0,266.0,245.0,249.0,245.0,266.0,21.0,363,29046,0.012497417888865936
country_program_priority_evidence_v5,SLB,Solomon Islands,East Asia & Pacific,management_public,management_public,Управление и государственная политика,english_with_optional_russian_preparatory_module,CLDR indicates a material functional English-language environment.,28.254208583079443,28.254208583079443,3.3084598312829843,25.323468557890585,167.42941979665304,1.0,0.0,0.0,2023,28.254208583079443,28.254208583079443,0.0,48.420064074677036,48.420064074677036,20.948136810847565,73.52622850777395,point_score multiplied by probability of positive structural gap,63.665778860050914,36.165778860050914,91.16577886005092,0.45,limited,False,32.406906880010325,"{""diplomatic_analytic"": 0.3619568159311356, ""economic_legal"": 0.2672374481035547}",calculated_from_existing_mgimo_country_profile_scores,22.16559633027523,21.459607571000703,22.88853092188952,5,89,38.0368740593364,45.46674914567285,33.49710581839227,38.1248788015976,38.080876430467,38.080876430467,33.49710581839227,45.46674914567285,33.49710581839227,45.46674914567285,11.96964332728058,25.845079397997594,59.780478997395115,33.93539959939752,D_insufficient_or_unstable_evidence,"{""academic_fit"": 38.1248788015976, ""balanced"": 38.0368740593364, ""labor_market"": 33.49710581839227, ""recruitment"": 45.46674914567285}","{""academic_fit"": 28.509274864330596, ""balanced"": 26.443228262468853, ""labor_market"": 25.845079397997594, ""recruitment"": 27.745217321876968}","{""academic_fit"": 44.76062098982232, ""balanced"": 46.61325115881089, ""labor_market"": 38.88466950692913, ""recruitment"": 59.780478997395115}","{""academic_fit"": {""country_opportunity"": 0.25, ""friendliness"": 0.15, ""labor_demand"": 0.15, ""program_fit"": 0.45}, ""balanced"": {""country_opportunity"": 0.3, ""friendliness"": 0.2, ""labor_demand"": 0.3, ""program_fit"": 0.2}, ""labor_market"": {""country_opportunity"": 0.2, ""friendliness"": 0.15, ""labor_demand"": 0.45, ""program_fit"": 0.2}, ""recruitment"": {""country_opportunity"": 0.4, ""friendliness"": 0.3, ""labor_demand"": 0.1, ""program_fit"": 0.2}}",uncertainty_adjusted_management_priority_index_not_predicted_student_count,not_identified_ex_ante,,,,"incremental qualified applications, offers and enrolments attributable to the recruitment intervention",requires_prospective_campaign_evaluation,24,pre_registered_country_program_campaign_with_matched_comparison_or_stepped_wedge_rollout,qualified_leads;applications;offers;enrolments;yield;cost_per_enrolment,relative_record_level_program_demand_not_search_totals,ppml_russia_inbound_structural_allocation_v3;friendliness_receptivity_ex_ante_v4;trudvsem_program_demand_v5;mgimo_program_profiles,calculated_uncertainty_aware_scenario_ensemble_v5,targeted_digital_campaign_with_local_partner_validation,262,265.0,231.0,270.0,214.0,214.0,270.0,56.0,89,29046,0.003064105212421676
country_program_priority_evidence_v5,KEN,Kenya,Sub-Saharan Africa,legal_public,legal_public,Международное право и комплаенс,english_with_optional_russian_preparatory_module,CLDR indicates a material functional English-language environment.,57.95554402040611,57.95554402040611,-105.13678389310432,49.25463425603044,369.53835592208605,0.6566666666666666,0.0,169.0,2023,255.7427077748814,255.7427077748814,197.7871637544753,58.47060294014146,38.39569593069289,0.0,84.83430276480973,point_score multiplied by probability of positive structural gap,61.33862879786098,43.83862879786099,78.83862879786099,0.65,moderate,True,27.63856981682678,"{""diplomatic_analytic"": 0.2554120693812451, ""economic_legal"": 0.285374396219849}",calculated_from_existing_mgimo_country_profile_scores,33.810526315789474,33.51626038781164,34.93637368711995,5,363,38.65165997951097,41.48075329799288,37.0801941035608,35.53359043570817,37.86592704153588,37.86592704153588,35.53359043570817,41.48075329799288,35.53359043570817,41.48075329799288,5.947162862284706,8.637080392871296,61.19988284711765,52.56280245424635,D_insufficient_or_unstable_evidence,"{""academic_fit"": 35.53359043570817, ""balanced"": 38.65165997951097, ""labor_market"": 37.0801941035608, ""recruitment"": 41.48075329799288}","{""academic_fit"": 13.482118245865756, ""balanced"": 11.989649215035202, ""labor_market"": 16.862711946315144, ""recruitment"": 8.637080392871296}","{""academic_fit"": 45.017776617275864, ""balanced"": 51.7928781504944, ""labor_market"": 45.61665556742201, ""recruitment"": 61.19988284711765}","{""academic_fit"": {""country_opportunity"": 0.25, ""friendliness"": 0.15, ""labor_demand"": 0.15, ""program_fit"": 0.45}, ""balanced"": {""country_opportunity"": 0.3, ""friendliness"": 0.2, ""labor_demand"": 0.3, ""program_fit"": 0.2}, ""labor_market"": {""country_opportunity"": 0.2, ""friendliness"": 0.15, ""labor_demand"": 0.45, ""program_fit"": 0.2}, ""recruitment"": {""country_opportunity"": 0.4, ""friendliness"": 0.3, ""labor_demand"": 0.1, ""program_fit"": 0.2}}",uncertainty_adjusted_management_priority_index_not_predicted_student_count,not_identified_ex_ante,,,,"incremental qualified applications, offers and enrolments attributable to the recruitment intervention",requires_prospective_campaign_evaluation,24,pre_registered_country_program_campaign_with_matched_comparison_or_stepped_wedge_rollout,qualified_leads;applications;offers;enrolments;yield;cost_per_enrolment,relative_record_level_program_demand_not_search_totals,ppml_russia_inbound_structural_allocation_v3;friendliness_receptivity_ex_ante_v4;trudvsem_program_demand_v5;mgimo_program_profiles,calculated_uncertainty_aware_scenario_ensemble_v5,targeted_digital_campaign_with_local_partner_validation,263,261.0,275.0,244.0,235.0,235.0,275.0,40.0,363,29046,0.012497417888865936
country_program_priority_evidence_v5,BRB,Barbados,Latin America & Caribbean,management_public,management_public,Управление и государственная политика,english_with_optional_russian_preparatory_module,CLDR indicates a material functional English-language environment.,4.888493575201069,4.888493575201069,0.6790261582998952,4.477979354785928,20.49541121462832,1.0,0.0,0.0,2023,5.332909213131059,5.332909213131059,0.4444156379299898,25.42896543863592,25.42896543863592,7.432398924964803,43.999985950642355,point_score multiplied by probability of positive structural gap,62.82312625679632,35.323126256796314,90.32312625679631,0.45,limited,False,61.55780635056829,"{""diplomatic_analytic"": 0.6132096462614525, ""economic_legal"": 0.6191306893720286}",calculated_from_existing_mgimo_country_profile_scores,22.16559633027523,21.459607571000703,22.88853092188952,5,89,35.6457401936633,39.97097704039806,33.440844783182726,43.15176666564531,37.80835861703068,37.80835861703068,33.440844783182726,43.15176666564531,33.440844783182726,43.15176666564531,9.710921882462586,21.306424164873395,55.23483424975301,33.928410084879616,D_insufficient_or_unstable_evidence,"{""academic_fit"": 43.15176666564531, ""balanced"": 35.6457401936633, ""labor_market"": 33.440844783182726, ""recruitment"": 39.97097704039806}","{""academic_fit"": 29.664081112536866, ""balanced"": 22.396366455572206, ""labor_market"": 24.114797205227763, ""recruitment"": 21.306424164873395}","{""academic_fit"": 52.254528430511115, ""balanced"": 45.33896781724774, ""labor_market"": 39.796948114841975, ""recruitment"": 55.23483424975301}","{""academic_fit"": {""country_opportunity"": 0.25, ""friendliness"": 0.15, ""labor_demand"": 0.15, ""program_fit"": 0.45}, ""balanced"": {""country_opportunity"": 0.3, ""friendliness"": 0.2, ""labor_demand"": 0.3, ""program_fit"": 0.2}, ""labor_market"": {""country_opportunity"": 0.2, ""friendliness"": 0.15, ""labor_demand"": 0.45, ""program_fit"": 0.2}, ""recruitment"": {""country_opportunity"": 0.4, ""friendliness"": 0.3, ""labor_demand"": 0.1, ""program_fit"": 0.2}}",uncertainty_adjusted_management_priority_index_not_predicted_student_count,not_identified_ex_ante,,,,"incremental qualified applications, offers and enrolments attributable to the recruitment intervention",requires_prospective_campaign_evaluation,24,pre_registered_country_program_campaign_with_matched_comparison_or_stepped_wedge_rollout,qualified_leads;applications;offers;enrolments;yield;cost_per_enrolment,relative_record_level_program_demand_not_search_totals,ppml_russia_inbound_structural_allocation_v3;friendliness_receptivity_ex_ante_v4;trudvsem_program_demand_v5;mgimo_program_profiles,calculated_uncertainty_aware_scenario_ensemble_v5,targeted_digital_campaign_with_local_partner_validation,264,284.0,283.0,272.0,164.0,164.0,284.0,120.0,89,29046,0.003064105212421676
country_program_priority_evidence_v5,COK,Cook Islands,,management_public,management_public,Управление и государственная политика,english_with_optional_russian_preparatory_module,CLDR indicates a material functional English-language environment.,9.385047583606324,9.385047583606324,0.5712077375165258,9.19715385279822,81.51010851340784,0.99,0.0033333333333333,1.0,2023,10.252419450308777,10.252419450308777,0.8673718667024498,33.56633145335767,33.23066813882409,6.480507027515751,63.291594954977334,point_score multiplied by probability of positive structural gap,50.0,0.0,100.0,0.0,,,50.0,{},calculated_from_existing_mgimo_country_profile_scores,22.16559633027523,21.459607571000703,22.88853092188952,5,89,35.35772834439177,39.78452828744608,32.688186792337085,40.602343265216575,37.571128315918926,37.571128315918926,32.688186792337085,40.602343265216575,32.688186792337085,40.602343265216575,7.91415647287949,6.635983414604403,63.03324968754174,56.39726627293734,D_insufficient_or_unstable_evidence,"{""academic_fit"": 40.602343265216575, ""balanced"": 35.35772834439177, ""labor_market"": 32.688186792337085, ""recruitment"": 39.78452828744608}","{""academic_fit"": 15.320688720112555, ""balanced"": 10.1109653280188, ""labor_market"": 13.185901954370705, ""recruitment"": 6.635983414604403}","{""academic_fit"": 52.90544575801475, ""balanced"": 49.42651943624192, ""labor_market"": 41.654023402387566, ""recruitment"": 63.03324968754174}","{""academic_fit"": {""country_opportunity"": 0.25, ""friendliness"": 0.15, ""labor_demand"": 0.15, ""program_fit"": 0.45}, ""balanced"": {""country_opportunity"": 0.3, ""friendliness"": 0.2, ""labor_demand"": 0.3, ""program_fit"": 0.2}, ""labor_market"": {""country_opportunity"": 0.2, ""friendliness"": 0.15, ""labor_demand"": 0.45, ""program_fit"": 0.2}, ""recruitment"": {""country_opportunity"": 0.4, ""friendliness"": 0.3, ""labor_demand"": 0.1, ""program_fit"": 0.2}}",uncertainty_adjusted_management_priority_index_not_predicted_student_count,not_identified_ex_ante,,,,"incremental qualified applications, offers and enrolments attributable to the recruitment intervention",requires_prospective_campaign_evaluation,24,pre_registered_country_program_campaign_with_matched_comparison_or_stepped_wedge_rollout,qualified_leads;applications;offers;enrolments;yield;cost_per_enrolment,relative_record_level_program_demand_not_search_totals,ppml_russia_inbound_structural_allocation_v3;friendliness_receptivity_ex_ante_v4;trudvsem_program_demand_v5;mgimo_program_profiles,calculated_uncertainty_aware_scenario_ensemble_v5,targeted_digital_campaign_with_local_partner_validation,265,285.0,284.0,275.0,192.0,192.0,285.0,93.0,89,29046,0.003064105212421676
country_program_priority_evidence_v5,TZA,"Tanzania, United Republic of",Sub-Saharan Africa,legal_public,legal_public,Международное право и комплаенс,english_with_optional_russian_preparatory_module,CLDR indicates a material functional English-language environment.,110.72059909148332,110.72059909148332,-53.3958723614936,99.1973263020007,436.4097605295827,0.8316666666666667,0.0016666666666666,175.0,2023,252.4946197191707,252.4946197191707,141.77402062768738,67.63847444358663,56.25266457891622,0.0,87.21388940881273,point_score multiplied by probability of positive structural gap,63.54559861270263,36.04559861270264,91.04559861270263,0.45,limited,False,15.574273389758414,"{""diplomatic_analytic"": 0.1601941190988638, ""economic_legal"": 0.15383499738275}",calculated_from_existing_mgimo_country_profile_scores,33.810526315789474,33.51626038781164,34.93637368711995,5,363,39.0292980503292,43.63297811491732,36.00596267054699,30.662648162705935,37.5176303604381,37.5176303604381,30.662648162705935,43.63297811491732,30.662648162705935,43.63297811491732,12.970329952211387,7.311203707876122,57.880816272859384,50.56961256498326,D_insufficient_or_unstable_evidence,"{""academic_fit"": 30.662648162705935, ""balanced"": 39.0292980503292, ""labor_market"": 36.00596267054699, ""recruitment"": 43.63297811491732}","{""academic_fit"": 10.24326016656491, ""balanced"": 10.344749299887354, ""labor_market"": 14.688812928883527, ""recruitment"": 7.311203707876122}","{""academic_fit"": 36.20253521632176, ""balanced"": 48.160113037562326, ""labor_market"": 42.001401948098405, ""recruitment"": 57.880816272859384}","{""academic_fit"": {""country_opportunity"": 0.25, ""friendliness"": 0.15, ""labor_demand"": 0.15, ""program_fit"": 0.45}, ""balanced"": {""country_opportunity"": 0.3, ""friendliness"": 0.2, ""labor_demand"": 0.3, ""program_fit"": 0.2}, ""labor_market"": {""country_opportunity"": 0.2, ""friendliness"": 0.15, ""labor_demand"": 0.45, ""program_fit"": 0.2}, ""recruitment"": {""country_opportunity"": 0.4, ""friendliness"": 0.3, ""labor_demand"": 0.1, ""program_fit"": 0.2}}",uncertainty_adjusted_management_priority_index_not_predicted_student_count,not_identified_ex_ante,,,,"incremental qualified applications, offers and enrolments attributable to the recruitment intervention",requires_prospective_campaign_evaluation,24,pre_registered_country_program_campaign_with_matched_comparison_or_stepped_wedge_rollout,qualified_leads;applications;offers;enrolments;yield;cost_per_enrolment,relative_record_level_program_demand_not_search_totals,ppml_russia_inbound_structural_allocation_v3;friendliness_receptivity_ex_ante_v4;trudvsem_program_demand_v5;mgimo_program_profiles,calculated_uncertainty_aware_scenario_ensemble_v5,targeted_digital_campaign_with_local_partner_validation,266,258.0,252.0,249.0,272.0,249.0,272.0,23.0,363,29046,0.012497417888865936
country_program_priority_evidence_v5,ETH,Ethiopia,Sub-Saharan Africa,legal_public,legal_public,Международное право и комплаенс,english_with_optional_russian_preparatory_module,CLDR indicates a material functional English-language environment.,237.7109403385557,237.7109403385557,-35.614619859247085,228.87440356259805,1019.066278093146,0.9166666666666666,0.2416666666666666,167.0,2023,372.4911624234543,372.4911624234543,134.78022208489858,78.52792581965551,71.98393200135088,0.0,99.35829806271671,point_score multiplied by probability of positive structural gap,64.18877950397808,36.68877950397808,91.6887795039781,0.45,limited,False,10.829236408855788,"{""diplomatic_analytic"": 0.1480573857866045, ""economic_legal"": 0.0912502119322522}",calculated_from_existing_mgimo_country_profile_scores,33.810526315789474,33.51626038781164,34.93637368711995,5,363,39.31749973609197,45.079987333435255,35.384341087317715,28.03486548034193,37.35092041170484,37.35092041170484,28.03486548034193,45.079987333435255,28.03486548034193,45.079987333435255,17.045121853093324,6.869671407724165,57.08905546346463,50.21938405574047,D_insufficient_or_unstable_evidence,"{""academic_fit"": 28.03486548034193, ""balanced"": 39.31749973609197, ""labor_market"": 35.384341087317715, ""recruitment"": 45.079987333435255}","{""academic_fit"": 8.823573706332649, ""balanced"": 9.703301014176153, ""labor_market"": 13.766148845072616, ""recruitment"": 6.869671407724165}","{""academic_fit"": 32.15745572427991, ""balanced"": 46.859932932653464, ""labor_market"": 40.32971131991244, ""recruitment"": 57.08905546346463}","{""academic_fit"": {""country_opportunity"": 0.25, ""friendliness"": 0.15, ""labor_demand"": 0.15, ""program_fit"": 0.45}, ""balanced"": {""country_opportunity"": 0.3, ""friendliness"": 0.2, ""labor_demand"": 0.3, ""program_fit"": 0.2}, ""labor_market"": {""country_opportunity"": 0.2, ""friendliness"": 0.15, ""labor_demand"": 0.45, ""program_fit"": 0.2}, ""recruitment"": {""country_opportunity"": 0.4, ""friendliness"": 0.3, ""labor_demand"": 0.1, ""program_fit"": 0.2}}",uncertainty_adjusted_management_priority_index_not_predicted_student_count,not_identified_ex_ante,,,,"incremental qualified applications, offers and enrolments attributable to the recruitment intervention",requires_prospective_campaign_evaluation,24,pre_registered_country_program_campaign_with_matched_comparison_or_stepped_wedge_rollout,qualified_leads;applications;offers;enrolments;yield;cost_per_enrolment,relative_record_level_program_demand_not_search_totals,ppml_russia_inbound_structural_allocation_v3;friendliness_receptivity_ex_ante_v4;trudvsem_program_demand_v5;mgimo_program_profiles,calculated_uncertainty_aware_scenario_ensemble_v5,targeted_digital_campaign_with_local_partner_validation,267,255.0,238.0,255.0,282.0,238.0,282.0,44.0,363,29046,0.012497417888865936
country_program_priority_evidence_v5,COM,Comoros,Sub-Saharan Africa,legal_public,legal_public,Международное право и комплаенс,english_plus_russian_preparatory_year,No broad Russian or English functional-language signal is available in CLDR.,62.71203980649686,62.71203980649686,5.010048404428561,56.4437042489474,197.3415730008163,0.99,0.0016666666666666,27.0,2023,86.23551797335189,86.23551797335189,23.523478166855032,59.583423159682624,58.9875889280858,25.722016622918822,75.87082577977571,point_score multiplied by probability of positive structural gap,62.99280702509604,35.49280702509604,90.49280702509604,0.45,limited,False,13.979952230501691,"{""diplomatic_analytic"": 0.1530626083312581, ""economic_legal"": 0.134115342579485}",calculated_from_existing_mgimo_country_profile_scores,33.810526315789474,33.51626038781164,34.93637368711995,5,363,38.72028479604801,43.452591405174104,35.5698826759195,29.603968489122877,37.14508373598376,37.14508373598376,29.603968489122877,43.452591405174104,29.603968489122877,43.452591405174104,13.848622916051227,22.20292937802731,53.586432030812745,31.383502652785435,D_insufficient_or_unstable_evidence,"{""academic_fit"": 29.603968489122877, ""balanced"": 38.72028479604801, ""labor_market"": 35.5698826759195, ""recruitment"": 43.452591405174104}","{""academic_fit"": 22.20292937802731, ""balanced"": 27.082581325337973, ""labor_market"": 27.70743543707378, ""recruitment"": 26.545625224746473}","{""academic_fit"": 33.39157360722532, ""balanced"": 45.23210939082354, ""labor_market"": 40.0065845976478, ""recruitment"": 53.586432030812745}","{""academic_fit"": {""country_opportunity"": 0.25, ""friendliness"": 0.15, ""labor_demand"": 0.15, ""program_fit"": 0.45}, ""balanced"": {""country_opportunity"": 0.3, ""friendliness"": 0.2, ""labor_demand"": 0.3, ""program_fit"": 0.2}, ""labor_market"": {""country_opportunity"": 0.2, ""friendliness"": 0.15, ""labor_demand"": 0.45, ""program_fit"": 0.2}, ""recruitment"": {""country_opportunity"": 0.4, ""friendliness"": 0.3, ""labor_demand"": 0.1, ""program_fit"": 0.2}}",uncertainty_adjusted_management_priority_index_not_predicted_student_count,not_identified_ex_ante,,,,"incremental qualified applications, offers and enrolments attributable to the recruitment intervention",requires_prospective_campaign_evaluation,24,pre_registered_country_program_campaign_with_matched_comparison_or_stepped_wedge_rollout,qualified_leads;applications;offers;enrolments;yield;cost_per_enrolment,relative_record_level_program_demand_not_search_totals,ppml_russia_inbound_structural_allocation_v3;friendliness_receptivity_ex_ante_v4;trudvsem_program_demand_v5;mgimo_program_profiles,calculated_uncertainty_aware_scenario_ensemble_v5,targeted_digital_campaign_with_local_partner_validation,268,260.0,254.0,253.0,277.0,253.0,277.0,24.0,363,29046,0.012497417888865936
country_program_priority_evidence_v5,SOM,Somalia,Sub-Saharan Africa,management_public,management_public,Управление и государственная политика,english_plus_russian_preparatory_year,No broad Russian or English functional-language signal is available in CLDR.,371.0254596523729,371.0254596523729,42.66027797003462,328.91435243682554,1012.8978610218408,0.9933333333333332,0.49,149.0,2023,525.0011129523125,525.0011129523125,153.97565329993958,84.89174852253903,84.32580353238876,54.16295460832173,99.27130559080285,point_score multiplied by probability of positive structural gap,65.6844914965029,38.18449149650291,93.18449149650291,0.45,limited,False,17.10548244099285,"{""diplomatic_analytic"": 0.1592579399678645, ""economic_legal"": 0.1887501510730246}",calculated_from_existing_mgimo_country_profile_scores,22.16559633027523,21.459607571000703,22.88853092188952,5,89,39.886210473875956,50.50851532762694,33.20779339727804,33.32679252801083,36.606501500943395,36.606501500943395,33.20779339727804,50.50851532762694,33.20779339727804,50.50851532762694,17.3007219303489,27.465183733415927,59.94101295566071,32.47582922224478,D_insufficient_or_unstable_evidence,"{""academic_fit"": 33.32679252801083, ""balanced"": 39.886210473875956, ""labor_market"": 33.20779339727804, ""recruitment"": 50.50851532762694}","{""academic_fit"": 27.465183733415927, ""balanced"": 31.172985287007943, ""labor_market"": 27.71202463452743, ""recruitment"": 36.05571691588695}","{""academic_fit"": 36.71239059966817, ""balanced"": 45.273738675503644, ""labor_market"": 36.62335605900344, ""recruitment"": 59.94101295566071}","{""academic_fit"": {""country_opportunity"": 0.25, ""friendliness"": 0.15, ""labor_demand"": 0.15, ""program_fit"": 0.45}, ""balanced"": {""country_opportunity"": 0.3, ""friendliness"": 0.2, ""labor_demand"": 0.3, ""program_fit"": 0.2}, ""labor_market"": {""country_opportunity"": 0.2, ""friendliness"": 0.15, ""labor_demand"": 0.45, ""program_fit"": 0.2}, ""recruitment"": {""country_opportunity"": 0.4, ""friendliness"": 0.3, ""labor_demand"": 0.1, ""program_fit"": 0.2}}",uncertainty_adjusted_management_priority_index_not_predicted_student_count,not_identified_ex_ante,,,,"incremental qualified applications, offers and enrolments attributable to the recruitment intervention",requires_prospective_campaign_evaluation,24,pre_registered_country_program_campaign_with_matched_comparison_or_stepped_wedge_rollout,qualified_leads;applications;offers;enrolments;yield;cost_per_enrolment,relative_record_level_program_demand_not_search_totals,ppml_russia_inbound_structural_allocation_v3;friendliness_receptivity_ex_ante_v4;trudvsem_program_demand_v5;mgimo_program_profiles,calculated_uncertainty_aware_scenario_ensemble_v5,digital_recruitment_scholarship_and_olympiad,269,250.0,169.0,274.0,252.0,169.0,274.0,105.0,89,29046,0.003064105212421676
country_program_priority_evidence_v5,BLZ,Belize,Latin America & Caribbean,management_public,management_public,Управление и государственная политика,english_with_optional_russian_preparatory_module,CLDR indicates a material functional English-language environment.,6.894533153218362,6.894533153218362,1.063403328858496,6.389389284185105,29.662294986961243,1.0,0.0,0.0,2023,7.018126241475589,7.018126241475589,0.123593088257228,29.63371263927034,29.63371263927034,10.388967789483374,49.094301282291816,point_score multiplied by probability of positive structural gap,62.5769583728075,35.0769583728075,90.07695837280752,0.45,limited,False,43.33199639177382,"{""diplomatic_analytic"": 0.4184855279991432, ""economic_legal"": 0.4555716177956307}",calculated_from_existing_mgimo_country_profile_scores,22.16559633027523,21.459607571000703,22.88853092188952,5,89,34.75321354493659,39.534496321147486,32.13190992459989,38.32417367000595,36.538693607471274,36.538693607471274,32.13190992459989,39.534496321147486,32.13190992459989,39.534496321147486,7.402586396547598,22.383346661750288,53.77481354409825,31.391466882347963,D_insufficient_or_unstable_evidence,"{""academic_fit"": 38.32417367000595, ""balanced"": 34.75321354493659, ""labor_market"": 32.13190992459989, ""recruitment"": 39.534496321147486}","{""academic_fit"": 27.36007662774268, ""balanced"": 22.847254827505893, ""labor_market"": 23.8800052513392, ""recruitment"": 22.383346661750288}","{""academic_fit"": 45.95028203740482, ""balanced"": 43.681457169511226, ""labor_market"": 37.93816104083515, ""recruitment"": 53.77481354409825}","{""academic_fit"": {""country_opportunity"": 0.25, ""friendliness"": 0.15, ""labor_demand"": 0.15, ""program_fit"": 0.45}, ""balanced"": {""country_opportunity"": 0.3, ""friendliness"": 0.2, ""labor_demand"": 0.3, ""program_fit"": 0.2}, ""labor_market"": {""country_opportunity"": 0.2, ""friendliness"": 0.15, ""labor_demand"": 0.45, ""program_fit"": 0.2}, ""recruitment"": {""country_opportunity"": 0.4, ""friendliness"": 0.3, ""labor_demand"": 0.1, ""program_fit"": 0.2}}",uncertainty_adjusted_management_priority_index_not_predicted_student_count,not_identified_ex_ante,,,,"incremental qualified applications, offers and enrolments attributable to the recruitment intervention",requires_prospective_campaign_evaluation,24,pre_registered_country_program_campaign_with_matched_comparison_or_stepped_wedge_rollout,qualified_leads;applications;offers;enrolments;yield;cost_per_enrolment,relative_record_level_program_demand_not_search_totals,ppml_russia_inbound_structural_allocation_v3;friendliness_receptivity_ex_ante_v4;trudvsem_program_demand_v5;mgimo_program_profiles,calculated_uncertainty_aware_scenario_ensemble_v5,targeted_digital_campaign_with_local_partner_validation,270,287.0,287.0,279.0,211.0,211.0,287.0,76.0,89,29046,0.003064105212421676
country_program_priority_evidence_v5,ERI,Eritrea,Sub-Saharan Africa,legal_public,legal_public,Международное право и комплаенс,english_with_optional_russian_preparatory_module,CLDR indicates a material functional English-language environment.,195.9947458691878,195.9947458691878,40.52980776177405,180.6637187645522,478.4797823562563,1.0,0.0083333333333333,53.0,2023,245.36928265380607,245.36928265380607,49.37453678461826,75.77310279482307,75.77310279482307,53.445446397693274,88.53096490236031,point_score multiplied by probability of positive structural gap,65.54245740648598,38.04245740648597,93.04245740648598,0.45,limited,False,8.73891062974644,"{""diplomatic_analytic"": 0.0579097707616168, ""economic_legal"": 0.1000231072413991}",calculated_from_existing_mgimo_country_profile_scores,33.810526315789474,33.51626038781164,34.93637368711995,5,363,38.55461530890653,44.521014196073246,34.487134559939555,26.093478862747034,36.52087493442304,36.52087493442304,26.093478862747034,44.521014196073246,26.093478862747034,44.521014196073246,18.42753533332621,22.07663210585271,52.68908105109731,30.6124489452446,D_insufficient_or_unstable_evidence,"{""academic_fit"": 26.093478862747034, ""balanced"": 38.55461530890653, ""labor_market"": 34.487134559939555, ""recruitment"": 44.521014196073246}","{""academic_fit"": 22.07663210585271, ""balanced"": 31.180546387751466, ""labor_market"": 29.60835424373404, ""recruitment"": 33.03914840467407}","{""academic_fit"": 28.696593557170182, ""balanced"": 43.681520864297276, ""labor_market"": 37.998317171600284, ""recruitment"": 52.68908105109731}","{""academic_fit"": {""country_opportunity"": 0.25, ""friendliness"": 0.15, ""labor_demand"": 0.15, ""program_fit"": 0.45}, ""balanced"": {""country_opportunity"": 0.3, ""friendliness"": 0.2, ""labor_demand"": 0.3, ""program_fit"": 0.2}, ""labor_market"": {""country_opportunity"": 0.2, ""friendliness"": 0.15, ""labor_demand"": 0.45, ""program_fit"": 0.2}, ""recruitment"": {""country_opportunity"": 0.4, ""friendliness"": 0.3, ""labor_demand"": 0.1, ""program_fit"": 0.2}}",uncertainty_adjusted_management_priority_index_not_predicted_student_count,not_identified_ex_ante,,,,"incremental qualified applications, offers and enrolments attributable to the recruitment intervention",requires_prospective_campaign_evaluation,24,pre_registered_country_program_campaign_with_matched_comparison_or_stepped_wedge_rollout,qualified_leads;applications;offers;enrolments;yield;cost_per_enrolment,relative_record_level_program_demand_not_search_totals,ppml_russia_inbound_structural_allocation_v3;friendliness_receptivity_ex_ante_v4;trudvsem_program_demand_v5;mgimo_program_profiles,calculated_uncertainty_aware_scenario_ensemble_v5,digital_recruitment_scholarship_and_olympiad,271,262.0,241.0,264.0,290.0,241.0,290.0,49.0,363,29046,0.012497417888865936
country_program_priority_evidence_v5,TCD,Chad,Sub-Saharan Africa,languages_regional,languages_regional,Иностранные языки и регионоведение,english_plus_russian_preparatory_year_plus_target_region_language,No broad Russian or English functional-language signal is available in CLDR.,249.2168964180784,249.2168964180784,-179.25725322112535,239.29088126939223,1145.3485649413915,0.8116666666666666,0.3416666666666667,411.0,2023,624.4313090311822,624.4313090311822,375.21441261310383,79.20308789517169,64.28650634158102,0.0,100.0,point_score multiplied by probability of positive structural gap,63.776472473292976,36.276472473292976,91.27647247329298,0.45,limited,False,4.300767309416516,"{""diplomatic_analytic"": 0.0397154157173035, ""economic_legal"": 0.0561767026016118}",calculated_from_existing_mgimo_country_profile_scores,52.68428650749584,48.864850295110166,52.853722353772,5,542,36.8324847220972,38.272396087024376,35.781198857062904,20.25473606960019,36.30684178958005,36.30684178958005,20.25473606960019,38.272396087024376,20.25473606960019,38.272396087024376,18.017660017424184,6.05001245218123,50.69017513059494,44.64016267841371,D_insufficient_or_unstable_evidence,"{""academic_fit"": 20.25473606960019, ""balanced"": 36.8324847220972, ""labor_market"": 35.781198857062904, ""recruitment"": 38.272396087024376}","{""academic_fit"": 6.486575216200398, ""balanced"": 9.208135293011328, ""labor_market"": 13.812399440171902, ""recruitment"": 6.05001245218123}","{""academic_fit"": 23.831830940803478, ""balanced"": 45.10510532645785, ""labor_market"": 41.23076319027777, ""recruitment"": 50.69017513059494}","{""academic_fit"": {""country_opportunity"": 0.25, ""friendliness"": 0.15, ""labor_demand"": 0.15, ""program_fit"": 0.45}, ""balanced"": {""country_opportunity"": 0.3, ""friendliness"": 0.2, ""labor_demand"": 0.3, ""program_fit"": 0.2}, ""labor_market"": {""country_opportunity"": 0.2, ""friendliness"": 0.15, ""labor_demand"": 0.45, ""program_fit"": 0.2}, ""recruitment"": {""country_opportunity"": 0.4, ""friendliness"": 0.3, ""labor_demand"": 0.1, ""program_fit"": 0.2}}",uncertainty_adjusted_management_priority_index_not_predicted_student_count,not_identified_ex_ante,,,,"incremental qualified applications, offers and enrolments attributable to the recruitment intervention",requires_prospective_campaign_evaluation,24,pre_registered_country_program_campaign_with_matched_comparison_or_stepped_wedge_rollout,qualified_leads;applications;offers;enrolments;yield;cost_per_enrolment,relative_record_level_program_demand_not_search_totals,ppml_russia_inbound_structural_allocation_v3;friendliness_receptivity_ex_ante_v4;trudvsem_program_demand_v5;mgimo_program_profiles,calculated_uncertainty_aware_scenario_ensemble_v5,targeted_digital_campaign_with_local_partner_validation,272,276.0,288.0,251.0,295.0,251.0,295.0,44.0,542,29046,0.018660056462163465
country_program_priority_evidence_v5,TGO,Togo,Sub-Saharan Africa,legal_public,legal_public,Международное право и комплаенс,english_plus_russian_preparatory_year,No broad Russian or English functional-language signal is available in CLDR.,27.54025528774936,27.54025528774936,-21.43475480503972,21.559190490696373,102.7599583186691,0.7766666666666666,0.0,66.0,2023,81.65433936165209,81.65433936165209,54.11408407390273,48.06569520962609,37.33102327947626,0.0,66.57827509124455,point_score multiplied by probability of positive structural gap,63.080246193426106,35.5802461934261,90.5802461934261,0.45,limited,False,21.93335334939166,"{""diplomatic_analytic"": 0.2090227586663389, ""economic_legal"": 0.2237524369914499}",calculated_from_existing_mgimo_country_profile_scores,33.810526315789474,33.51626038781164,34.93637368711995,5,363,36.87187933959164,39.57132701641056,35.42098323940511,32.06578282656022,36.14643128949838,36.14643128949838,32.06578282656022,39.57132701641056,32.06578282656022,39.57132701641056,7.505544189850333,7.772281104861397,55.435624806465945,47.663343701604546,D_insufficient_or_unstable_evidence,"{""academic_fit"": 32.06578282656022, ""balanced"": 36.87187933959164, ""labor_market"": 35.42098323940511, ""recruitment"": 39.57132701641056}","{""academic_fit"": 11.832583652500526, ""balanced"": 11.011046191776416, ""labor_market"": 15.644792731519356, ""recruitment"": 7.772281104861397}","{""academic_fit"": 39.168885421940345, ""balanced"": 47.395259555417866, ""labor_market"": 42.46139352384131, ""recruitment"": 55.435624806465945}","{""academic_fit"": {""country_opportunity"": 0.25, ""friendliness"": 0.15, ""labor_demand"": 0.15, ""program_fit"": 0.45}, ""balanced"": {""country_opportunity"": 0.3, ""friendliness"": 0.2, ""labor_demand"": 0.3, ""program_fit"": 0.2}, ""labor_market"": {""country_opportunity"": 0.2, ""friendliness"": 0.15, ""labor_demand"": 0.45, ""program_fit"": 0.2}, ""recruitment"": {""country_opportunity"": 0.4, ""friendliness"": 0.3, ""labor_demand"": 0.1, ""program_fit"": 0.2}}",uncertainty_adjusted_management_priority_index_not_predicted_student_count,not_identified_ex_ante,,,,"incremental qualified applications, offers and enrolments attributable to the recruitment intervention",requires_prospective_campaign_evaluation,24,pre_registered_country_program_campaign_with_matched_comparison_or_stepped_wedge_rollout,qualified_leads;applications;offers;enrolments;yield;cost_per_enrolment,relative_record_level_program_demand_not_search_totals,ppml_russia_inbound_structural_allocation_v3;friendliness_receptivity_ex_ante_v4;trudvsem_program_demand_v5;mgimo_program_profiles,calculated_uncertainty_aware_scenario_ensemble_v5,targeted_digital_campaign_with_local_partner_validation,273,275.0,286.0,254.0,264.0,254.0,286.0,32.0,363,29046,0.012497417888865936
country_program_priority_evidence_v5,MRT,Mauritania,Sub-Saharan Africa,management_public,management_public,Управление и государственная политика,english_plus_russian_preparatory_year,No broad Russian or English functional-language signal is available in CLDR.,85.22891647622886,85.22891647622886,-22.40781741650686,76.3924060074627,255.80417385514824,0.9066666666666666,0.0,115.0,2023,181.52672596232597,181.52672596232597,96.29780948609708,63.92387350204404,57.95764530851993,0.0,79.57578351279251,point_score multiplied by probability of positive structural gap,63.88692361596967,36.38692361596967,91.38692361596968,0.45,limited,False,23.163927511250005,"{""diplomatic_analytic"": 0.2182775998370455, ""economic_legal"": 0.2516817880256818}",calculated_from_existing_mgimo_country_profile_scores,22.16559633027523,21.459607571000703,22.88853092188952,5,89,37.614790923195464,45.7783027247378,32.5404311300902,34.4579268646543,36.036358893924884,36.036358893924884,32.5404311300902,45.7783027247378,32.5404311300902,45.7783027247378,13.2378715946476,7.57300540243786,57.84902477618847,50.276019373750614,D_insufficient_or_unstable_evidence,"{""academic_fit"": 34.4579268646543, ""balanced"": 37.614790923195464, ""labor_market"": 32.5404311300902, ""recruitment"": 45.7783027247378}","{""academic_fit"": 11.395209033565484, ""balanced"": 9.823736982963464, ""labor_market"": 13.072271654350132, ""recruitment"": 7.57300540243786}","{""academic_fit"": 39.46618421594093, ""balanced"": 44.7458153581743, ""labor_market"": 37.03222987088461, ""recruitment"": 57.84902477618847}","{""academic_fit"": {""country_opportunity"": 0.25, ""friendliness"": 0.15, ""labor_demand"": 0.15, ""program_fit"": 0.45}, ""balanced"": {""country_opportunity"": 0.3, ""friendliness"": 0.2, ""labor_demand"": 0.3, ""program_fit"": 0.2}, ""labor_market"": {""country_opportunity"": 0.2, ""friendliness"": 0.15, ""labor_demand"": 0.45, ""program_fit"": 0.2}, ""recruitment"": {""country_opportunity"": 0.4, ""friendliness"": 0.3, ""labor_demand"": 0.1, ""program_fit"": 0.2}}",uncertainty_adjusted_management_priority_index_not_predicted_student_count,not_identified_ex_ante,,,,"incremental qualified applications, offers and enrolments attributable to the recruitment intervention",requires_prospective_campaign_evaluation,24,pre_registered_country_program_campaign_with_matched_comparison_or_stepped_wedge_rollout,qualified_leads;applications;offers;enrolments;yield;cost_per_enrolment,relative_record_level_program_demand_not_search_totals,ppml_russia_inbound_structural_allocation_v3;friendliness_receptivity_ex_ante_v4;trudvsem_program_demand_v5;mgimo_program_profiles,calculated_uncertainty_aware_scenario_ensemble_v5,targeted_digital_campaign_with_local_partner_validation,274,269.0,223.0,276.0,246.0,223.0,276.0,53.0,89,29046,0.003064105212421676
country_program_priority_evidence_v5,BDI,Burundi,Sub-Saharan Africa,legal_public,legal_public,Международное право и комплаенс,english_with_optional_russian_preparatory_module,CLDR indicates a material functional English-language environment.,115.83485200969926,115.83485200969926,-40.58184297189573,93.74825770443982,343.0268859657819,0.9016666666666666,0.0,132.0,2023,263.81046575474204,263.81046575474204,147.97561374504278,68.28044190972848,61.566198455271845,0.0,83.7695685415752,point_score multiplied by probability of positive structural gap,65.48109903285359,37.98109903285359,92.9810990328536,0.45,limited,False,10.648919880712175,"{""diplomatic_analytic"": 0.0968219268580822, ""economic_legal"": 0.1106323153567101}",calculated_from_existing_mgimo_country_profile_scores,33.810526315789474,33.51626038781164,34.93637368711995,5,363,37.5742657966271,42.50619019041943,34.306641587589404,26.869119287166722,35.94045369210825,35.94045369210825,26.869119287166722,42.50619019041943,26.869119287166722,42.50619019041943,15.63707090325271,6.918219790803517,53.4191936112818,46.50097382047828,D_insufficient_or_unstable_evidence,"{""academic_fit"": 26.869119287166722, ""balanced"": 37.5742657966271, ""labor_market"": 34.306641587589404, ""recruitment"": 42.50619019041943}","{""academic_fit"": 8.807219998155562, ""balanced"": 9.738984950935635, ""labor_market"": 13.793502288310822, ""recruitment"": 6.918219790803517}","{""academic_fit"": 30.67986053990725, ""balanced"": 44.5324028116331, ""labor_market"": 38.95204319324591, ""recruitment"": 53.4191936112818}","{""academic_fit"": {""country_opportunity"": 0.25, ""friendliness"": 0.15, ""labor_demand"": 0.15, ""program_fit"": 0.45}, ""balanced"": {""country_opportunity"": 0.3, ""friendliness"": 0.2, ""labor_demand"": 0.3, ""program_fit"": 0.2}, ""labor_market"": {""country_opportunity"": 0.2, ""friendliness"": 0.15, ""labor_demand"": 0.45, ""program_fit"": 0.2}, ""recruitment"": {""country_opportunity"": 0.4, ""friendliness"": 0.3, ""labor_demand"": 0.1, ""program_fit"": 0.2}}",uncertainty_adjusted_management_priority_index_not_predicted_student_count,not_identified_ex_ante,,,,"incremental qualified applications, offers and enrolments attributable to the recruitment intervention",requires_prospective_campaign_evaluation,24,pre_registered_country_program_campaign_with_matched_comparison_or_stepped_wedge_rollout,qualified_leads;applications;offers;enrolments;yield;cost_per_enrolment,relative_record_level_program_demand_not_search_totals,ppml_russia_inbound_structural_allocation_v3;friendliness_receptivity_ex_ante_v4;trudvsem_program_demand_v5;mgimo_program_profiles,calculated_uncertainty_aware_scenario_ensemble_v5,digital_recruitment_scholarship_and_olympiad,275,270.0,267.0,267.0,288.0,267.0,288.0,21.0,363,29046,0.012497417888865936
country_program_priority_evidence_v5,NER,Niger,Sub-Saharan Africa,management_public,management_public,Управление и государственная политика,english_plus_russian_preparatory_year,No broad Russian or English functional-language signal is available in CLDR.,494.4652025116648,494.4652025116648,160.9628794116347,471.67872675748697,1062.3091707573135,1.0,0.8166666666666667,27.0,2023,521.5055102083084,521.5055102083084,27.04030769664352,89.0013274889097,89.0013274889097,72.96473150246261,99.95376750000088,point_score multiplied by probability of positive structural gap,64.80558862801902,37.305588628019024,92.30558862801902,0.45,limited,False,14.11088365426032,"{""diplomatic_analytic"": 0.1408765878391847, ""economic_legal"": 0.141457209597731}",calculated_from_existing_mgimo_country_profile_scores,22.16559633027523,21.459607571000703,22.88853092188952,5,89,38.98673571513622,49.567766077335826,32.30764977014531,31.0732895673348,35.64719274264077,35.64719274264077,31.0732895673348,49.567766077335826,31.0732895673348,49.567766077335826,18.494476510001025,27.152816265222857,57.80652360438523,30.65370733916237,D_insufficient_or_unstable_evidence,"{""academic_fit"": 31.0732895673348, ""balanced"": 38.98673571513622, ""labor_market"": 32.30764977014531, ""recruitment"": 49.567766077335826}","{""academic_fit"": 27.152816265222857, ""balanced"": 32.682636317722, ""labor_market"": 28.24631710057005, ""recruitment"": 38.838757789671114}","{""academic_fit"": 33.85355348394318, ""balanced"": 43.67286891321584, ""labor_market"": 35.320960295384346, ""recruitment"": 57.80652360438523}","{""academic_fit"": {""country_opportunity"": 0.25, ""friendliness"": 0.15, ""labor_demand"": 0.15, ""program_fit"": 0.45}, ""balanced"": {""country_opportunity"": 0.3, ""friendliness"": 0.2, ""labor_demand"": 0.3, ""program_fit"": 0.2}, ""labor_market"": {""country_opportunity"": 0.2, ""friendliness"": 0.15, ""labor_demand"": 0.45, ""program_fit"": 0.2}, ""recruitment"": {""country_opportunity"": 0.4, ""friendliness"": 0.3, ""labor_demand"": 0.1, ""program_fit"": 0.2}}",uncertainty_adjusted_management_priority_index_not_predicted_student_count,not_identified_ex_ante,,,,"incremental qualified applications, offers and enrolments attributable to the recruitment intervention",requires_prospective_campaign_evaluation,24,pre_registered_country_program_campaign_with_matched_comparison_or_stepped_wedge_rollout,qualified_leads;applications;offers;enrolments;yield;cost_per_enrolment,relative_record_level_program_demand_not_search_totals,ppml_russia_inbound_structural_allocation_v3;friendliness_receptivity_ex_ante_v4;trudvsem_program_demand_v5;mgimo_program_profiles,calculated_uncertainty_aware_scenario_ensemble_v5,targeted_digital_campaign_with_local_partner_validation,276,259.0,179.0,277.0,269.0,179.0,277.0,98.0,89,29046,0.003064105212421676
country_program_priority_evidence_v5,PNG,Papua New Guinea,East Asia & Pacific,management_public,management_public,Управление и государственная политика,english_with_optional_russian_preparatory_module,CLDR indicates a material functional English-language environment.,25.18320045950377,25.18320045950377,2.443868362542755,21.8512763431776,137.80922318967646,0.9983333333333332,0.0,0.0,2023,26.80631140168923,26.80631140168923,1.6231109421854624,46.82942086685528,46.75137183207718,17.735666735589938,70.75218696096665,point_score multiplied by probability of positive structural gap,58.32402005653885,30.82402005653885,85.82402005653886,0.45,limited,False,27.80176323343038,"{""diplomatic_analytic"": 0.2627871381864911, ""economic_legal"": 0.3008633735560228}",calculated_from_existing_mgimo_country_profile_scores,22.16559633027523,21.459607571000703,22.88853092188952,5,89,35.92173933914694,42.423871911556326,31.88040029783456,34.903966422302965,35.412852880724955,35.412852880724955,31.88040029783456,42.423871911556326,31.88040029783456,42.423871911556326,10.543471613721767,23.73202757151601,56.14452472811063,32.412497156594625,D_insufficient_or_unstable_evidence,"{""academic_fit"": 34.903966422302965, ""balanced"": 35.92173933914694, ""labor_market"": 31.88040029783456, ""recruitment"": 42.423871911556326}","{""academic_fit"": 25.044252804374135, ""balanced"": 23.73202757151601, ""labor_market"": 23.748736098387134, ""recruitment"": 24.13219526265136}","{""academic_fit"": 41.10554360803121, ""balanced"": 44.20768724142381, ""labor_market"": 37.128782011531456, ""recruitment"": 56.14452472811063}","{""academic_fit"": {""country_opportunity"": 0.25, ""friendliness"": 0.15, ""labor_demand"": 0.15, ""program_fit"": 0.45}, ""balanced"": {""country_opportunity"": 0.3, ""friendliness"": 0.2, ""labor_demand"": 0.3, ""program_fit"": 0.2}, ""labor_market"": {""country_opportunity"": 0.2, ""friendliness"": 0.15, ""labor_demand"": 0.45, ""program_fit"": 0.2}, ""recruitment"": {""country_opportunity"": 0.4, ""friendliness"": 0.3, ""labor_demand"": 0.1, ""program_fit"": 0.2}}",uncertainty_adjusted_management_priority_index_not_predicted_student_count,not_identified_ex_ante,,,,"incremental qualified applications, offers and enrolments attributable to the recruitment intervention",requires_prospective_campaign_evaluation,24,pre_registered_country_program_campaign_with_matched_comparison_or_stepped_wedge_rollout,qualified_leads;applications;offers;enrolments;yield;cost_per_enrolment,relative_record_level_program_demand_not_search_totals,ppml_russia_inbound_structural_allocation_v3;friendliness_receptivity_ex_ante_v4;trudvsem_program_demand_v5;mgimo_program_profiles,calculated_uncertainty_aware_scenario_ensemble_v5,targeted_digital_campaign_with_local_partner_validation,277,282.0,268.0,280.0,240.0,240.0,282.0,42.0,89,29046,0.003064105212421676
country_program_priority_evidence_v5,BFA,Burkina Faso,Sub-Saharan Africa,management_public,management_public,Управление и государственная политика,english_plus_russian_preparatory_year,No broad Russian or English functional-language signal is available in CLDR.,235.4147839780773,235.4147839780773,74.28192356188265,217.03767895358453,463.0755403403525,1.0,0.035,32.0,2023,272.4262376500111,272.4262376500111,37.011453671933765,78.38929933944887,78.38929933944887,61.97667856140877,88.06262468380872,point_score multiplied by probability of positive structural gap,64.97678479047427,37.47678479047427,92.47678479047428,0.45,limited,False,15.923168338902464,"{""diplomatic_analytic"": 0.149553815328358, ""economic_legal"": 0.1737484854800246}",calculated_from_existing_mgimo_country_profile_scores,22.16559633027523,21.459607571000703,22.88853092188952,5,89,38.42685367438093,48.25934702944636,32.24152645290651,31.700861649304002,35.33419006364372,35.33419006364372,31.700861649304002,48.25934702944636,31.700861649304002,48.25934702944636,16.558485380142358,27.465054073568894,56.27081833784102,28.805764264272128,D_insufficient_or_unstable_evidence,"{""academic_fit"": 31.700861649304002, ""balanced"": 38.42685367438093, ""labor_market"": 32.24152645290651, ""recruitment"": 48.25934702944636}","{""academic_fit"": 27.465054073568894, ""balanced"": 31.885210659999085, ""labor_market"": 27.997657813466077, ""recruitment"": 37.30325340790928}","{""academic_fit"": 34.53450484436352, ""balanced"": 43.04088513783407, ""labor_market"": 35.24559716192867, ""recruitment"": 56.27081833784102}","{""academic_fit"": {""country_opportunity"": 0.25, ""friendliness"": 0.15, ""labor_demand"": 0.15, ""program_fit"": 0.45}, ""balanced"": {""country_opportunity"": 0.3, ""friendliness"": 0.2, ""labor_demand"": 0.3, ""program_fit"": 0.2}, ""labor_market"": {""country_opportunity"": 0.2, ""friendliness"": 0.15, ""labor_demand"": 0.45, ""program_fit"": 0.2}, ""recruitment"": {""country_opportunity"": 0.4, ""friendliness"": 0.3, ""labor_demand"": 0.1, ""program_fit"": 0.2}}",uncertainty_adjusted_management_priority_index_not_predicted_student_count,not_identified_ex_ante,,,,"incremental qualified applications, offers and enrolments attributable to the recruitment intervention",requires_prospective_campaign_evaluation,24,pre_registered_country_program_campaign_with_matched_comparison_or_stepped_wedge_rollout,qualified_leads;applications;offers;enrolments;yield;cost_per_enrolment,relative_record_level_program_demand_not_search_totals,ppml_russia_inbound_structural_allocation_v3;friendliness_receptivity_ex_ante_v4;trudvsem_program_demand_v5;mgimo_program_profiles,calculated_uncertainty_aware_scenario_ensemble_v5,targeted_digital_campaign_with_local_partner_validation,278,263.0,195.0,278.0,267.0,195.0,278.0,83.0,89,29046,0.003064105212421676
country_program_priority_evidence_v5,CAF,Central African Republic,Sub-Saharan Africa,languages_regional,languages_regional,Иностранные языки и регионоведение,english_plus_russian_preparatory_year_plus_target_region_language,No broad Russian or English functional-language signal is available in CLDR.,123.42054049774369,123.42054049774369,22.46126247028651,113.9987970091386,284.0596213959581,1.0,0.0,54.0,2023,164.05831834064435,164.05831834064435,40.63777784290066,69.18265901550751,69.18265901550751,45.25510066467768,81.07290157844957,point_score multiplied by probability of positive structural gap,64.13768093741794,36.63768093741794,91.63768093741795,0.45,limited,False,3.1740001785119385,"{""diplomatic_analytic"": 0.0300678464478951, ""economic_legal"": 0.0384286231340165}",calculated_from_existing_mgimo_country_profile_scores,52.68428650749584,48.864850295110166,52.853722353772,5,542,35.923502935332785,37.61971079298806,34.637071004525374,18.536878825781088,35.28028696992908,35.28028696992908,18.536878825781088,37.61971079298806,18.536878825781088,37.61971079298806,19.08283196720697,15.2135213638855,44.52735611772227,29.313834753836773,D_insufficient_or_unstable_evidence,"{""academic_fit"": 18.536878825781088, ""balanced"": 35.923502935332785, ""labor_market"": 34.637071004525374, ""recruitment"": 37.61971079298806}","{""academic_fit"": 15.2135213638855, ""balanced"": 27.784330422418822, ""labor_market"": 28.39043240757549, ""recruitment"": 26.81138690928575}","{""academic_fit"": 20.331887210786327, ""balanced"": 40.43629052248512, ""labor_market"": 37.73065153772187, ""recruitment"": 44.52735611772227}","{""academic_fit"": {""country_opportunity"": 0.25, ""friendliness"": 0.15, ""labor_demand"": 0.15, ""program_fit"": 0.45}, ""balanced"": {""country_opportunity"": 0.3, ""friendliness"": 0.2, ""labor_demand"": 0.3, ""program_fit"": 0.2}, ""labor_market"": {""country_opportunity"": 0.2, ""friendliness"": 0.15, ""labor_demand"": 0.45, ""program_fit"": 0.2}, ""recruitment"": {""country_opportunity"": 0.4, ""friendliness"": 0.3, ""labor_demand"": 0.1, ""program_fit"": 0.2}}",uncertainty_adjusted_management_priority_index_not_predicted_student_count,not_identified_ex_ante,,,,"incremental qualified applications, offers and enrolments attributable to the recruitment intervention",requires_prospective_campaign_evaluation,24,pre_registered_country_program_campaign_with_matched_comparison_or_stepped_wedge_rollout,qualified_leads;applications;offers;enrolments;yield;cost_per_enrolment,relative_record_level_program_demand_not_search_totals,ppml_russia_inbound_structural_allocation_v3;friendliness_receptivity_ex_ante_v4;trudvsem_program_demand_v5;mgimo_program_profiles,calculated_uncertainty_aware_scenario_ensemble_v5,targeted_digital_campaign_with_local_partner_validation,279,281.0,293.0,263.0,297.0,263.0,297.0,34.0,542,29046,0.018660056462163465
country_program_priority_evidence_v5,VUT,Vanuatu,East Asia & Pacific,legal_public,legal_public,Международное право и комплаенс,english_with_optional_russian_preparatory_module,CLDR indicates a material functional English-language environment.,4.967309658328945,4.967309658328945,-0.1040906006654343,4.161207116498346,39.15077959959014,0.9616666666666668,0.0,1.0,2023,5.639762568074264,5.639762568074264,0.6724529097453192,25.619660815621298,24.63757381768915,0.0,52.961111844171505,point_score multiplied by probability of positive structural gap,61.771839752769495,34.271839752769495,89.2718397527695,0.45,limited,False,32.92125773725888,"{""diplomatic_analytic"": 0.3079983886154681, ""economic_legal"": 0.338304372554212}",calculated_from_existing_mgimo_country_profile_scores,33.810526315789474,33.51626038781164,34.93637368711995,5,363,35.19672387647823,36.20964785687757,35.23569923407808,34.47716523359405,35.21621155527816,35.21621155527816,34.47716523359405,36.20964785687757,34.47716523359405,36.20964785687757,1.7324826232835164,8.313881364925807,54.553734341168706,46.2398529762429,D_insufficient_or_unstable_evidence,"{""academic_fit"": 34.47716523359405, ""balanced"": 35.19672387647823, ""labor_market"": 35.23569923407808, ""recruitment"": 36.20964785687757}","{""academic_fit"": 14.034882453722226, ""balanced"": 11.821314157640533, ""labor_market"": 16.826659786718324, ""recruitment"": 8.313881364925807}","{""academic_fit"": 44.063014587564034, ""balanced"": 47.77140520447711, ""labor_market"": 43.80386686172012, ""recruitment"": 54.553734341168706}","{""academic_fit"": {""country_opportunity"": 0.25, ""friendliness"": 0.15, ""labor_demand"": 0.15, ""program_fit"": 0.45}, ""balanced"": {""country_opportunity"": 0.3, ""friendliness"": 0.2, ""labor_demand"": 0.3, ""program_fit"": 0.2}, ""labor_market"": {""country_opportunity"": 0.2, ""friendliness"": 0.15, ""labor_demand"": 0.45, ""program_fit"": 0.2}, ""recruitment"": {""country_opportunity"": 0.4, ""friendliness"": 0.3, ""labor_demand"": 0.1, ""program_fit"": 0.2}}",uncertainty_adjusted_management_priority_index_not_predicted_student_count,not_identified_ex_ante,,,,"incremental qualified applications, offers and enrolments attributable to the recruitment intervention",requires_prospective_campaign_evaluation,24,pre_registered_country_program_campaign_with_matched_comparison_or_stepped_wedge_rollout,qualified_leads;applications;offers;enrolments;yield;cost_per_enrolment,relative_record_level_program_demand_not_search_totals,ppml_russia_inbound_structural_allocation_v3;friendliness_receptivity_ex_ante_v4;trudvsem_program_demand_v5;mgimo_program_profiles,calculated_uncertainty_aware_scenario_ensemble_v5,targeted_digital_campaign_with_local_partner_validation,280,286.0,297.0,256.0,245.0,245.0,297.0,52.0,363,29046,0.012497417888865936
country_program_priority_evidence_v5,UGA,Uganda,Sub-Saharan Africa,management_public,management_public,Управление и государственная политика,english_with_optional_russian_preparatory_module,CLDR indicates a material functional English-language environment.,243.71786376458917,243.71786376458917,30.84824157647777,229.0180216993124,628.9893447637004,1.0,0.0983333333333333,99.0,2023,330.2004674675871,330.2004674675871,86.48260370299793,78.88437024465559,78.88437024465559,49.638570683699605,92.44643962579326,point_score multiplied by probability of positive structural gap,64.20508339789163,36.70508339789163,91.70508339789164,0.45,limited,False,14.972604845142962,"{""diplomatic_analytic"": 0.1407738200277052, ""economic_legal"": 0.1631543910870162}",calculated_from_existing_mgimo_country_profile_scores,22.16559633027523,21.459607571000703,22.88853092188952,5,89,37.96659562473981,47.65486975450474,31.85428967057826,30.880328200581236,34.91044264765904,34.91044264765904,30.880328200581236,47.65486975450474,30.880328200581236,47.65486975450474,16.774541553923502,25.263201308637168,56.56253800000373,31.29933669136656,D_insufficient_or_unstable_evidence,"{""academic_fit"": 30.880328200581236, ""balanced"": 37.96659562473981, ""labor_market"": 31.85428967057826, ""recruitment"": 47.65486975450474}","{""academic_fit"": 25.263201308637168, ""balanced"": 29.403487040251775, ""labor_market"": 26.414416594529968, ""recruitment"": 33.589732044461456}","{""academic_fit"": 34.01201415379901, ""balanced"": 43.09234677328866, ""labor_market"": 35.133151551798086, ""recruitment"": 56.56253800000373}","{""academic_fit"": {""country_opportunity"": 0.25, ""friendliness"": 0.15, ""labor_demand"": 0.15, ""program_fit"": 0.45}, ""balanced"": {""country_opportunity"": 0.3, ""friendliness"": 0.2, ""labor_demand"": 0.3, ""program_fit"": 0.2}, ""labor_market"": {""country_opportunity"": 0.2, ""friendliness"": 0.15, ""labor_demand"": 0.45, ""program_fit"": 0.2}, ""recruitment"": {""country_opportunity"": 0.4, ""friendliness"": 0.3, ""labor_demand"": 0.1, ""program_fit"": 0.2}}",uncertainty_adjusted_management_priority_index_not_predicted_student_count,not_identified_ex_ante,,,,"incremental qualified applications, offers and enrolments attributable to the recruitment intervention",requires_prospective_campaign_evaluation,24,pre_registered_country_program_campaign_with_matched_comparison_or_stepped_wedge_rollout,qualified_leads;applications;offers;enrolments;yield;cost_per_enrolment,relative_record_level_program_demand_not_search_totals,ppml_russia_inbound_structural_allocation_v3;friendliness_receptivity_ex_ante_v4;trudvsem_program_demand_v5;mgimo_program_profiles,calculated_uncertainty_aware_scenario_ensemble_v5,targeted_digital_campaign_with_local_partner_validation,281,267.0,200.0,281.0,271.0,200.0,281.0,81.0,89,29046,0.003064105212421676
country_program_priority_evidence_v5,GMB,Gambia,Sub-Saharan Africa,management_public,management_public,Управление и государственная политика,english_with_optional_russian_preparatory_module,CLDR indicates a material functional English-language environment.,42.69652363829757,42.69652363829757,-6.985566264527495,37.18342520940964,120.03035160888244,0.9383333333333334,0.0,47.0,2023,85.65008599969663,85.65008599969663,42.95356236139906,54.17485631691724,50.83407351070735,0.0,68.7864386427658,point_score multiplied by probability of positive structural gap,63.188717482898525,35.688717482898525,90.68871748289853,0.45,limited,False,23.069193212291754,"{""diplomatic_analytic"": 0.224927987576389, ""economic_legal"": 0.2393378489427103}",calculated_from_existing_mgimo_country_profile_scores,22.16559633027523,21.459607571000703,22.88853092188952,5,89,36.08280737716856,43.30509811671926,31.63678722271423,33.25335575863364,34.6680815679011,34.6680815679011,31.63678722271423,43.30509811671926,31.63678722271423,43.30509811671926,11.668310894005028,7.524383257004999,54.449395287567825,46.925012030562826,D_insufficient_or_unstable_evidence,"{""academic_fit"": 33.25335575863364, ""balanced"": 36.08280737716856, ""labor_market"": 31.63678722271423, ""recruitment"": 43.30509811671926}","{""academic_fit"": 11.342963126331853, ""balanced"": 9.779082005856408, ""labor_market"": 13.025121588653931, ""recruitment"": 7.524383257004999}","{""academic_fit"": 37.962506231403104, ""balanced"": 42.75847977561236, ""labor_market"": 35.913503470373094, ""recruitment"": 54.449395287567825}","{""academic_fit"": {""country_opportunity"": 0.25, ""friendliness"": 0.15, ""labor_demand"": 0.15, ""program_fit"": 0.45}, ""balanced"": {""country_opportunity"": 0.3, ""friendliness"": 0.2, ""labor_demand"": 0.3, ""program_fit"": 0.2}, ""labor_market"": {""country_opportunity"": 0.2, ""friendliness"": 0.15, ""labor_demand"": 0.45, ""program_fit"": 0.2}, ""recruitment"": {""country_opportunity"": 0.4, ""friendliness"": 0.3, ""labor_demand"": 0.1, ""program_fit"": 0.2}}",uncertainty_adjusted_management_priority_index_not_predicted_student_count,not_identified_ex_ante,,,,"incremental qualified applications, offers and enrolments attributable to the recruitment intervention",requires_prospective_campaign_evaluation,24,pre_registered_country_program_campaign_with_matched_comparison_or_stepped_wedge_rollout,qualified_leads;applications;offers;enrolments;yield;cost_per_enrolment,relative_record_level_program_demand_not_search_totals,ppml_russia_inbound_structural_allocation_v3;friendliness_receptivity_ex_ante_v4;trudvsem_program_demand_v5;mgimo_program_profiles,calculated_uncertainty_aware_scenario_ensemble_v5,targeted_digital_campaign_with_local_partner_validation,282,280.0,257.0,282.0,253.0,253.0,282.0,29.0,89,29046,0.003064105212421676
country_program_priority_evidence_v5,SYR,Syrian Arab Republic,Middle East & North Africa,management_public,management_public,Управление и государственная политика,english_plus_russian_preparatory_year,No broad Russian or English functional-language signal is available in CLDR.,2790.011825756514,2790.011825756514,-934.5274782324938,2519.8290835864877,8793.305652129202,0.8966666666666666,0.8566666666666667,3672.0,2023,6331.500059389364,6331.500059389364,3541.4882336328496,100.0,89.66666666666666,0.0,100.0,point_score multiplied by probability of positive structural gap,67.47725890252876,39.97725890252875,94.97725890252876,0.45,limited,False,10.763780295830024,"{""diplomatic_analytic"": 0.1269650215251083, ""economic_legal"": 0.0786469751080882}",calculated_from_existing_mgimo_country_profile_scores,22.16559633027523,21.459607571000703,22.88853092188952,5,89,37.46145322789724,47.853678291014575,30.959152262624873,27.97983335298129,34.21030274526105,34.21030274526105,27.97983335298129,47.853678291014575,27.97983335298129,47.853678291014575,19.873844938033283,6.74048419462272,55.46078389369183,48.720299699069116,D_insufficient_or_unstable_evidence,"{""academic_fit"": 27.97983335298129, ""balanced"": 37.46145322789724, ""labor_market"": 30.959152262624873, ""recruitment"": 47.853678291014575}","{""academic_fit"": 8.356347531628721, ""balanced"": 8.663975929539552, ""labor_market"": 11.476260993437622, ""recruitment"": 6.74048419462272}","{""academic_fit"": 30.3779697020174, ""balanced"": 41.78062387106506, ""labor_market"": 33.74137545796712, ""recruitment"": 55.46078389369183}","{""academic_fit"": {""country_opportunity"": 0.25, ""friendliness"": 0.15, ""labor_demand"": 0.15, ""program_fit"": 0.45}, ""balanced"": {""country_opportunity"": 0.3, ""friendliness"": 0.2, ""labor_demand"": 0.3, ""program_fit"": 0.2}, ""labor_market"": {""country_opportunity"": 0.2, ""friendliness"": 0.15, ""labor_demand"": 0.45, ""program_fit"": 0.2}, ""recruitment"": {""country_opportunity"": 0.4, ""friendliness"": 0.3, ""labor_demand"": 0.1, ""program_fit"": 0.2}}",uncertainty_adjusted_management_priority_index_not_predicted_student_count,not_identified_ex_ante,,,,"incremental qualified applications, offers and enrolments attributable to the recruitment intervention",requires_prospective_campaign_evaluation,24,pre_registered_country_program_campaign_with_matched_comparison_or_stepped_wedge_rollout,qualified_leads;applications;offers;enrolments;yield;cost_per_enrolment,relative_record_level_program_demand_not_search_totals,ppml_russia_inbound_structural_allocation_v3;friendliness_receptivity_ex_ante_v4;trudvsem_program_demand_v5;mgimo_program_profiles,calculated_uncertainty_aware_scenario_ensemble_v5,digital_recruitment_scholarship_and_olympiad,283,271.0,199.0,285.0,285.0,199.0,285.0,86.0,89,29046,0.003064105212421676
country_program_priority_evidence_v5,MWI,Malawi,Sub-Saharan Africa,management_public,management_public,Управление и государственная политика,english_with_optional_russian_preparatory_module,CLDR indicates a material functional English-language environment.,175.3896349696009,175.3896349696009,37.56691793470767,168.62297920994422,485.4957056478792,1.0,0.1033333333333333,23.0,2023,205.4552574583104,205.4552574583104,30.06562248870947,74.18853744953509,74.18853744953509,52.383875876972816,88.73930663135795,point_score multiplied by probability of positive structural gap,61.02799195229347,33.52799195229347,88.52799195229348,0.45,limited,False,15.26613418497938,"{""diplomatic_analytic"": 0.1502580830782287, ""economic_legal"": 0.1562662300071415}",calculated_from_existing_mgimo_country_profile_scores,22.16559633027523,21.459607571000703,22.88853092188952,5,89,37.04687475692312,45.989301791835956,31.349711605206593,30.437513711794274,34.198293181064855,34.198293181064855,30.437513711794274,45.989301791835956,30.437513711794274,45.989301791835956,15.551788080041682,25.470949356105272,55.2758179189523,29.804868562847027,D_insufficient_or_unstable_evidence,"{""academic_fit"": 30.437513711794274, ""balanced"": 37.04687475692312, ""labor_market"": 31.349711605206593, ""recruitment"": 45.989301791835956}","{""academic_fit"": 25.470949356105272, ""balanced"": 29.458690689096045, ""labor_market"": 26.440775497929327, ""recruitment"": 33.53444708284987}","{""academic_fit"": 33.76949019932957, ""balanced"": 42.43057437528874, ""labor_market"": 34.79454118033893, ""recruitment"": 55.2758179189523}","{""academic_fit"": {""country_opportunity"": 0.25, ""friendliness"": 0.15, ""labor_demand"": 0.15, ""program_fit"": 0.45}, ""balanced"": {""country_opportunity"": 0.3, ""friendliness"": 0.2, ""labor_demand"": 0.3, ""program_fit"": 0.2}, ""labor_market"": {""country_opportunity"": 0.2, ""friendliness"": 0.15, ""labor_demand"": 0.45, ""program_fit"": 0.2}, ""recruitment"": {""country_opportunity"": 0.4, ""friendliness"": 0.3, ""labor_demand"": 0.1, ""program_fit"": 0.2}}",uncertainty_adjusted_management_priority_index_not_predicted_student_count,not_identified_ex_ante,,,,"incremental qualified applications, offers and enrolments attributable to the recruitment intervention",requires_prospective_campaign_evaluation,24,pre_registered_country_program_campaign_with_matched_comparison_or_stepped_wedge_rollout,qualified_leads;applications;offers;enrolments;yield;cost_per_enrolment,relative_record_level_program_demand_not_search_totals,ppml_russia_inbound_structural_allocation_v3;friendliness_receptivity_ex_ante_v4;trudvsem_program_demand_v5;mgimo_program_profiles,calculated_uncertainty_aware_scenario_ensemble_v5,targeted_digital_campaign_with_local_partner_validation,284,273.0,219.0,283.0,273.0,219.0,283.0,64.0,89,29046,0.003064105212421676
country_program_priority_evidence_v5,SUR,Suriname,Latin America & Caribbean,management_public,management_public,Управление и государственная политика,english_plus_russian_preparatory_year,No broad Russian or English functional-language signal is available in CLDR.,10.509553920338355,10.509553920338355,-3.51557237617404,9.34758708115846,85.72819051484383,0.845,0.0,7.0,2023,16.594214208509936,16.594214208509936,6.084660288171579,35.0408731843896,29.609537840809214,0.0,64.00667757120094,point_score multiplied by probability of positive structural gap,62.23617269496816,34.73617269496816,89.73617269496816,0.45,limited,False,34.537521782965754,"{""diplomatic_analytic"": 0.3046432339742406, ""economic_legal"": 0.4064731936127829}",calculated_from_existing_mgimo_country_profile_scores,22.16559633027523,21.459607571000703,22.88853092188952,5,89,33.20620512824634,37.75137587804694,30.712262632943045,34.65958760674641,33.932896367496376,33.932896367496376,30.712262632943045,37.75137587804694,30.712262632943045,37.75137587804694,7.0391132451038985,8.070281466335032,57.03642852848745,48.966147062152416,D_insufficient_or_unstable_evidence,"{""academic_fit"": 34.65958760674641, ""balanced"": 33.20620512824634, ""labor_market"": 30.712262632943045, ""recruitment"": 37.75137587804694}","{""academic_fit"": 13.46369823116253, ""balanced"": 10.516187256081917, ""labor_market"": 14.025334679368129, ""recruitment"": 8.070281466335032}","{""academic_fit"": 44.37341118269569, ""balanced"": 45.15609407771816, ""labor_market"": 38.2172968525306, ""recruitment"": 57.03642852848745}","{""academic_fit"": {""country_opportunity"": 0.25, ""friendliness"": 0.15, ""labor_demand"": 0.15, ""program_fit"": 0.45}, ""balanced"": {""country_opportunity"": 0.3, ""friendliness"": 0.2, ""labor_demand"": 0.3, ""program_fit"": 0.2}, ""labor_market"": {""country_opportunity"": 0.2, ""friendliness"": 0.15, ""labor_demand"": 0.45, ""program_fit"": 0.2}, ""recruitment"": {""country_opportunity"": 0.4, ""friendliness"": 0.3, ""labor_demand"": 0.1, ""program_fit"": 0.2}}",uncertainty_adjusted_management_priority_index_not_predicted_student_count,not_identified_ex_ante,,,,"incremental qualified applications, offers and enrolments attributable to the recruitment intervention",requires_prospective_campaign_evaluation,24,pre_registered_country_program_campaign_with_matched_comparison_or_stepped_wedge_rollout,qualified_leads;applications;offers;enrolments;yield;cost_per_enrolment,relative_record_level_program_demand_not_search_totals,ppml_russia_inbound_structural_allocation_v3;friendliness_receptivity_ex_ante_v4;trudvsem_program_demand_v5;mgimo_program_profiles,calculated_uncertainty_aware_scenario_ensemble_v5,targeted_digital_campaign_with_local_partner_validation,285,293.0,291.0,286.0,242.0,242.0,293.0,51.0,89,29046,0.003064105212421676
country_program_priority_evidence_v5,SSD,South Sudan,Sub-Saharan Africa,management_public,management_public,Управление и государственная политика,english_with_optional_russian_preparatory_module,CLDR indicates a material functional English-language environment.,145.8038150289941,145.8038150289941,28.26935251219569,134.16265092865444,357.8963315639507,1.0,0.0333333333333333,30.0,2023,173.579507025386,173.579507025386,27.77569199639189,71.55530915802296,71.55530915802296,48.42748670334425,84.37644680315596,point_score multiplied by probability of positive structural gap,63.54932278500491,36.04932278500491,91.04932278500492,0.45,limited,False,14.73127101013498,"{""diplomatic_analytic"": 0.1298144925089634, ""economic_legal"": 0.1735600364899294}",calculated_from_existing_mgimo_country_profile_scores,22.16559633027523,21.459607571000703,22.88853092188952,5,89,36.699785948856736,45.57754443011917,31.104881394351487,29.89509359656181,33.90233367160411,33.90233367160411,29.89509359656181,45.57754443011917,29.89509359656181,45.57754443011917,15.682450833557358,24.873782912743174,54.273989080095305,29.40020616735213,D_insufficient_or_unstable_evidence,"{""academic_fit"": 29.89509359656181, ""balanced"": 36.699785948856736, ""labor_market"": 31.104881394351487, ""recruitment"": 45.57754443011917}","{""academic_fit"": 24.873782912743174, ""balanced"": 29.000043617931524, ""labor_market"": 26.138045472171616, ""recruitment"": 32.990819112683425}","{""academic_fit"": 32.99045969941373, ""balanced"": 41.75358439680264, ""labor_market"": 34.362704934691976, ""recruitment"": 54.273989080095305}","{""academic_fit"": {""country_opportunity"": 0.25, ""friendliness"": 0.15, ""labor_demand"": 0.15, ""program_fit"": 0.45}, ""balanced"": {""country_opportunity"": 0.3, ""friendliness"": 0.2, ""labor_demand"": 0.3, ""program_fit"": 0.2}, ""labor_market"": {""country_opportunity"": 0.2, ""friendliness"": 0.15, ""labor_demand"": 0.45, ""program_fit"": 0.2}, ""recruitment"": {""country_opportunity"": 0.4, ""friendliness"": 0.3, ""labor_demand"": 0.1, ""program_fit"": 0.2}}",uncertainty_adjusted_management_priority_index_not_predicted_student_count,not_identified_ex_ante,,,,"incremental qualified applications, offers and enrolments attributable to the recruitment intervention",requires_prospective_campaign_evaluation,24,pre_registered_country_program_campaign_with_matched_comparison_or_stepped_wedge_rollout,qualified_leads;applications;offers;enrolments;yield;cost_per_enrolment,relative_record_level_program_demand_not_search_totals,ppml_russia_inbound_structural_allocation_v3;friendliness_receptivity_ex_ante_v4;trudvsem_program_demand_v5;mgimo_program_profiles,calculated_uncertainty_aware_scenario_ensemble_v5,targeted_digital_campaign_with_local_partner_validation,286,277.0,229.0,284.0,275.0,229.0,284.0,55.0,89,29046,0.003064105212421676
country_program_priority_evidence_v5,MLI,Mali,Sub-Saharan Africa,management_public,management_public,Управление и государственная политика,english_plus_russian_preparatory_year,No broad Russian or English functional-language signal is available in CLDR.,784.3979453296448,784.3979453296448,268.8487015801145,725.5983064700426,1402.6719095326164,1.0,0.98,196.0,2023,965.5455456755742,965.5455456755742,181.14760034592936,95.60874724951063,95.60874724951063,80.28641203932513,100.0,point_score multiplied by probability of positive structural gap,66.36127576000781,38.86127576000782,93.86127576000784,0.45,limited,False,9.282261458207367,"{""diplomatic_analytic"": 0.077879156818734, ""economic_legal"": 0.1152378012270832}",calculated_from_existing_mgimo_country_profile_scores,22.16559633027523,21.459607571000703,22.88853092188952,5,89,37.045579773954884,47.54560462352322,30.446737183790233,26.690745016509915,33.74615847887256,33.74615847887256,26.690745016509915,47.54560462352322,26.690745016509915,47.54560462352322,20.854859607013303,23.51884596892534,53.798545832253964,30.279699863328624,D_insufficient_or_unstable_evidence,"{""academic_fit"": 26.690745016509915, ""balanced"": 37.045579773954884, ""labor_market"": 30.446737183790233, ""recruitment"": 47.54560462352322}","{""academic_fit"": 23.51884596892534, ""balanced"": 31.378532518808967, ""labor_market"": 26.811036165228526, ""recruitment"": 37.79280365194394}","{""academic_fit"": 28.542408635427456, ""balanced"": 40.57582809782744, ""labor_market"": 32.78756940534866, ""recruitment"": 53.798545832253964}","{""academic_fit"": {""country_opportunity"": 0.25, ""friendliness"": 0.15, ""labor_demand"": 0.15, ""program_fit"": 0.45}, ""balanced"": {""country_opportunity"": 0.3, ""friendliness"": 0.2, ""labor_demand"": 0.3, ""program_fit"": 0.2}, ""labor_market"": {""country_opportunity"": 0.2, ""friendliness"": 0.15, ""labor_demand"": 0.45, ""program_fit"": 0.2}, ""recruitment"": {""country_opportunity"": 0.4, ""friendliness"": 0.3, ""labor_demand"": 0.1, ""program_fit"": 0.2}}",uncertainty_adjusted_management_priority_index_not_predicted_student_count,not_identified_ex_ante,,,,"incremental qualified applications, offers and enrolments attributable to the recruitment intervention",requires_prospective_campaign_evaluation,24,pre_registered_country_program_campaign_with_matched_comparison_or_stepped_wedge_rollout,qualified_leads;applications;offers;enrolments;yield;cost_per_enrolment,relative_record_level_program_demand_not_search_totals,ppml_russia_inbound_structural_allocation_v3;friendliness_receptivity_ex_ante_v4;trudvsem_program_demand_v5;mgimo_program_profiles,calculated_uncertainty_aware_scenario_ensemble_v5,digital_recruitment_scholarship_and_olympiad,287,274.0,202.0,289.0,289.0,202.0,289.0,87.0,89,29046,0.003064105212421676
country_program_priority_evidence_v5,KEN,Kenya,Sub-Saharan Africa,management_public,management_public,Управление и государственная политика,english_with_optional_russian_preparatory_module,CLDR indicates a material functional English-language environment.,57.95554402040611,57.95554402040611,-105.13678389310432,49.25463425603044,369.53835592208605,0.6566666666666666,0.0,169.0,2023,255.7427077748814,255.7427077748814,197.7871637544753,58.47060294014146,38.39569593069289,0.0,84.83430276480973,point_score multiplied by probability of positive structural gap,61.33862879786098,43.83862879786099,78.83862879786099,0.65,moderate,True,26.739700011668667,"{""diplomatic_analytic"": 0.2554120693812451, ""economic_legal"": 0.285374396219849}",calculated_from_existing_mgimo_country_profile_scores,22.16559633027523,21.459607571000703,22.88853092188952,5,89,33.988977957714546,39.572183198460145,30.674810490742168,32.95161630021665,33.4702971289656,33.4702971289656,30.674810490742168,39.572183198460145,30.674810490742168,39.572183198460145,8.897372707717977,8.221193903783057,58.37759467458531,50.15640077080225,D_insufficient_or_unstable_evidence,"{""academic_fit"": 32.95161630021665, ""balanced"": 33.988977957714546, ""labor_market"": 30.674810490742168, ""recruitment"": 39.572183198460145}","{""academic_fit"": 12.460417419849145, ""balanced"": 10.472493318838808, ""labor_market"": 13.809495102845434, ""recruitment"": 8.221193903783057}","{""academic_fit"": 41.7397665778465, ""balanced"": 45.52989932983665, ""labor_market"": 37.717974677540425, ""recruitment"": 58.37759467458531}","{""academic_fit"": {""country_opportunity"": 0.25, ""friendliness"": 0.15, ""labor_demand"": 0.15, ""program_fit"": 0.45}, ""balanced"": {""country_opportunity"": 0.3, ""friendliness"": 0.2, ""labor_demand"": 0.3, ""program_fit"": 0.2}, ""labor_market"": {""country_opportunity"": 0.2, ""friendliness"": 0.15, ""labor_demand"": 0.45, ""program_fit"": 0.2}, ""recruitment"": {""country_opportunity"": 0.4, ""friendliness"": 0.3, ""labor_demand"": 0.1, ""program_fit"": 0.2}}",uncertainty_adjusted_management_priority_index_not_predicted_student_count,not_identified_ex_ante,,,,"incremental qualified applications, offers and enrolments attributable to the recruitment intervention",requires_prospective_campaign_evaluation,24,pre_registered_country_program_campaign_with_matched_comparison_or_stepped_wedge_rollout,qualified_leads;applications;offers;enrolments;yield;cost_per_enrolment,relative_record_level_program_demand_not_search_totals,ppml_russia_inbound_structural_allocation_v3;friendliness_receptivity_ex_ante_v4;trudvsem_program_demand_v5;mgimo_program_profiles,calculated_uncertainty_aware_scenario_ensemble_v5,targeted_digital_campaign_with_local_partner_validation,288,291.0,285.0,287.0,259.0,259.0,291.0,32.0,89,29046,0.003064105212421676
country_program_priority_evidence_v5,LAO,Lao People's Democratic Republic,East Asia & Pacific,management_public,management_public,Управление и государственная политика,english_plus_russian_preparatory_year,No broad Russian or English functional-language signal is available in CLDR.,92.70603216073496,92.70603216073496,-103.5293498864682,73.58943798814195,919.2357729117648,0.665,0.0583333333333333,143.0,2023,238.70371074383857,238.70371074383857,145.9976785831036,65.11653896019372,43.30249840852883,0.0,97.88113822851341,point_score multiplied by probability of positive structural gap,64.29911104031498,36.79911104031498,91.799111040315,0.45,limited,False,22.532201750977652,"{""diplomatic_analytic"": 0.2136136524123482, ""economic_legal"": 0.242884565155919}",calculated_from_existing_mgimo_country_profile_scores,22.16559633027523,21.459607571000703,22.88853092188952,5,89,34.38540180032801,40.69480346703867,30.599366887712886,31.731927055772367,33.05866442805019,33.05866442805019,30.599366887712886,40.69480346703867,30.599366887712886,40.69480346703867,10.095436579325781,7.55780758678212,62.537225654532016,54.9794180677499,D_insufficient_or_unstable_evidence,"{""academic_fit"": 31.731927055772367, ""balanced"": 34.38540180032801, ""labor_market"": 30.599366887712886, ""recruitment"": 40.69480346703867}","{""academic_fit"": 11.278707713489231, ""balanced"": 9.79327850236112, ""labor_market"": 13.024598678486749, ""recruitment"": 7.55780758678212}","{""academic_fit"": 41.073823509833595, ""balanced"": 47.37080575384026, ""labor_market"": 38.401717800364345, ""recruitment"": 62.537225654532016}","{""academic_fit"": {""country_opportunity"": 0.25, ""friendliness"": 0.15, ""labor_demand"": 0.15, ""program_fit"": 0.45}, ""balanced"": {""country_opportunity"": 0.3, ""friendliness"": 0.2, ""labor_demand"": 0.3, ""program_fit"": 0.2}, ""labor_market"": {""country_opportunity"": 0.2, ""friendliness"": 0.15, ""labor_demand"": 0.45, ""program_fit"": 0.2}, ""recruitment"": {""country_opportunity"": 0.4, ""friendliness"": 0.3, ""labor_demand"": 0.1, ""program_fit"": 0.2}}",uncertainty_adjusted_management_priority_index_not_predicted_student_count,not_identified_ex_ante,,,,"incremental qualified applications, offers and enrolments attributable to the recruitment intervention",requires_prospective_campaign_evaluation,24,pre_registered_country_program_campaign_with_matched_comparison_or_stepped_wedge_rollout,qualified_leads;applications;offers;enrolments;yield;cost_per_enrolment,relative_record_level_program_demand_not_search_totals,ppml_russia_inbound_structural_allocation_v3;friendliness_receptivity_ex_ante_v4;trudvsem_program_demand_v5;mgimo_program_profiles,calculated_uncertainty_aware_scenario_ensemble_v5,targeted_digital_campaign_with_local_partner_validation,289,290.0,279.0,288.0,266.0,266.0,290.0,24.0,89,29046,0.003064105212421676
country_program_priority_evidence_v5,ETH,Ethiopia,Sub-Saharan Africa,management_public,management_public,Управление и государственная политика,english_with_optional_russian_preparatory_module,CLDR indicates a material functional English-language environment.,237.7109403385557,237.7109403385557,-35.614619859247085,228.87440356259805,1019.066278093146,0.9166666666666666,0.2416666666666666,167.0,2023,372.4911624234543,372.4911624234543,134.78022208489858,78.52792581965551,71.98393200135088,0.0,99.35829806271671,point_score multiplied by probability of positive structural gap,64.18877950397808,36.68877950397808,91.6887795039781,0.45,limited,False,12.533451624486357,"{""diplomatic_analytic"": 0.1480573857866045, ""economic_legal"": 0.0912502119322522}",calculated_from_existing_mgimo_country_profile_scores,22.16559633027523,21.459607571000703,22.88853092188952,5,89,35.745068500458046,44.46184164204913,30.262951935709303,28.020233456359744,33.00401021808368,33.00401021808368,28.020233456359744,44.46184164204913,28.020233456359744,44.46184164204913,16.441608185689386,6.760272148054989,56.30004598751853,49.53977383946354,D_insufficient_or_unstable_evidence,"{""academic_fit"": 28.020233456359744, ""balanced"": 35.745068500458046, ""labor_market"": 30.262951935709303, ""recruitment"": 44.46184164204913}","{""academic_fit"": 8.789306724817072, ""balanced"": 8.762406665910369, ""labor_market"": 11.65529112907207, ""recruitment"": 6.760272148054989}","{""academic_fit"": 32.13536949068052, ""balanced"": 42.58813215046254, ""labor_market"": 34.47548007288682, ""recruitment"": 56.30004598751853}","{""academic_fit"": {""country_opportunity"": 0.25, ""friendliness"": 0.15, ""labor_demand"": 0.15, ""program_fit"": 0.45}, ""balanced"": {""country_opportunity"": 0.3, ""friendliness"": 0.2, ""labor_demand"": 0.3, ""program_fit"": 0.2}, ""labor_market"": {""country_opportunity"": 0.2, ""friendliness"": 0.15, ""labor_demand"": 0.45, ""program_fit"": 0.2}, ""recruitment"": {""country_opportunity"": 0.4, ""friendliness"": 0.3, ""labor_demand"": 0.1, ""program_fit"": 0.2}}",uncertainty_adjusted_management_priority_index_not_predicted_student_count,not_identified_ex_ante,,,,"incremental qualified applications, offers and enrolments attributable to the recruitment intervention",requires_prospective_campaign_evaluation,24,pre_registered_country_program_campaign_with_matched_comparison_or_stepped_wedge_rollout,qualified_leads;applications;offers;enrolments;yield;cost_per_enrolment,relative_record_level_program_demand_not_search_totals,ppml_russia_inbound_structural_allocation_v3;friendliness_receptivity_ex_ante_v4;trudvsem_program_demand_v5;mgimo_program_profiles,calculated_uncertainty_aware_scenario_ensemble_v5,targeted_digital_campaign_with_local_partner_validation,290,283.0,245.0,291.0,284.0,245.0,291.0,46.0,89,29046,0.003064105212421676
country_program_priority_evidence_v5,TZA,"Tanzania, United Republic of",Sub-Saharan Africa,management_public,management_public,Управление и государственная политика,english_with_optional_russian_preparatory_module,CLDR indicates a material functional English-language environment.,110.72059909148332,110.72059909148332,-53.3958723614936,99.1973263020007,436.4097605295827,0.8316666666666667,0.0016666666666666,175.0,2023,252.4946197191707,252.4946197191707,141.77402062768738,67.63847444358663,56.25266457891622,0.0,87.21388940881273,point_score multiplied by probability of positive structural gap,63.54559861270263,36.04559861270264,91.04559861270263,0.45,limited,False,15.765047041241829,"{""diplomatic_analytic"": 0.1601941190988638, ""economic_legal"": 0.15383499738275}",calculated_from_existing_mgimo_country_profile_scores,22.16559633027523,21.459607571000703,22.88853092188952,5,89,34.61980876178286,41.987711196232446,30.045420402464295,28.994539739234664,32.33261458212358,32.33261458212358,28.994539739234664,41.987711196232446,28.994539739234664,41.987711196232446,12.993171456997782,7.019736057164348,55.69218050011568,48.67244444295133,D_insufficient_or_unstable_evidence,"{""academic_fit"": 28.994539739234664, ""balanced"": 34.61980876178286, ""labor_market"": 30.045420402464295, ""recruitment"": 41.987711196232446}","{""academic_fit"": 9.653428687159558, ""balanced"": 9.114388868729066, ""labor_market"": 12.133917776382544, ""recruitment"": 7.019736057164348}","{""academic_fit"": 34.22739829580739, ""balanced"": 42.70493948972509, ""labor_market"": 35.03101160726735, ""recruitment"": 55.69218050011568}","{""academic_fit"": {""country_opportunity"": 0.25, ""friendliness"": 0.15, ""labor_demand"": 0.15, ""program_fit"": 0.45}, ""balanced"": {""country_opportunity"": 0.3, ""friendliness"": 0.2, ""labor_demand"": 0.3, ""program_fit"": 0.2}, ""labor_market"": {""country_opportunity"": 0.2, ""friendliness"": 0.15, ""labor_demand"": 0.45, ""program_fit"": 0.2}, ""recruitment"": {""country_opportunity"": 0.4, ""friendliness"": 0.3, ""labor_demand"": 0.1, ""program_fit"": 0.2}}",uncertainty_adjusted_management_priority_index_not_predicted_student_count,not_identified_ex_ante,,,,"incremental qualified applications, offers and enrolments attributable to the recruitment intervention",requires_prospective_campaign_evaluation,24,pre_registered_country_program_campaign_with_matched_comparison_or_stepped_wedge_rollout,qualified_leads;applications;offers;enrolments;yield;cost_per_enrolment,relative_record_level_program_demand_not_search_totals,ppml_russia_inbound_structural_allocation_v3;friendliness_receptivity_ex_ante_v4;trudvsem_program_demand_v5;mgimo_program_profiles,calculated_uncertainty_aware_scenario_ensemble_v5,targeted_digital_campaign_with_local_partner_validation,291,288.0,270.0,292.0,280.0,270.0,292.0,22.0,89,29046,0.003064105212421676
country_program_priority_evidence_v5,COM,Comoros,Sub-Saharan Africa,management_public,management_public,Управление и государственная политика,english_plus_russian_preparatory_year,No broad Russian or English functional-language signal is available in CLDR.,62.71203980649686,62.71203980649686,5.010048404428561,56.4437042489474,197.3415730008163,0.99,0.0016666666666666,27.0,2023,86.23551797335189,86.23551797335189,23.523478166855032,59.583423159682624,58.9875889280858,25.722016622918822,75.87082577977571,point_score multiplied by probability of positive structural gap,62.99280702509604,35.49280702509604,90.49280702509604,0.45,limited,False,14.548370203054883,"{""diplomatic_analytic"": 0.1530626083312581, ""economic_legal"": 0.134115342579485}",calculated_from_existing_mgimo_country_profile_scores,22.16559633027523,21.459607571000703,22.88853092188952,5,89,34.52337933403233,42.03043260684648,29.835074327927185,28.320333761860617,32.17922683097976,32.17922683097976,28.320333761860617,42.03043260684648,28.320333761860617,42.03043260684648,13.710098844985865,21.168765961556385,51.82690199211291,30.658136030556523,D_insufficient_or_unstable_evidence,"{""academic_fit"": 28.320333761860617, ""balanced"": 34.52337933403233, ""labor_market"": 29.835074327927185, ""recruitment"": 42.03043260684648}","{""academic_fit"": 21.168765961556385, ""balanced"": 23.984930970927955, ""labor_market"": 23.00655068960306, ""recruitment"": 25.61920743884644}","{""academic_fit"": 31.938437428326548, ""balanced"": 40.316079031971505, ""labor_market"": 33.53985664541954, ""recruitment"": 51.82690199211291}","{""academic_fit"": {""country_opportunity"": 0.25, ""friendliness"": 0.15, ""labor_demand"": 0.15, ""program_fit"": 0.45}, ""balanced"": {""country_opportunity"": 0.3, ""friendliness"": 0.2, ""labor_demand"": 0.3, ""program_fit"": 0.2}, ""labor_market"": {""country_opportunity"": 0.2, ""friendliness"": 0.15, ""labor_demand"": 0.45, ""program_fit"": 0.2}, ""recruitment"": {""country_opportunity"": 0.4, ""friendliness"": 0.3, ""labor_demand"": 0.1, ""program_fit"": 0.2}}",uncertainty_adjusted_management_priority_index_not_predicted_student_count,not_identified_ex_ante,,,,"incremental qualified applications, offers and enrolments attributable to the recruitment intervention",requires_prospective_campaign_evaluation,24,pre_registered_country_program_campaign_with_matched_comparison_or_stepped_wedge_rollout,qualified_leads;applications;offers;enrolments;yield;cost_per_enrolment,relative_record_level_program_demand_not_search_totals,ppml_russia_inbound_structural_allocation_v3;friendliness_receptivity_ex_ante_v4;trudvsem_program_demand_v5;mgimo_program_profiles,calculated_uncertainty_aware_scenario_ensemble_v5,targeted_digital_campaign_with_local_partner_validation,292,289.0,269.0,293.0,281.0,269.0,293.0,24.0,89,29046,0.003064105212421676
country_program_priority_evidence_v5,TCD,Chad,Sub-Saharan Africa,legal_public,legal_public,Международное право и комплаенс,english_plus_russian_preparatory_year,No broad Russian or English functional-language signal is available in CLDR.,249.2168964180784,249.2168964180784,-179.25725322112535,239.29088126939223,1145.3485649413915,0.8116666666666666,0.3416666666666667,411.0,2023,624.4313090311822,624.4313090311822,375.21441261310383,79.20308789517169,64.28650634158102,0.0,100.0,point_score multiplied by probability of positive structural gap,63.776472473292976,36.276472473292976,91.27647247329298,0.45,limited,False,5.123831653631931,"{""diplomatic_analytic"": 0.0397154157173035, ""economic_legal"": 0.0561767026016118}",calculated_from_existing_mgimo_country_profile_scores,33.810526315789474,33.51626038781164,34.93637368711995,5,363,33.2910075494862,37.72323191789555,30.30611871324252,20.254154825866095,31.79856313136436,31.79856313136436,20.254154825866095,37.72323191789555,20.254154825866095,37.72323191789555,17.46907709202946,6.002277787404956,50.10632426878038,44.10404648137542,D_insufficient_or_unstable_evidence,"{""academic_fit"": 20.254154825866095, ""balanced"": 33.2910075494862, ""labor_market"": 30.30611871324252, ""recruitment"": 37.72323191789555}","{""academic_fit"": 6.550249872387981, ""balanced"": 8.487452512313656, ""labor_market"": 12.047839617412624, ""recruitment"": 6.002277787404956}","{""academic_fit"": 23.933885792791454, ""balanced"": 41.12047843466967, ""labor_market"": 35.37542042667223, ""recruitment"": 50.10632426878038}","{""academic_fit"": {""country_opportunity"": 0.25, ""friendliness"": 0.15, ""labor_demand"": 0.15, ""program_fit"": 0.45}, ""balanced"": {""country_opportunity"": 0.3, ""friendliness"": 0.2, ""labor_demand"": 0.3, ""program_fit"": 0.2}, ""labor_market"": {""country_opportunity"": 0.2, ""friendliness"": 0.15, ""labor_demand"": 0.45, ""program_fit"": 0.2}, ""recruitment"": {""country_opportunity"": 0.4, ""friendliness"": 0.3, ""labor_demand"": 0.1, ""program_fit"": 0.2}}",uncertainty_adjusted_management_priority_index_not_predicted_student_count,not_identified_ex_ante,,,,"incremental qualified applications, offers and enrolments attributable to the recruitment intervention",requires_prospective_campaign_evaluation,24,pre_registered_country_program_campaign_with_matched_comparison_or_stepped_wedge_rollout,qualified_leads;applications;offers;enrolments;yield;cost_per_enrolment,relative_record_level_program_demand_not_search_totals,ppml_russia_inbound_structural_allocation_v3;friendliness_receptivity_ex_ante_v4;trudvsem_program_demand_v5;mgimo_program_profiles,calculated_uncertainty_aware_scenario_ensemble_v5,targeted_digital_campaign_with_local_partner_validation,293,292.0,292.0,290.0,296.0,290.0,296.0,6.0,363,29046,0.012497417888865936
country_program_priority_evidence_v5,VUT,Vanuatu,East Asia & Pacific,management_public,management_public,Управление и государственная политика,english_with_optional_russian_preparatory_module,CLDR indicates a material functional English-language environment.,4.967309658328945,4.967309658328945,-0.1040906006654343,4.161207116498346,39.15077959959014,0.9616666666666668,0.0,1.0,2023,5.639762568074264,5.639762568074264,0.6724529097453192,25.619660815621298,24.63757381768915,0.0,52.961111844171505,point_score multiplied by probability of positive structural gap,61.771839752769495,34.271839752769495,89.2718397527695,0.45,limited,False,32.012078219096566,"{""diplomatic_analytic"": 0.3079983886154681, ""economic_legal"": 0.338304372554212}",calculated_from_existing_mgimo_country_profile_scores,22.16559633027523,21.459607571000703,22.88853092188952,5,89,30.980062760441935,34.57624082984944,29.176479020546243,32.03995503250858,31.510008896475256,31.510008896475256,29.176479020546243,34.57624082984944,29.176479020546243,34.57624082984944,5.399761809303197,7.921033490310096,52.08710109275739,44.1660676024473,D_insufficient_or_unstable_evidence,"{""academic_fit"": 32.03995503250858, ""balanced"": 30.980062760441935, ""labor_market"": 29.176479020546243, ""recruitment"": 34.57624082984944}","{""academic_fit"": 12.998880676028804, ""balanced"": 10.335213939354874, ""labor_market"": 13.792989001105784, ""recruitment"": 7.921033490310096}","{""academic_fit"": 40.94141971338232, ""balanced"": 42.03439080599324, ""labor_market"": 36.253293786532645, ""recruitment"": 52.08710109275739}","{""academic_fit"": {""country_opportunity"": 0.25, ""friendliness"": 0.15, ""labor_demand"": 0.15, ""program_fit"": 0.45}, ""balanced"": {""country_opportunity"": 0.3, ""friendliness"": 0.2, ""labor_demand"": 0.3, ""program_fit"": 0.2}, ""labor_market"": {""country_opportunity"": 0.2, ""friendliness"": 0.15, ""labor_demand"": 0.45, ""program_fit"": 0.2}, ""recruitment"": {""country_opportunity"": 0.4, ""friendliness"": 0.3, ""labor_demand"": 0.1, ""program_fit"": 0.2}}",uncertainty_adjusted_management_priority_index_not_predicted_student_count,not_identified_ex_ante,,,,"incremental qualified applications, offers and enrolments attributable to the recruitment intervention",requires_prospective_campaign_evaluation,24,pre_registered_country_program_campaign_with_matched_comparison_or_stepped_wedge_rollout,qualified_leads;applications;offers;enrolments;yield;cost_per_enrolment,relative_record_level_program_demand_not_search_totals,ppml_russia_inbound_structural_allocation_v3;friendliness_receptivity_ex_ante_v4;trudvsem_program_demand_v5;mgimo_program_profiles,calculated_uncertainty_aware_scenario_ensemble_v5,targeted_digital_campaign_with_local_partner_validation,294,298.0,300.0,295.0,265.0,265.0,300.0,35.0,89,29046,0.003064105212421676
country_program_priority_evidence_v5,TGO,Togo,Sub-Saharan Africa,management_public,management_public,Управление и государственная политика,english_plus_russian_preparatory_year,No broad Russian or English functional-language signal is available in CLDR.,27.54025528774936,27.54025528774936,-21.43475480503972,21.559190490696373,102.7599583186691,0.7766666666666666,0.0,66.0,2023,81.65433936165209,81.65433936165209,54.11408407390273,48.06569520962609,37.33102327947626,0.0,66.57827509124455,point_score multiplied by probability of positive structural gap,63.080246193426106,35.5802461934261,90.5802461934261,0.45,limited,False,21.491462999638326,"{""diplomatic_analytic"": 0.2090227586663389, ""economic_legal"": 0.2237524369914499}",calculated_from_existing_mgimo_country_profile_scores,22.16559633027523,21.459607571000703,22.88853092188952,5,89,32.5046258205317,37.84460115990869,29.375173726481492,29.902627138001947,31.203626479266823,31.203626479266823,29.375173726481492,37.84460115990869,29.375173726481492,37.84460115990869,8.4694274334272,7.416455085848214,53.01081663594769,45.59436155009948,D_insufficient_or_unstable_evidence,"{""academic_fit"": 29.902627138001947, ""balanced"": 32.5046258205317, ""labor_market"": 29.375173726481492, ""recruitment"": 37.84460115990869}","{""academic_fit"": 10.997245291471037, ""balanced"": 9.641667297373749, ""labor_market"": 12.843995202245623, ""recruitment"": 7.416455085848214}","{""academic_fit"": 36.52052876372284, ""balanced"": 41.76778957511346, ""labor_market"": 35.196469968039004, ""recruitment"": 53.01081663594769}","{""academic_fit"": {""country_opportunity"": 0.25, ""friendliness"": 0.15, ""labor_demand"": 0.15, ""program_fit"": 0.45}, ""balanced"": {""country_opportunity"": 0.3, ""friendliness"": 0.2, ""labor_demand"": 0.3, ""program_fit"": 0.2}, ""labor_market"": {""country_opportunity"": 0.2, ""friendliness"": 0.15, ""labor_demand"": 0.45, ""program_fit"": 0.2}, ""recruitment"": {""country_opportunity"": 0.4, ""friendliness"": 0.3, ""labor_demand"": 0.1, ""program_fit"": 0.2}}",uncertainty_adjusted_management_priority_index_not_predicted_student_count,not_identified_ex_ante,,,,"incremental qualified applications, offers and enrolments attributable to the recruitment intervention",requires_prospective_campaign_evaluation,24,pre_registered_country_program_campaign_with_matched_comparison_or_stepped_wedge_rollout,qualified_leads;applications;offers;enrolments;yield;cost_per_enrolment,relative_record_level_program_demand_not_search_totals,ppml_russia_inbound_structural_allocation_v3;friendliness_receptivity_ex_ante_v4;trudvsem_program_demand_v5;mgimo_program_profiles,calculated_uncertainty_aware_scenario_ensemble_v5,targeted_digital_campaign_with_local_partner_validation,295,296.0,290.0,294.0,274.0,274.0,296.0,22.0,89,29046,0.003064105212421676
country_program_priority_evidence_v5,BDI,Burundi,Sub-Saharan Africa,management_public,management_public,Управление и государственная политика,english_with_optional_russian_preparatory_module,CLDR indicates a material functional English-language environment.,115.83485200969926,115.83485200969926,-40.58184297189573,93.74825770443982,343.0268859657819,0.9016666666666666,0.0,132.0,2023,263.81046575474204,263.81046575474204,147.97561374504278,68.28044190972848,61.566198455271845,0.0,83.7695685415752,point_score multiplied by probability of positive structural gap,65.48109903285359,37.98109903285359,92.9810990328536,0.45,limited,False,10.234608225753336,"{""diplomatic_analytic"": 0.0968219268580822, ""economic_legal"": 0.1106323153567101}",calculated_from_existing_mgimo_country_profile_scores,22.16559633027523,21.459607571000703,22.88853092188952,5,89,33.01298742067371,40.51538082043699,28.355836448242773,24.868288035355985,30.68441193445824,30.68441193445824,24.868288035355985,40.51538082043699,24.868288035355985,40.51538082043699,15.647092785081004,6.5794054900566055,50.91166518066309,44.332259690606485,D_insufficient_or_unstable_evidence,"{""academic_fit"": 24.868288035355985, ""balanced"": 33.01298742067371, ""labor_market"": 28.355836448242773, ""recruitment"": 40.51538082043699}","{""academic_fit"": 8.123966655850277, ""balanced"": 8.499271013616164, ""labor_market"": 11.286240442495812, ""recruitment"": 6.5794054900566055}","{""academic_fit"": 28.390574657409, ""balanced"": 39.1135415574593, ""labor_market"": 32.17951796912853, ""recruitment"": 50.91166518066309}","{""academic_fit"": {""country_opportunity"": 0.25, ""friendliness"": 0.15, ""labor_demand"": 0.15, ""program_fit"": 0.45}, ""balanced"": {""country_opportunity"": 0.3, ""friendliness"": 0.2, ""labor_demand"": 0.3, ""program_fit"": 0.2}, ""labor_market"": {""country_opportunity"": 0.2, ""friendliness"": 0.15, ""labor_demand"": 0.45, ""program_fit"": 0.2}, ""recruitment"": {""country_opportunity"": 0.4, ""friendliness"": 0.3, ""labor_demand"": 0.1, ""program_fit"": 0.2}}",uncertainty_adjusted_management_priority_index_not_predicted_student_count,not_identified_ex_ante,,,,"incremental qualified applications, offers and enrolments attributable to the recruitment intervention",requires_prospective_campaign_evaluation,24,pre_registered_country_program_campaign_with_matched_comparison_or_stepped_wedge_rollout,qualified_leads;applications;offers;enrolments;yield;cost_per_enrolment,relative_record_level_program_demand_not_search_totals,ppml_russia_inbound_structural_allocation_v3;friendliness_receptivity_ex_ante_v4;trudvsem_program_demand_v5;mgimo_program_profiles,calculated_uncertainty_aware_scenario_ensemble_v5,digital_recruitment_scholarship_and_olympiad,296,295.0,281.0,297.0,293.0,281.0,297.0,16.0,89,29046,0.003064105212421676
country_program_priority_evidence_v5,CAF,Central African Republic,Sub-Saharan Africa,legal_public,legal_public,Международное право и комплаенс,english_plus_russian_preparatory_year,No broad Russian or English functional-language signal is available in CLDR.,123.42054049774369,123.42054049774369,22.46126247028651,113.9987970091386,284.0596213959581,1.0,0.0,54.0,2023,164.05831834064435,164.05831834064435,40.63777784290066,69.18265901550751,69.18265901550751,45.25510066467768,81.07290157844957,point_score multiplied by probability of positive structural gap,64.13768093741794,36.63768093741794,91.63768093741795,0.45,limited,False,3.592039012818008,"{""diplomatic_analytic"": 0.0300678464478951, ""economic_legal"": 0.0384286231340165}",calculated_from_existing_mgimo_country_profile_scores,33.810526315789474,33.51626038781164,34.93637368711995,5,363,32.153504953318475,36.71913264984357,29.051617192323782,18.133014933102434,30.60256107282113,30.60256107282113,18.133014933102434,36.71913264984357,18.133014933102434,36.71913264984357,18.58611771674114,15.02858281503186,43.58623765173539,28.557654836703527,D_insufficient_or_unstable_evidence,"{""academic_fit"": 18.133014933102434, ""balanced"": 32.153504953318475, ""labor_market"": 29.051617192323782, ""recruitment"": 36.71913264984357}","{""academic_fit"": 15.02858281503186, ""balanced"": 25.360588158610557, ""labor_market"": 24.522558319392367, ""recruitment"": 26.34103423431322}","{""academic_fit"": 19.97465872578017, ""balanced"": 36.50543151455838, ""labor_market"": 32.057397440075874, ""recruitment"": 43.58623765173539}","{""academic_fit"": {""country_opportunity"": 0.25, ""friendliness"": 0.15, ""labor_demand"": 0.15, ""program_fit"": 0.45}, ""balanced"": {""country_opportunity"": 0.3, ""friendliness"": 0.2, ""labor_demand"": 0.3, ""program_fit"": 0.2}, ""labor_market"": {""country_opportunity"": 0.2, ""friendliness"": 0.15, ""labor_demand"": 0.45, ""program_fit"": 0.2}, ""recruitment"": {""country_opportunity"": 0.4, ""friendliness"": 0.3, ""labor_demand"": 0.1, ""program_fit"": 0.2}}",uncertainty_adjusted_management_priority_index_not_predicted_student_count,not_identified_ex_ante,,,,"incremental qualified applications, offers and enrolments attributable to the recruitment intervention",requires_prospective_campaign_evaluation,24,pre_registered_country_program_campaign_with_matched_comparison_or_stepped_wedge_rollout,qualified_leads;applications;offers;enrolments;yield;cost_per_enrolment,relative_record_level_program_demand_not_search_totals,ppml_russia_inbound_structural_allocation_v3;friendliness_receptivity_ex_ante_v4;trudvsem_program_demand_v5;mgimo_program_profiles,calculated_uncertainty_aware_scenario_ensemble_v5,targeted_digital_campaign_with_local_partner_validation,297,297.0,296.0,296.0,299.0,296.0,299.0,3.0,363,29046,0.012497417888865936
country_program_priority_evidence_v5,ERI,Eritrea,Sub-Saharan Africa,management_public,management_public,Управление и государственная политика,english_with_optional_russian_preparatory_module,CLDR indicates a material functional English-language environment.,195.9947458691878,195.9947458691878,40.52980776177405,180.6637187645522,478.4797823562563,1.0,0.0083333333333333,53.0,2023,245.36928265380607,245.36928265380607,49.37453678461826,75.77310279482307,75.77310279482307,53.445446397693274,88.53096490236031,point_score multiplied by probability of positive structural gap,65.54245740648598,38.04245740648597,93.04245740648598,0.45,limited,False,7.4755105353529725,"{""diplomatic_analytic"": 0.0579097707616168, ""economic_legal"": 0.1000231072413991}",calculated_from_existing_mgimo_country_profile_scores,22.16559633027523,21.459607571000703,22.88853092188952,5,89,33.18542164867356,41.57281532371444,27.92531056168986,23.05934080688672,30.55536610518171,30.55536610518171,23.05934080688672,41.57281532371444,23.05934080688672,41.57281532371444,18.513474516827717,19.44395260976975,49.1945781549634,29.750625545193653,D_insufficient_or_unstable_evidence,"{""academic_fit"": 23.05934080688672, ""balanced"": 33.18542164867356, ""labor_market"": 27.92531056168986, ""recruitment"": 41.57281532371444}","{""academic_fit"": 19.44395260976975, ""balanced"": 26.658048076716817, ""labor_market"": 23.733711443016542, ""recruitment"": 30.782067411082565}","{""academic_fit"": 25.3555826583585, ""balanced"": 37.58593911853957, ""labor_market"": 30.7531989212746, ""recruitment"": 49.1945781549634}","{""academic_fit"": {""country_opportunity"": 0.25, ""friendliness"": 0.15, ""labor_demand"": 0.15, ""program_fit"": 0.45}, ""balanced"": {""country_opportunity"": 0.3, ""friendliness"": 0.2, ""labor_demand"": 0.3, ""program_fit"": 0.2}, ""labor_market"": {""country_opportunity"": 0.2, ""friendliness"": 0.15, ""labor_demand"": 0.45, ""program_fit"": 0.2}, ""recruitment"": {""country_opportunity"": 0.4, ""friendliness"": 0.3, ""labor_demand"": 0.1, ""program_fit"": 0.2}}",uncertainty_adjusted_management_priority_index_not_predicted_student_count,not_identified_ex_ante,,,,"incremental qualified applications, offers and enrolments attributable to the recruitment intervention",requires_prospective_campaign_evaluation,24,pre_registered_country_program_campaign_with_matched_comparison_or_stepped_wedge_rollout,qualified_leads;applications;offers;enrolments;yield;cost_per_enrolment,relative_record_level_program_demand_not_search_totals,ppml_russia_inbound_structural_allocation_v3;friendliness_receptivity_ex_ante_v4;trudvsem_program_demand_v5;mgimo_program_profiles,calculated_uncertainty_aware_scenario_ensemble_v5,digital_recruitment_scholarship_and_olympiad,298,294.0,274.0,298.0,294.0,274.0,298.0,24.0,89,29046,0.003064105212421676
country_program_priority_evidence_v5,TCD,Chad,Sub-Saharan Africa,management_public,management_public,Управление и государственная политика,english_plus_russian_preparatory_year,No broad Russian or English functional-language signal is available in CLDR.,249.2168964180784,249.2168964180784,-179.25725322112535,239.29088126939223,1145.3485649413915,0.8116666666666666,0.3416666666666667,411.0,2023,624.4313090311822,624.4313090311822,375.21441261310383,79.20308789517169,64.28650634158102,0.0,100.0,point_score multiplied by probability of positive structural gap,63.776472473292976,36.276472473292976,91.27647247329298,0.45,limited,False,4.629993047102682,"{""diplomatic_analytic"": 0.0397154157173035, ""economic_legal"": 0.0561767026016118}",calculated_from_existing_mgimo_country_profile_scores,22.16559633027523,21.459607571000703,22.88853092188952,5,89,28.971016314882025,35.61386483759508,24.810587358324625,18.346454008651182,26.890801836603323,26.890801836603323,18.346454008651182,35.61386483759508,18.346454008651182,35.61386483759508,17.2674108289439,5.653935589120122,47.29932977759559,41.645394188475464,D_insufficient_or_unstable_evidence,"{""academic_fit"": 18.346454008651182, ""balanced"": 28.971016314882025, ""labor_market"": 24.810587358324625, ""recruitment"": 35.61386483759508}","{""academic_fit"": 5.913338064658557, ""balanced"": 7.336481193109347, ""labor_market"": 9.763969019279632, ""recruitment"": 5.653935589120122}","{""academic_fit"": 21.676021344814743, ""balanced"": 35.772693346847795, ""labor_market"": 28.94632070541604, ""recruitment"": 47.29932977759559}","{""academic_fit"": {""country_opportunity"": 0.25, ""friendliness"": 0.15, ""labor_demand"": 0.15, ""program_fit"": 0.45}, ""balanced"": {""country_opportunity"": 0.3, ""friendliness"": 0.2, ""labor_demand"": 0.3, ""program_fit"": 0.2}, ""labor_market"": {""country_opportunity"": 0.2, ""friendliness"": 0.15, ""labor_demand"": 0.45, ""program_fit"": 0.2}, ""recruitment"": {""country_opportunity"": 0.4, ""friendliness"": 0.3, ""labor_demand"": 0.1, ""program_fit"": 0.2}}",uncertainty_adjusted_management_priority_index_not_predicted_student_count,not_identified_ex_ante,,,,"incremental qualified applications, offers and enrolments attributable to the recruitment intervention",requires_prospective_campaign_evaluation,24,pre_registered_country_program_campaign_with_matched_comparison_or_stepped_wedge_rollout,qualified_leads;applications;offers;enrolments;yield;cost_per_enrolment,relative_record_level_program_demand_not_search_totals,ppml_russia_inbound_structural_allocation_v3;friendliness_receptivity_ex_ante_v4;trudvsem_program_demand_v5;mgimo_program_profiles,calculated_uncertainty_aware_scenario_ensemble_v5,targeted_digital_campaign_with_local_partner_validation,299,299.0,298.0,299.0,298.0,298.0,299.0,1.0,89,29046,0.003064105212421676
country_program_priority_evidence_v5,CAF,Central African Republic,Sub-Saharan Africa,management_public,management_public,Управление и государственная политика,english_plus_russian_preparatory_year,No broad Russian or English functional-language signal is available in CLDR.,123.42054049774369,123.42054049774369,22.46126247028651,113.9987970091386,284.0596213959581,1.0,0.0,54.0,2023,164.05831834064435,164.05831834064435,40.63777784290066,69.18265901550751,69.18265901550751,45.25510066467768,81.07290157844957,point_score multiplied by probability of positive structural gap,64.13768093741794,36.63768093741794,91.63768093741795,0.45,limited,False,3.341215712234366,"{""diplomatic_analytic"": 0.0300678464478951, ""economic_legal"": 0.0384286231340165}",calculated_from_existing_mgimo_country_profile_scores,22.16559633027523,21.459607571000703,22.88853092188952,5,89,28.13774883961645,34.85995827764595,23.916701044917314,16.632692638747226,26.027224942266884,26.027224942266884,16.632692638747226,34.85995827764595,16.632692638747226,34.85995827764595,18.227265638898725,13.738755717829479,41.37481463813061,27.63605892030113,D_insufficient_or_unstable_evidence,"{""academic_fit"": 16.632692638747226, ""balanced"": 28.13774883961645, ""labor_market"": 23.916701044917314, ""recruitment"": 34.85995827764595}","{""academic_fit"": 13.738755717829479, ""balanced"": 22.044183066032428, ""labor_market"": 19.98514150645413, ""recruitment"": 24.951222264828594}","{""academic_fit"": 18.318936426016993, ""balanced"": 31.93560907626509, ""labor_market"": 26.37814537187072, ""recruitment"": 41.37481463813061}","{""academic_fit"": {""country_opportunity"": 0.25, ""friendliness"": 0.15, ""labor_demand"": 0.15, ""program_fit"": 0.45}, ""balanced"": {""country_opportunity"": 0.3, ""friendliness"": 0.2, ""labor_demand"": 0.3, ""program_fit"": 0.2}, ""labor_market"": {""country_opportunity"": 0.2, ""friendliness"": 0.15, ""labor_demand"": 0.45, ""program_fit"": 0.2}, ""recruitment"": {""country_opportunity"": 0.4, ""friendliness"": 0.3, ""labor_demand"": 0.1, ""program_fit"": 0.2}}",uncertainty_adjusted_management_priority_index_not_predicted_student_count,not_identified_ex_ante,,,,"incremental qualified applications, offers and enrolments attributable to the recruitment intervention",requires_prospective_campaign_evaluation,24,pre_registered_country_program_campaign_with_matched_comparison_or_stepped_wedge_rollout,qualified_leads;applications;offers;enrolments;yield;cost_per_enrolment,relative_record_level_program_demand_not_search_totals,ppml_russia_inbound_structural_allocation_v3;friendliness_receptivity_ex_ante_v4;trudvsem_program_demand_v5;mgimo_program_profiles,calculated_uncertainty_aware_scenario_ensemble_v5,targeted_digital_campaign_with_local_partner_validation,300,300.0,299.0,300.0,300.0,299.0,300.0,1.0,89,29046,0.003064105212421676
