model_id,iso3,country,year,component,raw_value,normalized_value,component_weight,effective_weight,source_key,source_title,source_url_or_file,source_period,unit,observation_status,normalization_method,included_in_ex_ante_index,retrieved_at,sha256_or_etag,transform_script,notes
friendliness_receptivity_ex_ante_v4,ABW,Aruba,2025,F_POLICY_ACCESS,"{""listed_in_430r"": false}",1.0,0.2,1.0,russia_unfriendly_countries_430r,Government of Russia disposition No. 430-r country list,data/reference/unfriendly_countries_russia_430r.csv,2025,0-1,official_reference,"1 if not listed; 0 if listed; administrative access indicator, not public opinion",True,not_available_local_reference_file,97846f295cbea6b00f7507ab14e330b3ba442cd7c639205e7b7b1b21e82655fc,mgimo_platform2.models.friendliness_v2::build_friendliness_index_v3,This component measures the current formal policy constraint only.
friendliness_receptivity_ex_ante_v4,AFG,Afghanistan,2025,F_DIPLOMATIC_ALIGNMENT,"{""effective_votes"": 137.04718956580345, ""joint_votes"": 185, ""standard_error"": 0.0382557782816373}",0.5392372964349316,0.25,0.5555555555555556,un_digital_library_voting_2026_02_06,UN Digital Library General Assembly Voting Data,data/mgimo_validation_project/data/raw/un_voting/ga_voting_2026_02_06.csv.gz,2021-2025,0-1,calculated_from_official_roll_calls,"weighted agreement: exact=1, abstention mismatch=0.5, yes/no opposition=0; recency half-life 3y; entropy weighting",True,not_available_local_reference_file,6b75da32561f8a54b49d3153b59ddad72cb5333d307735b07853b697cecf6cbb,mgimo_platform2.models.friendliness_v2::build_friendliness_index_v3,
friendliness_receptivity_ex_ante_v4,AFG,Afghanistan,2025,F_POLICY_ACCESS,"{""listed_in_430r"": false}",1.0,0.2,0.4444444444444445,russia_unfriendly_countries_430r,Government of Russia disposition No. 430-r country list,data/reference/unfriendly_countries_russia_430r.csv,2025,0-1,official_reference,"1 if not listed; 0 if listed; administrative access indicator, not public opinion",True,not_available_local_reference_file,97846f295cbea6b00f7507ab14e330b3ba442cd7c639205e7b7b1b21e82655fc,mgimo_platform2.models.friendliness_v2::build_friendliness_index_v3,This component measures the current formal policy constraint only.
friendliness_receptivity_ex_ante_v4,AGO,Angola,2025,F_DIPLOMATIC_ALIGNMENT,"{""effective_votes"": 356.8588648080328, ""joint_votes"": 538, ""standard_error"": 0.0214161311977399}",0.6530868345603577,0.25,0.5555555555555556,un_digital_library_voting_2026_02_06,UN Digital Library General Assembly Voting Data,data/mgimo_validation_project/data/raw/un_voting/ga_voting_2026_02_06.csv.gz,2021-2025,0-1,calculated_from_official_roll_calls,"weighted agreement: exact=1, abstention mismatch=0.5, yes/no opposition=0; recency half-life 3y; entropy weighting",True,not_available_local_reference_file,be6ba1ead56b5e3d95786a878cb93d8c28aa694c399cf9a530a27c27a2891bff,mgimo_platform2.models.friendliness_v2::build_friendliness_index_v3,
friendliness_receptivity_ex_ante_v4,AGO,Angola,2025,F_POLICY_ACCESS,"{""listed_in_430r"": false}",1.0,0.2,0.4444444444444445,russia_unfriendly_countries_430r,Government of Russia disposition No. 430-r country list,data/reference/unfriendly_countries_russia_430r.csv,2025,0-1,official_reference,"1 if not listed; 0 if listed; administrative access indicator, not public opinion",True,not_available_local_reference_file,97846f295cbea6b00f7507ab14e330b3ba442cd7c639205e7b7b1b21e82655fc,mgimo_platform2.models.friendliness_v2::build_friendliness_index_v3,This component measures the current formal policy constraint only.
friendliness_receptivity_ex_ante_v4,ALB,Albania,2025,F_DIPLOMATIC_ALIGNMENT,"{""effective_votes"": 364.21404253282174, ""joint_votes"": 547, ""standard_error"": 0.0209879771667911}",0.4590625497124746,0.25,0.5555555555555556,un_digital_library_voting_2026_02_06,UN Digital Library General Assembly Voting Data,data/mgimo_validation_project/data/raw/un_voting/ga_voting_2026_02_06.csv.gz,2021-2025,0-1,calculated_from_official_roll_calls,"weighted agreement: exact=1, abstention mismatch=0.5, yes/no opposition=0; recency half-life 3y; entropy weighting",True,not_available_local_reference_file,93bef3d8a47a17478776bc343d4690401fd8e4737cc96bb1020c4c4b3c79939a,mgimo_platform2.models.friendliness_v2::build_friendliness_index_v3,
friendliness_receptivity_ex_ante_v4,ALB,Albania,2025,F_POLICY_ACCESS,"{""listed_in_430r"": true}",0.0,0.2,0.4444444444444445,russia_unfriendly_countries_430r,Government of Russia disposition No. 430-r country list,data/reference/unfriendly_countries_russia_430r.csv,2025,0-1,official_reference,"1 if not listed; 0 if listed; administrative access indicator, not public opinion",True,not_available_local_reference_file,bf78f7993906733e10e43504059a4f643e7c03f8c7622d8c32d46f33a81367d9,mgimo_platform2.models.friendliness_v2::build_friendliness_index_v3,This component measures the current formal policy constraint only.
friendliness_receptivity_ex_ante_v4,AND,Andorra,2025,F_DIPLOMATIC_ALIGNMENT,"{""effective_votes"": 362.7168573063613, ""joint_votes"": 546, ""standard_error"": 0.0215823188498092}",0.3993380546466195,0.25,0.5555555555555556,un_digital_library_voting_2026_02_06,UN Digital Library General Assembly Voting Data,data/mgimo_validation_project/data/raw/un_voting/ga_voting_2026_02_06.csv.gz,2021-2025,0-1,calculated_from_official_roll_calls,"weighted agreement: exact=1, abstention mismatch=0.5, yes/no opposition=0; recency half-life 3y; entropy weighting",True,not_available_local_reference_file,0b33cb300dd0c760082ec594ad35bd2ecdce3339af4597c9fe6f4e1c4a5cc19a,mgimo_platform2.models.friendliness_v2::build_friendliness_index_v3,
friendliness_receptivity_ex_ante_v4,AND,Andorra,2025,F_POLICY_ACCESS,"{""listed_in_430r"": true}",0.0,0.2,0.4444444444444445,russia_unfriendly_countries_430r,Government of Russia disposition No. 430-r country list,data/reference/unfriendly_countries_russia_430r.csv,2025,0-1,official_reference,"1 if not listed; 0 if listed; administrative access indicator, not public opinion",True,not_available_local_reference_file,bf78f7993906733e10e43504059a4f643e7c03f8c7622d8c32d46f33a81367d9,mgimo_platform2.models.friendliness_v2::build_friendliness_index_v3,This component measures the current formal policy constraint only.
friendliness_receptivity_ex_ante_v4,ARE,United Arab Emirates,2025,F_DIPLOMATIC_ALIGNMENT,"{""effective_votes"": 364.0667479408306, ""joint_votes"": 548, ""standard_error"": 0.0210656106165593}",0.6456232593134108,0.25,0.5555555555555556,un_digital_library_voting_2026_02_06,UN Digital Library General Assembly Voting Data,data/mgimo_validation_project/data/raw/un_voting/ga_voting_2026_02_06.csv.gz,2021-2025,0-1,calculated_from_official_roll_calls,"weighted agreement: exact=1, abstention mismatch=0.5, yes/no opposition=0; recency half-life 3y; entropy weighting",True,not_available_local_reference_file,e6b9ba0dee2a2a7328daf3dd97c722f6c2e7734f81cc108297c298645165be5c,mgimo_platform2.models.friendliness_v2::build_friendliness_index_v3,
friendliness_receptivity_ex_ante_v4,ARE,United Arab Emirates,2025,F_POLICY_ACCESS,"{""listed_in_430r"": false}",1.0,0.2,0.4444444444444445,russia_unfriendly_countries_430r,Government of Russia disposition No. 430-r country list,data/reference/unfriendly_countries_russia_430r.csv,2025,0-1,official_reference,"1 if not listed; 0 if listed; administrative access indicator, not public opinion",True,not_available_local_reference_file,97846f295cbea6b00f7507ab14e330b3ba442cd7c639205e7b7b1b21e82655fc,mgimo_platform2.models.friendliness_v2::build_friendliness_index_v3,This component measures the current formal policy constraint only.
friendliness_receptivity_ex_ante_v4,ARG,Argentina,2025,F_DIPLOMATIC_ALIGNMENT,"{""effective_votes"": 349.0541019256821, ""joint_votes"": 513, ""standard_error"": 0.0237421342464896}",0.4532585942323048,0.25,0.3846153846153846,un_digital_library_voting_2026_02_06,UN Digital Library General Assembly Voting Data,data/mgimo_validation_project/data/raw/un_voting/ga_voting_2026_02_06.csv.gz,2021-2025,0-1,calculated_from_official_roll_calls,"weighted agreement: exact=1, abstention mismatch=0.5, yes/no opposition=0; recency half-life 3y; entropy weighting",True,not_available_local_reference_file,ef51faed06ff0209de31656886e1692a129dd6cbbbb8e9c6f16600f332d9fce1,mgimo_platform2.models.friendliness_v2::build_friendliness_index_v3,
friendliness_receptivity_ex_ante_v4,ARG,Argentina,2025,F_POLICY_ACCESS,"{""listed_in_430r"": false}",1.0,0.2,0.3076923076923077,russia_unfriendly_countries_430r,Government of Russia disposition No. 430-r country list,data/reference/unfriendly_countries_russia_430r.csv,2025,0-1,official_reference,"1 if not listed; 0 if listed; administrative access indicator, not public opinion",True,not_available_local_reference_file,97846f295cbea6b00f7507ab14e330b3ba442cd7c639205e7b7b1b21e82655fc,mgimo_platform2.models.friendliness_v2::build_friendliness_index_v3,This component measures the current formal policy constraint only.
friendliness_receptivity_ex_ante_v4,ARG,Argentina,2025,F_SURVEY_RUSSIA_ATTITUDE,"{""dk_refused"": 25, ""favorable_percent"": 17.0, ""question"": ""Q3f. Overall opinion of Russia"", ""somewhat_favorable"": 9, ""somewhat_unfavorable"": 22, ""unfavorable_percent"": 57.0, ""very_favorable"": 8, ""very_unfavorable"": 35}",0.17,0.2,0.3076923076923077,pew_global_attitudes_russia_2023_q3f,Pew Research Center Spring 2023 Global Attitudes Survey topline,https://www.pewresearch.org/global/wp-content/uploads/sites/2/2023/07/PG_2023.07.10_Russia-NATO_Topline.pdf,2023,0-1,published_national_sample_survey,published favorable opinion of Russia / 100; no interpolation to countries not surveyed,True,not_available_local_reference_file,d6e95c72166a82e23c7ed5750d307c027af476f9fc6cc7edade9ec1bdd03c473,mgimo_platform2.models.friendliness_v2::build_friendliness_index_v3,Pew Q3f national-sample response; survey absence remains missing evidence.
friendliness_receptivity_ex_ante_v4,ARM,Armenia,2025,F_DIPLOMATIC_ALIGNMENT,"{""effective_votes"": 340.1827800405496, ""joint_votes"": 519, ""standard_error"": 0.0192269184769047}",0.7055166304272955,0.25,0.5555555555555556,un_digital_library_voting_2026_02_06,UN Digital Library General Assembly Voting Data,data/mgimo_validation_project/data/raw/un_voting/ga_voting_2026_02_06.csv.gz,2021-2025,0-1,calculated_from_official_roll_calls,"weighted agreement: exact=1, abstention mismatch=0.5, yes/no opposition=0; recency half-life 3y; entropy weighting",True,not_available_local_reference_file,6b7c8a87bf3b5e30b036fba24502ac191642fac78e5a24df47a20d8aec0a6df9,mgimo_platform2.models.friendliness_v2::build_friendliness_index_v3,
friendliness_receptivity_ex_ante_v4,ARM,Armenia,2025,F_POLICY_ACCESS,"{""listed_in_430r"": false}",1.0,0.2,0.4444444444444445,russia_unfriendly_countries_430r,Government of Russia disposition No. 430-r country list,data/reference/unfriendly_countries_russia_430r.csv,2025,0-1,official_reference,"1 if not listed; 0 if listed; administrative access indicator, not public opinion",True,not_available_local_reference_file,97846f295cbea6b00f7507ab14e330b3ba442cd7c639205e7b7b1b21e82655fc,mgimo_platform2.models.friendliness_v2::build_friendliness_index_v3,This component measures the current formal policy constraint only.
friendliness_receptivity_ex_ante_v4,ASM,American Samoa,2025,F_POLICY_ACCESS,"{""listed_in_430r"": false}",1.0,0.2,1.0,russia_unfriendly_countries_430r,Government of Russia disposition No. 430-r country list,data/reference/unfriendly_countries_russia_430r.csv,2025,0-1,official_reference,"1 if not listed; 0 if listed; administrative access indicator, not public opinion",True,not_available_local_reference_file,97846f295cbea6b00f7507ab14e330b3ba442cd7c639205e7b7b1b21e82655fc,mgimo_platform2.models.friendliness_v2::build_friendliness_index_v3,This component measures the current formal policy constraint only.
friendliness_receptivity_ex_ante_v4,ATG,Antigua and Barbuda,2025,F_DIPLOMATIC_ALIGNMENT,"{""effective_votes"": 317.07755824798284, ""joint_votes"": 479, ""standard_error"": 0.0249805406593374}",0.61072888024228,0.25,0.5555555555555556,un_digital_library_voting_2026_02_06,UN Digital Library General Assembly Voting Data,data/mgimo_validation_project/data/raw/un_voting/ga_voting_2026_02_06.csv.gz,2021-2025,0-1,calculated_from_official_roll_calls,"weighted agreement: exact=1, abstention mismatch=0.5, yes/no opposition=0; recency half-life 3y; entropy weighting",True,not_available_local_reference_file,067793cc80bab4552423c48b96e25db9d011cebe6aa86762707af783136f0ad1,mgimo_platform2.models.friendliness_v2::build_friendliness_index_v3,
friendliness_receptivity_ex_ante_v4,ATG,Antigua and Barbuda,2025,F_POLICY_ACCESS,"{""listed_in_430r"": false}",1.0,0.2,0.4444444444444445,russia_unfriendly_countries_430r,Government of Russia disposition No. 430-r country list,data/reference/unfriendly_countries_russia_430r.csv,2025,0-1,official_reference,"1 if not listed; 0 if listed; administrative access indicator, not public opinion",True,not_available_local_reference_file,97846f295cbea6b00f7507ab14e330b3ba442cd7c639205e7b7b1b21e82655fc,mgimo_platform2.models.friendliness_v2::build_friendliness_index_v3,This component measures the current formal policy constraint only.
friendliness_receptivity_ex_ante_v4,AUS,Australia,2025,F_DIPLOMATIC_ALIGNMENT,"{""effective_votes"": 365.4032529629821, ""joint_votes"": 550, ""standard_error"": 0.0220391427413074}",0.4388486464978405,0.25,0.3846153846153846,un_digital_library_voting_2026_02_06,UN Digital Library General Assembly Voting Data,data/mgimo_validation_project/data/raw/un_voting/ga_voting_2026_02_06.csv.gz,2021-2025,0-1,calculated_from_official_roll_calls,"weighted agreement: exact=1, abstention mismatch=0.5, yes/no opposition=0; recency half-life 3y; entropy weighting",True,not_available_local_reference_file,115851185890a58b1752c3341620ba97f28e2f890445f84d92f4b3f1b82b4767,mgimo_platform2.models.friendliness_v2::build_friendliness_index_v3,
friendliness_receptivity_ex_ante_v4,AUS,Australia,2025,F_POLICY_ACCESS,"{""listed_in_430r"": true}",0.0,0.2,0.3076923076923077,russia_unfriendly_countries_430r,Government of Russia disposition No. 430-r country list,data/reference/unfriendly_countries_russia_430r.csv,2025,0-1,official_reference,"1 if not listed; 0 if listed; administrative access indicator, not public opinion",True,not_available_local_reference_file,bf78f7993906733e10e43504059a4f643e7c03f8c7622d8c32d46f33a81367d9,mgimo_platform2.models.friendliness_v2::build_friendliness_index_v3,This component measures the current formal policy constraint only.
friendliness_receptivity_ex_ante_v4,AUS,Australia,2025,F_SURVEY_RUSSIA_ATTITUDE,"{""dk_refused"": 1, ""favorable_percent"": 8.0, ""question"": ""Q3f. Overall opinion of Russia"", ""somewhat_favorable"": 7, ""somewhat_unfavorable"": 22, ""unfavorable_percent"": 92.0, ""very_favorable"": 1, ""very_unfavorable"": 70}",0.08,0.2,0.3076923076923077,pew_global_attitudes_russia_2023_q3f,Pew Research Center Spring 2023 Global Attitudes Survey topline,https://www.pewresearch.org/global/wp-content/uploads/sites/2/2023/07/PG_2023.07.10_Russia-NATO_Topline.pdf,2023,0-1,published_national_sample_survey,published favorable opinion of Russia / 100; no interpolation to countries not surveyed,True,not_available_local_reference_file,0382c9fcd138556c0ac9e06039fe04db2cf43822bb6a4461ac98269f434e2d42,mgimo_platform2.models.friendliness_v2::build_friendliness_index_v3,Pew Q3f national-sample response; survey absence remains missing evidence.
friendliness_receptivity_ex_ante_v4,AUT,Austria,2025,F_DIPLOMATIC_ALIGNMENT,"{""effective_votes"": 365.4032529629821, ""joint_votes"": 550, ""standard_error"": 0.020836090911171}",0.3694647591152194,0.25,0.5555555555555556,un_digital_library_voting_2026_02_06,UN Digital Library General Assembly Voting Data,data/mgimo_validation_project/data/raw/un_voting/ga_voting_2026_02_06.csv.gz,2021-2025,0-1,calculated_from_official_roll_calls,"weighted agreement: exact=1, abstention mismatch=0.5, yes/no opposition=0; recency half-life 3y; entropy weighting",True,not_available_local_reference_file,b9c11b7bc3bffa8e010290010f28a186825ce439866cedf1fa0f70a7eaf70419,mgimo_platform2.models.friendliness_v2::build_friendliness_index_v3,
friendliness_receptivity_ex_ante_v4,AUT,Austria,2025,F_POLICY_ACCESS,"{""listed_in_430r"": true}",0.0,0.2,0.4444444444444445,russia_unfriendly_countries_430r,Government of Russia disposition No. 430-r country list,data/reference/unfriendly_countries_russia_430r.csv,2025,0-1,official_reference,"1 if not listed; 0 if listed; administrative access indicator, not public opinion",True,not_available_local_reference_file,bf78f7993906733e10e43504059a4f643e7c03f8c7622d8c32d46f33a81367d9,mgimo_platform2.models.friendliness_v2::build_friendliness_index_v3,This component measures the current formal policy constraint only.
friendliness_receptivity_ex_ante_v4,AZE,Azerbaijan,2025,F_DIPLOMATIC_ALIGNMENT,"{""effective_votes"": 284.2778709097629, ""joint_votes"": 438, ""standard_error"": 0.0236140882916814}",0.7395925330636806,0.25,0.5555555555555556,un_digital_library_voting_2026_02_06,UN Digital Library General Assembly Voting Data,data/mgimo_validation_project/data/raw/un_voting/ga_voting_2026_02_06.csv.gz,2021-2025,0-1,calculated_from_official_roll_calls,"weighted agreement: exact=1, abstention mismatch=0.5, yes/no opposition=0; recency half-life 3y; entropy weighting",True,not_available_local_reference_file,ae75e9d56e18490e095456367fef92bb4c3eb53091e60d9781268b40090fb56f,mgimo_platform2.models.friendliness_v2::build_friendliness_index_v3,
friendliness_receptivity_ex_ante_v4,AZE,Azerbaijan,2025,F_POLICY_ACCESS,"{""listed_in_430r"": false}",1.0,0.2,0.4444444444444445,russia_unfriendly_countries_430r,Government of Russia disposition No. 430-r country list,data/reference/unfriendly_countries_russia_430r.csv,2025,0-1,official_reference,"1 if not listed; 0 if listed; administrative access indicator, not public opinion",True,not_available_local_reference_file,97846f295cbea6b00f7507ab14e330b3ba442cd7c639205e7b7b1b21e82655fc,mgimo_platform2.models.friendliness_v2::build_friendliness_index_v3,This component measures the current formal policy constraint only.
friendliness_receptivity_ex_ante_v4,BDI,Burundi,2025,F_DIPLOMATIC_ALIGNMENT,"{""effective_votes"": 314.9320362823803, ""joint_votes"": 466, ""standard_error"": 0.0221100019527121}",0.7192439613141437,0.25,0.5555555555555556,un_digital_library_voting_2026_02_06,UN Digital Library General Assembly Voting Data,data/mgimo_validation_project/data/raw/un_voting/ga_voting_2026_02_06.csv.gz,2021-2025,0-1,calculated_from_official_roll_calls,"weighted agreement: exact=1, abstention mismatch=0.5, yes/no opposition=0; recency half-life 3y; entropy weighting",True,not_available_local_reference_file,96afcc24161239a256e8946432565eb16ba13d3a28466c31e38c365bd496ee74,mgimo_platform2.models.friendliness_v2::build_friendliness_index_v3,
friendliness_receptivity_ex_ante_v4,BDI,Burundi,2025,F_POLICY_ACCESS,"{""listed_in_430r"": false}",1.0,0.2,0.4444444444444445,russia_unfriendly_countries_430r,Government of Russia disposition No. 430-r country list,data/reference/unfriendly_countries_russia_430r.csv,2025,0-1,official_reference,"1 if not listed; 0 if listed; administrative access indicator, not public opinion",True,not_available_local_reference_file,97846f295cbea6b00f7507ab14e330b3ba442cd7c639205e7b7b1b21e82655fc,mgimo_platform2.models.friendliness_v2::build_friendliness_index_v3,This component measures the current formal policy constraint only.
friendliness_receptivity_ex_ante_v4,BEL,Belgium,2025,F_DIPLOMATIC_ALIGNMENT,"{""effective_votes"": 365.4032529629821, ""joint_votes"": 550, ""standard_error"": 0.0224263173090571}",0.4847209806011763,0.25,0.5555555555555556,un_digital_library_voting_2026_02_06,UN Digital Library General Assembly Voting Data,data/mgimo_validation_project/data/raw/un_voting/ga_voting_2026_02_06.csv.gz,2021-2025,0-1,calculated_from_official_roll_calls,"weighted agreement: exact=1, abstention mismatch=0.5, yes/no opposition=0; recency half-life 3y; entropy weighting",True,not_available_local_reference_file,e3a937c1e64928f591c3c6e733a16f91b04df959a85f6c7638dd624f60cbd77b,mgimo_platform2.models.friendliness_v2::build_friendliness_index_v3,
friendliness_receptivity_ex_ante_v4,BEL,Belgium,2025,F_POLICY_ACCESS,"{""listed_in_430r"": true}",0.0,0.2,0.4444444444444445,russia_unfriendly_countries_430r,Government of Russia disposition No. 430-r country list,data/reference/unfriendly_countries_russia_430r.csv,2025,0-1,official_reference,"1 if not listed; 0 if listed; administrative access indicator, not public opinion",True,not_available_local_reference_file,bf78f7993906733e10e43504059a4f643e7c03f8c7622d8c32d46f33a81367d9,mgimo_platform2.models.friendliness_v2::build_friendliness_index_v3,This component measures the current formal policy constraint only.
friendliness_receptivity_ex_ante_v4,BEN,Benin,2025,F_DIPLOMATIC_ALIGNMENT,"{""effective_votes"": 197.4319453850744, ""joint_votes"": 287, ""standard_error"": 0.0308397775284092}",0.5971954774113376,0.25,0.5555555555555556,un_digital_library_voting_2026_02_06,UN Digital Library General Assembly Voting Data,data/mgimo_validation_project/data/raw/un_voting/ga_voting_2026_02_06.csv.gz,2021-2025,0-1,calculated_from_official_roll_calls,"weighted agreement: exact=1, abstention mismatch=0.5, yes/no opposition=0; recency half-life 3y; entropy weighting",True,not_available_local_reference_file,806c3407902661d58fd2992ba55ca619a7ee838717fc06163fa9e532f502e20d,mgimo_platform2.models.friendliness_v2::build_friendliness_index_v3,
friendliness_receptivity_ex_ante_v4,BEN,Benin,2025,F_POLICY_ACCESS,"{""listed_in_430r"": false}",1.0,0.2,0.4444444444444445,russia_unfriendly_countries_430r,Government of Russia disposition No. 430-r country list,data/reference/unfriendly_countries_russia_430r.csv,2025,0-1,official_reference,"1 if not listed; 0 if listed; administrative access indicator, not public opinion",True,not_available_local_reference_file,97846f295cbea6b00f7507ab14e330b3ba442cd7c639205e7b7b1b21e82655fc,mgimo_platform2.models.friendliness_v2::build_friendliness_index_v3,This component measures the current formal policy constraint only.
friendliness_receptivity_ex_ante_v4,BFA,Burkina Faso,2025,F_DIPLOMATIC_ALIGNMENT,"{""effective_votes"": 294.24764147257787, ""joint_votes"": 453, ""standard_error"": 0.0246106478805887}",0.6990713916189708,0.25,0.5555555555555556,un_digital_library_voting_2026_02_06,UN Digital Library General Assembly Voting Data,data/mgimo_validation_project/data/raw/un_voting/ga_voting_2026_02_06.csv.gz,2021-2025,0-1,calculated_from_official_roll_calls,"weighted agreement: exact=1, abstention mismatch=0.5, yes/no opposition=0; recency half-life 3y; entropy weighting",True,not_available_local_reference_file,a29f5811c5f18cfc69a97218fbe542893c01cee1efd78253f68ee0ff5120d3d8,mgimo_platform2.models.friendliness_v2::build_friendliness_index_v3,
friendliness_receptivity_ex_ante_v4,BFA,Burkina Faso,2025,F_POLICY_ACCESS,"{""listed_in_430r"": false}",1.0,0.2,0.4444444444444445,russia_unfriendly_countries_430r,Government of Russia disposition No. 430-r country list,data/reference/unfriendly_countries_russia_430r.csv,2025,0-1,official_reference,"1 if not listed; 0 if listed; administrative access indicator, not public opinion",True,not_available_local_reference_file,97846f295cbea6b00f7507ab14e330b3ba442cd7c639205e7b7b1b21e82655fc,mgimo_platform2.models.friendliness_v2::build_friendliness_index_v3,This component measures the current formal policy constraint only.
friendliness_receptivity_ex_ante_v4,BGD,Bangladesh,2025,F_DIPLOMATIC_ALIGNMENT,"{""effective_votes"": 362.5353831426537, ""joint_votes"": 544, ""standard_error"": 0.0216313322013479}",0.6432350196290463,0.25,0.5555555555555556,un_digital_library_voting_2026_02_06,UN Digital Library General Assembly Voting Data,data/mgimo_validation_project/data/raw/un_voting/ga_voting_2026_02_06.csv.gz,2021-2025,0-1,calculated_from_official_roll_calls,"weighted agreement: exact=1, abstention mismatch=0.5, yes/no opposition=0; recency half-life 3y; entropy weighting",True,not_available_local_reference_file,fcdb5921f6e8be3083142dbc49a8fc591288ad913639fdfc4d7f6e6274b24e52,mgimo_platform2.models.friendliness_v2::build_friendliness_index_v3,
friendliness_receptivity_ex_ante_v4,BGD,Bangladesh,2025,F_POLICY_ACCESS,"{""listed_in_430r"": false}",1.0,0.2,0.4444444444444445,russia_unfriendly_countries_430r,Government of Russia disposition No. 430-r country list,data/reference/unfriendly_countries_russia_430r.csv,2025,0-1,official_reference,"1 if not listed; 0 if listed; administrative access indicator, not public opinion",True,not_available_local_reference_file,97846f295cbea6b00f7507ab14e330b3ba442cd7c639205e7b7b1b21e82655fc,mgimo_platform2.models.friendliness_v2::build_friendliness_index_v3,This component measures the current formal policy constraint only.
friendliness_receptivity_ex_ante_v4,BGR,Bulgaria,2025,F_DIPLOMATIC_ALIGNMENT,"{""effective_votes"": 364.4303664691395, ""joint_votes"": 549, ""standard_error"": 0.0215520300193878}",0.4599471540367738,0.25,0.4166666666666667,un_digital_library_voting_2026_02_06,UN Digital Library General Assembly Voting Data,data/mgimo_validation_project/data/raw/un_voting/ga_voting_2026_02_06.csv.gz,2021-2025,0-1,calculated_from_official_roll_calls,"weighted agreement: exact=1, abstention mismatch=0.5, yes/no opposition=0; recency half-life 3y; entropy weighting",True,not_available_local_reference_file,86dcc446b60b2ea49721e9d7a9364beeefafcbb6aa5542833a23736c8a5ea504,mgimo_platform2.models.friendliness_v2::build_friendliness_index_v3,
friendliness_receptivity_ex_ante_v4,BGR,Bulgaria,2025,F_POLICY_ACCESS,"{""listed_in_430r"": true}",0.0,0.2,0.3333333333333333,russia_unfriendly_countries_430r,Government of Russia disposition No. 430-r country list,data/reference/unfriendly_countries_russia_430r.csv,2025,0-1,official_reference,"1 if not listed; 0 if listed; administrative access indicator, not public opinion",True,not_available_local_reference_file,bf78f7993906733e10e43504059a4f643e7c03f8c7622d8c32d46f33a81367d9,mgimo_platform2.models.friendliness_v2::build_friendliness_index_v3,This component measures the current formal policy constraint only.
friendliness_receptivity_ex_ante_v4,BGR,Bulgaria,2025,F_RUSSIAN_LANGUAGE_ENVIRONMENT,"{""official_status"": ""not_official"", ""population_percent"": 23.0}",0.359687364248454,0.15,0.25,unicode_cldr_territory_languages,Unicode CLDR Supplemental Territory Information,https://unicode.org/reports/tr35/tr35-info.html#Territory_Information,CLDR/Babel 2.18.0,0-1,reference_estimate,0.75*sqrt(functional_population_share)+0.25*official_status_score,True,package_version:Babel 2.18.0,c35e94d035249798d93bd8eed34ad4d87dfd4c98ad040d4127e57611aa0a4624,mgimo_platform2.models.friendliness_v2::build_russian_language_environment,"Missing CLDR language rows remain missing, not zero."
friendliness_receptivity_ex_ante_v4,BHR,Bahrain,2025,F_DIPLOMATIC_ALIGNMENT,"{""effective_votes"": 364.4079940254591, ""joint_votes"": 549, ""standard_error"": 0.0214055516464686}",0.6516287755341296,0.25,0.5555555555555556,un_digital_library_voting_2026_02_06,UN Digital Library General Assembly Voting Data,data/mgimo_validation_project/data/raw/un_voting/ga_voting_2026_02_06.csv.gz,2021-2025,0-1,calculated_from_official_roll_calls,"weighted agreement: exact=1, abstention mismatch=0.5, yes/no opposition=0; recency half-life 3y; entropy weighting",True,not_available_local_reference_file,5b7bbfa75fa58a79a2b94cd2b8158f094c492a2fc94fbf8a520adfd272c5c3c7,mgimo_platform2.models.friendliness_v2::build_friendliness_index_v3,
friendliness_receptivity_ex_ante_v4,BHR,Bahrain,2025,F_POLICY_ACCESS,"{""listed_in_430r"": false}",1.0,0.2,0.4444444444444445,russia_unfriendly_countries_430r,Government of Russia disposition No. 430-r country list,data/reference/unfriendly_countries_russia_430r.csv,2025,0-1,official_reference,"1 if not listed; 0 if listed; administrative access indicator, not public opinion",True,not_available_local_reference_file,97846f295cbea6b00f7507ab14e330b3ba442cd7c639205e7b7b1b21e82655fc,mgimo_platform2.models.friendliness_v2::build_friendliness_index_v3,This component measures the current formal policy constraint only.
friendliness_receptivity_ex_ante_v4,BHS,"Bahamas, The",2025,F_DIPLOMATIC_ALIGNMENT,"{""effective_votes"": 327.59629056554127, ""joint_votes"": 497, ""standard_error"": 0.024887385748987}",0.5833420774355585,0.25,0.5555555555555556,un_digital_library_voting_2026_02_06,UN Digital Library General Assembly Voting Data,data/mgimo_validation_project/data/raw/un_voting/ga_voting_2026_02_06.csv.gz,2021-2025,0-1,calculated_from_official_roll_calls,"weighted agreement: exact=1, abstention mismatch=0.5, yes/no opposition=0; recency half-life 3y; entropy weighting",True,not_available_local_reference_file,5ac135ef4719bbb8722e056d2a89d700a15499545f6181759522680853982ec0,mgimo_platform2.models.friendliness_v2::build_friendliness_index_v3,
friendliness_receptivity_ex_ante_v4,BHS,"Bahamas, The",2025,F_POLICY_ACCESS,"{""listed_in_430r"": true}",0.0,0.2,0.4444444444444445,russia_unfriendly_countries_430r,Government of Russia disposition No. 430-r country list,data/reference/unfriendly_countries_russia_430r.csv,2025,0-1,official_reference,"1 if not listed; 0 if listed; administrative access indicator, not public opinion",True,not_available_local_reference_file,bf78f7993906733e10e43504059a4f643e7c03f8c7622d8c32d46f33a81367d9,mgimo_platform2.models.friendliness_v2::build_friendliness_index_v3,This component measures the current formal policy constraint only.
friendliness_receptivity_ex_ante_v4,BIH,Bosnia and Herzegovina,2025,F_DIPLOMATIC_ALIGNMENT,"{""effective_votes"": 361.39242341635753, ""joint_votes"": 545, ""standard_error"": 0.0213995318490505}",0.4851687909302478,0.25,0.5555555555555556,un_digital_library_voting_2026_02_06,UN Digital Library General Assembly Voting Data,data/mgimo_validation_project/data/raw/un_voting/ga_voting_2026_02_06.csv.gz,2021-2025,0-1,calculated_from_official_roll_calls,"weighted agreement: exact=1, abstention mismatch=0.5, yes/no opposition=0; recency half-life 3y; entropy weighting",True,not_available_local_reference_file,fd673e1822d60dd359dbe438d560c561d98f28c4b4a9b388fbced81cea067308,mgimo_platform2.models.friendliness_v2::build_friendliness_index_v3,
friendliness_receptivity_ex_ante_v4,BIH,Bosnia and Herzegovina,2025,F_POLICY_ACCESS,"{""listed_in_430r"": false}",1.0,0.2,0.4444444444444445,russia_unfriendly_countries_430r,Government of Russia disposition No. 430-r country list,data/reference/unfriendly_countries_russia_430r.csv,2025,0-1,official_reference,"1 if not listed; 0 if listed; administrative access indicator, not public opinion",True,not_available_local_reference_file,97846f295cbea6b00f7507ab14e330b3ba442cd7c639205e7b7b1b21e82655fc,mgimo_platform2.models.friendliness_v2::build_friendliness_index_v3,This component measures the current formal policy constraint only.
friendliness_receptivity_ex_ante_v4,BLR,Belarus,2025,F_DIPLOMATIC_ALIGNMENT,"{""effective_votes"": 363.4316557447564, ""joint_votes"": 545, ""standard_error"": 0.0165077063559838}",0.8385502826676708,0.25,0.4166666666666667,un_digital_library_voting_2026_02_06,UN Digital Library General Assembly Voting Data,data/mgimo_validation_project/data/raw/un_voting/ga_voting_2026_02_06.csv.gz,2021-2025,0-1,calculated_from_official_roll_calls,"weighted agreement: exact=1, abstention mismatch=0.5, yes/no opposition=0; recency half-life 3y; entropy weighting",True,not_available_local_reference_file,2f92e7862c930080825fec2b450e081cde8b2732e2cb49d48259873b767c586a,mgimo_platform2.models.friendliness_v2::build_friendliness_index_v3,
friendliness_receptivity_ex_ante_v4,BLR,Belarus,2025,F_POLICY_ACCESS,"{""listed_in_430r"": false}",1.0,0.2,0.3333333333333333,russia_unfriendly_countries_430r,Government of Russia disposition No. 430-r country list,data/reference/unfriendly_countries_russia_430r.csv,2025,0-1,official_reference,"1 if not listed; 0 if listed; administrative access indicator, not public opinion",True,not_available_local_reference_file,97846f295cbea6b00f7507ab14e330b3ba442cd7c639205e7b7b1b21e82655fc,mgimo_platform2.models.friendliness_v2::build_friendliness_index_v3,This component measures the current formal policy constraint only.
friendliness_receptivity_ex_ante_v4,BLR,Belarus,2025,F_RUSSIAN_LANGUAGE_ENVIRONMENT,"{""official_status"": ""official"", ""population_percent"": 12.0}",0.4723076211353316,0.15,0.25,unicode_cldr_territory_languages,Unicode CLDR Supplemental Territory Information,https://unicode.org/reports/tr35/tr35-info.html#Territory_Information,CLDR/Babel 2.18.0,0-1,reference_estimate,0.75*sqrt(functional_population_share)+0.25*official_status_score,True,package_version:Babel 2.18.0,660aa49f517205600d721deac102c4da5067a6cde77039c70b49af694745949f,mgimo_platform2.models.friendliness_v2::build_russian_language_environment,"Missing CLDR language rows remain missing, not zero."
friendliness_receptivity_ex_ante_v4,BLZ,Belize,2025,F_DIPLOMATIC_ALIGNMENT,"{""effective_votes"": 331.3398418086122, ""joint_votes"": 495, ""standard_error"": 0.0241972970498873}",0.6030783349123001,0.25,0.5555555555555556,un_digital_library_voting_2026_02_06,UN Digital Library General Assembly Voting Data,data/mgimo_validation_project/data/raw/un_voting/ga_voting_2026_02_06.csv.gz,2021-2025,0-1,calculated_from_official_roll_calls,"weighted agreement: exact=1, abstention mismatch=0.5, yes/no opposition=0; recency half-life 3y; entropy weighting",True,not_available_local_reference_file,c7f4c0a7c40714b51d16b00a065e3d0a60bef305ed0748742700df8ab65a3ed8,mgimo_platform2.models.friendliness_v2::build_friendliness_index_v3,
friendliness_receptivity_ex_ante_v4,BLZ,Belize,2025,F_POLICY_ACCESS,"{""listed_in_430r"": false}",1.0,0.2,0.4444444444444445,russia_unfriendly_countries_430r,Government of Russia disposition No. 430-r country list,data/reference/unfriendly_countries_russia_430r.csv,2025,0-1,official_reference,"1 if not listed; 0 if listed; administrative access indicator, not public opinion",True,not_available_local_reference_file,97846f295cbea6b00f7507ab14e330b3ba442cd7c639205e7b7b1b21e82655fc,mgimo_platform2.models.friendliness_v2::build_friendliness_index_v3,This component measures the current formal policy constraint only.
friendliness_receptivity_ex_ante_v4,BMU,Bermuda,2025,F_POLICY_ACCESS,"{""listed_in_430r"": true}",0.0,0.2,1.0,russia_unfriendly_countries_430r,Government of Russia disposition No. 430-r country list,data/reference/unfriendly_countries_russia_430r.csv,2025,0-1,official_reference,"1 if not listed; 0 if listed; administrative access indicator, not public opinion",True,not_available_local_reference_file,bf78f7993906733e10e43504059a4f643e7c03f8c7622d8c32d46f33a81367d9,mgimo_platform2.models.friendliness_v2::build_friendliness_index_v3,This component measures the current formal policy constraint only.
friendliness_receptivity_ex_ante_v4,BOL,Bolivia,2025,F_DIPLOMATIC_ALIGNMENT,"{""effective_votes"": 267.16755437620645, ""joint_votes"": 380, ""standard_error"": 0.0248984373721609}",0.6806252602000106,0.25,0.5555555555555556,un_digital_library_voting_2026_02_06,UN Digital Library General Assembly Voting Data,data/mgimo_validation_project/data/raw/un_voting/ga_voting_2026_02_06.csv.gz,2021-2025,0-1,calculated_from_official_roll_calls,"weighted agreement: exact=1, abstention mismatch=0.5, yes/no opposition=0; recency half-life 3y; entropy weighting",True,not_available_local_reference_file,75e84f61386d80c6d51051f1e8f92876eaa653b7728a689c6fc36f041cb26685,mgimo_platform2.models.friendliness_v2::build_friendliness_index_v3,
friendliness_receptivity_ex_ante_v4,BOL,Bolivia,2025,F_POLICY_ACCESS,"{""listed_in_430r"": false}",1.0,0.2,0.4444444444444445,russia_unfriendly_countries_430r,Government of Russia disposition No. 430-r country list,data/reference/unfriendly_countries_russia_430r.csv,2025,0-1,official_reference,"1 if not listed; 0 if listed; administrative access indicator, not public opinion",True,not_available_local_reference_file,97846f295cbea6b00f7507ab14e330b3ba442cd7c639205e7b7b1b21e82655fc,mgimo_platform2.models.friendliness_v2::build_friendliness_index_v3,This component measures the current formal policy constraint only.
friendliness_receptivity_ex_ante_v4,BRA,Brazil,2025,F_DIPLOMATIC_ALIGNMENT,"{""effective_votes"": 362.5251955491213, ""joint_votes"": 545, ""standard_error"": 0.0213848260653372}",0.6305655365782774,0.25,0.3846153846153846,un_digital_library_voting_2026_02_06,UN Digital Library General Assembly Voting Data,data/mgimo_validation_project/data/raw/un_voting/ga_voting_2026_02_06.csv.gz,2021-2025,0-1,calculated_from_official_roll_calls,"weighted agreement: exact=1, abstention mismatch=0.5, yes/no opposition=0; recency half-life 3y; entropy weighting",True,not_available_local_reference_file,3b22ff19e8a658503a5926b382ddb005af1873ba32f1246e01b317fbe72057c7,mgimo_platform2.models.friendliness_v2::build_friendliness_index_v3,
friendliness_receptivity_ex_ante_v4,BRA,Brazil,2025,F_POLICY_ACCESS,"{""listed_in_430r"": false}",1.0,0.2,0.3076923076923077,russia_unfriendly_countries_430r,Government of Russia disposition No. 430-r country list,data/reference/unfriendly_countries_russia_430r.csv,2025,0-1,official_reference,"1 if not listed; 0 if listed; administrative access indicator, not public opinion",True,not_available_local_reference_file,97846f295cbea6b00f7507ab14e330b3ba442cd7c639205e7b7b1b21e82655fc,mgimo_platform2.models.friendliness_v2::build_friendliness_index_v3,This component measures the current formal policy constraint only.
friendliness_receptivity_ex_ante_v4,BRA,Brazil,2025,F_SURVEY_RUSSIA_ATTITUDE,"{""dk_refused"": 14, ""favorable_percent"": 18.0, ""question"": ""Q3f. Overall opinion of Russia"", ""somewhat_favorable"": 16, ""somewhat_unfavorable"": 41, ""unfavorable_percent"": 68.0, ""very_favorable"": 2, ""very_unfavorable"": 27}",0.18,0.2,0.3076923076923077,pew_global_attitudes_russia_2023_q3f,Pew Research Center Spring 2023 Global Attitudes Survey topline,https://www.pewresearch.org/global/wp-content/uploads/sites/2/2023/07/PG_2023.07.10_Russia-NATO_Topline.pdf,2023,0-1,published_national_sample_survey,published favorable opinion of Russia / 100; no interpolation to countries not surveyed,True,not_available_local_reference_file,44c69339b4cc6ac253953a083446793be04e30a1360bf6760861bfa0daee89e4,mgimo_platform2.models.friendliness_v2::build_friendliness_index_v3,Pew Q3f national-sample response; survey absence remains missing evidence.
friendliness_receptivity_ex_ante_v4,BRB,Barbados,2025,F_DIPLOMATIC_ALIGNMENT,"{""effective_votes"": 324.16373173371534, ""joint_votes"": 488, ""standard_error"": 0.0248874732863468}",0.6129250502718526,0.25,0.5555555555555556,un_digital_library_voting_2026_02_06,UN Digital Library General Assembly Voting Data,data/mgimo_validation_project/data/raw/un_voting/ga_voting_2026_02_06.csv.gz,2021-2025,0-1,calculated_from_official_roll_calls,"weighted agreement: exact=1, abstention mismatch=0.5, yes/no opposition=0; recency half-life 3y; entropy weighting",True,not_available_local_reference_file,668493209859364fbde2714ea7948c2a872e334b6a707462c47d5d480f5070cc,mgimo_platform2.models.friendliness_v2::build_friendliness_index_v3,
friendliness_receptivity_ex_ante_v4,BRB,Barbados,2025,F_POLICY_ACCESS,"{""listed_in_430r"": false}",1.0,0.2,0.4444444444444445,russia_unfriendly_countries_430r,Government of Russia disposition No. 430-r country list,data/reference/unfriendly_countries_russia_430r.csv,2025,0-1,official_reference,"1 if not listed; 0 if listed; administrative access indicator, not public opinion",True,not_available_local_reference_file,97846f295cbea6b00f7507ab14e330b3ba442cd7c639205e7b7b1b21e82655fc,mgimo_platform2.models.friendliness_v2::build_friendliness_index_v3,This component measures the current formal policy constraint only.
friendliness_receptivity_ex_ante_v4,BRN,Brunei Darussalam,2025,F_DIPLOMATIC_ALIGNMENT,"{""effective_votes"": 365.4032529629821, ""joint_votes"": 550, ""standard_error"": 0.0218868953450225}",0.6498624075886518,0.25,0.5555555555555556,un_digital_library_voting_2026_02_06,UN Digital Library General Assembly Voting Data,data/mgimo_validation_project/data/raw/un_voting/ga_voting_2026_02_06.csv.gz,2021-2025,0-1,calculated_from_official_roll_calls,"weighted agreement: exact=1, abstention mismatch=0.5, yes/no opposition=0; recency half-life 3y; entropy weighting",True,not_available_local_reference_file,b839cb04835533c964407a189260b53442f05afb6e05a87e772203b91af2a98a,mgimo_platform2.models.friendliness_v2::build_friendliness_index_v3,
friendliness_receptivity_ex_ante_v4,BRN,Brunei Darussalam,2025,F_POLICY_ACCESS,"{""listed_in_430r"": false}",1.0,0.2,0.4444444444444445,russia_unfriendly_countries_430r,Government of Russia disposition No. 430-r country list,data/reference/unfriendly_countries_russia_430r.csv,2025,0-1,official_reference,"1 if not listed; 0 if listed; administrative access indicator, not public opinion",True,not_available_local_reference_file,97846f295cbea6b00f7507ab14e330b3ba442cd7c639205e7b7b1b21e82655fc,mgimo_platform2.models.friendliness_v2::build_friendliness_index_v3,This component measures the current formal policy constraint only.
friendliness_receptivity_ex_ante_v4,BTN,Bhutan,2025,F_DIPLOMATIC_ALIGNMENT,"{""effective_votes"": 352.4338853740932, ""joint_votes"": 531, ""standard_error"": 0.0223447722282447}",0.6286295822443575,0.25,0.5555555555555556,un_digital_library_voting_2026_02_06,UN Digital Library General Assembly Voting Data,data/mgimo_validation_project/data/raw/un_voting/ga_voting_2026_02_06.csv.gz,2021-2025,0-1,calculated_from_official_roll_calls,"weighted agreement: exact=1, abstention mismatch=0.5, yes/no opposition=0; recency half-life 3y; entropy weighting",True,not_available_local_reference_file,65f89d4804eaf6b78d01aca1baf7c6a6808849c91e1e3fe464f433e12bb99e60,mgimo_platform2.models.friendliness_v2::build_friendliness_index_v3,
friendliness_receptivity_ex_ante_v4,BTN,Bhutan,2025,F_POLICY_ACCESS,"{""listed_in_430r"": false}",1.0,0.2,0.4444444444444445,russia_unfriendly_countries_430r,Government of Russia disposition No. 430-r country list,data/reference/unfriendly_countries_russia_430r.csv,2025,0-1,official_reference,"1 if not listed; 0 if listed; administrative access indicator, not public opinion",True,not_available_local_reference_file,97846f295cbea6b00f7507ab14e330b3ba442cd7c639205e7b7b1b21e82655fc,mgimo_platform2.models.friendliness_v2::build_friendliness_index_v3,This component measures the current formal policy constraint only.
friendliness_receptivity_ex_ante_v4,BWA,Botswana,2025,F_DIPLOMATIC_ALIGNMENT,"{""effective_votes"": 312.88149443559325, ""joint_votes"": 465, ""standard_error"": 0.0242412047512961}",0.6050982249331023,0.25,0.5555555555555556,un_digital_library_voting_2026_02_06,UN Digital Library General Assembly Voting Data,data/mgimo_validation_project/data/raw/un_voting/ga_voting_2026_02_06.csv.gz,2021-2025,0-1,calculated_from_official_roll_calls,"weighted agreement: exact=1, abstention mismatch=0.5, yes/no opposition=0; recency half-life 3y; entropy weighting",True,not_available_local_reference_file,9c78f53ecbdad7c8b1bcfdc65b7af090faff8a8a9ebfc0035bb832b5cc781b1d,mgimo_platform2.models.friendliness_v2::build_friendliness_index_v3,
friendliness_receptivity_ex_ante_v4,BWA,Botswana,2025,F_POLICY_ACCESS,"{""listed_in_430r"": false}",1.0,0.2,0.4444444444444445,russia_unfriendly_countries_430r,Government of Russia disposition No. 430-r country list,data/reference/unfriendly_countries_russia_430r.csv,2025,0-1,official_reference,"1 if not listed; 0 if listed; administrative access indicator, not public opinion",True,not_available_local_reference_file,97846f295cbea6b00f7507ab14e330b3ba442cd7c639205e7b7b1b21e82655fc,mgimo_platform2.models.friendliness_v2::build_friendliness_index_v3,This component measures the current formal policy constraint only.
friendliness_receptivity_ex_ante_v4,CAF,Central African Republic,2025,F_DIPLOMATIC_ALIGNMENT,"{""effective_votes"": 274.69336315284244, ""joint_votes"": 406, ""standard_error"": 0.0235424891792588}",0.6655072374967177,0.25,0.5555555555555556,un_digital_library_voting_2026_02_06,UN Digital Library General Assembly Voting Data,data/mgimo_validation_project/data/raw/un_voting/ga_voting_2026_02_06.csv.gz,2021-2025,0-1,calculated_from_official_roll_calls,"weighted agreement: exact=1, abstention mismatch=0.5, yes/no opposition=0; recency half-life 3y; entropy weighting",True,not_available_local_reference_file,c2c0e1a4b040863e53c4699f0172f36fd5949fba512d8358e028f3e5de6535b7,mgimo_platform2.models.friendliness_v2::build_friendliness_index_v3,
friendliness_receptivity_ex_ante_v4,CAF,Central African Republic,2025,F_POLICY_ACCESS,"{""listed_in_430r"": false}",1.0,0.2,0.4444444444444445,russia_unfriendly_countries_430r,Government of Russia disposition No. 430-r country list,data/reference/unfriendly_countries_russia_430r.csv,2025,0-1,official_reference,"1 if not listed; 0 if listed; administrative access indicator, not public opinion",True,not_available_local_reference_file,97846f295cbea6b00f7507ab14e330b3ba442cd7c639205e7b7b1b21e82655fc,mgimo_platform2.models.friendliness_v2::build_friendliness_index_v3,This component measures the current formal policy constraint only.
friendliness_receptivity_ex_ante_v4,CAN,Canada,2025,F_DIPLOMATIC_ALIGNMENT,"{""effective_votes"": 364.50374480249735, ""joint_votes"": 549, ""standard_error"": 0.0212708889137014}",0.4015115959483575,0.25,0.3125,un_digital_library_voting_2026_02_06,UN Digital Library General Assembly Voting Data,data/mgimo_validation_project/data/raw/un_voting/ga_voting_2026_02_06.csv.gz,2021-2025,0-1,calculated_from_official_roll_calls,"weighted agreement: exact=1, abstention mismatch=0.5, yes/no opposition=0; recency half-life 3y; entropy weighting",True,not_available_local_reference_file,ff88f83571caf5f2e9acf3887132ce34d1aa7e4010f315ac5b5218b6414c4edc,mgimo_platform2.models.friendliness_v2::build_friendliness_index_v3,
friendliness_receptivity_ex_ante_v4,CAN,Canada,2025,F_POLICY_ACCESS,"{""listed_in_430r"": true}",0.0,0.2,0.25,russia_unfriendly_countries_430r,Government of Russia disposition No. 430-r country list,data/reference/unfriendly_countries_russia_430r.csv,2025,0-1,official_reference,"1 if not listed; 0 if listed; administrative access indicator, not public opinion",True,not_available_local_reference_file,bf78f7993906733e10e43504059a4f643e7c03f8c7622d8c32d46f33a81367d9,mgimo_platform2.models.friendliness_v2::build_friendliness_index_v3,This component measures the current formal policy constraint only.
friendliness_receptivity_ex_ante_v4,CAN,Canada,2025,F_RUSSIAN_LANGUAGE_ENVIRONMENT,"{""official_status"": ""not_official"", ""population_percent"": 0.85}",0.0691465834296966,0.15,0.1874999999999999,unicode_cldr_territory_languages,Unicode CLDR Supplemental Territory Information,https://unicode.org/reports/tr35/tr35-info.html#Territory_Information,CLDR/Babel 2.18.0,0-1,reference_estimate,0.75*sqrt(functional_population_share)+0.25*official_status_score,True,package_version:Babel 2.18.0,f13e5b1e4db7e79244c02fa40d113f42fd1a088557190181101cdea6bf8e6d09,mgimo_platform2.models.friendliness_v2::build_russian_language_environment,"Missing CLDR language rows remain missing, not zero."
friendliness_receptivity_ex_ante_v4,CAN,Canada,2025,F_SURVEY_RUSSIA_ATTITUDE,"{""dk_refused"": 7, ""favorable_percent"": 12.0, ""question"": ""Q3f. Overall opinion of Russia"", ""somewhat_favorable"": 10, ""somewhat_unfavorable"": 20, ""unfavorable_percent"": 81.0, ""very_favorable"": 2, ""very_unfavorable"": 61}",0.12,0.2,0.25,pew_global_attitudes_russia_2023_q3f,Pew Research Center Spring 2023 Global Attitudes Survey topline,https://www.pewresearch.org/global/wp-content/uploads/sites/2/2023/07/PG_2023.07.10_Russia-NATO_Topline.pdf,2023,0-1,published_national_sample_survey,published favorable opinion of Russia / 100; no interpolation to countries not surveyed,True,not_available_local_reference_file,9c6ed9bed19c84b0f3b62fe15b8688769c5cf933c70678cb210d7abfc33b4d18,mgimo_platform2.models.friendliness_v2::build_friendliness_index_v3,Pew Q3f national-sample response; survey absence remains missing evidence.
friendliness_receptivity_ex_ante_v4,CHE,Switzerland,2025,F_DIPLOMATIC_ALIGNMENT,"{""effective_votes"": 365.4032529629821, ""joint_votes"": 550, ""standard_error"": 0.0207286482712586}",0.4642354857193269,0.25,0.3846153846153846,un_digital_library_voting_2026_02_06,UN Digital Library General Assembly Voting Data,data/mgimo_validation_project/data/raw/un_voting/ga_voting_2026_02_06.csv.gz,2021-2025,0-1,calculated_from_official_roll_calls,"weighted agreement: exact=1, abstention mismatch=0.5, yes/no opposition=0; recency half-life 3y; entropy weighting",True,not_available_local_reference_file,c9ce035efe6b1e8f1d7744ad95cb5f5c8272f3edaa0f20ccfbd8013cbdc74026,mgimo_platform2.models.friendliness_v2::build_friendliness_index_v3,
friendliness_receptivity_ex_ante_v4,CHE,Switzerland,2025,F_INSTITUTIONAL_TIES,"{""existing_presence"": true, ""partner_count"": 0, ""strategic_partner_count"": 0}",0.3,0.2,0.3076923076923077,mgimo_verified_partner_and_presence_registry,MGIMO verified partner and presence registry,data/reference/mgimo_partner_universities.csv;data/reference/mgimo_existing_presence.csv,2025,0-1,official_or_reference,0.7*log-normalized partner signal + 0.3*verified presence,True,not_available_local_reference_file,ea734bd540adc8ee812f7593abbe30f322d5c4c9b5f32066962847468ad5730d,mgimo_platform2.models.friendliness_v2::build_friendliness_index_v3,"No registry row is treated as missing, not as evidence of zero ties."
friendliness_receptivity_ex_ante_v4,CHE,Switzerland,2025,F_POLICY_ACCESS,"{""listed_in_430r"": true}",0.0,0.2,0.3076923076923077,russia_unfriendly_countries_430r,Government of Russia disposition No. 430-r country list,data/reference/unfriendly_countries_russia_430r.csv,2025,0-1,official_reference,"1 if not listed; 0 if listed; administrative access indicator, not public opinion",True,not_available_local_reference_file,bf78f7993906733e10e43504059a4f643e7c03f8c7622d8c32d46f33a81367d9,mgimo_platform2.models.friendliness_v2::build_friendliness_index_v3,This component measures the current formal policy constraint only.
friendliness_receptivity_ex_ante_v4,CHI,Channel Islands,2025,F_POLICY_ACCESS,"{""listed_in_430r"": false}",1.0,0.2,1.0,russia_unfriendly_countries_430r,Government of Russia disposition No. 430-r country list,data/reference/unfriendly_countries_russia_430r.csv,2025,0-1,official_reference,"1 if not listed; 0 if listed; administrative access indicator, not public opinion",True,not_available_local_reference_file,97846f295cbea6b00f7507ab14e330b3ba442cd7c639205e7b7b1b21e82655fc,mgimo_platform2.models.friendliness_v2::build_friendliness_index_v3,This component measures the current formal policy constraint only.
friendliness_receptivity_ex_ante_v4,CHL,Chile,2025,F_DIPLOMATIC_ALIGNMENT,"{""effective_votes"": 364.71417167829856, ""joint_votes"": 549, ""standard_error"": 0.023378768024184}",0.5636265011595166,0.25,0.5555555555555556,un_digital_library_voting_2026_02_06,UN Digital Library General Assembly Voting Data,data/mgimo_validation_project/data/raw/un_voting/ga_voting_2026_02_06.csv.gz,2021-2025,0-1,calculated_from_official_roll_calls,"weighted agreement: exact=1, abstention mismatch=0.5, yes/no opposition=0; recency half-life 3y; entropy weighting",True,not_available_local_reference_file,1155dd0592c9ee82792150fcbba15e2e7e061a077e6a5b02914bc32b90c1af38,mgimo_platform2.models.friendliness_v2::build_friendliness_index_v3,
friendliness_receptivity_ex_ante_v4,CHL,Chile,2025,F_POLICY_ACCESS,"{""listed_in_430r"": false}",1.0,0.2,0.4444444444444445,russia_unfriendly_countries_430r,Government of Russia disposition No. 430-r country list,data/reference/unfriendly_countries_russia_430r.csv,2025,0-1,official_reference,"1 if not listed; 0 if listed; administrative access indicator, not public opinion",True,not_available_local_reference_file,97846f295cbea6b00f7507ab14e330b3ba442cd7c639205e7b7b1b21e82655fc,mgimo_platform2.models.friendliness_v2::build_friendliness_index_v3,This component measures the current formal policy constraint only.
friendliness_receptivity_ex_ante_v4,CHN,China,2025,F_DIPLOMATIC_ALIGNMENT,"{""effective_votes"": 362.6381513993493, ""joint_votes"": 547, ""standard_error"": 0.0173640332587831}",0.7899086297844121,0.25,0.4166666666666667,un_digital_library_voting_2026_02_06,UN Digital Library General Assembly Voting Data,data/mgimo_validation_project/data/raw/un_voting/ga_voting_2026_02_06.csv.gz,2021-2025,0-1,calculated_from_official_roll_calls,"weighted agreement: exact=1, abstention mismatch=0.5, yes/no opposition=0; recency half-life 3y; entropy weighting",True,not_available_local_reference_file,2777d30f3e68c9bd0a54a2f5dc2f25b787897129b20b64d441a85aeca38171f3,mgimo_platform2.models.friendliness_v2::build_friendliness_index_v3,
friendliness_receptivity_ex_ante_v4,CHN,China,2025,F_POLICY_ACCESS,"{""listed_in_430r"": false}",1.0,0.2,0.3333333333333333,russia_unfriendly_countries_430r,Government of Russia disposition No. 430-r country list,data/reference/unfriendly_countries_russia_430r.csv,2025,0-1,official_reference,"1 if not listed; 0 if listed; administrative access indicator, not public opinion",True,not_available_local_reference_file,97846f295cbea6b00f7507ab14e330b3ba442cd7c639205e7b7b1b21e82655fc,mgimo_platform2.models.friendliness_v2::build_friendliness_index_v3,This component measures the current formal policy constraint only.
friendliness_receptivity_ex_ante_v4,CHN,China,2025,F_RUSSIAN_LANGUAGE_ENVIRONMENT,"{""official_status"": ""not_official"", ""population_percent"": 0.001}",0.0023717082451262,0.15,0.25,unicode_cldr_territory_languages,Unicode CLDR Supplemental Territory Information,https://unicode.org/reports/tr35/tr35-info.html#Territory_Information,CLDR/Babel 2.18.0,0-1,reference_estimate,0.75*sqrt(functional_population_share)+0.25*official_status_score,True,package_version:Babel 2.18.0,2c459c2a7a24909bacb6b4d95a430426771e6d71b208de33338684f5918e8812,mgimo_platform2.models.friendliness_v2::build_russian_language_environment,"Missing CLDR language rows remain missing, not zero."
friendliness_receptivity_ex_ante_v4,CIV,Côte d'Ivoire,2025,F_DIPLOMATIC_ALIGNMENT,"{""effective_votes"": 358.6038439929496, ""joint_votes"": 540, ""standard_error"": 0.0226287799303086}",0.5833819529015452,0.25,0.5555555555555556,un_digital_library_voting_2026_02_06,UN Digital Library General Assembly Voting Data,data/mgimo_validation_project/data/raw/un_voting/ga_voting_2026_02_06.csv.gz,2021-2025,0-1,calculated_from_official_roll_calls,"weighted agreement: exact=1, abstention mismatch=0.5, yes/no opposition=0; recency half-life 3y; entropy weighting",True,not_available_local_reference_file,80c053feefac2463b4c904c26735ee1fda94b4559fbf76607788d41641111774,mgimo_platform2.models.friendliness_v2::build_friendliness_index_v3,
friendliness_receptivity_ex_ante_v4,CIV,Côte d'Ivoire,2025,F_POLICY_ACCESS,"{""listed_in_430r"": false}",1.0,0.2,0.4444444444444445,russia_unfriendly_countries_430r,Government of Russia disposition No. 430-r country list,data/reference/unfriendly_countries_russia_430r.csv,2025,0-1,official_reference,"1 if not listed; 0 if listed; administrative access indicator, not public opinion",True,not_available_local_reference_file,97846f295cbea6b00f7507ab14e330b3ba442cd7c639205e7b7b1b21e82655fc,mgimo_platform2.models.friendliness_v2::build_friendliness_index_v3,This component measures the current formal policy constraint only.
friendliness_receptivity_ex_ante_v4,CMR,Cameroon,2025,F_DIPLOMATIC_ALIGNMENT,"{""effective_votes"": 322.3600242202869, ""joint_votes"": 492, ""standard_error"": 0.0209604850937752}",0.6392531031670147,0.25,0.5555555555555556,un_digital_library_voting_2026_02_06,UN Digital Library General Assembly Voting Data,data/mgimo_validation_project/data/raw/un_voting/ga_voting_2026_02_06.csv.gz,2021-2025,0-1,calculated_from_official_roll_calls,"weighted agreement: exact=1, abstention mismatch=0.5, yes/no opposition=0; recency half-life 3y; entropy weighting",True,not_available_local_reference_file,438b85bb46a1e444bb4ce54fe641e3896eecbf185498e00d848f557d496ba9e6,mgimo_platform2.models.friendliness_v2::build_friendliness_index_v3,
friendliness_receptivity_ex_ante_v4,CMR,Cameroon,2025,F_POLICY_ACCESS,"{""listed_in_430r"": false}",1.0,0.2,0.4444444444444445,russia_unfriendly_countries_430r,Government of Russia disposition No. 430-r country list,data/reference/unfriendly_countries_russia_430r.csv,2025,0-1,official_reference,"1 if not listed; 0 if listed; administrative access indicator, not public opinion",True,not_available_local_reference_file,97846f295cbea6b00f7507ab14e330b3ba442cd7c639205e7b7b1b21e82655fc,mgimo_platform2.models.friendliness_v2::build_friendliness_index_v3,This component measures the current formal policy constraint only.
friendliness_receptivity_ex_ante_v4,COD,"Congo, Dem. Rep.",2025,F_DIPLOMATIC_ALIGNMENT,"{""effective_votes"": 216.9460157500728, ""joint_votes"": 326, ""standard_error"": 0.030338716624825}",0.5480425326904751,0.25,0.5555555555555556,un_digital_library_voting_2026_02_06,UN Digital Library General Assembly Voting Data,data/mgimo_validation_project/data/raw/un_voting/ga_voting_2026_02_06.csv.gz,2021-2025,0-1,calculated_from_official_roll_calls,"weighted agreement: exact=1, abstention mismatch=0.5, yes/no opposition=0; recency half-life 3y; entropy weighting",True,not_available_local_reference_file,35a3e1a3cbf1aa76eb8f9e9105087c1a1f4be1cb7c6c27d70fed0dc21a3cbdb6,mgimo_platform2.models.friendliness_v2::build_friendliness_index_v3,
friendliness_receptivity_ex_ante_v4,COD,"Congo, Dem. Rep.",2025,F_POLICY_ACCESS,"{""listed_in_430r"": false}",1.0,0.2,0.4444444444444445,russia_unfriendly_countries_430r,Government of Russia disposition No. 430-r country list,data/reference/unfriendly_countries_russia_430r.csv,2025,0-1,official_reference,"1 if not listed; 0 if listed; administrative access indicator, not public opinion",True,not_available_local_reference_file,97846f295cbea6b00f7507ab14e330b3ba442cd7c639205e7b7b1b21e82655fc,mgimo_platform2.models.friendliness_v2::build_friendliness_index_v3,This component measures the current formal policy constraint only.
friendliness_receptivity_ex_ante_v4,COG,"Congo, Rep.",2025,F_DIPLOMATIC_ALIGNMENT,"{""effective_votes"": 293.5738983750364, ""joint_votes"": 442, ""standard_error"": 0.0244846347754206}",0.6304084476126464,0.25,0.5555555555555556,un_digital_library_voting_2026_02_06,UN Digital Library General Assembly Voting Data,data/mgimo_validation_project/data/raw/un_voting/ga_voting_2026_02_06.csv.gz,2021-2025,0-1,calculated_from_official_roll_calls,"weighted agreement: exact=1, abstention mismatch=0.5, yes/no opposition=0; recency half-life 3y; entropy weighting",True,not_available_local_reference_file,2f2dad659e4a93477746507c10143e8c0de369054f1303f5bc8e38467caea746,mgimo_platform2.models.friendliness_v2::build_friendliness_index_v3,
friendliness_receptivity_ex_ante_v4,COG,"Congo, Rep.",2025,F_POLICY_ACCESS,"{""listed_in_430r"": false}",1.0,0.2,0.4444444444444445,russia_unfriendly_countries_430r,Government of Russia disposition No. 430-r country list,data/reference/unfriendly_countries_russia_430r.csv,2025,0-1,official_reference,"1 if not listed; 0 if listed; administrative access indicator, not public opinion",True,not_available_local_reference_file,97846f295cbea6b00f7507ab14e330b3ba442cd7c639205e7b7b1b21e82655fc,mgimo_platform2.models.friendliness_v2::build_friendliness_index_v3,This component measures the current formal policy constraint only.
friendliness_receptivity_ex_ante_v4,COL,Colombia,2025,F_DIPLOMATIC_ALIGNMENT,"{""effective_votes"": 365.4032529629821, ""joint_votes"": 550, ""standard_error"": 0.0229917145690843}",0.6001073233203652,0.25,0.5555555555555556,un_digital_library_voting_2026_02_06,UN Digital Library General Assembly Voting Data,data/mgimo_validation_project/data/raw/un_voting/ga_voting_2026_02_06.csv.gz,2021-2025,0-1,calculated_from_official_roll_calls,"weighted agreement: exact=1, abstention mismatch=0.5, yes/no opposition=0; recency half-life 3y; entropy weighting",True,not_available_local_reference_file,365e8ef2ab586625ad5255c1065ca4c3481154655b68e53b64a5b82eafbe72bb,mgimo_platform2.models.friendliness_v2::build_friendliness_index_v3,
friendliness_receptivity_ex_ante_v4,COL,Colombia,2025,F_POLICY_ACCESS,"{""listed_in_430r"": false}",1.0,0.2,0.4444444444444445,russia_unfriendly_countries_430r,Government of Russia disposition No. 430-r country list,data/reference/unfriendly_countries_russia_430r.csv,2025,0-1,official_reference,"1 if not listed; 0 if listed; administrative access indicator, not public opinion",True,not_available_local_reference_file,97846f295cbea6b00f7507ab14e330b3ba442cd7c639205e7b7b1b21e82655fc,mgimo_platform2.models.friendliness_v2::build_friendliness_index_v3,This component measures the current formal policy constraint only.
friendliness_receptivity_ex_ante_v4,COM,Comoros,2025,F_DIPLOMATIC_ALIGNMENT,"{""effective_votes"": 256.0207077802171, ""joint_votes"": 389, ""standard_error"": 0.0273157168205401}",0.6197122810038417,0.25,0.5555555555555556,un_digital_library_voting_2026_02_06,UN Digital Library General Assembly Voting Data,data/mgimo_validation_project/data/raw/un_voting/ga_voting_2026_02_06.csv.gz,2021-2025,0-1,calculated_from_official_roll_calls,"weighted agreement: exact=1, abstention mismatch=0.5, yes/no opposition=0; recency half-life 3y; entropy weighting",True,not_available_local_reference_file,e9da8a02502151c48c62e935c2e1ab9893515e7e4e003f810a0d7abce4f3f905,mgimo_platform2.models.friendliness_v2::build_friendliness_index_v3,
friendliness_receptivity_ex_ante_v4,COM,Comoros,2025,F_POLICY_ACCESS,"{""listed_in_430r"": false}",1.0,0.2,0.4444444444444445,russia_unfriendly_countries_430r,Government of Russia disposition No. 430-r country list,data/reference/unfriendly_countries_russia_430r.csv,2025,0-1,official_reference,"1 if not listed; 0 if listed; administrative access indicator, not public opinion",True,not_available_local_reference_file,97846f295cbea6b00f7507ab14e330b3ba442cd7c639205e7b7b1b21e82655fc,mgimo_platform2.models.friendliness_v2::build_friendliness_index_v3,This component measures the current formal policy constraint only.
friendliness_receptivity_ex_ante_v4,CPV,Cabo Verde,2025,F_DIPLOMATIC_ALIGNMENT,"{""effective_votes"": 317.63404805792464, ""joint_votes"": 481, ""standard_error"": 0.0254953890560952}",0.5720234911135311,0.25,0.5555555555555556,un_digital_library_voting_2026_02_06,UN Digital Library General Assembly Voting Data,data/mgimo_validation_project/data/raw/un_voting/ga_voting_2026_02_06.csv.gz,2021-2025,0-1,calculated_from_official_roll_calls,"weighted agreement: exact=1, abstention mismatch=0.5, yes/no opposition=0; recency half-life 3y; entropy weighting",True,not_available_local_reference_file,1c231496c64fb5facd3d8053fd5bdbc2a631b4f1533ec7276b0f9f327113f795,mgimo_platform2.models.friendliness_v2::build_friendliness_index_v3,
friendliness_receptivity_ex_ante_v4,CPV,Cabo Verde,2025,F_POLICY_ACCESS,"{""listed_in_430r"": false}",1.0,0.2,0.4444444444444445,russia_unfriendly_countries_430r,Government of Russia disposition No. 430-r country list,data/reference/unfriendly_countries_russia_430r.csv,2025,0-1,official_reference,"1 if not listed; 0 if listed; administrative access indicator, not public opinion",True,not_available_local_reference_file,97846f295cbea6b00f7507ab14e330b3ba442cd7c639205e7b7b1b21e82655fc,mgimo_platform2.models.friendliness_v2::build_friendliness_index_v3,This component measures the current formal policy constraint only.
friendliness_receptivity_ex_ante_v4,CRI,Costa Rica,2025,F_DIPLOMATIC_ALIGNMENT,"{""effective_votes"": 364.0391130169709, ""joint_votes"": 547, ""standard_error"": 0.0235427953213481}",0.5688514009138912,0.25,0.5555555555555556,un_digital_library_voting_2026_02_06,UN Digital Library General Assembly Voting Data,data/mgimo_validation_project/data/raw/un_voting/ga_voting_2026_02_06.csv.gz,2021-2025,0-1,calculated_from_official_roll_calls,"weighted agreement: exact=1, abstention mismatch=0.5, yes/no opposition=0; recency half-life 3y; entropy weighting",True,not_available_local_reference_file,6f621189f26a61a03866f3277c563ef60b6de06d3cccf6aa053846ff5859b3f8,mgimo_platform2.models.friendliness_v2::build_friendliness_index_v3,
friendliness_receptivity_ex_ante_v4,CRI,Costa Rica,2025,F_POLICY_ACCESS,"{""listed_in_430r"": false}",1.0,0.2,0.4444444444444445,russia_unfriendly_countries_430r,Government of Russia disposition No. 430-r country list,data/reference/unfriendly_countries_russia_430r.csv,2025,0-1,official_reference,"1 if not listed; 0 if listed; administrative access indicator, not public opinion",True,not_available_local_reference_file,97846f295cbea6b00f7507ab14e330b3ba442cd7c639205e7b7b1b21e82655fc,mgimo_platform2.models.friendliness_v2::build_friendliness_index_v3,This component measures the current formal policy constraint only.
friendliness_receptivity_ex_ante_v4,CUB,Cuba,2025,F_DIPLOMATIC_ALIGNMENT,"{""effective_votes"": 362.3842371468761, ""joint_votes"": 546, ""standard_error"": 0.0201550238936745}",0.7337486062517348,0.25,0.5555555555555556,un_digital_library_voting_2026_02_06,UN Digital Library General Assembly Voting Data,data/mgimo_validation_project/data/raw/un_voting/ga_voting_2026_02_06.csv.gz,2021-2025,0-1,calculated_from_official_roll_calls,"weighted agreement: exact=1, abstention mismatch=0.5, yes/no opposition=0; recency half-life 3y; entropy weighting",True,not_available_local_reference_file,20daf9f31598f3ea8f3588445e1ce07a2eacb4cef58b464889938bd204eaba7c,mgimo_platform2.models.friendliness_v2::build_friendliness_index_v3,
friendliness_receptivity_ex_ante_v4,CUB,Cuba,2025,F_POLICY_ACCESS,"{""listed_in_430r"": false}",1.0,0.2,0.4444444444444445,russia_unfriendly_countries_430r,Government of Russia disposition No. 430-r country list,data/reference/unfriendly_countries_russia_430r.csv,2025,0-1,official_reference,"1 if not listed; 0 if listed; administrative access indicator, not public opinion",True,not_available_local_reference_file,97846f295cbea6b00f7507ab14e330b3ba442cd7c639205e7b7b1b21e82655fc,mgimo_platform2.models.friendliness_v2::build_friendliness_index_v3,This component measures the current formal policy constraint only.
friendliness_receptivity_ex_ante_v4,CUW,Curaçao,2025,F_POLICY_ACCESS,"{""listed_in_430r"": false}",1.0,0.2,1.0,russia_unfriendly_countries_430r,Government of Russia disposition No. 430-r country list,data/reference/unfriendly_countries_russia_430r.csv,2025,0-1,official_reference,"1 if not listed; 0 if listed; administrative access indicator, not public opinion",True,not_available_local_reference_file,97846f295cbea6b00f7507ab14e330b3ba442cd7c639205e7b7b1b21e82655fc,mgimo_platform2.models.friendliness_v2::build_friendliness_index_v3,This component measures the current formal policy constraint only.
friendliness_receptivity_ex_ante_v4,CYM,Cayman Islands,2025,F_POLICY_ACCESS,"{""listed_in_430r"": true}",0.0,0.2,1.0,russia_unfriendly_countries_430r,Government of Russia disposition No. 430-r country list,data/reference/unfriendly_countries_russia_430r.csv,2025,0-1,official_reference,"1 if not listed; 0 if listed; administrative access indicator, not public opinion",True,not_available_local_reference_file,bf78f7993906733e10e43504059a4f643e7c03f8c7622d8c32d46f33a81367d9,mgimo_platform2.models.friendliness_v2::build_friendliness_index_v3,This component measures the current formal policy constraint only.
friendliness_receptivity_ex_ante_v4,CYP,Cyprus,2025,F_DIPLOMATIC_ALIGNMENT,"{""effective_votes"": 364.9455445280884, ""joint_votes"": 549, ""standard_error"": 0.021582173351072}",0.4146642499566194,0.25,0.5555555555555556,un_digital_library_voting_2026_02_06,UN Digital Library General Assembly Voting Data,data/mgimo_validation_project/data/raw/un_voting/ga_voting_2026_02_06.csv.gz,2021-2025,0-1,calculated_from_official_roll_calls,"weighted agreement: exact=1, abstention mismatch=0.5, yes/no opposition=0; recency half-life 3y; entropy weighting",True,not_available_local_reference_file,2357db7096b29758408d4c2c0273bf321651930a1c374ba8517ae27b3e55c043,mgimo_platform2.models.friendliness_v2::build_friendliness_index_v3,
friendliness_receptivity_ex_ante_v4,CYP,Cyprus,2025,F_POLICY_ACCESS,"{""listed_in_430r"": true}",0.0,0.2,0.4444444444444445,russia_unfriendly_countries_430r,Government of Russia disposition No. 430-r country list,data/reference/unfriendly_countries_russia_430r.csv,2025,0-1,official_reference,"1 if not listed; 0 if listed; administrative access indicator, not public opinion",True,not_available_local_reference_file,bf78f7993906733e10e43504059a4f643e7c03f8c7622d8c32d46f33a81367d9,mgimo_platform2.models.friendliness_v2::build_friendliness_index_v3,This component measures the current formal policy constraint only.
friendliness_receptivity_ex_ante_v4,CZE,Czechia,2025,F_DIPLOMATIC_ALIGNMENT,"{""effective_votes"": 365.4032529629821, ""joint_votes"": 550, ""standard_error"": 0.0213821891046934}",0.4231116870173071,0.25,0.5555555555555556,un_digital_library_voting_2026_02_06,UN Digital Library General Assembly Voting Data,data/mgimo_validation_project/data/raw/un_voting/ga_voting_2026_02_06.csv.gz,2021-2025,0-1,calculated_from_official_roll_calls,"weighted agreement: exact=1, abstention mismatch=0.5, yes/no opposition=0; recency half-life 3y; entropy weighting",True,not_available_local_reference_file,c916460e317a46a96e079835b4e0d0f6069e839d5ad4869fe60558cb608fe46e,mgimo_platform2.models.friendliness_v2::build_friendliness_index_v3,
friendliness_receptivity_ex_ante_v4,CZE,Czechia,2025,F_POLICY_ACCESS,"{""listed_in_430r"": true}",0.0,0.2,0.4444444444444445,russia_unfriendly_countries_430r,Government of Russia disposition No. 430-r country list,data/reference/unfriendly_countries_russia_430r.csv,2025,0-1,official_reference,"1 if not listed; 0 if listed; administrative access indicator, not public opinion",True,not_available_local_reference_file,bf78f7993906733e10e43504059a4f643e7c03f8c7622d8c32d46f33a81367d9,mgimo_platform2.models.friendliness_v2::build_friendliness_index_v3,This component measures the current formal policy constraint only.
friendliness_receptivity_ex_ante_v4,DEU,Germany,2025,F_DIPLOMATIC_ALIGNMENT,"{""effective_votes"": 364.5938399025472, ""joint_votes"": 549, ""standard_error"": 0.0218724174560601}",0.4584030622848303,0.25,0.3125,un_digital_library_voting_2026_02_06,UN Digital Library General Assembly Voting Data,data/mgimo_validation_project/data/raw/un_voting/ga_voting_2026_02_06.csv.gz,2021-2025,0-1,calculated_from_official_roll_calls,"weighted agreement: exact=1, abstention mismatch=0.5, yes/no opposition=0; recency half-life 3y; entropy weighting",True,not_available_local_reference_file,42b00c257f33d13e44eb7bb872a59128275e27ad3253e0e13f678cec31ed190b,mgimo_platform2.models.friendliness_v2::build_friendliness_index_v3,
friendliness_receptivity_ex_ante_v4,DEU,Germany,2025,F_POLICY_ACCESS,"{""listed_in_430r"": true}",0.0,0.2,0.25,russia_unfriendly_countries_430r,Government of Russia disposition No. 430-r country list,data/reference/unfriendly_countries_russia_430r.csv,2025,0-1,official_reference,"1 if not listed; 0 if listed; administrative access indicator, not public opinion",True,not_available_local_reference_file,bf78f7993906733e10e43504059a4f643e7c03f8c7622d8c32d46f33a81367d9,mgimo_platform2.models.friendliness_v2::build_friendliness_index_v3,This component measures the current formal policy constraint only.
friendliness_receptivity_ex_ante_v4,DEU,Germany,2025,F_RUSSIAN_LANGUAGE_ENVIRONMENT,"{""official_status"": ""not_official"", ""population_percent"": 6.0}",0.1837117307087383,0.15,0.1874999999999999,unicode_cldr_territory_languages,Unicode CLDR Supplemental Territory Information,https://unicode.org/reports/tr35/tr35-info.html#Territory_Information,CLDR/Babel 2.18.0,0-1,reference_estimate,0.75*sqrt(functional_population_share)+0.25*official_status_score,True,package_version:Babel 2.18.0,7a27a4b58e06c0e5d8b78d4074187f6829b366ca209caa58ca97717b69086509,mgimo_platform2.models.friendliness_v2::build_russian_language_environment,"Missing CLDR language rows remain missing, not zero."
friendliness_receptivity_ex_ante_v4,DEU,Germany,2025,F_SURVEY_RUSSIA_ATTITUDE,"{""dk_refused"": 4, ""favorable_percent"": 10.0, ""question"": ""Q3f. Overall opinion of Russia"", ""somewhat_favorable"": 8, ""somewhat_unfavorable"": 37, ""unfavorable_percent"": 86.0, ""very_favorable"": 2, ""very_unfavorable"": 49}",0.1,0.2,0.25,pew_global_attitudes_russia_2023_q3f,Pew Research Center Spring 2023 Global Attitudes Survey topline,https://www.pewresearch.org/global/wp-content/uploads/sites/2/2023/07/PG_2023.07.10_Russia-NATO_Topline.pdf,2023,0-1,published_national_sample_survey,published favorable opinion of Russia / 100; no interpolation to countries not surveyed,True,not_available_local_reference_file,14896d7b869a34bcc5b6a3bc8e60975eff28f866afea67afd67508182c45faaf,mgimo_platform2.models.friendliness_v2::build_friendliness_index_v3,Pew Q3f national-sample response; survey absence remains missing evidence.
friendliness_receptivity_ex_ante_v4,DJI,Djibouti,2025,F_DIPLOMATIC_ALIGNMENT,"{""effective_votes"": 342.0913660885495, ""joint_votes"": 515, ""standard_error"": 0.0231639169296492}",0.6278923376448609,0.25,0.5555555555555556,un_digital_library_voting_2026_02_06,UN Digital Library General Assembly Voting Data,data/mgimo_validation_project/data/raw/un_voting/ga_voting_2026_02_06.csv.gz,2021-2025,0-1,calculated_from_official_roll_calls,"weighted agreement: exact=1, abstention mismatch=0.5, yes/no opposition=0; recency half-life 3y; entropy weighting",True,not_available_local_reference_file,b9ab3e66d214db1f0be536c375d4be067862fbf7f7181e29178407db030513e5,mgimo_platform2.models.friendliness_v2::build_friendliness_index_v3,
friendliness_receptivity_ex_ante_v4,DJI,Djibouti,2025,F_POLICY_ACCESS,"{""listed_in_430r"": false}",1.0,0.2,0.4444444444444445,russia_unfriendly_countries_430r,Government of Russia disposition No. 430-r country list,data/reference/unfriendly_countries_russia_430r.csv,2025,0-1,official_reference,"1 if not listed; 0 if listed; administrative access indicator, not public opinion",True,not_available_local_reference_file,97846f295cbea6b00f7507ab14e330b3ba442cd7c639205e7b7b1b21e82655fc,mgimo_platform2.models.friendliness_v2::build_friendliness_index_v3,This component measures the current formal policy constraint only.
friendliness_receptivity_ex_ante_v4,DMA,Dominica,2025,F_DIPLOMATIC_ALIGNMENT,"{""effective_votes"": 116.31895438760834, ""joint_votes"": 170, ""standard_error"": 0.0409842984080095}",0.6232380576553657,0.25,0.5555555555555556,un_digital_library_voting_2026_02_06,UN Digital Library General Assembly Voting Data,data/mgimo_validation_project/data/raw/un_voting/ga_voting_2026_02_06.csv.gz,2021-2025,0-1,calculated_from_official_roll_calls,"weighted agreement: exact=1, abstention mismatch=0.5, yes/no opposition=0; recency half-life 3y; entropy weighting",True,not_available_local_reference_file,42df55e73a7a44c1f98087b4e210ddf19bb710129aaf96c3ba8c55db4195cfda,mgimo_platform2.models.friendliness_v2::build_friendliness_index_v3,
friendliness_receptivity_ex_ante_v4,DMA,Dominica,2025,F_POLICY_ACCESS,"{""listed_in_430r"": false}",1.0,0.2,0.4444444444444445,russia_unfriendly_countries_430r,Government of Russia disposition No. 430-r country list,data/reference/unfriendly_countries_russia_430r.csv,2025,0-1,official_reference,"1 if not listed; 0 if listed; administrative access indicator, not public opinion",True,not_available_local_reference_file,97846f295cbea6b00f7507ab14e330b3ba442cd7c639205e7b7b1b21e82655fc,mgimo_platform2.models.friendliness_v2::build_friendliness_index_v3,This component measures the current formal policy constraint only.
friendliness_receptivity_ex_ante_v4,DNK,Denmark,2025,F_DIPLOMATIC_ALIGNMENT,"{""effective_votes"": 365.4032529629821, ""joint_votes"": 550, ""standard_error"": 0.0220447100495073}",0.4713864356980398,0.25,0.5555555555555556,un_digital_library_voting_2026_02_06,UN Digital Library General Assembly Voting Data,data/mgimo_validation_project/data/raw/un_voting/ga_voting_2026_02_06.csv.gz,2021-2025,0-1,calculated_from_official_roll_calls,"weighted agreement: exact=1, abstention mismatch=0.5, yes/no opposition=0; recency half-life 3y; entropy weighting",True,not_available_local_reference_file,47c873eb28937871913058c3f8201858ef51dacc3c878193574b752129e37291,mgimo_platform2.models.friendliness_v2::build_friendliness_index_v3,
friendliness_receptivity_ex_ante_v4,DNK,Denmark,2025,F_POLICY_ACCESS,"{""listed_in_430r"": true}",0.0,0.2,0.4444444444444445,russia_unfriendly_countries_430r,Government of Russia disposition No. 430-r country list,data/reference/unfriendly_countries_russia_430r.csv,2025,0-1,official_reference,"1 if not listed; 0 if listed; administrative access indicator, not public opinion",True,not_available_local_reference_file,bf78f7993906733e10e43504059a4f643e7c03f8c7622d8c32d46f33a81367d9,mgimo_platform2.models.friendliness_v2::build_friendliness_index_v3,This component measures the current formal policy constraint only.
friendliness_receptivity_ex_ante_v4,DOM,Dominican Republic,2025,F_DIPLOMATIC_ALIGNMENT,"{""effective_votes"": 363.2523020845652, ""joint_votes"": 547, ""standard_error"": 0.023668895555873}",0.5825021747526027,0.25,0.5555555555555556,un_digital_library_voting_2026_02_06,UN Digital Library General Assembly Voting Data,data/mgimo_validation_project/data/raw/un_voting/ga_voting_2026_02_06.csv.gz,2021-2025,0-1,calculated_from_official_roll_calls,"weighted agreement: exact=1, abstention mismatch=0.5, yes/no opposition=0; recency half-life 3y; entropy weighting",True,not_available_local_reference_file,8c4df5488512217f3c4192bdbf1c81a1dd9d5e7630ebf854585c1c14ee734ecc,mgimo_platform2.models.friendliness_v2::build_friendliness_index_v3,
friendliness_receptivity_ex_ante_v4,DOM,Dominican Republic,2025,F_POLICY_ACCESS,"{""listed_in_430r"": false}",1.0,0.2,0.4444444444444445,russia_unfriendly_countries_430r,Government of Russia disposition No. 430-r country list,data/reference/unfriendly_countries_russia_430r.csv,2025,0-1,official_reference,"1 if not listed; 0 if listed; administrative access indicator, not public opinion",True,not_available_local_reference_file,97846f295cbea6b00f7507ab14e330b3ba442cd7c639205e7b7b1b21e82655fc,mgimo_platform2.models.friendliness_v2::build_friendliness_index_v3,This component measures the current formal policy constraint only.
friendliness_receptivity_ex_ante_v4,DZA,Algeria,2025,F_DIPLOMATIC_ALIGNMENT,"{""effective_votes"": 365.4032529629821, ""joint_votes"": 550, ""standard_error"": 0.0202772729764965}",0.6850085686326778,0.25,0.5555555555555556,un_digital_library_voting_2026_02_06,UN Digital Library General Assembly Voting Data,data/mgimo_validation_project/data/raw/un_voting/ga_voting_2026_02_06.csv.gz,2021-2025,0-1,calculated_from_official_roll_calls,"weighted agreement: exact=1, abstention mismatch=0.5, yes/no opposition=0; recency half-life 3y; entropy weighting",True,not_available_local_reference_file,6c9addad51fa60f5d4d6a22dad87e120c9b24603b59e4c15c05693c2ec0f101f,mgimo_platform2.models.friendliness_v2::build_friendliness_index_v3,
friendliness_receptivity_ex_ante_v4,DZA,Algeria,2025,F_POLICY_ACCESS,"{""listed_in_430r"": false}",1.0,0.2,0.4444444444444445,russia_unfriendly_countries_430r,Government of Russia disposition No. 430-r country list,data/reference/unfriendly_countries_russia_430r.csv,2025,0-1,official_reference,"1 if not listed; 0 if listed; administrative access indicator, not public opinion",True,not_available_local_reference_file,97846f295cbea6b00f7507ab14e330b3ba442cd7c639205e7b7b1b21e82655fc,mgimo_platform2.models.friendliness_v2::build_friendliness_index_v3,This component measures the current formal policy constraint only.
friendliness_receptivity_ex_ante_v4,ECU,Ecuador,2025,F_DIPLOMATIC_ALIGNMENT,"{""effective_votes"": 358.1560798623836, ""joint_votes"": 539, ""standard_error"": 0.0234717814611991}",0.5701798154830332,0.25,0.5555555555555556,un_digital_library_voting_2026_02_06,UN Digital Library General Assembly Voting Data,data/mgimo_validation_project/data/raw/un_voting/ga_voting_2026_02_06.csv.gz,2021-2025,0-1,calculated_from_official_roll_calls,"weighted agreement: exact=1, abstention mismatch=0.5, yes/no opposition=0; recency half-life 3y; entropy weighting",True,not_available_local_reference_file,88eae68ccec8e747fc29b04564ecc13a081654cb9120281e9c75f752b1a5bc55,mgimo_platform2.models.friendliness_v2::build_friendliness_index_v3,
friendliness_receptivity_ex_ante_v4,ECU,Ecuador,2025,F_POLICY_ACCESS,"{""listed_in_430r"": false}",1.0,0.2,0.4444444444444445,russia_unfriendly_countries_430r,Government of Russia disposition No. 430-r country list,data/reference/unfriendly_countries_russia_430r.csv,2025,0-1,official_reference,"1 if not listed; 0 if listed; administrative access indicator, not public opinion",True,not_available_local_reference_file,97846f295cbea6b00f7507ab14e330b3ba442cd7c639205e7b7b1b21e82655fc,mgimo_platform2.models.friendliness_v2::build_friendliness_index_v3,This component measures the current formal policy constraint only.
friendliness_receptivity_ex_ante_v4,EGY,"Egypt, Arab Rep.",2025,F_DIPLOMATIC_ALIGNMENT,"{""effective_votes"": 364.4087867950414, ""joint_votes"": 548, ""standard_error"": 0.0205944308157366}",0.6672890600851087,0.25,0.5555555555555556,un_digital_library_voting_2026_02_06,UN Digital Library General Assembly Voting Data,data/mgimo_validation_project/data/raw/un_voting/ga_voting_2026_02_06.csv.gz,2021-2025,0-1,calculated_from_official_roll_calls,"weighted agreement: exact=1, abstention mismatch=0.5, yes/no opposition=0; recency half-life 3y; entropy weighting",True,not_available_local_reference_file,a8300d7df1a4532856655388176205bef7d05fe4cefea6502db2d214b8362658,mgimo_platform2.models.friendliness_v2::build_friendliness_index_v3,
friendliness_receptivity_ex_ante_v4,EGY,"Egypt, Arab Rep.",2025,F_POLICY_ACCESS,"{""listed_in_430r"": false}",1.0,0.2,0.4444444444444445,russia_unfriendly_countries_430r,Government of Russia disposition No. 430-r country list,data/reference/unfriendly_countries_russia_430r.csv,2025,0-1,official_reference,"1 if not listed; 0 if listed; administrative access indicator, not public opinion",True,not_available_local_reference_file,97846f295cbea6b00f7507ab14e330b3ba442cd7c639205e7b7b1b21e82655fc,mgimo_platform2.models.friendliness_v2::build_friendliness_index_v3,This component measures the current formal policy constraint only.
friendliness_receptivity_ex_ante_v4,ERI,Eritrea,2025,F_DIPLOMATIC_ALIGNMENT,"{""effective_votes"": 353.3974540076651, ""joint_votes"": 529, ""standard_error"": 0.021319581727433}",0.721698296259439,0.25,0.5555555555555556,un_digital_library_voting_2026_02_06,UN Digital Library General Assembly Voting Data,data/mgimo_validation_project/data/raw/un_voting/ga_voting_2026_02_06.csv.gz,2021-2025,0-1,calculated_from_official_roll_calls,"weighted agreement: exact=1, abstention mismatch=0.5, yes/no opposition=0; recency half-life 3y; entropy weighting",True,not_available_local_reference_file,32ad11e4ecce26e791b10d486788d14313487dd5abcd4f6fb5e21caede561f34,mgimo_platform2.models.friendliness_v2::build_friendliness_index_v3,
friendliness_receptivity_ex_ante_v4,ERI,Eritrea,2025,F_POLICY_ACCESS,"{""listed_in_430r"": false}",1.0,0.2,0.4444444444444445,russia_unfriendly_countries_430r,Government of Russia disposition No. 430-r country list,data/reference/unfriendly_countries_russia_430r.csv,2025,0-1,official_reference,"1 if not listed; 0 if listed; administrative access indicator, not public opinion",True,not_available_local_reference_file,97846f295cbea6b00f7507ab14e330b3ba442cd7c639205e7b7b1b21e82655fc,mgimo_platform2.models.friendliness_v2::build_friendliness_index_v3,This component measures the current formal policy constraint only.
friendliness_receptivity_ex_ante_v4,ESP,Spain,2025,F_DIPLOMATIC_ALIGNMENT,"{""effective_votes"": 364.908306917464, ""joint_votes"": 549, ""standard_error"": 0.0225151795110748}",0.4998348412740455,0.25,0.3846153846153846,un_digital_library_voting_2026_02_06,UN Digital Library General Assembly Voting Data,data/mgimo_validation_project/data/raw/un_voting/ga_voting_2026_02_06.csv.gz,2021-2025,0-1,calculated_from_official_roll_calls,"weighted agreement: exact=1, abstention mismatch=0.5, yes/no opposition=0; recency half-life 3y; entropy weighting",True,not_available_local_reference_file,d019fbe7482caada0d2e0f535128fafa7e3569a8ea3e340ceef8780e9454777e,mgimo_platform2.models.friendliness_v2::build_friendliness_index_v3,
friendliness_receptivity_ex_ante_v4,ESP,Spain,2025,F_POLICY_ACCESS,"{""listed_in_430r"": true}",0.0,0.2,0.3076923076923077,russia_unfriendly_countries_430r,Government of Russia disposition No. 430-r country list,data/reference/unfriendly_countries_russia_430r.csv,2025,0-1,official_reference,"1 if not listed; 0 if listed; administrative access indicator, not public opinion",True,not_available_local_reference_file,bf78f7993906733e10e43504059a4f643e7c03f8c7622d8c32d46f33a81367d9,mgimo_platform2.models.friendliness_v2::build_friendliness_index_v3,This component measures the current formal policy constraint only.
friendliness_receptivity_ex_ante_v4,ESP,Spain,2025,F_SURVEY_RUSSIA_ATTITUDE,"{""dk_refused"": 3, ""favorable_percent"": 5.0, ""question"": ""Q3f. Overall opinion of Russia"", ""somewhat_favorable"": 3, ""somewhat_unfavorable"": 29, ""unfavorable_percent"": 92.0, ""very_favorable"": 2, ""very_unfavorable"": 63}",0.05,0.2,0.3076923076923077,pew_global_attitudes_russia_2023_q3f,Pew Research Center Spring 2023 Global Attitudes Survey topline,https://www.pewresearch.org/global/wp-content/uploads/sites/2/2023/07/PG_2023.07.10_Russia-NATO_Topline.pdf,2023,0-1,published_national_sample_survey,published favorable opinion of Russia / 100; no interpolation to countries not surveyed,True,not_available_local_reference_file,b34658b8bc2d342f15a86aceae7e71a810f321d12052b06ee027bb323560285b,mgimo_platform2.models.friendliness_v2::build_friendliness_index_v3,Pew Q3f national-sample response; survey absence remains missing evidence.
friendliness_receptivity_ex_ante_v4,EST,Estonia,2025,F_DIPLOMATIC_ALIGNMENT,"{""effective_votes"": 364.6116156348456, ""joint_votes"": 548, ""standard_error"": 0.0221204935943671}",0.4821353037943908,0.25,0.4166666666666667,un_digital_library_voting_2026_02_06,UN Digital Library General Assembly Voting Data,data/mgimo_validation_project/data/raw/un_voting/ga_voting_2026_02_06.csv.gz,2021-2025,0-1,calculated_from_official_roll_calls,"weighted agreement: exact=1, abstention mismatch=0.5, yes/no opposition=0; recency half-life 3y; entropy weighting",True,not_available_local_reference_file,615ceace9a7d61d583c712866caed8747bd1a777f3d3b46f46f3825d17b9d34b,mgimo_platform2.models.friendliness_v2::build_friendliness_index_v3,
friendliness_receptivity_ex_ante_v4,EST,Estonia,2025,F_POLICY_ACCESS,"{""listed_in_430r"": true}",0.0,0.2,0.3333333333333333,russia_unfriendly_countries_430r,Government of Russia disposition No. 430-r country list,data/reference/unfriendly_countries_russia_430r.csv,2025,0-1,official_reference,"1 if not listed; 0 if listed; administrative access indicator, not public opinion",True,not_available_local_reference_file,bf78f7993906733e10e43504059a4f643e7c03f8c7622d8c32d46f33a81367d9,mgimo_platform2.models.friendliness_v2::build_friendliness_index_v3,This component measures the current formal policy constraint only.
friendliness_receptivity_ex_ante_v4,EST,Estonia,2025,F_RUSSIAN_LANGUAGE_ENVIRONMENT,"{""official_status"": ""not_official"", ""population_percent"": 56.0}",0.5612486080160912,0.15,0.25,unicode_cldr_territory_languages,Unicode CLDR Supplemental Territory Information,https://unicode.org/reports/tr35/tr35-info.html#Territory_Information,CLDR/Babel 2.18.0,0-1,reference_estimate,0.75*sqrt(functional_population_share)+0.25*official_status_score,True,package_version:Babel 2.18.0,954c8eb1939699bcf3f6911a6a418c2d63d08f0615d33bef77f643d894733be8,mgimo_platform2.models.friendliness_v2::build_russian_language_environment,"Missing CLDR language rows remain missing, not zero."
friendliness_receptivity_ex_ante_v4,ETH,Ethiopia,2025,F_DIPLOMATIC_ALIGNMENT,"{""effective_votes"": 358.0232940340122, ""joint_votes"": 535, ""standard_error"": 0.0209698853704711}",0.6675511801591235,0.25,0.5555555555555556,un_digital_library_voting_2026_02_06,UN Digital Library General Assembly Voting Data,data/mgimo_validation_project/data/raw/un_voting/ga_voting_2026_02_06.csv.gz,2021-2025,0-1,calculated_from_official_roll_calls,"weighted agreement: exact=1, abstention mismatch=0.5, yes/no opposition=0; recency half-life 3y; entropy weighting",True,not_available_local_reference_file,1ca8d05e1ba28b3ec712b30f22d350fe9da76e6cc6e9e74126f97caa11b3d910,mgimo_platform2.models.friendliness_v2::build_friendliness_index_v3,
friendliness_receptivity_ex_ante_v4,ETH,Ethiopia,2025,F_POLICY_ACCESS,"{""listed_in_430r"": false}",1.0,0.2,0.4444444444444445,russia_unfriendly_countries_430r,Government of Russia disposition No. 430-r country list,data/reference/unfriendly_countries_russia_430r.csv,2025,0-1,official_reference,"1 if not listed; 0 if listed; administrative access indicator, not public opinion",True,not_available_local_reference_file,97846f295cbea6b00f7507ab14e330b3ba442cd7c639205e7b7b1b21e82655fc,mgimo_platform2.models.friendliness_v2::build_friendliness_index_v3,This component measures the current formal policy constraint only.
friendliness_receptivity_ex_ante_v4,FIN,Finland,2025,F_DIPLOMATIC_ALIGNMENT,"{""effective_votes"": 365.4032529629821, ""joint_votes"": 550, ""standard_error"": 0.0221656286925057}",0.483180976550135,0.25,0.4166666666666667,un_digital_library_voting_2026_02_06,UN Digital Library General Assembly Voting Data,data/mgimo_validation_project/data/raw/un_voting/ga_voting_2026_02_06.csv.gz,2021-2025,0-1,calculated_from_official_roll_calls,"weighted agreement: exact=1, abstention mismatch=0.5, yes/no opposition=0; recency half-life 3y; entropy weighting",True,not_available_local_reference_file,1ef987f86062fea97c2871d030d06fb18caeb9ee62f0e1170b62f322c15cb846,mgimo_platform2.models.friendliness_v2::build_friendliness_index_v3,
friendliness_receptivity_ex_ante_v4,FIN,Finland,2025,F_POLICY_ACCESS,"{""listed_in_430r"": true}",0.0,0.2,0.3333333333333333,russia_unfriendly_countries_430r,Government of Russia disposition No. 430-r country list,data/reference/unfriendly_countries_russia_430r.csv,2025,0-1,official_reference,"1 if not listed; 0 if listed; administrative access indicator, not public opinion",True,not_available_local_reference_file,bf78f7993906733e10e43504059a4f643e7c03f8c7622d8c32d46f33a81367d9,mgimo_platform2.models.friendliness_v2::build_friendliness_index_v3,This component measures the current formal policy constraint only.
friendliness_receptivity_ex_ante_v4,FIN,Finland,2025,F_RUSSIAN_LANGUAGE_ENVIRONMENT,"{""official_status"": ""not_official"", ""population_percent"": 0.81}",0.0675,0.15,0.25,unicode_cldr_territory_languages,Unicode CLDR Supplemental Territory Information,https://unicode.org/reports/tr35/tr35-info.html#Territory_Information,CLDR/Babel 2.18.0,0-1,reference_estimate,0.75*sqrt(functional_population_share)+0.25*official_status_score,True,package_version:Babel 2.18.0,0b8e761bbca7b45bba225cda85d946cad8c0ac20d6a84f60fa711e7acd1e127b,mgimo_platform2.models.friendliness_v2::build_russian_language_environment,"Missing CLDR language rows remain missing, not zero."
friendliness_receptivity_ex_ante_v4,FJI,Fiji,2025,F_DIPLOMATIC_ALIGNMENT,"{""effective_votes"": 282.7927249178996, ""joint_votes"": 440, ""standard_error"": 0.0246073849169867}",0.5402207658106709,0.25,0.5555555555555556,un_digital_library_voting_2026_02_06,UN Digital Library General Assembly Voting Data,data/mgimo_validation_project/data/raw/un_voting/ga_voting_2026_02_06.csv.gz,2021-2025,0-1,calculated_from_official_roll_calls,"weighted agreement: exact=1, abstention mismatch=0.5, yes/no opposition=0; recency half-life 3y; entropy weighting",True,not_available_local_reference_file,3da7d646b1caefeefa78cf44eaff3ba1dbb7057538d99355be5170b7af7d07ee,mgimo_platform2.models.friendliness_v2::build_friendliness_index_v3,
friendliness_receptivity_ex_ante_v4,FJI,Fiji,2025,F_POLICY_ACCESS,"{""listed_in_430r"": false}",1.0,0.2,0.4444444444444445,russia_unfriendly_countries_430r,Government of Russia disposition No. 430-r country list,data/reference/unfriendly_countries_russia_430r.csv,2025,0-1,official_reference,"1 if not listed; 0 if listed; administrative access indicator, not public opinion",True,not_available_local_reference_file,97846f295cbea6b00f7507ab14e330b3ba442cd7c639205e7b7b1b21e82655fc,mgimo_platform2.models.friendliness_v2::build_friendliness_index_v3,This component measures the current formal policy constraint only.
friendliness_receptivity_ex_ante_v4,FRA,France,2025,F_DIPLOMATIC_ALIGNMENT,"{""effective_votes"": 364.9988311009122, ""joint_votes"": 548, ""standard_error"": 0.0227502214625159}",0.4836444621551779,0.25,0.3846153846153846,un_digital_library_voting_2026_02_06,UN Digital Library General Assembly Voting Data,data/mgimo_validation_project/data/raw/un_voting/ga_voting_2026_02_06.csv.gz,2021-2025,0-1,calculated_from_official_roll_calls,"weighted agreement: exact=1, abstention mismatch=0.5, yes/no opposition=0; recency half-life 3y; entropy weighting",True,not_available_local_reference_file,ab20768d380139a370b4f583fc97435c15dfcd82272192e2d3da72ec2ceef8cb,mgimo_platform2.models.friendliness_v2::build_friendliness_index_v3,
friendliness_receptivity_ex_ante_v4,FRA,France,2025,F_POLICY_ACCESS,"{""listed_in_430r"": true}",0.0,0.2,0.3076923076923077,russia_unfriendly_countries_430r,Government of Russia disposition No. 430-r country list,data/reference/unfriendly_countries_russia_430r.csv,2025,0-1,official_reference,"1 if not listed; 0 if listed; administrative access indicator, not public opinion",True,not_available_local_reference_file,bf78f7993906733e10e43504059a4f643e7c03f8c7622d8c32d46f33a81367d9,mgimo_platform2.models.friendliness_v2::build_friendliness_index_v3,This component measures the current formal policy constraint only.
friendliness_receptivity_ex_ante_v4,FRA,France,2025,F_SURVEY_RUSSIA_ATTITUDE,"{""dk_refused"": 4, ""favorable_percent"": 15.0, ""question"": ""Q3f. Overall opinion of Russia"", ""somewhat_favorable"": 11, ""somewhat_unfavorable"": 30, ""unfavorable_percent"": 82.0, ""very_favorable"": 4, ""very_unfavorable"": 52}",0.15,0.2,0.3076923076923077,pew_global_attitudes_russia_2023_q3f,Pew Research Center Spring 2023 Global Attitudes Survey topline,https://www.pewresearch.org/global/wp-content/uploads/sites/2/2023/07/PG_2023.07.10_Russia-NATO_Topline.pdf,2023,0-1,published_national_sample_survey,published favorable opinion of Russia / 100; no interpolation to countries not surveyed,True,not_available_local_reference_file,4b3b58cd8cc18ea99d1da4ee72f1578ca4babe5125fdeeaee4a822c268777ccc,mgimo_platform2.models.friendliness_v2::build_friendliness_index_v3,Pew Q3f national-sample response; survey absence remains missing evidence.
friendliness_receptivity_ex_ante_v4,FRO,Faroe Islands,2025,F_POLICY_ACCESS,"{""listed_in_430r"": false}",1.0,0.2,1.0,russia_unfriendly_countries_430r,Government of Russia disposition No. 430-r country list,data/reference/unfriendly_countries_russia_430r.csv,2025,0-1,official_reference,"1 if not listed; 0 if listed; administrative access indicator, not public opinion",True,not_available_local_reference_file,97846f295cbea6b00f7507ab14e330b3ba442cd7c639205e7b7b1b21e82655fc,mgimo_platform2.models.friendliness_v2::build_friendliness_index_v3,This component measures the current formal policy constraint only.
friendliness_receptivity_ex_ante_v4,FSM,"Micronesia, Fed. Sts.",2025,F_DIPLOMATIC_ALIGNMENT,"{""effective_votes"": 283.7164595587504, ""joint_votes"": 430, ""standard_error"": 0.0243211425811971}",0.3449269689041351,0.25,0.5555555555555556,un_digital_library_voting_2026_02_06,UN Digital Library General Assembly Voting Data,data/mgimo_validation_project/data/raw/un_voting/ga_voting_2026_02_06.csv.gz,2021-2025,0-1,calculated_from_official_roll_calls,"weighted agreement: exact=1, abstention mismatch=0.5, yes/no opposition=0; recency half-life 3y; entropy weighting",True,not_available_local_reference_file,60fa83125828cd7f1c0bf0268c0fe03ebd46f2160edde3d78f40f8fa6c7bbfab,mgimo_platform2.models.friendliness_v2::build_friendliness_index_v3,
friendliness_receptivity_ex_ante_v4,FSM,"Micronesia, Fed. Sts.",2025,F_POLICY_ACCESS,"{""listed_in_430r"": true}",0.0,0.2,0.4444444444444445,russia_unfriendly_countries_430r,Government of Russia disposition No. 430-r country list,data/reference/unfriendly_countries_russia_430r.csv,2025,0-1,official_reference,"1 if not listed; 0 if listed; administrative access indicator, not public opinion",True,not_available_local_reference_file,bf78f7993906733e10e43504059a4f643e7c03f8c7622d8c32d46f33a81367d9,mgimo_platform2.models.friendliness_v2::build_friendliness_index_v3,This component measures the current formal policy constraint only.
friendliness_receptivity_ex_ante_v4,GAB,Gabon,2025,F_DIPLOMATIC_ALIGNMENT,"{""effective_votes"": 314.1442909390794, ""joint_votes"": 471, ""standard_error"": 0.023681923479073}",0.6479464044284517,0.25,0.5555555555555556,un_digital_library_voting_2026_02_06,UN Digital Library General Assembly Voting Data,data/mgimo_validation_project/data/raw/un_voting/ga_voting_2026_02_06.csv.gz,2021-2025,0-1,calculated_from_official_roll_calls,"weighted agreement: exact=1, abstention mismatch=0.5, yes/no opposition=0; recency half-life 3y; entropy weighting",True,not_available_local_reference_file,9ff399d43cebf2044071d6247dfee43df697bb4c2e6818bf647b0dcdc42e132e,mgimo_platform2.models.friendliness_v2::build_friendliness_index_v3,
friendliness_receptivity_ex_ante_v4,GAB,Gabon,2025,F_POLICY_ACCESS,"{""listed_in_430r"": false}",1.0,0.2,0.4444444444444445,russia_unfriendly_countries_430r,Government of Russia disposition No. 430-r country list,data/reference/unfriendly_countries_russia_430r.csv,2025,0-1,official_reference,"1 if not listed; 0 if listed; administrative access indicator, not public opinion",True,not_available_local_reference_file,97846f295cbea6b00f7507ab14e330b3ba442cd7c639205e7b7b1b21e82655fc,mgimo_platform2.models.friendliness_v2::build_friendliness_index_v3,This component measures the current formal policy constraint only.
friendliness_receptivity_ex_ante_v4,GBR,United Kingdom,2025,F_DIPLOMATIC_ALIGNMENT,"{""effective_votes"": 364.404973519711, ""joint_votes"": 549, ""standard_error"": 0.0230198360482696}",0.4404608867206844,0.25,0.3846153846153846,un_digital_library_voting_2026_02_06,UN Digital Library General Assembly Voting Data,data/mgimo_validation_project/data/raw/un_voting/ga_voting_2026_02_06.csv.gz,2021-2025,0-1,calculated_from_official_roll_calls,"weighted agreement: exact=1, abstention mismatch=0.5, yes/no opposition=0; recency half-life 3y; entropy weighting",True,not_available_local_reference_file,a737e2bbbf5650987c042ab37301058409aabc3db36d4da78891d70db7295167,mgimo_platform2.models.friendliness_v2::build_friendliness_index_v3,
friendliness_receptivity_ex_ante_v4,GBR,United Kingdom,2025,F_POLICY_ACCESS,"{""listed_in_430r"": true}",0.0,0.2,0.3076923076923077,russia_unfriendly_countries_430r,Government of Russia disposition No. 430-r country list,data/reference/unfriendly_countries_russia_430r.csv,2025,0-1,official_reference,"1 if not listed; 0 if listed; administrative access indicator, not public opinion",True,not_available_local_reference_file,bf78f7993906733e10e43504059a4f643e7c03f8c7622d8c32d46f33a81367d9,mgimo_platform2.models.friendliness_v2::build_friendliness_index_v3,This component measures the current formal policy constraint only.
friendliness_receptivity_ex_ante_v4,GBR,United Kingdom,2025,F_SURVEY_RUSSIA_ATTITUDE,"{""dk_refused"": 1, ""favorable_percent"": 10.0, ""question"": ""Q3f. Overall opinion of Russia"", ""somewhat_favorable"": 7, ""somewhat_unfavorable"": 23, ""unfavorable_percent"": 90.0, ""very_favorable"": 3, ""very_unfavorable"": 67}",0.1,0.2,0.3076923076923077,pew_global_attitudes_russia_2023_q3f,Pew Research Center Spring 2023 Global Attitudes Survey topline,https://www.pewresearch.org/global/wp-content/uploads/sites/2/2023/07/PG_2023.07.10_Russia-NATO_Topline.pdf,2023,0-1,published_national_sample_survey,published favorable opinion of Russia / 100; no interpolation to countries not surveyed,True,not_available_local_reference_file,523f8f296191c4ae7b5d1ecc3ced47c6488aaa5d5f5788a6e9789f3af4a2983c,mgimo_platform2.models.friendliness_v2::build_friendliness_index_v3,Pew Q3f national-sample response; survey absence remains missing evidence.
friendliness_receptivity_ex_ante_v4,GEO,Georgia,2025,F_DIPLOMATIC_ALIGNMENT,"{""effective_votes"": 352.54567309679453, ""joint_votes"": 531, ""standard_error"": 0.0193464064288724}",0.4666143443795429,0.25,0.4166666666666667,un_digital_library_voting_2026_02_06,UN Digital Library General Assembly Voting Data,data/mgimo_validation_project/data/raw/un_voting/ga_voting_2026_02_06.csv.gz,2021-2025,0-1,calculated_from_official_roll_calls,"weighted agreement: exact=1, abstention mismatch=0.5, yes/no opposition=0; recency half-life 3y; entropy weighting",True,not_available_local_reference_file,0a386dd003c272c8c3c4e5560a1d3ce25a7530054e2efcef98c3743ac532e28e,mgimo_platform2.models.friendliness_v2::build_friendliness_index_v3,
friendliness_receptivity_ex_ante_v4,GEO,Georgia,2025,F_POLICY_ACCESS,"{""listed_in_430r"": false}",1.0,0.2,0.3333333333333333,russia_unfriendly_countries_430r,Government of Russia disposition No. 430-r country list,data/reference/unfriendly_countries_russia_430r.csv,2025,0-1,official_reference,"1 if not listed; 0 if listed; administrative access indicator, not public opinion",True,not_available_local_reference_file,97846f295cbea6b00f7507ab14e330b3ba442cd7c639205e7b7b1b21e82655fc,mgimo_platform2.models.friendliness_v2::build_friendliness_index_v3,This component measures the current formal policy constraint only.
friendliness_receptivity_ex_ante_v4,GEO,Georgia,2025,F_RUSSIAN_LANGUAGE_ENVIRONMENT,"{""official_status"": ""not_official"", ""population_percent"": 9.0}",0.2249999999999999,0.15,0.25,unicode_cldr_territory_languages,Unicode CLDR Supplemental Territory Information,https://unicode.org/reports/tr35/tr35-info.html#Territory_Information,CLDR/Babel 2.18.0,0-1,reference_estimate,0.75*sqrt(functional_population_share)+0.25*official_status_score,True,package_version:Babel 2.18.0,982d4993bbe3e50ea3974ff522721f24e7a5c2547174fa95812a90f46a732861,mgimo_platform2.models.friendliness_v2::build_russian_language_environment,"Missing CLDR language rows remain missing, not zero."
friendliness_receptivity_ex_ante_v4,GHA,Ghana,2025,F_DIPLOMATIC_ALIGNMENT,"{""effective_votes"": 339.14083666222564, ""joint_votes"": 507, ""standard_error"": 0.0231254083283651}",0.6289433531280191,0.25,0.5555555555555556,un_digital_library_voting_2026_02_06,UN Digital Library General Assembly Voting Data,data/mgimo_validation_project/data/raw/un_voting/ga_voting_2026_02_06.csv.gz,2021-2025,0-1,calculated_from_official_roll_calls,"weighted agreement: exact=1, abstention mismatch=0.5, yes/no opposition=0; recency half-life 3y; entropy weighting",True,not_available_local_reference_file,68e0225c78ace84ee73bdb86cc46724d8f5ac28476655dc30f9372f9121050f7,mgimo_platform2.models.friendliness_v2::build_friendliness_index_v3,
friendliness_receptivity_ex_ante_v4,GHA,Ghana,2025,F_POLICY_ACCESS,"{""listed_in_430r"": false}",1.0,0.2,0.4444444444444445,russia_unfriendly_countries_430r,Government of Russia disposition No. 430-r country list,data/reference/unfriendly_countries_russia_430r.csv,2025,0-1,official_reference,"1 if not listed; 0 if listed; administrative access indicator, not public opinion",True,not_available_local_reference_file,97846f295cbea6b00f7507ab14e330b3ba442cd7c639205e7b7b1b21e82655fc,mgimo_platform2.models.friendliness_v2::build_friendliness_index_v3,This component measures the current formal policy constraint only.
friendliness_receptivity_ex_ante_v4,GIB,Gibraltar,2025,F_POLICY_ACCESS,"{""listed_in_430r"": true}",0.0,0.2,1.0,russia_unfriendly_countries_430r,Government of Russia disposition No. 430-r country list,data/reference/unfriendly_countries_russia_430r.csv,2025,0-1,official_reference,"1 if not listed; 0 if listed; administrative access indicator, not public opinion",True,not_available_local_reference_file,bf78f7993906733e10e43504059a4f643e7c03f8c7622d8c32d46f33a81367d9,mgimo_platform2.models.friendliness_v2::build_friendliness_index_v3,This component measures the current formal policy constraint only.
friendliness_receptivity_ex_ante_v4,GIN,Guinea,2025,F_DIPLOMATIC_ALIGNMENT,"{""effective_votes"": 313.9243302359641, ""joint_votes"": 472, ""standard_error"": 0.0231637586858788}",0.642062519784583,0.25,0.5555555555555556,un_digital_library_voting_2026_02_06,UN Digital Library General Assembly Voting Data,data/mgimo_validation_project/data/raw/un_voting/ga_voting_2026_02_06.csv.gz,2021-2025,0-1,calculated_from_official_roll_calls,"weighted agreement: exact=1, abstention mismatch=0.5, yes/no opposition=0; recency half-life 3y; entropy weighting",True,not_available_local_reference_file,89904ea9feefaa50a6783287feaf2fb678b9a82eadf0b98d5f3c7075e4d49b0e,mgimo_platform2.models.friendliness_v2::build_friendliness_index_v3,
friendliness_receptivity_ex_ante_v4,GIN,Guinea,2025,F_POLICY_ACCESS,"{""listed_in_430r"": false}",1.0,0.2,0.4444444444444445,russia_unfriendly_countries_430r,Government of Russia disposition No. 430-r country list,data/reference/unfriendly_countries_russia_430r.csv,2025,0-1,official_reference,"1 if not listed; 0 if listed; administrative access indicator, not public opinion",True,not_available_local_reference_file,97846f295cbea6b00f7507ab14e330b3ba442cd7c639205e7b7b1b21e82655fc,mgimo_platform2.models.friendliness_v2::build_friendliness_index_v3,This component measures the current formal policy constraint only.
friendliness_receptivity_ex_ante_v4,GMB,"Gambia, The",2025,F_DIPLOMATIC_ALIGNMENT,"{""effective_votes"": 329.6979315621201, ""joint_votes"": 497, ""standard_error"": 0.0237153332053761}",0.6275486993159409,0.25,0.5555555555555556,un_digital_library_voting_2026_02_06,UN Digital Library General Assembly Voting Data,data/mgimo_validation_project/data/raw/un_voting/ga_voting_2026_02_06.csv.gz,2021-2025,0-1,calculated_from_official_roll_calls,"weighted agreement: exact=1, abstention mismatch=0.5, yes/no opposition=0; recency half-life 3y; entropy weighting",True,not_available_local_reference_file,aa0f8ac70a3ccac37794d7b6760bf2701ffec34230520455f02a74e8a7e5db99,mgimo_platform2.models.friendliness_v2::build_friendliness_index_v3,
friendliness_receptivity_ex_ante_v4,GMB,"Gambia, The",2025,F_POLICY_ACCESS,"{""listed_in_430r"": false}",1.0,0.2,0.4444444444444445,russia_unfriendly_countries_430r,Government of Russia disposition No. 430-r country list,data/reference/unfriendly_countries_russia_430r.csv,2025,0-1,official_reference,"1 if not listed; 0 if listed; administrative access indicator, not public opinion",True,not_available_local_reference_file,97846f295cbea6b00f7507ab14e330b3ba442cd7c639205e7b7b1b21e82655fc,mgimo_platform2.models.friendliness_v2::build_friendliness_index_v3,This component measures the current formal policy constraint only.
friendliness_receptivity_ex_ante_v4,GNB,Guinea-Bissau,2025,F_DIPLOMATIC_ALIGNMENT,"{""effective_votes"": 301.02019082111786, ""joint_votes"": 450, ""standard_error"": 0.0239310869624075}",0.6519110433965197,0.25,0.5555555555555556,un_digital_library_voting_2026_02_06,UN Digital Library General Assembly Voting Data,data/mgimo_validation_project/data/raw/un_voting/ga_voting_2026_02_06.csv.gz,2021-2025,0-1,calculated_from_official_roll_calls,"weighted agreement: exact=1, abstention mismatch=0.5, yes/no opposition=0; recency half-life 3y; entropy weighting",True,not_available_local_reference_file,5e864711eafb625ca90531e62a8fb3b1a08f5c223d62e4c4c229a664e67cb362,mgimo_platform2.models.friendliness_v2::build_friendliness_index_v3,
friendliness_receptivity_ex_ante_v4,GNB,Guinea-Bissau,2025,F_POLICY_ACCESS,"{""listed_in_430r"": false}",1.0,0.2,0.4444444444444445,russia_unfriendly_countries_430r,Government of Russia disposition No. 430-r country list,data/reference/unfriendly_countries_russia_430r.csv,2025,0-1,official_reference,"1 if not listed; 0 if listed; administrative access indicator, not public opinion",True,not_available_local_reference_file,97846f295cbea6b00f7507ab14e330b3ba442cd7c639205e7b7b1b21e82655fc,mgimo_platform2.models.friendliness_v2::build_friendliness_index_v3,This component measures the current formal policy constraint only.
friendliness_receptivity_ex_ante_v4,GNQ,Equatorial Guinea,2025,F_DIPLOMATIC_ALIGNMENT,"{""effective_votes"": 261.19947016673547, ""joint_votes"": 412, ""standard_error"": 0.0256688701953365}",0.6691574319022485,0.25,0.5555555555555556,un_digital_library_voting_2026_02_06,UN Digital Library General Assembly Voting Data,data/mgimo_validation_project/data/raw/un_voting/ga_voting_2026_02_06.csv.gz,2021-2025,0-1,calculated_from_official_roll_calls,"weighted agreement: exact=1, abstention mismatch=0.5, yes/no opposition=0; recency half-life 3y; entropy weighting",True,not_available_local_reference_file,0699f4e9baae8b6bbce0b7dfb5b4685bd779497e7873d22d2f54fb0e21ba54f8,mgimo_platform2.models.friendliness_v2::build_friendliness_index_v3,
friendliness_receptivity_ex_ante_v4,GNQ,Equatorial Guinea,2025,F_POLICY_ACCESS,"{""listed_in_430r"": false}",1.0,0.2,0.4444444444444445,russia_unfriendly_countries_430r,Government of Russia disposition No. 430-r country list,data/reference/unfriendly_countries_russia_430r.csv,2025,0-1,official_reference,"1 if not listed; 0 if listed; administrative access indicator, not public opinion",True,not_available_local_reference_file,97846f295cbea6b00f7507ab14e330b3ba442cd7c639205e7b7b1b21e82655fc,mgimo_platform2.models.friendliness_v2::build_friendliness_index_v3,This component measures the current formal policy constraint only.
friendliness_receptivity_ex_ante_v4,GRC,Greece,2025,F_DIPLOMATIC_ALIGNMENT,"{""effective_votes"": 365.4032529629821, ""joint_votes"": 550, ""standard_error"": 0.0219580893201443}",0.4880093936561728,0.25,0.3846153846153846,un_digital_library_voting_2026_02_06,UN Digital Library General Assembly Voting Data,data/mgimo_validation_project/data/raw/un_voting/ga_voting_2026_02_06.csv.gz,2021-2025,0-1,calculated_from_official_roll_calls,"weighted agreement: exact=1, abstention mismatch=0.5, yes/no opposition=0; recency half-life 3y; entropy weighting",True,not_available_local_reference_file,6e27cb01ea4066efa2033080f477923f2a7de10e9d7a6be5af240490c77cbf4e,mgimo_platform2.models.friendliness_v2::build_friendliness_index_v3,
friendliness_receptivity_ex_ante_v4,GRC,Greece,2025,F_POLICY_ACCESS,"{""listed_in_430r"": true}",0.0,0.2,0.3076923076923077,russia_unfriendly_countries_430r,Government of Russia disposition No. 430-r country list,data/reference/unfriendly_countries_russia_430r.csv,2025,0-1,official_reference,"1 if not listed; 0 if listed; administrative access indicator, not public opinion",True,not_available_local_reference_file,bf78f7993906733e10e43504059a4f643e7c03f8c7622d8c32d46f33a81367d9,mgimo_platform2.models.friendliness_v2::build_friendliness_index_v3,This component measures the current formal policy constraint only.
friendliness_receptivity_ex_ante_v4,GRC,Greece,2025,F_SURVEY_RUSSIA_ATTITUDE,"{""dk_refused"": 3, ""favorable_percent"": 32.0, ""question"": ""Q3f. Overall opinion of Russia"", ""somewhat_favorable"": 23, ""somewhat_unfavorable"": 34, ""unfavorable_percent"": 66.0, ""very_favorable"": 9, ""very_unfavorable"": 32}",0.32,0.2,0.3076923076923077,pew_global_attitudes_russia_2023_q3f,Pew Research Center Spring 2023 Global Attitudes Survey topline,https://www.pewresearch.org/global/wp-content/uploads/sites/2/2023/07/PG_2023.07.10_Russia-NATO_Topline.pdf,2023,0-1,published_national_sample_survey,published favorable opinion of Russia / 100; no interpolation to countries not surveyed,True,not_available_local_reference_file,704ab26da0180382ecfcf96ec2763e4ca359beed9c5cbbb653ce5aa681cb9e38,mgimo_platform2.models.friendliness_v2::build_friendliness_index_v3,Pew Q3f national-sample response; survey absence remains missing evidence.
friendliness_receptivity_ex_ante_v4,GRD,Grenada,2025,F_DIPLOMATIC_ALIGNMENT,"{""effective_votes"": 272.595306579566, ""joint_votes"": 404, ""standard_error"": 0.0255452157627816}",0.6498156035874958,0.25,0.5555555555555556,un_digital_library_voting_2026_02_06,UN Digital Library General Assembly Voting Data,data/mgimo_validation_project/data/raw/un_voting/ga_voting_2026_02_06.csv.gz,2021-2025,0-1,calculated_from_official_roll_calls,"weighted agreement: exact=1, abstention mismatch=0.5, yes/no opposition=0; recency half-life 3y; entropy weighting",True,not_available_local_reference_file,36c1c8ac4c9dd274a7faf30d04f0ac05f5d2b7c87d7ce51ca957e35ddb18057f,mgimo_platform2.models.friendliness_v2::build_friendliness_index_v3,
friendliness_receptivity_ex_ante_v4,GRD,Grenada,2025,F_POLICY_ACCESS,"{""listed_in_430r"": false}",1.0,0.2,0.4444444444444445,russia_unfriendly_countries_430r,Government of Russia disposition No. 430-r country list,data/reference/unfriendly_countries_russia_430r.csv,2025,0-1,official_reference,"1 if not listed; 0 if listed; administrative access indicator, not public opinion",True,not_available_local_reference_file,97846f295cbea6b00f7507ab14e330b3ba442cd7c639205e7b7b1b21e82655fc,mgimo_platform2.models.friendliness_v2::build_friendliness_index_v3,This component measures the current formal policy constraint only.
friendliness_receptivity_ex_ante_v4,GRL,Greenland,2025,F_POLICY_ACCESS,"{""listed_in_430r"": false}",1.0,0.2,1.0,russia_unfriendly_countries_430r,Government of Russia disposition No. 430-r country list,data/reference/unfriendly_countries_russia_430r.csv,2025,0-1,official_reference,"1 if not listed; 0 if listed; administrative access indicator, not public opinion",True,not_available_local_reference_file,97846f295cbea6b00f7507ab14e330b3ba442cd7c639205e7b7b1b21e82655fc,mgimo_platform2.models.friendliness_v2::build_friendliness_index_v3,This component measures the current formal policy constraint only.
friendliness_receptivity_ex_ante_v4,GTM,Guatemala,2025,F_DIPLOMATIC_ALIGNMENT,"{""effective_votes"": 365.0253703161753, ""joint_votes"": 549, ""standard_error"": 0.0234279063984064}",0.5487892321006991,0.25,0.5555555555555556,un_digital_library_voting_2026_02_06,UN Digital Library General Assembly Voting Data,data/mgimo_validation_project/data/raw/un_voting/ga_voting_2026_02_06.csv.gz,2021-2025,0-1,calculated_from_official_roll_calls,"weighted agreement: exact=1, abstention mismatch=0.5, yes/no opposition=0; recency half-life 3y; entropy weighting",True,not_available_local_reference_file,5b7baeba0df357dad7e6bc74cad4858bc00bdbf88b2e7340c9701be4c6bb4363,mgimo_platform2.models.friendliness_v2::build_friendliness_index_v3,
friendliness_receptivity_ex_ante_v4,GTM,Guatemala,2025,F_POLICY_ACCESS,"{""listed_in_430r"": false}",1.0,0.2,0.4444444444444445,russia_unfriendly_countries_430r,Government of Russia disposition No. 430-r country list,data/reference/unfriendly_countries_russia_430r.csv,2025,0-1,official_reference,"1 if not listed; 0 if listed; administrative access indicator, not public opinion",True,not_available_local_reference_file,97846f295cbea6b00f7507ab14e330b3ba442cd7c639205e7b7b1b21e82655fc,mgimo_platform2.models.friendliness_v2::build_friendliness_index_v3,This component measures the current formal policy constraint only.
friendliness_receptivity_ex_ante_v4,GUM,Guam,2025,F_POLICY_ACCESS,"{""listed_in_430r"": false}",1.0,0.2,1.0,russia_unfriendly_countries_430r,Government of Russia disposition No. 430-r country list,data/reference/unfriendly_countries_russia_430r.csv,2025,0-1,official_reference,"1 if not listed; 0 if listed; administrative access indicator, not public opinion",True,not_available_local_reference_file,97846f295cbea6b00f7507ab14e330b3ba442cd7c639205e7b7b1b21e82655fc,mgimo_platform2.models.friendliness_v2::build_friendliness_index_v3,This component measures the current formal policy constraint only.
friendliness_receptivity_ex_ante_v4,GUY,Guyana,2025,F_DIPLOMATIC_ALIGNMENT,"{""effective_votes"": 364.6741782558319, ""joint_votes"": 548, ""standard_error"": 0.023155278420063}",0.6078890808814624,0.25,0.5555555555555556,un_digital_library_voting_2026_02_06,UN Digital Library General Assembly Voting Data,data/mgimo_validation_project/data/raw/un_voting/ga_voting_2026_02_06.csv.gz,2021-2025,0-1,calculated_from_official_roll_calls,"weighted agreement: exact=1, abstention mismatch=0.5, yes/no opposition=0; recency half-life 3y; entropy weighting",True,not_available_local_reference_file,1cfc7ce05d0ca73db4a289d1d6794d8ee77eff07eaee26e371fec86c85f2fe16,mgimo_platform2.models.friendliness_v2::build_friendliness_index_v3,
friendliness_receptivity_ex_ante_v4,GUY,Guyana,2025,F_POLICY_ACCESS,"{""listed_in_430r"": false}",1.0,0.2,0.4444444444444445,russia_unfriendly_countries_430r,Government of Russia disposition No. 430-r country list,data/reference/unfriendly_countries_russia_430r.csv,2025,0-1,official_reference,"1 if not listed; 0 if listed; administrative access indicator, not public opinion",True,not_available_local_reference_file,97846f295cbea6b00f7507ab14e330b3ba442cd7c639205e7b7b1b21e82655fc,mgimo_platform2.models.friendliness_v2::build_friendliness_index_v3,This component measures the current formal policy constraint only.
friendliness_receptivity_ex_ante_v4,HKG,"Hong Kong SAR, China",2025,F_POLICY_ACCESS,"{""listed_in_430r"": false}",1.0,0.2,1.0,russia_unfriendly_countries_430r,Government of Russia disposition No. 430-r country list,data/reference/unfriendly_countries_russia_430r.csv,2025,0-1,official_reference,"1 if not listed; 0 if listed; administrative access indicator, not public opinion",True,not_available_local_reference_file,97846f295cbea6b00f7507ab14e330b3ba442cd7c639205e7b7b1b21e82655fc,mgimo_platform2.models.friendliness_v2::build_friendliness_index_v3,This component measures the current formal policy constraint only.
friendliness_receptivity_ex_ante_v4,HND,Honduras,2025,F_DIPLOMATIC_ALIGNMENT,"{""effective_votes"": 353.5909092753962, ""joint_votes"": 528, ""standard_error"": 0.0234137949203868}",0.5859778006925664,0.25,0.5555555555555556,un_digital_library_voting_2026_02_06,UN Digital Library General Assembly Voting Data,data/mgimo_validation_project/data/raw/un_voting/ga_voting_2026_02_06.csv.gz,2021-2025,0-1,calculated_from_official_roll_calls,"weighted agreement: exact=1, abstention mismatch=0.5, yes/no opposition=0; recency half-life 3y; entropy weighting",True,not_available_local_reference_file,e4538c2b11fbf8eac289dc8f4ff0cdd7773cb63a92211f0853869ac98b188632,mgimo_platform2.models.friendliness_v2::build_friendliness_index_v3,
friendliness_receptivity_ex_ante_v4,HND,Honduras,2025,F_POLICY_ACCESS,"{""listed_in_430r"": false}",1.0,0.2,0.4444444444444445,russia_unfriendly_countries_430r,Government of Russia disposition No. 430-r country list,data/reference/unfriendly_countries_russia_430r.csv,2025,0-1,official_reference,"1 if not listed; 0 if listed; administrative access indicator, not public opinion",True,not_available_local_reference_file,97846f295cbea6b00f7507ab14e330b3ba442cd7c639205e7b7b1b21e82655fc,mgimo_platform2.models.friendliness_v2::build_friendliness_index_v3,This component measures the current formal policy constraint only.
friendliness_receptivity_ex_ante_v4,HRV,Croatia,2025,F_DIPLOMATIC_ALIGNMENT,"{""effective_votes"": 365.065998040652, ""joint_votes"": 549, ""standard_error"": 0.0219130730989826}",0.4527631242084023,0.25,0.5555555555555556,un_digital_library_voting_2026_02_06,UN Digital Library General Assembly Voting Data,data/mgimo_validation_project/data/raw/un_voting/ga_voting_2026_02_06.csv.gz,2021-2025,0-1,calculated_from_official_roll_calls,"weighted agreement: exact=1, abstention mismatch=0.5, yes/no opposition=0; recency half-life 3y; entropy weighting",True,not_available_local_reference_file,1d3b4afca58470a77a83ca160ebdf6d5271eb8890bc4c7d5bc49e7c8446089cf,mgimo_platform2.models.friendliness_v2::build_friendliness_index_v3,
friendliness_receptivity_ex_ante_v4,HRV,Croatia,2025,F_POLICY_ACCESS,"{""listed_in_430r"": true}",0.0,0.2,0.4444444444444445,russia_unfriendly_countries_430r,Government of Russia disposition No. 430-r country list,data/reference/unfriendly_countries_russia_430r.csv,2025,0-1,official_reference,"1 if not listed; 0 if listed; administrative access indicator, not public opinion",True,not_available_local_reference_file,bf78f7993906733e10e43504059a4f643e7c03f8c7622d8c32d46f33a81367d9,mgimo_platform2.models.friendliness_v2::build_friendliness_index_v3,This component measures the current formal policy constraint only.
friendliness_receptivity_ex_ante_v4,HTI,Haiti,2025,F_DIPLOMATIC_ALIGNMENT,"{""effective_votes"": 316.2829703285044, ""joint_votes"": 483, ""standard_error"": 0.0243486501165931}",0.6012568063904019,0.25,0.5555555555555556,un_digital_library_voting_2026_02_06,UN Digital Library General Assembly Voting Data,data/mgimo_validation_project/data/raw/un_voting/ga_voting_2026_02_06.csv.gz,2021-2025,0-1,calculated_from_official_roll_calls,"weighted agreement: exact=1, abstention mismatch=0.5, yes/no opposition=0; recency half-life 3y; entropy weighting",True,not_available_local_reference_file,460536e3e655533e2de30967077767b148fc8c131cfa924a607db49c49398c14,mgimo_platform2.models.friendliness_v2::build_friendliness_index_v3,
friendliness_receptivity_ex_ante_v4,HTI,Haiti,2025,F_POLICY_ACCESS,"{""listed_in_430r"": false}",1.0,0.2,0.4444444444444445,russia_unfriendly_countries_430r,Government of Russia disposition No. 430-r country list,data/reference/unfriendly_countries_russia_430r.csv,2025,0-1,official_reference,"1 if not listed; 0 if listed; administrative access indicator, not public opinion",True,not_available_local_reference_file,97846f295cbea6b00f7507ab14e330b3ba442cd7c639205e7b7b1b21e82655fc,mgimo_platform2.models.friendliness_v2::build_friendliness_index_v3,This component measures the current formal policy constraint only.
friendliness_receptivity_ex_ante_v4,HUN,Hungary,2025,F_DIPLOMATIC_ALIGNMENT,"{""effective_votes"": 365.4032529629821, ""joint_votes"": 550, ""standard_error"": 0.0216331273747833}",0.4327811955700809,0.25,0.2941176470588235,un_digital_library_voting_2026_02_06,UN Digital Library General Assembly Voting Data,data/mgimo_validation_project/data/raw/un_voting/ga_voting_2026_02_06.csv.gz,2021-2025,0-1,calculated_from_official_roll_calls,"weighted agreement: exact=1, abstention mismatch=0.5, yes/no opposition=0; recency half-life 3y; entropy weighting",True,not_available_local_reference_file,26a0d746b354d196621752c0cfd236323e811806d6bad2f9d95ebce64bc78c4b,mgimo_platform2.models.friendliness_v2::build_friendliness_index_v3,
friendliness_receptivity_ex_ante_v4,HUN,Hungary,2025,F_INSTITUTIONAL_TIES,"{""existing_presence"": false, ""partner_count"": 3, ""strategic_partner_count"": 1}",0.5789612327428413,0.2,0.2352941176470588,mgimo_verified_partner_and_presence_registry,MGIMO verified partner and presence registry,data/reference/mgimo_partner_universities.csv;data/reference/mgimo_existing_presence.csv,2025,0-1,official_or_reference,0.7*log-normalized partner signal + 0.3*verified presence,True,not_available_local_reference_file,e5552c7d7eb5e764257bcfcecb0bac700f404f8f93f0aa4296dc66a032ffbf66,mgimo_platform2.models.friendliness_v2::build_friendliness_index_v3,"No registry row is treated as missing, not as evidence of zero ties."
friendliness_receptivity_ex_ante_v4,HUN,Hungary,2025,F_POLICY_ACCESS,"{""listed_in_430r"": true}",0.0,0.2,0.2352941176470588,russia_unfriendly_countries_430r,Government of Russia disposition No. 430-r country list,data/reference/unfriendly_countries_russia_430r.csv,2025,0-1,official_reference,"1 if not listed; 0 if listed; administrative access indicator, not public opinion",True,not_available_local_reference_file,bf78f7993906733e10e43504059a4f643e7c03f8c7622d8c32d46f33a81367d9,mgimo_platform2.models.friendliness_v2::build_friendliness_index_v3,This component measures the current formal policy constraint only.
friendliness_receptivity_ex_ante_v4,HUN,Hungary,2025,F_SURVEY_RUSSIA_ATTITUDE,"{""dk_refused"": 3, ""favorable_percent"": 23.0, ""question"": ""Q3f. Overall opinion of Russia"", ""somewhat_favorable"": 21, ""somewhat_unfavorable"": 34, ""unfavorable_percent"": 73.0, ""very_favorable"": 2, ""very_unfavorable"": 39}",0.23,0.2,0.2352941176470588,pew_global_attitudes_russia_2023_q3f,Pew Research Center Spring 2023 Global Attitudes Survey topline,https://www.pewresearch.org/global/wp-content/uploads/sites/2/2023/07/PG_2023.07.10_Russia-NATO_Topline.pdf,2023,0-1,published_national_sample_survey,published favorable opinion of Russia / 100; no interpolation to countries not surveyed,True,not_available_local_reference_file,3d7b8e74eb089a8b40cbaa36389a5dac92bc22cd3c27a6c316c7116e64377ab3,mgimo_platform2.models.friendliness_v2::build_friendliness_index_v3,Pew Q3f national-sample response; survey absence remains missing evidence.
friendliness_receptivity_ex_ante_v4,IDN,Indonesia,2025,F_DIPLOMATIC_ALIGNMENT,"{""effective_votes"": 365.4032529629821, ""joint_votes"": 550, ""standard_error"": 0.0216889143252649}",0.6597028175799923,0.25,0.3846153846153846,un_digital_library_voting_2026_02_06,UN Digital Library General Assembly Voting Data,data/mgimo_validation_project/data/raw/un_voting/ga_voting_2026_02_06.csv.gz,2021-2025,0-1,calculated_from_official_roll_calls,"weighted agreement: exact=1, abstention mismatch=0.5, yes/no opposition=0; recency half-life 3y; entropy weighting",True,not_available_local_reference_file,dff167ce758deffa0932890b380e6d97ffddd2b731c11d4c822dd61d8e565486,mgimo_platform2.models.friendliness_v2::build_friendliness_index_v3,
friendliness_receptivity_ex_ante_v4,IDN,Indonesia,2025,F_POLICY_ACCESS,"{""listed_in_430r"": false}",1.0,0.2,0.3076923076923077,russia_unfriendly_countries_430r,Government of Russia disposition No. 430-r country list,data/reference/unfriendly_countries_russia_430r.csv,2025,0-1,official_reference,"1 if not listed; 0 if listed; administrative access indicator, not public opinion",True,not_available_local_reference_file,97846f295cbea6b00f7507ab14e330b3ba442cd7c639205e7b7b1b21e82655fc,mgimo_platform2.models.friendliness_v2::build_friendliness_index_v3,This component measures the current formal policy constraint only.
friendliness_receptivity_ex_ante_v4,IDN,Indonesia,2025,F_SURVEY_RUSSIA_ATTITUDE,"{""dk_refused"": 27, ""favorable_percent"": 42.0, ""question"": ""Q3f. Overall opinion of Russia"", ""somewhat_favorable"": 32, ""somewhat_unfavorable"": 24, ""unfavorable_percent"": 30.0, ""very_favorable"": 10, ""very_unfavorable"": 6}",0.42,0.2,0.3076923076923077,pew_global_attitudes_russia_2023_q3f,Pew Research Center Spring 2023 Global Attitudes Survey topline,https://www.pewresearch.org/global/wp-content/uploads/sites/2/2023/07/PG_2023.07.10_Russia-NATO_Topline.pdf,2023,0-1,published_national_sample_survey,published favorable opinion of Russia / 100; no interpolation to countries not surveyed,True,not_available_local_reference_file,f04f11196f90d30d8bb7d3e074380726b4073c0c69f892fdbabe26f330a471f9,mgimo_platform2.models.friendliness_v2::build_friendliness_index_v3,Pew Q3f national-sample response; survey absence remains missing evidence.
friendliness_receptivity_ex_ante_v4,IMN,Isle of Man,2025,F_POLICY_ACCESS,"{""listed_in_430r"": true}",0.0,0.2,1.0,russia_unfriendly_countries_430r,Government of Russia disposition No. 430-r country list,data/reference/unfriendly_countries_russia_430r.csv,2025,0-1,official_reference,"1 if not listed; 0 if listed; administrative access indicator, not public opinion",True,not_available_local_reference_file,bf78f7993906733e10e43504059a4f643e7c03f8c7622d8c32d46f33a81367d9,mgimo_platform2.models.friendliness_v2::build_friendliness_index_v3,This component measures the current formal policy constraint only.
friendliness_receptivity_ex_ante_v4,IND,India,2025,F_DIPLOMATIC_ALIGNMENT,"{""effective_votes"": 364.92253878818633, ""joint_votes"": 548, ""standard_error"": 0.0174958785580513}",0.7248133186941919,0.25,0.3846153846153846,un_digital_library_voting_2026_02_06,UN Digital Library General Assembly Voting Data,data/mgimo_validation_project/data/raw/un_voting/ga_voting_2026_02_06.csv.gz,2021-2025,0-1,calculated_from_official_roll_calls,"weighted agreement: exact=1, abstention mismatch=0.5, yes/no opposition=0; recency half-life 3y; entropy weighting",True,not_available_local_reference_file,b69bb9d7a4eedd8e33fa26b7769a815f7d87b89a9bb86c9c25ffa5afecc9dea7,mgimo_platform2.models.friendliness_v2::build_friendliness_index_v3,
friendliness_receptivity_ex_ante_v4,IND,India,2025,F_POLICY_ACCESS,"{""listed_in_430r"": false}",1.0,0.2,0.3076923076923077,russia_unfriendly_countries_430r,Government of Russia disposition No. 430-r country list,data/reference/unfriendly_countries_russia_430r.csv,2025,0-1,official_reference,"1 if not listed; 0 if listed; administrative access indicator, not public opinion",True,not_available_local_reference_file,97846f295cbea6b00f7507ab14e330b3ba442cd7c639205e7b7b1b21e82655fc,mgimo_platform2.models.friendliness_v2::build_friendliness_index_v3,This component measures the current formal policy constraint only.
friendliness_receptivity_ex_ante_v4,IND,India,2025,F_SURVEY_RUSSIA_ATTITUDE,"{""dk_refused"": 11, ""favorable_percent"": 57.0, ""question"": ""Q3f. Overall opinion of Russia"", ""somewhat_favorable"": 34, ""somewhat_unfavorable"": 13, ""unfavorable_percent"": 31.0, ""very_favorable"": 23, ""very_unfavorable"": 18}",0.57,0.2,0.3076923076923077,pew_global_attitudes_russia_2023_q3f,Pew Research Center Spring 2023 Global Attitudes Survey topline,https://www.pewresearch.org/global/wp-content/uploads/sites/2/2023/07/PG_2023.07.10_Russia-NATO_Topline.pdf,2023,0-1,published_national_sample_survey,published favorable opinion of Russia / 100; no interpolation to countries not surveyed,True,not_available_local_reference_file,c000e3b60bbe8f5ef5ca2b1ce32f496a2efebab21a81383884c883f76a3c989a,mgimo_platform2.models.friendliness_v2::build_friendliness_index_v3,Pew Q3f national-sample response; survey absence remains missing evidence.
friendliness_receptivity_ex_ante_v4,IRL,Ireland,2025,F_DIPLOMATIC_ALIGNMENT,"{""effective_votes"": 365.4032529629821, ""joint_votes"": 550, ""standard_error"": 0.0217848722625901}",0.4101346311756654,0.25,0.5555555555555556,un_digital_library_voting_2026_02_06,UN Digital Library General Assembly Voting Data,data/mgimo_validation_project/data/raw/un_voting/ga_voting_2026_02_06.csv.gz,2021-2025,0-1,calculated_from_official_roll_calls,"weighted agreement: exact=1, abstention mismatch=0.5, yes/no opposition=0; recency half-life 3y; entropy weighting",True,not_available_local_reference_file,a111943b0b444d47ac7a21c16e6a3dee91754e1cf100ef87592d6514ac79f584,mgimo_platform2.models.friendliness_v2::build_friendliness_index_v3,
friendliness_receptivity_ex_ante_v4,IRL,Ireland,2025,F_POLICY_ACCESS,"{""listed_in_430r"": true}",0.0,0.2,0.4444444444444445,russia_unfriendly_countries_430r,Government of Russia disposition No. 430-r country list,data/reference/unfriendly_countries_russia_430r.csv,2025,0-1,official_reference,"1 if not listed; 0 if listed; administrative access indicator, not public opinion",True,not_available_local_reference_file,bf78f7993906733e10e43504059a4f643e7c03f8c7622d8c32d46f33a81367d9,mgimo_platform2.models.friendliness_v2::build_friendliness_index_v3,This component measures the current formal policy constraint only.
friendliness_receptivity_ex_ante_v4,IRN,"Iran, Islamic Rep.",2025,F_DIPLOMATIC_ALIGNMENT,"{""effective_votes"": 347.32315861881887, ""joint_votes"": 521, ""standard_error"": 0.0200058675409658}",0.7487489883475443,0.25,0.5555555555555556,un_digital_library_voting_2026_02_06,UN Digital Library General Assembly Voting Data,data/mgimo_validation_project/data/raw/un_voting/ga_voting_2026_02_06.csv.gz,2021-2025,0-1,calculated_from_official_roll_calls,"weighted agreement: exact=1, abstention mismatch=0.5, yes/no opposition=0; recency half-life 3y; entropy weighting",True,not_available_local_reference_file,4b5a9047e9b12008f57ec80203a230bc927756dc37ab6f759d144378e51cf871,mgimo_platform2.models.friendliness_v2::build_friendliness_index_v3,
friendliness_receptivity_ex_ante_v4,IRN,"Iran, Islamic Rep.",2025,F_POLICY_ACCESS,"{""listed_in_430r"": false}",1.0,0.2,0.4444444444444445,russia_unfriendly_countries_430r,Government of Russia disposition No. 430-r country list,data/reference/unfriendly_countries_russia_430r.csv,2025,0-1,official_reference,"1 if not listed; 0 if listed; administrative access indicator, not public opinion",True,not_available_local_reference_file,97846f295cbea6b00f7507ab14e330b3ba442cd7c639205e7b7b1b21e82655fc,mgimo_platform2.models.friendliness_v2::build_friendliness_index_v3,This component measures the current formal policy constraint only.
friendliness_receptivity_ex_ante_v4,IRQ,Iraq,2025,F_DIPLOMATIC_ALIGNMENT,"{""effective_votes"": 360.6413544044428, ""joint_votes"": 541, ""standard_error"": 0.0215232463314745}",0.6542175325713085,0.25,0.5555555555555556,un_digital_library_voting_2026_02_06,UN Digital Library General Assembly Voting Data,data/mgimo_validation_project/data/raw/un_voting/ga_voting_2026_02_06.csv.gz,2021-2025,0-1,calculated_from_official_roll_calls,"weighted agreement: exact=1, abstention mismatch=0.5, yes/no opposition=0; recency half-life 3y; entropy weighting",True,not_available_local_reference_file,a19ea32eca7568ccd06e5ce5dd0a89e127f9a2ec0bac8578ff7111418326f904,mgimo_platform2.models.friendliness_v2::build_friendliness_index_v3,
friendliness_receptivity_ex_ante_v4,IRQ,Iraq,2025,F_POLICY_ACCESS,"{""listed_in_430r"": false}",1.0,0.2,0.4444444444444445,russia_unfriendly_countries_430r,Government of Russia disposition No. 430-r country list,data/reference/unfriendly_countries_russia_430r.csv,2025,0-1,official_reference,"1 if not listed; 0 if listed; administrative access indicator, not public opinion",True,not_available_local_reference_file,97846f295cbea6b00f7507ab14e330b3ba442cd7c639205e7b7b1b21e82655fc,mgimo_platform2.models.friendliness_v2::build_friendliness_index_v3,This component measures the current formal policy constraint only.
friendliness_receptivity_ex_ante_v4,ISL,Iceland,2025,F_DIPLOMATIC_ALIGNMENT,"{""effective_votes"": 364.4201664166925, ""joint_votes"": 547, ""standard_error"": 0.0218171330975113}",0.4809297488872222,0.25,0.5555555555555556,un_digital_library_voting_2026_02_06,UN Digital Library General Assembly Voting Data,data/mgimo_validation_project/data/raw/un_voting/ga_voting_2026_02_06.csv.gz,2021-2025,0-1,calculated_from_official_roll_calls,"weighted agreement: exact=1, abstention mismatch=0.5, yes/no opposition=0; recency half-life 3y; entropy weighting",True,not_available_local_reference_file,7ece3715b0622251755afa99fb46c922a5a5dc4e291780c6bdc2960cb2d492da,mgimo_platform2.models.friendliness_v2::build_friendliness_index_v3,
friendliness_receptivity_ex_ante_v4,ISL,Iceland,2025,F_POLICY_ACCESS,"{""listed_in_430r"": true}",0.0,0.2,0.4444444444444445,russia_unfriendly_countries_430r,Government of Russia disposition No. 430-r country list,data/reference/unfriendly_countries_russia_430r.csv,2025,0-1,official_reference,"1 if not listed; 0 if listed; administrative access indicator, not public opinion",True,not_available_local_reference_file,bf78f7993906733e10e43504059a4f643e7c03f8c7622d8c32d46f33a81367d9,mgimo_platform2.models.friendliness_v2::build_friendliness_index_v3,This component measures the current formal policy constraint only.
friendliness_receptivity_ex_ante_v4,ISR,Israel,2025,F_DIPLOMATIC_ALIGNMENT,"{""effective_votes"": 345.6975355765509, ""joint_votes"": 496, ""standard_error"": 0.022137111307816}",0.3256445184755002,0.25,0.3125,un_digital_library_voting_2026_02_06,UN Digital Library General Assembly Voting Data,data/mgimo_validation_project/data/raw/un_voting/ga_voting_2026_02_06.csv.gz,2021-2025,0-1,calculated_from_official_roll_calls,"weighted agreement: exact=1, abstention mismatch=0.5, yes/no opposition=0; recency half-life 3y; entropy weighting",True,not_available_local_reference_file,88414ec697cecb8186f996866053ddd6f158f56fa1dc4eb897b4d61d0f71c450,mgimo_platform2.models.friendliness_v2::build_friendliness_index_v3,
friendliness_receptivity_ex_ante_v4,ISR,Israel,2025,F_POLICY_ACCESS,"{""listed_in_430r"": false}",1.0,0.2,0.25,russia_unfriendly_countries_430r,Government of Russia disposition No. 430-r country list,data/reference/unfriendly_countries_russia_430r.csv,2025,0-1,official_reference,"1 if not listed; 0 if listed; administrative access indicator, not public opinion",True,not_available_local_reference_file,97846f295cbea6b00f7507ab14e330b3ba442cd7c639205e7b7b1b21e82655fc,mgimo_platform2.models.friendliness_v2::build_friendliness_index_v3,This component measures the current formal policy constraint only.
friendliness_receptivity_ex_ante_v4,ISR,Israel,2025,F_RUSSIAN_LANGUAGE_ENVIRONMENT,"{""official_status"": ""not_official"", ""population_percent"": 11.0}",0.2487468592766549,0.15,0.1874999999999999,unicode_cldr_territory_languages,Unicode CLDR Supplemental Territory Information,https://unicode.org/reports/tr35/tr35-info.html#Territory_Information,CLDR/Babel 2.18.0,0-1,reference_estimate,0.75*sqrt(functional_population_share)+0.25*official_status_score,True,package_version:Babel 2.18.0,bf237f5ffae96614da0a1ec1b27d94f52b1a3add908655cb885cbd1358538e80,mgimo_platform2.models.friendliness_v2::build_russian_language_environment,"Missing CLDR language rows remain missing, not zero."
friendliness_receptivity_ex_ante_v4,ISR,Israel,2025,F_SURVEY_RUSSIA_ATTITUDE,"{""dk_refused"": 3, ""favorable_percent"": 13.0, ""question"": ""Q3f. Overall opinion of Russia"", ""somewhat_favorable"": 11, ""somewhat_unfavorable"": 25, ""unfavorable_percent"": 83.0, ""very_favorable"": 2, ""very_unfavorable"": 58}",0.13,0.2,0.25,pew_global_attitudes_russia_2023_q3f,Pew Research Center Spring 2023 Global Attitudes Survey topline,https://www.pewresearch.org/global/wp-content/uploads/sites/2/2023/07/PG_2023.07.10_Russia-NATO_Topline.pdf,2023,0-1,published_national_sample_survey,published favorable opinion of Russia / 100; no interpolation to countries not surveyed,True,not_available_local_reference_file,e1d736017e16733b263f232c30d1d0515ec8c26a21f665df7f4a6798be04cf4e,mgimo_platform2.models.friendliness_v2::build_friendliness_index_v3,Pew Q3f national-sample response; survey absence remains missing evidence.
friendliness_receptivity_ex_ante_v4,ITA,Italy,2025,F_DIPLOMATIC_ALIGNMENT,"{""effective_votes"": 363.7834641756346, ""joint_votes"": 545, ""standard_error"": 0.0217959552795174}",0.474429194619846,0.25,0.3846153846153846,un_digital_library_voting_2026_02_06,UN Digital Library General Assembly Voting Data,data/mgimo_validation_project/data/raw/un_voting/ga_voting_2026_02_06.csv.gz,2021-2025,0-1,calculated_from_official_roll_calls,"weighted agreement: exact=1, abstention mismatch=0.5, yes/no opposition=0; recency half-life 3y; entropy weighting",True,not_available_local_reference_file,aa15566cae7e84a9314a17ee92044dffcfa7603e81cc799dc4db3bfdb459e21c,mgimo_platform2.models.friendliness_v2::build_friendliness_index_v3,
friendliness_receptivity_ex_ante_v4,ITA,Italy,2025,F_POLICY_ACCESS,"{""listed_in_430r"": true}",0.0,0.2,0.3076923076923077,russia_unfriendly_countries_430r,Government of Russia disposition No. 430-r country list,data/reference/unfriendly_countries_russia_430r.csv,2025,0-1,official_reference,"1 if not listed; 0 if listed; administrative access indicator, not public opinion",True,not_available_local_reference_file,bf78f7993906733e10e43504059a4f643e7c03f8c7622d8c32d46f33a81367d9,mgimo_platform2.models.friendliness_v2::build_friendliness_index_v3,This component measures the current formal policy constraint only.
friendliness_receptivity_ex_ante_v4,ITA,Italy,2025,F_SURVEY_RUSSIA_ATTITUDE,"{""dk_refused"": 3, ""favorable_percent"": 18.0, ""question"": ""Q3f. Overall opinion of Russia"", ""somewhat_favorable"": 13, ""somewhat_unfavorable"": 30, ""unfavorable_percent"": 79.0, ""very_favorable"": 5, ""very_unfavorable"": 49}",0.18,0.2,0.3076923076923077,pew_global_attitudes_russia_2023_q3f,Pew Research Center Spring 2023 Global Attitudes Survey topline,https://www.pewresearch.org/global/wp-content/uploads/sites/2/2023/07/PG_2023.07.10_Russia-NATO_Topline.pdf,2023,0-1,published_national_sample_survey,published favorable opinion of Russia / 100; no interpolation to countries not surveyed,True,not_available_local_reference_file,aa1be424900248000ee180e33f3a34ecfbca47823057dbbbd9ef999bfde8babb,mgimo_platform2.models.friendliness_v2::build_friendliness_index_v3,Pew Q3f national-sample response; survey absence remains missing evidence.
friendliness_receptivity_ex_ante_v4,JAM,Jamaica,2025,F_DIPLOMATIC_ALIGNMENT,"{""effective_votes"": 351.29303138406624, ""joint_votes"": 532, ""standard_error"": 0.0239006779328728}",0.6082149538427888,0.25,0.5555555555555556,un_digital_library_voting_2026_02_06,UN Digital Library General Assembly Voting Data,data/mgimo_validation_project/data/raw/un_voting/ga_voting_2026_02_06.csv.gz,2021-2025,0-1,calculated_from_official_roll_calls,"weighted agreement: exact=1, abstention mismatch=0.5, yes/no opposition=0; recency half-life 3y; entropy weighting",True,not_available_local_reference_file,b79337928e056915907ad60ff93f250e4069d15d1fa2680e8be03252a694b4ff,mgimo_platform2.models.friendliness_v2::build_friendliness_index_v3,
friendliness_receptivity_ex_ante_v4,JAM,Jamaica,2025,F_POLICY_ACCESS,"{""listed_in_430r"": false}",1.0,0.2,0.4444444444444445,russia_unfriendly_countries_430r,Government of Russia disposition No. 430-r country list,data/reference/unfriendly_countries_russia_430r.csv,2025,0-1,official_reference,"1 if not listed; 0 if listed; administrative access indicator, not public opinion",True,not_available_local_reference_file,97846f295cbea6b00f7507ab14e330b3ba442cd7c639205e7b7b1b21e82655fc,mgimo_platform2.models.friendliness_v2::build_friendliness_index_v3,This component measures the current formal policy constraint only.
friendliness_receptivity_ex_ante_v4,JOR,Jordan,2025,F_DIPLOMATIC_ALIGNMENT,"{""effective_votes"": 360.548861757678, ""joint_votes"": 541, ""standard_error"": 0.0219569836297474}",0.6384712661329532,0.25,0.5555555555555556,un_digital_library_voting_2026_02_06,UN Digital Library General Assembly Voting Data,data/mgimo_validation_project/data/raw/un_voting/ga_voting_2026_02_06.csv.gz,2021-2025,0-1,calculated_from_official_roll_calls,"weighted agreement: exact=1, abstention mismatch=0.5, yes/no opposition=0; recency half-life 3y; entropy weighting",True,not_available_local_reference_file,f713e1903ba39f887da97b991cd1d489c8d55976a8b9769b476e69b52cd22101,mgimo_platform2.models.friendliness_v2::build_friendliness_index_v3,
friendliness_receptivity_ex_ante_v4,JOR,Jordan,2025,F_POLICY_ACCESS,"{""listed_in_430r"": false}",1.0,0.2,0.4444444444444445,russia_unfriendly_countries_430r,Government of Russia disposition No. 430-r country list,data/reference/unfriendly_countries_russia_430r.csv,2025,0-1,official_reference,"1 if not listed; 0 if listed; administrative access indicator, not public opinion",True,not_available_local_reference_file,97846f295cbea6b00f7507ab14e330b3ba442cd7c639205e7b7b1b21e82655fc,mgimo_platform2.models.friendliness_v2::build_friendliness_index_v3,This component measures the current formal policy constraint only.
friendliness_receptivity_ex_ante_v4,JPN,Japan,2025,F_DIPLOMATIC_ALIGNMENT,"{""effective_votes"": 364.3290261432527, ""joint_votes"": 548, ""standard_error"": 0.0219182336051829}",0.4510788217775833,0.25,0.3846153846153846,un_digital_library_voting_2026_02_06,UN Digital Library General Assembly Voting Data,data/mgimo_validation_project/data/raw/un_voting/ga_voting_2026_02_06.csv.gz,2021-2025,0-1,calculated_from_official_roll_calls,"weighted agreement: exact=1, abstention mismatch=0.5, yes/no opposition=0; recency half-life 3y; entropy weighting",True,not_available_local_reference_file,154ee244fac13932d63badced722dd065ab7ca088683a75cc8221d52c3144b0b,mgimo_platform2.models.friendliness_v2::build_friendliness_index_v3,
friendliness_receptivity_ex_ante_v4,JPN,Japan,2025,F_POLICY_ACCESS,"{""listed_in_430r"": true}",0.0,0.2,0.3076923076923077,russia_unfriendly_countries_430r,Government of Russia disposition No. 430-r country list,data/reference/unfriendly_countries_russia_430r.csv,2025,0-1,official_reference,"1 if not listed; 0 if listed; administrative access indicator, not public opinion",True,not_available_local_reference_file,bf78f7993906733e10e43504059a4f643e7c03f8c7622d8c32d46f33a81367d9,mgimo_platform2.models.friendliness_v2::build_friendliness_index_v3,This component measures the current formal policy constraint only.
friendliness_receptivity_ex_ante_v4,JPN,Japan,2025,F_SURVEY_RUSSIA_ATTITUDE,"{""dk_refused"": 2, ""favorable_percent"": 5.0, ""question"": ""Q3f. Overall opinion of Russia"", ""somewhat_favorable"": 4, ""somewhat_unfavorable"": 25, ""unfavorable_percent"": 93.0, ""very_favorable"": 1, ""very_unfavorable"": 68}",0.05,0.2,0.3076923076923077,pew_global_attitudes_russia_2023_q3f,Pew Research Center Spring 2023 Global Attitudes Survey topline,https://www.pewresearch.org/global/wp-content/uploads/sites/2/2023/07/PG_2023.07.10_Russia-NATO_Topline.pdf,2023,0-1,published_national_sample_survey,published favorable opinion of Russia / 100; no interpolation to countries not surveyed,True,not_available_local_reference_file,9f05c1015bde1f46eb22a590c289ffaf8a1995ebfa9391ad30c657b1496f6efa,mgimo_platform2.models.friendliness_v2::build_friendliness_index_v3,Pew Q3f national-sample response; survey absence remains missing evidence.
friendliness_receptivity_ex_ante_v4,KAZ,Kazakhstan,2025,F_DIPLOMATIC_ALIGNMENT,"{""effective_votes"": 350.32564577846483, ""joint_votes"": 524, ""standard_error"": 0.0212126691872876}",0.6745365801353451,0.25,0.3125,un_digital_library_voting_2026_02_06,UN Digital Library General Assembly Voting Data,data/mgimo_validation_project/data/raw/un_voting/ga_voting_2026_02_06.csv.gz,2021-2025,0-1,calculated_from_official_roll_calls,"weighted agreement: exact=1, abstention mismatch=0.5, yes/no opposition=0; recency half-life 3y; entropy weighting",True,not_available_local_reference_file,e411b81bd15e41f8505dc20e3ec60f736b3dcc8b12b51e6ee6c6cbf55a6ced9d,mgimo_platform2.models.friendliness_v2::build_friendliness_index_v3,
friendliness_receptivity_ex_ante_v4,KAZ,Kazakhstan,2025,F_INSTITUTIONAL_TIES,"{""existing_presence"": true, ""partner_count"": 0, ""strategic_partner_count"": 0}",0.3,0.2,0.25,mgimo_verified_partner_and_presence_registry,MGIMO verified partner and presence registry,data/reference/mgimo_partner_universities.csv;data/reference/mgimo_existing_presence.csv,2025,0-1,official_or_reference,0.7*log-normalized partner signal + 0.3*verified presence,True,not_available_local_reference_file,ea734bd540adc8ee812f7593abbe30f322d5c4c9b5f32066962847468ad5730d,mgimo_platform2.models.friendliness_v2::build_friendliness_index_v3,"No registry row is treated as missing, not as evidence of zero ties."
friendliness_receptivity_ex_ante_v4,KAZ,Kazakhstan,2025,F_POLICY_ACCESS,"{""listed_in_430r"": false}",1.0,0.2,0.25,russia_unfriendly_countries_430r,Government of Russia disposition No. 430-r country list,data/reference/unfriendly_countries_russia_430r.csv,2025,0-1,official_reference,"1 if not listed; 0 if listed; administrative access indicator, not public opinion",True,not_available_local_reference_file,97846f295cbea6b00f7507ab14e330b3ba442cd7c639205e7b7b1b21e82655fc,mgimo_platform2.models.friendliness_v2::build_friendliness_index_v3,This component measures the current formal policy constraint only.
friendliness_receptivity_ex_ante_v4,KAZ,Kazakhstan,2025,F_RUSSIAN_LANGUAGE_ENVIRONMENT,"{""official_status"": ""official"", ""population_percent"": 72.0}",0.8488961030678928,0.15,0.1874999999999999,unicode_cldr_territory_languages,Unicode CLDR Supplemental Territory Information,https://unicode.org/reports/tr35/tr35-info.html#Territory_Information,CLDR/Babel 2.18.0,0-1,reference_estimate,0.75*sqrt(functional_population_share)+0.25*official_status_score,True,package_version:Babel 2.18.0,b2c3490f9ae82b1199eebfa44aa6dfed38d8beac8e702d68b76efda663760825,mgimo_platform2.models.friendliness_v2::build_russian_language_environment,"Missing CLDR language rows remain missing, not zero."
friendliness_receptivity_ex_ante_v4,KEN,Kenya,2025,F_DIPLOMATIC_ALIGNMENT,"{""effective_votes"": 348.4951778831573, ""joint_votes"": 522, ""standard_error"": 0.0222153351432433}",0.6335451519144394,0.25,0.3846153846153846,un_digital_library_voting_2026_02_06,UN Digital Library General Assembly Voting Data,data/mgimo_validation_project/data/raw/un_voting/ga_voting_2026_02_06.csv.gz,2021-2025,0-1,calculated_from_official_roll_calls,"weighted agreement: exact=1, abstention mismatch=0.5, yes/no opposition=0; recency half-life 3y; entropy weighting",True,not_available_local_reference_file,eb42b8fe9de7c48ca13c4479bf96b89830a0d80c2b7f311ed8a5f8468f0e9573,mgimo_platform2.models.friendliness_v2::build_friendliness_index_v3,
friendliness_receptivity_ex_ante_v4,KEN,Kenya,2025,F_POLICY_ACCESS,"{""listed_in_430r"": false}",1.0,0.2,0.3076923076923077,russia_unfriendly_countries_430r,Government of Russia disposition No. 430-r country list,data/reference/unfriendly_countries_russia_430r.csv,2025,0-1,official_reference,"1 if not listed; 0 if listed; administrative access indicator, not public opinion",True,not_available_local_reference_file,97846f295cbea6b00f7507ab14e330b3ba442cd7c639205e7b7b1b21e82655fc,mgimo_platform2.models.friendliness_v2::build_friendliness_index_v3,This component measures the current formal policy constraint only.
friendliness_receptivity_ex_ante_v4,KEN,Kenya,2025,F_SURVEY_RUSSIA_ATTITUDE,"{""dk_refused"": 12, ""favorable_percent"": 40.0, ""question"": ""Q3f. Overall opinion of Russia"", ""somewhat_favorable"": 28, ""somewhat_unfavorable"": 18, ""unfavorable_percent"": 47.0, ""very_favorable"": 12, ""very_unfavorable"": 29}",0.4,0.2,0.3076923076923077,pew_global_attitudes_russia_2023_q3f,Pew Research Center Spring 2023 Global Attitudes Survey topline,https://www.pewresearch.org/global/wp-content/uploads/sites/2/2023/07/PG_2023.07.10_Russia-NATO_Topline.pdf,2023,0-1,published_national_sample_survey,published favorable opinion of Russia / 100; no interpolation to countries not surveyed,True,not_available_local_reference_file,0516dc965332aad3d7fc2a65f0e20d350b1723088c89bf57d1b0c62f510414cc,mgimo_platform2.models.friendliness_v2::build_friendliness_index_v3,Pew Q3f national-sample response; survey absence remains missing evidence.
friendliness_receptivity_ex_ante_v4,KGZ,Kyrgyz Republic,2025,F_DIPLOMATIC_ALIGNMENT,"{""effective_votes"": 343.40244920082773, ""joint_votes"": 515, ""standard_error"": 0.0209870555634594}",0.6897668880683969,0.25,0.3125,un_digital_library_voting_2026_02_06,UN Digital Library General Assembly Voting Data,data/mgimo_validation_project/data/raw/un_voting/ga_voting_2026_02_06.csv.gz,2021-2025,0-1,calculated_from_official_roll_calls,"weighted agreement: exact=1, abstention mismatch=0.5, yes/no opposition=0; recency half-life 3y; entropy weighting",True,not_available_local_reference_file,b1cb15ddb33b56bf762de21e869bfa86adaa27ad6ee1cb3ce19e36f26e7eedf7,mgimo_platform2.models.friendliness_v2::build_friendliness_index_v3,
friendliness_receptivity_ex_ante_v4,KGZ,Kyrgyz Republic,2025,F_INSTITUTIONAL_TIES,"{""existing_presence"": false, ""partner_count"": 3, ""strategic_partner_count"": 2}",0.6445475548131212,0.2,0.25,mgimo_verified_partner_and_presence_registry,MGIMO verified partner and presence registry,data/reference/mgimo_partner_universities.csv;data/reference/mgimo_existing_presence.csv,2025,0-1,official_or_reference,0.7*log-normalized partner signal + 0.3*verified presence,True,not_available_local_reference_file,6379d62b08d8d483ede1c43c32d5cf17a2ec02c115b427dbad99fcb46d16bf4f,mgimo_platform2.models.friendliness_v2::build_friendliness_index_v3,"No registry row is treated as missing, not as evidence of zero ties."
friendliness_receptivity_ex_ante_v4,KGZ,Kyrgyz Republic,2025,F_POLICY_ACCESS,"{""listed_in_430r"": false}",1.0,0.2,0.25,russia_unfriendly_countries_430r,Government of Russia disposition No. 430-r country list,data/reference/unfriendly_countries_russia_430r.csv,2025,0-1,official_reference,"1 if not listed; 0 if listed; administrative access indicator, not public opinion",True,not_available_local_reference_file,97846f295cbea6b00f7507ab14e330b3ba442cd7c639205e7b7b1b21e82655fc,mgimo_platform2.models.friendliness_v2::build_friendliness_index_v3,This component measures the current formal policy constraint only.
friendliness_receptivity_ex_ante_v4,KGZ,Kyrgyz Republic,2025,F_RUSSIAN_LANGUAGE_ENVIRONMENT,"{""official_status"": ""official"", ""population_percent"": 36.0}",0.6625,0.15,0.1874999999999999,unicode_cldr_territory_languages,Unicode CLDR Supplemental Territory Information,https://unicode.org/reports/tr35/tr35-info.html#Territory_Information,CLDR/Babel 2.18.0,0-1,reference_estimate,0.75*sqrt(functional_population_share)+0.25*official_status_score,True,package_version:Babel 2.18.0,dc8e105b16ae04d9daa8be85a67497751abccc842ae5aa0cee24ae041e5238fb,mgimo_platform2.models.friendliness_v2::build_russian_language_environment,"Missing CLDR language rows remain missing, not zero."
friendliness_receptivity_ex_ante_v4,KHM,Cambodia,2025,F_DIPLOMATIC_ALIGNMENT,"{""effective_votes"": 354.61661275829624, ""joint_votes"": 536, ""standard_error"": 0.021802607563718}",0.6636656862056609,0.25,0.5555555555555556,un_digital_library_voting_2026_02_06,UN Digital Library General Assembly Voting Data,data/mgimo_validation_project/data/raw/un_voting/ga_voting_2026_02_06.csv.gz,2021-2025,0-1,calculated_from_official_roll_calls,"weighted agreement: exact=1, abstention mismatch=0.5, yes/no opposition=0; recency half-life 3y; entropy weighting",True,not_available_local_reference_file,96ff240d7d42a46c15059660830f084d49d9ebca22bafaf367a25755e1140312,mgimo_platform2.models.friendliness_v2::build_friendliness_index_v3,
friendliness_receptivity_ex_ante_v4,KHM,Cambodia,2025,F_POLICY_ACCESS,"{""listed_in_430r"": false}",1.0,0.2,0.4444444444444445,russia_unfriendly_countries_430r,Government of Russia disposition No. 430-r country list,data/reference/unfriendly_countries_russia_430r.csv,2025,0-1,official_reference,"1 if not listed; 0 if listed; administrative access indicator, not public opinion",True,not_available_local_reference_file,97846f295cbea6b00f7507ab14e330b3ba442cd7c639205e7b7b1b21e82655fc,mgimo_platform2.models.friendliness_v2::build_friendliness_index_v3,This component measures the current formal policy constraint only.
friendliness_receptivity_ex_ante_v4,KIR,Kiribati,2025,F_DIPLOMATIC_ALIGNMENT,"{""effective_votes"": 262.05388036519565, ""joint_votes"": 375, ""standard_error"": 0.0268961152316195}",0.4790947554045967,0.25,0.5555555555555556,un_digital_library_voting_2026_02_06,UN Digital Library General Assembly Voting Data,data/mgimo_validation_project/data/raw/un_voting/ga_voting_2026_02_06.csv.gz,2021-2025,0-1,calculated_from_official_roll_calls,"weighted agreement: exact=1, abstention mismatch=0.5, yes/no opposition=0; recency half-life 3y; entropy weighting",True,not_available_local_reference_file,3d9f4ad9d4f38dd1527bc25f203e30ba4d1a08d7cf4c689414a1fdcc869be29e,mgimo_platform2.models.friendliness_v2::build_friendliness_index_v3,
friendliness_receptivity_ex_ante_v4,KIR,Kiribati,2025,F_POLICY_ACCESS,"{""listed_in_430r"": false}",1.0,0.2,0.4444444444444445,russia_unfriendly_countries_430r,Government of Russia disposition No. 430-r country list,data/reference/unfriendly_countries_russia_430r.csv,2025,0-1,official_reference,"1 if not listed; 0 if listed; administrative access indicator, not public opinion",True,not_available_local_reference_file,97846f295cbea6b00f7507ab14e330b3ba442cd7c639205e7b7b1b21e82655fc,mgimo_platform2.models.friendliness_v2::build_friendliness_index_v3,This component measures the current formal policy constraint only.
friendliness_receptivity_ex_ante_v4,KNA,St. Kitts and Nevis,2025,F_DIPLOMATIC_ALIGNMENT,"{""effective_votes"": 316.2509473794361, ""joint_votes"": 475, ""standard_error"": 0.0241013371259227}",0.6218891356491859,0.25,0.5555555555555556,un_digital_library_voting_2026_02_06,UN Digital Library General Assembly Voting Data,data/mgimo_validation_project/data/raw/un_voting/ga_voting_2026_02_06.csv.gz,2021-2025,0-1,calculated_from_official_roll_calls,"weighted agreement: exact=1, abstention mismatch=0.5, yes/no opposition=0; recency half-life 3y; entropy weighting",True,not_available_local_reference_file,d2f1430d32c7c97ffebcece67ac7c50f086ed20c07092e8d9c558ba2373ed9f7,mgimo_platform2.models.friendliness_v2::build_friendliness_index_v3,
friendliness_receptivity_ex_ante_v4,KNA,St. Kitts and Nevis,2025,F_POLICY_ACCESS,"{""listed_in_430r"": false}",1.0,0.2,0.4444444444444445,russia_unfriendly_countries_430r,Government of Russia disposition No. 430-r country list,data/reference/unfriendly_countries_russia_430r.csv,2025,0-1,official_reference,"1 if not listed; 0 if listed; administrative access indicator, not public opinion",True,not_available_local_reference_file,97846f295cbea6b00f7507ab14e330b3ba442cd7c639205e7b7b1b21e82655fc,mgimo_platform2.models.friendliness_v2::build_friendliness_index_v3,This component measures the current formal policy constraint only.
friendliness_receptivity_ex_ante_v4,KOR,"Korea, Rep.",2025,F_DIPLOMATIC_ALIGNMENT,"{""effective_votes"": 365.11159832771074, ""joint_votes"": 549, ""standard_error"": 0.0217908650018808}",0.5189510475735195,0.25,0.3846153846153846,un_digital_library_voting_2026_02_06,UN Digital Library General Assembly Voting Data,data/mgimo_validation_project/data/raw/un_voting/ga_voting_2026_02_06.csv.gz,2021-2025,0-1,calculated_from_official_roll_calls,"weighted agreement: exact=1, abstention mismatch=0.5, yes/no opposition=0; recency half-life 3y; entropy weighting",True,not_available_local_reference_file,c01c86ab6338ae9d2cdc4206dff908927b58ea31f614906c0c9142ed1b680f53,mgimo_platform2.models.friendliness_v2::build_friendliness_index_v3,
friendliness_receptivity_ex_ante_v4,KOR,"Korea, Rep.",2025,F_POLICY_ACCESS,"{""listed_in_430r"": true}",0.0,0.2,0.3076923076923077,russia_unfriendly_countries_430r,Government of Russia disposition No. 430-r country list,data/reference/unfriendly_countries_russia_430r.csv,2025,0-1,official_reference,"1 if not listed; 0 if listed; administrative access indicator, not public opinion",True,not_available_local_reference_file,bf78f7993906733e10e43504059a4f643e7c03f8c7622d8c32d46f33a81367d9,mgimo_platform2.models.friendliness_v2::build_friendliness_index_v3,This component measures the current formal policy constraint only.
friendliness_receptivity_ex_ante_v4,KOR,"Korea, Rep.",2025,F_SURVEY_RUSSIA_ATTITUDE,"{""dk_refused"": 1, ""favorable_percent"": 14.0, ""question"": ""Q3f. Overall opinion of Russia"", ""somewhat_favorable"": 13, ""somewhat_unfavorable"": 39, ""unfavorable_percent"": 85.0, ""very_favorable"": 1, ""very_unfavorable"": 46}",0.14,0.2,0.3076923076923077,pew_global_attitudes_russia_2023_q3f,Pew Research Center Spring 2023 Global Attitudes Survey topline,https://www.pewresearch.org/global/wp-content/uploads/sites/2/2023/07/PG_2023.07.10_Russia-NATO_Topline.pdf,2023,0-1,published_national_sample_survey,published favorable opinion of Russia / 100; no interpolation to countries not surveyed,True,not_available_local_reference_file,4f38badcde4cee81289db57ec94dfa4c85baac729cb74a873934fe6fbb4f8711,mgimo_platform2.models.friendliness_v2::build_friendliness_index_v3,Pew Q3f national-sample response; survey absence remains missing evidence.
friendliness_receptivity_ex_ante_v4,KWT,Kuwait,2025,F_DIPLOMATIC_ALIGNMENT,"{""effective_votes"": 364.4428035961589, ""joint_votes"": 547, ""standard_error"": 0.0220868796531419}",0.635743520632171,0.25,0.5555555555555556,un_digital_library_voting_2026_02_06,UN Digital Library General Assembly Voting Data,data/mgimo_validation_project/data/raw/un_voting/ga_voting_2026_02_06.csv.gz,2021-2025,0-1,calculated_from_official_roll_calls,"weighted agreement: exact=1, abstention mismatch=0.5, yes/no opposition=0; recency half-life 3y; entropy weighting",True,not_available_local_reference_file,d911ca1906f6c1d23af72331331543fba1365363b8c1850870dcb05a8b945e82,mgimo_platform2.models.friendliness_v2::build_friendliness_index_v3,
friendliness_receptivity_ex_ante_v4,KWT,Kuwait,2025,F_POLICY_ACCESS,"{""listed_in_430r"": false}",1.0,0.2,0.4444444444444445,russia_unfriendly_countries_430r,Government of Russia disposition No. 430-r country list,data/reference/unfriendly_countries_russia_430r.csv,2025,0-1,official_reference,"1 if not listed; 0 if listed; administrative access indicator, not public opinion",True,not_available_local_reference_file,97846f295cbea6b00f7507ab14e330b3ba442cd7c639205e7b7b1b21e82655fc,mgimo_platform2.models.friendliness_v2::build_friendliness_index_v3,This component measures the current formal policy constraint only.
friendliness_receptivity_ex_ante_v4,LAO,Lao PDR,2025,F_DIPLOMATIC_ALIGNMENT,"{""effective_votes"": 356.1498305116755, ""joint_votes"": 538, ""standard_error"": 0.0212982265863489}",0.6719644416125994,0.25,0.5555555555555556,un_digital_library_voting_2026_02_06,UN Digital Library General Assembly Voting Data,data/mgimo_validation_project/data/raw/un_voting/ga_voting_2026_02_06.csv.gz,2021-2025,0-1,calculated_from_official_roll_calls,"weighted agreement: exact=1, abstention mismatch=0.5, yes/no opposition=0; recency half-life 3y; entropy weighting",True,not_available_local_reference_file,3db84efd0af85bf979fc43eba71bc8932b69889f7762b1ae2da0f5cc0edd913d,mgimo_platform2.models.friendliness_v2::build_friendliness_index_v3,
friendliness_receptivity_ex_ante_v4,LAO,Lao PDR,2025,F_POLICY_ACCESS,"{""listed_in_430r"": false}",1.0,0.2,0.4444444444444445,russia_unfriendly_countries_430r,Government of Russia disposition No. 430-r country list,data/reference/unfriendly_countries_russia_430r.csv,2025,0-1,official_reference,"1 if not listed; 0 if listed; administrative access indicator, not public opinion",True,not_available_local_reference_file,97846f295cbea6b00f7507ab14e330b3ba442cd7c639205e7b7b1b21e82655fc,mgimo_platform2.models.friendliness_v2::build_friendliness_index_v3,This component measures the current formal policy constraint only.
friendliness_receptivity_ex_ante_v4,LBN,Lebanon,2025,F_DIPLOMATIC_ALIGNMENT,"{""effective_votes"": 358.9957616191678, ""joint_votes"": 542, ""standard_error"": 0.0213537856754583}",0.6589715085420638,0.25,0.5555555555555556,un_digital_library_voting_2026_02_06,UN Digital Library General Assembly Voting Data,data/mgimo_validation_project/data/raw/un_voting/ga_voting_2026_02_06.csv.gz,2021-2025,0-1,calculated_from_official_roll_calls,"weighted agreement: exact=1, abstention mismatch=0.5, yes/no opposition=0; recency half-life 3y; entropy weighting",True,not_available_local_reference_file,ef43a3e189d609137e3f8f68738a009db0957a02384debc63c5f4a698eec803d,mgimo_platform2.models.friendliness_v2::build_friendliness_index_v3,
friendliness_receptivity_ex_ante_v4,LBN,Lebanon,2025,F_POLICY_ACCESS,"{""listed_in_430r"": false}",1.0,0.2,0.4444444444444445,russia_unfriendly_countries_430r,Government of Russia disposition No. 430-r country list,data/reference/unfriendly_countries_russia_430r.csv,2025,0-1,official_reference,"1 if not listed; 0 if listed; administrative access indicator, not public opinion",True,not_available_local_reference_file,97846f295cbea6b00f7507ab14e330b3ba442cd7c639205e7b7b1b21e82655fc,mgimo_platform2.models.friendliness_v2::build_friendliness_index_v3,This component measures the current formal policy constraint only.
friendliness_receptivity_ex_ante_v4,LBR,Liberia,2025,F_DIPLOMATIC_ALIGNMENT,"{""effective_votes"": 237.39303075263004, ""joint_votes"": 367, ""standard_error"": 0.0295122168881625}",0.504128841779824,0.25,0.5555555555555556,un_digital_library_voting_2026_02_06,UN Digital Library General Assembly Voting Data,data/mgimo_validation_project/data/raw/un_voting/ga_voting_2026_02_06.csv.gz,2021-2025,0-1,calculated_from_official_roll_calls,"weighted agreement: exact=1, abstention mismatch=0.5, yes/no opposition=0; recency half-life 3y; entropy weighting",True,not_available_local_reference_file,d13159a330b60d3a0a4ed7756d3b3068346603fc2d3d922ff84813bca428cdd2,mgimo_platform2.models.friendliness_v2::build_friendliness_index_v3,
friendliness_receptivity_ex_ante_v4,LBR,Liberia,2025,F_POLICY_ACCESS,"{""listed_in_430r"": false}",1.0,0.2,0.4444444444444445,russia_unfriendly_countries_430r,Government of Russia disposition No. 430-r country list,data/reference/unfriendly_countries_russia_430r.csv,2025,0-1,official_reference,"1 if not listed; 0 if listed; administrative access indicator, not public opinion",True,not_available_local_reference_file,97846f295cbea6b00f7507ab14e330b3ba442cd7c639205e7b7b1b21e82655fc,mgimo_platform2.models.friendliness_v2::build_friendliness_index_v3,This component measures the current formal policy constraint only.
friendliness_receptivity_ex_ante_v4,LBY,Libya,2025,F_DIPLOMATIC_ALIGNMENT,"{""effective_votes"": 355.7918800742518, ""joint_votes"": 531, ""standard_error"": 0.0216468055276783}",0.6467201273904616,0.25,0.5555555555555556,un_digital_library_voting_2026_02_06,UN Digital Library General Assembly Voting Data,data/mgimo_validation_project/data/raw/un_voting/ga_voting_2026_02_06.csv.gz,2021-2025,0-1,calculated_from_official_roll_calls,"weighted agreement: exact=1, abstention mismatch=0.5, yes/no opposition=0; recency half-life 3y; entropy weighting",True,not_available_local_reference_file,ae6810e1698757382e614077a226bea5983c1b839f30672d902d79f86e9aa5ce,mgimo_platform2.models.friendliness_v2::build_friendliness_index_v3,
friendliness_receptivity_ex_ante_v4,LBY,Libya,2025,F_POLICY_ACCESS,"{""listed_in_430r"": false}",1.0,0.2,0.4444444444444445,russia_unfriendly_countries_430r,Government of Russia disposition No. 430-r country list,data/reference/unfriendly_countries_russia_430r.csv,2025,0-1,official_reference,"1 if not listed; 0 if listed; administrative access indicator, not public opinion",True,not_available_local_reference_file,97846f295cbea6b00f7507ab14e330b3ba442cd7c639205e7b7b1b21e82655fc,mgimo_platform2.models.friendliness_v2::build_friendliness_index_v3,This component measures the current formal policy constraint only.
friendliness_receptivity_ex_ante_v4,LCA,St. Lucia,2025,F_DIPLOMATIC_ALIGNMENT,"{""effective_votes"": 339.0204782260047, ""joint_votes"": 502, ""standard_error"": 0.0233385211024849}",0.6195844879905862,0.25,0.5555555555555556,un_digital_library_voting_2026_02_06,UN Digital Library General Assembly Voting Data,data/mgimo_validation_project/data/raw/un_voting/ga_voting_2026_02_06.csv.gz,2021-2025,0-1,calculated_from_official_roll_calls,"weighted agreement: exact=1, abstention mismatch=0.5, yes/no opposition=0; recency half-life 3y; entropy weighting",True,not_available_local_reference_file,5c4cb154ada06b1b041e2363275c5a54b4fd42698d21613452a610b0a7a192dc,mgimo_platform2.models.friendliness_v2::build_friendliness_index_v3,
friendliness_receptivity_ex_ante_v4,LCA,St. Lucia,2025,F_POLICY_ACCESS,"{""listed_in_430r"": false}",1.0,0.2,0.4444444444444445,russia_unfriendly_countries_430r,Government of Russia disposition No. 430-r country list,data/reference/unfriendly_countries_russia_430r.csv,2025,0-1,official_reference,"1 if not listed; 0 if listed; administrative access indicator, not public opinion",True,not_available_local_reference_file,97846f295cbea6b00f7507ab14e330b3ba442cd7c639205e7b7b1b21e82655fc,mgimo_platform2.models.friendliness_v2::build_friendliness_index_v3,This component measures the current formal policy constraint only.
friendliness_receptivity_ex_ante_v4,LIE,Liechtenstein,2025,F_DIPLOMATIC_ALIGNMENT,"{""effective_votes"": 365.4032529629821, ""joint_votes"": 550, ""standard_error"": 0.0214222030711457}",0.4084100641620868,0.25,0.5555555555555556,un_digital_library_voting_2026_02_06,UN Digital Library General Assembly Voting Data,data/mgimo_validation_project/data/raw/un_voting/ga_voting_2026_02_06.csv.gz,2021-2025,0-1,calculated_from_official_roll_calls,"weighted agreement: exact=1, abstention mismatch=0.5, yes/no opposition=0; recency half-life 3y; entropy weighting",True,not_available_local_reference_file,74549c82f0341c0d2e4b2b5794d15c98b144e887d1fb4ee47b7d858251c58d4c,mgimo_platform2.models.friendliness_v2::build_friendliness_index_v3,
friendliness_receptivity_ex_ante_v4,LIE,Liechtenstein,2025,F_POLICY_ACCESS,"{""listed_in_430r"": true}",0.0,0.2,0.4444444444444445,russia_unfriendly_countries_430r,Government of Russia disposition No. 430-r country list,data/reference/unfriendly_countries_russia_430r.csv,2025,0-1,official_reference,"1 if not listed; 0 if listed; administrative access indicator, not public opinion",True,not_available_local_reference_file,bf78f7993906733e10e43504059a4f643e7c03f8c7622d8c32d46f33a81367d9,mgimo_platform2.models.friendliness_v2::build_friendliness_index_v3,This component measures the current formal policy constraint only.
friendliness_receptivity_ex_ante_v4,LKA,Sri Lanka,2025,F_DIPLOMATIC_ALIGNMENT,"{""effective_votes"": 364.19113708928927, ""joint_votes"": 547, ""standard_error"": 0.0209140469748589}",0.6801033392977094,0.25,0.5555555555555556,un_digital_library_voting_2026_02_06,UN Digital Library General Assembly Voting Data,data/mgimo_validation_project/data/raw/un_voting/ga_voting_2026_02_06.csv.gz,2021-2025,0-1,calculated_from_official_roll_calls,"weighted agreement: exact=1, abstention mismatch=0.5, yes/no opposition=0; recency half-life 3y; entropy weighting",True,not_available_local_reference_file,33207e4c100139d57df8e15febc9503392a19bcfe091df0248eb96f349372a1e,mgimo_platform2.models.friendliness_v2::build_friendliness_index_v3,
friendliness_receptivity_ex_ante_v4,LKA,Sri Lanka,2025,F_POLICY_ACCESS,"{""listed_in_430r"": false}",1.0,0.2,0.4444444444444445,russia_unfriendly_countries_430r,Government of Russia disposition No. 430-r country list,data/reference/unfriendly_countries_russia_430r.csv,2025,0-1,official_reference,"1 if not listed; 0 if listed; administrative access indicator, not public opinion",True,not_available_local_reference_file,97846f295cbea6b00f7507ab14e330b3ba442cd7c639205e7b7b1b21e82655fc,mgimo_platform2.models.friendliness_v2::build_friendliness_index_v3,This component measures the current formal policy constraint only.
friendliness_receptivity_ex_ante_v4,LSO,Lesotho,2025,F_DIPLOMATIC_ALIGNMENT,"{""effective_votes"": 330.78647614185263, ""joint_votes"": 502, ""standard_error"": 0.0228092874665465}",0.6557451199241718,0.25,0.5555555555555556,un_digital_library_voting_2026_02_06,UN Digital Library General Assembly Voting Data,data/mgimo_validation_project/data/raw/un_voting/ga_voting_2026_02_06.csv.gz,2021-2025,0-1,calculated_from_official_roll_calls,"weighted agreement: exact=1, abstention mismatch=0.5, yes/no opposition=0; recency half-life 3y; entropy weighting",True,not_available_local_reference_file,4d6cc8e2e78729ce83210b5649123225fc33f1de2265c9e8d3e462c471bf9e89,mgimo_platform2.models.friendliness_v2::build_friendliness_index_v3,
friendliness_receptivity_ex_ante_v4,LSO,Lesotho,2025,F_POLICY_ACCESS,"{""listed_in_430r"": false}",1.0,0.2,0.4444444444444445,russia_unfriendly_countries_430r,Government of Russia disposition No. 430-r country list,data/reference/unfriendly_countries_russia_430r.csv,2025,0-1,official_reference,"1 if not listed; 0 if listed; administrative access indicator, not public opinion",True,not_available_local_reference_file,97846f295cbea6b00f7507ab14e330b3ba442cd7c639205e7b7b1b21e82655fc,mgimo_platform2.models.friendliness_v2::build_friendliness_index_v3,This component measures the current formal policy constraint only.
friendliness_receptivity_ex_ante_v4,LTU,Lithuania,2025,F_DIPLOMATIC_ALIGNMENT,"{""effective_votes"": 365.065998040652, ""joint_votes"": 549, ""standard_error"": 0.0219582819739734}",0.4664323103800605,0.25,0.4166666666666667,un_digital_library_voting_2026_02_06,UN Digital Library General Assembly Voting Data,data/mgimo_validation_project/data/raw/un_voting/ga_voting_2026_02_06.csv.gz,2021-2025,0-1,calculated_from_official_roll_calls,"weighted agreement: exact=1, abstention mismatch=0.5, yes/no opposition=0; recency half-life 3y; entropy weighting",True,not_available_local_reference_file,623662955e6fd4ebc36777726a68fc41e60039b63532f972d288bfa24e597770,mgimo_platform2.models.friendliness_v2::build_friendliness_index_v3,
friendliness_receptivity_ex_ante_v4,LTU,Lithuania,2025,F_POLICY_ACCESS,"{""listed_in_430r"": true}",0.0,0.2,0.3333333333333333,russia_unfriendly_countries_430r,Government of Russia disposition No. 430-r country list,data/reference/unfriendly_countries_russia_430r.csv,2025,0-1,official_reference,"1 if not listed; 0 if listed; administrative access indicator, not public opinion",True,not_available_local_reference_file,bf78f7993906733e10e43504059a4f643e7c03f8c7622d8c32d46f33a81367d9,mgimo_platform2.models.friendliness_v2::build_friendliness_index_v3,This component measures the current formal policy constraint only.
friendliness_receptivity_ex_ante_v4,LTU,Lithuania,2025,F_RUSSIAN_LANGUAGE_ENVIRONMENT,"{""official_status"": ""not_official"", ""population_percent"": 80.0}",0.6708203932499369,0.15,0.25,unicode_cldr_territory_languages,Unicode CLDR Supplemental Territory Information,https://unicode.org/reports/tr35/tr35-info.html#Territory_Information,CLDR/Babel 2.18.0,0-1,reference_estimate,0.75*sqrt(functional_population_share)+0.25*official_status_score,True,package_version:Babel 2.18.0,2c2c39a0026a8bf0741d33cf7095c621a42fb78cfab57f3aeb02b972208e7a52,mgimo_platform2.models.friendliness_v2::build_russian_language_environment,"Missing CLDR language rows remain missing, not zero."
friendliness_receptivity_ex_ante_v4,LUX,Luxembourg,2025,F_DIPLOMATIC_ALIGNMENT,"{""effective_votes"": 365.4032529629821, ""joint_votes"": 550, ""standard_error"": 0.0221067328614329}",0.4916454834578234,0.25,0.5555555555555556,un_digital_library_voting_2026_02_06,UN Digital Library General Assembly Voting Data,data/mgimo_validation_project/data/raw/un_voting/ga_voting_2026_02_06.csv.gz,2021-2025,0-1,calculated_from_official_roll_calls,"weighted agreement: exact=1, abstention mismatch=0.5, yes/no opposition=0; recency half-life 3y; entropy weighting",True,not_available_local_reference_file,5c4545482c4ca8069b2d1d53d92213e25e05f6dea9e09aaff840e82b88152ee7,mgimo_platform2.models.friendliness_v2::build_friendliness_index_v3,
friendliness_receptivity_ex_ante_v4,LUX,Luxembourg,2025,F_POLICY_ACCESS,"{""listed_in_430r"": true}",0.0,0.2,0.4444444444444445,russia_unfriendly_countries_430r,Government of Russia disposition No. 430-r country list,data/reference/unfriendly_countries_russia_430r.csv,2025,0-1,official_reference,"1 if not listed; 0 if listed; administrative access indicator, not public opinion",True,not_available_local_reference_file,bf78f7993906733e10e43504059a4f643e7c03f8c7622d8c32d46f33a81367d9,mgimo_platform2.models.friendliness_v2::build_friendliness_index_v3,This component measures the current formal policy constraint only.
friendliness_receptivity_ex_ante_v4,LVA,Latvia,2025,F_DIPLOMATIC_ALIGNMENT,"{""effective_votes"": 364.413785865885, ""joint_votes"": 549, ""standard_error"": 0.0222164073790756}",0.4841548687592196,0.25,0.4166666666666667,un_digital_library_voting_2026_02_06,UN Digital Library General Assembly Voting Data,data/mgimo_validation_project/data/raw/un_voting/ga_voting_2026_02_06.csv.gz,2021-2025,0-1,calculated_from_official_roll_calls,"weighted agreement: exact=1, abstention mismatch=0.5, yes/no opposition=0; recency half-life 3y; entropy weighting",True,not_available_local_reference_file,2bca300b9b3346feb158bd261a2595ef0dd1e5fe45dce043d1ee93abb2099c84,mgimo_platform2.models.friendliness_v2::build_friendliness_index_v3,
friendliness_receptivity_ex_ante_v4,LVA,Latvia,2025,F_POLICY_ACCESS,"{""listed_in_430r"": true}",0.0,0.2,0.3333333333333333,russia_unfriendly_countries_430r,Government of Russia disposition No. 430-r country list,data/reference/unfriendly_countries_russia_430r.csv,2025,0-1,official_reference,"1 if not listed; 0 if listed; administrative access indicator, not public opinion",True,not_available_local_reference_file,bf78f7993906733e10e43504059a4f643e7c03f8c7622d8c32d46f33a81367d9,mgimo_platform2.models.friendliness_v2::build_friendliness_index_v3,This component measures the current formal policy constraint only.
friendliness_receptivity_ex_ante_v4,LVA,Latvia,2025,F_RUSSIAN_LANGUAGE_ENVIRONMENT,"{""official_status"": ""not_official"", ""population_percent"": 38.0}",0.4623310502226732,0.15,0.25,unicode_cldr_territory_languages,Unicode CLDR Supplemental Territory Information,https://unicode.org/reports/tr35/tr35-info.html#Territory_Information,CLDR/Babel 2.18.0,0-1,reference_estimate,0.75*sqrt(functional_population_share)+0.25*official_status_score,True,package_version:Babel 2.18.0,9403264ffe40de4ed32ed4041a743ba8a50153e958a1e44bf2b9cb9aebc5ac04,mgimo_platform2.models.friendliness_v2::build_russian_language_environment,"Missing CLDR language rows remain missing, not zero."
friendliness_receptivity_ex_ante_v4,MAC,"Macao SAR, China",2025,F_POLICY_ACCESS,"{""listed_in_430r"": false}",1.0,0.2,1.0,russia_unfriendly_countries_430r,Government of Russia disposition No. 430-r country list,data/reference/unfriendly_countries_russia_430r.csv,2025,0-1,official_reference,"1 if not listed; 0 if listed; administrative access indicator, not public opinion",True,not_available_local_reference_file,97846f295cbea6b00f7507ab14e330b3ba442cd7c639205e7b7b1b21e82655fc,mgimo_platform2.models.friendliness_v2::build_friendliness_index_v3,This component measures the current formal policy constraint only.
friendliness_receptivity_ex_ante_v4,MAF,St. Martin (French part),2025,F_POLICY_ACCESS,"{""listed_in_430r"": false}",1.0,0.2,1.0,russia_unfriendly_countries_430r,Government of Russia disposition No. 430-r country list,data/reference/unfriendly_countries_russia_430r.csv,2025,0-1,official_reference,"1 if not listed; 0 if listed; administrative access indicator, not public opinion",True,not_available_local_reference_file,97846f295cbea6b00f7507ab14e330b3ba442cd7c639205e7b7b1b21e82655fc,mgimo_platform2.models.friendliness_v2::build_friendliness_index_v3,This component measures the current formal policy constraint only.
friendliness_receptivity_ex_ante_v4,MAR,Morocco,2025,F_DIPLOMATIC_ALIGNMENT,"{""effective_votes"": 340.92468458941505, ""joint_votes"": 518, ""standard_error"": 0.0232730551801135}",0.6374992929704796,0.25,0.5555555555555556,un_digital_library_voting_2026_02_06,UN Digital Library General Assembly Voting Data,data/mgimo_validation_project/data/raw/un_voting/ga_voting_2026_02_06.csv.gz,2021-2025,0-1,calculated_from_official_roll_calls,"weighted agreement: exact=1, abstention mismatch=0.5, yes/no opposition=0; recency half-life 3y; entropy weighting",True,not_available_local_reference_file,c343473c26b9903ffd17a2f0c21801fa9c57dd334c5684d6c345adfda62b3e53,mgimo_platform2.models.friendliness_v2::build_friendliness_index_v3,
friendliness_receptivity_ex_ante_v4,MAR,Morocco,2025,F_POLICY_ACCESS,"{""listed_in_430r"": false}",1.0,0.2,0.4444444444444445,russia_unfriendly_countries_430r,Government of Russia disposition No. 430-r country list,data/reference/unfriendly_countries_russia_430r.csv,2025,0-1,official_reference,"1 if not listed; 0 if listed; administrative access indicator, not public opinion",True,not_available_local_reference_file,97846f295cbea6b00f7507ab14e330b3ba442cd7c639205e7b7b1b21e82655fc,mgimo_platform2.models.friendliness_v2::build_friendliness_index_v3,This component measures the current formal policy constraint only.
friendliness_receptivity_ex_ante_v4,MCO,Monaco,2025,F_DIPLOMATIC_ALIGNMENT,"{""effective_votes"": 359.5880773965596, ""joint_votes"": 542, ""standard_error"": 0.0220128327295824}",0.4901460530180097,0.25,0.5555555555555556,un_digital_library_voting_2026_02_06,UN Digital Library General Assembly Voting Data,data/mgimo_validation_project/data/raw/un_voting/ga_voting_2026_02_06.csv.gz,2021-2025,0-1,calculated_from_official_roll_calls,"weighted agreement: exact=1, abstention mismatch=0.5, yes/no opposition=0; recency half-life 3y; entropy weighting",True,not_available_local_reference_file,eb9ee072a5de69bc01804ae260550d763799875f9e9a38930cf6c4d851204afe,mgimo_platform2.models.friendliness_v2::build_friendliness_index_v3,
friendliness_receptivity_ex_ante_v4,MCO,Monaco,2025,F_POLICY_ACCESS,"{""listed_in_430r"": true}",0.0,0.2,0.4444444444444445,russia_unfriendly_countries_430r,Government of Russia disposition No. 430-r country list,data/reference/unfriendly_countries_russia_430r.csv,2025,0-1,official_reference,"1 if not listed; 0 if listed; administrative access indicator, not public opinion",True,not_available_local_reference_file,bf78f7993906733e10e43504059a4f643e7c03f8c7622d8c32d46f33a81367d9,mgimo_platform2.models.friendliness_v2::build_friendliness_index_v3,This component measures the current formal policy constraint only.
friendliness_receptivity_ex_ante_v4,MDA,Moldova,2025,F_DIPLOMATIC_ALIGNMENT,"{""effective_votes"": 363.8217176131874, ""joint_votes"": 544, ""standard_error"": 0.0211496074276125}",0.3927953934021457,0.25,0.4166666666666667,un_digital_library_voting_2026_02_06,UN Digital Library General Assembly Voting Data,data/mgimo_validation_project/data/raw/un_voting/ga_voting_2026_02_06.csv.gz,2021-2025,0-1,calculated_from_official_roll_calls,"weighted agreement: exact=1, abstention mismatch=0.5, yes/no opposition=0; recency half-life 3y; entropy weighting",True,not_available_local_reference_file,0fda389d4159a7b002d37089d147a6b3d4e5c0a37800851edbd3b4ebe0181925,mgimo_platform2.models.friendliness_v2::build_friendliness_index_v3,
friendliness_receptivity_ex_ante_v4,MDA,Moldova,2025,F_POLICY_ACCESS,"{""listed_in_430r"": false}",1.0,0.2,0.3333333333333333,russia_unfriendly_countries_430r,Government of Russia disposition No. 430-r country list,data/reference/unfriendly_countries_russia_430r.csv,2025,0-1,official_reference,"1 if not listed; 0 if listed; administrative access indicator, not public opinion",True,not_available_local_reference_file,97846f295cbea6b00f7507ab14e330b3ba442cd7c639205e7b7b1b21e82655fc,mgimo_platform2.models.friendliness_v2::build_friendliness_index_v3,This component measures the current formal policy constraint only.
friendliness_receptivity_ex_ante_v4,MDA,Moldova,2025,F_RUSSIAN_LANGUAGE_ENVIRONMENT,"{""official_status"": ""not_official"", ""population_percent"": 3.0}",0.1299038105676658,0.15,0.25,unicode_cldr_territory_languages,Unicode CLDR Supplemental Territory Information,https://unicode.org/reports/tr35/tr35-info.html#Territory_Information,CLDR/Babel 2.18.0,0-1,reference_estimate,0.75*sqrt(functional_population_share)+0.25*official_status_score,True,package_version:Babel 2.18.0,b81634ee5057eeabc6fcfc638194935f9e901102609d5b1a3a7170d8bc8cc133,mgimo_platform2.models.friendliness_v2::build_russian_language_environment,"Missing CLDR language rows remain missing, not zero."
friendliness_receptivity_ex_ante_v4,MDG,Madagascar,2025,F_DIPLOMATIC_ALIGNMENT,"{""effective_votes"": 244.88762063063288, ""joint_votes"": 334, ""standard_error"": 0.0255856681145486}",0.5964137283057279,0.25,0.5555555555555556,un_digital_library_voting_2026_02_06,UN Digital Library General Assembly Voting Data,data/mgimo_validation_project/data/raw/un_voting/ga_voting_2026_02_06.csv.gz,2021-2025,0-1,calculated_from_official_roll_calls,"weighted agreement: exact=1, abstention mismatch=0.5, yes/no opposition=0; recency half-life 3y; entropy weighting",True,not_available_local_reference_file,d963eabb28658d359235dfadee8cc6cb7f3ac908c26e64c3efab3585b0ef9084,mgimo_platform2.models.friendliness_v2::build_friendliness_index_v3,
friendliness_receptivity_ex_ante_v4,MDG,Madagascar,2025,F_POLICY_ACCESS,"{""listed_in_430r"": false}",1.0,0.2,0.4444444444444445,russia_unfriendly_countries_430r,Government of Russia disposition No. 430-r country list,data/reference/unfriendly_countries_russia_430r.csv,2025,0-1,official_reference,"1 if not listed; 0 if listed; administrative access indicator, not public opinion",True,not_available_local_reference_file,97846f295cbea6b00f7507ab14e330b3ba442cd7c639205e7b7b1b21e82655fc,mgimo_platform2.models.friendliness_v2::build_friendliness_index_v3,This component measures the current formal policy constraint only.
friendliness_receptivity_ex_ante_v4,MDV,Maldives,2025,F_DIPLOMATIC_ALIGNMENT,"{""effective_votes"": 362.6399239372313, ""joint_votes"": 547, ""standard_error"": 0.0228971919743422}",0.610401350337368,0.25,0.5555555555555556,un_digital_library_voting_2026_02_06,UN Digital Library General Assembly Voting Data,data/mgimo_validation_project/data/raw/un_voting/ga_voting_2026_02_06.csv.gz,2021-2025,0-1,calculated_from_official_roll_calls,"weighted agreement: exact=1, abstention mismatch=0.5, yes/no opposition=0; recency half-life 3y; entropy weighting",True,not_available_local_reference_file,54579f9a38bf8827bd8944fc42ffbdadc7d35f687c7160fb9a0805aebb666a02,mgimo_platform2.models.friendliness_v2::build_friendliness_index_v3,
friendliness_receptivity_ex_ante_v4,MDV,Maldives,2025,F_POLICY_ACCESS,"{""listed_in_430r"": false}",1.0,0.2,0.4444444444444445,russia_unfriendly_countries_430r,Government of Russia disposition No. 430-r country list,data/reference/unfriendly_countries_russia_430r.csv,2025,0-1,official_reference,"1 if not listed; 0 if listed; administrative access indicator, not public opinion",True,not_available_local_reference_file,97846f295cbea6b00f7507ab14e330b3ba442cd7c639205e7b7b1b21e82655fc,mgimo_platform2.models.friendliness_v2::build_friendliness_index_v3,This component measures the current formal policy constraint only.
friendliness_receptivity_ex_ante_v4,MEX,Mexico,2025,F_DIPLOMATIC_ALIGNMENT,"{""effective_votes"": 365.03736223095154, ""joint_votes"": 549, ""standard_error"": 0.0229827913547221}",0.5827312901924451,0.25,0.3846153846153846,un_digital_library_voting_2026_02_06,UN Digital Library General Assembly Voting Data,data/mgimo_validation_project/data/raw/un_voting/ga_voting_2026_02_06.csv.gz,2021-2025,0-1,calculated_from_official_roll_calls,"weighted agreement: exact=1, abstention mismatch=0.5, yes/no opposition=0; recency half-life 3y; entropy weighting",True,not_available_local_reference_file,c296f83ad4e180c2b03192f602d969c214690279aa4a744b6f3f83c1343759f3,mgimo_platform2.models.friendliness_v2::build_friendliness_index_v3,
friendliness_receptivity_ex_ante_v4,MEX,Mexico,2025,F_POLICY_ACCESS,"{""listed_in_430r"": false}",1.0,0.2,0.3076923076923077,russia_unfriendly_countries_430r,Government of Russia disposition No. 430-r country list,data/reference/unfriendly_countries_russia_430r.csv,2025,0-1,official_reference,"1 if not listed; 0 if listed; administrative access indicator, not public opinion",True,not_available_local_reference_file,97846f295cbea6b00f7507ab14e330b3ba442cd7c639205e7b7b1b21e82655fc,mgimo_platform2.models.friendliness_v2::build_friendliness_index_v3,This component measures the current formal policy constraint only.
friendliness_receptivity_ex_ante_v4,MEX,Mexico,2025,F_SURVEY_RUSSIA_ATTITUDE,"{""dk_refused"": 12, ""favorable_percent"": 34.0, ""question"": ""Q3f. Overall opinion of Russia"", ""somewhat_favorable"": 28, ""somewhat_unfavorable"": 24, ""unfavorable_percent"": 54.0, ""very_favorable"": 6, ""very_unfavorable"": 30}",0.34,0.2,0.3076923076923077,pew_global_attitudes_russia_2023_q3f,Pew Research Center Spring 2023 Global Attitudes Survey topline,https://www.pewresearch.org/global/wp-content/uploads/sites/2/2023/07/PG_2023.07.10_Russia-NATO_Topline.pdf,2023,0-1,published_national_sample_survey,published favorable opinion of Russia / 100; no interpolation to countries not surveyed,True,not_available_local_reference_file,e4759bc5258731ac835435fa6c74052f7832a26c2b082c5db32b9762bc4c28be,mgimo_platform2.models.friendliness_v2::build_friendliness_index_v3,Pew Q3f national-sample response; survey absence remains missing evidence.
friendliness_receptivity_ex_ante_v4,MHL,Marshall Islands,2025,F_DIPLOMATIC_ALIGNMENT,"{""effective_votes"": 320.623253109422, ""joint_votes"": 484, ""standard_error"": 0.0238338250193649}",0.3933097580812358,0.25,0.5555555555555556,un_digital_library_voting_2026_02_06,UN Digital Library General Assembly Voting Data,data/mgimo_validation_project/data/raw/un_voting/ga_voting_2026_02_06.csv.gz,2021-2025,0-1,calculated_from_official_roll_calls,"weighted agreement: exact=1, abstention mismatch=0.5, yes/no opposition=0; recency half-life 3y; entropy weighting",True,not_available_local_reference_file,0f98a2842d9c13c2e66c01d3ecc976f25bf8601e28bfa30cc3d2180ec3cda62a,mgimo_platform2.models.friendliness_v2::build_friendliness_index_v3,
friendliness_receptivity_ex_ante_v4,MHL,Marshall Islands,2025,F_POLICY_ACCESS,"{""listed_in_430r"": false}",1.0,0.2,0.4444444444444445,russia_unfriendly_countries_430r,Government of Russia disposition No. 430-r country list,data/reference/unfriendly_countries_russia_430r.csv,2025,0-1,official_reference,"1 if not listed; 0 if listed; administrative access indicator, not public opinion",True,not_available_local_reference_file,97846f295cbea6b00f7507ab14e330b3ba442cd7c639205e7b7b1b21e82655fc,mgimo_platform2.models.friendliness_v2::build_friendliness_index_v3,This component measures the current formal policy constraint only.
friendliness_receptivity_ex_ante_v4,MKD,North Macedonia,2025,F_DIPLOMATIC_ALIGNMENT,"{""effective_votes"": 328.5615595579916, ""joint_votes"": 493, ""standard_error"": 0.0225950647856307}",0.4636205144697724,0.25,0.5555555555555556,un_digital_library_voting_2026_02_06,UN Digital Library General Assembly Voting Data,data/mgimo_validation_project/data/raw/un_voting/ga_voting_2026_02_06.csv.gz,2021-2025,0-1,calculated_from_official_roll_calls,"weighted agreement: exact=1, abstention mismatch=0.5, yes/no opposition=0; recency half-life 3y; entropy weighting",True,not_available_local_reference_file,564dd6b9f3dcb52cc1a64c65bcf256d8b958f9bff7f4ca354fa1e21899f97c4c,mgimo_platform2.models.friendliness_v2::build_friendliness_index_v3,
friendliness_receptivity_ex_ante_v4,MKD,North Macedonia,2025,F_POLICY_ACCESS,"{""listed_in_430r"": true}",0.0,0.2,0.4444444444444445,russia_unfriendly_countries_430r,Government of Russia disposition No. 430-r country list,data/reference/unfriendly_countries_russia_430r.csv,2025,0-1,official_reference,"1 if not listed; 0 if listed; administrative access indicator, not public opinion",True,not_available_local_reference_file,bf78f7993906733e10e43504059a4f643e7c03f8c7622d8c32d46f33a81367d9,mgimo_platform2.models.friendliness_v2::build_friendliness_index_v3,This component measures the current formal policy constraint only.
friendliness_receptivity_ex_ante_v4,MLI,Mali,2025,F_DIPLOMATIC_ALIGNMENT,"{""effective_votes"": 346.8861847984623, ""joint_votes"": 522, ""standard_error"": 0.0208786392714054}",0.7544510304003127,0.25,0.5555555555555556,un_digital_library_voting_2026_02_06,UN Digital Library General Assembly Voting Data,data/mgimo_validation_project/data/raw/un_voting/ga_voting_2026_02_06.csv.gz,2021-2025,0-1,calculated_from_official_roll_calls,"weighted agreement: exact=1, abstention mismatch=0.5, yes/no opposition=0; recency half-life 3y; entropy weighting",True,not_available_local_reference_file,9a5825211b77e353c6e14d29d1eec094dffc9126765867e5cd0da4755d55344e,mgimo_platform2.models.friendliness_v2::build_friendliness_index_v3,
friendliness_receptivity_ex_ante_v4,MLI,Mali,2025,F_POLICY_ACCESS,"{""listed_in_430r"": false}",1.0,0.2,0.4444444444444445,russia_unfriendly_countries_430r,Government of Russia disposition No. 430-r country list,data/reference/unfriendly_countries_russia_430r.csv,2025,0-1,official_reference,"1 if not listed; 0 if listed; administrative access indicator, not public opinion",True,not_available_local_reference_file,97846f295cbea6b00f7507ab14e330b3ba442cd7c639205e7b7b1b21e82655fc,mgimo_platform2.models.friendliness_v2::build_friendliness_index_v3,This component measures the current formal policy constraint only.
friendliness_receptivity_ex_ante_v4,MLT,Malta,2025,F_DIPLOMATIC_ALIGNMENT,"{""effective_votes"": 365.4032529629821, ""joint_votes"": 550, ""standard_error"": 0.0217445006655655}",0.4004046277052736,0.25,0.5555555555555556,un_digital_library_voting_2026_02_06,UN Digital Library General Assembly Voting Data,data/mgimo_validation_project/data/raw/un_voting/ga_voting_2026_02_06.csv.gz,2021-2025,0-1,calculated_from_official_roll_calls,"weighted agreement: exact=1, abstention mismatch=0.5, yes/no opposition=0; recency half-life 3y; entropy weighting",True,not_available_local_reference_file,a8be4686ca60e00eaaa5edd8f91efbcbb1ee7de9c1fd860e86e6f259dbff6b55,mgimo_platform2.models.friendliness_v2::build_friendliness_index_v3,
friendliness_receptivity_ex_ante_v4,MLT,Malta,2025,F_POLICY_ACCESS,"{""listed_in_430r"": true}",0.0,0.2,0.4444444444444445,russia_unfriendly_countries_430r,Government of Russia disposition No. 430-r country list,data/reference/unfriendly_countries_russia_430r.csv,2025,0-1,official_reference,"1 if not listed; 0 if listed; administrative access indicator, not public opinion",True,not_available_local_reference_file,bf78f7993906733e10e43504059a4f643e7c03f8c7622d8c32d46f33a81367d9,mgimo_platform2.models.friendliness_v2::build_friendliness_index_v3,This component measures the current formal policy constraint only.
friendliness_receptivity_ex_ante_v4,MMR,Myanmar,2025,F_DIPLOMATIC_ALIGNMENT,"{""effective_votes"": 345.05220521956824, ""joint_votes"": 518, ""standard_error"": 0.0242387269709887}",0.5721086319707281,0.25,0.5555555555555556,un_digital_library_voting_2026_02_06,UN Digital Library General Assembly Voting Data,data/mgimo_validation_project/data/raw/un_voting/ga_voting_2026_02_06.csv.gz,2021-2025,0-1,calculated_from_official_roll_calls,"weighted agreement: exact=1, abstention mismatch=0.5, yes/no opposition=0; recency half-life 3y; entropy weighting",True,not_available_local_reference_file,c4410cd310779e43bac890c7308b6377585243bebf45352bbef9ed2b3d7564e1,mgimo_platform2.models.friendliness_v2::build_friendliness_index_v3,
friendliness_receptivity_ex_ante_v4,MMR,Myanmar,2025,F_POLICY_ACCESS,"{""listed_in_430r"": false}",1.0,0.2,0.4444444444444445,russia_unfriendly_countries_430r,Government of Russia disposition No. 430-r country list,data/reference/unfriendly_countries_russia_430r.csv,2025,0-1,official_reference,"1 if not listed; 0 if listed; administrative access indicator, not public opinion",True,not_available_local_reference_file,97846f295cbea6b00f7507ab14e330b3ba442cd7c639205e7b7b1b21e82655fc,mgimo_platform2.models.friendliness_v2::build_friendliness_index_v3,This component measures the current formal policy constraint only.
friendliness_receptivity_ex_ante_v4,MNE,Montenegro,2025,F_DIPLOMATIC_ALIGNMENT,"{""effective_votes"": 365.0253703161753, ""joint_votes"": 549, ""standard_error"": 0.0220407995849888}",0.4936840161716518,0.25,0.5555555555555556,un_digital_library_voting_2026_02_06,UN Digital Library General Assembly Voting Data,data/mgimo_validation_project/data/raw/un_voting/ga_voting_2026_02_06.csv.gz,2021-2025,0-1,calculated_from_official_roll_calls,"weighted agreement: exact=1, abstention mismatch=0.5, yes/no opposition=0; recency half-life 3y; entropy weighting",True,not_available_local_reference_file,e44e78252995d768b689adad453d12d14910bdfd36c1b8d7c98e402e96f59a5e,mgimo_platform2.models.friendliness_v2::build_friendliness_index_v3,
friendliness_receptivity_ex_ante_v4,MNE,Montenegro,2025,F_POLICY_ACCESS,"{""listed_in_430r"": true}",0.0,0.2,0.4444444444444445,russia_unfriendly_countries_430r,Government of Russia disposition No. 430-r country list,data/reference/unfriendly_countries_russia_430r.csv,2025,0-1,official_reference,"1 if not listed; 0 if listed; administrative access indicator, not public opinion",True,not_available_local_reference_file,bf78f7993906733e10e43504059a4f643e7c03f8c7622d8c32d46f33a81367d9,mgimo_platform2.models.friendliness_v2::build_friendliness_index_v3,This component measures the current formal policy constraint only.
friendliness_receptivity_ex_ante_v4,MNG,Mongolia,2025,F_DIPLOMATIC_ALIGNMENT,"{""effective_votes"": 362.7385926439768, ""joint_votes"": 546, ""standard_error"": 0.0212946426017577}",0.6606784329475099,0.25,0.4166666666666667,un_digital_library_voting_2026_02_06,UN Digital Library General Assembly Voting Data,data/mgimo_validation_project/data/raw/un_voting/ga_voting_2026_02_06.csv.gz,2021-2025,0-1,calculated_from_official_roll_calls,"weighted agreement: exact=1, abstention mismatch=0.5, yes/no opposition=0; recency half-life 3y; entropy weighting",True,not_available_local_reference_file,e1f43a9f30aa4da216208c1aa96db367e87c4a95ea208fc7ecc58cb338e22185,mgimo_platform2.models.friendliness_v2::build_friendliness_index_v3,
friendliness_receptivity_ex_ante_v4,MNG,Mongolia,2025,F_POLICY_ACCESS,"{""listed_in_430r"": false}",1.0,0.2,0.3333333333333333,russia_unfriendly_countries_430r,Government of Russia disposition No. 430-r country list,data/reference/unfriendly_countries_russia_430r.csv,2025,0-1,official_reference,"1 if not listed; 0 if listed; administrative access indicator, not public opinion",True,not_available_local_reference_file,97846f295cbea6b00f7507ab14e330b3ba442cd7c639205e7b7b1b21e82655fc,mgimo_platform2.models.friendliness_v2::build_friendliness_index_v3,This component measures the current formal policy constraint only.
friendliness_receptivity_ex_ante_v4,MNG,Mongolia,2025,F_RUSSIAN_LANGUAGE_ENVIRONMENT,"{""official_status"": ""not_official"", ""population_percent"": 0.12}",0.0259807621135331,0.15,0.25,unicode_cldr_territory_languages,Unicode CLDR Supplemental Territory Information,https://unicode.org/reports/tr35/tr35-info.html#Territory_Information,CLDR/Babel 2.18.0,0-1,reference_estimate,0.75*sqrt(functional_population_share)+0.25*official_status_score,True,package_version:Babel 2.18.0,2b212c765f57c7c1a1e74ad45e84dd9987005926a97e907df7b494d97664d6ce,mgimo_platform2.models.friendliness_v2::build_russian_language_environment,"Missing CLDR language rows remain missing, not zero."
friendliness_receptivity_ex_ante_v4,MNP,Northern Mariana Islands,2025,F_POLICY_ACCESS,"{""listed_in_430r"": false}",1.0,0.2,1.0,russia_unfriendly_countries_430r,Government of Russia disposition No. 430-r country list,data/reference/unfriendly_countries_russia_430r.csv,2025,0-1,official_reference,"1 if not listed; 0 if listed; administrative access indicator, not public opinion",True,not_available_local_reference_file,97846f295cbea6b00f7507ab14e330b3ba442cd7c639205e7b7b1b21e82655fc,mgimo_platform2.models.friendliness_v2::build_friendliness_index_v3,This component measures the current formal policy constraint only.
friendliness_receptivity_ex_ante_v4,MOZ,Mozambique,2025,F_DIPLOMATIC_ALIGNMENT,"{""effective_votes"": 342.84321349408054, ""joint_votes"": 516, ""standard_error"": 0.0216114131429498}",0.6576666144607201,0.25,0.5555555555555556,un_digital_library_voting_2026_02_06,UN Digital Library General Assembly Voting Data,data/mgimo_validation_project/data/raw/un_voting/ga_voting_2026_02_06.csv.gz,2021-2025,0-1,calculated_from_official_roll_calls,"weighted agreement: exact=1, abstention mismatch=0.5, yes/no opposition=0; recency half-life 3y; entropy weighting",True,not_available_local_reference_file,b0b8c57cf5879f9760f78afb0047a5121e008ba52ac8104ede204c06db1219f8,mgimo_platform2.models.friendliness_v2::build_friendliness_index_v3,
friendliness_receptivity_ex_ante_v4,MOZ,Mozambique,2025,F_POLICY_ACCESS,"{""listed_in_430r"": false}",1.0,0.2,0.4444444444444445,russia_unfriendly_countries_430r,Government of Russia disposition No. 430-r country list,data/reference/unfriendly_countries_russia_430r.csv,2025,0-1,official_reference,"1 if not listed; 0 if listed; administrative access indicator, not public opinion",True,not_available_local_reference_file,97846f295cbea6b00f7507ab14e330b3ba442cd7c639205e7b7b1b21e82655fc,mgimo_platform2.models.friendliness_v2::build_friendliness_index_v3,This component measures the current formal policy constraint only.
friendliness_receptivity_ex_ante_v4,MRT,Mauritania,2025,F_DIPLOMATIC_ALIGNMENT,"{""effective_votes"": 343.5933346125112, ""joint_votes"": 519, ""standard_error"": 0.022163513681026}",0.6554769446387866,0.25,0.5555555555555556,un_digital_library_voting_2026_02_06,UN Digital Library General Assembly Voting Data,data/mgimo_validation_project/data/raw/un_voting/ga_voting_2026_02_06.csv.gz,2021-2025,0-1,calculated_from_official_roll_calls,"weighted agreement: exact=1, abstention mismatch=0.5, yes/no opposition=0; recency half-life 3y; entropy weighting",True,not_available_local_reference_file,71b97fec70e123996214f766024d59b57ee66bcdd3fdac8b29e4dd870df81be3,mgimo_platform2.models.friendliness_v2::build_friendliness_index_v3,
friendliness_receptivity_ex_ante_v4,MRT,Mauritania,2025,F_POLICY_ACCESS,"{""listed_in_430r"": false}",1.0,0.2,0.4444444444444445,russia_unfriendly_countries_430r,Government of Russia disposition No. 430-r country list,data/reference/unfriendly_countries_russia_430r.csv,2025,0-1,official_reference,"1 if not listed; 0 if listed; administrative access indicator, not public opinion",True,not_available_local_reference_file,97846f295cbea6b00f7507ab14e330b3ba442cd7c639205e7b7b1b21e82655fc,mgimo_platform2.models.friendliness_v2::build_friendliness_index_v3,This component measures the current formal policy constraint only.
friendliness_receptivity_ex_ante_v4,MUS,Mauritius,2025,F_DIPLOMATIC_ALIGNMENT,"{""effective_votes"": 348.562319699004, ""joint_votes"": 527, ""standard_error"": 0.0229887271796678}",0.6261321794862584,0.25,0.5555555555555556,un_digital_library_voting_2026_02_06,UN Digital Library General Assembly Voting Data,data/mgimo_validation_project/data/raw/un_voting/ga_voting_2026_02_06.csv.gz,2021-2025,0-1,calculated_from_official_roll_calls,"weighted agreement: exact=1, abstention mismatch=0.5, yes/no opposition=0; recency half-life 3y; entropy weighting",True,not_available_local_reference_file,326bb2cc28614ad84917fbb1be82077be3fa49d01cfd265560b62aae7c0bff88,mgimo_platform2.models.friendliness_v2::build_friendliness_index_v3,
friendliness_receptivity_ex_ante_v4,MUS,Mauritius,2025,F_POLICY_ACCESS,"{""listed_in_430r"": false}",1.0,0.2,0.4444444444444445,russia_unfriendly_countries_430r,Government of Russia disposition No. 430-r country list,data/reference/unfriendly_countries_russia_430r.csv,2025,0-1,official_reference,"1 if not listed; 0 if listed; administrative access indicator, not public opinion",True,not_available_local_reference_file,97846f295cbea6b00f7507ab14e330b3ba442cd7c639205e7b7b1b21e82655fc,mgimo_platform2.models.friendliness_v2::build_friendliness_index_v3,This component measures the current formal policy constraint only.
friendliness_receptivity_ex_ante_v4,MWI,Malawi,2025,F_DIPLOMATIC_ALIGNMENT,"{""effective_votes"": 299.20951811963386, ""joint_votes"": 447, ""standard_error"": 0.0259819573798079}",0.5411196780917388,0.25,0.5555555555555556,un_digital_library_voting_2026_02_06,UN Digital Library General Assembly Voting Data,data/mgimo_validation_project/data/raw/un_voting/ga_voting_2026_02_06.csv.gz,2021-2025,0-1,calculated_from_official_roll_calls,"weighted agreement: exact=1, abstention mismatch=0.5, yes/no opposition=0; recency half-life 3y; entropy weighting",True,not_available_local_reference_file,5d5bfe2cae6785494e928a798617bc90a6ec994545955b9f8961d75a68bef4b9,mgimo_platform2.models.friendliness_v2::build_friendliness_index_v3,
friendliness_receptivity_ex_ante_v4,MWI,Malawi,2025,F_POLICY_ACCESS,"{""listed_in_430r"": false}",1.0,0.2,0.4444444444444445,russia_unfriendly_countries_430r,Government of Russia disposition No. 430-r country list,data/reference/unfriendly_countries_russia_430r.csv,2025,0-1,official_reference,"1 if not listed; 0 if listed; administrative access indicator, not public opinion",True,not_available_local_reference_file,97846f295cbea6b00f7507ab14e330b3ba442cd7c639205e7b7b1b21e82655fc,mgimo_platform2.models.friendliness_v2::build_friendliness_index_v3,This component measures the current formal policy constraint only.
friendliness_receptivity_ex_ante_v4,MYS,Malaysia,2025,F_DIPLOMATIC_ALIGNMENT,"{""effective_votes"": 365.4032529629821, ""joint_votes"": 550, ""standard_error"": 0.0217144899468867}",0.6413580023705692,0.25,0.5555555555555556,un_digital_library_voting_2026_02_06,UN Digital Library General Assembly Voting Data,data/mgimo_validation_project/data/raw/un_voting/ga_voting_2026_02_06.csv.gz,2021-2025,0-1,calculated_from_official_roll_calls,"weighted agreement: exact=1, abstention mismatch=0.5, yes/no opposition=0; recency half-life 3y; entropy weighting",True,not_available_local_reference_file,252051f7dc246720d036b4a1f3d266392ee76eb080a6afc64c2d8ef59ceec793,mgimo_platform2.models.friendliness_v2::build_friendliness_index_v3,
friendliness_receptivity_ex_ante_v4,MYS,Malaysia,2025,F_POLICY_ACCESS,"{""listed_in_430r"": false}",1.0,0.2,0.4444444444444445,russia_unfriendly_countries_430r,Government of Russia disposition No. 430-r country list,data/reference/unfriendly_countries_russia_430r.csv,2025,0-1,official_reference,"1 if not listed; 0 if listed; administrative access indicator, not public opinion",True,not_available_local_reference_file,97846f295cbea6b00f7507ab14e330b3ba442cd7c639205e7b7b1b21e82655fc,mgimo_platform2.models.friendliness_v2::build_friendliness_index_v3,This component measures the current formal policy constraint only.
friendliness_receptivity_ex_ante_v4,NAM,Namibia,2025,F_DIPLOMATIC_ALIGNMENT,"{""effective_votes"": 347.2462116915938, ""joint_votes"": 520, ""standard_error"": 0.0213925859655771}",0.6595013007646644,0.25,0.5555555555555556,un_digital_library_voting_2026_02_06,UN Digital Library General Assembly Voting Data,data/mgimo_validation_project/data/raw/un_voting/ga_voting_2026_02_06.csv.gz,2021-2025,0-1,calculated_from_official_roll_calls,"weighted agreement: exact=1, abstention mismatch=0.5, yes/no opposition=0; recency half-life 3y; entropy weighting",True,not_available_local_reference_file,a00c005ba8ad87de2b78768b7f2c038daeec90e43fa10eb0dc435494f7c0ad41,mgimo_platform2.models.friendliness_v2::build_friendliness_index_v3,
friendliness_receptivity_ex_ante_v4,NAM,Namibia,2025,F_POLICY_ACCESS,"{""listed_in_430r"": false}",1.0,0.2,0.4444444444444445,russia_unfriendly_countries_430r,Government of Russia disposition No. 430-r country list,data/reference/unfriendly_countries_russia_430r.csv,2025,0-1,official_reference,"1 if not listed; 0 if listed; administrative access indicator, not public opinion",True,not_available_local_reference_file,97846f295cbea6b00f7507ab14e330b3ba442cd7c639205e7b7b1b21e82655fc,mgimo_platform2.models.friendliness_v2::build_friendliness_index_v3,This component measures the current formal policy constraint only.
friendliness_receptivity_ex_ante_v4,NCL,New Caledonia,2025,F_POLICY_ACCESS,"{""listed_in_430r"": false}",1.0,0.2,1.0,russia_unfriendly_countries_430r,Government of Russia disposition No. 430-r country list,data/reference/unfriendly_countries_russia_430r.csv,2025,0-1,official_reference,"1 if not listed; 0 if listed; administrative access indicator, not public opinion",True,not_available_local_reference_file,97846f295cbea6b00f7507ab14e330b3ba442cd7c639205e7b7b1b21e82655fc,mgimo_platform2.models.friendliness_v2::build_friendliness_index_v3,This component measures the current formal policy constraint only.
friendliness_receptivity_ex_ante_v4,NER,Niger,2025,F_DIPLOMATIC_ALIGNMENT,"{""effective_votes"": 307.4906508716333, ""joint_votes"": 454, ""standard_error"": 0.0234886795353557}",0.692223545120761,0.25,0.5555555555555556,un_digital_library_voting_2026_02_06,UN Digital Library General Assembly Voting Data,data/mgimo_validation_project/data/raw/un_voting/ga_voting_2026_02_06.csv.gz,2021-2025,0-1,calculated_from_official_roll_calls,"weighted agreement: exact=1, abstention mismatch=0.5, yes/no opposition=0; recency half-life 3y; entropy weighting",True,not_available_local_reference_file,282728927f706cd563d7f5bd197e53a7bd4c4da8b5d4c57636ab925b7b7e0abc,mgimo_platform2.models.friendliness_v2::build_friendliness_index_v3,
friendliness_receptivity_ex_ante_v4,NER,Niger,2025,F_POLICY_ACCESS,"{""listed_in_430r"": false}",1.0,0.2,0.4444444444444445,russia_unfriendly_countries_430r,Government of Russia disposition No. 430-r country list,data/reference/unfriendly_countries_russia_430r.csv,2025,0-1,official_reference,"1 if not listed; 0 if listed; administrative access indicator, not public opinion",True,not_available_local_reference_file,97846f295cbea6b00f7507ab14e330b3ba442cd7c639205e7b7b1b21e82655fc,mgimo_platform2.models.friendliness_v2::build_friendliness_index_v3,This component measures the current formal policy constraint only.
friendliness_receptivity_ex_ante_v4,NGA,Nigeria,2025,F_DIPLOMATIC_ALIGNMENT,"{""effective_votes"": 324.468478232468, ""joint_votes"": 485, ""standard_error"": 0.0230915030362528}",0.6334607981930497,0.25,0.3846153846153846,un_digital_library_voting_2026_02_06,UN Digital Library General Assembly Voting Data,data/mgimo_validation_project/data/raw/un_voting/ga_voting_2026_02_06.csv.gz,2021-2025,0-1,calculated_from_official_roll_calls,"weighted agreement: exact=1, abstention mismatch=0.5, yes/no opposition=0; recency half-life 3y; entropy weighting",True,not_available_local_reference_file,bdcaedbbd67513a21e8f14a719925676d22b0e5a787726eb2803dd7ea727ab68,mgimo_platform2.models.friendliness_v2::build_friendliness_index_v3,
friendliness_receptivity_ex_ante_v4,NGA,Nigeria,2025,F_POLICY_ACCESS,"{""listed_in_430r"": false}",1.0,0.2,0.3076923076923077,russia_unfriendly_countries_430r,Government of Russia disposition No. 430-r country list,data/reference/unfriendly_countries_russia_430r.csv,2025,0-1,official_reference,"1 if not listed; 0 if listed; administrative access indicator, not public opinion",True,not_available_local_reference_file,97846f295cbea6b00f7507ab14e330b3ba442cd7c639205e7b7b1b21e82655fc,mgimo_platform2.models.friendliness_v2::build_friendliness_index_v3,This component measures the current formal policy constraint only.
friendliness_receptivity_ex_ante_v4,NGA,Nigeria,2025,F_SURVEY_RUSSIA_ATTITUDE,"{""dk_refused"": 12, ""favorable_percent"": 42.0, ""question"": ""Q3f. Overall opinion of Russia"", ""somewhat_favorable"": 26, ""somewhat_unfavorable"": 20, ""unfavorable_percent"": 46.0, ""very_favorable"": 16, ""very_unfavorable"": 26}",0.42,0.2,0.3076923076923077,pew_global_attitudes_russia_2023_q3f,Pew Research Center Spring 2023 Global Attitudes Survey topline,https://www.pewresearch.org/global/wp-content/uploads/sites/2/2023/07/PG_2023.07.10_Russia-NATO_Topline.pdf,2023,0-1,published_national_sample_survey,published favorable opinion of Russia / 100; no interpolation to countries not surveyed,True,not_available_local_reference_file,d617e71dd32bcf20d774e8a560bee18558f653525953914f4e9f72da84c26ae1,mgimo_platform2.models.friendliness_v2::build_friendliness_index_v3,Pew Q3f national-sample response; survey absence remains missing evidence.
friendliness_receptivity_ex_ante_v4,NIC,Nicaragua,2025,F_DIPLOMATIC_ALIGNMENT,"{""effective_votes"": 352.3392499142414, ""joint_votes"": 527, ""standard_error"": 0.0196024828686906}",0.7927444571083774,0.25,0.5555555555555556,un_digital_library_voting_2026_02_06,UN Digital Library General Assembly Voting Data,data/mgimo_validation_project/data/raw/un_voting/ga_voting_2026_02_06.csv.gz,2021-2025,0-1,calculated_from_official_roll_calls,"weighted agreement: exact=1, abstention mismatch=0.5, yes/no opposition=0; recency half-life 3y; entropy weighting",True,not_available_local_reference_file,1e4c6eaf69a4b1c4f8b2e4e500dee4e5585662d68e4001622b1c6c611a03a332,mgimo_platform2.models.friendliness_v2::build_friendliness_index_v3,
friendliness_receptivity_ex_ante_v4,NIC,Nicaragua,2025,F_POLICY_ACCESS,"{""listed_in_430r"": false}",1.0,0.2,0.4444444444444445,russia_unfriendly_countries_430r,Government of Russia disposition No. 430-r country list,data/reference/unfriendly_countries_russia_430r.csv,2025,0-1,official_reference,"1 if not listed; 0 if listed; administrative access indicator, not public opinion",True,not_available_local_reference_file,97846f295cbea6b00f7507ab14e330b3ba442cd7c639205e7b7b1b21e82655fc,mgimo_platform2.models.friendliness_v2::build_friendliness_index_v3,This component measures the current formal policy constraint only.
friendliness_receptivity_ex_ante_v4,NLD,Netherlands,2025,F_DIPLOMATIC_ALIGNMENT,"{""effective_votes"": 362.8850626076036, ""joint_votes"": 546, ""standard_error"": 0.021846940454975}",0.4581227031462641,0.25,0.3846153846153846,un_digital_library_voting_2026_02_06,UN Digital Library General Assembly Voting Data,data/mgimo_validation_project/data/raw/un_voting/ga_voting_2026_02_06.csv.gz,2021-2025,0-1,calculated_from_official_roll_calls,"weighted agreement: exact=1, abstention mismatch=0.5, yes/no opposition=0; recency half-life 3y; entropy weighting",True,not_available_local_reference_file,7fcfe5d23b0161bbb44d5517625d0c1fb2ca6fd53653d3b756449bdc81b2b3f3,mgimo_platform2.models.friendliness_v2::build_friendliness_index_v3,
friendliness_receptivity_ex_ante_v4,NLD,Netherlands,2025,F_POLICY_ACCESS,"{""listed_in_430r"": true}",0.0,0.2,0.3076923076923077,russia_unfriendly_countries_430r,Government of Russia disposition No. 430-r country list,data/reference/unfriendly_countries_russia_430r.csv,2025,0-1,official_reference,"1 if not listed; 0 if listed; administrative access indicator, not public opinion",True,not_available_local_reference_file,bf78f7993906733e10e43504059a4f643e7c03f8c7622d8c32d46f33a81367d9,mgimo_platform2.models.friendliness_v2::build_friendliness_index_v3,This component measures the current formal policy constraint only.
friendliness_receptivity_ex_ante_v4,NLD,Netherlands,2025,F_SURVEY_RUSSIA_ATTITUDE,"{""dk_refused"": 1, ""favorable_percent"": 7.0, ""question"": ""Q3f. Overall opinion of Russia"", ""somewhat_favorable"": 6, ""somewhat_unfavorable"": 20, ""unfavorable_percent"": 91.0, ""very_favorable"": 1, ""very_unfavorable"": 71}",0.07,0.2,0.3076923076923077,pew_global_attitudes_russia_2023_q3f,Pew Research Center Spring 2023 Global Attitudes Survey topline,https://www.pewresearch.org/global/wp-content/uploads/sites/2/2023/07/PG_2023.07.10_Russia-NATO_Topline.pdf,2023,0-1,published_national_sample_survey,published favorable opinion of Russia / 100; no interpolation to countries not surveyed,True,not_available_local_reference_file,e37081c0edd9c2714c56fc2477e8c17174cea734580a81a6e5dcc14a36b4b910,mgimo_platform2.models.friendliness_v2::build_friendliness_index_v3,Pew Q3f national-sample response; survey absence remains missing evidence.
friendliness_receptivity_ex_ante_v4,NOR,Norway,2025,F_DIPLOMATIC_ALIGNMENT,"{""effective_votes"": 365.4032529629821, ""joint_votes"": 550, ""standard_error"": 0.0220310786544647}",0.4866197976707212,0.25,0.5555555555555556,un_digital_library_voting_2026_02_06,UN Digital Library General Assembly Voting Data,data/mgimo_validation_project/data/raw/un_voting/ga_voting_2026_02_06.csv.gz,2021-2025,0-1,calculated_from_official_roll_calls,"weighted agreement: exact=1, abstention mismatch=0.5, yes/no opposition=0; recency half-life 3y; entropy weighting",True,not_available_local_reference_file,8d32fedd2af4e70fe81eea7cd0b3eb12804503da020787fb196330b76b1d01fa,mgimo_platform2.models.friendliness_v2::build_friendliness_index_v3,
friendliness_receptivity_ex_ante_v4,NOR,Norway,2025,F_POLICY_ACCESS,"{""listed_in_430r"": true}",0.0,0.2,0.4444444444444445,russia_unfriendly_countries_430r,Government of Russia disposition No. 430-r country list,data/reference/unfriendly_countries_russia_430r.csv,2025,0-1,official_reference,"1 if not listed; 0 if listed; administrative access indicator, not public opinion",True,not_available_local_reference_file,bf78f7993906733e10e43504059a4f643e7c03f8c7622d8c32d46f33a81367d9,mgimo_platform2.models.friendliness_v2::build_friendliness_index_v3,This component measures the current formal policy constraint only.
friendliness_receptivity_ex_ante_v4,NPL,Nepal,2025,F_DIPLOMATIC_ALIGNMENT,"{""effective_votes"": 357.64879229137165, ""joint_votes"": 540, ""standard_error"": 0.0214541913980467}",0.6546522574899837,0.25,0.5555555555555556,un_digital_library_voting_2026_02_06,UN Digital Library General Assembly Voting Data,data/mgimo_validation_project/data/raw/un_voting/ga_voting_2026_02_06.csv.gz,2021-2025,0-1,calculated_from_official_roll_calls,"weighted agreement: exact=1, abstention mismatch=0.5, yes/no opposition=0; recency half-life 3y; entropy weighting",True,not_available_local_reference_file,7a9f0f54c5770b84aa547c4403df9613586d5bb974783667134d33f594fbcfda,mgimo_platform2.models.friendliness_v2::build_friendliness_index_v3,
friendliness_receptivity_ex_ante_v4,NPL,Nepal,2025,F_POLICY_ACCESS,"{""listed_in_430r"": false}",1.0,0.2,0.4444444444444445,russia_unfriendly_countries_430r,Government of Russia disposition No. 430-r country list,data/reference/unfriendly_countries_russia_430r.csv,2025,0-1,official_reference,"1 if not listed; 0 if listed; administrative access indicator, not public opinion",True,not_available_local_reference_file,97846f295cbea6b00f7507ab14e330b3ba442cd7c639205e7b7b1b21e82655fc,mgimo_platform2.models.friendliness_v2::build_friendliness_index_v3,This component measures the current formal policy constraint only.
friendliness_receptivity_ex_ante_v4,NRU,Nauru,2025,F_DIPLOMATIC_ALIGNMENT,"{""effective_votes"": 190.5145465122924, ""joint_votes"": 253, ""standard_error"": 0.0306412499000256}",0.3990720844354287,0.25,0.5555555555555556,un_digital_library_voting_2026_02_06,UN Digital Library General Assembly Voting Data,data/mgimo_validation_project/data/raw/un_voting/ga_voting_2026_02_06.csv.gz,2021-2025,0-1,calculated_from_official_roll_calls,"weighted agreement: exact=1, abstention mismatch=0.5, yes/no opposition=0; recency half-life 3y; entropy weighting",True,not_available_local_reference_file,5588b843649f3a509f5dcdf49456db729c9744ee1572977bb8adeb63a009d2f2,mgimo_platform2.models.friendliness_v2::build_friendliness_index_v3,
friendliness_receptivity_ex_ante_v4,NRU,Nauru,2025,F_POLICY_ACCESS,"{""listed_in_430r"": false}",1.0,0.2,0.4444444444444445,russia_unfriendly_countries_430r,Government of Russia disposition No. 430-r country list,data/reference/unfriendly_countries_russia_430r.csv,2025,0-1,official_reference,"1 if not listed; 0 if listed; administrative access indicator, not public opinion",True,not_available_local_reference_file,97846f295cbea6b00f7507ab14e330b3ba442cd7c639205e7b7b1b21e82655fc,mgimo_platform2.models.friendliness_v2::build_friendliness_index_v3,This component measures the current formal policy constraint only.
friendliness_receptivity_ex_ante_v4,NZL,New Zealand,2025,F_DIPLOMATIC_ALIGNMENT,"{""effective_votes"": 365.1181347084197, ""joint_votes"": 549, ""standard_error"": 0.0226804280499172}",0.4154197665157619,0.25,0.5555555555555556,un_digital_library_voting_2026_02_06,UN Digital Library General Assembly Voting Data,data/mgimo_validation_project/data/raw/un_voting/ga_voting_2026_02_06.csv.gz,2021-2025,0-1,calculated_from_official_roll_calls,"weighted agreement: exact=1, abstention mismatch=0.5, yes/no opposition=0; recency half-life 3y; entropy weighting",True,not_available_local_reference_file,519fd09bdbbf899136a635c67fd4d720c8511813e07ef9a628f31430e688351a,mgimo_platform2.models.friendliness_v2::build_friendliness_index_v3,
friendliness_receptivity_ex_ante_v4,NZL,New Zealand,2025,F_POLICY_ACCESS,"{""listed_in_430r"": true}",0.0,0.2,0.4444444444444445,russia_unfriendly_countries_430r,Government of Russia disposition No. 430-r country list,data/reference/unfriendly_countries_russia_430r.csv,2025,0-1,official_reference,"1 if not listed; 0 if listed; administrative access indicator, not public opinion",True,not_available_local_reference_file,bf78f7993906733e10e43504059a4f643e7c03f8c7622d8c32d46f33a81367d9,mgimo_platform2.models.friendliness_v2::build_friendliness_index_v3,This component measures the current formal policy constraint only.
friendliness_receptivity_ex_ante_v4,OMN,Oman,2025,F_DIPLOMATIC_ALIGNMENT,"{""effective_votes"": 363.08723553031217, ""joint_votes"": 547, ""standard_error"": 0.0211011968886121}",0.6707633157729875,0.25,0.5555555555555556,un_digital_library_voting_2026_02_06,UN Digital Library General Assembly Voting Data,data/mgimo_validation_project/data/raw/un_voting/ga_voting_2026_02_06.csv.gz,2021-2025,0-1,calculated_from_official_roll_calls,"weighted agreement: exact=1, abstention mismatch=0.5, yes/no opposition=0; recency half-life 3y; entropy weighting",True,not_available_local_reference_file,280e19cf19a7fe017f29acee14b8a49a730a3e7f06bab53ec54f43d1c6dec640,mgimo_platform2.models.friendliness_v2::build_friendliness_index_v3,
friendliness_receptivity_ex_ante_v4,OMN,Oman,2025,F_POLICY_ACCESS,"{""listed_in_430r"": false}",1.0,0.2,0.4444444444444445,russia_unfriendly_countries_430r,Government of Russia disposition No. 430-r country list,data/reference/unfriendly_countries_russia_430r.csv,2025,0-1,official_reference,"1 if not listed; 0 if listed; administrative access indicator, not public opinion",True,not_available_local_reference_file,97846f295cbea6b00f7507ab14e330b3ba442cd7c639205e7b7b1b21e82655fc,mgimo_platform2.models.friendliness_v2::build_friendliness_index_v3,This component measures the current formal policy constraint only.
friendliness_receptivity_ex_ante_v4,PAK,Pakistan,2025,F_DIPLOMATIC_ALIGNMENT,"{""effective_votes"": 362.4854306213061, ""joint_votes"": 545, ""standard_error"": 0.0172467299717064}",0.7550513701134984,0.25,0.5555555555555556,un_digital_library_voting_2026_02_06,UN Digital Library General Assembly Voting Data,data/mgimo_validation_project/data/raw/un_voting/ga_voting_2026_02_06.csv.gz,2021-2025,0-1,calculated_from_official_roll_calls,"weighted agreement: exact=1, abstention mismatch=0.5, yes/no opposition=0; recency half-life 3y; entropy weighting",True,not_available_local_reference_file,d05faa77cba53d94c5b4c7c7dd6ea047d38eaedfd1134ff4dc7c397140c364d8,mgimo_platform2.models.friendliness_v2::build_friendliness_index_v3,
friendliness_receptivity_ex_ante_v4,PAK,Pakistan,2025,F_POLICY_ACCESS,"{""listed_in_430r"": false}",1.0,0.2,0.4444444444444445,russia_unfriendly_countries_430r,Government of Russia disposition No. 430-r country list,data/reference/unfriendly_countries_russia_430r.csv,2025,0-1,official_reference,"1 if not listed; 0 if listed; administrative access indicator, not public opinion",True,not_available_local_reference_file,97846f295cbea6b00f7507ab14e330b3ba442cd7c639205e7b7b1b21e82655fc,mgimo_platform2.models.friendliness_v2::build_friendliness_index_v3,This component measures the current formal policy constraint only.
friendliness_receptivity_ex_ante_v4,PAN,Panama,2025,F_DIPLOMATIC_ALIGNMENT,"{""effective_votes"": 364.0376063540016, ""joint_votes"": 548, ""standard_error"": 0.0223746213868963}",0.531403965424708,0.25,0.5555555555555556,un_digital_library_voting_2026_02_06,UN Digital Library General Assembly Voting Data,data/mgimo_validation_project/data/raw/un_voting/ga_voting_2026_02_06.csv.gz,2021-2025,0-1,calculated_from_official_roll_calls,"weighted agreement: exact=1, abstention mismatch=0.5, yes/no opposition=0; recency half-life 3y; entropy weighting",True,not_available_local_reference_file,09f18b22fffb1e6c4ac1079757d734bc8208fe099233c8055552f4f3948f7d28,mgimo_platform2.models.friendliness_v2::build_friendliness_index_v3,
friendliness_receptivity_ex_ante_v4,PAN,Panama,2025,F_POLICY_ACCESS,"{""listed_in_430r"": false}",1.0,0.2,0.4444444444444445,russia_unfriendly_countries_430r,Government of Russia disposition No. 430-r country list,data/reference/unfriendly_countries_russia_430r.csv,2025,0-1,official_reference,"1 if not listed; 0 if listed; administrative access indicator, not public opinion",True,not_available_local_reference_file,97846f295cbea6b00f7507ab14e330b3ba442cd7c639205e7b7b1b21e82655fc,mgimo_platform2.models.friendliness_v2::build_friendliness_index_v3,This component measures the current formal policy constraint only.
friendliness_receptivity_ex_ante_v4,PER,Peru,2025,F_DIPLOMATIC_ALIGNMENT,"{""effective_votes"": 364.2989966000527, ""joint_votes"": 548, ""standard_error"": 0.0234671925718704}",0.5943147342439421,0.25,0.5555555555555556,un_digital_library_voting_2026_02_06,UN Digital Library General Assembly Voting Data,data/mgimo_validation_project/data/raw/un_voting/ga_voting_2026_02_06.csv.gz,2021-2025,0-1,calculated_from_official_roll_calls,"weighted agreement: exact=1, abstention mismatch=0.5, yes/no opposition=0; recency half-life 3y; entropy weighting",True,not_available_local_reference_file,87645f62a8d3b58c554a0bcea257de3829bb1f579ec24d70ae2de593e581fada,mgimo_platform2.models.friendliness_v2::build_friendliness_index_v3,
friendliness_receptivity_ex_ante_v4,PER,Peru,2025,F_POLICY_ACCESS,"{""listed_in_430r"": false}",1.0,0.2,0.4444444444444445,russia_unfriendly_countries_430r,Government of Russia disposition No. 430-r country list,data/reference/unfriendly_countries_russia_430r.csv,2025,0-1,official_reference,"1 if not listed; 0 if listed; administrative access indicator, not public opinion",True,not_available_local_reference_file,97846f295cbea6b00f7507ab14e330b3ba442cd7c639205e7b7b1b21e82655fc,mgimo_platform2.models.friendliness_v2::build_friendliness_index_v3,This component measures the current formal policy constraint only.
friendliness_receptivity_ex_ante_v4,PHL,Philippines,2025,F_DIPLOMATIC_ALIGNMENT,"{""effective_votes"": 363.9189766956188, ""joint_votes"": 548, ""standard_error"": 0.0225493942328523}",0.6276572847360302,0.25,0.5555555555555556,un_digital_library_voting_2026_02_06,UN Digital Library General Assembly Voting Data,data/mgimo_validation_project/data/raw/un_voting/ga_voting_2026_02_06.csv.gz,2021-2025,0-1,calculated_from_official_roll_calls,"weighted agreement: exact=1, abstention mismatch=0.5, yes/no opposition=0; recency half-life 3y; entropy weighting",True,not_available_local_reference_file,aeb387a06651d2a15b45a84cba41dd166670c0701c7f199dbe16c877d2cca5d4,mgimo_platform2.models.friendliness_v2::build_friendliness_index_v3,
friendliness_receptivity_ex_ante_v4,PHL,Philippines,2025,F_POLICY_ACCESS,"{""listed_in_430r"": false}",1.0,0.2,0.4444444444444445,russia_unfriendly_countries_430r,Government of Russia disposition No. 430-r country list,data/reference/unfriendly_countries_russia_430r.csv,2025,0-1,official_reference,"1 if not listed; 0 if listed; administrative access indicator, not public opinion",True,not_available_local_reference_file,97846f295cbea6b00f7507ab14e330b3ba442cd7c639205e7b7b1b21e82655fc,mgimo_platform2.models.friendliness_v2::build_friendliness_index_v3,This component measures the current formal policy constraint only.
friendliness_receptivity_ex_ante_v4,PLW,Palau,2025,F_DIPLOMATIC_ALIGNMENT,"{""effective_votes"": 322.08652845075113, ""joint_votes"": 483, ""standard_error"": 0.0229201160512756}",0.3540226559472818,0.25,0.5555555555555556,un_digital_library_voting_2026_02_06,UN Digital Library General Assembly Voting Data,data/mgimo_validation_project/data/raw/un_voting/ga_voting_2026_02_06.csv.gz,2021-2025,0-1,calculated_from_official_roll_calls,"weighted agreement: exact=1, abstention mismatch=0.5, yes/no opposition=0; recency half-life 3y; entropy weighting",True,not_available_local_reference_file,c58195b9d83df81ff81626af6b67e6f210116d5c55a098c4f5edfbb84591a98f,mgimo_platform2.models.friendliness_v2::build_friendliness_index_v3,
friendliness_receptivity_ex_ante_v4,PLW,Palau,2025,F_POLICY_ACCESS,"{""listed_in_430r"": false}",1.0,0.2,0.4444444444444445,russia_unfriendly_countries_430r,Government of Russia disposition No. 430-r country list,data/reference/unfriendly_countries_russia_430r.csv,2025,0-1,official_reference,"1 if not listed; 0 if listed; administrative access indicator, not public opinion",True,not_available_local_reference_file,97846f295cbea6b00f7507ab14e330b3ba442cd7c639205e7b7b1b21e82655fc,mgimo_platform2.models.friendliness_v2::build_friendliness_index_v3,This component measures the current formal policy constraint only.
friendliness_receptivity_ex_ante_v4,PNG,Papua New Guinea,2025,F_DIPLOMATIC_ALIGNMENT,"{""effective_votes"": 342.78979788946657, ""joint_votes"": 511, ""standard_error"": 0.023248843178465}",0.4329608022615538,0.25,0.5555555555555556,un_digital_library_voting_2026_02_06,UN Digital Library General Assembly Voting Data,data/mgimo_validation_project/data/raw/un_voting/ga_voting_2026_02_06.csv.gz,2021-2025,0-1,calculated_from_official_roll_calls,"weighted agreement: exact=1, abstention mismatch=0.5, yes/no opposition=0; recency half-life 3y; entropy weighting",True,not_available_local_reference_file,0a714425fa871e9cced54388d1419847fc6f6bc5071416c80f70a8ef1c9b9e87,mgimo_platform2.models.friendliness_v2::build_friendliness_index_v3,
friendliness_receptivity_ex_ante_v4,PNG,Papua New Guinea,2025,F_POLICY_ACCESS,"{""listed_in_430r"": false}",1.0,0.2,0.4444444444444445,russia_unfriendly_countries_430r,Government of Russia disposition No. 430-r country list,data/reference/unfriendly_countries_russia_430r.csv,2025,0-1,official_reference,"1 if not listed; 0 if listed; administrative access indicator, not public opinion",True,not_available_local_reference_file,97846f295cbea6b00f7507ab14e330b3ba442cd7c639205e7b7b1b21e82655fc,mgimo_platform2.models.friendliness_v2::build_friendliness_index_v3,This component measures the current formal policy constraint only.
friendliness_receptivity_ex_ante_v4,POL,Poland,2025,F_DIPLOMATIC_ALIGNMENT,"{""effective_votes"": 365.0017694880255, ""joint_votes"": 549, ""standard_error"": 0.0222318483054086}",0.4862707543859822,0.25,0.3125,un_digital_library_voting_2026_02_06,UN Digital Library General Assembly Voting Data,data/mgimo_validation_project/data/raw/un_voting/ga_voting_2026_02_06.csv.gz,2021-2025,0-1,calculated_from_official_roll_calls,"weighted agreement: exact=1, abstention mismatch=0.5, yes/no opposition=0; recency half-life 3y; entropy weighting",True,not_available_local_reference_file,f6f603af08751372575d54b602e55e20f1e74ab72e6e5c46fb3566e774e802d5,mgimo_platform2.models.friendliness_v2::build_friendliness_index_v3,
friendliness_receptivity_ex_ante_v4,POL,Poland,2025,F_POLICY_ACCESS,"{""listed_in_430r"": true}",0.0,0.2,0.25,russia_unfriendly_countries_430r,Government of Russia disposition No. 430-r country list,data/reference/unfriendly_countries_russia_430r.csv,2025,0-1,official_reference,"1 if not listed; 0 if listed; administrative access indicator, not public opinion",True,not_available_local_reference_file,bf78f7993906733e10e43504059a4f643e7c03f8c7622d8c32d46f33a81367d9,mgimo_platform2.models.friendliness_v2::build_friendliness_index_v3,This component measures the current formal policy constraint only.
friendliness_receptivity_ex_ante_v4,POL,Poland,2025,F_RUSSIAN_LANGUAGE_ENVIRONMENT,"{""official_status"": ""not_official"", ""population_percent"": 18.0}",0.3181980515339463,0.15,0.1874999999999999,unicode_cldr_territory_languages,Unicode CLDR Supplemental Territory Information,https://unicode.org/reports/tr35/tr35-info.html#Territory_Information,CLDR/Babel 2.18.0,0-1,reference_estimate,0.75*sqrt(functional_population_share)+0.25*official_status_score,True,package_version:Babel 2.18.0,3852ad83df82d01f0fa52f614813afffffbcd0aa77bc566e38b9b4b5a960ec7b,mgimo_platform2.models.friendliness_v2::build_russian_language_environment,"Missing CLDR language rows remain missing, not zero."
friendliness_receptivity_ex_ante_v4,POL,Poland,2025,F_SURVEY_RUSSIA_ATTITUDE,"{""dk_refused"": 1, ""favorable_percent"": 1.0, ""question"": ""Q3f. Overall opinion of Russia"", ""somewhat_favorable"": 1, ""somewhat_unfavorable"": 8, ""unfavorable_percent"": 98.0, ""very_favorable"": 0, ""very_unfavorable"": 90}",0.01,0.2,0.25,pew_global_attitudes_russia_2023_q3f,Pew Research Center Spring 2023 Global Attitudes Survey topline,https://www.pewresearch.org/global/wp-content/uploads/sites/2/2023/07/PG_2023.07.10_Russia-NATO_Topline.pdf,2023,0-1,published_national_sample_survey,published favorable opinion of Russia / 100; no interpolation to countries not surveyed,True,not_available_local_reference_file,0df43568a9bf6ca253de74dfdd6aa4d56c07ef5acbb9ca9edbff19c9b32a04ad,mgimo_platform2.models.friendliness_v2::build_friendliness_index_v3,Pew Q3f national-sample response; survey absence remains missing evidence.
friendliness_receptivity_ex_ante_v4,PRI,Puerto Rico (US),2025,F_POLICY_ACCESS,"{""listed_in_430r"": false}",1.0,0.2,1.0,russia_unfriendly_countries_430r,Government of Russia disposition No. 430-r country list,data/reference/unfriendly_countries_russia_430r.csv,2025,0-1,official_reference,"1 if not listed; 0 if listed; administrative access indicator, not public opinion",True,not_available_local_reference_file,97846f295cbea6b00f7507ab14e330b3ba442cd7c639205e7b7b1b21e82655fc,mgimo_platform2.models.friendliness_v2::build_friendliness_index_v3,This component measures the current formal policy constraint only.
friendliness_receptivity_ex_ante_v4,PRK,"Korea, Dem. People's Rep.",2025,F_DIPLOMATIC_ALIGNMENT,"{""effective_votes"": 340.22552840057847, ""joint_votes"": 499, ""standard_error"": 0.0129205314828936}",0.9005110184118523,0.25,0.5555555555555556,un_digital_library_voting_2026_02_06,UN Digital Library General Assembly Voting Data,data/mgimo_validation_project/data/raw/un_voting/ga_voting_2026_02_06.csv.gz,2021-2025,0-1,calculated_from_official_roll_calls,"weighted agreement: exact=1, abstention mismatch=0.5, yes/no opposition=0; recency half-life 3y; entropy weighting",True,not_available_local_reference_file,15ba3cee934cb5263b2e1cdc6cc9730a8ea8ddb42efc0be2f62e24635b720e15,mgimo_platform2.models.friendliness_v2::build_friendliness_index_v3,
friendliness_receptivity_ex_ante_v4,PRK,"Korea, Dem. People's Rep.",2025,F_POLICY_ACCESS,"{""listed_in_430r"": false}",1.0,0.2,0.4444444444444445,russia_unfriendly_countries_430r,Government of Russia disposition No. 430-r country list,data/reference/unfriendly_countries_russia_430r.csv,2025,0-1,official_reference,"1 if not listed; 0 if listed; administrative access indicator, not public opinion",True,not_available_local_reference_file,97846f295cbea6b00f7507ab14e330b3ba442cd7c639205e7b7b1b21e82655fc,mgimo_platform2.models.friendliness_v2::build_friendliness_index_v3,This component measures the current formal policy constraint only.
friendliness_receptivity_ex_ante_v4,PRT,Portugal,2025,F_DIPLOMATIC_ALIGNMENT,"{""effective_votes"": 365.0778281354669, ""joint_votes"": 549, ""standard_error"": 0.0221649842938772}",0.4995190110002535,0.25,0.5555555555555556,un_digital_library_voting_2026_02_06,UN Digital Library General Assembly Voting Data,data/mgimo_validation_project/data/raw/un_voting/ga_voting_2026_02_06.csv.gz,2021-2025,0-1,calculated_from_official_roll_calls,"weighted agreement: exact=1, abstention mismatch=0.5, yes/no opposition=0; recency half-life 3y; entropy weighting",True,not_available_local_reference_file,56658498083bf003ff6bc3a22c70e2b7fd4df3cb68f67e7b2e56be467953ca23,mgimo_platform2.models.friendliness_v2::build_friendliness_index_v3,
friendliness_receptivity_ex_ante_v4,PRT,Portugal,2025,F_POLICY_ACCESS,"{""listed_in_430r"": true}",0.0,0.2,0.4444444444444445,russia_unfriendly_countries_430r,Government of Russia disposition No. 430-r country list,data/reference/unfriendly_countries_russia_430r.csv,2025,0-1,official_reference,"1 if not listed; 0 if listed; administrative access indicator, not public opinion",True,not_available_local_reference_file,bf78f7993906733e10e43504059a4f643e7c03f8c7622d8c32d46f33a81367d9,mgimo_platform2.models.friendliness_v2::build_friendliness_index_v3,This component measures the current formal policy constraint only.
friendliness_receptivity_ex_ante_v4,PRY,Paraguay,2025,F_DIPLOMATIC_ALIGNMENT,"{""effective_votes"": 364.208489632914, ""joint_votes"": 548, ""standard_error"": 0.0209987914079547}",0.4687855572237017,0.25,0.5555555555555556,un_digital_library_voting_2026_02_06,UN Digital Library General Assembly Voting Data,data/mgimo_validation_project/data/raw/un_voting/ga_voting_2026_02_06.csv.gz,2021-2025,0-1,calculated_from_official_roll_calls,"weighted agreement: exact=1, abstention mismatch=0.5, yes/no opposition=0; recency half-life 3y; entropy weighting",True,not_available_local_reference_file,29c6aad9ee5a6b38d4e266259d255fe51fdddf15132b70e3b337f8255ff10fb1,mgimo_platform2.models.friendliness_v2::build_friendliness_index_v3,
friendliness_receptivity_ex_ante_v4,PRY,Paraguay,2025,F_POLICY_ACCESS,"{""listed_in_430r"": false}",1.0,0.2,0.4444444444444445,russia_unfriendly_countries_430r,Government of Russia disposition No. 430-r country list,data/reference/unfriendly_countries_russia_430r.csv,2025,0-1,official_reference,"1 if not listed; 0 if listed; administrative access indicator, not public opinion",True,not_available_local_reference_file,97846f295cbea6b00f7507ab14e330b3ba442cd7c639205e7b7b1b21e82655fc,mgimo_platform2.models.friendliness_v2::build_friendliness_index_v3,This component measures the current formal policy constraint only.
friendliness_receptivity_ex_ante_v4,PSE,West Bank and Gaza,2025,F_POLICY_ACCESS,"{""listed_in_430r"": false}",1.0,0.2,1.0,russia_unfriendly_countries_430r,Government of Russia disposition No. 430-r country list,data/reference/unfriendly_countries_russia_430r.csv,2025,0-1,official_reference,"1 if not listed; 0 if listed; administrative access indicator, not public opinion",True,not_available_local_reference_file,97846f295cbea6b00f7507ab14e330b3ba442cd7c639205e7b7b1b21e82655fc,mgimo_platform2.models.friendliness_v2::build_friendliness_index_v3,This component measures the current formal policy constraint only.
friendliness_receptivity_ex_ante_v4,PYF,French Polynesia,2025,F_POLICY_ACCESS,"{""listed_in_430r"": false}",1.0,0.2,1.0,russia_unfriendly_countries_430r,Government of Russia disposition No. 430-r country list,data/reference/unfriendly_countries_russia_430r.csv,2025,0-1,official_reference,"1 if not listed; 0 if listed; administrative access indicator, not public opinion",True,not_available_local_reference_file,97846f295cbea6b00f7507ab14e330b3ba442cd7c639205e7b7b1b21e82655fc,mgimo_platform2.models.friendliness_v2::build_friendliness_index_v3,This component measures the current formal policy constraint only.
friendliness_receptivity_ex_ante_v4,QAT,Qatar,2025,F_DIPLOMATIC_ALIGNMENT,"{""effective_votes"": 364.4154345821791, ""joint_votes"": 549, ""standard_error"": 0.0222501646877538}",0.6312273328896864,0.25,0.5555555555555556,un_digital_library_voting_2026_02_06,UN Digital Library General Assembly Voting Data,data/mgimo_validation_project/data/raw/un_voting/ga_voting_2026_02_06.csv.gz,2021-2025,0-1,calculated_from_official_roll_calls,"weighted agreement: exact=1, abstention mismatch=0.5, yes/no opposition=0; recency half-life 3y; entropy weighting",True,not_available_local_reference_file,7fa846335043633c3f0d7f0b5c40706a08dbe20ff408665d390950bac566008e,mgimo_platform2.models.friendliness_v2::build_friendliness_index_v3,
friendliness_receptivity_ex_ante_v4,QAT,Qatar,2025,F_POLICY_ACCESS,"{""listed_in_430r"": false}",1.0,0.2,0.4444444444444445,russia_unfriendly_countries_430r,Government of Russia disposition No. 430-r country list,data/reference/unfriendly_countries_russia_430r.csv,2025,0-1,official_reference,"1 if not listed; 0 if listed; administrative access indicator, not public opinion",True,not_available_local_reference_file,97846f295cbea6b00f7507ab14e330b3ba442cd7c639205e7b7b1b21e82655fc,mgimo_platform2.models.friendliness_v2::build_friendliness_index_v3,This component measures the current formal policy constraint only.
friendliness_receptivity_ex_ante_v4,ROU,Romania,2025,F_DIPLOMATIC_ALIGNMENT,"{""effective_votes"": 365.4032529629821, ""joint_votes"": 550, ""standard_error"": 0.0217353454793832}",0.4709159209176215,0.25,0.5555555555555556,un_digital_library_voting_2026_02_06,UN Digital Library General Assembly Voting Data,data/mgimo_validation_project/data/raw/un_voting/ga_voting_2026_02_06.csv.gz,2021-2025,0-1,calculated_from_official_roll_calls,"weighted agreement: exact=1, abstention mismatch=0.5, yes/no opposition=0; recency half-life 3y; entropy weighting",True,not_available_local_reference_file,15c470915a02a8b6ba6024638cd49dab16d0513c0425a29fc40346f8c2e3cdb6,mgimo_platform2.models.friendliness_v2::build_friendliness_index_v3,
friendliness_receptivity_ex_ante_v4,ROU,Romania,2025,F_POLICY_ACCESS,"{""listed_in_430r"": true}",0.0,0.2,0.4444444444444445,russia_unfriendly_countries_430r,Government of Russia disposition No. 430-r country list,data/reference/unfriendly_countries_russia_430r.csv,2025,0-1,official_reference,"1 if not listed; 0 if listed; administrative access indicator, not public opinion",True,not_available_local_reference_file,bf78f7993906733e10e43504059a4f643e7c03f8c7622d8c32d46f33a81367d9,mgimo_platform2.models.friendliness_v2::build_friendliness_index_v3,This component measures the current formal policy constraint only.
friendliness_receptivity_ex_ante_v4,RUS,Russian Federation,2025,F_POLICY_ACCESS,"{""listed_in_430r"": false}",1.0,0.2,0.5714285714285715,russia_unfriendly_countries_430r,Government of Russia disposition No. 430-r country list,data/reference/unfriendly_countries_russia_430r.csv,2025,0-1,official_reference,"1 if not listed; 0 if listed; administrative access indicator, not public opinion",True,not_available_local_reference_file,97846f295cbea6b00f7507ab14e330b3ba442cd7c639205e7b7b1b21e82655fc,mgimo_platform2.models.friendliness_v2::build_friendliness_index_v3,This component measures the current formal policy constraint only.
friendliness_receptivity_ex_ante_v4,RUS,Russian Federation,2025,F_RUSSIAN_LANGUAGE_ENVIRONMENT,"{""official_status"": ""official"", ""population_percent"": 94.0}",0.9396519786124492,0.15,0.4285714285714286,unicode_cldr_territory_languages,Unicode CLDR Supplemental Territory Information,https://unicode.org/reports/tr35/tr35-info.html#Territory_Information,CLDR/Babel 2.18.0,0-1,reference_estimate,0.75*sqrt(functional_population_share)+0.25*official_status_score,True,package_version:Babel 2.18.0,296ab270a9e2b5165479f4e0aad42768d513919263a4cc1159c0a68069aa113a,mgimo_platform2.models.friendliness_v2::build_russian_language_environment,"Missing CLDR language rows remain missing, not zero."
friendliness_receptivity_ex_ante_v4,RWA,Rwanda,2025,F_DIPLOMATIC_ALIGNMENT,"{""effective_votes"": 305.3944251456504, ""joint_votes"": 465, ""standard_error"": 0.0235158786598557}",0.6291250996424731,0.25,0.5555555555555556,un_digital_library_voting_2026_02_06,UN Digital Library General Assembly Voting Data,data/mgimo_validation_project/data/raw/un_voting/ga_voting_2026_02_06.csv.gz,2021-2025,0-1,calculated_from_official_roll_calls,"weighted agreement: exact=1, abstention mismatch=0.5, yes/no opposition=0; recency half-life 3y; entropy weighting",True,not_available_local_reference_file,f59c2ecbd503f77bead63cc0946ecb25aadbbeabf9bfab64d0ca9d8c7b849e2c,mgimo_platform2.models.friendliness_v2::build_friendliness_index_v3,
friendliness_receptivity_ex_ante_v4,RWA,Rwanda,2025,F_POLICY_ACCESS,"{""listed_in_430r"": false}",1.0,0.2,0.4444444444444445,russia_unfriendly_countries_430r,Government of Russia disposition No. 430-r country list,data/reference/unfriendly_countries_russia_430r.csv,2025,0-1,official_reference,"1 if not listed; 0 if listed; administrative access indicator, not public opinion",True,not_available_local_reference_file,97846f295cbea6b00f7507ab14e330b3ba442cd7c639205e7b7b1b21e82655fc,mgimo_platform2.models.friendliness_v2::build_friendliness_index_v3,This component measures the current formal policy constraint only.
friendliness_receptivity_ex_ante_v4,SAU,Saudi Arabia,2025,F_DIPLOMATIC_ALIGNMENT,"{""effective_votes"": 361.887498751588, ""joint_votes"": 544, ""standard_error"": 0.0206396981537472}",0.6695656154127768,0.25,0.5555555555555556,un_digital_library_voting_2026_02_06,UN Digital Library General Assembly Voting Data,data/mgimo_validation_project/data/raw/un_voting/ga_voting_2026_02_06.csv.gz,2021-2025,0-1,calculated_from_official_roll_calls,"weighted agreement: exact=1, abstention mismatch=0.5, yes/no opposition=0; recency half-life 3y; entropy weighting",True,not_available_local_reference_file,334cde6daff86be533c042f4b918d130d99740b61ab7e6897713d963b3ca30ef,mgimo_platform2.models.friendliness_v2::build_friendliness_index_v3,
friendliness_receptivity_ex_ante_v4,SAU,Saudi Arabia,2025,F_POLICY_ACCESS,"{""listed_in_430r"": false}",1.0,0.2,0.4444444444444445,russia_unfriendly_countries_430r,Government of Russia disposition No. 430-r country list,data/reference/unfriendly_countries_russia_430r.csv,2025,0-1,official_reference,"1 if not listed; 0 if listed; administrative access indicator, not public opinion",True,not_available_local_reference_file,97846f295cbea6b00f7507ab14e330b3ba442cd7c639205e7b7b1b21e82655fc,mgimo_platform2.models.friendliness_v2::build_friendliness_index_v3,This component measures the current formal policy constraint only.
friendliness_receptivity_ex_ante_v4,SDN,Sudan,2025,F_DIPLOMATIC_ALIGNMENT,"{""effective_votes"": 342.201386268786, ""joint_votes"": 513, ""standard_error"": 0.0211827248979539}",0.7093855410620945,0.25,0.5555555555555556,un_digital_library_voting_2026_02_06,UN Digital Library General Assembly Voting Data,data/mgimo_validation_project/data/raw/un_voting/ga_voting_2026_02_06.csv.gz,2021-2025,0-1,calculated_from_official_roll_calls,"weighted agreement: exact=1, abstention mismatch=0.5, yes/no opposition=0; recency half-life 3y; entropy weighting",True,not_available_local_reference_file,99672779bb94b4423efa31da1f624765fa99581beaab7abdad0c2248851eeeed,mgimo_platform2.models.friendliness_v2::build_friendliness_index_v3,
friendliness_receptivity_ex_ante_v4,SDN,Sudan,2025,F_POLICY_ACCESS,"{""listed_in_430r"": false}",1.0,0.2,0.4444444444444445,russia_unfriendly_countries_430r,Government of Russia disposition No. 430-r country list,data/reference/unfriendly_countries_russia_430r.csv,2025,0-1,official_reference,"1 if not listed; 0 if listed; administrative access indicator, not public opinion",True,not_available_local_reference_file,97846f295cbea6b00f7507ab14e330b3ba442cd7c639205e7b7b1b21e82655fc,mgimo_platform2.models.friendliness_v2::build_friendliness_index_v3,This component measures the current formal policy constraint only.
friendliness_receptivity_ex_ante_v4,SEN,Senegal,2025,F_DIPLOMATIC_ALIGNMENT,"{""effective_votes"": 349.6620704345357, ""joint_votes"": 527, ""standard_error"": 0.0223748381722815}",0.6477928231962502,0.25,0.5555555555555556,un_digital_library_voting_2026_02_06,UN Digital Library General Assembly Voting Data,data/mgimo_validation_project/data/raw/un_voting/ga_voting_2026_02_06.csv.gz,2021-2025,0-1,calculated_from_official_roll_calls,"weighted agreement: exact=1, abstention mismatch=0.5, yes/no opposition=0; recency half-life 3y; entropy weighting",True,not_available_local_reference_file,5428efc1bb1f6f8cf99fb2b4464fbb645b5a3c4a03173111676d38f503efe83b,mgimo_platform2.models.friendliness_v2::build_friendliness_index_v3,
friendliness_receptivity_ex_ante_v4,SEN,Senegal,2025,F_POLICY_ACCESS,"{""listed_in_430r"": false}",1.0,0.2,0.4444444444444445,russia_unfriendly_countries_430r,Government of Russia disposition No. 430-r country list,data/reference/unfriendly_countries_russia_430r.csv,2025,0-1,official_reference,"1 if not listed; 0 if listed; administrative access indicator, not public opinion",True,not_available_local_reference_file,97846f295cbea6b00f7507ab14e330b3ba442cd7c639205e7b7b1b21e82655fc,mgimo_platform2.models.friendliness_v2::build_friendliness_index_v3,This component measures the current formal policy constraint only.
friendliness_receptivity_ex_ante_v4,SGP,Singapore,2025,F_DIPLOMATIC_ALIGNMENT,"{""effective_votes"": 365.4032529629821, ""joint_votes"": 550, ""standard_error"": 0.0221356950625404}",0.6225644479065056,0.25,0.5555555555555556,un_digital_library_voting_2026_02_06,UN Digital Library General Assembly Voting Data,data/mgimo_validation_project/data/raw/un_voting/ga_voting_2026_02_06.csv.gz,2021-2025,0-1,calculated_from_official_roll_calls,"weighted agreement: exact=1, abstention mismatch=0.5, yes/no opposition=0; recency half-life 3y; entropy weighting",True,not_available_local_reference_file,4087f8fdbabc10e14e3aee8b234e9deb793f16a6e42fa44054396ead038f4ee1,mgimo_platform2.models.friendliness_v2::build_friendliness_index_v3,
friendliness_receptivity_ex_ante_v4,SGP,Singapore,2025,F_POLICY_ACCESS,"{""listed_in_430r"": true}",0.0,0.2,0.4444444444444445,russia_unfriendly_countries_430r,Government of Russia disposition No. 430-r country list,data/reference/unfriendly_countries_russia_430r.csv,2025,0-1,official_reference,"1 if not listed; 0 if listed; administrative access indicator, not public opinion",True,not_available_local_reference_file,bf78f7993906733e10e43504059a4f643e7c03f8c7622d8c32d46f33a81367d9,mgimo_platform2.models.friendliness_v2::build_friendliness_index_v3,This component measures the current formal policy constraint only.
friendliness_receptivity_ex_ante_v4,SLB,Solomon Islands,2025,F_DIPLOMATIC_ALIGNMENT,"{""effective_votes"": 287.1324348148021, ""joint_votes"": 437, ""standard_error"": 0.0249845695813626}",0.6466311544020366,0.25,0.5555555555555556,un_digital_library_voting_2026_02_06,UN Digital Library General Assembly Voting Data,data/mgimo_validation_project/data/raw/un_voting/ga_voting_2026_02_06.csv.gz,2021-2025,0-1,calculated_from_official_roll_calls,"weighted agreement: exact=1, abstention mismatch=0.5, yes/no opposition=0; recency half-life 3y; entropy weighting",True,not_available_local_reference_file,a3bf0e12d53732c31853e8b1d8bc4f0c33551d04d727e90b0b1f56fc3b52fa84,mgimo_platform2.models.friendliness_v2::build_friendliness_index_v3,
friendliness_receptivity_ex_ante_v4,SLB,Solomon Islands,2025,F_POLICY_ACCESS,"{""listed_in_430r"": false}",1.0,0.2,0.4444444444444445,russia_unfriendly_countries_430r,Government of Russia disposition No. 430-r country list,data/reference/unfriendly_countries_russia_430r.csv,2025,0-1,official_reference,"1 if not listed; 0 if listed; administrative access indicator, not public opinion",True,not_available_local_reference_file,97846f295cbea6b00f7507ab14e330b3ba442cd7c639205e7b7b1b21e82655fc,mgimo_platform2.models.friendliness_v2::build_friendliness_index_v3,This component measures the current formal policy constraint only.
friendliness_receptivity_ex_ante_v4,SLE,Sierra Leone,2025,F_DIPLOMATIC_ALIGNMENT,"{""effective_votes"": 327.1094768267741, ""joint_votes"": 496, ""standard_error"": 0.0241723554343919}",0.6284433997488266,0.25,0.5555555555555556,un_digital_library_voting_2026_02_06,UN Digital Library General Assembly Voting Data,data/mgimo_validation_project/data/raw/un_voting/ga_voting_2026_02_06.csv.gz,2021-2025,0-1,calculated_from_official_roll_calls,"weighted agreement: exact=1, abstention mismatch=0.5, yes/no opposition=0; recency half-life 3y; entropy weighting",True,not_available_local_reference_file,07b71b1126049637d00fcfec7bdd9715985b35b75338ca795fb7c64a2f0e6550,mgimo_platform2.models.friendliness_v2::build_friendliness_index_v3,
friendliness_receptivity_ex_ante_v4,SLE,Sierra Leone,2025,F_POLICY_ACCESS,"{""listed_in_430r"": false}",1.0,0.2,0.4444444444444445,russia_unfriendly_countries_430r,Government of Russia disposition No. 430-r country list,data/reference/unfriendly_countries_russia_430r.csv,2025,0-1,official_reference,"1 if not listed; 0 if listed; administrative access indicator, not public opinion",True,not_available_local_reference_file,97846f295cbea6b00f7507ab14e330b3ba442cd7c639205e7b7b1b21e82655fc,mgimo_platform2.models.friendliness_v2::build_friendliness_index_v3,This component measures the current formal policy constraint only.
friendliness_receptivity_ex_ante_v4,SLV,El Salvador,2025,F_DIPLOMATIC_ALIGNMENT,"{""effective_votes"": 355.7847524597127, ""joint_votes"": 535, ""standard_error"": 0.022220960121909}",0.6224205272314232,0.25,0.5555555555555556,un_digital_library_voting_2026_02_06,UN Digital Library General Assembly Voting Data,data/mgimo_validation_project/data/raw/un_voting/ga_voting_2026_02_06.csv.gz,2021-2025,0-1,calculated_from_official_roll_calls,"weighted agreement: exact=1, abstention mismatch=0.5, yes/no opposition=0; recency half-life 3y; entropy weighting",True,not_available_local_reference_file,dfd6ec9d28e1c048575aba4a761f3581b45756db3f49a886cb3f4494930f5148,mgimo_platform2.models.friendliness_v2::build_friendliness_index_v3,
friendliness_receptivity_ex_ante_v4,SLV,El Salvador,2025,F_POLICY_ACCESS,"{""listed_in_430r"": false}",1.0,0.2,0.4444444444444445,russia_unfriendly_countries_430r,Government of Russia disposition No. 430-r country list,data/reference/unfriendly_countries_russia_430r.csv,2025,0-1,official_reference,"1 if not listed; 0 if listed; administrative access indicator, not public opinion",True,not_available_local_reference_file,97846f295cbea6b00f7507ab14e330b3ba442cd7c639205e7b7b1b21e82655fc,mgimo_platform2.models.friendliness_v2::build_friendliness_index_v3,This component measures the current formal policy constraint only.
friendliness_receptivity_ex_ante_v4,SMR,San Marino,2025,F_DIPLOMATIC_ALIGNMENT,"{""effective_votes"": 364.34875624560567, ""joint_votes"": 548, ""standard_error"": 0.0215462744131226}",0.4017299262636051,0.25,0.5555555555555556,un_digital_library_voting_2026_02_06,UN Digital Library General Assembly Voting Data,data/mgimo_validation_project/data/raw/un_voting/ga_voting_2026_02_06.csv.gz,2021-2025,0-1,calculated_from_official_roll_calls,"weighted agreement: exact=1, abstention mismatch=0.5, yes/no opposition=0; recency half-life 3y; entropy weighting",True,not_available_local_reference_file,72c4c42ae971ad1f9e868e1d8ee6b292f3167f73e3a812acee0622621bd76526,mgimo_platform2.models.friendliness_v2::build_friendliness_index_v3,
friendliness_receptivity_ex_ante_v4,SMR,San Marino,2025,F_POLICY_ACCESS,"{""listed_in_430r"": true}",0.0,0.2,0.4444444444444445,russia_unfriendly_countries_430r,Government of Russia disposition No. 430-r country list,data/reference/unfriendly_countries_russia_430r.csv,2025,0-1,official_reference,"1 if not listed; 0 if listed; administrative access indicator, not public opinion",True,not_available_local_reference_file,bf78f7993906733e10e43504059a4f643e7c03f8c7622d8c32d46f33a81367d9,mgimo_platform2.models.friendliness_v2::build_friendliness_index_v3,This component measures the current formal policy constraint only.
friendliness_receptivity_ex_ante_v4,SOM,"Somalia, Fed. Rep.",2025,F_DIPLOMATIC_ALIGNMENT,"{""effective_votes"": 244.94750578759303, ""joint_votes"": 372, ""standard_error"": 0.0263285700519194}",0.7273796598601163,0.25,0.5555555555555556,un_digital_library_voting_2026_02_06,UN Digital Library General Assembly Voting Data,data/mgimo_validation_project/data/raw/un_voting/ga_voting_2026_02_06.csv.gz,2021-2025,0-1,calculated_from_official_roll_calls,"weighted agreement: exact=1, abstention mismatch=0.5, yes/no opposition=0; recency half-life 3y; entropy weighting",True,not_available_local_reference_file,27bfa622af2b021992ff0d9a99f555013fcaa577693539450eb6fdce655bd5c4,mgimo_platform2.models.friendliness_v2::build_friendliness_index_v3,
friendliness_receptivity_ex_ante_v4,SOM,"Somalia, Fed. Rep.",2025,F_POLICY_ACCESS,"{""listed_in_430r"": false}",1.0,0.2,0.4444444444444445,russia_unfriendly_countries_430r,Government of Russia disposition No. 430-r country list,data/reference/unfriendly_countries_russia_430r.csv,2025,0-1,official_reference,"1 if not listed; 0 if listed; administrative access indicator, not public opinion",True,not_available_local_reference_file,97846f295cbea6b00f7507ab14e330b3ba442cd7c639205e7b7b1b21e82655fc,mgimo_platform2.models.friendliness_v2::build_friendliness_index_v3,This component measures the current formal policy constraint only.
friendliness_receptivity_ex_ante_v4,SRB,Serbia,2025,F_DIPLOMATIC_ALIGNMENT,"{""effective_votes"": 321.6506575202765, ""joint_votes"": 492, ""standard_error"": 0.02030271902927}",0.6316799706708996,0.25,0.5555555555555556,un_digital_library_voting_2026_02_06,UN Digital Library General Assembly Voting Data,data/mgimo_validation_project/data/raw/un_voting/ga_voting_2026_02_06.csv.gz,2021-2025,0-1,calculated_from_official_roll_calls,"weighted agreement: exact=1, abstention mismatch=0.5, yes/no opposition=0; recency half-life 3y; entropy weighting",True,not_available_local_reference_file,ebfdfd3792fcde75c5b95e2acf2d7290c166ac4f884358067aefd42cfab59c6d,mgimo_platform2.models.friendliness_v2::build_friendliness_index_v3,
friendliness_receptivity_ex_ante_v4,SRB,Serbia,2025,F_POLICY_ACCESS,"{""listed_in_430r"": false}",1.0,0.2,0.4444444444444445,russia_unfriendly_countries_430r,Government of Russia disposition No. 430-r country list,data/reference/unfriendly_countries_russia_430r.csv,2025,0-1,official_reference,"1 if not listed; 0 if listed; administrative access indicator, not public opinion",True,not_available_local_reference_file,97846f295cbea6b00f7507ab14e330b3ba442cd7c639205e7b7b1b21e82655fc,mgimo_platform2.models.friendliness_v2::build_friendliness_index_v3,This component measures the current formal policy constraint only.
friendliness_receptivity_ex_ante_v4,SSD,South Sudan,2025,F_DIPLOMATIC_ALIGNMENT,"{""effective_votes"": 171.11408465310382, ""joint_votes"": 250, ""standard_error"": 0.0243295319116789}",0.6419729114001965,0.25,0.5555555555555556,un_digital_library_voting_2026_02_06,UN Digital Library General Assembly Voting Data,data/mgimo_validation_project/data/raw/un_voting/ga_voting_2026_02_06.csv.gz,2021-2025,0-1,calculated_from_official_roll_calls,"weighted agreement: exact=1, abstention mismatch=0.5, yes/no opposition=0; recency half-life 3y; entropy weighting",True,not_available_local_reference_file,3a49c93f011a699be4b9cc9cf13a706a409699cba2ecbd81912dc74441a7292e,mgimo_platform2.models.friendliness_v2::build_friendliness_index_v3,
friendliness_receptivity_ex_ante_v4,SSD,South Sudan,2025,F_POLICY_ACCESS,"{""listed_in_430r"": false}",1.0,0.2,0.4444444444444445,russia_unfriendly_countries_430r,Government of Russia disposition No. 430-r country list,data/reference/unfriendly_countries_russia_430r.csv,2025,0-1,official_reference,"1 if not listed; 0 if listed; administrative access indicator, not public opinion",True,not_available_local_reference_file,97846f295cbea6b00f7507ab14e330b3ba442cd7c639205e7b7b1b21e82655fc,mgimo_platform2.models.friendliness_v2::build_friendliness_index_v3,This component measures the current formal policy constraint only.
friendliness_receptivity_ex_ante_v4,STP,São Tomé and Principe,2025,F_DIPLOMATIC_ALIGNMENT,"{""effective_votes"": 62.96960259076496, ""joint_votes"": 98, ""standard_error"": 0.0542752567484416}",0.4714408433225573,0.25,0.5555555555555556,un_digital_library_voting_2026_02_06,UN Digital Library General Assembly Voting Data,data/mgimo_validation_project/data/raw/un_voting/ga_voting_2026_02_06.csv.gz,2021-2025,0-1,calculated_from_official_roll_calls,"weighted agreement: exact=1, abstention mismatch=0.5, yes/no opposition=0; recency half-life 3y; entropy weighting",True,not_available_local_reference_file,37e9124a677d6598c5cbe39b82b59cbbd00c665c16528149fc76ea4f63290f84,mgimo_platform2.models.friendliness_v2::build_friendliness_index_v3,
friendliness_receptivity_ex_ante_v4,STP,São Tomé and Principe,2025,F_POLICY_ACCESS,"{""listed_in_430r"": false}",1.0,0.2,0.4444444444444445,russia_unfriendly_countries_430r,Government of Russia disposition No. 430-r country list,data/reference/unfriendly_countries_russia_430r.csv,2025,0-1,official_reference,"1 if not listed; 0 if listed; administrative access indicator, not public opinion",True,not_available_local_reference_file,97846f295cbea6b00f7507ab14e330b3ba442cd7c639205e7b7b1b21e82655fc,mgimo_platform2.models.friendliness_v2::build_friendliness_index_v3,This component measures the current formal policy constraint only.
friendliness_receptivity_ex_ante_v4,SUR,Suriname,2025,F_DIPLOMATIC_ALIGNMENT,"{""effective_votes"": 343.92852865225666, ""joint_votes"": 519, ""standard_error"": 0.0245771252766645}",0.5894469077987264,0.25,0.5555555555555556,un_digital_library_voting_2026_02_06,UN Digital Library General Assembly Voting Data,data/mgimo_validation_project/data/raw/un_voting/ga_voting_2026_02_06.csv.gz,2021-2025,0-1,calculated_from_official_roll_calls,"weighted agreement: exact=1, abstention mismatch=0.5, yes/no opposition=0; recency half-life 3y; entropy weighting",True,not_available_local_reference_file,fa9123f89ba2d26525ad8aefda58ab079ec964c98b7a59dcb194cbe2e2ca92b9,mgimo_platform2.models.friendliness_v2::build_friendliness_index_v3,
friendliness_receptivity_ex_ante_v4,SUR,Suriname,2025,F_POLICY_ACCESS,"{""listed_in_430r"": false}",1.0,0.2,0.4444444444444445,russia_unfriendly_countries_430r,Government of Russia disposition No. 430-r country list,data/reference/unfriendly_countries_russia_430r.csv,2025,0-1,official_reference,"1 if not listed; 0 if listed; administrative access indicator, not public opinion",True,not_available_local_reference_file,97846f295cbea6b00f7507ab14e330b3ba442cd7c639205e7b7b1b21e82655fc,mgimo_platform2.models.friendliness_v2::build_friendliness_index_v3,This component measures the current formal policy constraint only.
friendliness_receptivity_ex_ante_v4,SVK,Slovak Republic,2025,F_DIPLOMATIC_ALIGNMENT,"{""effective_votes"": 364.53750339271, ""joint_votes"": 549, ""standard_error"": 0.02194722775789}",0.4656965964285863,0.25,0.5555555555555556,un_digital_library_voting_2026_02_06,UN Digital Library General Assembly Voting Data,data/mgimo_validation_project/data/raw/un_voting/ga_voting_2026_02_06.csv.gz,2021-2025,0-1,calculated_from_official_roll_calls,"weighted agreement: exact=1, abstention mismatch=0.5, yes/no opposition=0; recency half-life 3y; entropy weighting",True,not_available_local_reference_file,d65e38203a440f130cb330c57c075a9645c5dbe26ca7e85ea2ccf1b2b6b20320,mgimo_platform2.models.friendliness_v2::build_friendliness_index_v3,
friendliness_receptivity_ex_ante_v4,SVK,Slovak Republic,2025,F_POLICY_ACCESS,"{""listed_in_430r"": true}",0.0,0.2,0.4444444444444445,russia_unfriendly_countries_430r,Government of Russia disposition No. 430-r country list,data/reference/unfriendly_countries_russia_430r.csv,2025,0-1,official_reference,"1 if not listed; 0 if listed; administrative access indicator, not public opinion",True,not_available_local_reference_file,bf78f7993906733e10e43504059a4f643e7c03f8c7622d8c32d46f33a81367d9,mgimo_platform2.models.friendliness_v2::build_friendliness_index_v3,This component measures the current formal policy constraint only.
friendliness_receptivity_ex_ante_v4,SVN,Slovenia,2025,F_DIPLOMATIC_ALIGNMENT,"{""effective_votes"": 365.4032529629821, ""joint_votes"": 550, ""standard_error"": 0.0221694107556879}",0.4877802860488369,0.25,0.5555555555555556,un_digital_library_voting_2026_02_06,UN Digital Library General Assembly Voting Data,data/mgimo_validation_project/data/raw/un_voting/ga_voting_2026_02_06.csv.gz,2021-2025,0-1,calculated_from_official_roll_calls,"weighted agreement: exact=1, abstention mismatch=0.5, yes/no opposition=0; recency half-life 3y; entropy weighting",True,not_available_local_reference_file,da4ef233c0623c263314d434dd272cd023bcd46bd840957b628ab277be81185e,mgimo_platform2.models.friendliness_v2::build_friendliness_index_v3,
friendliness_receptivity_ex_ante_v4,SVN,Slovenia,2025,F_POLICY_ACCESS,"{""listed_in_430r"": true}",0.0,0.2,0.4444444444444445,russia_unfriendly_countries_430r,Government of Russia disposition No. 430-r country list,data/reference/unfriendly_countries_russia_430r.csv,2025,0-1,official_reference,"1 if not listed; 0 if listed; administrative access indicator, not public opinion",True,not_available_local_reference_file,bf78f7993906733e10e43504059a4f643e7c03f8c7622d8c32d46f33a81367d9,mgimo_platform2.models.friendliness_v2::build_friendliness_index_v3,This component measures the current formal policy constraint only.
friendliness_receptivity_ex_ante_v4,SWE,Sweden,2025,F_DIPLOMATIC_ALIGNMENT,"{""effective_votes"": 365.4032529629821, ""joint_votes"": 550, ""standard_error"": 0.0219764162785479}",0.4680130781235945,0.25,0.3846153846153846,un_digital_library_voting_2026_02_06,UN Digital Library General Assembly Voting Data,data/mgimo_validation_project/data/raw/un_voting/ga_voting_2026_02_06.csv.gz,2021-2025,0-1,calculated_from_official_roll_calls,"weighted agreement: exact=1, abstention mismatch=0.5, yes/no opposition=0; recency half-life 3y; entropy weighting",True,not_available_local_reference_file,b5d2dd36b5491e9151eb169b897b8f2ff2dbc5a75362f168c0c4cc658a4bb155,mgimo_platform2.models.friendliness_v2::build_friendliness_index_v3,
friendliness_receptivity_ex_ante_v4,SWE,Sweden,2025,F_POLICY_ACCESS,"{""listed_in_430r"": true}",0.0,0.2,0.3076923076923077,russia_unfriendly_countries_430r,Government of Russia disposition No. 430-r country list,data/reference/unfriendly_countries_russia_430r.csv,2025,0-1,official_reference,"1 if not listed; 0 if listed; administrative access indicator, not public opinion",True,not_available_local_reference_file,bf78f7993906733e10e43504059a4f643e7c03f8c7622d8c32d46f33a81367d9,mgimo_platform2.models.friendliness_v2::build_friendliness_index_v3,This component measures the current formal policy constraint only.
friendliness_receptivity_ex_ante_v4,SWE,Sweden,2025,F_SURVEY_RUSSIA_ATTITUDE,"{""dk_refused"": 2, ""favorable_percent"": 3.0, ""question"": ""Q3f. Overall opinion of Russia"", ""somewhat_favorable"": 2, ""somewhat_unfavorable"": 14, ""unfavorable_percent"": 96.0, ""very_favorable"": 1, ""very_unfavorable"": 82}",0.03,0.2,0.3076923076923077,pew_global_attitudes_russia_2023_q3f,Pew Research Center Spring 2023 Global Attitudes Survey topline,https://www.pewresearch.org/global/wp-content/uploads/sites/2/2023/07/PG_2023.07.10_Russia-NATO_Topline.pdf,2023,0-1,published_national_sample_survey,published favorable opinion of Russia / 100; no interpolation to countries not surveyed,True,not_available_local_reference_file,06d420bf9051747e6908b838febff28e77511bdd1f653d10e1ebfc8986b0f2b3,mgimo_platform2.models.friendliness_v2::build_friendliness_index_v3,Pew Q3f national-sample response; survey absence remains missing evidence.
friendliness_receptivity_ex_ante_v4,SWZ,Eswatini,2025,F_DIPLOMATIC_ALIGNMENT,"{""effective_votes"": 179.71971168078278, ""joint_votes"": 279, ""standard_error"": 0.0296776112045197}",0.6697273867424834,0.25,0.5555555555555556,un_digital_library_voting_2026_02_06,UN Digital Library General Assembly Voting Data,data/mgimo_validation_project/data/raw/un_voting/ga_voting_2026_02_06.csv.gz,2021-2025,0-1,calculated_from_official_roll_calls,"weighted agreement: exact=1, abstention mismatch=0.5, yes/no opposition=0; recency half-life 3y; entropy weighting",True,not_available_local_reference_file,1ab94c2ece4d6e2587ac9cb153ac8c53e2a1701ae1141cb08d2bb673f66dce66,mgimo_platform2.models.friendliness_v2::build_friendliness_index_v3,
friendliness_receptivity_ex_ante_v4,SWZ,Eswatini,2025,F_POLICY_ACCESS,"{""listed_in_430r"": false}",1.0,0.2,0.4444444444444445,russia_unfriendly_countries_430r,Government of Russia disposition No. 430-r country list,data/reference/unfriendly_countries_russia_430r.csv,2025,0-1,official_reference,"1 if not listed; 0 if listed; administrative access indicator, not public opinion",True,not_available_local_reference_file,97846f295cbea6b00f7507ab14e330b3ba442cd7c639205e7b7b1b21e82655fc,mgimo_platform2.models.friendliness_v2::build_friendliness_index_v3,This component measures the current formal policy constraint only.
friendliness_receptivity_ex_ante_v4,SXM,Sint Maarten (Dutch part),2025,F_POLICY_ACCESS,"{""listed_in_430r"": false}",1.0,0.2,1.0,russia_unfriendly_countries_430r,Government of Russia disposition No. 430-r country list,data/reference/unfriendly_countries_russia_430r.csv,2025,0-1,official_reference,"1 if not listed; 0 if listed; administrative access indicator, not public opinion",True,not_available_local_reference_file,97846f295cbea6b00f7507ab14e330b3ba442cd7c639205e7b7b1b21e82655fc,mgimo_platform2.models.friendliness_v2::build_friendliness_index_v3,This component measures the current formal policy constraint only.
friendliness_receptivity_ex_ante_v4,SYC,Seychelles,2025,F_DIPLOMATIC_ALIGNMENT,"{""effective_votes"": 270.7675936078305, ""joint_votes"": 410, ""standard_error"": 0.0277196504895752}",0.5782986782350716,0.25,0.5555555555555556,un_digital_library_voting_2026_02_06,UN Digital Library General Assembly Voting Data,data/mgimo_validation_project/data/raw/un_voting/ga_voting_2026_02_06.csv.gz,2021-2025,0-1,calculated_from_official_roll_calls,"weighted agreement: exact=1, abstention mismatch=0.5, yes/no opposition=0; recency half-life 3y; entropy weighting",True,not_available_local_reference_file,438cfe76bfda3703806426288a8ba11e7f297c01736e95fc7df4aa6557366854,mgimo_platform2.models.friendliness_v2::build_friendliness_index_v3,
friendliness_receptivity_ex_ante_v4,SYC,Seychelles,2025,F_POLICY_ACCESS,"{""listed_in_430r"": false}",1.0,0.2,0.4444444444444445,russia_unfriendly_countries_430r,Government of Russia disposition No. 430-r country list,data/reference/unfriendly_countries_russia_430r.csv,2025,0-1,official_reference,"1 if not listed; 0 if listed; administrative access indicator, not public opinion",True,not_available_local_reference_file,97846f295cbea6b00f7507ab14e330b3ba442cd7c639205e7b7b1b21e82655fc,mgimo_platform2.models.friendliness_v2::build_friendliness_index_v3,This component measures the current formal policy constraint only.
friendliness_receptivity_ex_ante_v4,SYR,Syrian Arab Republic,2025,F_DIPLOMATIC_ALIGNMENT,"{""effective_votes"": 291.25001365284385, ""joint_votes"": 425, ""standard_error"": 0.0203696872900033}",0.7990903561011501,0.25,0.5555555555555556,un_digital_library_voting_2026_02_06,UN Digital Library General Assembly Voting Data,data/mgimo_validation_project/data/raw/un_voting/ga_voting_2026_02_06.csv.gz,2021-2025,0-1,calculated_from_official_roll_calls,"weighted agreement: exact=1, abstention mismatch=0.5, yes/no opposition=0; recency half-life 3y; entropy weighting",True,not_available_local_reference_file,6709b946d9e5d78e1ad58217bc63259a581bf910c73c5c0c9729785d869000a6,mgimo_platform2.models.friendliness_v2::build_friendliness_index_v3,
friendliness_receptivity_ex_ante_v4,SYR,Syrian Arab Republic,2025,F_POLICY_ACCESS,"{""listed_in_430r"": false}",1.0,0.2,0.4444444444444445,russia_unfriendly_countries_430r,Government of Russia disposition No. 430-r country list,data/reference/unfriendly_countries_russia_430r.csv,2025,0-1,official_reference,"1 if not listed; 0 if listed; administrative access indicator, not public opinion",True,not_available_local_reference_file,97846f295cbea6b00f7507ab14e330b3ba442cd7c639205e7b7b1b21e82655fc,mgimo_platform2.models.friendliness_v2::build_friendliness_index_v3,This component measures the current formal policy constraint only.
friendliness_receptivity_ex_ante_v4,TCA,Turks and Caicos Islands,2025,F_POLICY_ACCESS,"{""listed_in_430r"": true}",0.0,0.2,1.0,russia_unfriendly_countries_430r,Government of Russia disposition No. 430-r country list,data/reference/unfriendly_countries_russia_430r.csv,2025,0-1,official_reference,"1 if not listed; 0 if listed; administrative access indicator, not public opinion",True,not_available_local_reference_file,bf78f7993906733e10e43504059a4f643e7c03f8c7622d8c32d46f33a81367d9,mgimo_platform2.models.friendliness_v2::build_friendliness_index_v3,This component measures the current formal policy constraint only.
friendliness_receptivity_ex_ante_v4,TCD,Chad,2025,F_DIPLOMATIC_ALIGNMENT,"{""effective_votes"": 340.5389434797136, ""joint_votes"": 513, ""standard_error"": 0.0230930076498256}",0.651058898931719,0.25,0.5555555555555556,un_digital_library_voting_2026_02_06,UN Digital Library General Assembly Voting Data,data/mgimo_validation_project/data/raw/un_voting/ga_voting_2026_02_06.csv.gz,2021-2025,0-1,calculated_from_official_roll_calls,"weighted agreement: exact=1, abstention mismatch=0.5, yes/no opposition=0; recency half-life 3y; entropy weighting",True,not_available_local_reference_file,f710f8e27909c9c28a84f07c9ea907b8086d07eeceabe3b0cc421765540efdc4,mgimo_platform2.models.friendliness_v2::build_friendliness_index_v3,
friendliness_receptivity_ex_ante_v4,TCD,Chad,2025,F_POLICY_ACCESS,"{""listed_in_430r"": false}",1.0,0.2,0.4444444444444445,russia_unfriendly_countries_430r,Government of Russia disposition No. 430-r country list,data/reference/unfriendly_countries_russia_430r.csv,2025,0-1,official_reference,"1 if not listed; 0 if listed; administrative access indicator, not public opinion",True,not_available_local_reference_file,97846f295cbea6b00f7507ab14e330b3ba442cd7c639205e7b7b1b21e82655fc,mgimo_platform2.models.friendliness_v2::build_friendliness_index_v3,This component measures the current formal policy constraint only.
friendliness_receptivity_ex_ante_v4,TGO,Togo,2025,F_DIPLOMATIC_ALIGNMENT,"{""effective_votes"": 352.63685144789457, ""joint_votes"": 532, ""standard_error"": 0.0209228620246891}",0.623209847737044,0.25,0.5555555555555556,un_digital_library_voting_2026_02_06,UN Digital Library General Assembly Voting Data,data/mgimo_validation_project/data/raw/un_voting/ga_voting_2026_02_06.csv.gz,2021-2025,0-1,calculated_from_official_roll_calls,"weighted agreement: exact=1, abstention mismatch=0.5, yes/no opposition=0; recency half-life 3y; entropy weighting",True,not_available_local_reference_file,bc80f0ac78a4466665010da152e3c21a384341ac84aed00ead0f6bc9959c8722,mgimo_platform2.models.friendliness_v2::build_friendliness_index_v3,
friendliness_receptivity_ex_ante_v4,TGO,Togo,2025,F_POLICY_ACCESS,"{""listed_in_430r"": false}",1.0,0.2,0.4444444444444445,russia_unfriendly_countries_430r,Government of Russia disposition No. 430-r country list,data/reference/unfriendly_countries_russia_430r.csv,2025,0-1,official_reference,"1 if not listed; 0 if listed; administrative access indicator, not public opinion",True,not_available_local_reference_file,97846f295cbea6b00f7507ab14e330b3ba442cd7c639205e7b7b1b21e82655fc,mgimo_platform2.models.friendliness_v2::build_friendliness_index_v3,This component measures the current formal policy constraint only.
friendliness_receptivity_ex_ante_v4,THA,Thailand,2025,F_DIPLOMATIC_ALIGNMENT,"{""effective_votes"": 365.4032529629821, ""joint_votes"": 550, ""standard_error"": 0.0223684308995484}",0.6346211539737151,0.25,0.5555555555555556,un_digital_library_voting_2026_02_06,UN Digital Library General Assembly Voting Data,data/mgimo_validation_project/data/raw/un_voting/ga_voting_2026_02_06.csv.gz,2021-2025,0-1,calculated_from_official_roll_calls,"weighted agreement: exact=1, abstention mismatch=0.5, yes/no opposition=0; recency half-life 3y; entropy weighting",True,not_available_local_reference_file,1a105b3a3ff1e45dfd09b120f15f48bfc13ccfab635979ad85698a23257116c1,mgimo_platform2.models.friendliness_v2::build_friendliness_index_v3,
friendliness_receptivity_ex_ante_v4,THA,Thailand,2025,F_POLICY_ACCESS,"{""listed_in_430r"": false}",1.0,0.2,0.4444444444444445,russia_unfriendly_countries_430r,Government of Russia disposition No. 430-r country list,data/reference/unfriendly_countries_russia_430r.csv,2025,0-1,official_reference,"1 if not listed; 0 if listed; administrative access indicator, not public opinion",True,not_available_local_reference_file,97846f295cbea6b00f7507ab14e330b3ba442cd7c639205e7b7b1b21e82655fc,mgimo_platform2.models.friendliness_v2::build_friendliness_index_v3,This component measures the current formal policy constraint only.
friendliness_receptivity_ex_ante_v4,TJK,Tajikistan,2025,F_DIPLOMATIC_ALIGNMENT,"{""effective_votes"": 339.1488268217744, ""joint_votes"": 503, ""standard_error"": 0.0202978600216505}",0.7170887342752942,0.25,0.4166666666666667,un_digital_library_voting_2026_02_06,UN Digital Library General Assembly Voting Data,data/mgimo_validation_project/data/raw/un_voting/ga_voting_2026_02_06.csv.gz,2021-2025,0-1,calculated_from_official_roll_calls,"weighted agreement: exact=1, abstention mismatch=0.5, yes/no opposition=0; recency half-life 3y; entropy weighting",True,not_available_local_reference_file,fa3f20c3d6777b084c937b207eee7f5dfa50fc0f7fb3e6f9046d66159aa7f95a,mgimo_platform2.models.friendliness_v2::build_friendliness_index_v3,
friendliness_receptivity_ex_ante_v4,TJK,Tajikistan,2025,F_POLICY_ACCESS,"{""listed_in_430r"": false}",1.0,0.2,0.3333333333333333,russia_unfriendly_countries_430r,Government of Russia disposition No. 430-r country list,data/reference/unfriendly_countries_russia_430r.csv,2025,0-1,official_reference,"1 if not listed; 0 if listed; administrative access indicator, not public opinion",True,not_available_local_reference_file,97846f295cbea6b00f7507ab14e330b3ba442cd7c639205e7b7b1b21e82655fc,mgimo_platform2.models.friendliness_v2::build_friendliness_index_v3,This component measures the current formal policy constraint only.
friendliness_receptivity_ex_ante_v4,TJK,Tajikistan,2025,F_RUSSIAN_LANGUAGE_ENVIRONMENT,"{""official_status"": ""not_official"", ""population_percent"": 12.0}",0.2598076211353316,0.15,0.25,unicode_cldr_territory_languages,Unicode CLDR Supplemental Territory Information,https://unicode.org/reports/tr35/tr35-info.html#Territory_Information,CLDR/Babel 2.18.0,0-1,reference_estimate,0.75*sqrt(functional_population_share)+0.25*official_status_score,True,package_version:Babel 2.18.0,38ef862b46e1f31d0f9abf7409821edfa13b225d74cbca63b9ff504a9fc262a2,mgimo_platform2.models.friendliness_v2::build_russian_language_environment,"Missing CLDR language rows remain missing, not zero."
friendliness_receptivity_ex_ante_v4,TKM,Turkmenistan,2025,F_DIPLOMATIC_ALIGNMENT,"{""effective_votes"": 248.6587864431308, ""joint_votes"": 373, ""standard_error"": 0.0237888758314465}",0.7719793940470822,0.25,0.4166666666666667,un_digital_library_voting_2026_02_06,UN Digital Library General Assembly Voting Data,data/mgimo_validation_project/data/raw/un_voting/ga_voting_2026_02_06.csv.gz,2021-2025,0-1,calculated_from_official_roll_calls,"weighted agreement: exact=1, abstention mismatch=0.5, yes/no opposition=0; recency half-life 3y; entropy weighting",True,not_available_local_reference_file,2f2a4756ec7e932c0e19e309a057892182ee5a3f28e837e7259ce95efe20e8ac,mgimo_platform2.models.friendliness_v2::build_friendliness_index_v3,
friendliness_receptivity_ex_ante_v4,TKM,Turkmenistan,2025,F_POLICY_ACCESS,"{""listed_in_430r"": false}",1.0,0.2,0.3333333333333333,russia_unfriendly_countries_430r,Government of Russia disposition No. 430-r country list,data/reference/unfriendly_countries_russia_430r.csv,2025,0-1,official_reference,"1 if not listed; 0 if listed; administrative access indicator, not public opinion",True,not_available_local_reference_file,97846f295cbea6b00f7507ab14e330b3ba442cd7c639205e7b7b1b21e82655fc,mgimo_platform2.models.friendliness_v2::build_friendliness_index_v3,This component measures the current formal policy constraint only.
friendliness_receptivity_ex_ante_v4,TKM,Turkmenistan,2025,F_RUSSIAN_LANGUAGE_ENVIRONMENT,"{""official_status"": ""not_official"", ""population_percent"": 12.0}",0.2598076211353316,0.15,0.25,unicode_cldr_territory_languages,Unicode CLDR Supplemental Territory Information,https://unicode.org/reports/tr35/tr35-info.html#Territory_Information,CLDR/Babel 2.18.0,0-1,reference_estimate,0.75*sqrt(functional_population_share)+0.25*official_status_score,True,package_version:Babel 2.18.0,e0082e7571baf2579ac4b090bd661ec2d0124fb7678b67d35b5613aafcaa61fc,mgimo_platform2.models.friendliness_v2::build_russian_language_environment,"Missing CLDR language rows remain missing, not zero."
friendliness_receptivity_ex_ante_v4,TLS,Timor-Leste,2025,F_DIPLOMATIC_ALIGNMENT,"{""effective_votes"": 323.44551791422003, ""joint_votes"": 492, ""standard_error"": 0.0248818961190354}",0.6037372357052051,0.25,0.5555555555555556,un_digital_library_voting_2026_02_06,UN Digital Library General Assembly Voting Data,data/mgimo_validation_project/data/raw/un_voting/ga_voting_2026_02_06.csv.gz,2021-2025,0-1,calculated_from_official_roll_calls,"weighted agreement: exact=1, abstention mismatch=0.5, yes/no opposition=0; recency half-life 3y; entropy weighting",True,not_available_local_reference_file,051e45906f9fc38515d2c3b549b5217142eaee403f1384a4bebd82c8715a5e69,mgimo_platform2.models.friendliness_v2::build_friendliness_index_v3,
friendliness_receptivity_ex_ante_v4,TLS,Timor-Leste,2025,F_POLICY_ACCESS,"{""listed_in_430r"": false}",1.0,0.2,0.4444444444444445,russia_unfriendly_countries_430r,Government of Russia disposition No. 430-r country list,data/reference/unfriendly_countries_russia_430r.csv,2025,0-1,official_reference,"1 if not listed; 0 if listed; administrative access indicator, not public opinion",True,not_available_local_reference_file,97846f295cbea6b00f7507ab14e330b3ba442cd7c639205e7b7b1b21e82655fc,mgimo_platform2.models.friendliness_v2::build_friendliness_index_v3,This component measures the current formal policy constraint only.
friendliness_receptivity_ex_ante_v4,TON,Tonga,2025,F_DIPLOMATIC_ALIGNMENT,"{""effective_votes"": 259.33880104796464, ""joint_votes"": 397, ""standard_error"": 0.0258960310100832}",0.4748292102340797,0.25,0.5555555555555556,un_digital_library_voting_2026_02_06,UN Digital Library General Assembly Voting Data,data/mgimo_validation_project/data/raw/un_voting/ga_voting_2026_02_06.csv.gz,2021-2025,0-1,calculated_from_official_roll_calls,"weighted agreement: exact=1, abstention mismatch=0.5, yes/no opposition=0; recency half-life 3y; entropy weighting",True,not_available_local_reference_file,cfb30cfc96597730303b998a7d7fe6a333d6b67517e29259749691fedc511b97,mgimo_platform2.models.friendliness_v2::build_friendliness_index_v3,
friendliness_receptivity_ex_ante_v4,TON,Tonga,2025,F_POLICY_ACCESS,"{""listed_in_430r"": false}",1.0,0.2,0.4444444444444445,russia_unfriendly_countries_430r,Government of Russia disposition No. 430-r country list,data/reference/unfriendly_countries_russia_430r.csv,2025,0-1,official_reference,"1 if not listed; 0 if listed; administrative access indicator, not public opinion",True,not_available_local_reference_file,97846f295cbea6b00f7507ab14e330b3ba442cd7c639205e7b7b1b21e82655fc,mgimo_platform2.models.friendliness_v2::build_friendliness_index_v3,This component measures the current formal policy constraint only.
friendliness_receptivity_ex_ante_v4,TTO,Trinidad and Tobago,2025,F_DIPLOMATIC_ALIGNMENT,"{""effective_votes"": 362.366736187733, ""joint_votes"": 545, ""standard_error"": 0.0224706072422858}",0.6188727833619586,0.25,0.5555555555555556,un_digital_library_voting_2026_02_06,UN Digital Library General Assembly Voting Data,data/mgimo_validation_project/data/raw/un_voting/ga_voting_2026_02_06.csv.gz,2021-2025,0-1,calculated_from_official_roll_calls,"weighted agreement: exact=1, abstention mismatch=0.5, yes/no opposition=0; recency half-life 3y; entropy weighting",True,not_available_local_reference_file,d33695492b07211264d514ca475dfe73a62da1f4b942741fb67b5cd347527cb1,mgimo_platform2.models.friendliness_v2::build_friendliness_index_v3,
friendliness_receptivity_ex_ante_v4,TTO,Trinidad and Tobago,2025,F_POLICY_ACCESS,"{""listed_in_430r"": false}",1.0,0.2,0.4444444444444445,russia_unfriendly_countries_430r,Government of Russia disposition No. 430-r country list,data/reference/unfriendly_countries_russia_430r.csv,2025,0-1,official_reference,"1 if not listed; 0 if listed; administrative access indicator, not public opinion",True,not_available_local_reference_file,97846f295cbea6b00f7507ab14e330b3ba442cd7c639205e7b7b1b21e82655fc,mgimo_platform2.models.friendliness_v2::build_friendliness_index_v3,This component measures the current formal policy constraint only.
friendliness_receptivity_ex_ante_v4,TUN,Tunisia,2025,F_DIPLOMATIC_ALIGNMENT,"{""effective_votes"": 355.96729790777346, ""joint_votes"": 537, ""standard_error"": 0.021920942307435}",0.6338822142936371,0.25,0.5555555555555556,un_digital_library_voting_2026_02_06,UN Digital Library General Assembly Voting Data,data/mgimo_validation_project/data/raw/un_voting/ga_voting_2026_02_06.csv.gz,2021-2025,0-1,calculated_from_official_roll_calls,"weighted agreement: exact=1, abstention mismatch=0.5, yes/no opposition=0; recency half-life 3y; entropy weighting",True,not_available_local_reference_file,7414fe3d319cba24ffef418c1ceff40e0a8b8f7a6b3ea80620d352054234bb87,mgimo_platform2.models.friendliness_v2::build_friendliness_index_v3,
friendliness_receptivity_ex_ante_v4,TUN,Tunisia,2025,F_POLICY_ACCESS,"{""listed_in_430r"": false}",1.0,0.2,0.4444444444444445,russia_unfriendly_countries_430r,Government of Russia disposition No. 430-r country list,data/reference/unfriendly_countries_russia_430r.csv,2025,0-1,official_reference,"1 if not listed; 0 if listed; administrative access indicator, not public opinion",True,not_available_local_reference_file,97846f295cbea6b00f7507ab14e330b3ba442cd7c639205e7b7b1b21e82655fc,mgimo_platform2.models.friendliness_v2::build_friendliness_index_v3,This component measures the current formal policy constraint only.
friendliness_receptivity_ex_ante_v4,TUR,Türkiye,2025,F_DIPLOMATIC_ALIGNMENT,"{""effective_votes"": 355.75195728779414, ""joint_votes"": 536, ""standard_error"": 0.0220536933022179}",0.591691807991948,0.25,0.5555555555555556,un_digital_library_voting_2026_02_06,UN Digital Library General Assembly Voting Data,data/mgimo_validation_project/data/raw/un_voting/ga_voting_2026_02_06.csv.gz,2021-2025,0-1,calculated_from_official_roll_calls,"weighted agreement: exact=1, abstention mismatch=0.5, yes/no opposition=0; recency half-life 3y; entropy weighting",True,not_available_local_reference_file,4e410485b8744e0e0c915331ca8500502eba86b067ac3bece386b78d50986503,mgimo_platform2.models.friendliness_v2::build_friendliness_index_v3,
friendliness_receptivity_ex_ante_v4,TUR,Türkiye,2025,F_POLICY_ACCESS,"{""listed_in_430r"": false}",1.0,0.2,0.4444444444444445,russia_unfriendly_countries_430r,Government of Russia disposition No. 430-r country list,data/reference/unfriendly_countries_russia_430r.csv,2025,0-1,official_reference,"1 if not listed; 0 if listed; administrative access indicator, not public opinion",True,not_available_local_reference_file,97846f295cbea6b00f7507ab14e330b3ba442cd7c639205e7b7b1b21e82655fc,mgimo_platform2.models.friendliness_v2::build_friendliness_index_v3,This component measures the current formal policy constraint only.
friendliness_receptivity_ex_ante_v4,TUV,Tuvalu,2025,F_DIPLOMATIC_ALIGNMENT,"{""effective_votes"": 229.200842849717, ""joint_votes"": 353, ""standard_error"": 0.0288380317126725}",0.5111088255939752,0.25,0.5555555555555556,un_digital_library_voting_2026_02_06,UN Digital Library General Assembly Voting Data,data/mgimo_validation_project/data/raw/un_voting/ga_voting_2026_02_06.csv.gz,2021-2025,0-1,calculated_from_official_roll_calls,"weighted agreement: exact=1, abstention mismatch=0.5, yes/no opposition=0; recency half-life 3y; entropy weighting",True,not_available_local_reference_file,051a6e633ca52fab1e684cd6be8f854379784d68e563b0e789e9d690457d6310,mgimo_platform2.models.friendliness_v2::build_friendliness_index_v3,
friendliness_receptivity_ex_ante_v4,TUV,Tuvalu,2025,F_POLICY_ACCESS,"{""listed_in_430r"": false}",1.0,0.2,0.4444444444444445,russia_unfriendly_countries_430r,Government of Russia disposition No. 430-r country list,data/reference/unfriendly_countries_russia_430r.csv,2025,0-1,official_reference,"1 if not listed; 0 if listed; administrative access indicator, not public opinion",True,not_available_local_reference_file,97846f295cbea6b00f7507ab14e330b3ba442cd7c639205e7b7b1b21e82655fc,mgimo_platform2.models.friendliness_v2::build_friendliness_index_v3,This component measures the current formal policy constraint only.
friendliness_receptivity_ex_ante_v4,TZA,Tanzania,2025,F_DIPLOMATIC_ALIGNMENT,"{""effective_votes"": 313.37725594397364, ""joint_votes"": 473, ""standard_error"": 0.0233181562898826}",0.6418239445081055,0.25,0.5555555555555556,un_digital_library_voting_2026_02_06,UN Digital Library General Assembly Voting Data,data/mgimo_validation_project/data/raw/un_voting/ga_voting_2026_02_06.csv.gz,2021-2025,0-1,calculated_from_official_roll_calls,"weighted agreement: exact=1, abstention mismatch=0.5, yes/no opposition=0; recency half-life 3y; entropy weighting",True,not_available_local_reference_file,026eccb8ea2c27aa64a2ac1efaeb59daa3518783d7a10fd503ed89ae4bda27a3,mgimo_platform2.models.friendliness_v2::build_friendliness_index_v3,
friendliness_receptivity_ex_ante_v4,TZA,Tanzania,2025,F_POLICY_ACCESS,"{""listed_in_430r"": false}",1.0,0.2,0.4444444444444445,russia_unfriendly_countries_430r,Government of Russia disposition No. 430-r country list,data/reference/unfriendly_countries_russia_430r.csv,2025,0-1,official_reference,"1 if not listed; 0 if listed; administrative access indicator, not public opinion",True,not_available_local_reference_file,97846f295cbea6b00f7507ab14e330b3ba442cd7c639205e7b7b1b21e82655fc,mgimo_platform2.models.friendliness_v2::build_friendliness_index_v3,This component measures the current formal policy constraint only.
friendliness_receptivity_ex_ante_v4,UGA,Uganda,2025,F_DIPLOMATIC_ALIGNMENT,"{""effective_votes"": 346.37503213859696, ""joint_votes"": 522, ""standard_error"": 0.0213475163095142}",0.6682033359156649,0.25,0.5555555555555556,un_digital_library_voting_2026_02_06,UN Digital Library General Assembly Voting Data,data/mgimo_validation_project/data/raw/un_voting/ga_voting_2026_02_06.csv.gz,2021-2025,0-1,calculated_from_official_roll_calls,"weighted agreement: exact=1, abstention mismatch=0.5, yes/no opposition=0; recency half-life 3y; entropy weighting",True,not_available_local_reference_file,7409f935c5f6794b769e38ad1917647a3e7ebee9e3d7cd0fc7e2c20e2ece4f37,mgimo_platform2.models.friendliness_v2::build_friendliness_index_v3,
friendliness_receptivity_ex_ante_v4,UGA,Uganda,2025,F_POLICY_ACCESS,"{""listed_in_430r"": false}",1.0,0.2,0.4444444444444445,russia_unfriendly_countries_430r,Government of Russia disposition No. 430-r country list,data/reference/unfriendly_countries_russia_430r.csv,2025,0-1,official_reference,"1 if not listed; 0 if listed; administrative access indicator, not public opinion",True,not_available_local_reference_file,97846f295cbea6b00f7507ab14e330b3ba442cd7c639205e7b7b1b21e82655fc,mgimo_platform2.models.friendliness_v2::build_friendliness_index_v3,This component measures the current formal policy constraint only.
friendliness_receptivity_ex_ante_v4,UKR,Ukraine,2025,F_DIPLOMATIC_ALIGNMENT,"{""effective_votes"": 354.7644420416695, ""joint_votes"": 536, ""standard_error"": 0.0218557687967158}",0.451779584946087,0.25,0.4166666666666667,un_digital_library_voting_2026_02_06,UN Digital Library General Assembly Voting Data,data/mgimo_validation_project/data/raw/un_voting/ga_voting_2026_02_06.csv.gz,2021-2025,0-1,calculated_from_official_roll_calls,"weighted agreement: exact=1, abstention mismatch=0.5, yes/no opposition=0; recency half-life 3y; entropy weighting",True,not_available_local_reference_file,d23084cf9562dae507959cc57dae91c05849c8bf2dbfc48b2eeb1dd42a390e5b,mgimo_platform2.models.friendliness_v2::build_friendliness_index_v3,
friendliness_receptivity_ex_ante_v4,UKR,Ukraine,2025,F_POLICY_ACCESS,"{""listed_in_430r"": true}",0.0,0.2,0.3333333333333333,russia_unfriendly_countries_430r,Government of Russia disposition No. 430-r country list,data/reference/unfriendly_countries_russia_430r.csv,2025,0-1,official_reference,"1 if not listed; 0 if listed; administrative access indicator, not public opinion",True,not_available_local_reference_file,bf78f7993906733e10e43504059a4f643e7c03f8c7622d8c32d46f33a81367d9,mgimo_platform2.models.friendliness_v2::build_friendliness_index_v3,This component measures the current formal policy constraint only.
friendliness_receptivity_ex_ante_v4,UKR,Ukraine,2025,F_RUSSIAN_LANGUAGE_ENVIRONMENT,"{""official_status"": ""de_facto_official"", ""population_percent"": 46.0}",0.7586747487343951,0.15,0.25,unicode_cldr_territory_languages,Unicode CLDR Supplemental Territory Information,https://unicode.org/reports/tr35/tr35-info.html#Territory_Information,CLDR/Babel 2.18.0,0-1,reference_estimate,0.75*sqrt(functional_population_share)+0.25*official_status_score,True,package_version:Babel 2.18.0,44351ef660cfa2386c244f343d3680d93aad664fb5771d96a6305e982b8dc648,mgimo_platform2.models.friendliness_v2::build_russian_language_environment,"Missing CLDR language rows remain missing, not zero."
friendliness_receptivity_ex_ante_v4,URY,Uruguay,2025,F_DIPLOMATIC_ALIGNMENT,"{""effective_votes"": 364.2344199093727, ""joint_votes"": 548, ""standard_error"": 0.0234085807513029}",0.5671774136370644,0.25,0.5555555555555556,un_digital_library_voting_2026_02_06,UN Digital Library General Assembly Voting Data,data/mgimo_validation_project/data/raw/un_voting/ga_voting_2026_02_06.csv.gz,2021-2025,0-1,calculated_from_official_roll_calls,"weighted agreement: exact=1, abstention mismatch=0.5, yes/no opposition=0; recency half-life 3y; entropy weighting",True,not_available_local_reference_file,c567cfc4c7b9b6915b5549d2aef27dbd37bb3c27ff00ba560d8e448bca0acfee,mgimo_platform2.models.friendliness_v2::build_friendliness_index_v3,
friendliness_receptivity_ex_ante_v4,URY,Uruguay,2025,F_POLICY_ACCESS,"{""listed_in_430r"": false}",1.0,0.2,0.4444444444444445,russia_unfriendly_countries_430r,Government of Russia disposition No. 430-r country list,data/reference/unfriendly_countries_russia_430r.csv,2025,0-1,official_reference,"1 if not listed; 0 if listed; administrative access indicator, not public opinion",True,not_available_local_reference_file,97846f295cbea6b00f7507ab14e330b3ba442cd7c639205e7b7b1b21e82655fc,mgimo_platform2.models.friendliness_v2::build_friendliness_index_v3,This component measures the current formal policy constraint only.
friendliness_receptivity_ex_ante_v4,USA,United States,2025,F_DIPLOMATIC_ALIGNMENT,"{""effective_votes"": 363.5128664877479, ""joint_votes"": 548, ""standard_error"": 0.0209294350728695}",0.273877780839252,0.25,0.3125,un_digital_library_voting_2026_02_06,UN Digital Library General Assembly Voting Data,data/mgimo_validation_project/data/raw/un_voting/ga_voting_2026_02_06.csv.gz,2021-2025,0-1,calculated_from_official_roll_calls,"weighted agreement: exact=1, abstention mismatch=0.5, yes/no opposition=0; recency half-life 3y; entropy weighting",True,not_available_local_reference_file,6d41f80f959063d7862679a4dc7a30503b04a1c97c129c0900ed3d5040bd27ba,mgimo_platform2.models.friendliness_v2::build_friendliness_index_v3,
friendliness_receptivity_ex_ante_v4,USA,United States,2025,F_POLICY_ACCESS,"{""listed_in_430r"": true}",0.0,0.2,0.25,russia_unfriendly_countries_430r,Government of Russia disposition No. 430-r country list,data/reference/unfriendly_countries_russia_430r.csv,2025,0-1,official_reference,"1 if not listed; 0 if listed; administrative access indicator, not public opinion",True,not_available_local_reference_file,bf78f7993906733e10e43504059a4f643e7c03f8c7622d8c32d46f33a81367d9,mgimo_platform2.models.friendliness_v2::build_friendliness_index_v3,This component measures the current formal policy constraint only.
friendliness_receptivity_ex_ante_v4,USA,United States,2025,F_RUSSIAN_LANGUAGE_ENVIRONMENT,"{""official_status"": ""not_official"", ""population_percent"": 0.24}",0.0367423461417476,0.15,0.1874999999999999,unicode_cldr_territory_languages,Unicode CLDR Supplemental Territory Information,https://unicode.org/reports/tr35/tr35-info.html#Territory_Information,CLDR/Babel 2.18.0,0-1,reference_estimate,0.75*sqrt(functional_population_share)+0.25*official_status_score,True,package_version:Babel 2.18.0,f3c4c64b0eae771114a249c613aaf0356c80f8d54efcf97b3fcb0c102804628f,mgimo_platform2.models.friendliness_v2::build_russian_language_environment,"Missing CLDR language rows remain missing, not zero."
friendliness_receptivity_ex_ante_v4,USA,United States,2025,F_SURVEY_RUSSIA_ATTITUDE,"{""dk_refused"": 2, ""favorable_percent"": 7.0, ""question"": ""Q3f. Overall opinion of Russia"", ""somewhat_favorable"": 6, ""somewhat_unfavorable"": 29, ""unfavorable_percent"": 91.0, ""very_favorable"": 1, ""very_unfavorable"": 62}",0.07,0.2,0.25,pew_global_attitudes_russia_2023_q3f,Pew Research Center Spring 2023 Global Attitudes Survey topline,https://www.pewresearch.org/global/wp-content/uploads/sites/2/2023/07/PG_2023.07.10_Russia-NATO_Topline.pdf,2023,0-1,published_national_sample_survey,published favorable opinion of Russia / 100; no interpolation to countries not surveyed,True,not_available_local_reference_file,f2e3957a4845a367d6febb6b2580f769dd49f12ce5034ba3bc37bc04a2bc913f,mgimo_platform2.models.friendliness_v2::build_friendliness_index_v3,Pew Q3f national-sample response; survey absence remains missing evidence.
friendliness_receptivity_ex_ante_v4,UZB,Uzbekistan,2025,F_DIPLOMATIC_ALIGNMENT,"{""effective_votes"": 328.54085042775614, ""joint_votes"": 491, ""standard_error"": 0.0212571043738241}",0.716080034853708,0.25,0.3125,un_digital_library_voting_2026_02_06,UN Digital Library General Assembly Voting Data,data/mgimo_validation_project/data/raw/un_voting/ga_voting_2026_02_06.csv.gz,2021-2025,0-1,calculated_from_official_roll_calls,"weighted agreement: exact=1, abstention mismatch=0.5, yes/no opposition=0; recency half-life 3y; entropy weighting",True,not_available_local_reference_file,354a5b5e51d88eaa1f0a3fc9e1c602da7b3ef7d8e92591b9eab188007097541e,mgimo_platform2.models.friendliness_v2::build_friendliness_index_v3,
friendliness_receptivity_ex_ante_v4,UZB,Uzbekistan,2025,F_INSTITUTIONAL_TIES,"{""existing_presence"": true, ""partner_count"": 0, ""strategic_partner_count"": 0}",0.3,0.2,0.25,mgimo_verified_partner_and_presence_registry,MGIMO verified partner and presence registry,data/reference/mgimo_partner_universities.csv;data/reference/mgimo_existing_presence.csv,2025,0-1,official_or_reference,0.7*log-normalized partner signal + 0.3*verified presence,True,not_available_local_reference_file,ea734bd540adc8ee812f7593abbe30f322d5c4c9b5f32066962847468ad5730d,mgimo_platform2.models.friendliness_v2::build_friendliness_index_v3,"No registry row is treated as missing, not as evidence of zero ties."
friendliness_receptivity_ex_ante_v4,UZB,Uzbekistan,2025,F_POLICY_ACCESS,"{""listed_in_430r"": false}",1.0,0.2,0.25,russia_unfriendly_countries_430r,Government of Russia disposition No. 430-r country list,data/reference/unfriendly_countries_russia_430r.csv,2025,0-1,official_reference,"1 if not listed; 0 if listed; administrative access indicator, not public opinion",True,not_available_local_reference_file,97846f295cbea6b00f7507ab14e330b3ba442cd7c639205e7b7b1b21e82655fc,mgimo_platform2.models.friendliness_v2::build_friendliness_index_v3,This component measures the current formal policy constraint only.
friendliness_receptivity_ex_ante_v4,UZB,Uzbekistan,2025,F_RUSSIAN_LANGUAGE_ENVIRONMENT,"{""official_status"": ""not_official"", ""population_percent"": 14.0}",0.2806243040080456,0.15,0.1874999999999999,unicode_cldr_territory_languages,Unicode CLDR Supplemental Territory Information,https://unicode.org/reports/tr35/tr35-info.html#Territory_Information,CLDR/Babel 2.18.0,0-1,reference_estimate,0.75*sqrt(functional_population_share)+0.25*official_status_score,True,package_version:Babel 2.18.0,dc0948d5881d753a60f56b94b823b9536b1df2c8f1561955fef61fc2e7c8a1ca,mgimo_platform2.models.friendliness_v2::build_russian_language_environment,"Missing CLDR language rows remain missing, not zero."
friendliness_receptivity_ex_ante_v4,VCT,St. Vincent and the Grenadines,2025,F_DIPLOMATIC_ALIGNMENT,"{""effective_votes"": 248.28511287541352, ""joint_votes"": 340, ""standard_error"": 0.0267929482871687}",0.5913904066310316,0.25,0.5555555555555556,un_digital_library_voting_2026_02_06,UN Digital Library General Assembly Voting Data,data/mgimo_validation_project/data/raw/un_voting/ga_voting_2026_02_06.csv.gz,2021-2025,0-1,calculated_from_official_roll_calls,"weighted agreement: exact=1, abstention mismatch=0.5, yes/no opposition=0; recency half-life 3y; entropy weighting",True,not_available_local_reference_file,48cd6e40bca5ccf3d0f9aaea5185aa1d6b69438177f551b7966d87843ef8fc80,mgimo_platform2.models.friendliness_v2::build_friendliness_index_v3,
friendliness_receptivity_ex_ante_v4,VCT,St. Vincent and the Grenadines,2025,F_POLICY_ACCESS,"{""listed_in_430r"": false}",1.0,0.2,0.4444444444444445,russia_unfriendly_countries_430r,Government of Russia disposition No. 430-r country list,data/reference/unfriendly_countries_russia_430r.csv,2025,0-1,official_reference,"1 if not listed; 0 if listed; administrative access indicator, not public opinion",True,not_available_local_reference_file,97846f295cbea6b00f7507ab14e330b3ba442cd7c639205e7b7b1b21e82655fc,mgimo_platform2.models.friendliness_v2::build_friendliness_index_v3,This component measures the current formal policy constraint only.
friendliness_receptivity_ex_ante_v4,VEN,"Venezuela, RB",2025,F_DIPLOMATIC_ALIGNMENT,"{""effective_votes"": 63.23669891709803, ""joint_votes"": 86, ""standard_error"": 0.0472576534965611}",0.7566326425552039,0.25,0.5555555555555556,un_digital_library_voting_2026_02_06,UN Digital Library General Assembly Voting Data,data/mgimo_validation_project/data/raw/un_voting/ga_voting_2026_02_06.csv.gz,2021-2025,0-1,calculated_from_official_roll_calls,"weighted agreement: exact=1, abstention mismatch=0.5, yes/no opposition=0; recency half-life 3y; entropy weighting",True,not_available_local_reference_file,1ef1de31acf3b55d46773bb582ede478fa258adba220f1c91757a8978ab91713,mgimo_platform2.models.friendliness_v2::build_friendliness_index_v3,
friendliness_receptivity_ex_ante_v4,VEN,"Venezuela, RB",2025,F_POLICY_ACCESS,"{""listed_in_430r"": false}",1.0,0.2,0.4444444444444445,russia_unfriendly_countries_430r,Government of Russia disposition No. 430-r country list,data/reference/unfriendly_countries_russia_430r.csv,2025,0-1,official_reference,"1 if not listed; 0 if listed; administrative access indicator, not public opinion",True,not_available_local_reference_file,97846f295cbea6b00f7507ab14e330b3ba442cd7c639205e7b7b1b21e82655fc,mgimo_platform2.models.friendliness_v2::build_friendliness_index_v3,This component measures the current formal policy constraint only.
friendliness_receptivity_ex_ante_v4,VGB,British Virgin Islands,2025,F_POLICY_ACCESS,"{""listed_in_430r"": true}",0.0,0.2,1.0,russia_unfriendly_countries_430r,Government of Russia disposition No. 430-r country list,data/reference/unfriendly_countries_russia_430r.csv,2025,0-1,official_reference,"1 if not listed; 0 if listed; administrative access indicator, not public opinion",True,not_available_local_reference_file,bf78f7993906733e10e43504059a4f643e7c03f8c7622d8c32d46f33a81367d9,mgimo_platform2.models.friendliness_v2::build_friendliness_index_v3,This component measures the current formal policy constraint only.
friendliness_receptivity_ex_ante_v4,VIR,Virgin Islands (US),2025,F_POLICY_ACCESS,"{""listed_in_430r"": false}",1.0,0.2,1.0,russia_unfriendly_countries_430r,Government of Russia disposition No. 430-r country list,data/reference/unfriendly_countries_russia_430r.csv,2025,0-1,official_reference,"1 if not listed; 0 if listed; administrative access indicator, not public opinion",True,not_available_local_reference_file,97846f295cbea6b00f7507ab14e330b3ba442cd7c639205e7b7b1b21e82655fc,mgimo_platform2.models.friendliness_v2::build_friendliness_index_v3,This component measures the current formal policy constraint only.
friendliness_receptivity_ex_ante_v4,VNM,Viet Nam,2025,F_DIPLOMATIC_ALIGNMENT,"{""effective_votes"": 355.2155766082087, ""joint_votes"": 536, ""standard_error"": 0.0213592287949123}",0.6785539094087976,0.25,0.3846153846153846,un_digital_library_voting_2026_02_06,UN Digital Library General Assembly Voting Data,data/mgimo_validation_project/data/raw/un_voting/ga_voting_2026_02_06.csv.gz,2021-2025,0-1,calculated_from_official_roll_calls,"weighted agreement: exact=1, abstention mismatch=0.5, yes/no opposition=0; recency half-life 3y; entropy weighting",True,not_available_local_reference_file,f4de5454914e5871b7f53163834988d0f1d4eb3baee91c3196ec7efd6aa28979,mgimo_platform2.models.friendliness_v2::build_friendliness_index_v3,
friendliness_receptivity_ex_ante_v4,VNM,Viet Nam,2025,F_INSTITUTIONAL_TIES,"{""existing_presence"": true, ""partner_count"": 3, ""strategic_partner_count"": 3}",1.0,0.2,0.3076923076923077,mgimo_verified_partner_and_presence_registry,MGIMO verified partner and presence registry,data/reference/mgimo_partner_universities.csv;data/reference/mgimo_existing_presence.csv,2025,0-1,official_or_reference,0.7*log-normalized partner signal + 0.3*verified presence,True,not_available_local_reference_file,d46618c64223a840917f847c3f5e7c8ee618e94cbcaab472a62fbfe65ab5a283,mgimo_platform2.models.friendliness_v2::build_friendliness_index_v3,"No registry row is treated as missing, not as evidence of zero ties."
friendliness_receptivity_ex_ante_v4,VNM,Viet Nam,2025,F_POLICY_ACCESS,"{""listed_in_430r"": false}",1.0,0.2,0.3076923076923077,russia_unfriendly_countries_430r,Government of Russia disposition No. 430-r country list,data/reference/unfriendly_countries_russia_430r.csv,2025,0-1,official_reference,"1 if not listed; 0 if listed; administrative access indicator, not public opinion",True,not_available_local_reference_file,97846f295cbea6b00f7507ab14e330b3ba442cd7c639205e7b7b1b21e82655fc,mgimo_platform2.models.friendliness_v2::build_friendliness_index_v3,This component measures the current formal policy constraint only.
friendliness_receptivity_ex_ante_v4,VUT,Vanuatu,2025,F_DIPLOMATIC_ALIGNMENT,"{""effective_votes"": 322.75013634848534, ""joint_votes"": 492, ""standard_error"": 0.0250150305992592}",0.5708735901107796,0.25,0.5555555555555556,un_digital_library_voting_2026_02_06,UN Digital Library General Assembly Voting Data,data/mgimo_validation_project/data/raw/un_voting/ga_voting_2026_02_06.csv.gz,2021-2025,0-1,calculated_from_official_roll_calls,"weighted agreement: exact=1, abstention mismatch=0.5, yes/no opposition=0; recency half-life 3y; entropy weighting",True,not_available_local_reference_file,85801fa685323e228d2a79f4c599978cf097bae2eb651a3e99d5ea564b11e34f,mgimo_platform2.models.friendliness_v2::build_friendliness_index_v3,
friendliness_receptivity_ex_ante_v4,VUT,Vanuatu,2025,F_POLICY_ACCESS,"{""listed_in_430r"": false}",1.0,0.2,0.4444444444444445,russia_unfriendly_countries_430r,Government of Russia disposition No. 430-r country list,data/reference/unfriendly_countries_russia_430r.csv,2025,0-1,official_reference,"1 if not listed; 0 if listed; administrative access indicator, not public opinion",True,not_available_local_reference_file,97846f295cbea6b00f7507ab14e330b3ba442cd7c639205e7b7b1b21e82655fc,mgimo_platform2.models.friendliness_v2::build_friendliness_index_v3,This component measures the current formal policy constraint only.
friendliness_receptivity_ex_ante_v4,WSM,Samoa,2025,F_DIPLOMATIC_ALIGNMENT,"{""effective_votes"": 234.79013591743575, ""joint_votes"": 358, ""standard_error"": 0.0287482385742517}",0.5319920202165993,0.25,0.5555555555555556,un_digital_library_voting_2026_02_06,UN Digital Library General Assembly Voting Data,data/mgimo_validation_project/data/raw/un_voting/ga_voting_2026_02_06.csv.gz,2021-2025,0-1,calculated_from_official_roll_calls,"weighted agreement: exact=1, abstention mismatch=0.5, yes/no opposition=0; recency half-life 3y; entropy weighting",True,not_available_local_reference_file,846fcea06abd4dca03887ff188753033ed5f5af3f043b0bb6ac3b49d1a300231,mgimo_platform2.models.friendliness_v2::build_friendliness_index_v3,
friendliness_receptivity_ex_ante_v4,WSM,Samoa,2025,F_POLICY_ACCESS,"{""listed_in_430r"": false}",1.0,0.2,0.4444444444444445,russia_unfriendly_countries_430r,Government of Russia disposition No. 430-r country list,data/reference/unfriendly_countries_russia_430r.csv,2025,0-1,official_reference,"1 if not listed; 0 if listed; administrative access indicator, not public opinion",True,not_available_local_reference_file,97846f295cbea6b00f7507ab14e330b3ba442cd7c639205e7b7b1b21e82655fc,mgimo_platform2.models.friendliness_v2::build_friendliness_index_v3,This component measures the current formal policy constraint only.
friendliness_receptivity_ex_ante_v4,XKX,Kosovo,2025,F_POLICY_ACCESS,"{""listed_in_430r"": false}",1.0,0.2,1.0,russia_unfriendly_countries_430r,Government of Russia disposition No. 430-r country list,data/reference/unfriendly_countries_russia_430r.csv,2025,0-1,official_reference,"1 if not listed; 0 if listed; administrative access indicator, not public opinion",True,not_available_local_reference_file,97846f295cbea6b00f7507ab14e330b3ba442cd7c639205e7b7b1b21e82655fc,mgimo_platform2.models.friendliness_v2::build_friendliness_index_v3,This component measures the current formal policy constraint only.
friendliness_receptivity_ex_ante_v4,YEM,"Yemen, Rep.",2025,F_DIPLOMATIC_ALIGNMENT,"{""effective_votes"": 364.0652213664392, ""joint_votes"": 548, ""standard_error"": 0.0220283538823276}",0.6378255028901465,0.25,0.5555555555555556,un_digital_library_voting_2026_02_06,UN Digital Library General Assembly Voting Data,data/mgimo_validation_project/data/raw/un_voting/ga_voting_2026_02_06.csv.gz,2021-2025,0-1,calculated_from_official_roll_calls,"weighted agreement: exact=1, abstention mismatch=0.5, yes/no opposition=0; recency half-life 3y; entropy weighting",True,not_available_local_reference_file,595a45cfb0f7dcee06197968f0b6b98e38b33dfae2a019ede583e525d7c8dc70,mgimo_platform2.models.friendliness_v2::build_friendliness_index_v3,
friendliness_receptivity_ex_ante_v4,YEM,"Yemen, Rep.",2025,F_POLICY_ACCESS,"{""listed_in_430r"": false}",1.0,0.2,0.4444444444444445,russia_unfriendly_countries_430r,Government of Russia disposition No. 430-r country list,data/reference/unfriendly_countries_russia_430r.csv,2025,0-1,official_reference,"1 if not listed; 0 if listed; administrative access indicator, not public opinion",True,not_available_local_reference_file,97846f295cbea6b00f7507ab14e330b3ba442cd7c639205e7b7b1b21e82655fc,mgimo_platform2.models.friendliness_v2::build_friendliness_index_v3,This component measures the current formal policy constraint only.
friendliness_receptivity_ex_ante_v4,ZAF,South Africa,2025,F_DIPLOMATIC_ALIGNMENT,"{""effective_votes"": 362.2858133898506, ""joint_votes"": 544, ""standard_error"": 0.021333484824917}",0.6640304872504402,0.25,0.3846153846153846,un_digital_library_voting_2026_02_06,UN Digital Library General Assembly Voting Data,data/mgimo_validation_project/data/raw/un_voting/ga_voting_2026_02_06.csv.gz,2021-2025,0-1,calculated_from_official_roll_calls,"weighted agreement: exact=1, abstention mismatch=0.5, yes/no opposition=0; recency half-life 3y; entropy weighting",True,not_available_local_reference_file,a9b12a2106bb1d520de49edb871adae6ea17e3f01f86ad1bec03668b5857dc38,mgimo_platform2.models.friendliness_v2::build_friendliness_index_v3,
friendliness_receptivity_ex_ante_v4,ZAF,South Africa,2025,F_POLICY_ACCESS,"{""listed_in_430r"": false}",1.0,0.2,0.3076923076923077,russia_unfriendly_countries_430r,Government of Russia disposition No. 430-r country list,data/reference/unfriendly_countries_russia_430r.csv,2025,0-1,official_reference,"1 if not listed; 0 if listed; administrative access indicator, not public opinion",True,not_available_local_reference_file,97846f295cbea6b00f7507ab14e330b3ba442cd7c639205e7b7b1b21e82655fc,mgimo_platform2.models.friendliness_v2::build_friendliness_index_v3,This component measures the current formal policy constraint only.
friendliness_receptivity_ex_ante_v4,ZAF,South Africa,2025,F_SURVEY_RUSSIA_ATTITUDE,"{""dk_refused"": 15, ""favorable_percent"": 28.0, ""question"": ""Q3f. Overall opinion of Russia"", ""somewhat_favorable"": 14, ""somewhat_unfavorable"": 11, ""unfavorable_percent"": 57.0, ""very_favorable"": 14, ""very_unfavorable"": 46}",0.28,0.2,0.3076923076923077,pew_global_attitudes_russia_2023_q3f,Pew Research Center Spring 2023 Global Attitudes Survey topline,https://www.pewresearch.org/global/wp-content/uploads/sites/2/2023/07/PG_2023.07.10_Russia-NATO_Topline.pdf,2023,0-1,published_national_sample_survey,published favorable opinion of Russia / 100; no interpolation to countries not surveyed,True,not_available_local_reference_file,0a853bebf694b3609831938047ba605f365f4176edc448f10129e617fe40fb3a,mgimo_platform2.models.friendliness_v2::build_friendliness_index_v3,Pew Q3f national-sample response; survey absence remains missing evidence.
friendliness_receptivity_ex_ante_v4,ZMB,Zambia,2025,F_DIPLOMATIC_ALIGNMENT,"{""effective_votes"": 295.17897235598764, ""joint_votes"": 453, ""standard_error"": 0.0256151841156473}",0.6107155735060319,0.25,0.5555555555555556,un_digital_library_voting_2026_02_06,UN Digital Library General Assembly Voting Data,data/mgimo_validation_project/data/raw/un_voting/ga_voting_2026_02_06.csv.gz,2021-2025,0-1,calculated_from_official_roll_calls,"weighted agreement: exact=1, abstention mismatch=0.5, yes/no opposition=0; recency half-life 3y; entropy weighting",True,not_available_local_reference_file,4f0a06ba905025aea115c4fc50483442a0c78376df4295c7a94e8288acbda6d0,mgimo_platform2.models.friendliness_v2::build_friendliness_index_v3,
friendliness_receptivity_ex_ante_v4,ZMB,Zambia,2025,F_POLICY_ACCESS,"{""listed_in_430r"": false}",1.0,0.2,0.4444444444444445,russia_unfriendly_countries_430r,Government of Russia disposition No. 430-r country list,data/reference/unfriendly_countries_russia_430r.csv,2025,0-1,official_reference,"1 if not listed; 0 if listed; administrative access indicator, not public opinion",True,not_available_local_reference_file,97846f295cbea6b00f7507ab14e330b3ba442cd7c639205e7b7b1b21e82655fc,mgimo_platform2.models.friendliness_v2::build_friendliness_index_v3,This component measures the current formal policy constraint only.
friendliness_receptivity_ex_ante_v4,ZWE,Zimbabwe,2025,F_DIPLOMATIC_ALIGNMENT,"{""effective_votes"": 346.0205831032917, ""joint_votes"": 521, ""standard_error"": 0.0207566965148755}",0.744060941738774,0.25,0.5555555555555556,un_digital_library_voting_2026_02_06,UN Digital Library General Assembly Voting Data,data/mgimo_validation_project/data/raw/un_voting/ga_voting_2026_02_06.csv.gz,2021-2025,0-1,calculated_from_official_roll_calls,"weighted agreement: exact=1, abstention mismatch=0.5, yes/no opposition=0; recency half-life 3y; entropy weighting",True,not_available_local_reference_file,1e5b8cd2e81337fa4f0a44f2f30b03fdadb39e293035ea9bde13d14c0dbd6e57,mgimo_platform2.models.friendliness_v2::build_friendliness_index_v3,
friendliness_receptivity_ex_ante_v4,ZWE,Zimbabwe,2025,F_POLICY_ACCESS,"{""listed_in_430r"": false}",1.0,0.2,0.4444444444444445,russia_unfriendly_countries_430r,Government of Russia disposition No. 430-r country list,data/reference/unfriendly_countries_russia_430r.csv,2025,0-1,official_reference,"1 if not listed; 0 if listed; administrative access indicator, not public opinion",True,not_available_local_reference_file,97846f295cbea6b00f7507ab14e330b3ba442cd7c639205e7b7b1b21e82655fc,mgimo_platform2.models.friendliness_v2::build_friendliness_index_v3,This component measures the current formal policy constraint only.
