activity_id,okved_section,activity_name,forecast_year,recommended_annual_quota_persons,foreign_labor_stock_need_persons,cumulative_recommended_quota_persons,labor_demand_required_persons,domestic_sector_supply_total_with_unemployment_reserve_persons,unemployment_reserve_sector_allocated_persons,source_key,source_url_or_file,retrieved_at,source_period,raw_value,unit,transform_script,transformation_script,observation_status,sha256_or_etag,source_row_sha256
OKVED_A,A,"Сельское, лесное хозяйство, охота, рыболовство и рыбоводство",2025,23585.146609028343,23585.146609028343,23585.146609028343,4287977.083409688,4356805.146429026,81572.4144713147,foreign_labor_migration_v5_sector_year,Foreign labor migration/docs/data/region_sector_forecast.csv,2026-05-27T13:57:22+00:00,2025,"{""cumulative_recommended_quota_persons"":23585.146609028343,""domestic_sector_supply_total_with_unemployment_reserve_persons"":4356805.146429026,""foreign_labor_stock_need_persons"":23585.146609028343,""labor_demand_required_persons"":4287977.083409688,""recommended_annual_quota_persons"":23585.146609028343,""unemployment_reserve_sector_allocated_persons"":81572.4144713147}","{""cumulative_recommended_quota_persons"":""persons"",""domestic_sector_supply_total_with_unemployment_reserve_persons"":""persons"",""foreign_labor_stock_need_persons"":""persons"",""labor_demand_required_persons"":""persons"",""recommended_annual_quota_persons"":""persons"",""unemployment_reserve_sector_allocated_persons"":""persons""}",scripts/build_labor_migration_artifacts.py,scripts/build_labor_migration_artifacts.py,calculated_v5_sector_year_sum,bed04356e8a570a2911dde917ab538bd3dd43ad84aa6d09cf900456bb3680985,4ac7a40d0f2b6e0660334d110c8cb3faa5b977b4f296b476639d34ae85550aca
OKVED_B,B,Добыча полезных ископаемых,2025,25498.380498201743,25498.380498201743,25498.380498201743,1274581.845911975,1328034.343526985,81572.4144713147,foreign_labor_migration_v5_sector_year,Foreign labor migration/docs/data/region_sector_forecast.csv,2026-05-27T13:57:22+00:00,2025,"{""cumulative_recommended_quota_persons"":25498.380498201743,""domestic_sector_supply_total_with_unemployment_reserve_persons"":1328034.343526985,""foreign_labor_stock_need_persons"":25498.380498201743,""labor_demand_required_persons"":1274581.845911975,""recommended_annual_quota_persons"":25498.380498201743,""unemployment_reserve_sector_allocated_persons"":81572.4144713147}","{""cumulative_recommended_quota_persons"":""persons"",""domestic_sector_supply_total_with_unemployment_reserve_persons"":""persons"",""foreign_labor_stock_need_persons"":""persons"",""labor_demand_required_persons"":""persons"",""recommended_annual_quota_persons"":""persons"",""unemployment_reserve_sector_allocated_persons"":""persons""}",scripts/build_labor_migration_artifacts.py,scripts/build_labor_migration_artifacts.py,calculated_v5_sector_year_sum,bed04356e8a570a2911dde917ab538bd3dd43ad84aa6d09cf900456bb3680985,739b408041ef1193e912e33e15e02eac8e1ebeb1380227ffa6e7fc1a1609af2b
OKVED_C,C,Обрабатывающие производства,2025,60781.97708641987,60781.97708641987,60781.97708641987,10420719.727441935,10526438.896779522,81572.4144713147,foreign_labor_migration_v5_sector_year,Foreign labor migration/docs/data/region_sector_forecast.csv,2026-05-27T13:57:22+00:00,2025,"{""cumulative_recommended_quota_persons"":60781.97708641987,""domestic_sector_supply_total_with_unemployment_reserve_persons"":10526438.896779522,""foreign_labor_stock_need_persons"":60781.97708641987,""labor_demand_required_persons"":10420719.727441935,""recommended_annual_quota_persons"":60781.97708641987,""unemployment_reserve_sector_allocated_persons"":81572.4144713147}","{""cumulative_recommended_quota_persons"":""persons"",""domestic_sector_supply_total_with_unemployment_reserve_persons"":""persons"",""foreign_labor_stock_need_persons"":""persons"",""labor_demand_required_persons"":""persons"",""recommended_annual_quota_persons"":""persons"",""unemployment_reserve_sector_allocated_persons"":""persons""}",scripts/build_labor_migration_artifacts.py,scripts/build_labor_migration_artifacts.py,calculated_v5_sector_year_sum,bed04356e8a570a2911dde917ab538bd3dd43ad84aa6d09cf900456bb3680985,ed8fb5f07c14dae8fc0c8cadfbc7c398a34faa4c4199f735d2a5877e7f59bf51
OKVED_D,D,"Обеспечение электрической энергией, газом и паром; кондиционирование воздуха",2025,3986.579076676544,3986.579076676544,3986.579076676544,1512553.7620317654,1589465.9005509475,81572.4144713147,foreign_labor_migration_v5_sector_year,Foreign labor migration/docs/data/region_sector_forecast.csv,2026-05-27T13:57:22+00:00,2025,"{""cumulative_recommended_quota_persons"":3986.579076676544,""domestic_sector_supply_total_with_unemployment_reserve_persons"":1589465.9005509475,""foreign_labor_stock_need_persons"":3986.579076676544,""labor_demand_required_persons"":1512553.7620317654,""recommended_annual_quota_persons"":3986.579076676544,""unemployment_reserve_sector_allocated_persons"":81572.4144713147}","{""cumulative_recommended_quota_persons"":""persons"",""domestic_sector_supply_total_with_unemployment_reserve_persons"":""persons"",""foreign_labor_stock_need_persons"":""persons"",""labor_demand_required_persons"":""persons"",""recommended_annual_quota_persons"":""persons"",""unemployment_reserve_sector_allocated_persons"":""persons""}",scripts/build_labor_migration_artifacts.py,scripts/build_labor_migration_artifacts.py,calculated_v5_sector_year_sum,bed04356e8a570a2911dde917ab538bd3dd43ad84aa6d09cf900456bb3680985,09105e50f0460d64755b3f86a087194f0a6aeea3989044827d33feb969f42e87
OKVED_E,E,"Водоснабжение; водоотведение, организация сбора и утилизации отходов, деятельность по ликвидации загрязнений",2025,86.89405861351293,86.89405861351293,86.89405861351293,678020.8072266233,759469.0360302294,81572.4144713147,foreign_labor_migration_v5_sector_year,Foreign labor migration/docs/data/region_sector_forecast.csv,2026-05-27T13:57:22+00:00,2025,"{""cumulative_recommended_quota_persons"":86.89405861351293,""domestic_sector_supply_total_with_unemployment_reserve_persons"":759469.0360302294,""foreign_labor_stock_need_persons"":86.89405861351293,""labor_demand_required_persons"":678020.8072266233,""recommended_annual_quota_persons"":86.89405861351293,""unemployment_reserve_sector_allocated_persons"":81572.4144713147}","{""cumulative_recommended_quota_persons"":""persons"",""domestic_sector_supply_total_with_unemployment_reserve_persons"":""persons"",""foreign_labor_stock_need_persons"":""persons"",""labor_demand_required_persons"":""persons"",""recommended_annual_quota_persons"":""persons"",""unemployment_reserve_sector_allocated_persons"":""persons""}",scripts/build_labor_migration_artifacts.py,scripts/build_labor_migration_artifacts.py,calculated_v5_sector_year_sum,bed04356e8a570a2911dde917ab538bd3dd43ad84aa6d09cf900456bb3680985,4c7a13331aa6747cf13d91d100d2975b81ff2c754abaae81e37321f0022cb1fc
OKVED_F,F,Строительство,2025,35618.6474046802,35618.6474046802,35618.6474046802,6758426.305480697,6857900.292582281,81572.4144713147,foreign_labor_migration_v5_sector_year,Foreign labor migration/docs/data/region_sector_forecast.csv,2026-05-27T13:57:22+00:00,2025,"{""cumulative_recommended_quota_persons"":35618.6474046802,""domestic_sector_supply_total_with_unemployment_reserve_persons"":6857900.292582281,""foreign_labor_stock_need_persons"":35618.6474046802,""labor_demand_required_persons"":6758426.305480697,""recommended_annual_quota_persons"":35618.6474046802,""unemployment_reserve_sector_allocated_persons"":81572.4144713147}","{""cumulative_recommended_quota_persons"":""persons"",""domestic_sector_supply_total_with_unemployment_reserve_persons"":""persons"",""foreign_labor_stock_need_persons"":""persons"",""labor_demand_required_persons"":""persons"",""recommended_annual_quota_persons"":""persons"",""unemployment_reserve_sector_allocated_persons"":""persons""}",scripts/build_labor_migration_artifacts.py,scripts/build_labor_migration_artifacts.py,calculated_v5_sector_year_sum,bed04356e8a570a2911dde917ab538bd3dd43ad84aa6d09cf900456bb3680985,d8b2224f32abeaad601ed0081fd40731eebeb385894037e3741c1a5c224982a9
OKVED_G,G,Торговля оптовая и розничная; ремонт автотранспортных средств и мотоциклов,2025,89150.16020076742,89150.16020076742,89150.16020076742,13435705.319161216,13549890.04566745,81572.4144713147,foreign_labor_migration_v5_sector_year,Foreign labor migration/docs/data/region_sector_forecast.csv,2026-05-27T13:57:22+00:00,2025,"{""cumulative_recommended_quota_persons"":89150.16020076742,""domestic_sector_supply_total_with_unemployment_reserve_persons"":13549890.04566745,""foreign_labor_stock_need_persons"":89150.16020076742,""labor_demand_required_persons"":13435705.319161216,""recommended_annual_quota_persons"":89150.16020076742,""unemployment_reserve_sector_allocated_persons"":81572.4144713147}","{""cumulative_recommended_quota_persons"":""persons"",""domestic_sector_supply_total_with_unemployment_reserve_persons"":""persons"",""foreign_labor_stock_need_persons"":""persons"",""labor_demand_required_persons"":""persons"",""recommended_annual_quota_persons"":""persons"",""unemployment_reserve_sector_allocated_persons"":""persons""}",scripts/build_labor_migration_artifacts.py,scripts/build_labor_migration_artifacts.py,calculated_v5_sector_year_sum,bed04356e8a570a2911dde917ab538bd3dd43ad84aa6d09cf900456bb3680985,4ea34bf4c989f62f683eb1428b1fa102023d0c9f74b794deb3c27aea53ca1854
OKVED_H,H,Транспортировка и хранение,2025,31792.93597992683,31792.93597992683,31792.93597992683,5915342.164490998,6005265.179446051,81572.4144713147,foreign_labor_migration_v5_sector_year,Foreign labor migration/docs/data/region_sector_forecast.csv,2026-05-27T13:57:22+00:00,2025,"{""cumulative_recommended_quota_persons"":31792.93597992683,""domestic_sector_supply_total_with_unemployment_reserve_persons"":6005265.179446051,""foreign_labor_stock_need_persons"":31792.93597992683,""labor_demand_required_persons"":5915342.164490998,""recommended_annual_quota_persons"":31792.93597992683,""unemployment_reserve_sector_allocated_persons"":81572.4144713147}","{""cumulative_recommended_quota_persons"":""persons"",""domestic_sector_supply_total_with_unemployment_reserve_persons"":""persons"",""foreign_labor_stock_need_persons"":""persons"",""labor_demand_required_persons"":""persons"",""recommended_annual_quota_persons"":""persons"",""unemployment_reserve_sector_allocated_persons"":""persons""}",scripts/build_labor_migration_artifacts.py,scripts/build_labor_migration_artifacts.py,calculated_v5_sector_year_sum,bed04356e8a570a2911dde917ab538bd3dd43ad84aa6d09cf900456bb3680985,6f2987a1c04dfddbef1f774c28aa08de0aa8e6ac67ecc0a05dff84929a5bec23
OKVED_I,I,Деятельность гостиниц и предприятий общественного питания,2025,2201.0789949552895,2201.0789949552895,2201.0789949552895,2083040.4615806686,2169649.622693233,81572.4144713147,foreign_labor_migration_v5_sector_year,Foreign labor migration/docs/data/region_sector_forecast.csv,2026-05-27T13:57:22+00:00,2025,"{""cumulative_recommended_quota_persons"":2201.0789949552895,""domestic_sector_supply_total_with_unemployment_reserve_persons"":2169649.622693233,""foreign_labor_stock_need_persons"":2201.0789949552895,""labor_demand_required_persons"":2083040.4615806686,""recommended_annual_quota_persons"":2201.0789949552895,""unemployment_reserve_sector_allocated_persons"":81572.4144713147}","{""cumulative_recommended_quota_persons"":""persons"",""domestic_sector_supply_total_with_unemployment_reserve_persons"":""persons"",""foreign_labor_stock_need_persons"":""persons"",""labor_demand_required_persons"":""persons"",""recommended_annual_quota_persons"":""persons"",""unemployment_reserve_sector_allocated_persons"":""persons""}",scripts/build_labor_migration_artifacts.py,scripts/build_labor_migration_artifacts.py,calculated_v5_sector_year_sum,bed04356e8a570a2911dde917ab538bd3dd43ad84aa6d09cf900456bb3680985,50b86aa9bf1579ae4147f6ffb95c438b502d341db796aa8dec35fcc967473cf7
OKVED_J,J,Деятельность в области информации и связи,2025,624.0730367183595,624.0730367183595,624.0730367183595,1873246.5820230434,1971351.4759347308,81572.4144713147,foreign_labor_migration_v5_sector_year,Foreign labor migration/docs/data/region_sector_forecast.csv,2026-05-27T13:57:22+00:00,2025,"{""cumulative_recommended_quota_persons"":624.0730367183595,""domestic_sector_supply_total_with_unemployment_reserve_persons"":1971351.4759347308,""foreign_labor_stock_need_persons"":624.0730367183595,""labor_demand_required_persons"":1873246.5820230434,""recommended_annual_quota_persons"":624.0730367183595,""unemployment_reserve_sector_allocated_persons"":81572.4144713147}","{""cumulative_recommended_quota_persons"":""persons"",""domestic_sector_supply_total_with_unemployment_reserve_persons"":""persons"",""foreign_labor_stock_need_persons"":""persons"",""labor_demand_required_persons"":""persons"",""recommended_annual_quota_persons"":""persons"",""unemployment_reserve_sector_allocated_persons"":""persons""}",scripts/build_labor_migration_artifacts.py,scripts/build_labor_migration_artifacts.py,calculated_v5_sector_year_sum,bed04356e8a570a2911dde917ab538bd3dd43ad84aa6d09cf900456bb3680985,156dfd0d00247564273dc1ffb5394c6e89426f72c0645ebf411fe1ba5be5c21f
OKVED_K,K,Деятельность финансовая и страховая,2025,135.36611623921635,135.36611623921635,135.36611623921635,1270436.5298152647,1361432.9132404746,81572.4144713147,foreign_labor_migration_v5_sector_year,Foreign labor migration/docs/data/region_sector_forecast.csv,2026-05-27T13:57:22+00:00,2025,"{""cumulative_recommended_quota_persons"":135.36611623921635,""domestic_sector_supply_total_with_unemployment_reserve_persons"":1361432.9132404746,""foreign_labor_stock_need_persons"":135.36611623921635,""labor_demand_required_persons"":1270436.5298152647,""recommended_annual_quota_persons"":135.36611623921635,""unemployment_reserve_sector_allocated_persons"":81572.4144713147}","{""cumulative_recommended_quota_persons"":""persons"",""domestic_sector_supply_total_with_unemployment_reserve_persons"":""persons"",""foreign_labor_stock_need_persons"":""persons"",""labor_demand_required_persons"":""persons"",""recommended_annual_quota_persons"":""persons"",""unemployment_reserve_sector_allocated_persons"":""persons""}",scripts/build_labor_migration_artifacts.py,scripts/build_labor_migration_artifacts.py,calculated_v5_sector_year_sum,bed04356e8a570a2911dde917ab538bd3dd43ad84aa6d09cf900456bb3680985,24d3053622d8071f50ef22173da818b13a02788acf76b01649f71840d10cb5a9
OKVED_L,L,Деятельность по операциям с недвижимым имуществом,2025,1343.8096904673648,1343.8096904673648,1343.8096904673648,1928312.779925054,2017974.0119110579,81572.4144713147,foreign_labor_migration_v5_sector_year,Foreign labor migration/docs/data/region_sector_forecast.csv,2026-05-27T13:57:22+00:00,2025,"{""cumulative_recommended_quota_persons"":1343.8096904673648,""domestic_sector_supply_total_with_unemployment_reserve_persons"":2017974.0119110579,""foreign_labor_stock_need_persons"":1343.8096904673648,""labor_demand_required_persons"":1928312.779925054,""recommended_annual_quota_persons"":1343.8096904673648,""unemployment_reserve_sector_allocated_persons"":81572.4144713147}","{""cumulative_recommended_quota_persons"":""persons"",""domestic_sector_supply_total_with_unemployment_reserve_persons"":""persons"",""foreign_labor_stock_need_persons"":""persons"",""labor_demand_required_persons"":""persons"",""recommended_annual_quota_persons"":""persons"",""unemployment_reserve_sector_allocated_persons"":""persons""}",scripts/build_labor_migration_artifacts.py,scripts/build_labor_migration_artifacts.py,calculated_v5_sector_year_sum,bed04356e8a570a2911dde917ab538bd3dd43ad84aa6d09cf900456bb3680985,998337c6b6898c3a7273ceb528fadeaa49b3f55a3faa7a068c64c7431039b618
OKVED_M,M,"Деятельность профессиональная, научная и техническая",2025,2476.259570443007,2476.259570443007,2476.259570443007,2937633.6177857597,3040319.1845717356,81572.4144713147,foreign_labor_migration_v5_sector_year,Foreign labor migration/docs/data/region_sector_forecast.csv,2026-05-27T13:57:22+00:00,2025,"{""cumulative_recommended_quota_persons"":2476.259570443007,""domestic_sector_supply_total_with_unemployment_reserve_persons"":3040319.1845717356,""foreign_labor_stock_need_persons"":2476.259570443007,""labor_demand_required_persons"":2937633.6177857597,""recommended_annual_quota_persons"":2476.259570443007,""unemployment_reserve_sector_allocated_persons"":81572.4144713147}","{""cumulative_recommended_quota_persons"":""persons"",""domestic_sector_supply_total_with_unemployment_reserve_persons"":""persons"",""foreign_labor_stock_need_persons"":""persons"",""labor_demand_required_persons"":""persons"",""recommended_annual_quota_persons"":""persons"",""unemployment_reserve_sector_allocated_persons"":""persons""}",scripts/build_labor_migration_artifacts.py,scripts/build_labor_migration_artifacts.py,calculated_v5_sector_year_sum,bed04356e8a570a2911dde917ab538bd3dd43ad84aa6d09cf900456bb3680985,556c41767fbf69f9466efdb2e1f9d4929510370896934897aea3cb08b80f8a89
OKVED_N,N,Деятельность административная и сопутствующие дополнительные услуги,2025,3526.721495480332,3526.721495480332,3526.721495480332,2312504.0833731587,2403345.467848456,81572.4144713147,foreign_labor_migration_v5_sector_year,Foreign labor migration/docs/data/region_sector_forecast.csv,2026-05-27T13:57:22+00:00,2025,"{""cumulative_recommended_quota_persons"":3526.721495480332,""domestic_sector_supply_total_with_unemployment_reserve_persons"":2403345.467848456,""foreign_labor_stock_need_persons"":3526.721495480332,""labor_demand_required_persons"":2312504.0833731587,""recommended_annual_quota_persons"":3526.721495480332,""unemployment_reserve_sector_allocated_persons"":81572.4144713147}","{""cumulative_recommended_quota_persons"":""persons"",""domestic_sector_supply_total_with_unemployment_reserve_persons"":""persons"",""foreign_labor_stock_need_persons"":""persons"",""labor_demand_required_persons"":""persons"",""recommended_annual_quota_persons"":""persons"",""unemployment_reserve_sector_allocated_persons"":""persons""}",scripts/build_labor_migration_artifacts.py,scripts/build_labor_migration_artifacts.py,calculated_v5_sector_year_sum,bed04356e8a570a2911dde917ab538bd3dd43ad84aa6d09cf900456bb3680985,3b6916d38527ea4b555726c770b2d09175909d48f88d548a43b76b7c899432fa
OKVED_O,O,Государственное управление и обеспечение военной безопасности; социальное обеспечение,2025,14376.890789804149,14376.890789804149,14376.890789804149,3400844.5190799637,3478204.643521043,81572.4144713147,foreign_labor_migration_v5_sector_year,Foreign labor migration/docs/data/region_sector_forecast.csv,2026-05-27T13:57:22+00:00,2025,"{""cumulative_recommended_quota_persons"":14376.890789804149,""domestic_sector_supply_total_with_unemployment_reserve_persons"":3478204.643521043,""foreign_labor_stock_need_persons"":14376.890789804149,""labor_demand_required_persons"":3400844.5190799637,""recommended_annual_quota_persons"":14376.890789804149,""unemployment_reserve_sector_allocated_persons"":81572.4144713147}","{""cumulative_recommended_quota_persons"":""persons"",""domestic_sector_supply_total_with_unemployment_reserve_persons"":""persons"",""foreign_labor_stock_need_persons"":""persons"",""labor_demand_required_persons"":""persons"",""recommended_annual_quota_persons"":""persons"",""unemployment_reserve_sector_allocated_persons"":""persons""}",scripts/build_labor_migration_artifacts.py,scripts/build_labor_migration_artifacts.py,calculated_v5_sector_year_sum,bed04356e8a570a2911dde917ab538bd3dd43ad84aa6d09cf900456bb3680985,39996b5409d19c4ce7492b91a42d1c0c4c677413f3920c92717442e9f8664913
OKVED_P,P,Образование,2025,26126.650546936333,26126.650546936333,26126.650546936333,5361720.956876714,5446687.449942449,81572.4144713147,foreign_labor_migration_v5_sector_year,Foreign labor migration/docs/data/region_sector_forecast.csv,2026-05-27T13:57:22+00:00,2025,"{""cumulative_recommended_quota_persons"":26126.650546936333,""domestic_sector_supply_total_with_unemployment_reserve_persons"":5446687.449942449,""foreign_labor_stock_need_persons"":26126.650546936333,""labor_demand_required_persons"":5361720.956876714,""recommended_annual_quota_persons"":26126.650546936333,""unemployment_reserve_sector_allocated_persons"":81572.4144713147}","{""cumulative_recommended_quota_persons"":""persons"",""domestic_sector_supply_total_with_unemployment_reserve_persons"":""persons"",""foreign_labor_stock_need_persons"":""persons"",""labor_demand_required_persons"":""persons"",""recommended_annual_quota_persons"":""persons"",""unemployment_reserve_sector_allocated_persons"":""persons""}",scripts/build_labor_migration_artifacts.py,scripts/build_labor_migration_artifacts.py,calculated_v5_sector_year_sum,bed04356e8a570a2911dde917ab538bd3dd43ad84aa6d09cf900456bb3680985,0490282489fc70505499f36ee680a2e0a21e72622984566750c3fa75589a73e6
OKVED_Q,Q,Деятельность в области здравоохранения и социальных услуг,2025,19752.027433780553,19752.027433780553,19752.027433780553,4528997.568395848,4610994.781777639,81572.4144713147,foreign_labor_migration_v5_sector_year,Foreign labor migration/docs/data/region_sector_forecast.csv,2026-05-27T13:57:22+00:00,2025,"{""cumulative_recommended_quota_persons"":19752.027433780553,""domestic_sector_supply_total_with_unemployment_reserve_persons"":4610994.781777639,""foreign_labor_stock_need_persons"":19752.027433780553,""labor_demand_required_persons"":4528997.568395848,""recommended_annual_quota_persons"":19752.027433780553,""unemployment_reserve_sector_allocated_persons"":81572.4144713147}","{""cumulative_recommended_quota_persons"":""persons"",""domestic_sector_supply_total_with_unemployment_reserve_persons"":""persons"",""foreign_labor_stock_need_persons"":""persons"",""labor_demand_required_persons"":""persons"",""recommended_annual_quota_persons"":""persons"",""unemployment_reserve_sector_allocated_persons"":""persons""}",scripts/build_labor_migration_artifacts.py,scripts/build_labor_migration_artifacts.py,calculated_v5_sector_year_sum,bed04356e8a570a2911dde917ab538bd3dd43ad84aa6d09cf900456bb3680985,3e99ca5c89ce00f81d6ab3b8257918bb4220dadeeb032a998c5714900918356a
OKVED_R,R,"Деятельность в области культуры, спорта, организации досуга и развлечений",2025,424.01949498029535,424.01949498029535,424.01949498029535,1206891.3679579329,1292117.4603200634,81572.4144713147,foreign_labor_migration_v5_sector_year,Foreign labor migration/docs/data/region_sector_forecast.csv,2026-05-27T13:57:22+00:00,2025,"{""cumulative_recommended_quota_persons"":424.01949498029535,""domestic_sector_supply_total_with_unemployment_reserve_persons"":1292117.4603200634,""foreign_labor_stock_need_persons"":424.01949498029535,""labor_demand_required_persons"":1206891.3679579329,""recommended_annual_quota_persons"":424.01949498029535,""unemployment_reserve_sector_allocated_persons"":81572.4144713147}","{""cumulative_recommended_quota_persons"":""persons"",""domestic_sector_supply_total_with_unemployment_reserve_persons"":""persons"",""foreign_labor_stock_need_persons"":""persons"",""labor_demand_required_persons"":""persons"",""recommended_annual_quota_persons"":""persons"",""unemployment_reserve_sector_allocated_persons"":""persons""}",scripts/build_labor_migration_artifacts.py,scripts/build_labor_migration_artifacts.py,calculated_v5_sector_year_sum,bed04356e8a570a2911dde917ab538bd3dd43ad84aa6d09cf900456bb3680985,2573e7a2b4a337ced415f5c712b37809416bc535249d2bf20716d5c8c3759ae7
OKVED_S,S,Предоставление прочих видов услуг,2025,432.61726157004114,432.61726157004114,432.61726157004114,1779196.1001204464,1868482.5612113916,81572.4144713147,foreign_labor_migration_v5_sector_year,Foreign labor migration/docs/data/region_sector_forecast.csv,2026-05-27T13:57:22+00:00,2025,"{""cumulative_recommended_quota_persons"":432.61726157004114,""domestic_sector_supply_total_with_unemployment_reserve_persons"":1868482.5612113916,""foreign_labor_stock_need_persons"":432.61726157004114,""labor_demand_required_persons"":1779196.1001204464,""recommended_annual_quota_persons"":432.61726157004114,""unemployment_reserve_sector_allocated_persons"":81572.4144713147}","{""cumulative_recommended_quota_persons"":""persons"",""domestic_sector_supply_total_with_unemployment_reserve_persons"":""persons"",""foreign_labor_stock_need_persons"":""persons"",""labor_demand_required_persons"":""persons"",""recommended_annual_quota_persons"":""persons"",""unemployment_reserve_sector_allocated_persons"":""persons""}",scripts/build_labor_migration_artifacts.py,scripts/build_labor_migration_artifacts.py,calculated_v5_sector_year_sum,bed04356e8a570a2911dde917ab538bd3dd43ad84aa6d09cf900456bb3680985,5f8a10fdaa6ac264f0ad96b2c7435ddacf3a12bc0c32099d4a8051f581ba4368
OKVED_T,T,Деятельность домашних хозяйств как работодателей; недифференцированная деятельность частных домашних хозяйств по производству товаров и оказанию услуг для собственного потребления,2025,0.0,0.0,0.0,64208.09061749831,131122.52249707523,66628.57725455114,foreign_labor_migration_v5_sector_year,Foreign labor migration/docs/data/region_sector_forecast.csv,2026-05-27T13:57:22+00:00,2025,"{""cumulative_recommended_quota_persons"":0,""domestic_sector_supply_total_with_unemployment_reserve_persons"":131122.52249707523,""foreign_labor_stock_need_persons"":0,""labor_demand_required_persons"":64208.09061749831,""recommended_annual_quota_persons"":0,""unemployment_reserve_sector_allocated_persons"":66628.57725455114}","{""cumulative_recommended_quota_persons"":""persons"",""domestic_sector_supply_total_with_unemployment_reserve_persons"":""persons"",""foreign_labor_stock_need_persons"":""persons"",""labor_demand_required_persons"":""persons"",""recommended_annual_quota_persons"":""persons"",""unemployment_reserve_sector_allocated_persons"":""persons""}",scripts/build_labor_migration_artifacts.py,scripts/build_labor_migration_artifacts.py,calculated_v5_sector_year_sum,bed04356e8a570a2911dde917ab538bd3dd43ad84aa6d09cf900456bb3680985,b56f463c05a45ec03369f7631a946d9ef5fb9ad75b138d53e8247504e984111a
OKVED_A,A,"Сельское, лесное хозяйство, охота, рыболовство и рыбоводство",2026,26137.858138509288,49723.004747537634,49723.004747537634,4293800.17046328,4352124.042731797,81599.56636645373,foreign_labor_migration_v5_sector_year,Foreign labor migration/docs/data/region_sector_forecast.csv,2026-05-27T13:57:22+00:00,2026,"{""cumulative_recommended_quota_persons"":49723.004747537634,""domestic_sector_supply_total_with_unemployment_reserve_persons"":4352124.042731797,""foreign_labor_stock_need_persons"":49723.004747537634,""labor_demand_required_persons"":4293800.17046328,""recommended_annual_quota_persons"":26137.858138509288,""unemployment_reserve_sector_allocated_persons"":81599.56636645373}","{""cumulative_recommended_quota_persons"":""persons"",""domestic_sector_supply_total_with_unemployment_reserve_persons"":""persons"",""foreign_labor_stock_need_persons"":""persons"",""labor_demand_required_persons"":""persons"",""recommended_annual_quota_persons"":""persons"",""unemployment_reserve_sector_allocated_persons"":""persons""}",scripts/build_labor_migration_artifacts.py,scripts/build_labor_migration_artifacts.py,calculated_v5_sector_year_sum,bed04356e8a570a2911dde917ab538bd3dd43ad84aa6d09cf900456bb3680985,dd57e3cf19c0987e01acc8828f5928a836dfecda5a4f021ecbffc8d1a8bd07b7
OKVED_B,B,Добыча полезных ископаемых,2026,13647.025895165541,39145.40639336728,39145.40639336728,1314592.4607826576,1355264.5271803814,81599.56636645373,foreign_labor_migration_v5_sector_year,Foreign labor migration/docs/data/region_sector_forecast.csv,2026-05-27T13:57:22+00:00,2026,"{""cumulative_recommended_quota_persons"":39145.40639336728,""domestic_sector_supply_total_with_unemployment_reserve_persons"":1355264.5271803814,""foreign_labor_stock_need_persons"":39145.40639336728,""labor_demand_required_persons"":1314592.4607826576,""recommended_annual_quota_persons"":13647.025895165541,""unemployment_reserve_sector_allocated_persons"":81599.56636645373}","{""cumulative_recommended_quota_persons"":""persons"",""domestic_sector_supply_total_with_unemployment_reserve_persons"":""persons"",""foreign_labor_stock_need_persons"":""persons"",""labor_demand_required_persons"":""persons"",""recommended_annual_quota_persons"":""persons"",""unemployment_reserve_sector_allocated_persons"":""persons""}",scripts/build_labor_migration_artifacts.py,scripts/build_labor_migration_artifacts.py,calculated_v5_sector_year_sum,bed04356e8a570a2911dde917ab538bd3dd43ad84aa6d09cf900456bb3680985,562bf8e9253c321d76b881051fd8e09ff7c22c6d54f16eb34178af9bbddb2f89
OKVED_C,C,Обрабатывающие производства,2026,55364.76713026065,116141.51237968147,116146.74421668053,10307654.090743566,10394325.525821092,81599.56636645373,foreign_labor_migration_v5_sector_year,Foreign labor migration/docs/data/region_sector_forecast.csv,2026-05-27T13:57:22+00:00,2026,"{""cumulative_recommended_quota_persons"":116146.74421668053,""domestic_sector_supply_total_with_unemployment_reserve_persons"":10394325.525821092,""foreign_labor_stock_need_persons"":116141.51237968147,""labor_demand_required_persons"":10307654.090743566,""recommended_annual_quota_persons"":55364.76713026065,""unemployment_reserve_sector_allocated_persons"":81599.56636645373}","{""cumulative_recommended_quota_persons"":""persons"",""domestic_sector_supply_total_with_unemployment_reserve_persons"":""persons"",""foreign_labor_stock_need_persons"":""persons"",""labor_demand_required_persons"":""persons"",""recommended_annual_quota_persons"":""persons"",""unemployment_reserve_sector_allocated_persons"":""persons""}",scripts/build_labor_migration_artifacts.py,scripts/build_labor_migration_artifacts.py,calculated_v5_sector_year_sum,bed04356e8a570a2911dde917ab538bd3dd43ad84aa6d09cf900456bb3680985,74fc34c6dc10df31f81ceaee54fb822fde188fed17bdc52dd18b6522428ed28c
OKVED_D,D,"Обеспечение электрической энергией, газом и паром; кондиционирование воздуха",2026,5293.9057361492205,9280.484812825765,9280.484812825765,1527513.3088629064,1599011.7648689349,81599.56636645373,foreign_labor_migration_v5_sector_year,Foreign labor migration/docs/data/region_sector_forecast.csv,2026-05-27T13:57:22+00:00,2026,"{""cumulative_recommended_quota_persons"":9280.484812825765,""domestic_sector_supply_total_with_unemployment_reserve_persons"":1599011.7648689349,""foreign_labor_stock_need_persons"":9280.484812825765,""labor_demand_required_persons"":1527513.3088629064,""recommended_annual_quota_persons"":5293.9057361492205,""unemployment_reserve_sector_allocated_persons"":81599.56636645373}","{""cumulative_recommended_quota_persons"":""persons"",""domestic_sector_supply_total_with_unemployment_reserve_persons"":""persons"",""foreign_labor_stock_need_persons"":""persons"",""labor_demand_required_persons"":""persons"",""recommended_annual_quota_persons"":""persons"",""unemployment_reserve_sector_allocated_persons"":""persons""}",scripts/build_labor_migration_artifacts.py,scripts/build_labor_migration_artifacts.py,calculated_v5_sector_year_sum,bed04356e8a570a2911dde917ab538bd3dd43ad84aa6d09cf900456bb3680985,d84b56e816fa952fcf6806f6e14bbe17b42cf5424c7568d2012f32d796a2360c
OKVED_E,E,"Водоснабжение; водоотведение, организация сбора и утилизации отходов, деятельность по ликвидации загрязнений",2026,0.0,85.08107977459872,86.89405861351293,673892.6505505729,753250.8394835246,81599.56636645373,foreign_labor_migration_v5_sector_year,Foreign labor migration/docs/data/region_sector_forecast.csv,2026-05-27T13:57:22+00:00,2026,"{""cumulative_recommended_quota_persons"":86.89405861351293,""domestic_sector_supply_total_with_unemployment_reserve_persons"":753250.8394835246,""foreign_labor_stock_need_persons"":85.08107977459872,""labor_demand_required_persons"":673892.6505505729,""recommended_annual_quota_persons"":0,""unemployment_reserve_sector_allocated_persons"":81599.56636645373}","{""cumulative_recommended_quota_persons"":""persons"",""domestic_sector_supply_total_with_unemployment_reserve_persons"":""persons"",""foreign_labor_stock_need_persons"":""persons"",""labor_demand_required_persons"":""persons"",""recommended_annual_quota_persons"":""persons"",""unemployment_reserve_sector_allocated_persons"":""persons""}",scripts/build_labor_migration_artifacts.py,scripts/build_labor_migration_artifacts.py,calculated_v5_sector_year_sum,bed04356e8a570a2911dde917ab538bd3dd43ad84aa6d09cf900456bb3680985,c151b8d5bc4d7b8012dcbe3d51a38e156e956b96bd5d6139e5e055b1e96270fe
OKVED_F,F,Строительство,2026,33774.83382259411,69393.48122727431,69393.48122727431,6717454.547786795,6808543.819626156,81599.56636645373,foreign_labor_migration_v5_sector_year,Foreign labor migration/docs/data/region_sector_forecast.csv,2026-05-27T13:57:22+00:00,2026,"{""cumulative_recommended_quota_persons"":69393.48122727431,""domestic_sector_supply_total_with_unemployment_reserve_persons"":6808543.819626156,""foreign_labor_stock_need_persons"":69393.48122727431,""labor_demand_required_persons"":6717454.547786795,""recommended_annual_quota_persons"":33774.83382259411,""unemployment_reserve_sector_allocated_persons"":81599.56636645373}","{""cumulative_recommended_quota_persons"":""persons"",""domestic_sector_supply_total_with_unemployment_reserve_persons"":""persons"",""foreign_labor_stock_need_persons"":""persons"",""labor_demand_required_persons"":""persons"",""recommended_annual_quota_persons"":""persons"",""unemployment_reserve_sector_allocated_persons"":""persons""}",scripts/build_labor_migration_artifacts.py,scripts/build_labor_migration_artifacts.py,calculated_v5_sector_year_sum,bed04356e8a570a2911dde917ab538bd3dd43ad84aa6d09cf900456bb3680985,804facf5188b0bd3a6f51355acc3f19b34135ddfffa5ddd05462a47dc05c4db1
OKVED_G,G,Торговля оптовая и розничная; ремонт автотранспортных средств и мотоциклов,2026,76952.64610006311,166102.80630083053,166102.80630083053,13434262.296990348,13521284.046703182,81599.56636645373,foreign_labor_migration_v5_sector_year,Foreign labor migration/docs/data/region_sector_forecast.csv,2026-05-27T13:57:22+00:00,2026,"{""cumulative_recommended_quota_persons"":166102.80630083053,""domestic_sector_supply_total_with_unemployment_reserve_persons"":13521284.046703182,""foreign_labor_stock_need_persons"":166102.80630083053,""labor_demand_required_persons"":13434262.296990348,""recommended_annual_quota_persons"":76952.64610006311,""unemployment_reserve_sector_allocated_persons"":81599.56636645373}","{""cumulative_recommended_quota_persons"":""persons"",""domestic_sector_supply_total_with_unemployment_reserve_persons"":""persons"",""foreign_labor_stock_need_persons"":""persons"",""labor_demand_required_persons"":""persons"",""recommended_annual_quota_persons"":""persons"",""unemployment_reserve_sector_allocated_persons"":""persons""}",scripts/build_labor_migration_artifacts.py,scripts/build_labor_migration_artifacts.py,calculated_v5_sector_year_sum,bed04356e8a570a2911dde917ab538bd3dd43ad84aa6d09cf900456bb3680985,7dbe4934ffce086677f5f3159dcacd6194916ab2a625878553bd3e5d3af61a63
OKVED_H,H,Транспортировка и хранение,2026,33109.689899083576,64902.625879010404,64902.625879010404,5933063.615532772,6008952.1496291505,81599.56636645373,foreign_labor_migration_v5_sector_year,Foreign labor migration/docs/data/region_sector_forecast.csv,2026-05-27T13:57:22+00:00,2026,"{""cumulative_recommended_quota_persons"":64902.625879010404,""domestic_sector_supply_total_with_unemployment_reserve_persons"":6008952.1496291505,""foreign_labor_stock_need_persons"":64902.625879010404,""labor_demand_required_persons"":5933063.615532772,""recommended_annual_quota_persons"":33109.689899083576,""unemployment_reserve_sector_allocated_persons"":81599.56636645373}","{""cumulative_recommended_quota_persons"":""persons"",""domestic_sector_supply_total_with_unemployment_reserve_persons"":""persons"",""foreign_labor_stock_need_persons"":""persons"",""labor_demand_required_persons"":""persons"",""recommended_annual_quota_persons"":""persons"",""unemployment_reserve_sector_allocated_persons"":""persons""}",scripts/build_labor_migration_artifacts.py,scripts/build_labor_migration_artifacts.py,calculated_v5_sector_year_sum,bed04356e8a570a2911dde917ab538bd3dd43ad84aa6d09cf900456bb3680985,e2785d90ac3ff27ee6f9da461233a32e48616400cf24f7e477c35a12ec73672b
OKVED_I,I,Деятельность гостиниц и предприятий общественного питания,2026,4718.191681000254,6919.270675955543,6919.270675955543,2073125.969178567,2156062.4691719995,81599.56636645373,foreign_labor_migration_v5_sector_year,Foreign labor migration/docs/data/region_sector_forecast.csv,2026-05-27T13:57:22+00:00,2026,"{""cumulative_recommended_quota_persons"":6919.270675955543,""domestic_sector_supply_total_with_unemployment_reserve_persons"":2156062.4691719995,""foreign_labor_stock_need_persons"":6919.270675955543,""labor_demand_required_persons"":2073125.969178567,""recommended_annual_quota_persons"":4718.191681000254,""unemployment_reserve_sector_allocated_persons"":81599.56636645373}","{""cumulative_recommended_quota_persons"":""persons"",""domestic_sector_supply_total_with_unemployment_reserve_persons"":""persons"",""foreign_labor_stock_need_persons"":""persons"",""labor_demand_required_persons"":""persons"",""recommended_annual_quota_persons"":""persons"",""unemployment_reserve_sector_allocated_persons"":""persons""}",scripts/build_labor_migration_artifacts.py,scripts/build_labor_migration_artifacts.py,calculated_v5_sector_year_sum,bed04356e8a570a2911dde917ab538bd3dd43ad84aa6d09cf900456bb3680985,c7cbf608c951d97ce3fefe7fe0242753a2322545be5e7e9c6d1824e38ddedeb1
OKVED_J,J,Деятельность в области информации и связи,2026,449.4397796381139,1073.5128163564734,1073.5128163564734,1861173.3470697238,1958709.28319676,81599.56636645373,foreign_labor_migration_v5_sector_year,Foreign labor migration/docs/data/region_sector_forecast.csv,2026-05-27T13:57:22+00:00,2026,"{""cumulative_recommended_quota_persons"":1073.5128163564734,""domestic_sector_supply_total_with_unemployment_reserve_persons"":1958709.28319676,""foreign_labor_stock_need_persons"":1073.5128163564734,""labor_demand_required_persons"":1861173.3470697238,""recommended_annual_quota_persons"":449.4397796381139,""unemployment_reserve_sector_allocated_persons"":81599.56636645373}","{""cumulative_recommended_quota_persons"":""persons"",""domestic_sector_supply_total_with_unemployment_reserve_persons"":""persons"",""foreign_labor_stock_need_persons"":""persons"",""labor_demand_required_persons"":""persons"",""recommended_annual_quota_persons"":""persons"",""unemployment_reserve_sector_allocated_persons"":""persons""}",scripts/build_labor_migration_artifacts.py,scripts/build_labor_migration_artifacts.py,calculated_v5_sector_year_sum,bed04356e8a570a2911dde917ab538bd3dd43ad84aa6d09cf900456bb3680985,87fc99a95a5fbea997c530c3d3fa99c5e91915ed323dc82a407efcd6f25b6e92
OKVED_K,K,Деятельность финансовая и страховая,2026,93.88312866384148,229.24924490305784,229.24924490305784,1268716.5864686994,1358670.194774104,81599.56636645373,foreign_labor_migration_v5_sector_year,Foreign labor migration/docs/data/region_sector_forecast.csv,2026-05-27T13:57:22+00:00,2026,"{""cumulative_recommended_quota_persons"":229.24924490305784,""domestic_sector_supply_total_with_unemployment_reserve_persons"":1358670.194774104,""foreign_labor_stock_need_persons"":229.24924490305784,""labor_demand_required_persons"":1268716.5864686994,""recommended_annual_quota_persons"":93.88312866384148,""unemployment_reserve_sector_allocated_persons"":81599.56636645373}","{""cumulative_recommended_quota_persons"":""persons"",""domestic_sector_supply_total_with_unemployment_reserve_persons"":""persons"",""foreign_labor_stock_need_persons"":""persons"",""labor_demand_required_persons"":""persons"",""recommended_annual_quota_persons"":""persons"",""unemployment_reserve_sector_allocated_persons"":""persons""}",scripts/build_labor_migration_artifacts.py,scripts/build_labor_migration_artifacts.py,calculated_v5_sector_year_sum,bed04356e8a570a2911dde917ab538bd3dd43ad84aa6d09cf900456bb3680985,352c75f51a2f7bd771d7659cbb2b95d2d39d8d951835fbf8e41b3e78a42b8237
OKVED_L,L,Деятельность по операциям с недвижимым имуществом,2026,3996.670927096272,5340.480617563638,5340.480617563638,1951453.2048566334,2037957.4383515208,81599.56636645373,foreign_labor_migration_v5_sector_year,Foreign labor migration/docs/data/region_sector_forecast.csv,2026-05-27T13:57:22+00:00,2026,"{""cumulative_recommended_quota_persons"":5340.480617563638,""domestic_sector_supply_total_with_unemployment_reserve_persons"":2037957.4383515208,""foreign_labor_stock_need_persons"":5340.480617563638,""labor_demand_required_persons"":1951453.2048566334,""recommended_annual_quota_persons"":3996.670927096272,""unemployment_reserve_sector_allocated_persons"":81599.56636645373}","{""cumulative_recommended_quota_persons"":""persons"",""domestic_sector_supply_total_with_unemployment_reserve_persons"":""persons"",""foreign_labor_stock_need_persons"":""persons"",""labor_demand_required_persons"":""persons"",""recommended_annual_quota_persons"":""persons"",""unemployment_reserve_sector_allocated_persons"":""persons""}",scripts/build_labor_migration_artifacts.py,scripts/build_labor_migration_artifacts.py,calculated_v5_sector_year_sum,bed04356e8a570a2911dde917ab538bd3dd43ad84aa6d09cf900456bb3680985,49411270f929fbdf400900d443c258a0f49bb8ecb29c080027f2e2d0a078bd98
OKVED_M,M,"Деятельность профессиональная, научная и техническая",2026,7115.924530518923,9589.907412982979,9592.184100961931,2907260.5063590016,3007298.8376212185,81599.56636645373,foreign_labor_migration_v5_sector_year,Foreign labor migration/docs/data/region_sector_forecast.csv,2026-05-27T13:57:22+00:00,2026,"{""cumulative_recommended_quota_persons"":9592.184100961931,""domestic_sector_supply_total_with_unemployment_reserve_persons"":3007298.8376212185,""foreign_labor_stock_need_persons"":9589.907412982979,""labor_demand_required_persons"":2907260.5063590016,""recommended_annual_quota_persons"":7115.924530518923,""unemployment_reserve_sector_allocated_persons"":81599.56636645373}","{""cumulative_recommended_quota_persons"":""persons"",""domestic_sector_supply_total_with_unemployment_reserve_persons"":""persons"",""foreign_labor_stock_need_persons"":""persons"",""labor_demand_required_persons"":""persons"",""recommended_annual_quota_persons"":""persons"",""unemployment_reserve_sector_allocated_persons"":""persons""}",scripts/build_labor_migration_artifacts.py,scripts/build_labor_migration_artifacts.py,calculated_v5_sector_year_sum,bed04356e8a570a2911dde917ab538bd3dd43ad84aa6d09cf900456bb3680985,659731c68cdb4d35b125acc09130cb9a571918aaacf0b15b043dc56435f42827
OKVED_N,N,Деятельность административная и сопутствующие дополнительные услуги,2026,7189.792912143832,10716.514407624163,10716.514407624163,2335823.070841427,2422714.681398989,81599.56636645373,foreign_labor_migration_v5_sector_year,Foreign labor migration/docs/data/region_sector_forecast.csv,2026-05-27T13:57:22+00:00,2026,"{""cumulative_recommended_quota_persons"":10716.514407624163,""domestic_sector_supply_total_with_unemployment_reserve_persons"":2422714.681398989,""foreign_labor_stock_need_persons"":10716.514407624163,""labor_demand_required_persons"":2335823.070841427,""recommended_annual_quota_persons"":7189.792912143832,""unemployment_reserve_sector_allocated_persons"":81599.56636645373}","{""cumulative_recommended_quota_persons"":""persons"",""domestic_sector_supply_total_with_unemployment_reserve_persons"":""persons"",""foreign_labor_stock_need_persons"":""persons"",""labor_demand_required_persons"":""persons"",""recommended_annual_quota_persons"":""persons"",""unemployment_reserve_sector_allocated_persons"":""persons""}",scripts/build_labor_migration_artifacts.py,scripts/build_labor_migration_artifacts.py,calculated_v5_sector_year_sum,bed04356e8a570a2911dde917ab538bd3dd43ad84aa6d09cf900456bb3680985,2666cc06110535ce2682788533e39bafede0ecd8ff1efbada6092edcca41a4b9
OKVED_O,O,Государственное управление и обеспечение военной безопасности; социальное обеспечение,2026,19019.751562018144,33396.642351822295,33396.642351822295,3411764.828148858,3480807.202369141,81599.56636645373,foreign_labor_migration_v5_sector_year,Foreign labor migration/docs/data/region_sector_forecast.csv,2026-05-27T13:57:22+00:00,2026,"{""cumulative_recommended_quota_persons"":33396.642351822295,""domestic_sector_supply_total_with_unemployment_reserve_persons"":3480807.202369141,""foreign_labor_stock_need_persons"":33396.642351822295,""labor_demand_required_persons"":3411764.828148858,""recommended_annual_quota_persons"":19019.751562018144,""unemployment_reserve_sector_allocated_persons"":81599.56636645373}","{""cumulative_recommended_quota_persons"":""persons"",""domestic_sector_supply_total_with_unemployment_reserve_persons"":""persons"",""foreign_labor_stock_need_persons"":""persons"",""labor_demand_required_persons"":""persons"",""recommended_annual_quota_persons"":""persons"",""unemployment_reserve_sector_allocated_persons"":""persons""}",scripts/build_labor_migration_artifacts.py,scripts/build_labor_migration_artifacts.py,calculated_v5_sector_year_sum,bed04356e8a570a2911dde917ab538bd3dd43ad84aa6d09cf900456bb3680985,35484fa27e167eb3a24ef8b4ee68033ece4351e10fbd9af9d77dc769f3a7abab
OKVED_P,P,Образование,2026,30463.308261434668,56589.958808371,56589.958808371,5386838.01073931,5462163.623174181,81599.56636645373,foreign_labor_migration_v5_sector_year,Foreign labor migration/docs/data/region_sector_forecast.csv,2026-05-27T13:57:22+00:00,2026,"{""cumulative_recommended_quota_persons"":56589.958808371,""domestic_sector_supply_total_with_unemployment_reserve_persons"":5462163.623174181,""foreign_labor_stock_need_persons"":56589.958808371,""labor_demand_required_persons"":5386838.01073931,""recommended_annual_quota_persons"":30463.308261434668,""unemployment_reserve_sector_allocated_persons"":81599.56636645373}","{""cumulative_recommended_quota_persons"":""persons"",""domestic_sector_supply_total_with_unemployment_reserve_persons"":""persons"",""foreign_labor_stock_need_persons"":""persons"",""labor_demand_required_persons"":""persons"",""recommended_annual_quota_persons"":""persons"",""unemployment_reserve_sector_allocated_persons"":""persons""}",scripts/build_labor_migration_artifacts.py,scripts/build_labor_migration_artifacts.py,calculated_v5_sector_year_sum,bed04356e8a570a2911dde917ab538bd3dd43ad84aa6d09cf900456bb3680985,6904883ab715f0e95c89981fed6b5a9662d45fe0144ba1b6831f9554f49387df
OKVED_Q,Q,Деятельность в области здравоохранения и социальных услуг,2026,25574.69534195119,45326.722775731745,45326.722775731745,4543596.22490272,4614158.879023474,81599.56636645373,foreign_labor_migration_v5_sector_year,Foreign labor migration/docs/data/region_sector_forecast.csv,2026-05-27T13:57:22+00:00,2026,"{""cumulative_recommended_quota_persons"":45326.722775731745,""domestic_sector_supply_total_with_unemployment_reserve_persons"":4614158.879023474,""foreign_labor_stock_need_persons"":45326.722775731745,""labor_demand_required_persons"":4543596.22490272,""recommended_annual_quota_persons"":25574.69534195119,""unemployment_reserve_sector_allocated_persons"":81599.56636645373}","{""cumulative_recommended_quota_persons"":""persons"",""domestic_sector_supply_total_with_unemployment_reserve_persons"":""persons"",""foreign_labor_stock_need_persons"":""persons"",""labor_demand_required_persons"":""persons"",""recommended_annual_quota_persons"":""persons"",""unemployment_reserve_sector_allocated_persons"":""persons""}",scripts/build_labor_migration_artifacts.py,scripts/build_labor_migration_artifacts.py,calculated_v5_sector_year_sum,bed04356e8a570a2911dde917ab538bd3dd43ad84aa6d09cf900456bb3680985,6b5e8a2ac339eaaeb88d53a392008a2b8b59d2d96362cc716b9be58ca6746d92
OKVED_R,R,"Деятельность в области культуры, спорта, организации досуга и развлечений",2026,1159.4911022160913,1583.5105971963867,1583.5105971963867,1208042.772237509,1290960.8509288076,81599.56636645373,foreign_labor_migration_v5_sector_year,Foreign labor migration/docs/data/region_sector_forecast.csv,2026-05-27T13:57:22+00:00,2026,"{""cumulative_recommended_quota_persons"":1583.5105971963867,""domestic_sector_supply_total_with_unemployment_reserve_persons"":1290960.8509288076,""foreign_labor_stock_need_persons"":1583.5105971963867,""labor_demand_required_persons"":1208042.772237509,""recommended_annual_quota_persons"":1159.4911022160913,""unemployment_reserve_sector_allocated_persons"":81599.56636645373}","{""cumulative_recommended_quota_persons"":""persons"",""domestic_sector_supply_total_with_unemployment_reserve_persons"":""persons"",""foreign_labor_stock_need_persons"":""persons"",""labor_demand_required_persons"":""persons"",""recommended_annual_quota_persons"":""persons"",""unemployment_reserve_sector_allocated_persons"":""persons""}",scripts/build_labor_migration_artifacts.py,scripts/build_labor_migration_artifacts.py,calculated_v5_sector_year_sum,bed04356e8a570a2911dde917ab538bd3dd43ad84aa6d09cf900456bb3680985,63f7b4302a96d3a227d7734f5eed21774d7c30bdbff88e5a03bcd8d56a28fde0
OKVED_S,S,Предоставление прочих видов услуг,2026,2441.901181933963,2874.518443504004,2874.518443504004,1783681.7379997342,1870292.1874598723,81599.56636645373,foreign_labor_migration_v5_sector_year,Foreign labor migration/docs/data/region_sector_forecast.csv,2026-05-27T13:57:22+00:00,2026,"{""cumulative_recommended_quota_persons"":2874.518443504004,""domestic_sector_supply_total_with_unemployment_reserve_persons"":1870292.1874598723,""foreign_labor_stock_need_persons"":2874.518443504004,""labor_demand_required_persons"":1783681.7379997342,""recommended_annual_quota_persons"":2441.901181933963,""unemployment_reserve_sector_allocated_persons"":81599.56636645373}","{""cumulative_recommended_quota_persons"":""persons"",""domestic_sector_supply_total_with_unemployment_reserve_persons"":""persons"",""foreign_labor_stock_need_persons"":""persons"",""labor_demand_required_persons"":""persons"",""recommended_annual_quota_persons"":""persons"",""unemployment_reserve_sector_allocated_persons"":""persons""}",scripts/build_labor_migration_artifacts.py,scripts/build_labor_migration_artifacts.py,calculated_v5_sector_year_sum,bed04356e8a570a2911dde917ab538bd3dd43ad84aa6d09cf900456bb3680985,50bc330384487f7b6bb61df6db8d69eb6994ec08161a6d287894343021b7814c
OKVED_T,T,Деятельность домашних хозяйств как работодателей; недифференцированная деятельность частных домашних хозяйств по производству товаров и оказанию услуг для собственного потребления,2026,0.0,0.0,0.0,64357.034341608356,130944.63929445151,66682.52278518517,foreign_labor_migration_v5_sector_year,Foreign labor migration/docs/data/region_sector_forecast.csv,2026-05-27T13:57:22+00:00,2026,"{""cumulative_recommended_quota_persons"":0,""domestic_sector_supply_total_with_unemployment_reserve_persons"":130944.63929445151,""foreign_labor_stock_need_persons"":0,""labor_demand_required_persons"":64357.034341608356,""recommended_annual_quota_persons"":0,""unemployment_reserve_sector_allocated_persons"":66682.52278518517}","{""cumulative_recommended_quota_persons"":""persons"",""domestic_sector_supply_total_with_unemployment_reserve_persons"":""persons"",""foreign_labor_stock_need_persons"":""persons"",""labor_demand_required_persons"":""persons"",""recommended_annual_quota_persons"":""persons"",""unemployment_reserve_sector_allocated_persons"":""persons""}",scripts/build_labor_migration_artifacts.py,scripts/build_labor_migration_artifacts.py,calculated_v5_sector_year_sum,bed04356e8a570a2911dde917ab538bd3dd43ad84aa6d09cf900456bb3680985,b35531eb9fb1d736c0bc08999c829ad8f17d9f703b1fc852b10d7bc12e3e2d8a
OKVED_A,A,"Сельское, лесное хозяйство, охота, рыболовство и рыбоводство",2027,22484.485653921347,72207.49040145898,72207.49040145898,4298841.27618356,4344024.888427703,81683.12665876307,foreign_labor_migration_v5_sector_year,Foreign labor migration/docs/data/region_sector_forecast.csv,2026-05-27T13:57:22+00:00,2027,"{""cumulative_recommended_quota_persons"":72207.49040145898,""domestic_sector_supply_total_with_unemployment_reserve_persons"":4344024.888427703,""foreign_labor_stock_need_persons"":72207.49040145898,""labor_demand_required_persons"":4298841.27618356,""recommended_annual_quota_persons"":22484.485653921347,""unemployment_reserve_sector_allocated_persons"":81683.12665876307}","{""cumulative_recommended_quota_persons"":""persons"",""domestic_sector_supply_total_with_unemployment_reserve_persons"":""persons"",""foreign_labor_stock_need_persons"":""persons"",""labor_demand_required_persons"":""persons"",""recommended_annual_quota_persons"":""persons"",""unemployment_reserve_sector_allocated_persons"":""persons""}",scripts/build_labor_migration_artifacts.py,scripts/build_labor_migration_artifacts.py,calculated_v5_sector_year_sum,bed04356e8a570a2911dde917ab538bd3dd43ad84aa6d09cf900456bb3680985,f5e05f2ca4d712c88c9dd47167066c003eb1bfa3a8d5ea85b5aa69ba9bf041a7
OKVED_B,B,Добыча полезных ископаемых,2027,12574.42875160622,51719.835144973506,51719.835144973506,1354211.5503938303,1382525.388578265,81683.12665876307,foreign_labor_migration_v5_sector_year,Foreign labor migration/docs/data/region_sector_forecast.csv,2026-05-27T13:57:22+00:00,2027,"{""cumulative_recommended_quota_persons"":51719.835144973506,""domestic_sector_supply_total_with_unemployment_reserve_persons"":1382525.388578265,""foreign_labor_stock_need_persons"":51719.835144973506,""labor_demand_required_persons"":1354211.5503938303,""recommended_annual_quota_persons"":12574.42875160622,""unemployment_reserve_sector_allocated_persons"":81683.12665876307}","{""cumulative_recommended_quota_persons"":""persons"",""domestic_sector_supply_total_with_unemployment_reserve_persons"":""persons"",""foreign_labor_stock_need_persons"":""persons"",""labor_demand_required_persons"":""persons"",""recommended_annual_quota_persons"":""persons"",""unemployment_reserve_sector_allocated_persons"":""persons""}",scripts/build_labor_migration_artifacts.py,scripts/build_labor_migration_artifacts.py,calculated_v5_sector_year_sum,bed04356e8a570a2911dde917ab538bd3dd43ad84aa6d09cf900456bb3680985,aa25e7ea2cf2c6a8be43b504a6fc1a9b3f048755fc36aff8119e87d6b8e09631
OKVED_C,C,Обрабатывающие производства,2027,45854.12350147844,161995.63588115992,162000.86771815896,10221163.523058953,10272187.241004094,81683.12665876307,foreign_labor_migration_v5_sector_year,Foreign labor migration/docs/data/region_sector_forecast.csv,2026-05-27T13:57:22+00:00,2027,"{""cumulative_recommended_quota_persons"":162000.86771815896,""domestic_sector_supply_total_with_unemployment_reserve_persons"":10272187.241004094,""foreign_labor_stock_need_persons"":161995.63588115992,""labor_demand_required_persons"":10221163.523058953,""recommended_annual_quota_persons"":45854.12350147844,""unemployment_reserve_sector_allocated_persons"":81683.12665876307}","{""cumulative_recommended_quota_persons"":""persons"",""domestic_sector_supply_total_with_unemployment_reserve_persons"":""persons"",""foreign_labor_stock_need_persons"":""persons"",""labor_demand_required_persons"":""persons"",""recommended_annual_quota_persons"":""persons"",""unemployment_reserve_sector_allocated_persons"":""persons""}",scripts/build_labor_migration_artifacts.py,scripts/build_labor_migration_artifacts.py,calculated_v5_sector_year_sum,bed04356e8a570a2911dde917ab538bd3dd43ad84aa6d09cf900456bb3680985,d45183604baccbfbae668a6ea7eeac3e0e28f0ff9130b2bab39eb0f72eae78b0
OKVED_D,D,"Обеспечение электрической энергией, газом и паром; кондиционирование воздуха",2027,6369.660321339309,15650.145134165075,15650.145134165075,1547658.0187946944,1612068.5796857253,81683.12665876307,foreign_labor_migration_v5_sector_year,Foreign labor migration/docs/data/region_sector_forecast.csv,2026-05-27T13:57:22+00:00,2027,"{""cumulative_recommended_quota_persons"":15650.145134165075,""domestic_sector_supply_total_with_unemployment_reserve_persons"":1612068.5796857253,""foreign_labor_stock_need_persons"":15650.145134165075,""labor_demand_required_persons"":1547658.0187946944,""recommended_annual_quota_persons"":6369.660321339309,""unemployment_reserve_sector_allocated_persons"":81683.12665876307}","{""cumulative_recommended_quota_persons"":""persons"",""domestic_sector_supply_total_with_unemployment_reserve_persons"":""persons"",""foreign_labor_stock_need_persons"":""persons"",""labor_demand_required_persons"":""persons"",""recommended_annual_quota_persons"":""persons"",""unemployment_reserve_sector_allocated_persons"":""persons""}",scripts/build_labor_migration_artifacts.py,scripts/build_labor_migration_artifacts.py,calculated_v5_sector_year_sum,bed04356e8a570a2911dde917ab538bd3dd43ad84aa6d09cf900456bb3680985,b41215d87ccc54f779fdf95ca066b245597d2835f7a951be23e8387c3cdf4040
OKVED_E,E,"Водоснабжение; водоотведение, организация сбора и утилизации отходов, деятельность по ликвидации загрязнений",2027,451.10230586725106,536.1833856418498,537.996364480764,671698.396296744,748206.8131129966,81683.12665876307,foreign_labor_migration_v5_sector_year,Foreign labor migration/docs/data/region_sector_forecast.csv,2026-05-27T13:57:22+00:00,2027,"{""cumulative_recommended_quota_persons"":537.996364480764,""domestic_sector_supply_total_with_unemployment_reserve_persons"":748206.8131129966,""foreign_labor_stock_need_persons"":536.1833856418498,""labor_demand_required_persons"":671698.396296744,""recommended_annual_quota_persons"":451.10230586725106,""unemployment_reserve_sector_allocated_persons"":81683.12665876307}","{""cumulative_recommended_quota_persons"":""persons"",""domestic_sector_supply_total_with_unemployment_reserve_persons"":""persons"",""foreign_labor_stock_need_persons"":""persons"",""labor_demand_required_persons"":""persons"",""recommended_annual_quota_persons"":""persons"",""unemployment_reserve_sector_allocated_persons"":""persons""}",scripts/build_labor_migration_artifacts.py,scripts/build_labor_migration_artifacts.py,calculated_v5_sector_year_sum,bed04356e8a570a2911dde917ab538bd3dd43ad84aa6d09cf900456bb3680985,af87ff35df5fef1cb23bd6dcd69d273df9fa16ff35f4f0aacd5d0eb6965da5a8
OKVED_F,F,Строительство,2027,28668.701057508802,98062.18228478312,98062.18228478312,6689865.934260141,6760946.356849405,81683.12665876307,foreign_labor_migration_v5_sector_year,Foreign labor migration/docs/data/region_sector_forecast.csv,2026-05-27T13:57:22+00:00,2027,"{""cumulative_recommended_quota_persons"":98062.18228478312,""domestic_sector_supply_total_with_unemployment_reserve_persons"":6760946.356849405,""foreign_labor_stock_need_persons"":98062.18228478312,""labor_demand_required_persons"":6689865.934260141,""recommended_annual_quota_persons"":28668.701057508802,""unemployment_reserve_sector_allocated_persons"":81683.12665876307}","{""cumulative_recommended_quota_persons"":""persons"",""domestic_sector_supply_total_with_unemployment_reserve_persons"":""persons"",""foreign_labor_stock_need_persons"":""persons"",""labor_demand_required_persons"":""persons"",""recommended_annual_quota_persons"":""persons"",""unemployment_reserve_sector_allocated_persons"":""persons""}",scripts/build_labor_migration_artifacts.py,scripts/build_labor_migration_artifacts.py,calculated_v5_sector_year_sum,bed04356e8a570a2911dde917ab538bd3dd43ad84aa6d09cf900456bb3680985,9b8b59f7987146576ecf6f0f62506f927dd5d1ec2dda65d42181f1b73a5ccbbf
OKVED_G,G,Торговля оптовая и розничная; ремонт автотранспортных средств и мотоциклов,2027,63032.64815581895,229135.4544566495,229135.4544566495,13464546.019033438,13503296.63612157,81683.12665876307,foreign_labor_migration_v5_sector_year,Foreign labor migration/docs/data/region_sector_forecast.csv,2026-05-27T13:57:22+00:00,2027,"{""cumulative_recommended_quota_persons"":229135.4544566495,""domestic_sector_supply_total_with_unemployment_reserve_persons"":13503296.63612157,""foreign_labor_stock_need_persons"":229135.4544566495,""labor_demand_required_persons"":13464546.019033438,""recommended_annual_quota_persons"":63032.64815581895,""unemployment_reserve_sector_allocated_persons"":81683.12665876307}","{""cumulative_recommended_quota_persons"":""persons"",""domestic_sector_supply_total_with_unemployment_reserve_persons"":""persons"",""foreign_labor_stock_need_persons"":""persons"",""labor_demand_required_persons"":""persons"",""recommended_annual_quota_persons"":""persons"",""unemployment_reserve_sector_allocated_persons"":""persons""}",scripts/build_labor_migration_artifacts.py,scripts/build_labor_migration_artifacts.py,calculated_v5_sector_year_sum,bed04356e8a570a2911dde917ab538bd3dd43ad84aa6d09cf900456bb3680985,dce2d5159aa0280f87d268155fb44adc9c2d1a375e4d8687ff0c534817be6798
OKVED_H,H,Транспортировка и хранение,2027,29560.418695100583,94463.04457411099,94463.04457411099,5964676.4295115685,6017055.869218885,81683.12665876307,foreign_labor_migration_v5_sector_year,Foreign labor migration/docs/data/region_sector_forecast.csv,2026-05-27T13:57:22+00:00,2027,"{""cumulative_recommended_quota_persons"":94463.04457411099,""domestic_sector_supply_total_with_unemployment_reserve_persons"":6017055.869218885,""foreign_labor_stock_need_persons"":94463.04457411099,""labor_demand_required_persons"":5964676.4295115685,""recommended_annual_quota_persons"":29560.418695100583,""unemployment_reserve_sector_allocated_persons"":81683.12665876307}","{""cumulative_recommended_quota_persons"":""persons"",""domestic_sector_supply_total_with_unemployment_reserve_persons"":""persons"",""foreign_labor_stock_need_persons"":""persons"",""labor_demand_required_persons"":""persons"",""recommended_annual_quota_persons"":""persons"",""unemployment_reserve_sector_allocated_persons"":""persons""}",scripts/build_labor_migration_artifacts.py,scripts/build_labor_migration_artifacts.py,calculated_v5_sector_year_sum,bed04356e8a570a2911dde917ab538bd3dd43ad84aa6d09cf900456bb3680985,0e162b79a64ef803c92d39e19759a0f67b163bcab6962e13cb49b993f1b95d96
OKVED_I,I,Деятельность гостиниц и предприятий общественного питания,2027,6061.5639171260755,12980.834593081618,12980.834593081618,2070845.5815678646,2146814.9263247587,81683.12665876307,foreign_labor_migration_v5_sector_year,Foreign labor migration/docs/data/region_sector_forecast.csv,2026-05-27T13:57:22+00:00,2027,"{""cumulative_recommended_quota_persons"":12980.834593081618,""domestic_sector_supply_total_with_unemployment_reserve_persons"":2146814.9263247587,""foreign_labor_stock_need_persons"":12980.834593081618,""labor_demand_required_persons"":2070845.5815678646,""recommended_annual_quota_persons"":6061.5639171260755,""unemployment_reserve_sector_allocated_persons"":81683.12665876307}","{""cumulative_recommended_quota_persons"":""persons"",""domestic_sector_supply_total_with_unemployment_reserve_persons"":""persons"",""foreign_labor_stock_need_persons"":""persons"",""labor_demand_required_persons"":""persons"",""recommended_annual_quota_persons"":""persons"",""unemployment_reserve_sector_allocated_persons"":""persons""}",scripts/build_labor_migration_artifacts.py,scripts/build_labor_migration_artifacts.py,calculated_v5_sector_year_sum,bed04356e8a570a2911dde917ab538bd3dd43ad84aa6d09cf900456bb3680985,1e7f21b4e4f0c6ccdfb84e2766362f8b0c20dbd8fe25691cf797906aaf64f885
OKVED_J,J,Деятельность в области информации и связи,2027,1779.6195570053305,2853.1323733618037,2853.1323733618037,1852924.7373957892,1944715.9911642428,81683.12665876307,foreign_labor_migration_v5_sector_year,Foreign labor migration/docs/data/region_sector_forecast.csv,2026-05-27T13:57:22+00:00,2027,"{""cumulative_recommended_quota_persons"":2853.1323733618037,""domestic_sector_supply_total_with_unemployment_reserve_persons"":1944715.9911642428,""foreign_labor_stock_need_persons"":2853.1323733618037,""labor_demand_required_persons"":1852924.7373957892,""recommended_annual_quota_persons"":1779.6195570053305,""unemployment_reserve_sector_allocated_persons"":81683.12665876307}","{""cumulative_recommended_quota_persons"":""persons"",""domestic_sector_supply_total_with_unemployment_reserve_persons"":""persons"",""foreign_labor_stock_need_persons"":""persons"",""labor_demand_required_persons"":""persons"",""recommended_annual_quota_persons"":""persons"",""unemployment_reserve_sector_allocated_persons"":""persons""}",scripts/build_labor_migration_artifacts.py,scripts/build_labor_migration_artifacts.py,calculated_v5_sector_year_sum,bed04356e8a570a2911dde917ab538bd3dd43ad84aa6d09cf900456bb3680985,2d6457e1413f16a44dc198b5b1364201244e6d12ce046dc67502fd40970a35ad
OKVED_K,K,Деятельность финансовая и страховая,2027,763.5756414011585,992.8248863042163,992.8248863042163,1269899.3458744306,1355546.5131914578,81683.12665876307,foreign_labor_migration_v5_sector_year,Foreign labor migration/docs/data/region_sector_forecast.csv,2026-05-27T13:57:22+00:00,2027,"{""cumulative_recommended_quota_persons"":992.8248863042163,""domestic_sector_supply_total_with_unemployment_reserve_persons"":1355546.5131914578,""foreign_labor_stock_need_persons"":992.8248863042163,""labor_demand_required_persons"":1269899.3458744306,""recommended_annual_quota_persons"":763.5756414011585,""unemployment_reserve_sector_allocated_persons"":81683.12665876307}","{""cumulative_recommended_quota_persons"":""persons"",""domestic_sector_supply_total_with_unemployment_reserve_persons"":""persons"",""foreign_labor_stock_need_persons"":""persons"",""labor_demand_required_persons"":""persons"",""recommended_annual_quota_persons"":""persons"",""unemployment_reserve_sector_allocated_persons"":""persons""}",scripts/build_labor_migration_artifacts.py,scripts/build_labor_migration_artifacts.py,calculated_v5_sector_year_sum,bed04356e8a570a2911dde917ab538bd3dd43ad84aa6d09cf900456bb3680985,0e2ab1e9c5bad0d9973629da722be70d9f9153d0f56c3d9ab19330eb5aee2687
OKVED_L,L,Деятельность по операциям с недвижимым имуществом,2027,5354.249090874732,10694.729708438368,10694.729708438368,1967756.3880743105,2047089.1876400283,81683.12665876307,foreign_labor_migration_v5_sector_year,Foreign labor migration/docs/data/region_sector_forecast.csv,2026-05-27T13:57:22+00:00,2027,"{""cumulative_recommended_quota_persons"":10694.729708438368,""domestic_sector_supply_total_with_unemployment_reserve_persons"":2047089.1876400283,""foreign_labor_stock_need_persons"":10694.729708438368,""labor_demand_required_persons"":1967756.3880743105,""recommended_annual_quota_persons"":5354.249090874732,""unemployment_reserve_sector_allocated_persons"":81683.12665876307}","{""cumulative_recommended_quota_persons"":""persons"",""domestic_sector_supply_total_with_unemployment_reserve_persons"":""persons"",""foreign_labor_stock_need_persons"":""persons"",""labor_demand_required_persons"":""persons"",""recommended_annual_quota_persons"":""persons"",""unemployment_reserve_sector_allocated_persons"":""persons""}",scripts/build_labor_migration_artifacts.py,scripts/build_labor_migration_artifacts.py,calculated_v5_sector_year_sum,bed04356e8a570a2911dde917ab538bd3dd43ad84aa6d09cf900456bb3680985,dd661b7df32d77867eacc2d01dffb4218ecf2bdbfc8fffeefaa6b02b4b5320da
OKVED_M,M,"Деятельность профессиональная, научная и техническая",2027,7030.351485984009,16620.258898966986,16622.535586945938,2883775.045769245,2974094.4901231476,81683.12665876307,foreign_labor_migration_v5_sector_year,Foreign labor migration/docs/data/region_sector_forecast.csv,2026-05-27T13:57:22+00:00,2027,"{""cumulative_recommended_quota_persons"":16622.535586945938,""domestic_sector_supply_total_with_unemployment_reserve_persons"":2974094.4901231476,""foreign_labor_stock_need_persons"":16620.258898966986,""labor_demand_required_persons"":2883775.045769245,""recommended_annual_quota_persons"":7030.351485984009,""unemployment_reserve_sector_allocated_persons"":81683.12665876307}","{""cumulative_recommended_quota_persons"":""persons"",""domestic_sector_supply_total_with_unemployment_reserve_persons"":""persons"",""foreign_labor_stock_need_persons"":""persons"",""labor_demand_required_persons"":""persons"",""recommended_annual_quota_persons"":""persons"",""unemployment_reserve_sector_allocated_persons"":""persons""}",scripts/build_labor_migration_artifacts.py,scripts/build_labor_migration_artifacts.py,calculated_v5_sector_year_sum,bed04356e8a570a2911dde917ab538bd3dd43ad84aa6d09cf900456bb3680985,ffc9a53c977a5b94a0124d38324afbf248c5a273440146040e086ccaf8beab74
OKVED_N,N,Деятельность административная и сопутствующие дополнительные услуги,2027,8397.940122316539,19114.454529940704,19114.454529940704,2364555.8885322833,2442599.6375865536,81683.12665876307,foreign_labor_migration_v5_sector_year,Foreign labor migration/docs/data/region_sector_forecast.csv,2026-05-27T13:57:22+00:00,2027,"{""cumulative_recommended_quota_persons"":19114.454529940704,""domestic_sector_supply_total_with_unemployment_reserve_persons"":2442599.6375865536,""foreign_labor_stock_need_persons"":19114.454529940704,""labor_demand_required_persons"":2364555.8885322833,""recommended_annual_quota_persons"":8397.940122316539,""unemployment_reserve_sector_allocated_persons"":81683.12665876307}","{""cumulative_recommended_quota_persons"":""persons"",""domestic_sector_supply_total_with_unemployment_reserve_persons"":""persons"",""foreign_labor_stock_need_persons"":""persons"",""labor_demand_required_persons"":""persons"",""recommended_annual_quota_persons"":""persons"",""unemployment_reserve_sector_allocated_persons"":""persons""}",scripts/build_labor_migration_artifacts.py,scripts/build_labor_migration_artifacts.py,calculated_v5_sector_year_sum,bed04356e8a570a2911dde917ab538bd3dd43ad84aa6d09cf900456bb3680985,1eecc3339befd983198aa49a5e74a202741c48c6a4dffbe3d9becfd0f984579f
OKVED_O,O,Государственное управление и обеспечение военной безопасности; социальное обеспечение,2027,17352.98171131819,50749.62406314048,50749.62406314048,3431149.9540128154,3487854.86195954,81683.12665876307,foreign_labor_migration_v5_sector_year,Foreign labor migration/docs/data/region_sector_forecast.csv,2026-05-27T13:57:22+00:00,2027,"{""cumulative_recommended_quota_persons"":50749.62406314048,""domestic_sector_supply_total_with_unemployment_reserve_persons"":3487854.86195954,""foreign_labor_stock_need_persons"":50749.62406314048,""labor_demand_required_persons"":3431149.9540128154,""recommended_annual_quota_persons"":17352.98171131819,""unemployment_reserve_sector_allocated_persons"":81683.12665876307}","{""cumulative_recommended_quota_persons"":""persons"",""domestic_sector_supply_total_with_unemployment_reserve_persons"":""persons"",""foreign_labor_stock_need_persons"":""persons"",""labor_demand_required_persons"":""persons"",""recommended_annual_quota_persons"":""persons"",""unemployment_reserve_sector_allocated_persons"":""persons""}",scripts/build_labor_migration_artifacts.py,scripts/build_labor_migration_artifacts.py,calculated_v5_sector_year_sum,bed04356e8a570a2911dde917ab538bd3dd43ad84aa6d09cf900456bb3680985,4d61ebf1d20680026034d41399592c00d6b734c65021bf1a277c2ac649864985
OKVED_P,P,Образование,2027,26546.331972001255,83136.29078037225,83136.29078037225,5427450.556346188,5485581.433950203,81683.12665876307,foreign_labor_migration_v5_sector_year,Foreign labor migration/docs/data/region_sector_forecast.csv,2026-05-27T13:57:22+00:00,2027,"{""cumulative_recommended_quota_persons"":83136.29078037225,""domestic_sector_supply_total_with_unemployment_reserve_persons"":5485581.433950203,""foreign_labor_stock_need_persons"":83136.29078037225,""labor_demand_required_persons"":5427450.556346188,""recommended_annual_quota_persons"":26546.331972001255,""unemployment_reserve_sector_allocated_persons"":81683.12665876307}","{""cumulative_recommended_quota_persons"":""persons"",""domestic_sector_supply_total_with_unemployment_reserve_persons"":""persons"",""foreign_labor_stock_need_persons"":""persons"",""labor_demand_required_persons"":""persons"",""recommended_annual_quota_persons"":""persons"",""unemployment_reserve_sector_allocated_persons"":""persons""}",scripts/build_labor_migration_artifacts.py,scripts/build_labor_migration_artifacts.py,calculated_v5_sector_year_sum,bed04356e8a570a2911dde917ab538bd3dd43ad84aa6d09cf900456bb3680985,45585134df3db93fdbb4b550ea7d5457f073dc9170f89966e01f194bf942b836
OKVED_Q,Q,Деятельность в области здравоохранения и социальных услуг,2027,23290.561087762446,68617.28386349419,68617.28386349419,4570761.489249653,4623785.471504101,81683.12665876307,foreign_labor_migration_v5_sector_year,Foreign labor migration/docs/data/region_sector_forecast.csv,2026-05-27T13:57:22+00:00,2027,"{""cumulative_recommended_quota_persons"":68617.28386349419,""domestic_sector_supply_total_with_unemployment_reserve_persons"":4623785.471504101,""foreign_labor_stock_need_persons"":68617.28386349419,""labor_demand_required_persons"":4570761.489249653,""recommended_annual_quota_persons"":23290.561087762446,""unemployment_reserve_sector_allocated_persons"":81683.12665876307}","{""cumulative_recommended_quota_persons"":""persons"",""domestic_sector_supply_total_with_unemployment_reserve_persons"":""persons"",""foreign_labor_stock_need_persons"":""persons"",""labor_demand_required_persons"":""persons"",""recommended_annual_quota_persons"":""persons"",""unemployment_reserve_sector_allocated_persons"":""persons""}",scripts/build_labor_migration_artifacts.py,scripts/build_labor_migration_artifacts.py,calculated_v5_sector_year_sum,bed04356e8a570a2911dde917ab538bd3dd43ad84aa6d09cf900456bb3680985,aab29f230bc8972c13f59cd394d73ac7c8d08442a6eec191b7e2d68f0ffaef35
OKVED_R,R,"Деятельность в области культуры, спорта, организации досуга и развлечений",2027,1966.4650294250794,3549.9756266214654,3549.9756266214654,1211999.8696402234,1290484.3683710876,81683.12665876307,foreign_labor_migration_v5_sector_year,Foreign labor migration/docs/data/region_sector_forecast.csv,2026-05-27T13:57:22+00:00,2027,"{""cumulative_recommended_quota_persons"":3549.9756266214654,""domestic_sector_supply_total_with_unemployment_reserve_persons"":1290484.3683710876,""foreign_labor_stock_need_persons"":3549.9756266214654,""labor_demand_required_persons"":1211999.8696402234,""recommended_annual_quota_persons"":1966.4650294250794,""unemployment_reserve_sector_allocated_persons"":81683.12665876307}","{""cumulative_recommended_quota_persons"":""persons"",""domestic_sector_supply_total_with_unemployment_reserve_persons"":""persons"",""foreign_labor_stock_need_persons"":""persons"",""labor_demand_required_persons"":""persons"",""recommended_annual_quota_persons"":""persons"",""unemployment_reserve_sector_allocated_persons"":""persons""}",scripts/build_labor_migration_artifacts.py,scripts/build_labor_migration_artifacts.py,calculated_v5_sector_year_sum,bed04356e8a570a2911dde917ab538bd3dd43ad84aa6d09cf900456bb3680985,d422b2e12d909152cdead50b1d0ffbb2e39acd774bdf1ff36e7ec95d8b969639
OKVED_S,S,Предоставление прочих видов услуг,2027,4306.531292120722,7181.049735624726,7181.049735624726,1792999.8543123186,1873472.980870624,81683.12665876307,foreign_labor_migration_v5_sector_year,Foreign labor migration/docs/data/region_sector_forecast.csv,2026-05-27T13:57:22+00:00,2027,"{""cumulative_recommended_quota_persons"":7181.049735624726,""domestic_sector_supply_total_with_unemployment_reserve_persons"":1873472.980870624,""foreign_labor_stock_need_persons"":7181.049735624726,""labor_demand_required_persons"":1792999.8543123186,""recommended_annual_quota_persons"":4306.531292120722,""unemployment_reserve_sector_allocated_persons"":81683.12665876307}","{""cumulative_recommended_quota_persons"":""persons"",""domestic_sector_supply_total_with_unemployment_reserve_persons"":""persons"",""foreign_labor_stock_need_persons"":""persons"",""labor_demand_required_persons"":""persons"",""recommended_annual_quota_persons"":""persons"",""unemployment_reserve_sector_allocated_persons"":""persons""}",scripts/build_labor_migration_artifacts.py,scripts/build_labor_migration_artifacts.py,calculated_v5_sector_year_sum,bed04356e8a570a2911dde917ab538bd3dd43ad84aa6d09cf900456bb3680985,eb4c4307fb562f1be6d9d3c6a276cd667d333080a4887587772dda565f9027d2
OKVED_T,T,Деятельность домашних хозяйств как работодателей; недифференцированная деятельность частных домашних хозяйств по производству товаров и оказанию услуг для собственного потребления,2027,0.0,0.0,0.0,64651.72004958338,131119.8655687744,66791.12761466108,foreign_labor_migration_v5_sector_year,Foreign labor migration/docs/data/region_sector_forecast.csv,2026-05-27T13:57:22+00:00,2027,"{""cumulative_recommended_quota_persons"":0,""domestic_sector_supply_total_with_unemployment_reserve_persons"":131119.8655687744,""foreign_labor_stock_need_persons"":0,""labor_demand_required_persons"":64651.72004958338,""recommended_annual_quota_persons"":0,""unemployment_reserve_sector_allocated_persons"":66791.12761466108}","{""cumulative_recommended_quota_persons"":""persons"",""domestic_sector_supply_total_with_unemployment_reserve_persons"":""persons"",""foreign_labor_stock_need_persons"":""persons"",""labor_demand_required_persons"":""persons"",""recommended_annual_quota_persons"":""persons"",""unemployment_reserve_sector_allocated_persons"":""persons""}",scripts/build_labor_migration_artifacts.py,scripts/build_labor_migration_artifacts.py,calculated_v5_sector_year_sum,bed04356e8a570a2911dde917ab538bd3dd43ad84aa6d09cf900456bb3680985,303d778384cd5c84a8d0ed052f9d2ea56c512750733ced94a1aba99ab28c99b6
OKVED_A,A,"Сельское, лесное хозяйство, охота, рыболовство и рыбоводство",2028,21660.942274051955,93868.43267551094,93868.43267551094,4303042.401879936,4329620.339571427,81694.93508611209,foreign_labor_migration_v5_sector_year,Foreign labor migration/docs/data/region_sector_forecast.csv,2026-05-27T13:57:22+00:00,2028,"{""cumulative_recommended_quota_persons"":93868.43267551094,""domestic_sector_supply_total_with_unemployment_reserve_persons"":4329620.339571427,""foreign_labor_stock_need_persons"":93868.43267551094,""labor_demand_required_persons"":4303042.401879936,""recommended_annual_quota_persons"":21660.942274051955,""unemployment_reserve_sector_allocated_persons"":81694.93508611209}","{""cumulative_recommended_quota_persons"":""persons"",""domestic_sector_supply_total_with_unemployment_reserve_persons"":""persons"",""foreign_labor_stock_need_persons"":""persons"",""labor_demand_required_persons"":""persons"",""recommended_annual_quota_persons"":""persons"",""unemployment_reserve_sector_allocated_persons"":""persons""}",scripts/build_labor_migration_artifacts.py,scripts/build_labor_migration_artifacts.py,calculated_v5_sector_year_sum,bed04356e8a570a2911dde917ab538bd3dd43ad84aa6d09cf900456bb3680985,60509be44c5129d0a2ad08e8a3d8d435abc865bb3f1f7e5d9988aa327f789b44
OKVED_B,B,Добыча полезных ископаемых,2028,11857.959406892845,63577.794551866355,63577.794551866355,1392735.531891746,1408397.3085851679,81694.93508611209,foreign_labor_migration_v5_sector_year,Foreign labor migration/docs/data/region_sector_forecast.csv,2026-05-27T13:57:22+00:00,2028,"{""cumulative_recommended_quota_persons"":63577.794551866355,""domestic_sector_supply_total_with_unemployment_reserve_persons"":1408397.3085851679,""foreign_labor_stock_need_persons"":63577.794551866355,""labor_demand_required_persons"":1392735.531891746,""recommended_annual_quota_persons"":11857.959406892845,""unemployment_reserve_sector_allocated_persons"":81694.93508611209}","{""cumulative_recommended_quota_persons"":""persons"",""domestic_sector_supply_total_with_unemployment_reserve_persons"":""persons"",""foreign_labor_stock_need_persons"":""persons"",""labor_demand_required_persons"":""persons"",""recommended_annual_quota_persons"":""persons"",""unemployment_reserve_sector_allocated_persons"":""persons""}",scripts/build_labor_migration_artifacts.py,scripts/build_labor_migration_artifacts.py,calculated_v5_sector_year_sum,bed04356e8a570a2911dde917ab538bd3dd43ad84aa6d09cf900456bb3680985,1706443af3cb36eb3873d5fd905e1bdca0244b0feaabf55249f708c1900144b1
OKVED_C,C,Обрабатывающие производства,2028,47452.19329067146,209447.82917183137,209453.0610088304,10146868.572983123,10144907.8314985,81694.93508611209,foreign_labor_migration_v5_sector_year,Foreign labor migration/docs/data/region_sector_forecast.csv,2026-05-27T13:57:22+00:00,2028,"{""cumulative_recommended_quota_persons"":209453.0610088304,""domestic_sector_supply_total_with_unemployment_reserve_persons"":10144907.8314985,""foreign_labor_stock_need_persons"":209447.82917183137,""labor_demand_required_persons"":10146868.572983123,""recommended_annual_quota_persons"":47452.19329067146,""unemployment_reserve_sector_allocated_persons"":81694.93508611209}","{""cumulative_recommended_quota_persons"":""persons"",""domestic_sector_supply_total_with_unemployment_reserve_persons"":""persons"",""foreign_labor_stock_need_persons"":""persons"",""labor_demand_required_persons"":""persons"",""recommended_annual_quota_persons"":""persons"",""unemployment_reserve_sector_allocated_persons"":""persons""}",scripts/build_labor_migration_artifacts.py,scripts/build_labor_migration_artifacts.py,calculated_v5_sector_year_sum,bed04356e8a570a2911dde917ab538bd3dd43ad84aa6d09cf900456bb3680985,8fce6e961d5a3426b67fd000ac2b1829f3d0102fa92c08668e21a021f05e3a23
OKVED_D,D,"Обеспечение электрической энергией, газом и паром; кондиционирование воздуха",2028,7076.516616529312,22726.661750694388,22726.661750694388,1570427.8691921455,1625470.169371631,81694.93508611209,foreign_labor_migration_v5_sector_year,Foreign labor migration/docs/data/region_sector_forecast.csv,2026-05-27T13:57:22+00:00,2028,"{""cumulative_recommended_quota_persons"":22726.661750694388,""domestic_sector_supply_total_with_unemployment_reserve_persons"":1625470.169371631,""foreign_labor_stock_need_persons"":22726.661750694388,""labor_demand_required_persons"":1570427.8691921455,""recommended_annual_quota_persons"":7076.516616529312,""unemployment_reserve_sector_allocated_persons"":81694.93508611209}","{""cumulative_recommended_quota_persons"":""persons"",""domestic_sector_supply_total_with_unemployment_reserve_persons"":""persons"",""foreign_labor_stock_need_persons"":""persons"",""labor_demand_required_persons"":""persons"",""recommended_annual_quota_persons"":""persons"",""unemployment_reserve_sector_allocated_persons"":""persons""}",scripts/build_labor_migration_artifacts.py,scripts/build_labor_migration_artifacts.py,calculated_v5_sector_year_sum,bed04356e8a570a2911dde917ab538bd3dd43ad84aa6d09cf900456bb3680985,78acead420c2671805b16ae3bd5f70c45e0cda4f7a658172b521900060091881
OKVED_E,E,"Водоснабжение; водоотведение, организация сбора и утилизации отходов, деятельность по ликвидации загрязнений",2028,776.4068215120033,1312.590207153853,1314.4031859927672,670382.6360854873,743050.1425971704,81694.93508611209,foreign_labor_migration_v5_sector_year,Foreign labor migration/docs/data/region_sector_forecast.csv,2026-05-27T13:57:22+00:00,2028,"{""cumulative_recommended_quota_persons"":1314.4031859927672,""domestic_sector_supply_total_with_unemployment_reserve_persons"":743050.1425971704,""foreign_labor_stock_need_persons"":1312.590207153853,""labor_demand_required_persons"":670382.6360854873,""recommended_annual_quota_persons"":776.4068215120033,""unemployment_reserve_sector_allocated_persons"":81694.93508611209}","{""cumulative_recommended_quota_persons"":""persons"",""domestic_sector_supply_total_with_unemployment_reserve_persons"":""persons"",""foreign_labor_stock_need_persons"":""persons"",""labor_demand_required_persons"":""persons"",""recommended_annual_quota_persons"":""persons"",""unemployment_reserve_sector_allocated_persons"":""persons""}",scripts/build_labor_migration_artifacts.py,scripts/build_labor_migration_artifacts.py,calculated_v5_sector_year_sum,bed04356e8a570a2911dde917ab538bd3dd43ad84aa6d09cf900456bb3680985,4ad1d7e2850230deaf521b838015cdc9bcaa7600bbdd802a4a4879545f4d465c
OKVED_F,F,Строительство,2028,27518.559385428696,125580.7416702118,125580.7416702118,6668198.197479387,6708111.752110671,81694.93508611209,foreign_labor_migration_v5_sector_year,Foreign labor migration/docs/data/region_sector_forecast.csv,2026-05-27T13:57:22+00:00,2028,"{""cumulative_recommended_quota_persons"":125580.7416702118,""domestic_sector_supply_total_with_unemployment_reserve_persons"":6708111.752110671,""foreign_labor_stock_need_persons"":125580.7416702118,""labor_demand_required_persons"":6668198.197479387,""recommended_annual_quota_persons"":27518.559385428696,""unemployment_reserve_sector_allocated_persons"":81694.93508611209}","{""cumulative_recommended_quota_persons"":""persons"",""domestic_sector_supply_total_with_unemployment_reserve_persons"":""persons"",""foreign_labor_stock_need_persons"":""persons"",""labor_demand_required_persons"":""persons"",""recommended_annual_quota_persons"":""persons"",""unemployment_reserve_sector_allocated_persons"":""persons""}",scripts/build_labor_migration_artifacts.py,scripts/build_labor_migration_artifacts.py,calculated_v5_sector_year_sum,bed04356e8a570a2911dde917ab538bd3dd43ad84aa6d09cf900456bb3680985,5c7d98627d20a135903a3d37045c6714640626a3a76c699b8dff45298151b4a4
OKVED_G,G,Торговля оптовая и розничная; ремонт автотранспортных средств и мотоциклов,2028,63205.91985412981,292341.37431077927,292341.37431077927,13509140.419908114,13478034.799527785,81694.93508611209,foreign_labor_migration_v5_sector_year,Foreign labor migration/docs/data/region_sector_forecast.csv,2026-05-27T13:57:22+00:00,2028,"{""cumulative_recommended_quota_persons"":292341.37431077927,""domestic_sector_supply_total_with_unemployment_reserve_persons"":13478034.799527785,""foreign_labor_stock_need_persons"":292341.37431077927,""labor_demand_required_persons"":13509140.419908114,""recommended_annual_quota_persons"":63205.91985412981,""unemployment_reserve_sector_allocated_persons"":81694.93508611209}","{""cumulative_recommended_quota_persons"":""persons"",""domestic_sector_supply_total_with_unemployment_reserve_persons"":""persons"",""foreign_labor_stock_need_persons"":""persons"",""labor_demand_required_persons"":""persons"",""recommended_annual_quota_persons"":""persons"",""unemployment_reserve_sector_allocated_persons"":""persons""}",scripts/build_labor_migration_artifacts.py,scripts/build_labor_migration_artifacts.py,calculated_v5_sector_year_sum,bed04356e8a570a2911dde917ab538bd3dd43ad84aa6d09cf900456bb3680985,a34db25ccbf8950ea3d8e2aead020efe9b9d6d3e3779823131a2e7d5526185fa
OKVED_H,H,Транспортировка и хранение,2028,28600.28816717123,123063.33274128221,123063.33274128221,6002627.632519803,6021969.5869446015,81694.93508611209,foreign_labor_migration_v5_sector_year,Foreign labor migration/docs/data/region_sector_forecast.csv,2026-05-27T13:57:22+00:00,2028,"{""cumulative_recommended_quota_persons"":123063.33274128221,""domestic_sector_supply_total_with_unemployment_reserve_persons"":6021969.5869446015,""foreign_labor_stock_need_persons"":123063.33274128221,""labor_demand_required_persons"":6002627.632519803,""recommended_annual_quota_persons"":28600.28816717123,""unemployment_reserve_sector_allocated_persons"":81694.93508611209}","{""cumulative_recommended_quota_persons"":""persons"",""domestic_sector_supply_total_with_unemployment_reserve_persons"":""persons"",""foreign_labor_stock_need_persons"":""persons"",""labor_demand_required_persons"":""persons"",""recommended_annual_quota_persons"":""persons"",""unemployment_reserve_sector_allocated_persons"":""persons""}",scripts/build_labor_migration_artifacts.py,scripts/build_labor_migration_artifacts.py,calculated_v5_sector_year_sum,bed04356e8a570a2911dde917ab538bd3dd43ad84aa6d09cf900456bb3680985,760ede355e4b947868d6dbe48a166d8d393aa600033f39070513ab63fc17dcaa
OKVED_I,I,Деятельность гостиниц и предприятий общественного питания,2028,7542.961643465994,20523.796236547612,20523.796236547612,2072121.2605504922,2137770.418694315,81694.93508611209,foreign_labor_migration_v5_sector_year,Foreign labor migration/docs/data/region_sector_forecast.csv,2026-05-27T13:57:22+00:00,2028,"{""cumulative_recommended_quota_persons"":20523.796236547612,""domestic_sector_supply_total_with_unemployment_reserve_persons"":2137770.418694315,""foreign_labor_stock_need_persons"":20523.796236547612,""labor_demand_required_persons"":2072121.2605504922,""recommended_annual_quota_persons"":7542.961643465994,""unemployment_reserve_sector_allocated_persons"":81694.93508611209}","{""cumulative_recommended_quota_persons"":""persons"",""domestic_sector_supply_total_with_unemployment_reserve_persons"":""persons"",""foreign_labor_stock_need_persons"":""persons"",""labor_demand_required_persons"":""persons"",""recommended_annual_quota_persons"":""persons"",""unemployment_reserve_sector_allocated_persons"":""persons""}",scripts/build_labor_migration_artifacts.py,scripts/build_labor_migration_artifacts.py,calculated_v5_sector_year_sum,bed04356e8a570a2911dde917ab538bd3dd43ad84aa6d09cf900456bb3680985,26e798fe443d96ce5c2c41a465ab8181abaebcde42524d31c336028f50659fb2
OKVED_J,J,Деятельность в области информации и связи,2028,2832.9939383199962,5686.126311681801,5686.126311681801,1846273.216634532,1928255.2471319558,81694.93508611209,foreign_labor_migration_v5_sector_year,Foreign labor migration/docs/data/region_sector_forecast.csv,2026-05-27T13:57:22+00:00,2028,"{""cumulative_recommended_quota_persons"":5686.126311681801,""domestic_sector_supply_total_with_unemployment_reserve_persons"":1928255.2471319558,""foreign_labor_stock_need_persons"":5686.126311681801,""labor_demand_required_persons"":1846273.216634532,""recommended_annual_quota_persons"":2832.9939383199962,""unemployment_reserve_sector_allocated_persons"":81694.93508611209}","{""cumulative_recommended_quota_persons"":""persons"",""domestic_sector_supply_total_with_unemployment_reserve_persons"":""persons"",""foreign_labor_stock_need_persons"":""persons"",""labor_demand_required_persons"":""persons"",""recommended_annual_quota_persons"":""persons"",""unemployment_reserve_sector_allocated_persons"":""persons""}",scripts/build_labor_migration_artifacts.py,scripts/build_labor_migration_artifacts.py,calculated_v5_sector_year_sum,bed04356e8a570a2911dde917ab538bd3dd43ad84aa6d09cf900456bb3680985,7bd6bb574c605790b58aa325d89ddd24f1d25f732b81a7038ef14b6db7921fc5
OKVED_K,K,Деятельность финансовая и страховая,2028,1299.064853977166,2291.8897402813823,2291.8897402813823,1272345.09257669,1350985.1226823523,81694.93508611209,foreign_labor_migration_v5_sector_year,Foreign labor migration/docs/data/region_sector_forecast.csv,2026-05-27T13:57:22+00:00,2028,"{""cumulative_recommended_quota_persons"":2291.8897402813823,""domestic_sector_supply_total_with_unemployment_reserve_persons"":1350985.1226823523,""foreign_labor_stock_need_persons"":2291.8897402813823,""labor_demand_required_persons"":1272345.09257669,""recommended_annual_quota_persons"":1299.064853977166,""unemployment_reserve_sector_allocated_persons"":81694.93508611209}","{""cumulative_recommended_quota_persons"":""persons"",""domestic_sector_supply_total_with_unemployment_reserve_persons"":""persons"",""foreign_labor_stock_need_persons"":""persons"",""labor_demand_required_persons"":""persons"",""recommended_annual_quota_persons"":""persons"",""unemployment_reserve_sector_allocated_persons"":""persons""}",scripts/build_labor_migration_artifacts.py,scripts/build_labor_migration_artifacts.py,calculated_v5_sector_year_sum,bed04356e8a570a2911dde917ab538bd3dd43ad84aa6d09cf900456bb3680985,800236f2ec0e6fda4a3c2211194d87c530ee2d9d89c8e215d1a0026111edfd0e
OKVED_L,L,Деятельность по операциям с недвижимым имуществом,2028,6555.02659846359,17249.75630690196,17249.75630690196,1980355.4118066593,2048827.6762994614,81694.93508611209,foreign_labor_migration_v5_sector_year,Foreign labor migration/docs/data/region_sector_forecast.csv,2026-05-27T13:57:22+00:00,2028,"{""cumulative_recommended_quota_persons"":17249.75630690196,""domestic_sector_supply_total_with_unemployment_reserve_persons"":2048827.6762994614,""foreign_labor_stock_need_persons"":17249.75630690196,""labor_demand_required_persons"":1980355.4118066593,""recommended_annual_quota_persons"":6555.02659846359,""unemployment_reserve_sector_allocated_persons"":81694.93508611209}","{""cumulative_recommended_quota_persons"":""persons"",""domestic_sector_supply_total_with_unemployment_reserve_persons"":""persons"",""foreign_labor_stock_need_persons"":""persons"",""labor_demand_required_persons"":""persons"",""recommended_annual_quota_persons"":""persons"",""unemployment_reserve_sector_allocated_persons"":""persons""}",scripts/build_labor_migration_artifacts.py,scripts/build_labor_migration_artifacts.py,calculated_v5_sector_year_sum,bed04356e8a570a2911dde917ab538bd3dd43ad84aa6d09cf900456bb3680985,e0163aabfd6958de59b5272691fa57f4c48a59361316d230279079e637183938
OKVED_M,M,"Деятельность профессиональная, научная и техническая",2028,7194.105292764521,23814.364191731507,23816.64087971046,2863364.0710516395,2938300.5748371277,81694.93508611209,foreign_labor_migration_v5_sector_year,Foreign labor migration/docs/data/region_sector_forecast.csv,2026-05-27T13:57:22+00:00,2028,"{""cumulative_recommended_quota_persons"":23816.64087971046,""domestic_sector_supply_total_with_unemployment_reserve_persons"":2938300.5748371277,""foreign_labor_stock_need_persons"":23814.364191731507,""labor_demand_required_persons"":2863364.0710516395,""recommended_annual_quota_persons"":7194.105292764521,""unemployment_reserve_sector_allocated_persons"":81694.93508611209}","{""cumulative_recommended_quota_persons"":""persons"",""domestic_sector_supply_total_with_unemployment_reserve_persons"":""persons"",""foreign_labor_stock_need_persons"":""persons"",""labor_demand_required_persons"":""persons"",""recommended_annual_quota_persons"":""persons"",""unemployment_reserve_sector_allocated_persons"":""persons""}",scripts/build_labor_migration_artifacts.py,scripts/build_labor_migration_artifacts.py,calculated_v5_sector_year_sum,bed04356e8a570a2911dde917ab538bd3dd43ad84aa6d09cf900456bb3680985,bb8393b511276711f177262d40fd23e913fdda2ccf1fb7652223e3c08b104b2e
OKVED_N,N,Деятельность административная и сопутствующие дополнительные услуги,2028,8799.399047065757,27913.85357700646,27913.85357700646,2395890.861323971,2460523.2067049,81694.93508611209,foreign_labor_migration_v5_sector_year,Foreign labor migration/docs/data/region_sector_forecast.csv,2026-05-27T13:57:22+00:00,2028,"{""cumulative_recommended_quota_persons"":27913.85357700646,""domestic_sector_supply_total_with_unemployment_reserve_persons"":2460523.2067049,""foreign_labor_stock_need_persons"":27913.85357700646,""labor_demand_required_persons"":2395890.861323971,""recommended_annual_quota_persons"":8799.399047065757,""unemployment_reserve_sector_allocated_persons"":81694.93508611209}","{""cumulative_recommended_quota_persons"":""persons"",""domestic_sector_supply_total_with_unemployment_reserve_persons"":""persons"",""foreign_labor_stock_need_persons"":""persons"",""labor_demand_required_persons"":""persons"",""recommended_annual_quota_persons"":""persons"",""unemployment_reserve_sector_allocated_persons"":""persons""}",scripts/build_labor_migration_artifacts.py,scripts/build_labor_migration_artifacts.py,calculated_v5_sector_year_sum,bed04356e8a570a2911dde917ab538bd3dd43ad84aa6d09cf900456bb3680985,3b4b9a37a9c7d2f59a9875ad6cfed5089ebb017d4d8b3b5c81b7ab75c4e02bfd
OKVED_O,O,Государственное управление и обеспечение военной безопасности; социальное обеспечение,2028,17008.67246595568,67758.29652909616,67758.29652909616,3454513.1879621646,3493611.9629586674,81694.93508611209,foreign_labor_migration_v5_sector_year,Foreign labor migration/docs/data/region_sector_forecast.csv,2026-05-27T13:57:22+00:00,2028,"{""cumulative_recommended_quota_persons"":67758.29652909616,""domestic_sector_supply_total_with_unemployment_reserve_persons"":3493611.9629586674,""foreign_labor_stock_need_persons"":67758.29652909616,""labor_demand_required_persons"":3454513.1879621646,""recommended_annual_quota_persons"":17008.67246595568,""unemployment_reserve_sector_allocated_persons"":81694.93508611209}","{""cumulative_recommended_quota_persons"":""persons"",""domestic_sector_supply_total_with_unemployment_reserve_persons"":""persons"",""foreign_labor_stock_need_persons"":""persons"",""labor_demand_required_persons"":""persons"",""recommended_annual_quota_persons"":""persons"",""unemployment_reserve_sector_allocated_persons"":""persons""}",scripts/build_labor_migration_artifacts.py,scripts/build_labor_migration_artifacts.py,calculated_v5_sector_year_sum,bed04356e8a570a2911dde917ab538bd3dd43ad84aa6d09cf900456bb3680985,6e8d0fae392a4dfa392409ab34375b9942ba3042834af3475bf4397d51f52c31
OKVED_P,P,Образование,2028,26655.973066699888,109792.26384707214,109792.26384707214,5475467.841847413,5507331.569912805,81694.93508611209,foreign_labor_migration_v5_sector_year,Foreign labor migration/docs/data/region_sector_forecast.csv,2026-05-27T13:57:22+00:00,2028,"{""cumulative_recommended_quota_persons"":109792.26384707214,""domestic_sector_supply_total_with_unemployment_reserve_persons"":5507331.569912805,""foreign_labor_stock_need_persons"":109792.26384707214,""labor_demand_required_persons"":5475467.841847413,""recommended_annual_quota_persons"":26655.973066699888,""unemployment_reserve_sector_allocated_persons"":81694.93508611209}","{""cumulative_recommended_quota_persons"":""persons"",""domestic_sector_supply_total_with_unemployment_reserve_persons"":""persons"",""foreign_labor_stock_need_persons"":""persons"",""labor_demand_required_persons"":""persons"",""recommended_annual_quota_persons"":""persons"",""unemployment_reserve_sector_allocated_persons"":""persons""}",scripts/build_labor_migration_artifacts.py,scripts/build_labor_migration_artifacts.py,calculated_v5_sector_year_sum,bed04356e8a570a2911dde917ab538bd3dd43ad84aa6d09cf900456bb3680985,481fdf1d7e60f267f0e490ec279ba44add455b13efa5cd88f7a8d9faf0b7e8ef
OKVED_Q,Q,Деятельность в области здравоохранения и социальных услуг,2028,22918.99692165852,91536.2807851527,91536.2807851527,4604659.034268238,4633026.36644952,81694.93508611209,foreign_labor_migration_v5_sector_year,Foreign labor migration/docs/data/region_sector_forecast.csv,2026-05-27T13:57:22+00:00,2028,"{""cumulative_recommended_quota_persons"":91536.2807851527,""domestic_sector_supply_total_with_unemployment_reserve_persons"":4633026.36644952,""foreign_labor_stock_need_persons"":91536.2807851527,""labor_demand_required_persons"":4604659.034268238,""recommended_annual_quota_persons"":22918.99692165852,""unemployment_reserve_sector_allocated_persons"":81694.93508611209}","{""cumulative_recommended_quota_persons"":""persons"",""domestic_sector_supply_total_with_unemployment_reserve_persons"":""persons"",""foreign_labor_stock_need_persons"":""persons"",""labor_demand_required_persons"":""persons"",""recommended_annual_quota_persons"":""persons"",""unemployment_reserve_sector_allocated_persons"":""persons""}",scripts/build_labor_migration_artifacts.py,scripts/build_labor_migration_artifacts.py,calculated_v5_sector_year_sum,bed04356e8a570a2911dde917ab538bd3dd43ad84aa6d09cf900456bb3680985,56f5db9a0617650d075f5b4a71172dd550b175d1f9ee39d94ad8f55a09f8cdb6
OKVED_R,R,"Деятельность в области культуры, спорта, организации досуга и развлечений",2028,2319.488087740622,5869.463714362088,5869.463714362088,1217197.3032029315,1289107.7906371963,81694.93508611209,foreign_labor_migration_v5_sector_year,Foreign labor migration/docs/data/region_sector_forecast.csv,2026-05-27T13:57:22+00:00,2028,"{""cumulative_recommended_quota_persons"":5869.463714362088,""domestic_sector_supply_total_with_unemployment_reserve_persons"":1289107.7906371963,""foreign_labor_stock_need_persons"":5869.463714362088,""labor_demand_required_persons"":1217197.3032029315,""recommended_annual_quota_persons"":2319.488087740622,""unemployment_reserve_sector_allocated_persons"":81694.93508611209}","{""cumulative_recommended_quota_persons"":""persons"",""domestic_sector_supply_total_with_unemployment_reserve_persons"":""persons"",""foreign_labor_stock_need_persons"":""persons"",""labor_demand_required_persons"":""persons"",""recommended_annual_quota_persons"":""persons"",""unemployment_reserve_sector_allocated_persons"":""persons""}",scripts/build_labor_migration_artifacts.py,scripts/build_labor_migration_artifacts.py,calculated_v5_sector_year_sum,bed04356e8a570a2911dde917ab538bd3dd43ad84aa6d09cf900456bb3680985,3868c53e29879a9fa7abbd9e106cd3b801d0c080658c4637d0e9b5617bdcef5f
OKVED_S,S,Предоставление прочих видов услуг,2028,5329.7323609023,12510.782096527026,12510.782096527026,1804543.0034425578,1875616.0232810571,81694.93508611209,foreign_labor_migration_v5_sector_year,Foreign labor migration/docs/data/region_sector_forecast.csv,2026-05-27T13:57:22+00:00,2028,"{""cumulative_recommended_quota_persons"":12510.782096527026,""domestic_sector_supply_total_with_unemployment_reserve_persons"":1875616.0232810571,""foreign_labor_stock_need_persons"":12510.782096527026,""labor_demand_required_persons"":1804543.0034425578,""recommended_annual_quota_persons"":5329.7323609023,""unemployment_reserve_sector_allocated_persons"":81694.93508611209}","{""cumulative_recommended_quota_persons"":""persons"",""domestic_sector_supply_total_with_unemployment_reserve_persons"":""persons"",""foreign_labor_stock_need_persons"":""persons"",""labor_demand_required_persons"":""persons"",""recommended_annual_quota_persons"":""persons"",""unemployment_reserve_sector_allocated_persons"":""persons""}",scripts/build_labor_migration_artifacts.py,scripts/build_labor_migration_artifacts.py,calculated_v5_sector_year_sum,bed04356e8a570a2911dde917ab538bd3dd43ad84aa6d09cf900456bb3680985,e7d6c5357a9eb1d6c182a798791c1067a17098103ad05fc6c1b6cac10084bc24
OKVED_T,T,Деятельность домашних хозяйств как работодателей; недифференцированная деятельность частных домашних хозяйств по производству товаров и оказанию услуг для собственного потребления,2028,0.0,0.0,0.0,65008.720258312715,131218.4843979584,66840.77640547208,foreign_labor_migration_v5_sector_year,Foreign labor migration/docs/data/region_sector_forecast.csv,2026-05-27T13:57:22+00:00,2028,"{""cumulative_recommended_quota_persons"":0,""domestic_sector_supply_total_with_unemployment_reserve_persons"":131218.4843979584,""foreign_labor_stock_need_persons"":0,""labor_demand_required_persons"":65008.720258312715,""recommended_annual_quota_persons"":0,""unemployment_reserve_sector_allocated_persons"":66840.77640547208}","{""cumulative_recommended_quota_persons"":""persons"",""domestic_sector_supply_total_with_unemployment_reserve_persons"":""persons"",""foreign_labor_stock_need_persons"":""persons"",""labor_demand_required_persons"":""persons"",""recommended_annual_quota_persons"":""persons"",""unemployment_reserve_sector_allocated_persons"":""persons""}",scripts/build_labor_migration_artifacts.py,scripts/build_labor_migration_artifacts.py,calculated_v5_sector_year_sum,bed04356e8a570a2911dde917ab538bd3dd43ad84aa6d09cf900456bb3680985,bb3ed02a6bf6f2273da41437d4c4df7394d205f8a61509202eff4043140daeb1
OKVED_A,A,"Сельское, лесное хозяйство, охота, рыболовство и рыбоводство",2029,22601.98920620829,116470.42188171923,116470.42188171923,4306831.230082671,4311003.194427637,81651.1742936548,foreign_labor_migration_v5_sector_year,Foreign labor migration/docs/data/region_sector_forecast.csv,2026-05-27T13:57:22+00:00,2029,"{""cumulative_recommended_quota_persons"":116470.42188171923,""domestic_sector_supply_total_with_unemployment_reserve_persons"":4311003.194427637,""foreign_labor_stock_need_persons"":116470.42188171923,""labor_demand_required_persons"":4306831.230082671,""recommended_annual_quota_persons"":22601.98920620829,""unemployment_reserve_sector_allocated_persons"":81651.1742936548}","{""cumulative_recommended_quota_persons"":""persons"",""domestic_sector_supply_total_with_unemployment_reserve_persons"":""persons"",""foreign_labor_stock_need_persons"":""persons"",""labor_demand_required_persons"":""persons"",""recommended_annual_quota_persons"":""persons"",""unemployment_reserve_sector_allocated_persons"":""persons""}",scripts/build_labor_migration_artifacts.py,scripts/build_labor_migration_artifacts.py,calculated_v5_sector_year_sum,bed04356e8a570a2911dde917ab538bd3dd43ad84aa6d09cf900456bb3680985,b47ef6315ce326901eb6bad902d3f536c5b5cb559d00768747b6f0c7b09712c0
OKVED_B,B,Добыча полезных ископаемых,2029,11639.102170432327,75216.89672229868,75216.89672229868,1430181.0919915067,1432604.0619954811,81651.1742936548,foreign_labor_migration_v5_sector_year,Foreign labor migration/docs/data/region_sector_forecast.csv,2026-05-27T13:57:22+00:00,2029,"{""cumulative_recommended_quota_persons"":75216.89672229868,""domestic_sector_supply_total_with_unemployment_reserve_persons"":1432604.0619954811,""foreign_labor_stock_need_persons"":75216.89672229868,""labor_demand_required_persons"":1430181.0919915067,""recommended_annual_quota_persons"":11639.102170432327,""unemployment_reserve_sector_allocated_persons"":81651.1742936548}","{""cumulative_recommended_quota_persons"":""persons"",""domestic_sector_supply_total_with_unemployment_reserve_persons"":""persons"",""foreign_labor_stock_need_persons"":""persons"",""labor_demand_required_persons"":""persons"",""recommended_annual_quota_persons"":""persons"",""unemployment_reserve_sector_allocated_persons"":""persons""}",scripts/build_labor_migration_artifacts.py,scripts/build_labor_migration_artifacts.py,calculated_v5_sector_year_sum,bed04356e8a570a2911dde917ab538bd3dd43ad84aa6d09cf900456bb3680985,3d0b28c44f180f6c4d949f7a7f8761b7e1b888b96c3ebbf0d504c2ba0eba868d
OKVED_C,C,Обрабатывающие производства,2029,46636.86643932573,256084.69561115708,256089.92744815614,10078753.919212766,10013503.62009757,81651.1742936548,foreign_labor_migration_v5_sector_year,Foreign labor migration/docs/data/region_sector_forecast.csv,2026-05-27T13:57:22+00:00,2029,"{""cumulative_recommended_quota_persons"":256089.92744815614,""domestic_sector_supply_total_with_unemployment_reserve_persons"":10013503.62009757,""foreign_labor_stock_need_persons"":256084.69561115708,""labor_demand_required_persons"":10078753.919212766,""recommended_annual_quota_persons"":46636.86643932573,""unemployment_reserve_sector_allocated_persons"":81651.1742936548}","{""cumulative_recommended_quota_persons"":""persons"",""domestic_sector_supply_total_with_unemployment_reserve_persons"":""persons"",""foreign_labor_stock_need_persons"":""persons"",""labor_demand_required_persons"":""persons"",""recommended_annual_quota_persons"":""persons"",""unemployment_reserve_sector_allocated_persons"":""persons""}",scripts/build_labor_migration_artifacts.py,scripts/build_labor_migration_artifacts.py,calculated_v5_sector_year_sum,bed04356e8a570a2911dde917ab538bd3dd43ad84aa6d09cf900456bb3680985,9d74b04ce7331f4897d90e0441e4ae2adee98833d4897e3026c6399dec91ac16
OKVED_D,D,"Обеспечение электрической энергией, газом и паром; кондиционирование воздуха",2029,7540.0704425185295,30266.732193212916,30266.732193212916,1594697.7070516942,1638728.3697263661,81651.1742936548,foreign_labor_migration_v5_sector_year,Foreign labor migration/docs/data/region_sector_forecast.csv,2026-05-27T13:57:22+00:00,2029,"{""cumulative_recommended_quota_persons"":30266.732193212916,""domestic_sector_supply_total_with_unemployment_reserve_persons"":1638728.3697263661,""foreign_labor_stock_need_persons"":30266.732193212916,""labor_demand_required_persons"":1594697.7070516942,""recommended_annual_quota_persons"":7540.0704425185295,""unemployment_reserve_sector_allocated_persons"":81651.1742936548}","{""cumulative_recommended_quota_persons"":""persons"",""domestic_sector_supply_total_with_unemployment_reserve_persons"":""persons"",""foreign_labor_stock_need_persons"":""persons"",""labor_demand_required_persons"":""persons"",""recommended_annual_quota_persons"":""persons"",""unemployment_reserve_sector_allocated_persons"":""persons""}",scripts/build_labor_migration_artifacts.py,scripts/build_labor_migration_artifacts.py,calculated_v5_sector_year_sum,bed04356e8a570a2911dde917ab538bd3dd43ad84aa6d09cf900456bb3680985,3c18be6af2aaeb9639fa1f06f73229e8c6aca195d0fc5a5f71151f57a9353913
OKVED_E,E,"Водоснабжение; водоотведение, организация сбора и утилизации отходов, деятельность по ликвидации загрязнений",2029,781.2072882895386,2093.7974954433917,2095.610474282306,669484.8066637338,737676.3152399063,81651.1742936548,foreign_labor_migration_v5_sector_year,Foreign labor migration/docs/data/region_sector_forecast.csv,2026-05-27T13:57:22+00:00,2029,"{""cumulative_recommended_quota_persons"":2095.610474282306,""domestic_sector_supply_total_with_unemployment_reserve_persons"":737676.3152399063,""foreign_labor_stock_need_persons"":2093.7974954433917,""labor_demand_required_persons"":669484.8066637338,""recommended_annual_quota_persons"":781.2072882895386,""unemployment_reserve_sector_allocated_persons"":81651.1742936548}","{""cumulative_recommended_quota_persons"":""persons"",""domestic_sector_supply_total_with_unemployment_reserve_persons"":""persons"",""foreign_labor_stock_need_persons"":""persons"",""labor_demand_required_persons"":""persons"",""recommended_annual_quota_persons"":""persons"",""unemployment_reserve_sector_allocated_persons"":""persons""}",scripts/build_labor_migration_artifacts.py,scripts/build_labor_migration_artifacts.py,calculated_v5_sector_year_sum,bed04356e8a570a2911dde917ab538bd3dd43ad84aa6d09cf900456bb3680985,074a27a94bed62b609369bd9379745d7a2ffafa3e097cf45c3ea3c5afcb36ab1
OKVED_F,F,Строительство,2029,27735.160803728715,153315.90247394054,153315.90247394054,6649392.171334665,6650836.178230728,81651.1742936548,foreign_labor_migration_v5_sector_year,Foreign labor migration/docs/data/region_sector_forecast.csv,2026-05-27T13:57:22+00:00,2029,"{""cumulative_recommended_quota_persons"":153315.90247394054,""domestic_sector_supply_total_with_unemployment_reserve_persons"":6650836.178230728,""foreign_labor_stock_need_persons"":153315.90247394054,""labor_demand_required_persons"":6649392.171334665,""recommended_annual_quota_persons"":27735.160803728715,""unemployment_reserve_sector_allocated_persons"":81651.1742936548}","{""cumulative_recommended_quota_persons"":""persons"",""domestic_sector_supply_total_with_unemployment_reserve_persons"":""persons"",""foreign_labor_stock_need_persons"":""persons"",""labor_demand_required_persons"":""persons"",""recommended_annual_quota_persons"":""persons"",""unemployment_reserve_sector_allocated_persons"":""persons""}",scripts/build_labor_migration_artifacts.py,scripts/build_labor_migration_artifacts.py,calculated_v5_sector_year_sum,bed04356e8a570a2911dde917ab538bd3dd43ad84aa6d09cf900456bb3680985,f106a3a32a2bd34b1ed2420cb906336d425b36252fdfa81c5bbfdeb801616d3c
OKVED_G,G,Торговля оптовая и розничная; ремонт автотранспортных средств и мотоциклов,2029,62192.69592779546,354534.07023857476,354534.07023857476,13560810.962238966,13445216.806612495,81651.1742936548,foreign_labor_migration_v5_sector_year,Foreign labor migration/docs/data/region_sector_forecast.csv,2026-05-27T13:57:22+00:00,2029,"{""cumulative_recommended_quota_persons"":354534.07023857476,""domestic_sector_supply_total_with_unemployment_reserve_persons"":13445216.806612495,""foreign_labor_stock_need_persons"":354534.07023857476,""labor_demand_required_persons"":13560810.962238966,""recommended_annual_quota_persons"":62192.69592779546,""unemployment_reserve_sector_allocated_persons"":81651.1742936548}","{""cumulative_recommended_quota_persons"":""persons"",""domestic_sector_supply_total_with_unemployment_reserve_persons"":""persons"",""foreign_labor_stock_need_persons"":""persons"",""labor_demand_required_persons"":""persons"",""recommended_annual_quota_persons"":""persons"",""unemployment_reserve_sector_allocated_persons"":""persons""}",scripts/build_labor_migration_artifacts.py,scripts/build_labor_migration_artifacts.py,calculated_v5_sector_year_sum,bed04356e8a570a2911dde917ab538bd3dd43ad84aa6d09cf900456bb3680985,4bcdfc3f2517651f270c3db192b58246d3b2d7d8b117401541f92cc88d0befe4
OKVED_H,H,Транспортировка и хранение,2029,29698.46297858036,152761.79571986257,152761.79571986257,6043777.901007917,6023521.347322231,81651.1742936548,foreign_labor_migration_v5_sector_year,Foreign labor migration/docs/data/region_sector_forecast.csv,2026-05-27T13:57:22+00:00,2029,"{""cumulative_recommended_quota_persons"":152761.79571986257,""domestic_sector_supply_total_with_unemployment_reserve_persons"":6023521.347322231,""foreign_labor_stock_need_persons"":152761.79571986257,""labor_demand_required_persons"":6043777.901007917,""recommended_annual_quota_persons"":29698.46297858036,""unemployment_reserve_sector_allocated_persons"":81651.1742936548}","{""cumulative_recommended_quota_persons"":""persons"",""domestic_sector_supply_total_with_unemployment_reserve_persons"":""persons"",""foreign_labor_stock_need_persons"":""persons"",""labor_demand_required_persons"":""persons"",""recommended_annual_quota_persons"":""persons"",""unemployment_reserve_sector_allocated_persons"":""persons""}",scripts/build_labor_migration_artifacts.py,scripts/build_labor_migration_artifacts.py,calculated_v5_sector_year_sum,bed04356e8a570a2911dde917ab538bd3dd43ad84aa6d09cf900456bb3680985,99e6eb7590320386a1d4d8a4d3ba085f790dc322eb588ccfee665509533a8283
OKVED_I,I,Деятельность гостиниц и предприятий общественного питания,2029,7863.603715297781,28387.399951845393,28387.399951845393,2075138.4116537818,2128247.9648311394,81651.1742936548,foreign_labor_migration_v5_sector_year,Foreign labor migration/docs/data/region_sector_forecast.csv,2026-05-27T13:57:22+00:00,2029,"{""cumulative_recommended_quota_persons"":28387.399951845393,""domestic_sector_supply_total_with_unemployment_reserve_persons"":2128247.9648311394,""foreign_labor_stock_need_persons"":28387.399951845393,""labor_demand_required_persons"":2075138.4116537818,""recommended_annual_quota_persons"":7863.603715297781,""unemployment_reserve_sector_allocated_persons"":81651.1742936548}","{""cumulative_recommended_quota_persons"":""persons"",""domestic_sector_supply_total_with_unemployment_reserve_persons"":""persons"",""foreign_labor_stock_need_persons"":""persons"",""labor_demand_required_persons"":""persons"",""recommended_annual_quota_persons"":""persons"",""unemployment_reserve_sector_allocated_persons"":""persons""}",scripts/build_labor_migration_artifacts.py,scripts/build_labor_migration_artifacts.py,calculated_v5_sector_year_sum,bed04356e8a570a2911dde917ab538bd3dd43ad84aa6d09cf900456bb3680985,2f51f0135dabfe297deda5b8ff45906b4824fcc16769b6bfba2201f87bf976fd
OKVED_J,J,Деятельность в области информации и связи,2029,3367.861641873388,9053.987953555188,9053.987953555188,1840340.6334675895,1909827.3000843038,81651.1742936548,foreign_labor_migration_v5_sector_year,Foreign labor migration/docs/data/region_sector_forecast.csv,2026-05-27T13:57:22+00:00,2029,"{""cumulative_recommended_quota_persons"":9053.987953555188,""domestic_sector_supply_total_with_unemployment_reserve_persons"":1909827.3000843038,""foreign_labor_stock_need_persons"":9053.987953555188,""labor_demand_required_persons"":1840340.6334675895,""recommended_annual_quota_persons"":3367.861641873388,""unemployment_reserve_sector_allocated_persons"":81651.1742936548}","{""cumulative_recommended_quota_persons"":""persons"",""domestic_sector_supply_total_with_unemployment_reserve_persons"":""persons"",""foreign_labor_stock_need_persons"":""persons"",""labor_demand_required_persons"":""persons"",""recommended_annual_quota_persons"":""persons"",""unemployment_reserve_sector_allocated_persons"":""persons""}",scripts/build_labor_migration_artifacts.py,scripts/build_labor_migration_artifacts.py,calculated_v5_sector_year_sum,bed04356e8a570a2911dde917ab538bd3dd43ad84aa6d09cf900456bb3680985,e840a3ecb10d344ba503ff2646e122e3073487e0d75e62604f9e8cbe0ca9c6c1
OKVED_K,K,Деятельность финансовая и страховая,2029,1362.7909864992312,3654.6807267806134,3654.6807267806134,1275381.8464548981,1345185.7622558414,81651.1742936548,foreign_labor_migration_v5_sector_year,Foreign labor migration/docs/data/region_sector_forecast.csv,2026-05-27T13:57:22+00:00,2029,"{""cumulative_recommended_quota_persons"":3654.6807267806134,""domestic_sector_supply_total_with_unemployment_reserve_persons"":1345185.7622558414,""foreign_labor_stock_need_persons"":3654.6807267806134,""labor_demand_required_persons"":1275381.8464548981,""recommended_annual_quota_persons"":1362.7909864992312,""unemployment_reserve_sector_allocated_persons"":81651.1742936548}","{""cumulative_recommended_quota_persons"":""persons"",""domestic_sector_supply_total_with_unemployment_reserve_persons"":""persons"",""foreign_labor_stock_need_persons"":""persons"",""labor_demand_required_persons"":""persons"",""recommended_annual_quota_persons"":""persons"",""unemployment_reserve_sector_allocated_persons"":""persons""}",scripts/build_labor_migration_artifacts.py,scripts/build_labor_migration_artifacts.py,calculated_v5_sector_year_sum,bed04356e8a570a2911dde917ab538bd3dd43ad84aa6d09cf900456bb3680985,78a52a3e43a63b224acd9c747697f4e0a8dd07a923e037b940e3dd77312fe715
OKVED_L,L,Деятельность по операциям с недвижимым имуществом,2029,6526.204456310544,23775.9607632125,23775.9607632125,1991058.359128414,2046195.3317398957,81651.1742936548,foreign_labor_migration_v5_sector_year,Foreign labor migration/docs/data/region_sector_forecast.csv,2026-05-27T13:57:22+00:00,2029,"{""cumulative_recommended_quota_persons"":23775.9607632125,""domestic_sector_supply_total_with_unemployment_reserve_persons"":2046195.3317398957,""foreign_labor_stock_need_persons"":23775.9607632125,""labor_demand_required_persons"":1991058.359128414,""recommended_annual_quota_persons"":6526.204456310544,""unemployment_reserve_sector_allocated_persons"":81651.1742936548}","{""cumulative_recommended_quota_persons"":""persons"",""domestic_sector_supply_total_with_unemployment_reserve_persons"":""persons"",""foreign_labor_stock_need_persons"":""persons"",""labor_demand_required_persons"":""persons"",""recommended_annual_quota_persons"":""persons"",""unemployment_reserve_sector_allocated_persons"":""persons""}",scripts/build_labor_migration_artifacts.py,scripts/build_labor_migration_artifacts.py,calculated_v5_sector_year_sum,bed04356e8a570a2911dde917ab538bd3dd43ad84aa6d09cf900456bb3680985,1d95efeedd304bdaff8b7ba36a48746e5b6b701ef67d8950629783f5e94ba736
OKVED_M,M,"Деятельность профессиональная, научная и техническая",2029,7540.992324738674,31355.356516470183,31357.633204449136,2844479.9063720084,2900409.017822492,81651.1742936548,foreign_labor_migration_v5_sector_year,Foreign labor migration/docs/data/region_sector_forecast.csv,2026-05-27T13:57:22+00:00,2029,"{""cumulative_recommended_quota_persons"":31357.633204449136,""domestic_sector_supply_total_with_unemployment_reserve_persons"":2900409.017822492,""foreign_labor_stock_need_persons"":31355.356516470183,""labor_demand_required_persons"":2844479.9063720084,""recommended_annual_quota_persons"":7540.992324738674,""unemployment_reserve_sector_allocated_persons"":81651.1742936548}","{""cumulative_recommended_quota_persons"":""persons"",""domestic_sector_supply_total_with_unemployment_reserve_persons"":""persons"",""foreign_labor_stock_need_persons"":""persons"",""labor_demand_required_persons"":""persons"",""recommended_annual_quota_persons"":""persons"",""unemployment_reserve_sector_allocated_persons"":""persons""}",scripts/build_labor_migration_artifacts.py,scripts/build_labor_migration_artifacts.py,calculated_v5_sector_year_sum,bed04356e8a570a2911dde917ab538bd3dd43ad84aa6d09cf900456bb3680985,0ebf63c68e347d0b9a7787acb4c30d847ef28755e53499e1fb1b717a3d89433d
OKVED_N,N,Деятельность административная и сопутствующие дополнительные услуги,2029,9062.98658303771,36976.84016004417,36976.84016004417,2428678.277843167,2476660.5870322776,81651.1742936548,foreign_labor_migration_v5_sector_year,Foreign labor migration/docs/data/region_sector_forecast.csv,2026-05-27T13:57:22+00:00,2029,"{""cumulative_recommended_quota_persons"":36976.84016004417,""domestic_sector_supply_total_with_unemployment_reserve_persons"":2476660.5870322776,""foreign_labor_stock_need_persons"":36976.84016004417,""labor_demand_required_persons"":2428678.277843167,""recommended_annual_quota_persons"":9062.98658303771,""unemployment_reserve_sector_allocated_persons"":81651.1742936548}","{""cumulative_recommended_quota_persons"":""persons"",""domestic_sector_supply_total_with_unemployment_reserve_persons"":""persons"",""foreign_labor_stock_need_persons"":""persons"",""labor_demand_required_persons"":""persons"",""recommended_annual_quota_persons"":""persons"",""unemployment_reserve_sector_allocated_persons"":""persons""}",scripts/build_labor_migration_artifacts.py,scripts/build_labor_migration_artifacts.py,calculated_v5_sector_year_sum,bed04356e8a570a2911dde917ab538bd3dd43ad84aa6d09cf900456bb3680985,95d77a24d2850787fdfb8b261f9d755466bbb062c2a76b7c420d6e596784aae7
OKVED_O,O,Государственное управление и обеспечение военной безопасности; социальное обеспечение,2029,18150.399311845187,85908.69584094135,85908.69584094135,3479965.269445279,3497879.757426726,81651.1742936548,foreign_labor_migration_v5_sector_year,Foreign labor migration/docs/data/region_sector_forecast.csv,2026-05-27T13:57:22+00:00,2029,"{""cumulative_recommended_quota_persons"":85908.69584094135,""domestic_sector_supply_total_with_unemployment_reserve_persons"":3497879.757426726,""foreign_labor_stock_need_persons"":85908.69584094135,""labor_demand_required_persons"":3479965.269445279,""recommended_annual_quota_persons"":18150.399311845187,""unemployment_reserve_sector_allocated_persons"":81651.1742936548}","{""cumulative_recommended_quota_persons"":""persons"",""domestic_sector_supply_total_with_unemployment_reserve_persons"":""persons"",""foreign_labor_stock_need_persons"":""persons"",""labor_demand_required_persons"":""persons"",""recommended_annual_quota_persons"":""persons"",""unemployment_reserve_sector_allocated_persons"":""persons""}",scripts/build_labor_migration_artifacts.py,scripts/build_labor_migration_artifacts.py,calculated_v5_sector_year_sum,bed04356e8a570a2911dde917ab538bd3dd43ad84aa6d09cf900456bb3680985,31e535c63dd74f91ad7e6335743b099ff36859e3769a563aaf2e5f458699c41b
OKVED_P,P,Образование,2029,27795.982734287925,137588.24658136006,137588.24658136006,5527402.3667587135,5526805.9861783115,81651.1742936548,foreign_labor_migration_v5_sector_year,Foreign labor migration/docs/data/region_sector_forecast.csv,2026-05-27T13:57:22+00:00,2029,"{""cumulative_recommended_quota_persons"":137588.24658136006,""domestic_sector_supply_total_with_unemployment_reserve_persons"":5526805.9861783115,""foreign_labor_stock_need_persons"":137588.24658136006,""labor_demand_required_persons"":5527402.3667587135,""recommended_annual_quota_persons"":27795.982734287925,""unemployment_reserve_sector_allocated_persons"":81651.1742936548}","{""cumulative_recommended_quota_persons"":""persons"",""domestic_sector_supply_total_with_unemployment_reserve_persons"":""persons"",""foreign_labor_stock_need_persons"":""persons"",""labor_demand_required_persons"":""persons"",""recommended_annual_quota_persons"":""persons"",""unemployment_reserve_sector_allocated_persons"":""persons""}",scripts/build_labor_migration_artifacts.py,scripts/build_labor_migration_artifacts.py,calculated_v5_sector_year_sum,bed04356e8a570a2911dde917ab538bd3dd43ad84aa6d09cf900456bb3680985,3dbe1b437ada0e7a89cd4dd05625b1732b3adf01ddbbe1872a74093b8971fbb2
OKVED_Q,Q,Деятельность в области здравоохранения и социальных услуг,2029,24181.916604211372,115718.19738936408,115718.19738936408,4642833.958076281,4641649.883137287,81651.1742936548,foreign_labor_migration_v5_sector_year,Foreign labor migration/docs/data/region_sector_forecast.csv,2026-05-27T13:57:22+00:00,2029,"{""cumulative_recommended_quota_persons"":115718.19738936408,""domestic_sector_supply_total_with_unemployment_reserve_persons"":4641649.883137287,""foreign_labor_stock_need_persons"":115718.19738936408,""labor_demand_required_persons"":4642833.958076281,""recommended_annual_quota_persons"":24181.916604211372,""unemployment_reserve_sector_allocated_persons"":81651.1742936548}","{""cumulative_recommended_quota_persons"":""persons"",""domestic_sector_supply_total_with_unemployment_reserve_persons"":""persons"",""foreign_labor_stock_need_persons"":""persons"",""labor_demand_required_persons"":""persons"",""recommended_annual_quota_persons"":""persons"",""unemployment_reserve_sector_allocated_persons"":""persons""}",scripts/build_labor_migration_artifacts.py,scripts/build_labor_migration_artifacts.py,calculated_v5_sector_year_sum,bed04356e8a570a2911dde917ab538bd3dd43ad84aa6d09cf900456bb3680985,204d0511d906c869087e0400d1a20b8626236a3fb7648041f08cbb0879221ce2
OKVED_R,R,"Деятельность в области культуры, спорта, организации досуга и развлечений",2029,2751.8482300248616,8621.31194438695,8621.31194438695,1222987.9770424825,1286884.6816168565,81651.1742936548,foreign_labor_migration_v5_sector_year,Foreign labor migration/docs/data/region_sector_forecast.csv,2026-05-27T13:57:22+00:00,2029,"{""cumulative_recommended_quota_persons"":8621.31194438695,""domestic_sector_supply_total_with_unemployment_reserve_persons"":1286884.6816168565,""foreign_labor_stock_need_persons"":8621.31194438695,""labor_demand_required_persons"":1222987.9770424825,""recommended_annual_quota_persons"":2751.8482300248616,""unemployment_reserve_sector_allocated_persons"":81651.1742936548}","{""cumulative_recommended_quota_persons"":""persons"",""domestic_sector_supply_total_with_unemployment_reserve_persons"":""persons"",""foreign_labor_stock_need_persons"":""persons"",""labor_demand_required_persons"":""persons"",""recommended_annual_quota_persons"":""persons"",""unemployment_reserve_sector_allocated_persons"":""persons""}",scripts/build_labor_migration_artifacts.py,scripts/build_labor_migration_artifacts.py,calculated_v5_sector_year_sum,bed04356e8a570a2911dde917ab538bd3dd43ad84aa6d09cf900456bb3680985,b8aeaad8962ad4843f69b599c85a1df176ba5af50414c974f9707f046f3324dc
OKVED_S,S,Предоставление прочих видов услуг,2029,5670.9050736927475,18181.68717021977,18181.68717021977,1817204.3820085693,1876586.8464756561,81651.1742936548,foreign_labor_migration_v5_sector_year,Foreign labor migration/docs/data/region_sector_forecast.csv,2026-05-27T13:57:22+00:00,2029,"{""cumulative_recommended_quota_persons"":18181.68717021977,""domestic_sector_supply_total_with_unemployment_reserve_persons"":1876586.8464756561,""foreign_labor_stock_need_persons"":18181.68717021977,""labor_demand_required_persons"":1817204.3820085693,""recommended_annual_quota_persons"":5670.9050736927475,""unemployment_reserve_sector_allocated_persons"":81651.1742936548}","{""cumulative_recommended_quota_persons"":""persons"",""domestic_sector_supply_total_with_unemployment_reserve_persons"":""persons"",""foreign_labor_stock_need_persons"":""persons"",""labor_demand_required_persons"":""persons"",""recommended_annual_quota_persons"":""persons"",""unemployment_reserve_sector_allocated_persons"":""persons""}",scripts/build_labor_migration_artifacts.py,scripts/build_labor_migration_artifacts.py,calculated_v5_sector_year_sum,bed04356e8a570a2911dde917ab538bd3dd43ad84aa6d09cf900456bb3680985,8f8e14489cbb044194593213f8f81e6838b516fb19f5cad0acc0e52242b946b7
OKVED_T,T,Деятельность домашних хозяйств как работодателей; недифференцированная деятельность частных домашних хозяйств по производству товаров и оказанию услуг для собственного потребления,2029,0.0,0.0,0.0,65394.20896464536,131251.1210143092,66844.01488418679,foreign_labor_migration_v5_sector_year,Foreign labor migration/docs/data/region_sector_forecast.csv,2026-05-27T13:57:22+00:00,2029,"{""cumulative_recommended_quota_persons"":0,""domestic_sector_supply_total_with_unemployment_reserve_persons"":131251.1210143092,""foreign_labor_stock_need_persons"":0,""labor_demand_required_persons"":65394.20896464536,""recommended_annual_quota_persons"":0,""unemployment_reserve_sector_allocated_persons"":66844.01488418679}","{""cumulative_recommended_quota_persons"":""persons"",""domestic_sector_supply_total_with_unemployment_reserve_persons"":""persons"",""foreign_labor_stock_need_persons"":""persons"",""labor_demand_required_persons"":""persons"",""recommended_annual_quota_persons"":""persons"",""unemployment_reserve_sector_allocated_persons"":""persons""}",scripts/build_labor_migration_artifacts.py,scripts/build_labor_migration_artifacts.py,calculated_v5_sector_year_sum,bed04356e8a570a2911dde917ab538bd3dd43ad84aa6d09cf900456bb3680985,61c46edc150f639fb066003ceea4231a38aeda7b7961b2e349077ae76aa87379
OKVED_A,A,"Сельское, лесное хозяйство, охота, рыболовство и рыбоводство",2030,23121.584940933026,139592.00682265227,139592.00682265227,4310115.801378605,4291103.132875053,81606.44749130856,foreign_labor_migration_v5_sector_year,Foreign labor migration/docs/data/region_sector_forecast.csv,2026-05-27T13:57:22+00:00,2030,"{""cumulative_recommended_quota_persons"":139592.00682265227,""domestic_sector_supply_total_with_unemployment_reserve_persons"":4291103.132875053,""foreign_labor_stock_need_persons"":139592.00682265227,""labor_demand_required_persons"":4310115.801378605,""recommended_annual_quota_persons"":23121.584940933026,""unemployment_reserve_sector_allocated_persons"":81606.44749130856}","{""cumulative_recommended_quota_persons"":""persons"",""domestic_sector_supply_total_with_unemployment_reserve_persons"":""persons"",""foreign_labor_stock_need_persons"":""persons"",""labor_demand_required_persons"":""persons"",""recommended_annual_quota_persons"":""persons"",""unemployment_reserve_sector_allocated_persons"":""persons""}",scripts/build_labor_migration_artifacts.py,scripts/build_labor_migration_artifacts.py,calculated_v5_sector_year_sum,bed04356e8a570a2911dde917ab538bd3dd43ad84aa6d09cf900456bb3680985,1dbc27889ef483a35e28004c3e87d92c2bfef44f9c1d0a1e4fc37815fab642ba
OKVED_B,B,Добыча полезных ископаемых,2030,11561.326314809387,86778.22303710807,86778.22303710807,1466640.6298627623,1455562.5815523532,81606.44749130856,foreign_labor_migration_v5_sector_year,Foreign labor migration/docs/data/region_sector_forecast.csv,2026-05-27T13:57:22+00:00,2030,"{""cumulative_recommended_quota_persons"":86778.22303710807,""domestic_sector_supply_total_with_unemployment_reserve_persons"":1455562.5815523532,""foreign_labor_stock_need_persons"":86778.22303710807,""labor_demand_required_persons"":1466640.6298627623,""recommended_annual_quota_persons"":11561.326314809387,""unemployment_reserve_sector_allocated_persons"":81606.44749130856}","{""cumulative_recommended_quota_persons"":""persons"",""domestic_sector_supply_total_with_unemployment_reserve_persons"":""persons"",""foreign_labor_stock_need_persons"":""persons"",""labor_demand_required_persons"":""persons"",""recommended_annual_quota_persons"":""persons"",""unemployment_reserve_sector_allocated_persons"":""persons""}",scripts/build_labor_migration_artifacts.py,scripts/build_labor_migration_artifacts.py,calculated_v5_sector_year_sum,bed04356e8a570a2911dde917ab538bd3dd43ad84aa6d09cf900456bb3680985,6f099950fae3d9f7b3c1e8bb7f52fe37bc3d87dbe32881f9ed57308e4146715a
OKVED_C,C,Обрабатывающие производства,2030,45828.73181172192,301913.42742287903,301918.65925987804,10013065.987744676,9884111.497501299,81606.44749130856,foreign_labor_migration_v5_sector_year,Foreign labor migration/docs/data/region_sector_forecast.csv,2026-05-27T13:57:22+00:00,2030,"{""cumulative_recommended_quota_persons"":301918.65925987804,""domestic_sector_supply_total_with_unemployment_reserve_persons"":9884111.497501299,""foreign_labor_stock_need_persons"":301913.42742287903,""labor_demand_required_persons"":10013065.987744676,""recommended_annual_quota_persons"":45828.73181172192,""unemployment_reserve_sector_allocated_persons"":81606.44749130856}","{""cumulative_recommended_quota_persons"":""persons"",""domestic_sector_supply_total_with_unemployment_reserve_persons"":""persons"",""foreign_labor_stock_need_persons"":""persons"",""labor_demand_required_persons"":""persons"",""recommended_annual_quota_persons"":""persons"",""unemployment_reserve_sector_allocated_persons"":""persons""}",scripts/build_labor_migration_artifacts.py,scripts/build_labor_migration_artifacts.py,calculated_v5_sector_year_sum,bed04356e8a570a2911dde917ab538bd3dd43ad84aa6d09cf900456bb3680985,e0d491f6b0bbbeda04d759fa715bab30718f201d529a88f6b28f4989183ae733
OKVED_D,D,"Обеспечение электрической энергией, газом и паром; кондиционирование воздуха",2030,8105.4670163013725,38372.199209514285,38372.199209514285,1619787.8995485755,1652341.6622908483,81606.44749130856,foreign_labor_migration_v5_sector_year,Foreign labor migration/docs/data/region_sector_forecast.csv,2026-05-27T13:57:22+00:00,2030,"{""cumulative_recommended_quota_persons"":38372.199209514285,""domestic_sector_supply_total_with_unemployment_reserve_persons"":1652341.6622908483,""foreign_labor_stock_need_persons"":38372.199209514285,""labor_demand_required_persons"":1619787.8995485755,""recommended_annual_quota_persons"":8105.4670163013725,""unemployment_reserve_sector_allocated_persons"":81606.44749130856}","{""cumulative_recommended_quota_persons"":""persons"",""domestic_sector_supply_total_with_unemployment_reserve_persons"":""persons"",""foreign_labor_stock_need_persons"":""persons"",""labor_demand_required_persons"":""persons"",""recommended_annual_quota_persons"":""persons"",""unemployment_reserve_sector_allocated_persons"":""persons""}",scripts/build_labor_migration_artifacts.py,scripts/build_labor_migration_artifacts.py,calculated_v5_sector_year_sum,bed04356e8a570a2911dde917ab538bd3dd43ad84aa6d09cf900456bb3680985,00543cb9880035f4ad2415b4a3999052d13f3dde94fc1074f4968a6f0f3269f0
OKVED_E,E,"Водоснабжение; водоотведение, организация сбора и утилизации отходов, деятельность по ликвидации загрязнений",2030,1168.97793858356,3262.775434026952,3264.5884128658663,668731.5144754023,732417.9842705411,81606.44749130856,foreign_labor_migration_v5_sector_year,Foreign labor migration/docs/data/region_sector_forecast.csv,2026-05-27T13:57:22+00:00,2030,"{""cumulative_recommended_quota_persons"":3264.5884128658663,""domestic_sector_supply_total_with_unemployment_reserve_persons"":732417.9842705411,""foreign_labor_stock_need_persons"":3262.775434026952,""labor_demand_required_persons"":668731.5144754023,""recommended_annual_quota_persons"":1168.97793858356,""unemployment_reserve_sector_allocated_persons"":81606.44749130856}","{""cumulative_recommended_quota_persons"":""persons"",""domestic_sector_supply_total_with_unemployment_reserve_persons"":""persons"",""foreign_labor_stock_need_persons"":""persons"",""labor_demand_required_persons"":""persons"",""recommended_annual_quota_persons"":""persons"",""unemployment_reserve_sector_allocated_persons"":""persons""}",scripts/build_labor_migration_artifacts.py,scripts/build_labor_migration_artifacts.py,calculated_v5_sector_year_sum,bed04356e8a570a2911dde917ab538bd3dd43ad84aa6d09cf900456bb3680985,2ee7d82ad6ecf9fa4e7c7eb7c4c28e1d8508a796611093ec7c759f0ca52087dc
OKVED_F,F,Строительство,2030,26446.35333119983,179762.25580514036,179762.25580514036,6631472.896707864,6593755.618814831,81606.44749130856,foreign_labor_migration_v5_sector_year,Foreign labor migration/docs/data/region_sector_forecast.csv,2026-05-27T13:57:22+00:00,2030,"{""cumulative_recommended_quota_persons"":179762.25580514036,""domestic_sector_supply_total_with_unemployment_reserve_persons"":6593755.618814831,""foreign_labor_stock_need_persons"":179762.25580514036,""labor_demand_required_persons"":6631472.896707864,""recommended_annual_quota_persons"":26446.35333119983,""unemployment_reserve_sector_allocated_persons"":81606.44749130856}","{""cumulative_recommended_quota_persons"":""persons"",""domestic_sector_supply_total_with_unemployment_reserve_persons"":""persons"",""foreign_labor_stock_need_persons"":""persons"",""labor_demand_required_persons"":""persons"",""recommended_annual_quota_persons"":""persons"",""unemployment_reserve_sector_allocated_persons"":""persons""}",scripts/build_labor_migration_artifacts.py,scripts/build_labor_migration_artifacts.py,calculated_v5_sector_year_sum,bed04356e8a570a2911dde917ab538bd3dd43ad84aa6d09cf900456bb3680985,9dfcb140ea199be8a88126342a68a7739e18b75400cfb61234401e0609b17c6c
OKVED_G,G,Торговля оптовая и розничная; ремонт автотранспортных средств и мотоциклов,2030,61304.945023494,415839.0152620687,415839.0152620687,13615013.923821539,13413049.561288968,81606.44749130856,foreign_labor_migration_v5_sector_year,Foreign labor migration/docs/data/region_sector_forecast.csv,2026-05-27T13:57:22+00:00,2030,"{""cumulative_recommended_quota_persons"":415839.0152620687,""domestic_sector_supply_total_with_unemployment_reserve_persons"":13413049.561288968,""foreign_labor_stock_need_persons"":415839.0152620687,""labor_demand_required_persons"":13615013.923821539,""recommended_annual_quota_persons"":61304.945023494,""unemployment_reserve_sector_allocated_persons"":81606.44749130856}","{""cumulative_recommended_quota_persons"":""persons"",""domestic_sector_supply_total_with_unemployment_reserve_persons"":""persons"",""foreign_labor_stock_need_persons"":""persons"",""labor_demand_required_persons"":""persons"",""recommended_annual_quota_persons"":""persons"",""unemployment_reserve_sector_allocated_persons"":""persons""}",scripts/build_labor_migration_artifacts.py,scripts/build_labor_migration_artifacts.py,calculated_v5_sector_year_sum,bed04356e8a570a2911dde917ab538bd3dd43ad84aa6d09cf900456bb3680985,beec469a2f1592c5f3029e00c40c605a5ff88fa3ab3960a005dd91cf8cc59432
OKVED_H,H,Транспортировка и хранение,2030,28747.79334917739,181509.58906903997,181509.58906903997,6086139.137829016,6025375.477235936,81606.44749130856,foreign_labor_migration_v5_sector_year,Foreign labor migration/docs/data/region_sector_forecast.csv,2026-05-27T13:57:22+00:00,2030,"{""cumulative_recommended_quota_persons"":181509.58906903997,""domestic_sector_supply_total_with_unemployment_reserve_persons"":6025375.477235936,""foreign_labor_stock_need_persons"":181509.58906903997,""labor_demand_required_persons"":6086139.137829016,""recommended_annual_quota_persons"":28747.79334917739,""unemployment_reserve_sector_allocated_persons"":81606.44749130856}","{""cumulative_recommended_quota_persons"":""persons"",""domestic_sector_supply_total_with_unemployment_reserve_persons"":""persons"",""foreign_labor_stock_need_persons"":""persons"",""labor_demand_required_persons"":""persons"",""recommended_annual_quota_persons"":""persons"",""unemployment_reserve_sector_allocated_persons"":""persons""}",scripts/build_labor_migration_artifacts.py,scripts/build_labor_migration_artifacts.py,calculated_v5_sector_year_sum,bed04356e8a570a2911dde917ab538bd3dd43ad84aa6d09cf900456bb3680985,50d098ad2e4acafa38c5a2d09ded7273aef31c83d518eaa9604cd28a6bb96a4b
OKVED_I,I,Деятельность гостиниц и предприятий общественного питания,2030,7684.747168655317,36072.14712050071,36072.14712050071,2078851.3207106688,2119192.6330330996,81606.44749130856,foreign_labor_migration_v5_sector_year,Foreign labor migration/docs/data/region_sector_forecast.csv,2026-05-27T13:57:22+00:00,2030,"{""cumulative_recommended_quota_persons"":36072.14712050071,""domestic_sector_supply_total_with_unemployment_reserve_persons"":2119192.6330330996,""foreign_labor_stock_need_persons"":36072.14712050071,""labor_demand_required_persons"":2078851.3207106688,""recommended_annual_quota_persons"":7684.747168655317,""unemployment_reserve_sector_allocated_persons"":81606.44749130856}","{""cumulative_recommended_quota_persons"":""persons"",""domestic_sector_supply_total_with_unemployment_reserve_persons"":""persons"",""foreign_labor_stock_need_persons"":""persons"",""labor_demand_required_persons"":""persons"",""recommended_annual_quota_persons"":""persons"",""unemployment_reserve_sector_allocated_persons"":""persons""}",scripts/build_labor_migration_artifacts.py,scripts/build_labor_migration_artifacts.py,calculated_v5_sector_year_sum,bed04356e8a570a2911dde917ab538bd3dd43ad84aa6d09cf900456bb3680985,02ea24daa009d20b7e77c62259f0406e7d97c19184cd4076093a4872df456a14
OKVED_J,J,Деятельность в области информации и связи,2030,3669.1561311865617,12723.144084741749,12723.144084741749,1834585.1251985014,1891318.9324637365,81606.44749130856,foreign_labor_migration_v5_sector_year,Foreign labor migration/docs/data/region_sector_forecast.csv,2026-05-27T13:57:22+00:00,2030,"{""cumulative_recommended_quota_persons"":12723.144084741749,""domestic_sector_supply_total_with_unemployment_reserve_persons"":1891318.9324637365,""foreign_labor_stock_need_persons"":12723.144084741749,""labor_demand_required_persons"":1834585.1251985014,""recommended_annual_quota_persons"":3669.1561311865617,""unemployment_reserve_sector_allocated_persons"":81606.44749130856}","{""cumulative_recommended_quota_persons"":""persons"",""domestic_sector_supply_total_with_unemployment_reserve_persons"":""persons"",""foreign_labor_stock_need_persons"":""persons"",""labor_demand_required_persons"":""persons"",""recommended_annual_quota_persons"":""persons"",""unemployment_reserve_sector_allocated_persons"":""persons""}",scripts/build_labor_migration_artifacts.py,scripts/build_labor_migration_artifacts.py,calculated_v5_sector_year_sum,bed04356e8a570a2911dde917ab538bd3dd43ad84aa6d09cf900456bb3680985,0169997c1fb6f579b9898e96fa1e13709c70c1ea897c6ef15814954642dbdcfc
OKVED_K,K,Деятельность финансовая и страховая,2030,1649.6071149019815,5304.287841682596,5304.287841682596,1278593.7136838154,1339293.256542797,81606.44749130856,foreign_labor_migration_v5_sector_year,Foreign labor migration/docs/data/region_sector_forecast.csv,2026-05-27T13:57:22+00:00,2030,"{""cumulative_recommended_quota_persons"":5304.287841682596,""domestic_sector_supply_total_with_unemployment_reserve_persons"":1339293.256542797,""foreign_labor_stock_need_persons"":5304.287841682596,""labor_demand_required_persons"":1278593.7136838154,""recommended_annual_quota_persons"":1649.6071149019815,""unemployment_reserve_sector_allocated_persons"":81606.44749130856}","{""cumulative_recommended_quota_persons"":""persons"",""domestic_sector_supply_total_with_unemployment_reserve_persons"":""persons"",""foreign_labor_stock_need_persons"":""persons"",""labor_demand_required_persons"":""persons"",""recommended_annual_quota_persons"":""persons"",""unemployment_reserve_sector_allocated_persons"":""persons""}",scripts/build_labor_migration_artifacts.py,scripts/build_labor_migration_artifacts.py,calculated_v5_sector_year_sum,bed04356e8a570a2911dde917ab538bd3dd43ad84aa6d09cf900456bb3680985,f8db620d24a1e836733d180d74255bcbdc61792dae92f66d8a18b82e9fcfe6df
OKVED_L,L,Деятельность по операциям с недвижимым имуществом,2030,6690.2328303171735,30466.193593529675,30466.193593529675,2000645.5800815097,2042131.4226602006,81606.44749130856,foreign_labor_migration_v5_sector_year,Foreign labor migration/docs/data/region_sector_forecast.csv,2026-05-27T13:57:22+00:00,2030,"{""cumulative_recommended_quota_persons"":30466.193593529675,""domestic_sector_supply_total_with_unemployment_reserve_persons"":2042131.4226602006,""foreign_labor_stock_need_persons"":30466.193593529675,""labor_demand_required_persons"":2000645.5800815097,""recommended_annual_quota_persons"":6690.2328303171735,""unemployment_reserve_sector_allocated_persons"":81606.44749130856}","{""cumulative_recommended_quota_persons"":""persons"",""domestic_sector_supply_total_with_unemployment_reserve_persons"":""persons"",""foreign_labor_stock_need_persons"":""persons"",""labor_demand_required_persons"":""persons"",""recommended_annual_quota_persons"":""persons"",""unemployment_reserve_sector_allocated_persons"":""persons""}",scripts/build_labor_migration_artifacts.py,scripts/build_labor_migration_artifacts.py,calculated_v5_sector_year_sum,bed04356e8a570a2911dde917ab538bd3dd43ad84aa6d09cf900456bb3680985,e30f2c20892e47e89d2011d6d14e1c73b09eecb5d69a762896c9f63232419535
OKVED_M,M,"Деятельность профессиональная, научная и техническая",2030,7978.474107090652,39333.83062356083,39336.10731153979,2826149.761947091,2862994.832924089,81606.44749130856,foreign_labor_migration_v5_sector_year,Foreign labor migration/docs/data/region_sector_forecast.csv,2026-05-27T13:57:22+00:00,2030,"{""cumulative_recommended_quota_persons"":39336.10731153979,""domestic_sector_supply_total_with_unemployment_reserve_persons"":2862994.832924089,""foreign_labor_stock_need_persons"":39333.83062356083,""labor_demand_required_persons"":2826149.761947091,""recommended_annual_quota_persons"":7978.474107090652,""unemployment_reserve_sector_allocated_persons"":81606.44749130856}","{""cumulative_recommended_quota_persons"":""persons"",""domestic_sector_supply_total_with_unemployment_reserve_persons"":""persons"",""foreign_labor_stock_need_persons"":""persons"",""labor_demand_required_persons"":""persons"",""recommended_annual_quota_persons"":""persons"",""unemployment_reserve_sector_allocated_persons"":""persons""}",scripts/build_labor_migration_artifacts.py,scripts/build_labor_migration_artifacts.py,calculated_v5_sector_year_sum,bed04356e8a570a2911dde917ab538bd3dd43ad84aa6d09cf900456bb3680985,64cb4bbec8895d370f9c1aee10c5f35baffc383473e17f2d402d25e698ec5c81
OKVED_N,N,Деятельность административная и сопутствующие дополнительные услуги,2030,9435.375643426196,46412.21580347036,46412.21580347036,2462181.825240257,2492811.391835506,81606.44749130856,foreign_labor_migration_v5_sector_year,Foreign labor migration/docs/data/region_sector_forecast.csv,2026-05-27T13:57:22+00:00,2030,"{""cumulative_recommended_quota_persons"":46412.21580347036,""domestic_sector_supply_total_with_unemployment_reserve_persons"":2492811.391835506,""foreign_labor_stock_need_persons"":46412.21580347036,""labor_demand_required_persons"":2462181.825240257,""recommended_annual_quota_persons"":9435.375643426196,""unemployment_reserve_sector_allocated_persons"":81606.44749130856}","{""cumulative_recommended_quota_persons"":""persons"",""domestic_sector_supply_total_with_unemployment_reserve_persons"":""persons"",""foreign_labor_stock_need_persons"":""persons"",""labor_demand_required_persons"":""persons"",""recommended_annual_quota_persons"":""persons"",""unemployment_reserve_sector_allocated_persons"":""persons""}",scripts/build_labor_migration_artifacts.py,scripts/build_labor_migration_artifacts.py,calculated_v5_sector_year_sum,bed04356e8a570a2911dde917ab538bd3dd43ad84aa6d09cf900456bb3680985,bba1ec301435875514d8a562d6bf8d7d1c66db127ce79322a4bd5caf1e8d7638
OKVED_O,O,Государственное управление и обеспечение военной безопасности; социальное обеспечение,2030,18397.566442753112,104306.26228369446,104306.26228369446,3506309.6694991915,3502210.125760367,81606.44749130856,foreign_labor_migration_v5_sector_year,Foreign labor migration/docs/data/region_sector_forecast.csv,2026-05-27T13:57:22+00:00,2030,"{""cumulative_recommended_quota_persons"":104306.26228369446,""domestic_sector_supply_total_with_unemployment_reserve_persons"":3502210.125760367,""foreign_labor_stock_need_persons"":104306.26228369446,""labor_demand_required_persons"":3506309.6694991915,""recommended_annual_quota_persons"":18397.566442753112,""unemployment_reserve_sector_allocated_persons"":81606.44749130856}","{""cumulative_recommended_quota_persons"":""persons"",""domestic_sector_supply_total_with_unemployment_reserve_persons"":""persons"",""foreign_labor_stock_need_persons"":""persons"",""labor_demand_required_persons"":""persons"",""recommended_annual_quota_persons"":""persons"",""unemployment_reserve_sector_allocated_persons"":""persons""}",scripts/build_labor_migration_artifacts.py,scripts/build_labor_migration_artifacts.py,calculated_v5_sector_year_sum,bed04356e8a570a2911dde917ab538bd3dd43ad84aa6d09cf900456bb3680985,40be69afd32af1ab05a233ccdd9289849e5579ad975aba4e6bb0e37f95de7c00
OKVED_P,P,Образование,2030,27681.10401377596,165269.35059513603,165269.35059513603,5581110.927794649,5546644.739893349,81606.44749130856,foreign_labor_migration_v5_sector_year,Foreign labor migration/docs/data/region_sector_forecast.csv,2026-05-27T13:57:22+00:00,2030,"{""cumulative_recommended_quota_persons"":165269.35059513603,""domestic_sector_supply_total_with_unemployment_reserve_persons"":5546644.739893349,""foreign_labor_stock_need_persons"":165269.35059513603,""labor_demand_required_persons"":5581110.927794649,""recommended_annual_quota_persons"":27681.10401377596,""unemployment_reserve_sector_allocated_persons"":81606.44749130856}","{""cumulative_recommended_quota_persons"":""persons"",""domestic_sector_supply_total_with_unemployment_reserve_persons"":""persons"",""foreign_labor_stock_need_persons"":""persons"",""labor_demand_required_persons"":""persons"",""recommended_annual_quota_persons"":""persons"",""unemployment_reserve_sector_allocated_persons"":""persons""}",scripts/build_labor_migration_artifacts.py,scripts/build_labor_migration_artifacts.py,calculated_v5_sector_year_sum,bed04356e8a570a2911dde917ab538bd3dd43ad84aa6d09cf900456bb3680985,7005c14d7b60ac3a53666fc9d88c90f875030cd167ebfb620a070d9be46e717e
OKVED_Q,Q,Деятельность в области здравоохранения и социальных услуг,2030,23986.082863920423,139704.2802532845,139704.2802532845,4683713.515779008,4652021.61085096,81606.44749130856,foreign_labor_migration_v5_sector_year,Foreign labor migration/docs/data/region_sector_forecast.csv,2026-05-27T13:57:22+00:00,2030,"{""cumulative_recommended_quota_persons"":139704.2802532845,""domestic_sector_supply_total_with_unemployment_reserve_persons"":4652021.61085096,""foreign_labor_stock_need_persons"":139704.2802532845,""labor_demand_required_persons"":4683713.515779008,""recommended_annual_quota_persons"":23986.082863920423,""unemployment_reserve_sector_allocated_persons"":81606.44749130856}","{""cumulative_recommended_quota_persons"":""persons"",""domestic_sector_supply_total_with_unemployment_reserve_persons"":""persons"",""foreign_labor_stock_need_persons"":""persons"",""labor_demand_required_persons"":""persons"",""recommended_annual_quota_persons"":""persons"",""unemployment_reserve_sector_allocated_persons"":""persons""}",scripts/build_labor_migration_artifacts.py,scripts/build_labor_migration_artifacts.py,calculated_v5_sector_year_sum,bed04356e8a570a2911dde917ab538bd3dd43ad84aa6d09cf900456bb3680985,9c4c9ad487757032c8bbce95ce3522bbc5944c732fb1dd4168bb7c48336393aa
OKVED_R,R,"Деятельность в области культуры, спорта, организации досуга и развлечений",2030,3410.65215129108,12031.96409567803,12031.96409567803,1228967.663597453,1284666.2834382039,81606.44749130856,foreign_labor_migration_v5_sector_year,Foreign labor migration/docs/data/region_sector_forecast.csv,2026-05-27T13:57:22+00:00,2030,"{""cumulative_recommended_quota_persons"":12031.96409567803,""domestic_sector_supply_total_with_unemployment_reserve_persons"":1284666.2834382039,""foreign_labor_stock_need_persons"":12031.96409567803,""labor_demand_required_persons"":1228967.663597453,""recommended_annual_quota_persons"":3410.65215129108,""unemployment_reserve_sector_allocated_persons"":81606.44749130856}","{""cumulative_recommended_quota_persons"":""persons"",""domestic_sector_supply_total_with_unemployment_reserve_persons"":""persons"",""foreign_labor_stock_need_persons"":""persons"",""labor_demand_required_persons"":""persons"",""recommended_annual_quota_persons"":""persons"",""unemployment_reserve_sector_allocated_persons"":""persons""}",scripts/build_labor_migration_artifacts.py,scripts/build_labor_migration_artifacts.py,calculated_v5_sector_year_sum,bed04356e8a570a2911dde917ab538bd3dd43ad84aa6d09cf900456bb3680985,4015d9743c4f3354ddfa4c0af011086344d6abd038b94364f949a041322cccee
OKVED_S,S,Предоставление прочих видов услуг,2030,5799.709019384297,23981.396189604067,23981.396189604067,1830307.6079412976,1877652.160884296,81606.44749130856,foreign_labor_migration_v5_sector_year,Foreign labor migration/docs/data/region_sector_forecast.csv,2026-05-27T13:57:22+00:00,2030,"{""cumulative_recommended_quota_persons"":23981.396189604067,""domestic_sector_supply_total_with_unemployment_reserve_persons"":1877652.160884296,""foreign_labor_stock_need_persons"":23981.396189604067,""labor_demand_required_persons"":1830307.6079412976,""recommended_annual_quota_persons"":5799.709019384297,""unemployment_reserve_sector_allocated_persons"":81606.44749130856}","{""cumulative_recommended_quota_persons"":""persons"",""domestic_sector_supply_total_with_unemployment_reserve_persons"":""persons"",""foreign_labor_stock_need_persons"":""persons"",""labor_demand_required_persons"":""persons"",""recommended_annual_quota_persons"":""persons"",""unemployment_reserve_sector_allocated_persons"":""persons""}",scripts/build_labor_migration_artifacts.py,scripts/build_labor_migration_artifacts.py,calculated_v5_sector_year_sum,bed04356e8a570a2911dde917ab538bd3dd43ad84aa6d09cf900456bb3680985,bc96aeeab3652feb70ea9cb7a99caa8bf2d7b4e3e6197b701d501e606829c81c
OKVED_T,T,Деятельность домашних хозяйств как работодателей; недифференцированная деятельность частных домашних хозяйств по производству товаров и оказанию услуг для собственного потребления,2030,5.10098438074624,5.10098438074624,5.10098438074624,65787.49757370686,131287.9577767329,66849.74405987134,foreign_labor_migration_v5_sector_year,Foreign labor migration/docs/data/region_sector_forecast.csv,2026-05-27T13:57:22+00:00,2030,"{""cumulative_recommended_quota_persons"":5.10098438074624,""domestic_sector_supply_total_with_unemployment_reserve_persons"":131287.9577767329,""foreign_labor_stock_need_persons"":5.10098438074624,""labor_demand_required_persons"":65787.49757370686,""recommended_annual_quota_persons"":5.10098438074624,""unemployment_reserve_sector_allocated_persons"":66849.74405987134}","{""cumulative_recommended_quota_persons"":""persons"",""domestic_sector_supply_total_with_unemployment_reserve_persons"":""persons"",""foreign_labor_stock_need_persons"":""persons"",""labor_demand_required_persons"":""persons"",""recommended_annual_quota_persons"":""persons"",""unemployment_reserve_sector_allocated_persons"":""persons""}",scripts/build_labor_migration_artifacts.py,scripts/build_labor_migration_artifacts.py,calculated_v5_sector_year_sum,bed04356e8a570a2911dde917ab538bd3dd43ad84aa6d09cf900456bb3680985,7f9ebd4b9c461b12683556d7a53c85cd38e56670ee4b0d70a59db1b418199fb4
OKVED_A,A,"Сельское, лесное хозяйство, охота, рыболовство и рыбоводство",2031,22419.038515408436,162011.0453380607,162011.0453380607,4312641.623833288,4269656.021690428,81537.22279630027,foreign_labor_migration_v5_sector_year,Foreign labor migration/docs/data/region_sector_forecast.csv,2026-05-27T13:57:22+00:00,2031,"{""cumulative_recommended_quota_persons"":162011.0453380607,""domestic_sector_supply_total_with_unemployment_reserve_persons"":4269656.021690428,""foreign_labor_stock_need_persons"":162011.0453380607,""labor_demand_required_persons"":4312641.623833288,""recommended_annual_quota_persons"":22419.038515408436,""unemployment_reserve_sector_allocated_persons"":81537.22279630027}","{""cumulative_recommended_quota_persons"":""persons"",""domestic_sector_supply_total_with_unemployment_reserve_persons"":""persons"",""foreign_labor_stock_need_persons"":""persons"",""labor_demand_required_persons"":""persons"",""recommended_annual_quota_persons"":""persons"",""unemployment_reserve_sector_allocated_persons"":""persons""}",scripts/build_labor_migration_artifacts.py,scripts/build_labor_migration_artifacts.py,calculated_v5_sector_year_sum,bed04356e8a570a2911dde917ab538bd3dd43ad84aa6d09cf900456bb3680985,2027ad24320fdafa5a2fdd9e582f52cee09a9ac64ed3899987f89814864217a3
OKVED_B,B,Добыча полезных ископаемых,2031,11969.861198433628,98748.0842355417,98748.0842355417,1502226.7314683395,1476973.428564083,81537.22279630027,foreign_labor_migration_v5_sector_year,Foreign labor migration/docs/data/region_sector_forecast.csv,2026-05-27T13:57:22+00:00,2031,"{""cumulative_recommended_quota_persons"":98748.0842355417,""domestic_sector_supply_total_with_unemployment_reserve_persons"":1476973.428564083,""foreign_labor_stock_need_persons"":98748.0842355417,""labor_demand_required_persons"":1502226.7314683395,""recommended_annual_quota_persons"":11969.861198433628,""unemployment_reserve_sector_allocated_persons"":81537.22279630027}","{""cumulative_recommended_quota_persons"":""persons"",""domestic_sector_supply_total_with_unemployment_reserve_persons"":""persons"",""foreign_labor_stock_need_persons"":""persons"",""labor_demand_required_persons"":""persons"",""recommended_annual_quota_persons"":""persons"",""unemployment_reserve_sector_allocated_persons"":""persons""}",scripts/build_labor_migration_artifacts.py,scripts/build_labor_migration_artifacts.py,calculated_v5_sector_year_sum,bed04356e8a570a2911dde917ab538bd3dd43ad84aa6d09cf900456bb3680985,a0129cdfb69b35a06f682e746db354d1cda71aa4c342f53c67cedfebccf855d4
OKVED_C,C,Обрабатывающие производства,2031,46966.79335740981,348880.2207802888,348885.45261728787,9947502.11054587,9756149.91605497,81537.22279630027,foreign_labor_migration_v5_sector_year,Foreign labor migration/docs/data/region_sector_forecast.csv,2026-05-27T13:57:22+00:00,2031,"{""cumulative_recommended_quota_persons"":348885.45261728787,""domestic_sector_supply_total_with_unemployment_reserve_persons"":9756149.91605497,""foreign_labor_stock_need_persons"":348880.2207802888,""labor_demand_required_persons"":9947502.11054587,""recommended_annual_quota_persons"":46966.79335740981,""unemployment_reserve_sector_allocated_persons"":81537.22279630027}","{""cumulative_recommended_quota_persons"":""persons"",""domestic_sector_supply_total_with_unemployment_reserve_persons"":""persons"",""foreign_labor_stock_need_persons"":""persons"",""labor_demand_required_persons"":""persons"",""recommended_annual_quota_persons"":""persons"",""unemployment_reserve_sector_allocated_persons"":""persons""}",scripts/build_labor_migration_artifacts.py,scripts/build_labor_migration_artifacts.py,calculated_v5_sector_year_sum,bed04356e8a570a2911dde917ab538bd3dd43ad84aa6d09cf900456bb3680985,c0f6eb3780c957de942428c6f107dba9157bf50e8cae9492b63d058cef511d3d
OKVED_D,D,"Обеспечение электрической энергией, газом и паром; кондиционирование воздуха",2031,8523.597210924183,46895.79642043847,46895.79642043847,1645274.112143089,1666009.9024594128,81537.22279630027,foreign_labor_migration_v5_sector_year,Foreign labor migration/docs/data/region_sector_forecast.csv,2026-05-27T13:57:22+00:00,2031,"{""cumulative_recommended_quota_persons"":46895.79642043847,""domestic_sector_supply_total_with_unemployment_reserve_persons"":1666009.9024594128,""foreign_labor_stock_need_persons"":46895.79642043847,""labor_demand_required_persons"":1645274.112143089,""recommended_annual_quota_persons"":8523.597210924183,""unemployment_reserve_sector_allocated_persons"":81537.22279630027}","{""cumulative_recommended_quota_persons"":""persons"",""domestic_sector_supply_total_with_unemployment_reserve_persons"":""persons"",""foreign_labor_stock_need_persons"":""persons"",""labor_demand_required_persons"":""persons"",""recommended_annual_quota_persons"":""persons"",""unemployment_reserve_sector_allocated_persons"":""persons""}",scripts/build_labor_migration_artifacts.py,scripts/build_labor_migration_artifacts.py,calculated_v5_sector_year_sum,bed04356e8a570a2911dde917ab538bd3dd43ad84aa6d09cf900456bb3680985,50720aeaf7b72131ee0d7da8392698ba14ea012038c9093f31f202eea5b14558
OKVED_E,E,"Водоснабжение; водоотведение, организация сбора и утилизации отходов, деятельность по ликвидации загрязнений",2031,1412.4955619616603,4675.270995988612,4677.083974827527,667957.2166916652,727219.6306345662,81537.22279630027,foreign_labor_migration_v5_sector_year,Foreign labor migration/docs/data/region_sector_forecast.csv,2026-05-27T13:57:22+00:00,2031,"{""cumulative_recommended_quota_persons"":4677.083974827527,""domestic_sector_supply_total_with_unemployment_reserve_persons"":727219.6306345662,""foreign_labor_stock_need_persons"":4675.270995988612,""labor_demand_required_persons"":667957.2166916652,""recommended_annual_quota_persons"":1412.4955619616603,""unemployment_reserve_sector_allocated_persons"":81537.22279630027}","{""cumulative_recommended_quota_persons"":""persons"",""domestic_sector_supply_total_with_unemployment_reserve_persons"":""persons"",""foreign_labor_stock_need_persons"":""persons"",""labor_demand_required_persons"":""persons"",""recommended_annual_quota_persons"":""persons"",""unemployment_reserve_sector_allocated_persons"":""persons""}",scripts/build_labor_migration_artifacts.py,scripts/build_labor_migration_artifacts.py,calculated_v5_sector_year_sum,bed04356e8a570a2911dde917ab538bd3dd43ad84aa6d09cf900456bb3680985,859e13607b378f7ee4ec429f8817c2ddb234f7cabdbebac95f7be506c55b2512
OKVED_F,F,Строительство,2031,26621.589055754892,206383.84486089525,206383.84486089525,6613157.465153428,6537113.166853512,81537.22279630027,foreign_labor_migration_v5_sector_year,Foreign labor migration/docs/data/region_sector_forecast.csv,2026-05-27T13:57:22+00:00,2031,"{""cumulative_recommended_quota_persons"":206383.84486089525,""domestic_sector_supply_total_with_unemployment_reserve_persons"":6537113.166853512,""foreign_labor_stock_need_persons"":206383.84486089525,""labor_demand_required_persons"":6613157.465153428,""recommended_annual_quota_persons"":26621.589055754892,""unemployment_reserve_sector_allocated_persons"":81537.22279630027}","{""cumulative_recommended_quota_persons"":""persons"",""domestic_sector_supply_total_with_unemployment_reserve_persons"":""persons"",""foreign_labor_stock_need_persons"":""persons"",""labor_demand_required_persons"":""persons"",""recommended_annual_quota_persons"":""persons"",""unemployment_reserve_sector_allocated_persons"":""persons""}",scripts/build_labor_migration_artifacts.py,scripts/build_labor_migration_artifacts.py,calculated_v5_sector_year_sum,bed04356e8a570a2911dde917ab538bd3dd43ad84aa6d09cf900456bb3680985,ade46be369b23bb388ccd6e25500cfdcb598534c100e7d901a2031133dadd1f1
OKVED_G,G,Торговля оптовая и розничная; ремонт автотранспортных средств и мотоциклов,2031,66219.7724225097,482058.78768457845,482058.78768457845,13668838.173914075,13381810.030688673,81537.22279630027,foreign_labor_migration_v5_sector_year,Foreign labor migration/docs/data/region_sector_forecast.csv,2026-05-27T13:57:22+00:00,2031,"{""cumulative_recommended_quota_persons"":482058.78768457845,""domestic_sector_supply_total_with_unemployment_reserve_persons"":13381810.030688673,""foreign_labor_stock_need_persons"":482058.78768457845,""labor_demand_required_persons"":13668838.173914075,""recommended_annual_quota_persons"":66219.7724225097,""unemployment_reserve_sector_allocated_persons"":81537.22279630027}","{""cumulative_recommended_quota_persons"":""persons"",""domestic_sector_supply_total_with_unemployment_reserve_persons"":""persons"",""foreign_labor_stock_need_persons"":""persons"",""labor_demand_required_persons"":""persons"",""recommended_annual_quota_persons"":""persons"",""unemployment_reserve_sector_allocated_persons"":""persons""}",scripts/build_labor_migration_artifacts.py,scripts/build_labor_migration_artifacts.py,calculated_v5_sector_year_sum,bed04356e8a570a2911dde917ab538bd3dd43ad84aa6d09cf900456bb3680985,460a7c43f276c41a5c71a7614df2ece37eff9c180b5833fba9b7ade6f77a4cdf
OKVED_H,H,Транспортировка и хранение,2031,29473.322602766242,210982.9116718062,210982.9116718062,6128425.947085615,6027456.771991844,81537.22279630027,foreign_labor_migration_v5_sector_year,Foreign labor migration/docs/data/region_sector_forecast.csv,2026-05-27T13:57:22+00:00,2031,"{""cumulative_recommended_quota_persons"":210982.9116718062,""domestic_sector_supply_total_with_unemployment_reserve_persons"":6027456.771991844,""foreign_labor_stock_need_persons"":210982.9116718062,""labor_demand_required_persons"":6128425.947085615,""recommended_annual_quota_persons"":29473.322602766242,""unemployment_reserve_sector_allocated_persons"":81537.22279630027}","{""cumulative_recommended_quota_persons"":""persons"",""domestic_sector_supply_total_with_unemployment_reserve_persons"":""persons"",""foreign_labor_stock_need_persons"":""persons"",""labor_demand_required_persons"":""persons"",""recommended_annual_quota_persons"":""persons"",""unemployment_reserve_sector_allocated_persons"":""persons""}",scripts/build_labor_migration_artifacts.py,scripts/build_labor_migration_artifacts.py,calculated_v5_sector_year_sum,bed04356e8a570a2911dde917ab538bd3dd43ad84aa6d09cf900456bb3680985,30e8079d57a4ae6e9741bc905089c040080e176dfedfc67fa2528c032aecdb97
OKVED_I,I,Деятельность гостиниц и предприятий общественного питания,2031,7745.517594840028,43817.66471534074,43817.66471534074,2082641.7549653777,2110505.4023314416,81537.22279630027,foreign_labor_migration_v5_sector_year,Foreign labor migration/docs/data/region_sector_forecast.csv,2026-05-27T13:57:22+00:00,2031,"{""cumulative_recommended_quota_persons"":43817.66471534074,""domestic_sector_supply_total_with_unemployment_reserve_persons"":2110505.4023314416,""foreign_labor_stock_need_persons"":43817.66471534074,""labor_demand_required_persons"":2082641.7549653777,""recommended_annual_quota_persons"":7745.517594840028,""unemployment_reserve_sector_allocated_persons"":81537.22279630027}","{""cumulative_recommended_quota_persons"":""persons"",""domestic_sector_supply_total_with_unemployment_reserve_persons"":""persons"",""foreign_labor_stock_need_persons"":""persons"",""labor_demand_required_persons"":""persons"",""recommended_annual_quota_persons"":""persons"",""unemployment_reserve_sector_allocated_persons"":""persons""}",scripts/build_labor_migration_artifacts.py,scripts/build_labor_migration_artifacts.py,calculated_v5_sector_year_sum,bed04356e8a570a2911dde917ab538bd3dd43ad84aa6d09cf900456bb3680985,19f86199fd6ac61ccea0da118ff87ec1fe192e0f63a5aad3cfb1e1d050bdec8b
OKVED_J,J,Деятельность в области информации и связи,2031,3787.862694914757,16511.006779656505,16511.006779656505,1828667.7233674822,1873309.2519589318,81537.22279630027,foreign_labor_migration_v5_sector_year,Foreign labor migration/docs/data/region_sector_forecast.csv,2026-05-27T13:57:22+00:00,2031,"{""cumulative_recommended_quota_persons"":16511.006779656505,""domestic_sector_supply_total_with_unemployment_reserve_persons"":1873309.2519589318,""foreign_labor_stock_need_persons"":16511.006779656505,""labor_demand_required_persons"":1828667.7233674822,""recommended_annual_quota_persons"":3787.862694914757,""unemployment_reserve_sector_allocated_persons"":81537.22279630027}","{""cumulative_recommended_quota_persons"":""persons"",""domestic_sector_supply_total_with_unemployment_reserve_persons"":""persons"",""foreign_labor_stock_need_persons"":""persons"",""labor_demand_required_persons"":""persons"",""recommended_annual_quota_persons"":""persons"",""unemployment_reserve_sector_allocated_persons"":""persons""}",scripts/build_labor_migration_artifacts.py,scripts/build_labor_migration_artifacts.py,calculated_v5_sector_year_sum,bed04356e8a570a2911dde917ab538bd3dd43ad84aa6d09cf900456bb3680985,4de22d74dc99878aed3e52b5e135b8a102eb75294e44e33168a955b0ddcabeed
OKVED_K,K,Деятельность финансовая и страховая,2031,2204.1838579180794,7508.471699600675,7508.471699600675,1281718.4521091245,1333627.352721669,81537.22279630027,foreign_labor_migration_v5_sector_year,Foreign labor migration/docs/data/region_sector_forecast.csv,2026-05-27T13:57:22+00:00,2031,"{""cumulative_recommended_quota_persons"":7508.471699600675,""domestic_sector_supply_total_with_unemployment_reserve_persons"":1333627.352721669,""foreign_labor_stock_need_persons"":7508.471699600675,""labor_demand_required_persons"":1281718.4521091245,""recommended_annual_quota_persons"":2204.1838579180794,""unemployment_reserve_sector_allocated_persons"":81537.22279630027}","{""cumulative_recommended_quota_persons"":""persons"",""domestic_sector_supply_total_with_unemployment_reserve_persons"":""persons"",""foreign_labor_stock_need_persons"":""persons"",""labor_demand_required_persons"":""persons"",""recommended_annual_quota_persons"":""persons"",""unemployment_reserve_sector_allocated_persons"":""persons""}",scripts/build_labor_migration_artifacts.py,scripts/build_labor_migration_artifacts.py,calculated_v5_sector_year_sum,bed04356e8a570a2911dde917ab538bd3dd43ad84aa6d09cf900456bb3680985,3840d606348fe345bd5c9b2f2bd0e303758fb3e47f0ccc848d5260515c551589
OKVED_L,L,Деятельность по операциям с недвижимым имуществом,2031,7103.848234276927,37570.041827806606,37570.041827806606,2009419.0013445825,2037572.9943164685,81537.22279630027,foreign_labor_migration_v5_sector_year,Foreign labor migration/docs/data/region_sector_forecast.csv,2026-05-27T13:57:22+00:00,2031,"{""cumulative_recommended_quota_persons"":37570.041827806606,""domestic_sector_supply_total_with_unemployment_reserve_persons"":2037572.9943164685,""foreign_labor_stock_need_persons"":37570.041827806606,""labor_demand_required_persons"":2009419.0013445825,""recommended_annual_quota_persons"":7103.848234276927,""unemployment_reserve_sector_allocated_persons"":81537.22279630027}","{""cumulative_recommended_quota_persons"":""persons"",""domestic_sector_supply_total_with_unemployment_reserve_persons"":""persons"",""foreign_labor_stock_need_persons"":""persons"",""labor_demand_required_persons"":""persons"",""recommended_annual_quota_persons"":""persons"",""unemployment_reserve_sector_allocated_persons"":""persons""}",scripts/build_labor_migration_artifacts.py,scripts/build_labor_migration_artifacts.py,calculated_v5_sector_year_sum,bed04356e8a570a2911dde917ab538bd3dd43ad84aa6d09cf900456bb3680985,20d6a1216f5434b13fb30960f94de9d59f03fe7b18c6d249909a65a43390b31e
OKVED_M,M,"Деятельность профессиональная, научная и техническая",2031,8570.306489654635,47904.13711321547,47906.41380119442,2807771.548946565,2826608.921759696,81537.22279630027,foreign_labor_migration_v5_sector_year,Foreign labor migration/docs/data/region_sector_forecast.csv,2026-05-27T13:57:22+00:00,2031,"{""cumulative_recommended_quota_persons"":47906.41380119442,""domestic_sector_supply_total_with_unemployment_reserve_persons"":2826608.921759696,""foreign_labor_stock_need_persons"":47904.13711321547,""labor_demand_required_persons"":2807771.548946565,""recommended_annual_quota_persons"":8570.306489654635,""unemployment_reserve_sector_allocated_persons"":81537.22279630027}","{""cumulative_recommended_quota_persons"":""persons"",""domestic_sector_supply_total_with_unemployment_reserve_persons"":""persons"",""foreign_labor_stock_need_persons"":""persons"",""labor_demand_required_persons"":""persons"",""recommended_annual_quota_persons"":""persons"",""unemployment_reserve_sector_allocated_persons"":""persons""}",scripts/build_labor_migration_artifacts.py,scripts/build_labor_migration_artifacts.py,calculated_v5_sector_year_sum,bed04356e8a570a2911dde917ab538bd3dd43ad84aa6d09cf900456bb3680985,9a197eabf3fb8c5cca906661a72fb24356afd2613008e481455f162f9b2e8a48
OKVED_N,N,Деятельность административная и сопутствующие дополнительные услуги,2031,10488.98461627908,56901.200419749446,56901.200419749446,2495917.618627583,2509284.441130955,81537.22279630027,foreign_labor_migration_v5_sector_year,Foreign labor migration/docs/data/region_sector_forecast.csv,2026-05-27T13:57:22+00:00,2031,"{""cumulative_recommended_quota_persons"":56901.200419749446,""domestic_sector_supply_total_with_unemployment_reserve_persons"":2509284.441130955,""foreign_labor_stock_need_persons"":56901.200419749446,""labor_demand_required_persons"":2495917.618627583,""recommended_annual_quota_persons"":10488.98461627908,""unemployment_reserve_sector_allocated_persons"":81537.22279630027}","{""cumulative_recommended_quota_persons"":""persons"",""domestic_sector_supply_total_with_unemployment_reserve_persons"":""persons"",""foreign_labor_stock_need_persons"":""persons"",""labor_demand_required_persons"":""persons"",""recommended_annual_quota_persons"":""persons"",""unemployment_reserve_sector_allocated_persons"":""persons""}",scripts/build_labor_migration_artifacts.py,scripts/build_labor_migration_artifacts.py,calculated_v5_sector_year_sum,bed04356e8a570a2911dde917ab538bd3dd43ad84aa6d09cf900456bb3680985,19199c33492411e667c153901d5bff2f973b2fae09aad18abbc9d23cec8a7864
OKVED_O,O,Государственное управление и обеспечение военной безопасности; социальное обеспечение,2031,19048.79153572811,123355.05381942257,123355.05381942257,3532770.862952618,3506192.466632121,81537.22279630027,foreign_labor_migration_v5_sector_year,Foreign labor migration/docs/data/region_sector_forecast.csv,2026-05-27T13:57:22+00:00,2031,"{""cumulative_recommended_quota_persons"":123355.05381942257,""domestic_sector_supply_total_with_unemployment_reserve_persons"":3506192.466632121,""foreign_labor_stock_need_persons"":123355.05381942257,""labor_demand_required_persons"":3532770.862952618,""recommended_annual_quota_persons"":19048.79153572811,""unemployment_reserve_sector_allocated_persons"":81537.22279630027}","{""cumulative_recommended_quota_persons"":""persons"",""domestic_sector_supply_total_with_unemployment_reserve_persons"":""persons"",""foreign_labor_stock_need_persons"":""persons"",""labor_demand_required_persons"":""persons"",""recommended_annual_quota_persons"":""persons"",""unemployment_reserve_sector_allocated_persons"":""persons""}",scripts/build_labor_migration_artifacts.py,scripts/build_labor_migration_artifacts.py,calculated_v5_sector_year_sum,bed04356e8a570a2911dde917ab538bd3dd43ad84aa6d09cf900456bb3680985,5f845c92e25d6f15f0f0389e1c72ebe51d43e8fc7d32570c5ff66e52faf8cceb
OKVED_P,P,Образование,2031,28540.40136761265,193809.75196274868,193809.75196274868,5635239.943266431,5565922.987071144,81537.22279630027,foreign_labor_migration_v5_sector_year,Foreign labor migration/docs/data/region_sector_forecast.csv,2026-05-27T13:57:22+00:00,2031,"{""cumulative_recommended_quota_persons"":193809.75196274868,""domestic_sector_supply_total_with_unemployment_reserve_persons"":5565922.987071144,""foreign_labor_stock_need_persons"":193809.75196274868,""labor_demand_required_persons"":5635239.943266431,""recommended_annual_quota_persons"":28540.40136761265,""unemployment_reserve_sector_allocated_persons"":81537.22279630027}","{""cumulative_recommended_quota_persons"":""persons"",""domestic_sector_supply_total_with_unemployment_reserve_persons"":""persons"",""foreign_labor_stock_need_persons"":""persons"",""labor_demand_required_persons"":""persons"",""recommended_annual_quota_persons"":""persons"",""unemployment_reserve_sector_allocated_persons"":""persons""}",scripts/build_labor_migration_artifacts.py,scripts/build_labor_migration_artifacts.py,calculated_v5_sector_year_sum,bed04356e8a570a2911dde917ab538bd3dd43ad84aa6d09cf900456bb3680985,2cdfa93ab8a300531df531ab28e51ab4c88dae7f80b1d45afa59b81f72dd6fcf
OKVED_Q,Q,Деятельность в области здравоохранения и социальных услуг,2031,24599.650053693033,164303.93030697753,164303.93030697753,4726263.565347139,4663585.690723837,81537.22279630027,foreign_labor_migration_v5_sector_year,Foreign labor migration/docs/data/region_sector_forecast.csv,2026-05-27T13:57:22+00:00,2031,"{""cumulative_recommended_quota_persons"":164303.93030697753,""domestic_sector_supply_total_with_unemployment_reserve_persons"":4663585.690723837,""foreign_labor_stock_need_persons"":164303.93030697753,""labor_demand_required_persons"":4726263.565347139,""recommended_annual_quota_persons"":24599.650053693033,""unemployment_reserve_sector_allocated_persons"":81537.22279630027}","{""cumulative_recommended_quota_persons"":""persons"",""domestic_sector_supply_total_with_unemployment_reserve_persons"":""persons"",""foreign_labor_stock_need_persons"":""persons"",""labor_demand_required_persons"":""persons"",""recommended_annual_quota_persons"":""persons"",""unemployment_reserve_sector_allocated_persons"":""persons""}",scripts/build_labor_migration_artifacts.py,scripts/build_labor_migration_artifacts.py,calculated_v5_sector_year_sum,bed04356e8a570a2911dde917ab538bd3dd43ad84aa6d09cf900456bb3680985,ba97737313312c3f8a6a85e98996fd44976d2eeff556d1c92b6501baacfb89a4
OKVED_R,R,"Деятельность в области культуры, спорта, организации досуга и развлечений",2031,3572.7211867175547,15604.685282395583,15604.685282395583,1234878.8968391232,1282490.6499793918,81537.22279630027,foreign_labor_migration_v5_sector_year,Foreign labor migration/docs/data/region_sector_forecast.csv,2026-05-27T13:57:22+00:00,2031,"{""cumulative_recommended_quota_persons"":15604.685282395583,""domestic_sector_supply_total_with_unemployment_reserve_persons"":1282490.6499793918,""foreign_labor_stock_need_persons"":15604.685282395583,""labor_demand_required_persons"":1234878.8968391232,""recommended_annual_quota_persons"":3572.7211867175547,""unemployment_reserve_sector_allocated_persons"":81537.22279630027}","{""cumulative_recommended_quota_persons"":""persons"",""domestic_sector_supply_total_with_unemployment_reserve_persons"":""persons"",""foreign_labor_stock_need_persons"":""persons"",""labor_demand_required_persons"":""persons"",""recommended_annual_quota_persons"":""persons"",""unemployment_reserve_sector_allocated_persons"":""persons""}",scripts/build_labor_migration_artifacts.py,scripts/build_labor_migration_artifacts.py,calculated_v5_sector_year_sum,bed04356e8a570a2911dde917ab538bd3dd43ad84aa6d09cf900456bb3680985,46af7e1733db75cf7343e44d3e86d41e5071b4a56f004b0a43d2223ceed720d3
OKVED_S,S,Предоставление прочих видов услуг,2031,6484.748514722935,30466.144704327005,30466.144704327005,1843428.572353838,1878962.9832932937,81537.22279630027,foreign_labor_migration_v5_sector_year,Foreign labor migration/docs/data/region_sector_forecast.csv,2026-05-27T13:57:22+00:00,2031,"{""cumulative_recommended_quota_persons"":30466.144704327005,""domestic_sector_supply_total_with_unemployment_reserve_persons"":1878962.9832932937,""foreign_labor_stock_need_persons"":30466.144704327005,""labor_demand_required_persons"":1843428.572353838,""recommended_annual_quota_persons"":6484.748514722935,""unemployment_reserve_sector_allocated_persons"":81537.22279630027}","{""cumulative_recommended_quota_persons"":""persons"",""domestic_sector_supply_total_with_unemployment_reserve_persons"":""persons"",""foreign_labor_stock_need_persons"":""persons"",""labor_demand_required_persons"":""persons"",""recommended_annual_quota_persons"":""persons"",""unemployment_reserve_sector_allocated_persons"":""persons""}",scripts/build_labor_migration_artifacts.py,scripts/build_labor_migration_artifacts.py,calculated_v5_sector_year_sum,bed04356e8a570a2911dde917ab538bd3dd43ad84aa6d09cf900456bb3680985,8b4b87796092f31dc47c3baeb65fd1d391a39fe3c8955c6909faa1c1d0afb082
OKVED_T,T,Деятельность домашних хозяйств как работодателей; недифференцированная деятельность частных домашних хозяйств по производству товаров и оказанию услуг для собственного потребления,2031,11.24850874281242,16.34949312355866,16.34949312355866,66175.65685772794,131301.9290848441,66831.00024985793,foreign_labor_migration_v5_sector_year,Foreign labor migration/docs/data/region_sector_forecast.csv,2026-05-27T13:57:22+00:00,2031,"{""cumulative_recommended_quota_persons"":16.34949312355866,""domestic_sector_supply_total_with_unemployment_reserve_persons"":131301.9290848441,""foreign_labor_stock_need_persons"":16.34949312355866,""labor_demand_required_persons"":66175.65685772794,""recommended_annual_quota_persons"":11.24850874281242,""unemployment_reserve_sector_allocated_persons"":66831.00024985793}","{""cumulative_recommended_quota_persons"":""persons"",""domestic_sector_supply_total_with_unemployment_reserve_persons"":""persons"",""foreign_labor_stock_need_persons"":""persons"",""labor_demand_required_persons"":""persons"",""recommended_annual_quota_persons"":""persons"",""unemployment_reserve_sector_allocated_persons"":""persons""}",scripts/build_labor_migration_artifacts.py,scripts/build_labor_migration_artifacts.py,calculated_v5_sector_year_sum,bed04356e8a570a2911dde917ab538bd3dd43ad84aa6d09cf900456bb3680985,cd56ffa697c00827246ab64558b936904d5c87ab886bb63d8d47ff416e1161c4
OKVED_A,A,"Сельское, лесное хозяйство, охота, рыболовство и рыбоводство",2032,25413.27225100372,187424.31758906442,187424.31758906442,4314063.165237913,4241009.707274261,81328.72928493062,foreign_labor_migration_v5_sector_year,Foreign labor migration/docs/data/region_sector_forecast.csv,2026-05-27T13:57:22+00:00,2032,"{""cumulative_recommended_quota_persons"":187424.31758906442,""domestic_sector_supply_total_with_unemployment_reserve_persons"":4241009.707274261,""foreign_labor_stock_need_persons"":187424.31758906442,""labor_demand_required_persons"":4314063.165237913,""recommended_annual_quota_persons"":25413.27225100372,""unemployment_reserve_sector_allocated_persons"":81328.72928493062}","{""cumulative_recommended_quota_persons"":""persons"",""domestic_sector_supply_total_with_unemployment_reserve_persons"":""persons"",""foreign_labor_stock_need_persons"":""persons"",""labor_demand_required_persons"":""persons"",""recommended_annual_quota_persons"":""persons"",""unemployment_reserve_sector_allocated_persons"":""persons""}",scripts/build_labor_migration_artifacts.py,scripts/build_labor_migration_artifacts.py,calculated_v5_sector_year_sum,bed04356e8a570a2911dde917ab538bd3dd43ad84aa6d09cf900456bb3680985,59e066d3b3f15588a62f1cddc87997d1d01d911479b653f92088e2b2033f5b81
OKVED_B,B,Добыча полезных ископаемых,2032,13572.971078577415,112321.0553141191,112321.0553141191,1537018.9515735533,1495378.2137101036,81328.72928493062,foreign_labor_migration_v5_sector_year,Foreign labor migration/docs/data/region_sector_forecast.csv,2026-05-27T13:57:22+00:00,2032,"{""cumulative_recommended_quota_persons"":112321.0553141191,""domestic_sector_supply_total_with_unemployment_reserve_persons"":1495378.2137101036,""foreign_labor_stock_need_persons"":112321.0553141191,""labor_demand_required_persons"":1537018.9515735533,""recommended_annual_quota_persons"":13572.971078577415,""unemployment_reserve_sector_allocated_persons"":81328.72928493062}","{""cumulative_recommended_quota_persons"":""persons"",""domestic_sector_supply_total_with_unemployment_reserve_persons"":""persons"",""foreign_labor_stock_need_persons"":""persons"",""labor_demand_required_persons"":""persons"",""recommended_annual_quota_persons"":""persons"",""unemployment_reserve_sector_allocated_persons"":""persons""}",scripts/build_labor_migration_artifacts.py,scripts/build_labor_migration_artifacts.py,calculated_v5_sector_year_sum,bed04356e8a570a2911dde917ab538bd3dd43ad84aa6d09cf900456bb3680985,df513e4a9dfece6872e279d1040d541701a7118eeb0b70d40182c7e9e18b1f28
OKVED_C,C,Обрабатывающие производства,2032,64417.526667437494,413297.7474477263,413302.9792847254,9880465.047071502,9615164.846948108,81328.72928493062,foreign_labor_migration_v5_sector_year,Foreign labor migration/docs/data/region_sector_forecast.csv,2026-05-27T13:57:22+00:00,2032,"{""cumulative_recommended_quota_persons"":413302.9792847254,""domestic_sector_supply_total_with_unemployment_reserve_persons"":9615164.846948108,""foreign_labor_stock_need_persons"":413297.7474477263,""labor_demand_required_persons"":9880465.047071502,""recommended_annual_quota_persons"":64417.526667437494,""unemployment_reserve_sector_allocated_persons"":81328.72928493062}","{""cumulative_recommended_quota_persons"":""persons"",""domestic_sector_supply_total_with_unemployment_reserve_persons"":""persons"",""foreign_labor_stock_need_persons"":""persons"",""labor_demand_required_persons"":""persons"",""recommended_annual_quota_persons"":""persons"",""unemployment_reserve_sector_allocated_persons"":""persons""}",scripts/build_labor_migration_artifacts.py,scripts/build_labor_migration_artifacts.py,calculated_v5_sector_year_sum,bed04356e8a570a2911dde917ab538bd3dd43ad84aa6d09cf900456bb3680985,6d38fd61a242095607c4193efe97111cbab4055597b42479199e5a03d5e793c6
OKVED_D,D,"Обеспечение электрической энергией, газом и паром; кондиционирование воздуха",2032,10106.940940372246,57002.737360810715,57002.737360810715,1670852.4993782057,1677267.168480547,81328.72928493062,foreign_labor_migration_v5_sector_year,Foreign labor migration/docs/data/region_sector_forecast.csv,2026-05-27T13:57:22+00:00,2032,"{""cumulative_recommended_quota_persons"":57002.737360810715,""domestic_sector_supply_total_with_unemployment_reserve_persons"":1677267.168480547,""foreign_labor_stock_need_persons"":57002.737360810715,""labor_demand_required_persons"":1670852.4993782057,""recommended_annual_quota_persons"":10106.940940372246,""unemployment_reserve_sector_allocated_persons"":81328.72928493062}","{""cumulative_recommended_quota_persons"":""persons"",""domestic_sector_supply_total_with_unemployment_reserve_persons"":""persons"",""foreign_labor_stock_need_persons"":""persons"",""labor_demand_required_persons"":""persons"",""recommended_annual_quota_persons"":""persons"",""unemployment_reserve_sector_allocated_persons"":""persons""}",scripts/build_labor_migration_artifacts.py,scripts/build_labor_migration_artifacts.py,calculated_v5_sector_year_sum,bed04356e8a570a2911dde917ab538bd3dd43ad84aa6d09cf900456bb3680985,5dfa9f6780cf128b791eac1a65cc6a187f298d7b8fa821fa220cc15cdceb5996
OKVED_E,E,"Водоснабжение; водоотведение, организация сбора и утилизации отходов, деятельность по ликвидации загрязнений",2032,1782.5568723230213,6457.827868311633,6459.640847150547,667048.2645671115,720946.3984798029,81328.72928493062,foreign_labor_migration_v5_sector_year,Foreign labor migration/docs/data/region_sector_forecast.csv,2026-05-27T13:57:22+00:00,2032,"{""cumulative_recommended_quota_persons"":6459.640847150547,""domestic_sector_supply_total_with_unemployment_reserve_persons"":720946.3984798029,""foreign_labor_stock_need_persons"":6457.827868311633,""labor_demand_required_persons"":667048.2645671115,""recommended_annual_quota_persons"":1782.5568723230213,""unemployment_reserve_sector_allocated_persons"":81328.72928493062}","{""cumulative_recommended_quota_persons"":""persons"",""domestic_sector_supply_total_with_unemployment_reserve_persons"":""persons"",""foreign_labor_stock_need_persons"":""persons"",""labor_demand_required_persons"":""persons"",""recommended_annual_quota_persons"":""persons"",""unemployment_reserve_sector_allocated_persons"":""persons""}",scripts/build_labor_migration_artifacts.py,scripts/build_labor_migration_artifacts.py,calculated_v5_sector_year_sum,bed04356e8a570a2911dde917ab538bd3dd43ad84aa6d09cf900456bb3680985,4596e29969a5c272ddd89ab9e0ae17064fd44f20609eeca8178e2d18473eec38
OKVED_F,F,Строительство,2032,39209.24359187896,245593.08845277422,245593.08845277422,6593493.597891237,6470498.8292488875,81328.72928493062,foreign_labor_migration_v5_sector_year,Foreign labor migration/docs/data/region_sector_forecast.csv,2026-05-27T13:57:22+00:00,2032,"{""cumulative_recommended_quota_persons"":245593.08845277422,""domestic_sector_supply_total_with_unemployment_reserve_persons"":6470498.8292488875,""foreign_labor_stock_need_persons"":245593.08845277422,""labor_demand_required_persons"":6593493.597891237,""recommended_annual_quota_persons"":39209.24359187896,""unemployment_reserve_sector_allocated_persons"":81328.72928493062}","{""cumulative_recommended_quota_persons"":""persons"",""domestic_sector_supply_total_with_unemployment_reserve_persons"":""persons"",""foreign_labor_stock_need_persons"":""persons"",""labor_demand_required_persons"":""persons"",""recommended_annual_quota_persons"":""persons"",""unemployment_reserve_sector_allocated_persons"":""persons""}",scripts/build_labor_migration_artifacts.py,scripts/build_labor_migration_artifacts.py,calculated_v5_sector_year_sum,bed04356e8a570a2911dde917ab538bd3dd43ad84aa6d09cf900456bb3680985,b0ed34b768953a288d92544fad6f8c9a9b3617ac24278c8415dc2965e8a1e9cc
OKVED_G,G,Торговля оптовая и розничная; ремонт автотранспортных средств и мотоциклов,2032,96820.25565313439,578879.0433377129,578879.0433377129,13720141.4899966,13329621.86871628,81328.72928493062,foreign_labor_migration_v5_sector_year,Foreign labor migration/docs/data/region_sector_forecast.csv,2026-05-27T13:57:22+00:00,2032,"{""cumulative_recommended_quota_persons"":578879.0433377129,""domestic_sector_supply_total_with_unemployment_reserve_persons"":13329621.86871628,""foreign_labor_stock_need_persons"":578879.0433377129,""labor_demand_required_persons"":13720141.4899966,""recommended_annual_quota_persons"":96820.25565313439,""unemployment_reserve_sector_allocated_persons"":81328.72928493062}","{""cumulative_recommended_quota_persons"":""persons"",""domestic_sector_supply_total_with_unemployment_reserve_persons"":""persons"",""foreign_labor_stock_need_persons"":""persons"",""labor_demand_required_persons"":""persons"",""recommended_annual_quota_persons"":""persons"",""unemployment_reserve_sector_allocated_persons"":""persons""}",scripts/build_labor_migration_artifacts.py,scripts/build_labor_migration_artifacts.py,calculated_v5_sector_year_sum,bed04356e8a570a2911dde917ab538bd3dd43ad84aa6d09cf900456bb3680985,3e73d0d9b58df52702ba7a7d30af23327cb42acf0058572634bcb146f325564f
OKVED_H,H,Транспортировка и хранение,2032,41318.18701714231,252301.09868894852,252301.09868894852,6169681.423397212,6020243.737066822,81328.72928493062,foreign_labor_migration_v5_sector_year,Foreign labor migration/docs/data/region_sector_forecast.csv,2026-05-27T13:57:22+00:00,2032,"{""cumulative_recommended_quota_persons"":252301.09868894852,""domestic_sector_supply_total_with_unemployment_reserve_persons"":6020243.737066822,""foreign_labor_stock_need_persons"":252301.09868894852,""labor_demand_required_persons"":6169681.423397212,""recommended_annual_quota_persons"":41318.18701714231,""unemployment_reserve_sector_allocated_persons"":81328.72928493062}","{""cumulative_recommended_quota_persons"":""persons"",""domestic_sector_supply_total_with_unemployment_reserve_persons"":""persons"",""foreign_labor_stock_need_persons"":""persons"",""labor_demand_required_persons"":""persons"",""recommended_annual_quota_persons"":""persons"",""unemployment_reserve_sector_allocated_persons"":""persons""}",scripts/build_labor_migration_artifacts.py,scripts/build_labor_migration_artifacts.py,calculated_v5_sector_year_sum,bed04356e8a570a2911dde917ab538bd3dd43ad84aa6d09cf900456bb3680985,ec6b1c9bf5af9bb5df64fc4ced9d365fd876304f629ba1d31e655968c2480441
OKVED_I,I,Деятельность гостиниц и предприятий общественного питания,2032,9344.150691397703,53161.815406738446,53161.815406738446,2086098.387964917,2098623.098364288,81328.72928493062,foreign_labor_migration_v5_sector_year,Foreign labor migration/docs/data/region_sector_forecast.csv,2026-05-27T13:57:22+00:00,2032,"{""cumulative_recommended_quota_persons"":53161.815406738446,""domestic_sector_supply_total_with_unemployment_reserve_persons"":2098623.098364288,""foreign_labor_stock_need_persons"":53161.815406738446,""labor_demand_required_persons"":2086098.387964917,""recommended_annual_quota_persons"":9344.150691397703,""unemployment_reserve_sector_allocated_persons"":81328.72928493062}","{""cumulative_recommended_quota_persons"":""persons"",""domestic_sector_supply_total_with_unemployment_reserve_persons"":""persons"",""foreign_labor_stock_need_persons"":""persons"",""labor_demand_required_persons"":""persons"",""recommended_annual_quota_persons"":""persons"",""unemployment_reserve_sector_allocated_persons"":""persons""}",scripts/build_labor_migration_artifacts.py,scripts/build_labor_migration_artifacts.py,calculated_v5_sector_year_sum,bed04356e8a570a2911dde917ab538bd3dd43ad84aa6d09cf900456bb3680985,6c7201cd501df17be7482ff1acf6b1343e639caa702f2d08a6bd06ec67ddecd1
OKVED_J,J,Деятельность в области информации и связи,2032,8475.476944963611,24986.48372462012,24986.48372462012,1822342.013246795,1852446.974373026,81328.72928493062,foreign_labor_migration_v5_sector_year,Foreign labor migration/docs/data/region_sector_forecast.csv,2026-05-27T13:57:22+00:00,2032,"{""cumulative_recommended_quota_persons"":24986.48372462012,""domestic_sector_supply_total_with_unemployment_reserve_persons"":1852446.974373026,""foreign_labor_stock_need_persons"":24986.48372462012,""labor_demand_required_persons"":1822342.013246795,""recommended_annual_quota_persons"":8475.476944963611,""unemployment_reserve_sector_allocated_persons"":81328.72928493062}","{""cumulative_recommended_quota_persons"":""persons"",""domestic_sector_supply_total_with_unemployment_reserve_persons"":""persons"",""foreign_labor_stock_need_persons"":""persons"",""labor_demand_required_persons"":""persons"",""recommended_annual_quota_persons"":""persons"",""unemployment_reserve_sector_allocated_persons"":""persons""}",scripts/build_labor_migration_artifacts.py,scripts/build_labor_migration_artifacts.py,calculated_v5_sector_year_sum,bed04356e8a570a2911dde917ab538bd3dd43ad84aa6d09cf900456bb3680985,e934977c862667b94357b80e7e777c8bc90989b7cad45bfeff3170003303c02f
OKVED_K,K,Деятельность финансовая и страховая,2032,4942.043903343311,12450.515602943986,12450.515602943986,1284565.0830597861,1325842.9516906904,81328.72928493062,foreign_labor_migration_v5_sector_year,Foreign labor migration/docs/data/region_sector_forecast.csv,2026-05-27T13:57:22+00:00,2032,"{""cumulative_recommended_quota_persons"":12450.515602943986,""domestic_sector_supply_total_with_unemployment_reserve_persons"":1325842.9516906904,""foreign_labor_stock_need_persons"":12450.515602943986,""labor_demand_required_persons"":1284565.0830597861,""recommended_annual_quota_persons"":4942.043903343311,""unemployment_reserve_sector_allocated_persons"":81328.72928493062}","{""cumulative_recommended_quota_persons"":""persons"",""domestic_sector_supply_total_with_unemployment_reserve_persons"":""persons"",""foreign_labor_stock_need_persons"":""persons"",""labor_demand_required_persons"":""persons"",""recommended_annual_quota_persons"":""persons"",""unemployment_reserve_sector_allocated_persons"":""persons""}",scripts/build_labor_migration_artifacts.py,scripts/build_labor_migration_artifacts.py,calculated_v5_sector_year_sum,bed04356e8a570a2911dde917ab538bd3dd43ad84aa6d09cf900456bb3680985,c7a69c77e77aba97567c529d5db39400cee9105f9731f9bc6b38e434d6772847
OKVED_L,L,Деятельность по операциям с недвижимым имуществом,2032,9721.493753145725,47291.535580952324,47291.535580952324,2017431.7673979707,2029510.039891436,81328.72928493062,foreign_labor_migration_v5_sector_year,Foreign labor migration/docs/data/region_sector_forecast.csv,2026-05-27T13:57:22+00:00,2032,"{""cumulative_recommended_quota_persons"":47291.535580952324,""domestic_sector_supply_total_with_unemployment_reserve_persons"":2029510.039891436,""foreign_labor_stock_need_persons"":47291.535580952324,""labor_demand_required_persons"":2017431.7673979707,""recommended_annual_quota_persons"":9721.493753145725,""unemployment_reserve_sector_allocated_persons"":81328.72928493062}","{""cumulative_recommended_quota_persons"":""persons"",""domestic_sector_supply_total_with_unemployment_reserve_persons"":""persons"",""foreign_labor_stock_need_persons"":""persons"",""labor_demand_required_persons"":""persons"",""recommended_annual_quota_persons"":""persons"",""unemployment_reserve_sector_allocated_persons"":""persons""}",scripts/build_labor_migration_artifacts.py,scripts/build_labor_migration_artifacts.py,calculated_v5_sector_year_sum,bed04356e8a570a2911dde917ab538bd3dd43ad84aa6d09cf900456bb3680985,5702bcdf296dfb1aa32985b8b4e6d7379ae771033e799f7b23114493fd4385ef
OKVED_M,M,"Деятельность профессиональная, научная и техническая",2032,15702.717592494539,63606.85470571001,63609.131393688964,2788921.6449194616,2786285.6111231796,81328.72928493062,foreign_labor_migration_v5_sector_year,Foreign labor migration/docs/data/region_sector_forecast.csv,2026-05-27T13:57:22+00:00,2032,"{""cumulative_recommended_quota_persons"":63609.131393688964,""domestic_sector_supply_total_with_unemployment_reserve_persons"":2786285.6111231796,""foreign_labor_stock_need_persons"":63606.85470571001,""labor_demand_required_persons"":2788921.6449194616,""recommended_annual_quota_persons"":15702.717592494539,""unemployment_reserve_sector_allocated_persons"":81328.72928493062}","{""cumulative_recommended_quota_persons"":""persons"",""domestic_sector_supply_total_with_unemployment_reserve_persons"":""persons"",""foreign_labor_stock_need_persons"":""persons"",""labor_demand_required_persons"":""persons"",""recommended_annual_quota_persons"":""persons"",""unemployment_reserve_sector_allocated_persons"":""persons""}",scripts/build_labor_migration_artifacts.py,scripts/build_labor_migration_artifacts.py,calculated_v5_sector_year_sum,bed04356e8a570a2911dde917ab538bd3dd43ad84aa6d09cf900456bb3680985,8d0c9ce7b0b2257ad263ac6062c54a8d6fd0da33e428358750ede4303e3cb8de
OKVED_N,N,Деятельность административная и сопутствующие дополнительные услуги,2032,14710.366393821323,71611.56681357077,71611.56681357077,2529514.197949438,2521889.6549343294,81328.72928493062,foreign_labor_migration_v5_sector_year,Foreign labor migration/docs/data/region_sector_forecast.csv,2026-05-27T13:57:22+00:00,2032,"{""cumulative_recommended_quota_persons"":71611.56681357077,""domestic_sector_supply_total_with_unemployment_reserve_persons"":2521889.6549343294,""foreign_labor_stock_need_persons"":71611.56681357077,""labor_demand_required_persons"":2529514.197949438,""recommended_annual_quota_persons"":14710.366393821323,""unemployment_reserve_sector_allocated_persons"":81328.72928493062}","{""cumulative_recommended_quota_persons"":""persons"",""domestic_sector_supply_total_with_unemployment_reserve_persons"":""persons"",""foreign_labor_stock_need_persons"":""persons"",""labor_demand_required_persons"":""persons"",""recommended_annual_quota_persons"":""persons"",""unemployment_reserve_sector_allocated_persons"":""persons""}",scripts/build_labor_migration_artifacts.py,scripts/build_labor_migration_artifacts.py,calculated_v5_sector_year_sum,bed04356e8a570a2911dde917ab538bd3dd43ad84aa6d09cf900456bb3680985,bd6405fa59a5bc4b6196edf046253d316ed98422d4dcbc076d4b314630d9aa19
OKVED_O,O,Государственное управление и обеспечение военной безопасности; социальное обеспечение,2032,21605.68482246883,144960.7386418914,144960.7386418914,3558771.9421504945,3504687.550804908,81328.72928493062,foreign_labor_migration_v5_sector_year,Foreign labor migration/docs/data/region_sector_forecast.csv,2026-05-27T13:57:22+00:00,2032,"{""cumulative_recommended_quota_persons"":144960.7386418914,""domestic_sector_supply_total_with_unemployment_reserve_persons"":3504687.550804908,""foreign_labor_stock_need_persons"":144960.7386418914,""labor_demand_required_persons"":3558771.9421504945,""recommended_annual_quota_persons"":21605.68482246883,""unemployment_reserve_sector_allocated_persons"":81328.72928493062}","{""cumulative_recommended_quota_persons"":""persons"",""domestic_sector_supply_total_with_unemployment_reserve_persons"":""persons"",""foreign_labor_stock_need_persons"":""persons"",""labor_demand_required_persons"":""persons"",""recommended_annual_quota_persons"":""persons"",""unemployment_reserve_sector_allocated_persons"":""persons""}",scripts/build_labor_migration_artifacts.py,scripts/build_labor_migration_artifacts.py,calculated_v5_sector_year_sum,bed04356e8a570a2911dde917ab538bd3dd43ad84aa6d09cf900456bb3680985,22690ab0ca0256162deb6f8849f0f2c2be082511c199b95a8af26f21278c4fa2
OKVED_P,P,Образование,2032,35651.27077096507,229461.02273371376,229461.02273371376,5688810.351974387,5576609.446031034,81328.72928493062,foreign_labor_migration_v5_sector_year,Foreign labor migration/docs/data/region_sector_forecast.csv,2026-05-27T13:57:22+00:00,2032,"{""cumulative_recommended_quota_persons"":229461.02273371376,""domestic_sector_supply_total_with_unemployment_reserve_persons"":5576609.446031034,""foreign_labor_stock_need_persons"":229461.02273371376,""labor_demand_required_persons"":5688810.351974387,""recommended_annual_quota_persons"":35651.27077096507,""unemployment_reserve_sector_allocated_persons"":81328.72928493062}","{""cumulative_recommended_quota_persons"":""persons"",""domestic_sector_supply_total_with_unemployment_reserve_persons"":""persons"",""foreign_labor_stock_need_persons"":""persons"",""labor_demand_required_persons"":""persons"",""recommended_annual_quota_persons"":""persons"",""unemployment_reserve_sector_allocated_persons"":""persons""}",scripts/build_labor_migration_artifacts.py,scripts/build_labor_migration_artifacts.py,calculated_v5_sector_year_sum,bed04356e8a570a2911dde917ab538bd3dd43ad84aa6d09cf900456bb3680985,d4e454eadabcb9c9ab9a23204aad4f4e368bc36fa650eb069d85b8278950b056
OKVED_Q,Q,Деятельность в области здравоохранения и социальных услуг,2032,29453.797504115937,193757.72781109347,193757.72781109347,4769700.905555086,4669397.568955545,81328.72928493062,foreign_labor_migration_v5_sector_year,Foreign labor migration/docs/data/region_sector_forecast.csv,2026-05-27T13:57:22+00:00,2032,"{""cumulative_recommended_quota_persons"":193757.72781109347,""domestic_sector_supply_total_with_unemployment_reserve_persons"":4669397.568955545,""foreign_labor_stock_need_persons"":193757.72781109347,""labor_demand_required_persons"":4769700.905555086,""recommended_annual_quota_persons"":29453.797504115937,""unemployment_reserve_sector_allocated_persons"":81328.72928493062}","{""cumulative_recommended_quota_persons"":""persons"",""domestic_sector_supply_total_with_unemployment_reserve_persons"":""persons"",""foreign_labor_stock_need_persons"":""persons"",""labor_demand_required_persons"":""persons"",""recommended_annual_quota_persons"":""persons"",""unemployment_reserve_sector_allocated_persons"":""persons""}",scripts/build_labor_migration_artifacts.py,scripts/build_labor_migration_artifacts.py,calculated_v5_sector_year_sum,bed04356e8a570a2911dde917ab538bd3dd43ad84aa6d09cf900456bb3680985,23c389924120431320ba5cd8f7e98542b6a51b36784a4b99c0500918aef75f8d
OKVED_R,R,"Деятельность в области культуры, спорта, организации досуга и развлечений",2032,4386.679986210385,19991.36526860597,19991.36526860597,1240532.8200213474,1278301.2431469085,81328.72928493062,foreign_labor_migration_v5_sector_year,Foreign labor migration/docs/data/region_sector_forecast.csv,2026-05-27T13:57:22+00:00,2032,"{""cumulative_recommended_quota_persons"":19991.36526860597,""domestic_sector_supply_total_with_unemployment_reserve_persons"":1278301.2431469085,""foreign_labor_stock_need_persons"":19991.36526860597,""labor_demand_required_persons"":1240532.8200213474,""recommended_annual_quota_persons"":4386.679986210385,""unemployment_reserve_sector_allocated_persons"":81328.72928493062}","{""cumulative_recommended_quota_persons"":""persons"",""domestic_sector_supply_total_with_unemployment_reserve_persons"":""persons"",""foreign_labor_stock_need_persons"":""persons"",""labor_demand_required_persons"":""persons"",""recommended_annual_quota_persons"":""persons"",""unemployment_reserve_sector_allocated_persons"":""persons""}",scripts/build_labor_migration_artifacts.py,scripts/build_labor_migration_artifacts.py,calculated_v5_sector_year_sum,bed04356e8a570a2911dde917ab538bd3dd43ad84aa6d09cf900456bb3680985,266caf3de0caa6dd2d9980ef3a9e68bcbc105de8978248281f5105c509ed67e9
OKVED_S,S,Предоставление прочих видов услуг,2032,8674.509139741645,39140.65384406865,39140.65384406865,1856261.7577246279,1877273.94741516,81328.72928493062,foreign_labor_migration_v5_sector_year,Foreign labor migration/docs/data/region_sector_forecast.csv,2026-05-27T13:57:22+00:00,2032,"{""cumulative_recommended_quota_persons"":39140.65384406865,""domestic_sector_supply_total_with_unemployment_reserve_persons"":1877273.94741516,""foreign_labor_stock_need_persons"":39140.65384406865,""labor_demand_required_persons"":1856261.7577246279,""recommended_annual_quota_persons"":8674.509139741645,""unemployment_reserve_sector_allocated_persons"":81328.72928493062}","{""cumulative_recommended_quota_persons"":""persons"",""domestic_sector_supply_total_with_unemployment_reserve_persons"":""persons"",""foreign_labor_stock_need_persons"":""persons"",""labor_demand_required_persons"":""persons"",""recommended_annual_quota_persons"":""persons"",""unemployment_reserve_sector_allocated_persons"":""persons""}",scripts/build_labor_migration_artifacts.py,scripts/build_labor_migration_artifacts.py,calculated_v5_sector_year_sum,bed04356e8a570a2911dde917ab538bd3dd43ad84aa6d09cf900456bb3680985,c4809eb24360145e2f2637c60a3a65ef1dd94dfeb58a436031f81115fce63bbc
OKVED_T,T,Деятельность домашних хозяйств как работодателей; недифференцированная деятельность частных домашних хозяйств по производству товаров и оказанию услуг для собственного потребления,2032,13.022689846735377,29.37218297029404,29.37218297029404,66549.25710120199,131107.64477541804,66696.14233464778,foreign_labor_migration_v5_sector_year,Foreign labor migration/docs/data/region_sector_forecast.csv,2026-05-27T13:57:22+00:00,2032,"{""cumulative_recommended_quota_persons"":29.37218297029404,""domestic_sector_supply_total_with_unemployment_reserve_persons"":131107.64477541804,""foreign_labor_stock_need_persons"":29.37218297029404,""labor_demand_required_persons"":66549.25710120199,""recommended_annual_quota_persons"":13.022689846735377,""unemployment_reserve_sector_allocated_persons"":66696.14233464778}","{""cumulative_recommended_quota_persons"":""persons"",""domestic_sector_supply_total_with_unemployment_reserve_persons"":""persons"",""foreign_labor_stock_need_persons"":""persons"",""labor_demand_required_persons"":""persons"",""recommended_annual_quota_persons"":""persons"",""unemployment_reserve_sector_allocated_persons"":""persons""}",scripts/build_labor_migration_artifacts.py,scripts/build_labor_migration_artifacts.py,calculated_v5_sector_year_sum,bed04356e8a570a2911dde917ab538bd3dd43ad84aa6d09cf900456bb3680985,86d6a615f9cc27fb8833cb5c3c4f0f11573bf3db30d88d12c815119ea1784e8e
OKVED_A,A,"Сельское, лесное хозяйство, охота, рыболовство и рыбоводство",2033,32689.189139794897,220113.5067288593,220113.5067288593,4313495.381178844,4204272.813306781,80979.53860756516,foreign_labor_migration_v5_sector_year,Foreign labor migration/docs/data/region_sector_forecast.csv,2026-05-27T13:57:22+00:00,2033,"{""cumulative_recommended_quota_persons"":220113.5067288593,""domestic_sector_supply_total_with_unemployment_reserve_persons"":4204272.813306781,""foreign_labor_stock_need_persons"":220113.5067288593,""labor_demand_required_persons"":4313495.381178844,""recommended_annual_quota_persons"":32689.189139794897,""unemployment_reserve_sector_allocated_persons"":80979.53860756516}","{""cumulative_recommended_quota_persons"":""persons"",""domestic_sector_supply_total_with_unemployment_reserve_persons"":""persons"",""foreign_labor_stock_need_persons"":""persons"",""labor_demand_required_persons"":""persons"",""recommended_annual_quota_persons"":""persons"",""unemployment_reserve_sector_allocated_persons"":""persons""}",scripts/build_labor_migration_artifacts.py,scripts/build_labor_migration_artifacts.py,calculated_v5_sector_year_sum,bed04356e8a570a2911dde917ab538bd3dd43ad84aa6d09cf900456bb3680985,7bcea5672f95a3a5aab66746083dd4f11014fd8c29a1bfd6981f1e46a73d8b12
OKVED_B,B,Добыча полезных ископаемых,2033,15232.289042673658,127553.34435679278,127553.34435679278,1570867.7910659022,1510243.3747992902,80979.53860756516,foreign_labor_migration_v5_sector_year,Foreign labor migration/docs/data/region_sector_forecast.csv,2026-05-27T13:57:22+00:00,2033,"{""cumulative_recommended_quota_persons"":127553.34435679278,""domestic_sector_supply_total_with_unemployment_reserve_persons"":1510243.3747992902,""foreign_labor_stock_need_persons"":127553.34435679278,""labor_demand_required_persons"":1570867.7910659022,""recommended_annual_quota_persons"":15232.289042673658,""unemployment_reserve_sector_allocated_persons"":80979.53860756516}","{""cumulative_recommended_quota_persons"":""persons"",""domestic_sector_supply_total_with_unemployment_reserve_persons"":""persons"",""foreign_labor_stock_need_persons"":""persons"",""labor_demand_required_persons"":""persons"",""recommended_annual_quota_persons"":""persons"",""unemployment_reserve_sector_allocated_persons"":""persons""}",scripts/build_labor_migration_artifacts.py,scripts/build_labor_migration_artifacts.py,calculated_v5_sector_year_sum,bed04356e8a570a2911dde917ab538bd3dd43ad84aa6d09cf900456bb3680985,189d6adc9df2c363dbb142e8d169d1771fdc5e71b7b62995db64523f07b89734
OKVED_C,C,Обрабатывающие производства,2033,77418.51651833368,490716.26396606,490721.495803059,9809593.635895662,9457622.736557703,80979.53860756516,foreign_labor_migration_v5_sector_year,Foreign labor migration/docs/data/region_sector_forecast.csv,2026-05-27T13:57:22+00:00,2033,"{""cumulative_recommended_quota_persons"":490721.495803059,""domestic_sector_supply_total_with_unemployment_reserve_persons"":9457622.736557703,""foreign_labor_stock_need_persons"":490716.26396606,""labor_demand_required_persons"":9809593.635895662,""recommended_annual_quota_persons"":77418.51651833368,""unemployment_reserve_sector_allocated_persons"":80979.53860756516}","{""cumulative_recommended_quota_persons"":""persons"",""domestic_sector_supply_total_with_unemployment_reserve_persons"":""persons"",""foreign_labor_stock_need_persons"":""persons"",""labor_demand_required_persons"":""persons"",""recommended_annual_quota_persons"":""persons"",""unemployment_reserve_sector_allocated_persons"":""persons""}",scripts/build_labor_migration_artifacts.py,scripts/build_labor_migration_artifacts.py,calculated_v5_sector_year_sum,bed04356e8a570a2911dde917ab538bd3dd43ad84aa6d09cf900456bb3680985,c4c143075602b22fa44440cbdcddad4dd144c439f5c96d2212260fe1fc7fb463
OKVED_D,D,"Обеспечение электрической энергией, газом и паром; кондиционирование воздуха",2033,12289.259528664305,69291.99688947502,69291.99688947502,1696080.6292865376,1685335.434324375,80979.53860756516,foreign_labor_migration_v5_sector_year,Foreign labor migration/docs/data/region_sector_forecast.csv,2026-05-27T13:57:22+00:00,2033,"{""cumulative_recommended_quota_persons"":69291.99688947502,""domestic_sector_supply_total_with_unemployment_reserve_persons"":1685335.434324375,""foreign_labor_stock_need_persons"":69291.99688947502,""labor_demand_required_persons"":1696080.6292865376,""recommended_annual_quota_persons"":12289.259528664305,""unemployment_reserve_sector_allocated_persons"":80979.53860756516}","{""cumulative_recommended_quota_persons"":""persons"",""domestic_sector_supply_total_with_unemployment_reserve_persons"":""persons"",""foreign_labor_stock_need_persons"":""persons"",""labor_demand_required_persons"":""persons"",""recommended_annual_quota_persons"":""persons"",""unemployment_reserve_sector_allocated_persons"":""persons""}",scripts/build_labor_migration_artifacts.py,scripts/build_labor_migration_artifacts.py,calculated_v5_sector_year_sum,bed04356e8a570a2911dde917ab538bd3dd43ad84aa6d09cf900456bb3680985,40a30112990a86fd9466d08b26ccae5ffa25431476bf64df911f59b153aabd52
OKVED_E,E,"Водоснабжение; водоотведение, организация сбора и утилизации отходов, деятельность по ликвидации загрязнений",2033,2397.9118234879284,8855.739691799563,8857.552670638477,665840.4391780796,713369.5118959016,80979.53860756516,foreign_labor_migration_v5_sector_year,Foreign labor migration/docs/data/region_sector_forecast.csv,2026-05-27T13:57:22+00:00,2033,"{""cumulative_recommended_quota_persons"":8857.552670638477,""domestic_sector_supply_total_with_unemployment_reserve_persons"":713369.5118959016,""foreign_labor_stock_need_persons"":8855.739691799563,""labor_demand_required_persons"":665840.4391780796,""recommended_annual_quota_persons"":2397.9118234879284,""unemployment_reserve_sector_allocated_persons"":80979.53860756516}","{""cumulative_recommended_quota_persons"":""persons"",""domestic_sector_supply_total_with_unemployment_reserve_persons"":""persons"",""foreign_labor_stock_need_persons"":""persons"",""labor_demand_required_persons"":""persons"",""recommended_annual_quota_persons"":""persons"",""unemployment_reserve_sector_allocated_persons"":""persons""}",scripts/build_labor_migration_artifacts.py,scripts/build_labor_migration_artifacts.py,calculated_v5_sector_year_sum,bed04356e8a570a2911dde917ab538bd3dd43ad84aa6d09cf900456bb3680985,1e8693c0c04149dfae63bc774fdd7f27d9d60a32c0fbae287214fba291da4028
OKVED_F,F,Строительство,2033,49241.402817197406,294834.4912699716,294834.4912699716,6570943.089288127,6392562.022584466,80979.53860756516,foreign_labor_migration_v5_sector_year,Foreign labor migration/docs/data/region_sector_forecast.csv,2026-05-27T13:57:22+00:00,2033,"{""cumulative_recommended_quota_persons"":294834.4912699716,""domestic_sector_supply_total_with_unemployment_reserve_persons"":6392562.022584466,""foreign_labor_stock_need_persons"":294834.4912699716,""labor_demand_required_persons"":6570943.089288127,""recommended_annual_quota_persons"":49241.402817197406,""unemployment_reserve_sector_allocated_persons"":80979.53860756516}","{""cumulative_recommended_quota_persons"":""persons"",""domestic_sector_supply_total_with_unemployment_reserve_persons"":""persons"",""foreign_labor_stock_need_persons"":""persons"",""labor_demand_required_persons"":""persons"",""recommended_annual_quota_persons"":""persons"",""unemployment_reserve_sector_allocated_persons"":""persons""}",scripts/build_labor_migration_artifacts.py,scripts/build_labor_migration_artifacts.py,calculated_v5_sector_year_sum,bed04356e8a570a2911dde917ab538bd3dd43ad84aa6d09cf900456bb3680985,3d45a5e33bccd46d3cf2f0cb8a7ac5d62f21e73c60e1808555b21a6396bd8613
OKVED_G,G,Торговля оптовая и розничная; ремонт автотранспортных средств и мотоциклов,2033,113108.97017734271,691988.0135150555,691988.0135150555,13765574.411855146,13252839.198035939,80979.53860756516,foreign_labor_migration_v5_sector_year,Foreign labor migration/docs/data/region_sector_forecast.csv,2026-05-27T13:57:22+00:00,2033,"{""cumulative_recommended_quota_persons"":691988.0135150555,""domestic_sector_supply_total_with_unemployment_reserve_persons"":13252839.198035939,""foreign_labor_stock_need_persons"":691988.0135150555,""labor_demand_required_persons"":13765574.411855146,""recommended_annual_quota_persons"":113108.97017734271,""unemployment_reserve_sector_allocated_persons"":80979.53860756516}","{""cumulative_recommended_quota_persons"":""persons"",""domestic_sector_supply_total_with_unemployment_reserve_persons"":""persons"",""foreign_labor_stock_need_persons"":""persons"",""labor_demand_required_persons"":""persons"",""recommended_annual_quota_persons"":""persons"",""unemployment_reserve_sector_allocated_persons"":""persons""}",scripts/build_labor_migration_artifacts.py,scripts/build_labor_migration_artifacts.py,calculated_v5_sector_year_sum,bed04356e8a570a2911dde917ab538bd3dd43ad84aa6d09cf900456bb3680985,56c8e84332f61a1571c7cc914b1bd9e68f2bbcbb59889fcf4f9a61b5abd8f01c
OKVED_H,H,Транспортировка и хранение,2033,51735.67922525663,304036.77791420516,304036.77791420516,6208392.216552097,6001732.483336625,80979.53860756516,foreign_labor_migration_v5_sector_year,Foreign labor migration/docs/data/region_sector_forecast.csv,2026-05-27T13:57:22+00:00,2033,"{""cumulative_recommended_quota_persons"":304036.77791420516,""domestic_sector_supply_total_with_unemployment_reserve_persons"":6001732.483336625,""foreign_labor_stock_need_persons"":304036.77791420516,""labor_demand_required_persons"":6208392.216552097,""recommended_annual_quota_persons"":51735.67922525663,""unemployment_reserve_sector_allocated_persons"":80979.53860756516}","{""cumulative_recommended_quota_persons"":""persons"",""domestic_sector_supply_total_with_unemployment_reserve_persons"":""persons"",""foreign_labor_stock_need_persons"":""persons"",""labor_demand_required_persons"":""persons"",""recommended_annual_quota_persons"":""persons"",""unemployment_reserve_sector_allocated_persons"":""persons""}",scripts/build_labor_migration_artifacts.py,scripts/build_labor_migration_artifacts.py,calculated_v5_sector_year_sum,bed04356e8a570a2911dde917ab538bd3dd43ad84aa6d09cf900456bb3680985,a6fac35c3fea66984b32636b6716c25b6ec67d9a27819e478fc2e829ffc22e62
OKVED_I,I,Деятельность гостиниц и предприятий общественного питания,2033,13168.80150840687,66330.6169151453,66330.6169151453,2088672.6667834234,2082913.1214170742,80979.53860756516,foreign_labor_migration_v5_sector_year,Foreign labor migration/docs/data/region_sector_forecast.csv,2026-05-27T13:57:22+00:00,2033,"{""cumulative_recommended_quota_persons"":66330.6169151453,""domestic_sector_supply_total_with_unemployment_reserve_persons"":2082913.1214170742,""foreign_labor_stock_need_persons"":66330.6169151453,""labor_demand_required_persons"":2088672.6667834234,""recommended_annual_quota_persons"":13168.80150840687,""unemployment_reserve_sector_allocated_persons"":80979.53860756516}","{""cumulative_recommended_quota_persons"":""persons"",""domestic_sector_supply_total_with_unemployment_reserve_persons"":""persons"",""foreign_labor_stock_need_persons"":""persons"",""labor_demand_required_persons"":""persons"",""recommended_annual_quota_persons"":""persons"",""unemployment_reserve_sector_allocated_persons"":""persons""}",scripts/build_labor_migration_artifacts.py,scripts/build_labor_migration_artifacts.py,calculated_v5_sector_year_sum,bed04356e8a570a2911dde917ab538bd3dd43ad84aa6d09cf900456bb3680985,8a537f62fdab527b7342f28a2268ff48cd7b582b3953d945ac71079783de7491
OKVED_J,J,Деятельность в области информации и связи,2033,12193.628639200859,37180.112363820976,37180.112363820976,1815197.3427736477,1828751.2865645401,80979.53860756516,foreign_labor_migration_v5_sector_year,Foreign labor migration/docs/data/region_sector_forecast.csv,2026-05-27T13:57:22+00:00,2033,"{""cumulative_recommended_quota_persons"":37180.112363820976,""domestic_sector_supply_total_with_unemployment_reserve_persons"":1828751.2865645401,""foreign_labor_stock_need_persons"":37180.112363820976,""labor_demand_required_persons"":1815197.3427736477,""recommended_annual_quota_persons"":12193.628639200859,""unemployment_reserve_sector_allocated_persons"":80979.53860756516}","{""cumulative_recommended_quota_persons"":""persons"",""domestic_sector_supply_total_with_unemployment_reserve_persons"":""persons"",""foreign_labor_stock_need_persons"":""persons"",""labor_demand_required_persons"":""persons"",""recommended_annual_quota_persons"":""persons"",""unemployment_reserve_sector_allocated_persons"":""persons""}",scripts/build_labor_migration_artifacts.py,scripts/build_labor_migration_artifacts.py,calculated_v5_sector_year_sum,bed04356e8a570a2911dde917ab538bd3dd43ad84aa6d09cf900456bb3680985,673b767ecdd55b3b1a258fb051f9a0c531e64bddb4087b982d5d3bf53ed81ce0
OKVED_K,K,Деятельность финансовая и страховая,2033,8093.336294042399,20543.851896986384,20543.851896986384,1286828.8012381438,1315909.9870078545,80979.53860756516,foreign_labor_migration_v5_sector_year,Foreign labor migration/docs/data/region_sector_forecast.csv,2026-05-27T13:57:22+00:00,2033,"{""cumulative_recommended_quota_persons"":20543.851896986384,""domestic_sector_supply_total_with_unemployment_reserve_persons"":1315909.9870078545,""foreign_labor_stock_need_persons"":20543.851896986384,""labor_demand_required_persons"":1286828.8012381438,""recommended_annual_quota_persons"":8093.336294042399,""unemployment_reserve_sector_allocated_persons"":80979.53860756516}","{""cumulative_recommended_quota_persons"":""persons"",""domestic_sector_supply_total_with_unemployment_reserve_persons"":""persons"",""foreign_labor_stock_need_persons"":""persons"",""labor_demand_required_persons"":""persons"",""recommended_annual_quota_persons"":""persons"",""unemployment_reserve_sector_allocated_persons"":""persons""}",scripts/build_labor_migration_artifacts.py,scripts/build_labor_migration_artifacts.py,calculated_v5_sector_year_sum,bed04356e8a570a2911dde917ab538bd3dd43ad84aa6d09cf900456bb3680985,9ec5e81846fd6389715b0ff7d9848b21154b385659ce95c6dac8ed03eb64fcab
OKVED_L,L,Деятельность по операциям с недвижимым имуществом,2033,14237.668040344666,61529.203621297,61529.203621297,2024377.3250476597,2017593.677038754,80979.53860756516,foreign_labor_migration_v5_sector_year,Foreign labor migration/docs/data/region_sector_forecast.csv,2026-05-27T13:57:22+00:00,2033,"{""cumulative_recommended_quota_persons"":61529.203621297,""domestic_sector_supply_total_with_unemployment_reserve_persons"":2017593.677038754,""foreign_labor_stock_need_persons"":61529.203621297,""labor_demand_required_persons"":2024377.3250476597,""recommended_annual_quota_persons"":14237.668040344666,""unemployment_reserve_sector_allocated_persons"":80979.53860756516}","{""cumulative_recommended_quota_persons"":""persons"",""domestic_sector_supply_total_with_unemployment_reserve_persons"":""persons"",""foreign_labor_stock_need_persons"":""persons"",""labor_demand_required_persons"":""persons"",""recommended_annual_quota_persons"":""persons"",""unemployment_reserve_sector_allocated_persons"":""persons""}",scripts/build_labor_migration_artifacts.py,scripts/build_labor_migration_artifacts.py,calculated_v5_sector_year_sum,bed04356e8a570a2911dde917ab538bd3dd43ad84aa6d09cf900456bb3680985,16379c106c2122b21fdc988abb4a701fdcca40b2579fece4d6dda091e0472872
OKVED_M,M,"Деятельность профессиональная, научная и техническая",2033,20140.405093854202,83747.25979956421,83749.53648754317,2768949.547569814,2741753.4512429307,80979.53860756516,foreign_labor_migration_v5_sector_year,Foreign labor migration/docs/data/region_sector_forecast.csv,2026-05-27T13:57:22+00:00,2033,"{""cumulative_recommended_quota_persons"":83749.53648754317,""domestic_sector_supply_total_with_unemployment_reserve_persons"":2741753.4512429307,""foreign_labor_stock_need_persons"":83747.25979956421,""labor_demand_required_persons"":2768949.547569814,""recommended_annual_quota_persons"":20140.405093854202,""unemployment_reserve_sector_allocated_persons"":80979.53860756516}","{""cumulative_recommended_quota_persons"":""persons"",""domestic_sector_supply_total_with_unemployment_reserve_persons"":""persons"",""foreign_labor_stock_need_persons"":""persons"",""labor_demand_required_persons"":""persons"",""recommended_annual_quota_persons"":""persons"",""unemployment_reserve_sector_allocated_persons"":""persons""}",scripts/build_labor_migration_artifacts.py,scripts/build_labor_migration_artifacts.py,calculated_v5_sector_year_sum,bed04356e8a570a2911dde917ab538bd3dd43ad84aa6d09cf900456bb3680985,890737d0ddedeacb4865f3db7f166d2b395b20e50c58e2afcfc9347651f97a0a
OKVED_N,N,Деятельность административная и сопутствующие дополнительные услуги,2033,20738.10793329167,92349.67474686244,92349.67474686244,2562354.3595633917,2529950.078042386,80979.53860756516,foreign_labor_migration_v5_sector_year,Foreign labor migration/docs/data/region_sector_forecast.csv,2026-05-27T13:57:22+00:00,2033,"{""cumulative_recommended_quota_persons"":92349.67474686244,""domestic_sector_supply_total_with_unemployment_reserve_persons"":2529950.078042386,""foreign_labor_stock_need_persons"":92349.67474686244,""labor_demand_required_persons"":2562354.3595633917,""recommended_annual_quota_persons"":20738.10793329167,""unemployment_reserve_sector_allocated_persons"":80979.53860756516}","{""cumulative_recommended_quota_persons"":""persons"",""domestic_sector_supply_total_with_unemployment_reserve_persons"":""persons"",""foreign_labor_stock_need_persons"":""persons"",""labor_demand_required_persons"":""persons"",""recommended_annual_quota_persons"":""persons"",""unemployment_reserve_sector_allocated_persons"":""persons""}",scripts/build_labor_migration_artifacts.py,scripts/build_labor_migration_artifacts.py,calculated_v5_sector_year_sum,bed04356e8a570a2911dde917ab538bd3dd43ad84aa6d09cf900456bb3680985,8b0552b97bc79f0ea65b59e14ab0393d1aa46473b1015f40a340f5afbb151f82
OKVED_O,O,Государственное управление и обеспечение военной безопасности; социальное обеспечение,2033,27230.72318026881,172191.4618221602,172191.4618221602,3583420.204034758,3496541.757019627,80979.53860756516,foreign_labor_migration_v5_sector_year,Foreign labor migration/docs/data/region_sector_forecast.csv,2026-05-27T13:57:22+00:00,2033,"{""cumulative_recommended_quota_persons"":172191.4618221602,""domestic_sector_supply_total_with_unemployment_reserve_persons"":3496541.757019627,""foreign_labor_stock_need_persons"":172191.4618221602,""labor_demand_required_persons"":3583420.204034758,""recommended_annual_quota_persons"":27230.72318026881,""unemployment_reserve_sector_allocated_persons"":80979.53860756516}","{""cumulative_recommended_quota_persons"":""persons"",""domestic_sector_supply_total_with_unemployment_reserve_persons"":""persons"",""foreign_labor_stock_need_persons"":""persons"",""labor_demand_required_persons"":""persons"",""recommended_annual_quota_persons"":""persons"",""unemployment_reserve_sector_allocated_persons"":""persons""}",scripts/build_labor_migration_artifacts.py,scripts/build_labor_migration_artifacts.py,calculated_v5_sector_year_sum,bed04356e8a570a2911dde917ab538bd3dd43ad84aa6d09cf900456bb3680985,cd51a4c14661ad3b4592acb229517fa13a97549401c3da28c154d820b746665f
OKVED_P,P,Образование,2033,48140.225484961324,277601.2482186751,277601.2482186751,5740363.166113307,5576668.87123515,80979.53860756516,foreign_labor_migration_v5_sector_year,Foreign labor migration/docs/data/region_sector_forecast.csv,2026-05-27T13:57:22+00:00,2033,"{""cumulative_recommended_quota_persons"":277601.2482186751,""domestic_sector_supply_total_with_unemployment_reserve_persons"":5576668.87123515,""foreign_labor_stock_need_persons"":277601.2482186751,""labor_demand_required_persons"":5740363.166113307,""recommended_annual_quota_persons"":48140.225484961324,""unemployment_reserve_sector_allocated_persons"":80979.53860756516}","{""cumulative_recommended_quota_persons"":""persons"",""domestic_sector_supply_total_with_unemployment_reserve_persons"":""persons"",""foreign_labor_stock_need_persons"":""persons"",""labor_demand_required_persons"":""persons"",""recommended_annual_quota_persons"":""persons"",""unemployment_reserve_sector_allocated_persons"":""persons""}",scripts/build_labor_migration_artifacts.py,scripts/build_labor_migration_artifacts.py,calculated_v5_sector_year_sum,bed04356e8a570a2911dde917ab538bd3dd43ad84aa6d09cf900456bb3680985,fa29a2d19ded2d22bfed8573e5c38e9e12a93599bb3e4f7ca0d6506218d46cda
OKVED_Q,Q,Деятельность в области здравоохранения и социальных услуг,2033,40102.65114606133,233860.3789571548,233860.3789571548,4812807.261729581,4667616.815262062,80979.53860756516,foreign_labor_migration_v5_sector_year,Foreign labor migration/docs/data/region_sector_forecast.csv,2026-05-27T13:57:22+00:00,2033,"{""cumulative_recommended_quota_persons"":233860.3789571548,""domestic_sector_supply_total_with_unemployment_reserve_persons"":4667616.815262062,""foreign_labor_stock_need_persons"":233860.3789571548,""labor_demand_required_persons"":4812807.261729581,""recommended_annual_quota_persons"":40102.65114606133,""unemployment_reserve_sector_allocated_persons"":80979.53860756516}","{""cumulative_recommended_quota_persons"":""persons"",""domestic_sector_supply_total_with_unemployment_reserve_persons"":""persons"",""foreign_labor_stock_need_persons"":""persons"",""labor_demand_required_persons"":""persons"",""recommended_annual_quota_persons"":""persons"",""unemployment_reserve_sector_allocated_persons"":""persons""}",scripts/build_labor_migration_artifacts.py,scripts/build_labor_migration_artifacts.py,calculated_v5_sector_year_sum,bed04356e8a570a2911dde917ab538bd3dd43ad84aa6d09cf900456bb3680985,a643703fdb896f194a096db998ca030fc46d733012a44355abf881d5f6a3ed59
OKVED_R,R,"Деятельность в области культуры, спорта, организации досуга и развлечений",2033,6586.209343501681,26577.57461210765,26577.57461210765,1245630.3733403145,1271792.764889825,80979.53860756516,foreign_labor_migration_v5_sector_year,Foreign labor migration/docs/data/region_sector_forecast.csv,2026-05-27T13:57:22+00:00,2033,"{""cumulative_recommended_quota_persons"":26577.57461210765,""domestic_sector_supply_total_with_unemployment_reserve_persons"":1271792.764889825,""foreign_labor_stock_need_persons"":26577.57461210765,""labor_demand_required_persons"":1245630.3733403145,""recommended_annual_quota_persons"":6586.209343501681,""unemployment_reserve_sector_allocated_persons"":80979.53860756516}","{""cumulative_recommended_quota_persons"":""persons"",""domestic_sector_supply_total_with_unemployment_reserve_persons"":""persons"",""foreign_labor_stock_need_persons"":""persons"",""labor_demand_required_persons"":""persons"",""recommended_annual_quota_persons"":""persons"",""unemployment_reserve_sector_allocated_persons"":""persons""}",scripts/build_labor_migration_artifacts.py,scripts/build_labor_migration_artifacts.py,calculated_v5_sector_year_sum,bed04356e8a570a2911dde917ab538bd3dd43ad84aa6d09cf900456bb3680985,c0f40fa023136bc15c0f7944442361cdc6f32ddb191fda5dab9b94f4f198f4d9
OKVED_S,S,Предоставление прочих видов услуг,2033,12708.320263819514,51848.97410788816,51848.97410788816,1868343.5963977443,1872213.8934770948,80979.53860756516,foreign_labor_migration_v5_sector_year,Foreign labor migration/docs/data/region_sector_forecast.csv,2026-05-27T13:57:22+00:00,2033,"{""cumulative_recommended_quota_persons"":51848.97410788816,""domestic_sector_supply_total_with_unemployment_reserve_persons"":1872213.8934770948,""foreign_labor_stock_need_persons"":51848.97410788816,""labor_demand_required_persons"":1868343.5963977443,""recommended_annual_quota_persons"":12708.320263819514,""unemployment_reserve_sector_allocated_persons"":80979.53860756516}","{""cumulative_recommended_quota_persons"":""persons"",""domestic_sector_supply_total_with_unemployment_reserve_persons"":""persons"",""foreign_labor_stock_need_persons"":""persons"",""labor_demand_required_persons"":""persons"",""recommended_annual_quota_persons"":""persons"",""unemployment_reserve_sector_allocated_persons"":""persons""}",scripts/build_labor_migration_artifacts.py,scripts/build_labor_migration_artifacts.py,calculated_v5_sector_year_sum,bed04356e8a570a2911dde917ab538bd3dd43ad84aa6d09cf900456bb3680985,634a73eebb3a0c0b37d74ca0d85f8ccf8b80a30ebd95e7362dc73347006ea355
OKVED_T,T,Деятельность домашних хозяйств как работодателей; недифференцированная деятельность частных домашних хозяйств по производству товаров и оказанию услуг для собственного потребления,2033,12.487061334729333,41.85924430502337,41.85924430502337,66892.76545098591,130675.32037513336,66450.69368711603,foreign_labor_migration_v5_sector_year,Foreign labor migration/docs/data/region_sector_forecast.csv,2026-05-27T13:57:22+00:00,2033,"{""cumulative_recommended_quota_persons"":41.85924430502337,""domestic_sector_supply_total_with_unemployment_reserve_persons"":130675.32037513336,""foreign_labor_stock_need_persons"":41.85924430502337,""labor_demand_required_persons"":66892.76545098591,""recommended_annual_quota_persons"":12.487061334729333,""unemployment_reserve_sector_allocated_persons"":66450.69368711603}","{""cumulative_recommended_quota_persons"":""persons"",""domestic_sector_supply_total_with_unemployment_reserve_persons"":""persons"",""foreign_labor_stock_need_persons"":""persons"",""labor_demand_required_persons"":""persons"",""recommended_annual_quota_persons"":""persons"",""unemployment_reserve_sector_allocated_persons"":""persons""}",scripts/build_labor_migration_artifacts.py,scripts/build_labor_migration_artifacts.py,calculated_v5_sector_year_sum,bed04356e8a570a2911dde917ab538bd3dd43ad84aa6d09cf900456bb3680985,67a516fbb79359d23bfab4b14347ddc3d10c1217b752d5465d5fec311f962d60
OKVED_A,A,"Сельское, лесное хозяйство, охота, рыболовство и рыбоводство",2034,38634.500659481804,258748.00738834112,258748.00738834112,4310452.301726955,4157143.081785182,80420.80538177735,foreign_labor_migration_v5_sector_year,Foreign labor migration/docs/data/region_sector_forecast.csv,2026-05-27T13:57:22+00:00,2034,"{""cumulative_recommended_quota_persons"":258748.00738834112,""domestic_sector_supply_total_with_unemployment_reserve_persons"":4157143.081785182,""foreign_labor_stock_need_persons"":258748.00738834112,""labor_demand_required_persons"":4310452.301726955,""recommended_annual_quota_persons"":38634.500659481804,""unemployment_reserve_sector_allocated_persons"":80420.80538177735}","{""cumulative_recommended_quota_persons"":""persons"",""domestic_sector_supply_total_with_unemployment_reserve_persons"":""persons"",""foreign_labor_stock_need_persons"":""persons"",""labor_demand_required_persons"":""persons"",""recommended_annual_quota_persons"":""persons"",""unemployment_reserve_sector_allocated_persons"":""persons""}",scripts/build_labor_migration_artifacts.py,scripts/build_labor_migration_artifacts.py,calculated_v5_sector_year_sum,bed04356e8a570a2911dde917ab538bd3dd43ad84aa6d09cf900456bb3680985,57780136feea01a23dfacd5f34e2eac33abe16c629b03a6f7bd8ff561217e6fe
OKVED_B,B,Добыча полезных ископаемых,2034,16970.10892851303,144523.45328530582,144523.45328530582,1603713.9444195323,1521561.56523415,80420.80538177735,foreign_labor_migration_v5_sector_year,Foreign labor migration/docs/data/region_sector_forecast.csv,2026-05-27T13:57:22+00:00,2034,"{""cumulative_recommended_quota_persons"":144523.45328530582,""domestic_sector_supply_total_with_unemployment_reserve_persons"":1521561.56523415,""foreign_labor_stock_need_persons"":144523.45328530582,""labor_demand_required_persons"":1603713.9444195323,""recommended_annual_quota_persons"":16970.10892851303,""unemployment_reserve_sector_allocated_persons"":80420.80538177735}","{""cumulative_recommended_quota_persons"":""persons"",""domestic_sector_supply_total_with_unemployment_reserve_persons"":""persons"",""foreign_labor_stock_need_persons"":""persons"",""labor_demand_required_persons"":""persons"",""recommended_annual_quota_persons"":""persons"",""unemployment_reserve_sector_allocated_persons"":""persons""}",scripts/build_labor_migration_artifacts.py,scripts/build_labor_migration_artifacts.py,calculated_v5_sector_year_sum,bed04356e8a570a2911dde917ab538bd3dd43ad84aa6d09cf900456bb3680985,a6ff164608d5946c4958c0b13b32da02fa38fc88b2b95d6ef93c6b3b8bd57970
OKVED_C,C,Обрабатывающие производства,2034,87371.75848307379,578088.0224491338,578093.2542861329,9733699.512814624,9279998.46564992,80420.80538177735,foreign_labor_migration_v5_sector_year,Foreign labor migration/docs/data/region_sector_forecast.csv,2026-05-27T13:57:22+00:00,2034,"{""cumulative_recommended_quota_persons"":578093.2542861329,""domestic_sector_supply_total_with_unemployment_reserve_persons"":9279998.46564992,""foreign_labor_stock_need_persons"":578088.0224491338,""labor_demand_required_persons"":9733699.512814624,""recommended_annual_quota_persons"":87371.75848307379,""unemployment_reserve_sector_allocated_persons"":80420.80538177735}","{""cumulative_recommended_quota_persons"":""persons"",""domestic_sector_supply_total_with_unemployment_reserve_persons"":""persons"",""foreign_labor_stock_need_persons"":""persons"",""labor_demand_required_persons"":""persons"",""recommended_annual_quota_persons"":""persons"",""unemployment_reserve_sector_allocated_persons"":""persons""}",scripts/build_labor_migration_artifacts.py,scripts/build_labor_migration_artifacts.py,calculated_v5_sector_year_sum,bed04356e8a570a2911dde917ab538bd3dd43ad84aa6d09cf900456bb3680985,aac0bf99014b148e0626e045251ffca85dda8c780afadecb68ef959a02cf4781
OKVED_D,D,"Обеспечение электрической энергией, газом и паром; кондиционирование воздуха",2034,14805.346013752678,84097.3429032277,84097.3429032277,1720695.2309353675,1689434.3924238281,80420.80538177735,foreign_labor_migration_v5_sector_year,Foreign labor migration/docs/data/region_sector_forecast.csv,2026-05-27T13:57:22+00:00,2034,"{""cumulative_recommended_quota_persons"":84097.3429032277,""domestic_sector_supply_total_with_unemployment_reserve_persons"":1689434.3924238281,""foreign_labor_stock_need_persons"":84097.3429032277,""labor_demand_required_persons"":1720695.2309353675,""recommended_annual_quota_persons"":14805.346013752678,""unemployment_reserve_sector_allocated_persons"":80420.80538177735}","{""cumulative_recommended_quota_persons"":""persons"",""domestic_sector_supply_total_with_unemployment_reserve_persons"":""persons"",""foreign_labor_stock_need_persons"":""persons"",""labor_demand_required_persons"":""persons"",""recommended_annual_quota_persons"":""persons"",""unemployment_reserve_sector_allocated_persons"":""persons""}",scripts/build_labor_migration_artifacts.py,scripts/build_labor_migration_artifacts.py,calculated_v5_sector_year_sum,bed04356e8a570a2911dde917ab538bd3dd43ad84aa6d09cf900456bb3680985,18b1e5173485c19ca678042f74c947d39107ebdec0bb2e617f2ef6581e4e07ac
OKVED_E,E,"Водоснабжение; водоотведение, организация сбора и утилизации отходов, деятельность по ликвидации загрязнений",2034,2977.8035275836637,11833.543219383226,11835.35619822214,664247.7627043887,704131.6823061088,80420.80538177735,foreign_labor_migration_v5_sector_year,Foreign labor migration/docs/data/region_sector_forecast.csv,2026-05-27T13:57:22+00:00,2034,"{""cumulative_recommended_quota_persons"":11835.35619822214,""domestic_sector_supply_total_with_unemployment_reserve_persons"":704131.6823061088,""foreign_labor_stock_need_persons"":11833.543219383226,""labor_demand_required_persons"":664247.7627043887,""recommended_annual_quota_persons"":2977.8035275836637,""unemployment_reserve_sector_allocated_persons"":80420.80538177735}","{""cumulative_recommended_quota_persons"":""persons"",""domestic_sector_supply_total_with_unemployment_reserve_persons"":""persons"",""foreign_labor_stock_need_persons"":""persons"",""labor_demand_required_persons"":""persons"",""recommended_annual_quota_persons"":""persons"",""unemployment_reserve_sector_allocated_persons"":""persons""}",scripts/build_labor_migration_artifacts.py,scripts/build_labor_migration_artifacts.py,calculated_v5_sector_year_sum,bed04356e8a570a2911dde917ab538bd3dd43ad84aa6d09cf900456bb3680985,9d3a0fd9e025f23a884725506ec807e1592f9f736b83af9be926a37eef8496ea
OKVED_F,F,Строительство,2034,57577.763139424744,352412.2544093964,352412.2544093964,6544703.672122376,6299861.141794559,80420.80538177735,foreign_labor_migration_v5_sector_year,Foreign labor migration/docs/data/region_sector_forecast.csv,2026-05-27T13:57:22+00:00,2034,"{""cumulative_recommended_quota_persons"":352412.2544093964,""domestic_sector_supply_total_with_unemployment_reserve_persons"":6299861.141794559,""foreign_labor_stock_need_persons"":352412.2544093964,""labor_demand_required_persons"":6544703.672122376,""recommended_annual_quota_persons"":57577.763139424744,""unemployment_reserve_sector_allocated_persons"":80420.80538177735}","{""cumulative_recommended_quota_persons"":""persons"",""domestic_sector_supply_total_with_unemployment_reserve_persons"":""persons"",""foreign_labor_stock_need_persons"":""persons"",""labor_demand_required_persons"":""persons"",""recommended_annual_quota_persons"":""persons"",""unemployment_reserve_sector_allocated_persons"":""persons""}",scripts/build_labor_migration_artifacts.py,scripts/build_labor_migration_artifacts.py,calculated_v5_sector_year_sum,bed04356e8a570a2911dde917ab538bd3dd43ad84aa6d09cf900456bb3680985,f7e3ed7da089da76ae83443239d6619c77a958fb54d9b4c280bf9ca8175c8279
OKVED_G,G,Торговля оптовая и розничная; ремонт автотранспортных средств и мотоциклов,2034,132136.90187328216,824124.9153883377,824124.9153883377,13803287.31389869,13143842.64844845,80420.80538177735,foreign_labor_migration_v5_sector_year,Foreign labor migration/docs/data/region_sector_forecast.csv,2026-05-27T13:57:22+00:00,2034,"{""cumulative_recommended_quota_persons"":824124.9153883377,""domestic_sector_supply_total_with_unemployment_reserve_persons"":13143842.64844845,""foreign_labor_stock_need_persons"":824124.9153883377,""labor_demand_required_persons"":13803287.31389869,""recommended_annual_quota_persons"":132136.90187328216,""unemployment_reserve_sector_allocated_persons"":80420.80538177735}","{""cumulative_recommended_quota_persons"":""persons"",""domestic_sector_supply_total_with_unemployment_reserve_persons"":""persons"",""foreign_labor_stock_need_persons"":""persons"",""labor_demand_required_persons"":""persons"",""recommended_annual_quota_persons"":""persons"",""unemployment_reserve_sector_allocated_persons"":""persons""}",scripts/build_labor_migration_artifacts.py,scripts/build_labor_migration_artifacts.py,calculated_v5_sector_year_sum,bed04356e8a570a2911dde917ab538bd3dd43ad84aa6d09cf900456bb3680985,8014ebdff0715aec3e7a2d65fa968c90483e3248808d0dccf57449e40812216f
OKVED_H,H,Транспортировка и хранение,2034,61673.73987310189,365710.51778730704,365710.51778730704,6243705.379345541,5968637.144351771,80420.80538177735,foreign_labor_migration_v5_sector_year,Foreign labor migration/docs/data/region_sector_forecast.csv,2026-05-27T13:57:22+00:00,2034,"{""cumulative_recommended_quota_persons"":365710.51778730704,""domestic_sector_supply_total_with_unemployment_reserve_persons"":5968637.144351771,""foreign_labor_stock_need_persons"":365710.51778730704,""labor_demand_required_persons"":6243705.379345541,""recommended_annual_quota_persons"":61673.73987310189,""unemployment_reserve_sector_allocated_persons"":80420.80538177735}","{""cumulative_recommended_quota_persons"":""persons"",""domestic_sector_supply_total_with_unemployment_reserve_persons"":""persons"",""foreign_labor_stock_need_persons"":""persons"",""labor_demand_required_persons"":""persons"",""recommended_annual_quota_persons"":""persons"",""unemployment_reserve_sector_allocated_persons"":""persons""}",scripts/build_labor_migration_artifacts.py,scripts/build_labor_migration_artifacts.py,calculated_v5_sector_year_sum,bed04356e8a570a2911dde917ab538bd3dd43ad84aa6d09cf900456bb3680985,9a5edd381d3f729b8704d0dab14a2e159cd42df3f2041610ea7482aafac49df7
OKVED_I,I,Деятельность гостиниц и предприятий общественного питания,2034,17702.236022800167,84032.85293794548,84032.85293794548,2090069.0665689064,2062197.9803674903,80420.80538177735,foreign_labor_migration_v5_sector_year,Foreign labor migration/docs/data/region_sector_forecast.csv,2026-05-27T13:57:22+00:00,2034,"{""cumulative_recommended_quota_persons"":84032.85293794548,""domestic_sector_supply_total_with_unemployment_reserve_persons"":2062197.9803674903,""foreign_labor_stock_need_persons"":84032.85293794548,""labor_demand_required_persons"":2090069.0665689064,""recommended_annual_quota_persons"":17702.236022800167,""unemployment_reserve_sector_allocated_persons"":80420.80538177735}","{""cumulative_recommended_quota_persons"":""persons"",""domestic_sector_supply_total_with_unemployment_reserve_persons"":""persons"",""foreign_labor_stock_need_persons"":""persons"",""labor_demand_required_persons"":""persons"",""recommended_annual_quota_persons"":""persons"",""unemployment_reserve_sector_allocated_persons"":""persons""}",scripts/build_labor_migration_artifacts.py,scripts/build_labor_migration_artifacts.py,calculated_v5_sector_year_sum,bed04356e8a570a2911dde917ab538bd3dd43ad84aa6d09cf900456bb3680985,cec490ac735fe764427f28463b5298b29174f424ac0fe45e5cc492a931b5cc8a
OKVED_J,J,Деятельность в области информации и связи,2034,15589.193541545857,52769.30590536683,52769.30590536683,1807023.6355399818,1800962.7213242198,80420.80538177735,foreign_labor_migration_v5_sector_year,Foreign labor migration/docs/data/region_sector_forecast.csv,2026-05-27T13:57:22+00:00,2034,"{""cumulative_recommended_quota_persons"":52769.30590536683,""domestic_sector_supply_total_with_unemployment_reserve_persons"":1800962.7213242198,""foreign_labor_stock_need_persons"":52769.30590536683,""labor_demand_required_persons"":1807023.6355399818,""recommended_annual_quota_persons"":15589.193541545857,""unemployment_reserve_sector_allocated_persons"":80420.80538177735}","{""cumulative_recommended_quota_persons"":""persons"",""domestic_sector_supply_total_with_unemployment_reserve_persons"":""persons"",""foreign_labor_stock_need_persons"":""persons"",""labor_demand_required_persons"":""persons"",""recommended_annual_quota_persons"":""persons"",""unemployment_reserve_sector_allocated_persons"":""persons""}",scripts/build_labor_migration_artifacts.py,scripts/build_labor_migration_artifacts.py,calculated_v5_sector_year_sum,bed04356e8a570a2911dde917ab538bd3dd43ad84aa6d09cf900456bb3680985,1840d3c92d47674d52060fcf113fd1caf30177bfe120b52b6805a5a1a0fd63fc
OKVED_K,K,Деятельность финансовая и страховая,2034,10056.154292814483,30600.006189800868,30600.006189800868,1288344.9236866056,1302909.9889910407,80420.80538177735,foreign_labor_migration_v5_sector_year,Foreign labor migration/docs/data/region_sector_forecast.csv,2026-05-27T13:57:22+00:00,2034,"{""cumulative_recommended_quota_persons"":30600.006189800868,""domestic_sector_supply_total_with_unemployment_reserve_persons"":1302909.9889910407,""foreign_labor_stock_need_persons"":30600.006189800868,""labor_demand_required_persons"":1288344.9236866056,""recommended_annual_quota_persons"":10056.154292814483,""unemployment_reserve_sector_allocated_persons"":80420.80538177735}","{""cumulative_recommended_quota_persons"":""persons"",""domestic_sector_supply_total_with_unemployment_reserve_persons"":""persons"",""foreign_labor_stock_need_persons"":""persons"",""labor_demand_required_persons"":""persons"",""recommended_annual_quota_persons"":""persons"",""unemployment_reserve_sector_allocated_persons"":""persons""}",scripts/build_labor_migration_artifacts.py,scripts/build_labor_migration_artifacts.py,calculated_v5_sector_year_sum,bed04356e8a570a2911dde917ab538bd3dd43ad84aa6d09cf900456bb3680985,2141c44fdf895423661614a019933a540127179c5e69470a743650aecae3ca9f
OKVED_L,L,Деятельность по операциям с недвижимым имуществом,2034,17804.293542774467,79333.49716407146,79333.49716407146,2030077.9234490935,2000756.5272548925,80420.80538177735,foreign_labor_migration_v5_sector_year,Foreign labor migration/docs/data/region_sector_forecast.csv,2026-05-27T13:57:22+00:00,2034,"{""cumulative_recommended_quota_persons"":79333.49716407146,""domestic_sector_supply_total_with_unemployment_reserve_persons"":2000756.5272548925,""foreign_labor_stock_need_persons"":79333.49716407146,""labor_demand_required_persons"":2030077.9234490935,""recommended_annual_quota_persons"":17804.293542774467,""unemployment_reserve_sector_allocated_persons"":80420.80538177735}","{""cumulative_recommended_quota_persons"":""persons"",""domestic_sector_supply_total_with_unemployment_reserve_persons"":""persons"",""foreign_labor_stock_need_persons"":""persons"",""labor_demand_required_persons"":""persons"",""recommended_annual_quota_persons"":""persons"",""unemployment_reserve_sector_allocated_persons"":""persons""}",scripts/build_labor_migration_artifacts.py,scripts/build_labor_migration_artifacts.py,calculated_v5_sector_year_sum,bed04356e8a570a2911dde917ab538bd3dd43ad84aa6d09cf900456bb3680985,b4b5401d001ad92e0d8a3a12b5c6cd9604cdac20abb82baafbd4fda308a8ca68
OKVED_M,M,"Деятельность профессиональная, научная и техническая",2034,23959.7793429169,107707.03914248111,107709.31583046007,2747529.5456980625,2691389.222709601,80420.80538177735,foreign_labor_migration_v5_sector_year,Foreign labor migration/docs/data/region_sector_forecast.csv,2026-05-27T13:57:22+00:00,2034,"{""cumulative_recommended_quota_persons"":107709.31583046007,""domestic_sector_supply_total_with_unemployment_reserve_persons"":2691389.222709601,""foreign_labor_stock_need_persons"":107707.03914248111,""labor_demand_required_persons"":2747529.5456980625,""recommended_annual_quota_persons"":23959.7793429169,""unemployment_reserve_sector_allocated_persons"":80420.80538177735}","{""cumulative_recommended_quota_persons"":""persons"",""domestic_sector_supply_total_with_unemployment_reserve_persons"":""persons"",""foreign_labor_stock_need_persons"":""persons"",""labor_demand_required_persons"":""persons"",""recommended_annual_quota_persons"":""persons"",""unemployment_reserve_sector_allocated_persons"":""persons""}",scripts/build_labor_migration_artifacts.py,scripts/build_labor_migration_artifacts.py,calculated_v5_sector_year_sum,bed04356e8a570a2911dde917ab538bd3dd43ad84aa6d09cf900456bb3680985,3ba5884a7c8fac87d87ed31c55d70ca281a7abb5472f5e2fa433699f7655d6ba
OKVED_N,N,Деятельность административная и сопутствующие дополнительные услуги,2034,24687.16382796708,117036.83857482951,117036.83857482951,2594074.7970028957,2531880.788916879,80420.80538177735,foreign_labor_migration_v5_sector_year,Foreign labor migration/docs/data/region_sector_forecast.csv,2026-05-27T13:57:22+00:00,2034,"{""cumulative_recommended_quota_persons"":117036.83857482951,""domestic_sector_supply_total_with_unemployment_reserve_persons"":2531880.788916879,""foreign_labor_stock_need_persons"":117036.83857482951,""labor_demand_required_persons"":2594074.7970028957,""recommended_annual_quota_persons"":24687.16382796708,""unemployment_reserve_sector_allocated_persons"":80420.80538177735}","{""cumulative_recommended_quota_persons"":""persons"",""domestic_sector_supply_total_with_unemployment_reserve_persons"":""persons"",""foreign_labor_stock_need_persons"":""persons"",""labor_demand_required_persons"":""persons"",""recommended_annual_quota_persons"":""persons"",""unemployment_reserve_sector_allocated_persons"":""persons""}",scripts/build_labor_migration_artifacts.py,scripts/build_labor_migration_artifacts.py,calculated_v5_sector_year_sum,bed04356e8a570a2911dde917ab538bd3dd43ad84aa6d09cf900456bb3680985,884eb2a8d13c83ea1c0a41bcdbf2b217a58737c353bcddae575edd95417b9def
OKVED_O,O,Государственное управление и обеспечение военной безопасности; социальное обеспечение,2034,33909.456816765676,206100.91863892588,206100.91863892588,3606206.452596607,3480108.7572658607,80420.80538177735,foreign_labor_migration_v5_sector_year,Foreign labor migration/docs/data/region_sector_forecast.csv,2026-05-27T13:57:22+00:00,2034,"{""cumulative_recommended_quota_persons"":206100.91863892588,""domestic_sector_supply_total_with_unemployment_reserve_persons"":3480108.7572658607,""foreign_labor_stock_need_persons"":206100.91863892588,""labor_demand_required_persons"":3606206.452596607,""recommended_annual_quota_persons"":33909.456816765676,""unemployment_reserve_sector_allocated_persons"":80420.80538177735}","{""cumulative_recommended_quota_persons"":""persons"",""domestic_sector_supply_total_with_unemployment_reserve_persons"":""persons"",""foreign_labor_stock_need_persons"":""persons"",""labor_demand_required_persons"":""persons"",""recommended_annual_quota_persons"":""persons"",""unemployment_reserve_sector_allocated_persons"":""persons""}",scripts/build_labor_migration_artifacts.py,scripts/build_labor_migration_artifacts.py,calculated_v5_sector_year_sum,bed04356e8a570a2911dde917ab538bd3dd43ad84aa6d09cf900456bb3680985,c71053555b62b72b361d3044c4ee550fc2967f6151a2bc3864aae62c31de4a06
OKVED_P,P,Образование,2034,56594.28633082366,334195.53454949876,334195.53454949876,5789059.603545817,5563240.074869809,80420.80538177735,foreign_labor_migration_v5_sector_year,Foreign labor migration/docs/data/region_sector_forecast.csv,2026-05-27T13:57:22+00:00,2034,"{""cumulative_recommended_quota_persons"":334195.53454949876,""domestic_sector_supply_total_with_unemployment_reserve_persons"":5563240.074869809,""foreign_labor_stock_need_persons"":334195.53454949876,""labor_demand_required_persons"":5789059.603545817,""recommended_annual_quota_persons"":56594.28633082366,""unemployment_reserve_sector_allocated_persons"":80420.80538177735}","{""cumulative_recommended_quota_persons"":""persons"",""domestic_sector_supply_total_with_unemployment_reserve_persons"":""persons"",""foreign_labor_stock_need_persons"":""persons"",""labor_demand_required_persons"":""persons"",""recommended_annual_quota_persons"":""persons"",""unemployment_reserve_sector_allocated_persons"":""persons""}",scripts/build_labor_migration_artifacts.py,scripts/build_labor_migration_artifacts.py,calculated_v5_sector_year_sum,bed04356e8a570a2911dde917ab538bd3dd43ad84aa6d09cf900456bb3680985,28bcfcd0da5a68db732199b9d0c6aae122dd40d541c61a2e2ce78f005aace465
OKVED_Q,Q,Деятельность в области здравоохранения и социальных услуг,2034,48421.73647219924,282282.115429354,282282.115429354,4854866.2370357,4655829.416004398,80420.80538177735,foreign_labor_migration_v5_sector_year,Foreign labor migration/docs/data/region_sector_forecast.csv,2026-05-27T13:57:22+00:00,2034,"{""cumulative_recommended_quota_persons"":282282.115429354,""domestic_sector_supply_total_with_unemployment_reserve_persons"":4655829.416004398,""foreign_labor_stock_need_persons"":282282.115429354,""labor_demand_required_persons"":4854866.2370357,""recommended_annual_quota_persons"":48421.73647219924,""unemployment_reserve_sector_allocated_persons"":80420.80538177735}","{""cumulative_recommended_quota_persons"":""persons"",""domestic_sector_supply_total_with_unemployment_reserve_persons"":""persons"",""foreign_labor_stock_need_persons"":""persons"",""labor_demand_required_persons"":""persons"",""recommended_annual_quota_persons"":""persons"",""unemployment_reserve_sector_allocated_persons"":""persons""}",scripts/build_labor_migration_artifacts.py,scripts/build_labor_migration_artifacts.py,calculated_v5_sector_year_sum,bed04356e8a570a2911dde917ab538bd3dd43ad84aa6d09cf900456bb3680985,c788bd9fbdd79769e2b2d09bd054e4bb300b743924380340435e4cde6ce7ea93
OKVED_R,R,"Деятельность в области культуры, спорта, организации досуга и развлечений",2034,9640.068998017867,36217.64361012552,36217.64361012552,1250006.9395662975,1262218.894976435,80420.80538177735,foreign_labor_migration_v5_sector_year,Foreign labor migration/docs/data/region_sector_forecast.csv,2026-05-27T13:57:22+00:00,2034,"{""cumulative_recommended_quota_persons"":36217.64361012552,""domestic_sector_supply_total_with_unemployment_reserve_persons"":1262218.894976435,""foreign_labor_stock_need_persons"":36217.64361012552,""labor_demand_required_persons"":1250006.9395662975,""recommended_annual_quota_persons"":9640.068998017867,""unemployment_reserve_sector_allocated_persons"":80420.80538177735}","{""cumulative_recommended_quota_persons"":""persons"",""domestic_sector_supply_total_with_unemployment_reserve_persons"":""persons"",""foreign_labor_stock_need_persons"":""persons"",""labor_demand_required_persons"":""persons"",""recommended_annual_quota_persons"":""persons"",""unemployment_reserve_sector_allocated_persons"":""persons""}",scripts/build_labor_migration_artifacts.py,scripts/build_labor_migration_artifacts.py,calculated_v5_sector_year_sum,bed04356e8a570a2911dde917ab538bd3dd43ad84aa6d09cf900456bb3680985,7697c5ae53047e97e0c8af376712ccd4c5378cdcf226a63f129175c9a734ed71
OKVED_S,S,Предоставление прочих видов услуг,2034,16318.452040355955,68167.42614824412,68167.42614824412,1879413.4564538505,1862511.114260508,80420.80538177735,foreign_labor_migration_v5_sector_year,Foreign labor migration/docs/data/region_sector_forecast.csv,2026-05-27T13:57:22+00:00,2034,"{""cumulative_recommended_quota_persons"":68167.42614824412,""domestic_sector_supply_total_with_unemployment_reserve_persons"":1862511.114260508,""foreign_labor_stock_need_persons"":68167.42614824412,""labor_demand_required_persons"":1879413.4564538505,""recommended_annual_quota_persons"":16318.452040355955,""unemployment_reserve_sector_allocated_persons"":80420.80538177735}","{""cumulative_recommended_quota_persons"":""persons"",""domestic_sector_supply_total_with_unemployment_reserve_persons"":""persons"",""foreign_labor_stock_need_persons"":""persons"",""labor_demand_required_persons"":""persons"",""recommended_annual_quota_persons"":""persons"",""unemployment_reserve_sector_allocated_persons"":""persons""}",scripts/build_labor_migration_artifacts.py,scripts/build_labor_migration_artifacts.py,calculated_v5_sector_year_sum,bed04356e8a570a2911dde917ab538bd3dd43ad84aa6d09cf900456bb3680985,a0d4b913a7df3226e4dea5b8da8a5360c8f54b855321deeebb36ff72eb513933
OKVED_T,T,Деятельность домашних хозяйств как работодателей; недифференцированная деятельность частных домашних хозяйств по производству товаров и оказанию услуг для собственного потребления,2034,36.97627779373647,78.83552209875984,78.83552209875984,67197.68200364592,129908.6226489046,66029.78525566183,foreign_labor_migration_v5_sector_year,Foreign labor migration/docs/data/region_sector_forecast.csv,2026-05-27T13:57:22+00:00,2034,"{""cumulative_recommended_quota_persons"":78.83552209875984,""domestic_sector_supply_total_with_unemployment_reserve_persons"":129908.6226489046,""foreign_labor_stock_need_persons"":78.83552209875984,""labor_demand_required_persons"":67197.68200364592,""recommended_annual_quota_persons"":36.97627779373647,""unemployment_reserve_sector_allocated_persons"":66029.78525566183}","{""cumulative_recommended_quota_persons"":""persons"",""domestic_sector_supply_total_with_unemployment_reserve_persons"":""persons"",""foreign_labor_stock_need_persons"":""persons"",""labor_demand_required_persons"":""persons"",""recommended_annual_quota_persons"":""persons"",""unemployment_reserve_sector_allocated_persons"":""persons""}",scripts/build_labor_migration_artifacts.py,scripts/build_labor_migration_artifacts.py,calculated_v5_sector_year_sum,bed04356e8a570a2911dde917ab538bd3dd43ad84aa6d09cf900456bb3680985,3f4eb52923fd0a6bb026ba252770c53647d9c1f90d1db7297c1d26d2d0277aa8
OKVED_A,A,"Сельское, лесное хозяйство, охота, рыболовство и рыбоводство",2035,35132.44178389788,293880.449172239,293880.449172239,4304601.082028434,4112870.7018926023,79936.77959780433,foreign_labor_migration_v5_sector_year,Foreign labor migration/docs/data/region_sector_forecast.csv,2026-05-27T13:57:22+00:00,2035,"{""cumulative_recommended_quota_persons"":293880.449172239,""domestic_sector_supply_total_with_unemployment_reserve_persons"":4112870.7018926023,""foreign_labor_stock_need_persons"":293880.449172239,""labor_demand_required_persons"":4304601.082028434,""recommended_annual_quota_persons"":35132.44178389788,""unemployment_reserve_sector_allocated_persons"":79936.77959780433}","{""cumulative_recommended_quota_persons"":""persons"",""domestic_sector_supply_total_with_unemployment_reserve_persons"":""persons"",""foreign_labor_stock_need_persons"":""persons"",""labor_demand_required_persons"":""persons"",""recommended_annual_quota_persons"":""persons"",""unemployment_reserve_sector_allocated_persons"":""persons""}",scripts/build_labor_migration_artifacts.py,scripts/build_labor_migration_artifacts.py,calculated_v5_sector_year_sum,bed04356e8a570a2911dde917ab538bd3dd43ad84aa6d09cf900456bb3680985,a1bfe9d9a5d8047ed5009ccfa170df342726ef23fb5be5b29a992977e3f4580a
OKVED_B,B,Добыча полезных ископаемых,2035,17627.851198563374,162151.30448386917,162151.30448386917,1635510.6958886925,1532629.809744825,79936.77959780433,foreign_labor_migration_v5_sector_year,Foreign labor migration/docs/data/region_sector_forecast.csv,2026-05-27T13:57:22+00:00,2035,"{""cumulative_recommended_quota_persons"":162151.30448386917,""domestic_sector_supply_total_with_unemployment_reserve_persons"":1532629.809744825,""foreign_labor_stock_need_persons"":162151.30448386917,""labor_demand_required_persons"":1635510.6958886925,""recommended_annual_quota_persons"":17627.851198563374,""unemployment_reserve_sector_allocated_persons"":79936.77959780433}","{""cumulative_recommended_quota_persons"":""persons"",""domestic_sector_supply_total_with_unemployment_reserve_persons"":""persons"",""foreign_labor_stock_need_persons"":""persons"",""labor_demand_required_persons"":""persons"",""recommended_annual_quota_persons"":""persons"",""unemployment_reserve_sector_allocated_persons"":""persons""}",scripts/build_labor_migration_artifacts.py,scripts/build_labor_migration_artifacts.py,calculated_v5_sector_year_sum,bed04356e8a570a2911dde917ab538bd3dd43ad84aa6d09cf900456bb3680985,996c88de8a25d1d39c89a80b4eb04a815f79bacdf3e5a76a90850a3df6dd951e
OKVED_C,C,Обрабатывающие производства,2035,76966.15074593497,655054.1731950687,655059.4050320678,9652071.75606274,9110400.808183786,79936.77959780433,foreign_labor_migration_v5_sector_year,Foreign labor migration/docs/data/region_sector_forecast.csv,2026-05-27T13:57:22+00:00,2035,"{""cumulative_recommended_quota_persons"":655059.4050320678,""domestic_sector_supply_total_with_unemployment_reserve_persons"":9110400.808183786,""foreign_labor_stock_need_persons"":655054.1731950687,""labor_demand_required_persons"":9652071.75606274,""recommended_annual_quota_persons"":76966.15074593497,""unemployment_reserve_sector_allocated_persons"":79936.77959780433}","{""cumulative_recommended_quota_persons"":""persons"",""domestic_sector_supply_total_with_unemployment_reserve_persons"":""persons"",""foreign_labor_stock_need_persons"":""persons"",""labor_demand_required_persons"":""persons"",""recommended_annual_quota_persons"":""persons"",""unemployment_reserve_sector_allocated_persons"":""persons""}",scripts/build_labor_migration_artifacts.py,scripts/build_labor_migration_artifacts.py,calculated_v5_sector_year_sum,bed04356e8a570a2911dde917ab538bd3dd43ad84aa6d09cf900456bb3680985,bf23c669669b7e57819c6bf3ba86094019cee73b267f5eb164b7ccbe4a562b87
OKVED_D,D,"Обеспечение электрической энергией, газом и паром; кондиционирование воздуха",2035,14927.079106714029,99024.42200994173,99024.42200994173,1744503.3291706103,1694192.212888319,79936.77959780433,foreign_labor_migration_v5_sector_year,Foreign labor migration/docs/data/region_sector_forecast.csv,2026-05-27T13:57:22+00:00,2035,"{""cumulative_recommended_quota_persons"":99024.42200994173,""domestic_sector_supply_total_with_unemployment_reserve_persons"":1694192.212888319,""foreign_labor_stock_need_persons"":99024.42200994173,""labor_demand_required_persons"":1744503.3291706103,""recommended_annual_quota_persons"":14927.079106714029,""unemployment_reserve_sector_allocated_persons"":79936.77959780433}","{""cumulative_recommended_quota_persons"":""persons"",""domestic_sector_supply_total_with_unemployment_reserve_persons"":""persons"",""foreign_labor_stock_need_persons"":""persons"",""labor_demand_required_persons"":""persons"",""recommended_annual_quota_persons"":""persons"",""unemployment_reserve_sector_allocated_persons"":""persons""}",scripts/build_labor_migration_artifacts.py,scripts/build_labor_migration_artifacts.py,calculated_v5_sector_year_sum,bed04356e8a570a2911dde917ab538bd3dd43ad84aa6d09cf900456bb3680985,58a936093139988214043d19ff4dc1529711d671dd90cd161e889ea2096f0ed6
OKVED_E,E,"Водоснабжение; водоотведение, организация сбора и утилизации отходов, деятельность по ликвидации загрязнений",2035,2792.625726080484,14626.168945463709,14627.981924302623,662215.9773960499,695444.5845828326,79936.77959780433,foreign_labor_migration_v5_sector_year,Foreign labor migration/docs/data/region_sector_forecast.csv,2026-05-27T13:57:22+00:00,2035,"{""cumulative_recommended_quota_persons"":14627.981924302623,""domestic_sector_supply_total_with_unemployment_reserve_persons"":695444.5845828326,""foreign_labor_stock_need_persons"":14626.168945463709,""labor_demand_required_persons"":662215.9773960499,""recommended_annual_quota_persons"":2792.625726080484,""unemployment_reserve_sector_allocated_persons"":79936.77959780433}","{""cumulative_recommended_quota_persons"":""persons"",""domestic_sector_supply_total_with_unemployment_reserve_persons"":""persons"",""foreign_labor_stock_need_persons"":""persons"",""labor_demand_required_persons"":""persons"",""recommended_annual_quota_persons"":""persons"",""unemployment_reserve_sector_allocated_persons"":""persons""}",scripts/build_labor_migration_artifacts.py,scripts/build_labor_migration_artifacts.py,calculated_v5_sector_year_sum,bed04356e8a570a2911dde917ab538bd3dd43ad84aa6d09cf900456bb3680985,a96c9f71f348168ee46e944489b9e5b344a492effe089ac1f9a29d050aaaf54d
OKVED_F,F,Строительство,2035,49986.31712931043,402398.5715387068,402398.5715387068,6514269.077550554,6213041.651708436,79936.77959780433,foreign_labor_migration_v5_sector_year,Foreign labor migration/docs/data/region_sector_forecast.csv,2026-05-27T13:57:22+00:00,2035,"{""cumulative_recommended_quota_persons"":402398.5715387068,""domestic_sector_supply_total_with_unemployment_reserve_persons"":6213041.651708436,""foreign_labor_stock_need_persons"":402398.5715387068,""labor_demand_required_persons"":6514269.077550554,""recommended_annual_quota_persons"":49986.31712931043,""unemployment_reserve_sector_allocated_persons"":79936.77959780433}","{""cumulative_recommended_quota_persons"":""persons"",""domestic_sector_supply_total_with_unemployment_reserve_persons"":""persons"",""foreign_labor_stock_need_persons"":""persons"",""labor_demand_required_persons"":""persons"",""recommended_annual_quota_persons"":""persons"",""unemployment_reserve_sector_allocated_persons"":""persons""}",scripts/build_labor_migration_artifacts.py,scripts/build_labor_migration_artifacts.py,calculated_v5_sector_year_sum,bed04356e8a570a2911dde917ab538bd3dd43ad84aa6d09cf900456bb3680985,e25b50c43c01b019058f1644092c943755117a9236cd1dc1b8c807ea9aed72e3
OKVED_G,G,Торговля оптовая и розничная; ремонт автотранспортных средств и мотоциклов,2035,116600.4349292414,940725.3503175791,940725.3503175791,13832028.395947523,13045287.538079683,79936.77959780433,foreign_labor_migration_v5_sector_year,Foreign labor migration/docs/data/region_sector_forecast.csv,2026-05-27T13:57:22+00:00,2035,"{""cumulative_recommended_quota_persons"":940725.3503175791,""domestic_sector_supply_total_with_unemployment_reserve_persons"":13045287.538079683,""foreign_labor_stock_need_persons"":940725.3503175791,""labor_demand_required_persons"":13832028.395947523,""recommended_annual_quota_persons"":116600.4349292414,""unemployment_reserve_sector_allocated_persons"":79936.77959780433}","{""cumulative_recommended_quota_persons"":""persons"",""domestic_sector_supply_total_with_unemployment_reserve_persons"":""persons"",""foreign_labor_stock_need_persons"":""persons"",""labor_demand_required_persons"":""persons"",""recommended_annual_quota_persons"":""persons"",""unemployment_reserve_sector_allocated_persons"":""persons""}",scripts/build_labor_migration_artifacts.py,scripts/build_labor_migration_artifacts.py,calculated_v5_sector_year_sum,bed04356e8a570a2911dde917ab538bd3dd43ad84aa6d09cf900456bb3680985,0a1cf18e5cfb1c9c141508579bb15bc4b808cc043bf0801905cbc66c527aa6ff
OKVED_H,H,Транспортировка и хранение,2035,55499.96740248293,421210.48518978996,421210.48518978996,6275029.142064388,5939685.464038557,79936.77959780433,foreign_labor_migration_v5_sector_year,Foreign labor migration/docs/data/region_sector_forecast.csv,2026-05-27T13:57:22+00:00,2035,"{""cumulative_recommended_quota_persons"":421210.48518978996,""domestic_sector_supply_total_with_unemployment_reserve_persons"":5939685.464038557,""foreign_labor_stock_need_persons"":421210.48518978996,""labor_demand_required_persons"":6275029.142064388,""recommended_annual_quota_persons"":55499.96740248293,""unemployment_reserve_sector_allocated_persons"":79936.77959780433}","{""cumulative_recommended_quota_persons"":""persons"",""domestic_sector_supply_total_with_unemployment_reserve_persons"":""persons"",""foreign_labor_stock_need_persons"":""persons"",""labor_demand_required_persons"":""persons"",""recommended_annual_quota_persons"":""persons"",""unemployment_reserve_sector_allocated_persons"":""persons""}",scripts/build_labor_migration_artifacts.py,scripts/build_labor_migration_artifacts.py,calculated_v5_sector_year_sum,bed04356e8a570a2911dde917ab538bd3dd43ad84aa6d09cf900456bb3680985,f5350f2d13249c732527ba57b4b1b30f9172cdbd894b5f57c3d93c811c386c85
OKVED_I,I,Деятельность гостиниц и предприятий общественного питания,2035,15689.803860152006,99722.65679809748,99722.65679809748,2090095.626650328,2043146.681613176,79936.77959780433,foreign_labor_migration_v5_sector_year,Foreign labor migration/docs/data/region_sector_forecast.csv,2026-05-27T13:57:22+00:00,2035,"{""cumulative_recommended_quota_persons"":99722.65679809748,""domestic_sector_supply_total_with_unemployment_reserve_persons"":2043146.681613176,""foreign_labor_stock_need_persons"":99722.65679809748,""labor_demand_required_persons"":2090095.626650328,""recommended_annual_quota_persons"":15689.803860152006,""unemployment_reserve_sector_allocated_persons"":79936.77959780433}","{""cumulative_recommended_quota_persons"":""persons"",""domestic_sector_supply_total_with_unemployment_reserve_persons"":""persons"",""foreign_labor_stock_need_persons"":""persons"",""labor_demand_required_persons"":""persons"",""recommended_annual_quota_persons"":""persons"",""unemployment_reserve_sector_allocated_persons"":""persons""}",scripts/build_labor_migration_artifacts.py,scripts/build_labor_migration_artifacts.py,calculated_v5_sector_year_sum,bed04356e8a570a2911dde917ab538bd3dd43ad84aa6d09cf900456bb3680985,eb169af0cd7a22b51d1f12c14d981106a6fb068aba267df33fa42b73fdd5e297
OKVED_J,J,Деятельность в области информации и связи,2035,12908.794245285639,65678.10015065248,65678.10015065248,1797689.9102205725,1775640.612495153,79936.77959780433,foreign_labor_migration_v5_sector_year,Foreign labor migration/docs/data/region_sector_forecast.csv,2026-05-27T13:57:22+00:00,2035,"{""cumulative_recommended_quota_persons"":65678.10015065248,""domestic_sector_supply_total_with_unemployment_reserve_persons"":1775640.612495153,""foreign_labor_stock_need_persons"":65678.10015065248,""labor_demand_required_persons"":1797689.9102205725,""recommended_annual_quota_persons"":12908.794245285639,""unemployment_reserve_sector_allocated_persons"":79936.77959780433}","{""cumulative_recommended_quota_persons"":""persons"",""domestic_sector_supply_total_with_unemployment_reserve_persons"":""persons"",""foreign_labor_stock_need_persons"":""persons"",""labor_demand_required_persons"":""persons"",""recommended_annual_quota_persons"":""persons"",""unemployment_reserve_sector_allocated_persons"":""persons""}",scripts/build_labor_migration_artifacts.py,scripts/build_labor_migration_artifacts.py,calculated_v5_sector_year_sum,bed04356e8a570a2911dde917ab538bd3dd43ad84aa6d09cf900456bb3680985,772ae38963d6550bff44bfc846f129ebde695c26a4be37a7fe1602194122163b
OKVED_K,K,Деятельность финансовая и страховая,2035,9230.770677201943,39830.77686700281,39830.77686700281,1289004.1648737814,1291529.8769180945,79936.77959780433,foreign_labor_migration_v5_sector_year,Foreign labor migration/docs/data/region_sector_forecast.csv,2026-05-27T13:57:22+00:00,2035,"{""cumulative_recommended_quota_persons"":39830.77686700281,""domestic_sector_supply_total_with_unemployment_reserve_persons"":1291529.8769180945,""foreign_labor_stock_need_persons"":39830.77686700281,""labor_demand_required_persons"":1289004.1648737814,""recommended_annual_quota_persons"":9230.770677201943,""unemployment_reserve_sector_allocated_persons"":79936.77959780433}","{""cumulative_recommended_quota_persons"":""persons"",""domestic_sector_supply_total_with_unemployment_reserve_persons"":""persons"",""foreign_labor_stock_need_persons"":""persons"",""labor_demand_required_persons"":""persons"",""recommended_annual_quota_persons"":""persons"",""unemployment_reserve_sector_allocated_persons"":""persons""}",scripts/build_labor_migration_artifacts.py,scripts/build_labor_migration_artifacts.py,calculated_v5_sector_year_sum,bed04356e8a570a2911dde917ab538bd3dd43ad84aa6d09cf900456bb3680985,6aba0652644f22e965af5edeb4bf05b9da5c2298f7d94c8f9f34545a8ea34d77
OKVED_L,L,Деятельность по операциям с недвижимым имуществом,2035,15895.003562533484,95228.50072660494,95228.50072660494,2034397.5779997604,1985554.576701924,79936.77959780433,foreign_labor_migration_v5_sector_year,Foreign labor migration/docs/data/region_sector_forecast.csv,2026-05-27T13:57:22+00:00,2035,"{""cumulative_recommended_quota_persons"":95228.50072660494,""domestic_sector_supply_total_with_unemployment_reserve_persons"":1985554.576701924,""foreign_labor_stock_need_persons"":95228.50072660494,""labor_demand_required_persons"":2034397.5779997604,""recommended_annual_quota_persons"":15895.003562533484,""unemployment_reserve_sector_allocated_persons"":79936.77959780433}","{""cumulative_recommended_quota_persons"":""persons"",""domestic_sector_supply_total_with_unemployment_reserve_persons"":""persons"",""foreign_labor_stock_need_persons"":""persons"",""labor_demand_required_persons"":""persons"",""recommended_annual_quota_persons"":""persons"",""unemployment_reserve_sector_allocated_persons"":""persons""}",scripts/build_labor_migration_artifacts.py,scripts/build_labor_migration_artifacts.py,calculated_v5_sector_year_sum,bed04356e8a570a2911dde917ab538bd3dd43ad84aa6d09cf900456bb3680985,082b7a5fbeeb82e55beadeff7f4a975d20c4f3752adef078a9d9c3e77f953bd9
OKVED_M,M,"Деятельность профессиональная, научная и техническая",2035,20049.502590002132,127756.54173248324,127758.8184204622,2724467.1752324956,2644549.649245445,79936.77959780433,foreign_labor_migration_v5_sector_year,Foreign labor migration/docs/data/region_sector_forecast.csv,2026-05-27T13:57:22+00:00,2035,"{""cumulative_recommended_quota_persons"":127758.8184204622,""domestic_sector_supply_total_with_unemployment_reserve_persons"":2644549.649245445,""foreign_labor_stock_need_persons"":127756.54173248324,""labor_demand_required_persons"":2724467.1752324956,""recommended_annual_quota_persons"":20049.502590002132,""unemployment_reserve_sector_allocated_persons"":79936.77959780433}","{""cumulative_recommended_quota_persons"":""persons"",""domestic_sector_supply_total_with_unemployment_reserve_persons"":""persons"",""foreign_labor_stock_need_persons"":""persons"",""labor_demand_required_persons"":""persons"",""recommended_annual_quota_persons"":""persons"",""unemployment_reserve_sector_allocated_persons"":""persons""}",scripts/build_labor_migration_artifacts.py,scripts/build_labor_migration_artifacts.py,calculated_v5_sector_year_sum,bed04356e8a570a2911dde917ab538bd3dd43ad84aa6d09cf900456bb3680985,bfcd1e043803427e74e0aa7440bda75a34d710753127d0b53a065f12dcf9ace0
OKVED_N,N,Деятельность административная и сопутствующие дополнительные услуги,2035,22988.847951716398,140025.6865265459,140025.6865265459,2624409.2647206383,2535868.7678630375,79936.77959780433,foreign_labor_migration_v5_sector_year,Foreign labor migration/docs/data/region_sector_forecast.csv,2026-05-27T13:57:22+00:00,2035,"{""cumulative_recommended_quota_persons"":140025.6865265459,""domestic_sector_supply_total_with_unemployment_reserve_persons"":2535868.7678630375,""foreign_labor_stock_need_persons"":140025.6865265459,""labor_demand_required_persons"":2624409.2647206383,""recommended_annual_quota_persons"":22988.847951716398,""unemployment_reserve_sector_allocated_persons"":79936.77959780433}","{""cumulative_recommended_quota_persons"":""persons"",""domestic_sector_supply_total_with_unemployment_reserve_persons"":""persons"",""foreign_labor_stock_need_persons"":""persons"",""labor_demand_required_persons"":""persons"",""recommended_annual_quota_persons"":""persons"",""unemployment_reserve_sector_allocated_persons"":""persons""}",scripts/build_labor_migration_artifacts.py,scripts/build_labor_migration_artifacts.py,calculated_v5_sector_year_sum,bed04356e8a570a2911dde917ab538bd3dd43ad84aa6d09cf900456bb3680985,235f8c4b8d487c32ea334b9500d4b68bffab62bbd6d545dedbbb9c959999c96f
OKVED_O,O,Государственное управление и обеспечение военной безопасности; социальное обеспечение,2035,32911.07690386333,239011.99554278923,239011.99554278923,3626774.0189320375,3465436.1425723736,79936.77959780433,foreign_labor_migration_v5_sector_year,Foreign labor migration/docs/data/region_sector_forecast.csv,2026-05-27T13:57:22+00:00,2035,"{""cumulative_recommended_quota_persons"":239011.99554278923,""domestic_sector_supply_total_with_unemployment_reserve_persons"":3465436.1425723736,""foreign_labor_stock_need_persons"":239011.99554278923,""labor_demand_required_persons"":3626774.0189320375,""recommended_annual_quota_persons"":32911.07690386333,""unemployment_reserve_sector_allocated_persons"":79936.77959780433}","{""cumulative_recommended_quota_persons"":""persons"",""domestic_sector_supply_total_with_unemployment_reserve_persons"":""persons"",""foreign_labor_stock_need_persons"":""persons"",""labor_demand_required_persons"":""persons"",""recommended_annual_quota_persons"":""persons"",""unemployment_reserve_sector_allocated_persons"":""persons""}",scripts/build_labor_migration_artifacts.py,scripts/build_labor_migration_artifacts.py,calculated_v5_sector_year_sum,bed04356e8a570a2911dde917ab538bd3dd43ad84aa6d09cf900456bb3680985,5843e2fedc5be89b2a0744d5afb45d7ee0ef68e9a9a18377aa6f359c3105aa6f
OKVED_P,P,Образование,2035,52589.02849480608,386784.5630443048,386784.5630443048,5834307.353581689,5552835.86736521,79936.77959780433,foreign_labor_migration_v5_sector_year,Foreign labor migration/docs/data/region_sector_forecast.csv,2026-05-27T13:57:22+00:00,2035,"{""cumulative_recommended_quota_persons"":386784.5630443048,""domestic_sector_supply_total_with_unemployment_reserve_persons"":5552835.86736521,""foreign_labor_stock_need_persons"":386784.5630443048,""labor_demand_required_persons"":5834307.353581689,""recommended_annual_quota_persons"":52589.02849480608,""unemployment_reserve_sector_allocated_persons"":79936.77959780433}","{""cumulative_recommended_quota_persons"":""persons"",""domestic_sector_supply_total_with_unemployment_reserve_persons"":""persons"",""foreign_labor_stock_need_persons"":""persons"",""labor_demand_required_persons"":""persons"",""recommended_annual_quota_persons"":""persons"",""unemployment_reserve_sector_allocated_persons"":""persons""}",scripts/build_labor_migration_artifacts.py,scripts/build_labor_migration_artifacts.py,calculated_v5_sector_year_sum,bed04356e8a570a2911dde917ab538bd3dd43ad84aa6d09cf900456bb3680985,1c36216fa213fa28a4f555e55f152b999c22219043a3bd5b1de48731d3c0c133
OKVED_Q,Q,Деятельность в области здравоохранения и социальных услуг,2035,44768.429510442955,327050.544939797,327050.544939797,4895356.613946034,4647905.59341458,79936.77959780433,foreign_labor_migration_v5_sector_year,Foreign labor migration/docs/data/region_sector_forecast.csv,2026-05-27T13:57:22+00:00,2035,"{""cumulative_recommended_quota_persons"":327050.544939797,""domestic_sector_supply_total_with_unemployment_reserve_persons"":4647905.59341458,""foreign_labor_stock_need_persons"":327050.544939797,""labor_demand_required_persons"":4895356.613946034,""recommended_annual_quota_persons"":44768.429510442955,""unemployment_reserve_sector_allocated_persons"":79936.77959780433}","{""cumulative_recommended_quota_persons"":""persons"",""domestic_sector_supply_total_with_unemployment_reserve_persons"":""persons"",""foreign_labor_stock_need_persons"":""persons"",""labor_demand_required_persons"":""persons"",""recommended_annual_quota_persons"":""persons"",""unemployment_reserve_sector_allocated_persons"":""persons""}",scripts/build_labor_migration_artifacts.py,scripts/build_labor_migration_artifacts.py,calculated_v5_sector_year_sum,bed04356e8a570a2911dde917ab538bd3dd43ad84aa6d09cf900456bb3680985,eef25e52397caca75814108db9df22fe46671882c12c95b51a5590e25e543037
OKVED_R,R,"Деятельность в области культуры, спорта, организации досуга и развлечений",2035,9418.93307178877,45636.57668191429,45636.57668191429,1253551.1409621816,1253695.7845334536,79936.77959780433,foreign_labor_migration_v5_sector_year,Foreign labor migration/docs/data/region_sector_forecast.csv,2026-05-27T13:57:22+00:00,2035,"{""cumulative_recommended_quota_persons"":45636.57668191429,""domestic_sector_supply_total_with_unemployment_reserve_persons"":1253695.7845334536,""foreign_labor_stock_need_persons"":45636.57668191429,""labor_demand_required_persons"":1253551.1409621816,""recommended_annual_quota_persons"":9418.93307178877,""unemployment_reserve_sector_allocated_persons"":79936.77959780433}","{""cumulative_recommended_quota_persons"":""persons"",""domestic_sector_supply_total_with_unemployment_reserve_persons"":""persons"",""foreign_labor_stock_need_persons"":""persons"",""labor_demand_required_persons"":""persons"",""recommended_annual_quota_persons"":""persons"",""unemployment_reserve_sector_allocated_persons"":""persons""}",scripts/build_labor_migration_artifacts.py,scripts/build_labor_migration_artifacts.py,calculated_v5_sector_year_sum,bed04356e8a570a2911dde917ab538bd3dd43ad84aa6d09cf900456bb3680985,7e7d3fd971794280c166a2b08440da5cb31608f24967c5ea06a2f10382acff48
OKVED_S,S,Предоставление прочих видов услуг,2035,14648.09301322855,82815.51916147266,82815.51916147266,1889291.202419948,1854533.005080184,79936.77959780433,foreign_labor_migration_v5_sector_year,Foreign labor migration/docs/data/region_sector_forecast.csv,2026-05-27T13:57:22+00:00,2035,"{""cumulative_recommended_quota_persons"":82815.51916147266,""domestic_sector_supply_total_with_unemployment_reserve_persons"":1854533.005080184,""foreign_labor_stock_need_persons"":82815.51916147266,""labor_demand_required_persons"":1889291.202419948,""recommended_annual_quota_persons"":14648.09301322855,""unemployment_reserve_sector_allocated_persons"":79936.77959780433}","{""cumulative_recommended_quota_persons"":""persons"",""domestic_sector_supply_total_with_unemployment_reserve_persons"":""persons"",""foreign_labor_stock_need_persons"":""persons"",""labor_demand_required_persons"":""persons"",""recommended_annual_quota_persons"":""persons"",""unemployment_reserve_sector_allocated_persons"":""persons""}",scripts/build_labor_migration_artifacts.py,scripts/build_labor_migration_artifacts.py,calculated_v5_sector_year_sum,bed04356e8a570a2911dde917ab538bd3dd43ad84aa6d09cf900456bb3680985,d69f9fe0a080b18b2571a158a481b41472d5dfbf98921ee69ee5b73f76a50e54
OKVED_T,T,Деятельность домашних хозяйств как работодателей; недифференцированная деятельность частных домашних хозяйств по производству товаров и оказанию услуг для собственного потребления,2035,85.63674234497125,164.4722644437311,164.4722644437311,67458.2317670265,129251.25780181053,65675.47384363526,foreign_labor_migration_v5_sector_year,Foreign labor migration/docs/data/region_sector_forecast.csv,2026-05-27T13:57:22+00:00,2035,"{""cumulative_recommended_quota_persons"":164.4722644437311,""domestic_sector_supply_total_with_unemployment_reserve_persons"":129251.25780181053,""foreign_labor_stock_need_persons"":164.4722644437311,""labor_demand_required_persons"":67458.2317670265,""recommended_annual_quota_persons"":85.63674234497125,""unemployment_reserve_sector_allocated_persons"":65675.47384363526}","{""cumulative_recommended_quota_persons"":""persons"",""domestic_sector_supply_total_with_unemployment_reserve_persons"":""persons"",""foreign_labor_stock_need_persons"":""persons"",""labor_demand_required_persons"":""persons"",""recommended_annual_quota_persons"":""persons"",""unemployment_reserve_sector_allocated_persons"":""persons""}",scripts/build_labor_migration_artifacts.py,scripts/build_labor_migration_artifacts.py,calculated_v5_sector_year_sum,bed04356e8a570a2911dde917ab538bd3dd43ad84aa6d09cf900456bb3680985,46d811f1e12ac7972c4803f1aec8b47e7ee60492fa1223981143e9d7e7f17799
OKVED_A,A,"Сельское, лесное хозяйство, охота, рыболовство и рыбоводство",2036,31414.324650829196,325294.7738230682,325294.7738230682,4295212.204215659,4069792.7836668743,79466.10162115353,foreign_labor_migration_v5_sector_year,Foreign labor migration/docs/data/region_sector_forecast.csv,2026-05-27T13:57:22+00:00,2036,"{""cumulative_recommended_quota_persons"":325294.7738230682,""domestic_sector_supply_total_with_unemployment_reserve_persons"":4069792.7836668743,""foreign_labor_stock_need_persons"":325294.7738230682,""labor_demand_required_persons"":4295212.204215659,""recommended_annual_quota_persons"":31414.324650829196,""unemployment_reserve_sector_allocated_persons"":79466.10162115353}","{""cumulative_recommended_quota_persons"":""persons"",""domestic_sector_supply_total_with_unemployment_reserve_persons"":""persons"",""foreign_labor_stock_need_persons"":""persons"",""labor_demand_required_persons"":""persons"",""recommended_annual_quota_persons"":""persons"",""unemployment_reserve_sector_allocated_persons"":""persons""}",scripts/build_labor_migration_artifacts.py,scripts/build_labor_migration_artifacts.py,calculated_v5_sector_year_sum,bed04356e8a570a2911dde917ab538bd3dd43ad84aa6d09cf900456bb3680985,f0d13c55a27fc32638dae649c815d4602369788c588a17e04e8a80f45ccf7c48
OKVED_B,B,Добыча полезных ископаемых,2036,16726.184216738668,178877.48870060782,178877.48870060782,1666020.025877241,1543879.3666073224,79466.10162115353,foreign_labor_migration_v5_sector_year,Foreign labor migration/docs/data/region_sector_forecast.csv,2026-05-27T13:57:22+00:00,2036,"{""cumulative_recommended_quota_persons"":178877.48870060782,""domestic_sector_supply_total_with_unemployment_reserve_persons"":1543879.3666073224,""foreign_labor_stock_need_persons"":178877.48870060782,""labor_demand_required_persons"":1666020.025877241,""recommended_annual_quota_persons"":16726.184216738668,""unemployment_reserve_sector_allocated_persons"":79466.10162115353}","{""cumulative_recommended_quota_persons"":""persons"",""domestic_sector_supply_total_with_unemployment_reserve_persons"":""persons"",""foreign_labor_stock_need_persons"":""persons"",""labor_demand_required_persons"":""persons"",""recommended_annual_quota_persons"":""persons"",""unemployment_reserve_sector_allocated_persons"":""persons""}",scripts/build_labor_migration_artifacts.py,scripts/build_labor_migration_artifacts.py,calculated_v5_sector_year_sum,bed04356e8a570a2911dde917ab538bd3dd43ad84aa6d09cf900456bb3680985,a9e7ad0e6f33dbf4bd3dfb2c56e1d16d1d872b1f6a2ad87cffc0487377b54669
OKVED_C,C,Обрабатывающие производства,2036,68894.76874278279,723948.9419378516,723954.1737748506,9563185.546854869,8944973.701643055,79466.10162115353,foreign_labor_migration_v5_sector_year,Foreign labor migration/docs/data/region_sector_forecast.csv,2026-05-27T13:57:22+00:00,2036,"{""cumulative_recommended_quota_persons"":723954.1737748506,""domestic_sector_supply_total_with_unemployment_reserve_persons"":8944973.701643055,""foreign_labor_stock_need_persons"":723948.9419378516,""labor_demand_required_persons"":9563185.546854869,""recommended_annual_quota_persons"":68894.76874278279,""unemployment_reserve_sector_allocated_persons"":79466.10162115353}","{""cumulative_recommended_quota_persons"":""persons"",""domestic_sector_supply_total_with_unemployment_reserve_persons"":""persons"",""foreign_labor_stock_need_persons"":""persons"",""labor_demand_required_persons"":""persons"",""recommended_annual_quota_persons"":""persons"",""unemployment_reserve_sector_allocated_persons"":""persons""}",scripts/build_labor_migration_artifacts.py,scripts/build_labor_migration_artifacts.py,calculated_v5_sector_year_sum,bed04356e8a570a2911dde917ab538bd3dd43ad84aa6d09cf900456bb3680985,d9fcf3bfd8618b77a453780b6f9169bab8a2bbce4eaaaeb32a7dc81c2afeadab
OKVED_D,D,"Обеспечение электрической энергией, газом и паром; кондиционирование воздуха",2036,14944.923613975912,113969.34562391764,113969.34562391764,1767149.8936164258,1699286.2789044878,79466.10162115353,foreign_labor_migration_v5_sector_year,Foreign labor migration/docs/data/region_sector_forecast.csv,2026-05-27T13:57:22+00:00,2036,"{""cumulative_recommended_quota_persons"":113969.34562391764,""domestic_sector_supply_total_with_unemployment_reserve_persons"":1699286.2789044878,""foreign_labor_stock_need_persons"":113969.34562391764,""labor_demand_required_persons"":1767149.8936164258,""recommended_annual_quota_persons"":14944.923613975912,""unemployment_reserve_sector_allocated_persons"":79466.10162115353}","{""cumulative_recommended_quota_persons"":""persons"",""domestic_sector_supply_total_with_unemployment_reserve_persons"":""persons"",""foreign_labor_stock_need_persons"":""persons"",""labor_demand_required_persons"":""persons"",""recommended_annual_quota_persons"":""persons"",""unemployment_reserve_sector_allocated_persons"":""persons""}",scripts/build_labor_migration_artifacts.py,scripts/build_labor_migration_artifacts.py,calculated_v5_sector_year_sum,bed04356e8a570a2911dde917ab538bd3dd43ad84aa6d09cf900456bb3680985,5960eada959603e6a50b8af237b781b0e9019d879389afcb8f81a14205519f4b
OKVED_E,E,"Водоснабжение; водоотведение, организация сбора и утилизации отходов, деятельность по ликвидации загрязнений",2036,2711.0343659446457,17337.203311408357,17339.01629024727,659633.8891082823,686941.0102682007,79466.10162115353,foreign_labor_migration_v5_sector_year,Foreign labor migration/docs/data/region_sector_forecast.csv,2026-05-27T13:57:22+00:00,2036,"{""cumulative_recommended_quota_persons"":17339.01629024727,""domestic_sector_supply_total_with_unemployment_reserve_persons"":686941.0102682007,""foreign_labor_stock_need_persons"":17337.203311408357,""labor_demand_required_persons"":659633.8891082823,""recommended_annual_quota_persons"":2711.0343659446457,""unemployment_reserve_sector_allocated_persons"":79466.10162115353}","{""cumulative_recommended_quota_persons"":""persons"",""domestic_sector_supply_total_with_unemployment_reserve_persons"":""persons"",""foreign_labor_stock_need_persons"":""persons"",""labor_demand_required_persons"":""persons"",""recommended_annual_quota_persons"":""persons"",""unemployment_reserve_sector_allocated_persons"":""persons""}",scripts/build_labor_migration_artifacts.py,scripts/build_labor_migration_artifacts.py,calculated_v5_sector_year_sum,bed04356e8a570a2911dde917ab538bd3dd43ad84aa6d09cf900456bb3680985,056acca8c9cd1f80447adbb43bfd07481488a9ba9eadb465ddece494be86efdd
OKVED_F,F,Строительство,2036,45434.069741264124,447832.64127997094,447832.64127997094,6478567.465473943,6127513.085965639,79466.10162115353,foreign_labor_migration_v5_sector_year,Foreign labor migration/docs/data/region_sector_forecast.csv,2026-05-27T13:57:22+00:00,2036,"{""cumulative_recommended_quota_persons"":447832.64127997094,""domestic_sector_supply_total_with_unemployment_reserve_persons"":6127513.085965639,""foreign_labor_stock_need_persons"":447832.64127997094,""labor_demand_required_persons"":6478567.465473943,""recommended_annual_quota_persons"":45434.069741264124,""unemployment_reserve_sector_allocated_persons"":79466.10162115353}","{""cumulative_recommended_quota_persons"":""persons"",""domestic_sector_supply_total_with_unemployment_reserve_persons"":""persons"",""foreign_labor_stock_need_persons"":""persons"",""labor_demand_required_persons"":""persons"",""recommended_annual_quota_persons"":""persons"",""unemployment_reserve_sector_allocated_persons"":""persons""}",scripts/build_labor_migration_artifacts.py,scripts/build_labor_migration_artifacts.py,calculated_v5_sector_year_sum,bed04356e8a570a2911dde917ab538bd3dd43ad84aa6d09cf900456bb3680985,4e2a4e1be7e23241b01a13b4ba8f581525e52fb5138c9c26f2ee1c756d0cc5c7
OKVED_G,G,Торговля оптовая и розничная; ремонт автотранспортных средств и мотоциклов,2036,107396.83434426568,1048122.1846618447,1048122.1846618447,13849313.262082897,12948047.42339972,79466.10162115353,foreign_labor_migration_v5_sector_year,Foreign labor migration/docs/data/region_sector_forecast.csv,2026-05-27T13:57:22+00:00,2036,"{""cumulative_recommended_quota_persons"":1048122.1846618447,""domestic_sector_supply_total_with_unemployment_reserve_persons"":12948047.42339972,""foreign_labor_stock_need_persons"":1048122.1846618447,""labor_demand_required_persons"":13849313.262082897,""recommended_annual_quota_persons"":107396.83434426568,""unemployment_reserve_sector_allocated_persons"":79466.10162115353}","{""cumulative_recommended_quota_persons"":""persons"",""domestic_sector_supply_total_with_unemployment_reserve_persons"":""persons"",""foreign_labor_stock_need_persons"":""persons"",""labor_demand_required_persons"":""persons"",""recommended_annual_quota_persons"":""persons"",""unemployment_reserve_sector_allocated_persons"":""persons""}",scripts/build_labor_migration_artifacts.py,scripts/build_labor_migration_artifacts.py,calculated_v5_sector_year_sum,bed04356e8a570a2911dde917ab538bd3dd43ad84aa6d09cf900456bb3680985,e145b37aec924044c22af6b70b8c8edde4968001b32cc6a40fb63a065bc3dbda
OKVED_H,H,Транспортировка и хранение,2036,51231.504518394744,472441.98970818473,472441.98970818473,6301203.978040164,5911121.637134507,79466.10162115353,foreign_labor_migration_v5_sector_year,Foreign labor migration/docs/data/region_sector_forecast.csv,2026-05-27T13:57:22+00:00,2036,"{""cumulative_recommended_quota_persons"":472441.98970818473,""domestic_sector_supply_total_with_unemployment_reserve_persons"":5911121.637134507,""foreign_labor_stock_need_persons"":472441.98970818473,""labor_demand_required_persons"":6301203.978040164,""recommended_annual_quota_persons"":51231.504518394744,""unemployment_reserve_sector_allocated_persons"":79466.10162115353}","{""cumulative_recommended_quota_persons"":""persons"",""domestic_sector_supply_total_with_unemployment_reserve_persons"":""persons"",""foreign_labor_stock_need_persons"":""persons"",""labor_demand_required_persons"":""persons"",""recommended_annual_quota_persons"":""persons"",""unemployment_reserve_sector_allocated_persons"":""persons""}",scripts/build_labor_migration_artifacts.py,scripts/build_labor_migration_artifacts.py,calculated_v5_sector_year_sum,bed04356e8a570a2911dde917ab538bd3dd43ad84aa6d09cf900456bb3680985,d683821e017ad8c01d7b64cab99c7799647fdc04c6676c4cb4cace736ad8b805
OKVED_I,I,Деятельность гостиниц и предприятий общественного питания,2036,14494.416559758909,114217.0733578564,114217.0733578564,2088381.563188674,2024344.4525634465,79466.10162115353,foreign_labor_migration_v5_sector_year,Foreign labor migration/docs/data/region_sector_forecast.csv,2026-05-27T13:57:22+00:00,2036,"{""cumulative_recommended_quota_persons"":114217.0733578564,""domestic_sector_supply_total_with_unemployment_reserve_persons"":2024344.4525634465,""foreign_labor_stock_need_persons"":114217.0733578564,""labor_demand_required_persons"":2088381.563188674,""recommended_annual_quota_persons"":14494.416559758909,""unemployment_reserve_sector_allocated_persons"":79466.10162115353}","{""cumulative_recommended_quota_persons"":""persons"",""domestic_sector_supply_total_with_unemployment_reserve_persons"":""persons"",""foreign_labor_stock_need_persons"":""persons"",""labor_demand_required_persons"":""persons"",""recommended_annual_quota_persons"":""persons"",""unemployment_reserve_sector_allocated_persons"":""persons""}",scripts/build_labor_migration_artifacts.py,scripts/build_labor_migration_artifacts.py,calculated_v5_sector_year_sum,bed04356e8a570a2911dde917ab538bd3dd43ad84aa6d09cf900456bb3680985,8ef9225e9513e48c52526c2b49a502fd907345553ab33472b15c6c503a098dc7
OKVED_J,J,Деятельность в области информации и связи,2036,12616.974648841662,78295.07479949413,78295.07479949413,1786907.1184422325,1750296.200456042,79466.10162115353,foreign_labor_migration_v5_sector_year,Foreign labor migration/docs/data/region_sector_forecast.csv,2026-05-27T13:57:22+00:00,2036,"{""cumulative_recommended_quota_persons"":78295.07479949413,""domestic_sector_supply_total_with_unemployment_reserve_persons"":1750296.200456042,""foreign_labor_stock_need_persons"":78295.07479949413,""labor_demand_required_persons"":1786907.1184422325,""recommended_annual_quota_persons"":12616.974648841662,""unemployment_reserve_sector_allocated_persons"":79466.10162115353}","{""cumulative_recommended_quota_persons"":""persons"",""domestic_sector_supply_total_with_unemployment_reserve_persons"":""persons"",""foreign_labor_stock_need_persons"":""persons"",""labor_demand_required_persons"":""persons"",""recommended_annual_quota_persons"":""persons"",""unemployment_reserve_sector_allocated_persons"":""persons""}",scripts/build_labor_migration_artifacts.py,scripts/build_labor_migration_artifacts.py,calculated_v5_sector_year_sum,bed04356e8a570a2911dde917ab538bd3dd43ad84aa6d09cf900456bb3680985,bb972b82fe8667c681bc6b2f3f0c7d961687576701fa94cae6d147219f6d7a10
OKVED_K,K,Деятельность финансовая и страховая,2036,9227.65858074778,49058.43544775059,49058.43544775059,1288582.2480510222,1279965.5653505404,79466.10162115353,foreign_labor_migration_v5_sector_year,Foreign labor migration/docs/data/region_sector_forecast.csv,2026-05-27T13:57:22+00:00,2036,"{""cumulative_recommended_quota_persons"":49058.43544775059,""domestic_sector_supply_total_with_unemployment_reserve_persons"":1279965.5653505404,""foreign_labor_stock_need_persons"":49058.43544775059,""labor_demand_required_persons"":1288582.2480510222,""recommended_annual_quota_persons"":9227.65858074778,""unemployment_reserve_sector_allocated_persons"":79466.10162115353}","{""cumulative_recommended_quota_persons"":""persons"",""domestic_sector_supply_total_with_unemployment_reserve_persons"":""persons"",""foreign_labor_stock_need_persons"":""persons"",""labor_demand_required_persons"":""persons"",""recommended_annual_quota_persons"":""persons"",""unemployment_reserve_sector_allocated_persons"":""persons""}",scripts/build_labor_migration_artifacts.py,scripts/build_labor_migration_artifacts.py,calculated_v5_sector_year_sum,bed04356e8a570a2911dde917ab538bd3dd43ad84aa6d09cf900456bb3680985,018f8bba129f21e6df69412be43f079bde6e01239532bb2b0b3499fa34361c09
OKVED_L,L,Деятельность по операциям с недвижимым имуществом,2036,15362.33656261805,110590.837289223,110590.837289223,2036995.7380503805,1970424.4023418957,79466.10162115353,foreign_labor_migration_v5_sector_year,Foreign labor migration/docs/data/region_sector_forecast.csv,2026-05-27T13:57:22+00:00,2036,"{""cumulative_recommended_quota_persons"":110590.837289223,""domestic_sector_supply_total_with_unemployment_reserve_persons"":1970424.4023418957,""foreign_labor_stock_need_persons"":110590.837289223,""labor_demand_required_persons"":2036995.7380503805,""recommended_annual_quota_persons"":15362.33656261805,""unemployment_reserve_sector_allocated_persons"":79466.10162115353}","{""cumulative_recommended_quota_persons"":""persons"",""domestic_sector_supply_total_with_unemployment_reserve_persons"":""persons"",""foreign_labor_stock_need_persons"":""persons"",""labor_demand_required_persons"":""persons"",""recommended_annual_quota_persons"":""persons"",""unemployment_reserve_sector_allocated_persons"":""persons""}",scripts/build_labor_migration_artifacts.py,scripts/build_labor_migration_artifacts.py,calculated_v5_sector_year_sum,bed04356e8a570a2911dde917ab538bd3dd43ad84aa6d09cf900456bb3680985,0ac6e1cbc82b26cbae2066b2a1eed803e8a8e5a37848de7763ba100fd163b2ca
OKVED_M,M,"Деятельность профессиональная, научная и техническая",2036,18512.24984349404,146268.7915759773,146271.06826395623,2699336.220515963,2598202.195316961,79466.10162115353,foreign_labor_migration_v5_sector_year,Foreign labor migration/docs/data/region_sector_forecast.csv,2026-05-27T13:57:22+00:00,2036,"{""cumulative_recommended_quota_persons"":146271.06826395623,""domestic_sector_supply_total_with_unemployment_reserve_persons"":2598202.195316961,""foreign_labor_stock_need_persons"":146268.7915759773,""labor_demand_required_persons"":2699336.220515963,""recommended_annual_quota_persons"":18512.24984349404,""unemployment_reserve_sector_allocated_persons"":79466.10162115353}","{""cumulative_recommended_quota_persons"":""persons"",""domestic_sector_supply_total_with_unemployment_reserve_persons"":""persons"",""foreign_labor_stock_need_persons"":""persons"",""labor_demand_required_persons"":""persons"",""recommended_annual_quota_persons"":""persons"",""unemployment_reserve_sector_allocated_persons"":""persons""}",scripts/build_labor_migration_artifacts.py,scripts/build_labor_migration_artifacts.py,calculated_v5_sector_year_sum,bed04356e8a570a2911dde917ab538bd3dd43ad84aa6d09cf900456bb3680985,1625901ae5b3e3b1070411392325f03620d0489b5c8102ab4e00e8b107fb9241
OKVED_N,N,Деятельность административная и сопутствующие дополнительные услуги,2036,21966.99382976556,161992.68035631147,161992.68035631147,2652843.8952590125,2539738.654476437,79466.10162115353,foreign_labor_migration_v5_sector_year,Foreign labor migration/docs/data/region_sector_forecast.csv,2026-05-27T13:57:22+00:00,2036,"{""cumulative_recommended_quota_persons"":161992.68035631147,""domestic_sector_supply_total_with_unemployment_reserve_persons"":2539738.654476437,""foreign_labor_stock_need_persons"":161992.68035631147,""labor_demand_required_persons"":2652843.8952590125,""recommended_annual_quota_persons"":21966.99382976556,""unemployment_reserve_sector_allocated_persons"":79466.10162115353}","{""cumulative_recommended_quota_persons"":""persons"",""domestic_sector_supply_total_with_unemployment_reserve_persons"":""persons"",""foreign_labor_stock_need_persons"":""persons"",""labor_demand_required_persons"":""persons"",""recommended_annual_quota_persons"":""persons"",""unemployment_reserve_sector_allocated_persons"":""persons""}",scripts/build_labor_migration_artifacts.py,scripts/build_labor_migration_artifacts.py,calculated_v5_sector_year_sum,bed04356e8a570a2911dde917ab538bd3dd43ad84aa6d09cf900456bb3680985,ed079a61720c9e1e526924822e81b0aa97a6268d54b35c340646af6089446e41
OKVED_O,O,Государственное управление и обеспечение военной безопасности; социальное обеспечение,2036,30302.149802630633,269314.1453454198,269314.1453454198,3644438.9305571187,3451249.842280888,79466.10162115353,foreign_labor_migration_v5_sector_year,Foreign labor migration/docs/data/region_sector_forecast.csv,2026-05-27T13:57:22+00:00,2036,"{""cumulative_recommended_quota_persons"":269314.1453454198,""domestic_sector_supply_total_with_unemployment_reserve_persons"":3451249.842280888,""foreign_labor_stock_need_persons"":269314.1453454198,""labor_demand_required_persons"":3644438.9305571187,""recommended_annual_quota_persons"":30302.149802630633,""unemployment_reserve_sector_allocated_persons"":79466.10162115353}","{""cumulative_recommended_quota_persons"":""persons"",""domestic_sector_supply_total_with_unemployment_reserve_persons"":""persons"",""foreign_labor_stock_need_persons"":""persons"",""labor_demand_required_persons"":""persons"",""recommended_annual_quota_persons"":""persons"",""unemployment_reserve_sector_allocated_persons"":""persons""}",scripts/build_labor_migration_artifacts.py,scripts/build_labor_migration_artifacts.py,calculated_v5_sector_year_sum,bed04356e8a570a2911dde917ab538bd3dd43ad84aa6d09cf900456bb3680985,46fc0326420492649405eaa2a30a2506bc2949dd1074638eb5a6f6dfa17eacb9
OKVED_P,P,Образование,2036,48645.64832979002,435430.2113740948,435430.2113740948,5874985.277226632,5543097.286241924,79466.10162115353,foreign_labor_migration_v5_sector_year,Foreign labor migration/docs/data/region_sector_forecast.csv,2026-05-27T13:57:22+00:00,2036,"{""cumulative_recommended_quota_persons"":435430.2113740948,""domestic_sector_supply_total_with_unemployment_reserve_persons"":5543097.286241924,""foreign_labor_stock_need_persons"":435430.2113740948,""labor_demand_required_persons"":5874985.277226632,""recommended_annual_quota_persons"":48645.64832979002,""unemployment_reserve_sector_allocated_persons"":79466.10162115353}","{""cumulative_recommended_quota_persons"":""persons"",""domestic_sector_supply_total_with_unemployment_reserve_persons"":""persons"",""foreign_labor_stock_need_persons"":""persons"",""labor_demand_required_persons"":""persons"",""recommended_annual_quota_persons"":""persons"",""unemployment_reserve_sector_allocated_persons"":""persons""}",scripts/build_labor_migration_artifacts.py,scripts/build_labor_migration_artifacts.py,calculated_v5_sector_year_sum,bed04356e8a570a2911dde917ab538bd3dd43ad84aa6d09cf900456bb3680985,15bc459ca35a0edbcc1b02dba45ff09db13227edbcefbafe2f05911b57557553
OKVED_Q,Q,Деятельность в области здравоохранения и социальных услуг,2036,41795.659027911635,368846.2039677086,368846.2039677086,4933304.965487819,4641648.341003755,79466.10162115353,foreign_labor_migration_v5_sector_year,Foreign labor migration/docs/data/region_sector_forecast.csv,2026-05-27T13:57:22+00:00,2036,"{""cumulative_recommended_quota_persons"":368846.2039677086,""domestic_sector_supply_total_with_unemployment_reserve_persons"":4641648.341003755,""foreign_labor_stock_need_persons"":368846.2039677086,""labor_demand_required_persons"":4933304.965487819,""recommended_annual_quota_persons"":41795.659027911635,""unemployment_reserve_sector_allocated_persons"":79466.10162115353}","{""cumulative_recommended_quota_persons"":""persons"",""domestic_sector_supply_total_with_unemployment_reserve_persons"":""persons"",""foreign_labor_stock_need_persons"":""persons"",""labor_demand_required_persons"":""persons"",""recommended_annual_quota_persons"":""persons"",""unemployment_reserve_sector_allocated_persons"":""persons""}",scripts/build_labor_migration_artifacts.py,scripts/build_labor_migration_artifacts.py,calculated_v5_sector_year_sum,bed04356e8a570a2911dde917ab538bd3dd43ad84aa6d09cf900456bb3680985,f1def0ee82fe2fbb6eec3aa6b4bea41aecb98e1f5b8516c51a91aa80782cd2b6
OKVED_R,R,"Деятельность в области культуры, спорта, организации досуга и развлечений",2036,8871.925740842391,54508.50242275668,54508.50242275668,1256039.0724661017,1245233.0459744888,79466.10162115353,foreign_labor_migration_v5_sector_year,Foreign labor migration/docs/data/region_sector_forecast.csv,2026-05-27T13:57:22+00:00,2036,"{""cumulative_recommended_quota_persons"":54508.50242275668,""domestic_sector_supply_total_with_unemployment_reserve_persons"":1245233.0459744888,""foreign_labor_stock_need_persons"":54508.50242275668,""labor_demand_required_persons"":1256039.0724661017,""recommended_annual_quota_persons"":8871.925740842391,""unemployment_reserve_sector_allocated_persons"":79466.10162115353}","{""cumulative_recommended_quota_persons"":""persons"",""domestic_sector_supply_total_with_unemployment_reserve_persons"":""persons"",""foreign_labor_stock_need_persons"":""persons"",""labor_demand_required_persons"":""persons"",""recommended_annual_quota_persons"":""persons"",""unemployment_reserve_sector_allocated_persons"":""persons""}",scripts/build_labor_migration_artifacts.py,scripts/build_labor_migration_artifacts.py,calculated_v5_sector_year_sum,bed04356e8a570a2911dde917ab538bd3dd43ad84aa6d09cf900456bb3680985,33a662a60bb1b73a5b7fd1aee864592556d95a422e738ce138bfd26593aad184
OKVED_S,S,Предоставление прочих видов услуг,2036,13822.422665123022,96637.94182659569,96637.94182659569,1897626.468702946,1846499.1609812167,79466.10162115353,foreign_labor_migration_v5_sector_year,Foreign labor migration/docs/data/region_sector_forecast.csv,2026-05-27T13:57:22+00:00,2036,"{""cumulative_recommended_quota_persons"":96637.94182659569,""domestic_sector_supply_total_with_unemployment_reserve_persons"":1846499.1609812167,""foreign_labor_stock_need_persons"":96637.94182659569,""labor_demand_required_persons"":1897626.468702946,""recommended_annual_quota_persons"":13822.422665123022,""unemployment_reserve_sector_allocated_persons"":79466.10162115353}","{""cumulative_recommended_quota_persons"":""persons"",""domestic_sector_supply_total_with_unemployment_reserve_persons"":""persons"",""foreign_labor_stock_need_persons"":""persons"",""labor_demand_required_persons"":""persons"",""recommended_annual_quota_persons"":""persons"",""unemployment_reserve_sector_allocated_persons"":""persons""}",scripts/build_labor_migration_artifacts.py,scripts/build_labor_migration_artifacts.py,calculated_v5_sector_year_sum,bed04356e8a570a2911dde917ab538bd3dd43ad84aa6d09cf900456bb3680985,f982c3aed9274eaa398b4c2dfa0ebce5396ee6f671e62a544973b86774e193d1
OKVED_T,T,Деятельность домашних хозяйств как работодателей; недифференцированная деятельность частных домашних хозяйств по производству товаров и оказанию услуг для собственного потребления,2036,77.46627470464114,241.93853914837223,241.93853914837223,67662.47224790655,128611.60553099235,65327.5409635748,foreign_labor_migration_v5_sector_year,Foreign labor migration/docs/data/region_sector_forecast.csv,2026-05-27T13:57:22+00:00,2036,"{""cumulative_recommended_quota_persons"":241.93853914837223,""domestic_sector_supply_total_with_unemployment_reserve_persons"":128611.60553099235,""foreign_labor_stock_need_persons"":241.93853914837223,""labor_demand_required_persons"":67662.47224790655,""recommended_annual_quota_persons"":77.46627470464114,""unemployment_reserve_sector_allocated_persons"":65327.5409635748}","{""cumulative_recommended_quota_persons"":""persons"",""domestic_sector_supply_total_with_unemployment_reserve_persons"":""persons"",""foreign_labor_stock_need_persons"":""persons"",""labor_demand_required_persons"":""persons"",""recommended_annual_quota_persons"":""persons"",""unemployment_reserve_sector_allocated_persons"":""persons""}",scripts/build_labor_migration_artifacts.py,scripts/build_labor_migration_artifacts.py,calculated_v5_sector_year_sum,bed04356e8a570a2911dde917ab538bd3dd43ad84aa6d09cf900456bb3680985,def96431d86768d9641417e3886170ae5140c7c5b76de6669e5db9280be3c8d1
OKVED_A,A,"Сельское, лесное хозяйство, охота, рыболовство и рыбоводство",2037,29727.91483109862,355022.6886541668,355022.6886541668,4282911.282186503,4026101.4419053476,78973.58538439711,foreign_labor_migration_v5_sector_year,Foreign labor migration/docs/data/region_sector_forecast.csv,2026-05-27T13:57:22+00:00,2037,"{""cumulative_recommended_quota_persons"":355022.6886541668,""domestic_sector_supply_total_with_unemployment_reserve_persons"":4026101.4419053476,""foreign_labor_stock_need_persons"":355022.6886541668,""labor_demand_required_persons"":4282911.282186503,""recommended_annual_quota_persons"":29727.91483109862,""unemployment_reserve_sector_allocated_persons"":78973.58538439711}","{""cumulative_recommended_quota_persons"":""persons"",""domestic_sector_supply_total_with_unemployment_reserve_persons"":""persons"",""foreign_labor_stock_need_persons"":""persons"",""labor_demand_required_persons"":""persons"",""recommended_annual_quota_persons"":""persons"",""unemployment_reserve_sector_allocated_persons"":""persons""}",scripts/build_labor_migration_artifacts.py,scripts/build_labor_migration_artifacts.py,calculated_v5_sector_year_sum,bed04356e8a570a2911dde917ab538bd3dd43ad84aa6d09cf900456bb3680985,04954b3e86e1e321c81c3df59471428d0b32fb6099a9a874ccd70a1e396b0381
OKVED_B,B,Добыча полезных ископаемых,2037,16674.883505820333,195552.37220642818,195552.37220642818,1695494.3453822378,1554656.073560189,78973.58538439711,foreign_labor_migration_v5_sector_year,Foreign labor migration/docs/data/region_sector_forecast.csv,2026-05-27T13:57:22+00:00,2037,"{""cumulative_recommended_quota_persons"":195552.37220642818,""domestic_sector_supply_total_with_unemployment_reserve_persons"":1554656.073560189,""foreign_labor_stock_need_persons"":195552.37220642818,""labor_demand_required_persons"":1695494.3453822378,""recommended_annual_quota_persons"":16674.883505820333,""unemployment_reserve_sector_allocated_persons"":78973.58538439711}","{""cumulative_recommended_quota_persons"":""persons"",""domestic_sector_supply_total_with_unemployment_reserve_persons"":""persons"",""foreign_labor_stock_need_persons"":""persons"",""labor_demand_required_persons"":""persons"",""recommended_annual_quota_persons"":""persons"",""unemployment_reserve_sector_allocated_persons"":""persons""}",scripts/build_labor_migration_artifacts.py,scripts/build_labor_migration_artifacts.py,calculated_v5_sector_year_sum,bed04356e8a570a2911dde917ab538bd3dd43ad84aa6d09cf900456bb3680985,85ecf560f6c73c00af605e349dee9f615f25db4552568a3b5470fae1a278a171
OKVED_C,C,Обрабатывающие производства,2037,62261.35215746483,786210.2940953164,786215.5259323154,9468579.057005795,8780501.58039844,78973.58538439711,foreign_labor_migration_v5_sector_year,Foreign labor migration/docs/data/region_sector_forecast.csv,2026-05-27T13:57:22+00:00,2037,"{""cumulative_recommended_quota_persons"":786215.5259323154,""domestic_sector_supply_total_with_unemployment_reserve_persons"":8780501.58039844,""foreign_labor_stock_need_persons"":786210.2940953164,""labor_demand_required_persons"":9468579.057005795,""recommended_annual_quota_persons"":62261.35215746483,""unemployment_reserve_sector_allocated_persons"":78973.58538439711}","{""cumulative_recommended_quota_persons"":""persons"",""domestic_sector_supply_total_with_unemployment_reserve_persons"":""persons"",""foreign_labor_stock_need_persons"":""persons"",""labor_demand_required_persons"":""persons"",""recommended_annual_quota_persons"":""persons"",""unemployment_reserve_sector_allocated_persons"":""persons""}",scripts/build_labor_migration_artifacts.py,scripts/build_labor_migration_artifacts.py,calculated_v5_sector_year_sum,bed04356e8a570a2911dde917ab538bd3dd43ad84aa6d09cf900456bb3680985,9f7b41b3386bb8378ebf1276c7ff57b47d6a74ff7f07c360bbb45f18f96c40d2
OKVED_D,D,"Обеспечение электрической энергией, газом и паром; кондиционирование воздуха",2037,14837.139429317154,128806.48505323479,128806.48505323479,1788831.501070721,1703923.3043374652,78973.58538439711,foreign_labor_migration_v5_sector_year,Foreign labor migration/docs/data/region_sector_forecast.csv,2026-05-27T13:57:22+00:00,2037,"{""cumulative_recommended_quota_persons"":128806.48505323479,""domestic_sector_supply_total_with_unemployment_reserve_persons"":1703923.3043374652,""foreign_labor_stock_need_persons"":128806.48505323479,""labor_demand_required_persons"":1788831.501070721,""recommended_annual_quota_persons"":14837.139429317154,""unemployment_reserve_sector_allocated_persons"":78973.58538439711}","{""cumulative_recommended_quota_persons"":""persons"",""domestic_sector_supply_total_with_unemployment_reserve_persons"":""persons"",""foreign_labor_stock_need_persons"":""persons"",""labor_demand_required_persons"":""persons"",""recommended_annual_quota_persons"":""persons"",""unemployment_reserve_sector_allocated_persons"":""persons""}",scripts/build_labor_migration_artifacts.py,scripts/build_labor_migration_artifacts.py,calculated_v5_sector_year_sum,bed04356e8a570a2911dde917ab538bd3dd43ad84aa6d09cf900456bb3680985,af9a19b3a9b4fa484c1b8b42fa6d06c296ca20a3b5447a59cfd388a54086fd9c
OKVED_E,E,"Водоснабжение; водоотведение, организация сбора и утилизации отходов, деятельность по ликвидации загрязнений",2037,3108.940599953243,20446.143911361596,20447.956890200512,656600.4911940979,678364.8556154459,78973.58538439711,foreign_labor_migration_v5_sector_year,Foreign labor migration/docs/data/region_sector_forecast.csv,2026-05-27T13:57:22+00:00,2037,"{""cumulative_recommended_quota_persons"":20447.956890200512,""domestic_sector_supply_total_with_unemployment_reserve_persons"":678364.8556154459,""foreign_labor_stock_need_persons"":20446.143911361596,""labor_demand_required_persons"":656600.4911940979,""recommended_annual_quota_persons"":3108.940599953243,""unemployment_reserve_sector_allocated_persons"":78973.58538439711}","{""cumulative_recommended_quota_persons"":""persons"",""domestic_sector_supply_total_with_unemployment_reserve_persons"":""persons"",""foreign_labor_stock_need_persons"":""persons"",""labor_demand_required_persons"":""persons"",""recommended_annual_quota_persons"":""persons"",""unemployment_reserve_sector_allocated_persons"":""persons""}",scripts/build_labor_migration_artifacts.py,scripts/build_labor_migration_artifacts.py,calculated_v5_sector_year_sum,bed04356e8a570a2911dde917ab538bd3dd43ad84aa6d09cf900456bb3680985,e2f5c49407def7a393b2d8b8a02cedce513794f9a2496a31dbfd2b026d4d1bae
OKVED_F,F,Строительство,2037,41800.83607725015,489633.47735722107,489633.47735722107,6438590.85408179,6041452.94919282,78973.58538439711,foreign_labor_migration_v5_sector_year,Foreign labor migration/docs/data/region_sector_forecast.csv,2026-05-27T13:57:22+00:00,2037,"{""cumulative_recommended_quota_persons"":489633.47735722107,""domestic_sector_supply_total_with_unemployment_reserve_persons"":6041452.94919282,""foreign_labor_stock_need_persons"":489633.47735722107,""labor_demand_required_persons"":6438590.85408179,""recommended_annual_quota_persons"":41800.83607725015,""unemployment_reserve_sector_allocated_persons"":78973.58538439711}","{""cumulative_recommended_quota_persons"":""persons"",""domestic_sector_supply_total_with_unemployment_reserve_persons"":""persons"",""foreign_labor_stock_need_persons"":""persons"",""labor_demand_required_persons"":""persons"",""recommended_annual_quota_persons"":""persons"",""unemployment_reserve_sector_allocated_persons"":""persons""}",scripts/build_labor_migration_artifacts.py,scripts/build_labor_migration_artifacts.py,calculated_v5_sector_year_sum,bed04356e8a570a2911dde917ab538bd3dd43ad84aa6d09cf900456bb3680985,9a41a0735641a38981e8ba48296a856090f9837c29eb1525821eb900d9ee329e
OKVED_G,G,Торговля оптовая и розничная; ремонт автотранспортных средств и мотоциклов,2037,99840.27798370602,1147962.4626455507,1147962.4626455507,13857038.17148929,12847837.725622334,78973.58538439711,foreign_labor_migration_v5_sector_year,Foreign labor migration/docs/data/region_sector_forecast.csv,2026-05-27T13:57:22+00:00,2037,"{""cumulative_recommended_quota_persons"":1147962.4626455507,""domestic_sector_supply_total_with_unemployment_reserve_persons"":12847837.725622334,""foreign_labor_stock_need_persons"":1147962.4626455507,""labor_demand_required_persons"":13857038.17148929,""recommended_annual_quota_persons"":99840.27798370602,""unemployment_reserve_sector_allocated_persons"":78973.58538439711}","{""cumulative_recommended_quota_persons"":""persons"",""domestic_sector_supply_total_with_unemployment_reserve_persons"":""persons"",""foreign_labor_stock_need_persons"":""persons"",""labor_demand_required_persons"":""persons"",""recommended_annual_quota_persons"":""persons"",""unemployment_reserve_sector_allocated_persons"":""persons""}",scripts/build_labor_migration_artifacts.py,scripts/build_labor_migration_artifacts.py,calculated_v5_sector_year_sum,bed04356e8a570a2911dde917ab538bd3dd43ad84aa6d09cf900456bb3680985,05e28c9daad6bb0242c78140cda905e25d72a431e6c3c61db4a198c65f6f6261
OKVED_H,H,Транспортировка и хранение,2037,48558.5105638085,521000.5002719932,521000.5002719932,6323055.715287639,5881078.612559542,78973.58538439711,foreign_labor_migration_v5_sector_year,Foreign labor migration/docs/data/region_sector_forecast.csv,2026-05-27T13:57:22+00:00,2037,"{""cumulative_recommended_quota_persons"":521000.5002719932,""domestic_sector_supply_total_with_unemployment_reserve_persons"":5881078.612559542,""foreign_labor_stock_need_persons"":521000.5002719932,""labor_demand_required_persons"":6323055.715287639,""recommended_annual_quota_persons"":48558.5105638085,""unemployment_reserve_sector_allocated_persons"":78973.58538439711}","{""cumulative_recommended_quota_persons"":""persons"",""domestic_sector_supply_total_with_unemployment_reserve_persons"":""persons"",""foreign_labor_stock_need_persons"":""persons"",""labor_demand_required_persons"":""persons"",""recommended_annual_quota_persons"":""persons"",""unemployment_reserve_sector_allocated_persons"":""persons""}",scripts/build_labor_migration_artifacts.py,scripts/build_labor_migration_artifacts.py,calculated_v5_sector_year_sum,bed04356e8a570a2911dde917ab538bd3dd43ad84aa6d09cf900456bb3680985,7fde1fa7ed86836e7552d380186777078b1002f0ecebc8b44f9b6c7712d63910
OKVED_I,I,Деятельность гостиниц и предприятий общественного питания,2037,13496.133200208742,127713.20655806514,127713.20655806514,2085221.1319684773,2005181.168719895,78973.58538439711,foreign_labor_migration_v5_sector_year,Foreign labor migration/docs/data/region_sector_forecast.csv,2026-05-27T13:57:22+00:00,2037,"{""cumulative_recommended_quota_persons"":127713.20655806514,""domestic_sector_supply_total_with_unemployment_reserve_persons"":2005181.168719895,""foreign_labor_stock_need_persons"":127713.20655806514,""labor_demand_required_persons"":2085221.1319684773,""recommended_annual_quota_persons"":13496.133200208742,""unemployment_reserve_sector_allocated_persons"":78973.58538439711}","{""cumulative_recommended_quota_persons"":""persons"",""domestic_sector_supply_total_with_unemployment_reserve_persons"":""persons"",""foreign_labor_stock_need_persons"":""persons"",""labor_demand_required_persons"":""persons"",""recommended_annual_quota_persons"":""persons"",""unemployment_reserve_sector_allocated_persons"":""persons""}",scripts/build_labor_migration_artifacts.py,scripts/build_labor_migration_artifacts.py,calculated_v5_sector_year_sum,bed04356e8a570a2911dde917ab538bd3dd43ad84aa6d09cf900456bb3680985,97e9ce4465a3f38358a122621a22c84f9bb9defaf1b2a715ff2bf67f25ade847
OKVED_J,J,Деятельность в области информации и связи,2037,11743.977444030359,90039.0522435245,90039.0522435245,1774954.0647096457,1724843.967059727,78973.58538439711,foreign_labor_migration_v5_sector_year,Foreign labor migration/docs/data/region_sector_forecast.csv,2026-05-27T13:57:22+00:00,2037,"{""cumulative_recommended_quota_persons"":90039.0522435245,""domestic_sector_supply_total_with_unemployment_reserve_persons"":1724843.967059727,""foreign_labor_stock_need_persons"":90039.0522435245,""labor_demand_required_persons"":1774954.0647096457,""recommended_annual_quota_persons"":11743.977444030359,""unemployment_reserve_sector_allocated_persons"":78973.58538439711}","{""cumulative_recommended_quota_persons"":""persons"",""domestic_sector_supply_total_with_unemployment_reserve_persons"":""persons"",""foreign_labor_stock_need_persons"":""persons"",""labor_demand_required_persons"":""persons"",""recommended_annual_quota_persons"":""persons"",""unemployment_reserve_sector_allocated_persons"":""persons""}",scripts/build_labor_migration_artifacts.py,scripts/build_labor_migration_artifacts.py,calculated_v5_sector_year_sum,bed04356e8a570a2911dde917ab538bd3dd43ad84aa6d09cf900456bb3680985,2007f53d98a86aac455f56d8699d63bf3d75eafdb29f3edd30d7b5985f9cf349
OKVED_K,K,Деятельность финансовая и страховая,2037,8951.575229706488,58010.01067745708,58010.01067745708,1287262.5401254625,1268186.7708116171,78973.58538439711,foreign_labor_migration_v5_sector_year,Foreign labor migration/docs/data/region_sector_forecast.csv,2026-05-27T13:57:22+00:00,2037,"{""cumulative_recommended_quota_persons"":58010.01067745708,""domestic_sector_supply_total_with_unemployment_reserve_persons"":1268186.7708116171,""foreign_labor_stock_need_persons"":58010.01067745708,""labor_demand_required_persons"":1287262.5401254625,""recommended_annual_quota_persons"":8951.575229706488,""unemployment_reserve_sector_allocated_persons"":78973.58538439711}","{""cumulative_recommended_quota_persons"":""persons"",""domestic_sector_supply_total_with_unemployment_reserve_persons"":""persons"",""foreign_labor_stock_need_persons"":""persons"",""labor_demand_required_persons"":""persons"",""recommended_annual_quota_persons"":""persons"",""unemployment_reserve_sector_allocated_persons"":""persons""}",scripts/build_labor_migration_artifacts.py,scripts/build_labor_migration_artifacts.py,calculated_v5_sector_year_sum,bed04356e8a570a2911dde917ab538bd3dd43ad84aa6d09cf900456bb3680985,5c89ec7d29dc81af5f2ba7ef4b1e3ff60a469e12f40044785fb50b9ceef57ce1
OKVED_L,L,Деятельность по операциям с недвижимым имуществом,2037,14573.952295736446,125164.78958495944,125164.78958495944,2038164.409815066,1954852.4523139284,78973.58538439711,foreign_labor_migration_v5_sector_year,Foreign labor migration/docs/data/region_sector_forecast.csv,2026-05-27T13:57:22+00:00,2037,"{""cumulative_recommended_quota_persons"":125164.78958495944,""domestic_sector_supply_total_with_unemployment_reserve_persons"":1954852.4523139284,""foreign_labor_stock_need_persons"":125164.78958495944,""labor_demand_required_persons"":2038164.409815066,""recommended_annual_quota_persons"":14573.952295736446,""unemployment_reserve_sector_allocated_persons"":78973.58538439711}","{""cumulative_recommended_quota_persons"":""persons"",""domestic_sector_supply_total_with_unemployment_reserve_persons"":""persons"",""foreign_labor_stock_need_persons"":""persons"",""labor_demand_required_persons"":""persons"",""recommended_annual_quota_persons"":""persons"",""unemployment_reserve_sector_allocated_persons"":""persons""}",scripts/build_labor_migration_artifacts.py,scripts/build_labor_migration_artifacts.py,calculated_v5_sector_year_sum,bed04356e8a570a2911dde917ab538bd3dd43ad84aa6d09cf900456bb3680985,27792d555e745ed94f10ac4a962746da6d088554bee3785f60e9cccc0a4f7f09
OKVED_M,M,"Деятельность профессиональная, научная и техническая",2037,16762.656538397754,163031.44811437503,163033.72480235397,2672573.8692634827,2551971.2318556774,78973.58538439711,foreign_labor_migration_v5_sector_year,Foreign labor migration/docs/data/region_sector_forecast.csv,2026-05-27T13:57:22+00:00,2037,"{""cumulative_recommended_quota_persons"":163033.72480235397,""domestic_sector_supply_total_with_unemployment_reserve_persons"":2551971.2318556774,""foreign_labor_stock_need_persons"":163031.44811437503,""labor_demand_required_persons"":2672573.8692634827,""recommended_annual_quota_persons"":16762.656538397754,""unemployment_reserve_sector_allocated_persons"":78973.58538439711}","{""cumulative_recommended_quota_persons"":""persons"",""domestic_sector_supply_total_with_unemployment_reserve_persons"":""persons"",""foreign_labor_stock_need_persons"":""persons"",""labor_demand_required_persons"":""persons"",""recommended_annual_quota_persons"":""persons"",""unemployment_reserve_sector_allocated_persons"":""persons""}",scripts/build_labor_migration_artifacts.py,scripts/build_labor_migration_artifacts.py,calculated_v5_sector_year_sum,bed04356e8a570a2911dde917ab538bd3dd43ad84aa6d09cf900456bb3680985,4f82b594b8003f93f61863f2cd451242c21f69edb7b000d4ea43ce473c4aa85d
OKVED_N,N,Деятельность административная и сопутствующие дополнительные услуги,2037,21400.18609125658,183392.86644756806,183392.86644756806,2679691.7113347393,2542923.271209751,78973.58538439711,foreign_labor_migration_v5_sector_year,Foreign labor migration/docs/data/region_sector_forecast.csv,2026-05-27T13:57:22+00:00,2037,"{""cumulative_recommended_quota_persons"":183392.86644756806,""domestic_sector_supply_total_with_unemployment_reserve_persons"":2542923.271209751,""foreign_labor_stock_need_persons"":183392.86644756806,""labor_demand_required_persons"":2679691.7113347393,""recommended_annual_quota_persons"":21400.18609125658,""unemployment_reserve_sector_allocated_persons"":78973.58538439711}","{""cumulative_recommended_quota_persons"":""persons"",""domestic_sector_supply_total_with_unemployment_reserve_persons"":""persons"",""foreign_labor_stock_need_persons"":""persons"",""labor_demand_required_persons"":""persons"",""recommended_annual_quota_persons"":""persons"",""unemployment_reserve_sector_allocated_persons"":""persons""}",scripts/build_labor_migration_artifacts.py,scripts/build_labor_migration_artifacts.py,calculated_v5_sector_year_sum,bed04356e8a570a2911dde917ab538bd3dd43ad84aa6d09cf900456bb3680985,b69a01d13413c4bd7ec7550bb40e78c61f9656adf290836d9b165f159086f612
OKVED_O,O,Государственное управление и обеспечение военной безопасности; социальное обеспечение,2037,29021.55020536751,298335.6955507874,298335.6955507874,3659665.8576559015,3436155.9904561066,78973.58538439711,foreign_labor_migration_v5_sector_year,Foreign labor migration/docs/data/region_sector_forecast.csv,2026-05-27T13:57:22+00:00,2037,"{""cumulative_recommended_quota_persons"":298335.6955507874,""domestic_sector_supply_total_with_unemployment_reserve_persons"":3436155.9904561066,""foreign_labor_stock_need_persons"":298335.6955507874,""labor_demand_required_persons"":3659665.8576559015,""recommended_annual_quota_persons"":29021.55020536751,""unemployment_reserve_sector_allocated_persons"":78973.58538439711}","{""cumulative_recommended_quota_persons"":""persons"",""domestic_sector_supply_total_with_unemployment_reserve_persons"":""persons"",""foreign_labor_stock_need_persons"":""persons"",""labor_demand_required_persons"":""persons"",""recommended_annual_quota_persons"":""persons"",""unemployment_reserve_sector_allocated_persons"":""persons""}",scripts/build_labor_migration_artifacts.py,scripts/build_labor_migration_artifacts.py,calculated_v5_sector_year_sum,bed04356e8a570a2911dde917ab538bd3dd43ad84aa6d09cf900456bb3680985,468704dbb5b9e972c66af17fa2ba3c77550a50bc7bd57b38185b30301911d538
OKVED_P,P,Образование,2037,46263.57404741571,481693.7854215106,481693.7854215106,5911819.975600759,5531893.712251394,78973.58538439711,foreign_labor_migration_v5_sector_year,Foreign labor migration/docs/data/region_sector_forecast.csv,2026-05-27T13:57:22+00:00,2037,"{""cumulative_recommended_quota_persons"":481693.7854215106,""domestic_sector_supply_total_with_unemployment_reserve_persons"":5531893.712251394,""foreign_labor_stock_need_persons"":481693.7854215106,""labor_demand_required_persons"":5911819.975600759,""recommended_annual_quota_persons"":46263.57404741571,""unemployment_reserve_sector_allocated_persons"":78973.58538439711}","{""cumulative_recommended_quota_persons"":""persons"",""domestic_sector_supply_total_with_unemployment_reserve_persons"":""persons"",""foreign_labor_stock_need_persons"":""persons"",""labor_demand_required_persons"":""persons"",""recommended_annual_quota_persons"":""persons"",""unemployment_reserve_sector_allocated_persons"":""persons""}",scripts/build_labor_migration_artifacts.py,scripts/build_labor_migration_artifacts.py,calculated_v5_sector_year_sum,bed04356e8a570a2911dde917ab538bd3dd43ad84aa6d09cf900456bb3680985,b7f2fdcfde807633b5de6b0970129ada216f1bcfa3e6aee87aac6b3483169fa3
OKVED_Q,Q,Деятельность в области здравоохранения и социальных услуг,2037,40023.65035244079,408869.8543201494,408869.8543201494,4969282.354846851,4635313.071639688,78973.58538439711,foreign_labor_migration_v5_sector_year,Foreign labor migration/docs/data/region_sector_forecast.csv,2026-05-27T13:57:22+00:00,2037,"{""cumulative_recommended_quota_persons"":408869.8543201494,""domestic_sector_supply_total_with_unemployment_reserve_persons"":4635313.071639688,""foreign_labor_stock_need_persons"":408869.8543201494,""labor_demand_required_persons"":4969282.354846851,""recommended_annual_quota_persons"":40023.65035244079,""unemployment_reserve_sector_allocated_persons"":78973.58538439711}","{""cumulative_recommended_quota_persons"":""persons"",""domestic_sector_supply_total_with_unemployment_reserve_persons"":""persons"",""foreign_labor_stock_need_persons"":""persons"",""labor_demand_required_persons"":""persons"",""recommended_annual_quota_persons"":""persons"",""unemployment_reserve_sector_allocated_persons"":""persons""}",scripts/build_labor_migration_artifacts.py,scripts/build_labor_migration_artifacts.py,calculated_v5_sector_year_sum,bed04356e8a570a2911dde917ab538bd3dd43ad84aa6d09cf900456bb3680985,c0eb8f7ac4d68b4d80c850897159b38cc2be7d78d7705c8240e22dac4fbc34a5
OKVED_R,R,"Деятельность в области культуры, спорта, организации досуга и развлечений",2037,8457.861514569742,62966.36393732642,62966.36393732642,1257643.3961795487,1236493.7770441507,78973.58538439711,foreign_labor_migration_v5_sector_year,Foreign labor migration/docs/data/region_sector_forecast.csv,2026-05-27T13:57:22+00:00,2037,"{""cumulative_recommended_quota_persons"":62966.36393732642,""domestic_sector_supply_total_with_unemployment_reserve_persons"":1236493.7770441507,""foreign_labor_stock_need_persons"":62966.36393732642,""labor_demand_required_persons"":1257643.3961795487,""recommended_annual_quota_persons"":8457.861514569742,""unemployment_reserve_sector_allocated_persons"":78973.58538439711}","{""cumulative_recommended_quota_persons"":""persons"",""domestic_sector_supply_total_with_unemployment_reserve_persons"":""persons"",""foreign_labor_stock_need_persons"":""persons"",""labor_demand_required_persons"":""persons"",""recommended_annual_quota_persons"":""persons"",""unemployment_reserve_sector_allocated_persons"":""persons""}",scripts/build_labor_migration_artifacts.py,scripts/build_labor_migration_artifacts.py,calculated_v5_sector_year_sum,bed04356e8a570a2911dde917ab538bd3dd43ad84aa6d09cf900456bb3680985,375df5ffc8b775dadac9a652fe91a9cf91a6b184b19b31d40457de013cf06ff9
OKVED_S,S,Предоставление прочих видов услуг,2037,13347.237751966255,109985.17957856195,109985.17957856195,1904666.9587797388,1837972.0485133291,78973.58538439711,foreign_labor_migration_v5_sector_year,Foreign labor migration/docs/data/region_sector_forecast.csv,2026-05-27T13:57:22+00:00,2037,"{""cumulative_recommended_quota_persons"":109985.17957856195,""domestic_sector_supply_total_with_unemployment_reserve_persons"":1837972.0485133291,""foreign_labor_stock_need_persons"":109985.17957856195,""labor_demand_required_persons"":1904666.9587797388,""recommended_annual_quota_persons"":13347.237751966255,""unemployment_reserve_sector_allocated_persons"":78973.58538439711}","{""cumulative_recommended_quota_persons"":""persons"",""domestic_sector_supply_total_with_unemployment_reserve_persons"":""persons"",""foreign_labor_stock_need_persons"":""persons"",""labor_demand_required_persons"":""persons"",""recommended_annual_quota_persons"":""persons"",""unemployment_reserve_sector_allocated_persons"":""persons""}",scripts/build_labor_migration_artifacts.py,scripts/build_labor_migration_artifacts.py,calculated_v5_sector_year_sum,bed04356e8a570a2911dde917ab538bd3dd43ad84aa6d09cf900456bb3680985,97b62249df2adbf84b9bf73e46d220e0335e1ef8189cc3fccdd31395d8476ded
OKVED_T,T,Деятельность домашних хозяйств как работодателей; недифференцированная деятельность частных домашних хозяйств по производству товаров и оказанию услуг для собственного потребления,2037,76.75831850572013,318.69685765409236,318.69685765409236,67819.7333967766,127933.16803316202,64961.75886320989,foreign_labor_migration_v5_sector_year,Foreign labor migration/docs/data/region_sector_forecast.csv,2026-05-27T13:57:22+00:00,2037,"{""cumulative_recommended_quota_persons"":318.69685765409236,""domestic_sector_supply_total_with_unemployment_reserve_persons"":127933.16803316202,""foreign_labor_stock_need_persons"":318.69685765409236,""labor_demand_required_persons"":67819.7333967766,""recommended_annual_quota_persons"":76.75831850572013,""unemployment_reserve_sector_allocated_persons"":64961.75886320989}","{""cumulative_recommended_quota_persons"":""persons"",""domestic_sector_supply_total_with_unemployment_reserve_persons"":""persons"",""foreign_labor_stock_need_persons"":""persons"",""labor_demand_required_persons"":""persons"",""recommended_annual_quota_persons"":""persons"",""unemployment_reserve_sector_allocated_persons"":""persons""}",scripts/build_labor_migration_artifacts.py,scripts/build_labor_migration_artifacts.py,calculated_v5_sector_year_sum,bed04356e8a570a2911dde917ab538bd3dd43ad84aa6d09cf900456bb3680985,6375d6f7e5b127f4cfcb187661f2484aaba29d596fbd1f59460a1078b386c8fd
OKVED_A,A,"Сельское, лесное хозяйство, охота, рыболовство и рыбоводство",2038,25076.70880050429,380099.3974546711,380099.3974546711,4266969.716542936,3984819.1035638144,78525.19507756496,foreign_labor_migration_v5_sector_year,Foreign labor migration/docs/data/region_sector_forecast.csv,2026-05-27T13:57:22+00:00,2038,"{""cumulative_recommended_quota_persons"":380099.3974546711,""domestic_sector_supply_total_with_unemployment_reserve_persons"":3984819.1035638144,""foreign_labor_stock_need_persons"":380099.3974546711,""labor_demand_required_persons"":4266969.716542936,""recommended_annual_quota_persons"":25076.70880050429,""unemployment_reserve_sector_allocated_persons"":78525.19507756496}","{""cumulative_recommended_quota_persons"":""persons"",""domestic_sector_supply_total_with_unemployment_reserve_persons"":""persons"",""foreign_labor_stock_need_persons"":""persons"",""labor_demand_required_persons"":""persons"",""recommended_annual_quota_persons"":""persons"",""unemployment_reserve_sector_allocated_persons"":""persons""}",scripts/build_labor_migration_artifacts.py,scripts/build_labor_migration_artifacts.py,calculated_v5_sector_year_sum,bed04356e8a570a2911dde917ab538bd3dd43ad84aa6d09cf900456bb3680985,d6d1b1b26c471f2f00fa8bf20338656104fc64d0f613ef973f1fe44c87e05b38
OKVED_B,B,Добыча полезных ископаемых,2038,15012.372232117228,210564.7444385454,210564.7444385454,1723640.253824539,1566182.350067819,78525.19507756496,foreign_labor_migration_v5_sector_year,Foreign labor migration/docs/data/region_sector_forecast.csv,2026-05-27T13:57:22+00:00,2038,"{""cumulative_recommended_quota_persons"":210564.7444385454,""domestic_sector_supply_total_with_unemployment_reserve_persons"":1566182.350067819,""foreign_labor_stock_need_persons"":210564.7444385454,""labor_demand_required_persons"":1723640.253824539,""recommended_annual_quota_persons"":15012.372232117228,""unemployment_reserve_sector_allocated_persons"":78525.19507756496}","{""cumulative_recommended_quota_persons"":""persons"",""domestic_sector_supply_total_with_unemployment_reserve_persons"":""persons"",""foreign_labor_stock_need_persons"":""persons"",""labor_demand_required_persons"":""persons"",""recommended_annual_quota_persons"":""persons"",""unemployment_reserve_sector_allocated_persons"":""persons""}",scripts/build_labor_migration_artifacts.py,scripts/build_labor_migration_artifacts.py,calculated_v5_sector_year_sum,bed04356e8a570a2911dde917ab538bd3dd43ad84aa6d09cf900456bb3680985,afef502b34be1741c18e773de0cd8882f996514cefe7ab83e5d84de468ea1a1e
OKVED_C,C,Обрабатывающие производства,2038,51187.057928809605,837397.352024126,837402.583861125,9366786.530247545,8623957.076965166,78525.19507756496,foreign_labor_migration_v5_sector_year,Foreign labor migration/docs/data/region_sector_forecast.csv,2026-05-27T13:57:22+00:00,2038,"{""cumulative_recommended_quota_persons"":837402.583861125,""domestic_sector_supply_total_with_unemployment_reserve_persons"":8623957.076965166,""foreign_labor_stock_need_persons"":837397.352024126,""labor_demand_required_persons"":9366786.530247545,""recommended_annual_quota_persons"":51187.057928809605,""unemployment_reserve_sector_allocated_persons"":78525.19507756496}","{""cumulative_recommended_quota_persons"":""persons"",""domestic_sector_supply_total_with_unemployment_reserve_persons"":""persons"",""foreign_labor_stock_need_persons"":""persons"",""labor_demand_required_persons"":""persons"",""recommended_annual_quota_persons"":""persons"",""unemployment_reserve_sector_allocated_persons"":""persons""}",scripts/build_labor_migration_artifacts.py,scripts/build_labor_migration_artifacts.py,calculated_v5_sector_year_sum,bed04356e8a570a2911dde917ab538bd3dd43ad84aa6d09cf900456bb3680985,2e154f9ff6023194bdf4c7655d9fc4dbfb6bd05fff71f7d13afb22e85fc948e3
OKVED_D,D,"Обеспечение электрической энергией, газом и паром; кондиционирование воздуха",2038,13551.659159252955,142358.14421248776,142358.14421248776,1809187.0996013365,1709519.6074378279,78525.19507756496,foreign_labor_migration_v5_sector_year,Foreign labor migration/docs/data/region_sector_forecast.csv,2026-05-27T13:57:22+00:00,2038,"{""cumulative_recommended_quota_persons"":142358.14421248776,""domestic_sector_supply_total_with_unemployment_reserve_persons"":1709519.6074378279,""foreign_labor_stock_need_persons"":142358.14421248776,""labor_demand_required_persons"":1809187.0996013365,""recommended_annual_quota_persons"":13551.659159252955,""unemployment_reserve_sector_allocated_persons"":78525.19507756496}","{""cumulative_recommended_quota_persons"":""persons"",""domestic_sector_supply_total_with_unemployment_reserve_persons"":""persons"",""foreign_labor_stock_need_persons"":""persons"",""labor_demand_required_persons"":""persons"",""recommended_annual_quota_persons"":""persons"",""unemployment_reserve_sector_allocated_persons"":""persons""}",scripts/build_labor_migration_artifacts.py,scripts/build_labor_migration_artifacts.py,calculated_v5_sector_year_sum,bed04356e8a570a2911dde917ab538bd3dd43ad84aa6d09cf900456bb3680985,7808abe64474fadec7e5e8bcd4ba81f55f3403f8825654d96367187f468965be
OKVED_E,E,"Водоснабжение; водоотведение, организация сбора и утилизации отходов, деятельность по ликвидации загрязнений",2038,2963.5484610012827,23409.69237236288,23411.505351201795,653007.5615978332,670270.5170854855,78525.19507756496,foreign_labor_migration_v5_sector_year,Foreign labor migration/docs/data/region_sector_forecast.csv,2026-05-27T13:57:22+00:00,2038,"{""cumulative_recommended_quota_persons"":23411.505351201795,""domestic_sector_supply_total_with_unemployment_reserve_persons"":670270.5170854855,""foreign_labor_stock_need_persons"":23409.69237236288,""labor_demand_required_persons"":653007.5615978332,""recommended_annual_quota_persons"":2963.5484610012827,""unemployment_reserve_sector_allocated_persons"":78525.19507756496}","{""cumulative_recommended_quota_persons"":""persons"",""domestic_sector_supply_total_with_unemployment_reserve_persons"":""persons"",""foreign_labor_stock_need_persons"":""persons"",""labor_demand_required_persons"":""persons"",""recommended_annual_quota_persons"":""persons"",""unemployment_reserve_sector_allocated_persons"":""persons""}",scripts/build_labor_migration_artifacts.py,scripts/build_labor_migration_artifacts.py,calculated_v5_sector_year_sum,bed04356e8a570a2911dde917ab538bd3dd43ad84aa6d09cf900456bb3680985,8629dd1174ac0da072a0d3683a87d491e8202608292bd4466e7cf0ba1e704590
OKVED_F,F,Строительство,2038,33635.32286911,523268.80022633105,523268.80022633105,6393294.889945039,5960205.28469758,78525.19507756496,foreign_labor_migration_v5_sector_year,Foreign labor migration/docs/data/region_sector_forecast.csv,2026-05-27T13:57:22+00:00,2038,"{""cumulative_recommended_quota_persons"":523268.80022633105,""domestic_sector_supply_total_with_unemployment_reserve_persons"":5960205.28469758,""foreign_labor_stock_need_persons"":523268.80022633105,""labor_demand_required_persons"":6393294.889945039,""recommended_annual_quota_persons"":33635.32286911,""unemployment_reserve_sector_allocated_persons"":78525.19507756496}","{""cumulative_recommended_quota_persons"":""persons"",""domestic_sector_supply_total_with_unemployment_reserve_persons"":""persons"",""foreign_labor_stock_need_persons"":""persons"",""labor_demand_required_persons"":""persons"",""recommended_annual_quota_persons"":""persons"",""unemployment_reserve_sector_allocated_persons"":""persons""}",scripts/build_labor_migration_artifacts.py,scripts/build_labor_migration_artifacts.py,calculated_v5_sector_year_sum,bed04356e8a570a2911dde917ab538bd3dd43ad84aa6d09cf900456bb3680985,b8770c2b0aca65bd4d54378506915aedd949a60d2523e6eb4cc9ab07870bb39f
OKVED_G,G,Торговля оптовая и розничная; ремонт автотранспортных средств и мотоциклов,2038,85914.26655855757,1233876.7292041085,1233876.7292041085,13852743.121096238,12756226.49355171,78525.19507756496,foreign_labor_migration_v5_sector_year,Foreign labor migration/docs/data/region_sector_forecast.csv,2026-05-27T13:57:22+00:00,2038,"{""cumulative_recommended_quota_persons"":1233876.7292041085,""domestic_sector_supply_total_with_unemployment_reserve_persons"":12756226.49355171,""foreign_labor_stock_need_persons"":1233876.7292041085,""labor_demand_required_persons"":13852743.121096238,""recommended_annual_quota_persons"":85914.26655855757,""unemployment_reserve_sector_allocated_persons"":78525.19507756496}","{""cumulative_recommended_quota_persons"":""persons"",""domestic_sector_supply_total_with_unemployment_reserve_persons"":""persons"",""foreign_labor_stock_need_persons"":""persons"",""labor_demand_required_persons"":""persons"",""recommended_annual_quota_persons"":""persons"",""unemployment_reserve_sector_allocated_persons"":""persons""}",scripts/build_labor_migration_artifacts.py,scripts/build_labor_migration_artifacts.py,calculated_v5_sector_year_sum,bed04356e8a570a2911dde917ab538bd3dd43ad84aa6d09cf900456bb3680985,d7db051e3b8ce0431727b7cde924baf61ad649c5687f1fd2a97109e0a846fc9e
OKVED_H,H,Транспортировка и хранение,2038,40565.397805930814,561565.898077924,561565.898077924,6339426.173054058,5854795.939989668,78525.19507756496,foreign_labor_migration_v5_sector_year,Foreign labor migration/docs/data/region_sector_forecast.csv,2026-05-27T13:57:22+00:00,2038,"{""cumulative_recommended_quota_persons"":561565.898077924,""domestic_sector_supply_total_with_unemployment_reserve_persons"":5854795.939989668,""foreign_labor_stock_need_persons"":561565.898077924,""labor_demand_required_persons"":6339426.173054058,""recommended_annual_quota_persons"":40565.397805930814,""unemployment_reserve_sector_allocated_persons"":78525.19507756496}","{""cumulative_recommended_quota_persons"":""persons"",""domestic_sector_supply_total_with_unemployment_reserve_persons"":""persons"",""foreign_labor_stock_need_persons"":""persons"",""labor_demand_required_persons"":""persons"",""recommended_annual_quota_persons"":""persons"",""unemployment_reserve_sector_allocated_persons"":""persons""}",scripts/build_labor_migration_artifacts.py,scripts/build_labor_migration_artifacts.py,calculated_v5_sector_year_sum,bed04356e8a570a2911dde917ab538bd3dd43ad84aa6d09cf900456bb3680985,054796c7c2aad23b1ceaa457327f2f2da4433ef7ff146fac287381d61acfde31
OKVED_I,I,Деятельность гостиниц и предприятий общественного питания,2038,11233.129537989485,138946.3360960546,138946.3360960546,2080253.383465646,1987294.9290098771,78525.19507756496,foreign_labor_migration_v5_sector_year,Foreign labor migration/docs/data/region_sector_forecast.csv,2026-05-27T13:57:22+00:00,2038,"{""cumulative_recommended_quota_persons"":138946.3360960546,""domestic_sector_supply_total_with_unemployment_reserve_persons"":1987294.9290098771,""foreign_labor_stock_need_persons"":138946.3360960546,""labor_demand_required_persons"":2080253.383465646,""recommended_annual_quota_persons"":11233.129537989485,""unemployment_reserve_sector_allocated_persons"":78525.19507756496}","{""cumulative_recommended_quota_persons"":""persons"",""domestic_sector_supply_total_with_unemployment_reserve_persons"":""persons"",""foreign_labor_stock_need_persons"":""persons"",""labor_demand_required_persons"":""persons"",""recommended_annual_quota_persons"":""persons"",""unemployment_reserve_sector_allocated_persons"":""persons""}",scripts/build_labor_migration_artifacts.py,scripts/build_labor_migration_artifacts.py,calculated_v5_sector_year_sum,bed04356e8a570a2911dde917ab538bd3dd43ad84aa6d09cf900456bb3680985,16dece27dfbbb9d45ba9a9b3cdc61dff3523c6de47e9d3e31d631fe501161550
OKVED_J,J,Деятельность в области информации и связи,2038,8871.969165655364,98911.02140917986,98911.02140917986,1761546.7040929554,1701267.0726698344,78525.19507756496,foreign_labor_migration_v5_sector_year,Foreign labor migration/docs/data/region_sector_forecast.csv,2026-05-27T13:57:22+00:00,2038,"{""cumulative_recommended_quota_persons"":98911.02140917986,""domestic_sector_supply_total_with_unemployment_reserve_persons"":1701267.0726698344,""foreign_labor_stock_need_persons"":98911.02140917986,""labor_demand_required_persons"":1761546.7040929554,""recommended_annual_quota_persons"":8871.969165655364,""unemployment_reserve_sector_allocated_persons"":78525.19507756496}","{""cumulative_recommended_quota_persons"":""persons"",""domestic_sector_supply_total_with_unemployment_reserve_persons"":""persons"",""foreign_labor_stock_need_persons"":""persons"",""labor_demand_required_persons"":""persons"",""recommended_annual_quota_persons"":""persons"",""unemployment_reserve_sector_allocated_persons"":""persons""}",scripts/build_labor_migration_artifacts.py,scripts/build_labor_migration_artifacts.py,calculated_v5_sector_year_sum,bed04356e8a570a2911dde917ab538bd3dd43ad84aa6d09cf900456bb3680985,3124a2e3a2561978da516e20c5fd1dd90a1d89d77351a40a788f14f877d05556
OKVED_K,K,Деятельность финансовая и страховая,2038,7161.8608496631105,65171.871527120195,65171.871527120195,1284822.7011646477,1257625.2134819364,78525.19507756496,foreign_labor_migration_v5_sector_year,Foreign labor migration/docs/data/region_sector_forecast.csv,2026-05-27T13:57:22+00:00,2038,"{""cumulative_recommended_quota_persons"":65171.871527120195,""domestic_sector_supply_total_with_unemployment_reserve_persons"":1257625.2134819364,""foreign_labor_stock_need_persons"":65171.871527120195,""labor_demand_required_persons"":1284822.7011646477,""recommended_annual_quota_persons"":7161.8608496631105,""unemployment_reserve_sector_allocated_persons"":78525.19507756496}","{""cumulative_recommended_quota_persons"":""persons"",""domestic_sector_supply_total_with_unemployment_reserve_persons"":""persons"",""foreign_labor_stock_need_persons"":""persons"",""labor_demand_required_persons"":""persons"",""recommended_annual_quota_persons"":""persons"",""unemployment_reserve_sector_allocated_persons"":""persons""}",scripts/build_labor_migration_artifacts.py,scripts/build_labor_migration_artifacts.py,calculated_v5_sector_year_sum,bed04356e8a570a2911dde917ab538bd3dd43ad84aa6d09cf900456bb3680985,3d76d38bec8b3536498bd54d928752b78bd9c19122ad8baa267053ba5aade8d1
OKVED_L,L,Деятельность по операциям с недвижимым имуществом,2038,12062.511617578124,137227.30120253755,137227.30120253755,2037548.9155960418,1940718.7749110034,78525.19507756496,foreign_labor_migration_v5_sector_year,Foreign labor migration/docs/data/region_sector_forecast.csv,2026-05-27T13:57:22+00:00,2038,"{""cumulative_recommended_quota_persons"":137227.30120253755,""domestic_sector_supply_total_with_unemployment_reserve_persons"":1940718.7749110034,""foreign_labor_stock_need_persons"":137227.30120253755,""labor_demand_required_persons"":2037548.9155960418,""recommended_annual_quota_persons"":12062.511617578124,""unemployment_reserve_sector_allocated_persons"":78525.19507756496}","{""cumulative_recommended_quota_persons"":""persons"",""domestic_sector_supply_total_with_unemployment_reserve_persons"":""persons"",""foreign_labor_stock_need_persons"":""persons"",""labor_demand_required_persons"":""persons"",""recommended_annual_quota_persons"":""persons"",""unemployment_reserve_sector_allocated_persons"":""persons""}",scripts/build_labor_migration_artifacts.py,scripts/build_labor_migration_artifacts.py,calculated_v5_sector_year_sum,bed04356e8a570a2911dde917ab538bd3dd43ad84aa6d09cf900456bb3680985,04f84e242e8c1e46456c31f4e02b103c504e66e02c3968997144b4feab07b873
OKVED_M,M,"Деятельность профессиональная, научная и техническая",2038,12649.605302098878,175681.0534164739,175683.33010445285,2643768.715695837,2508567.964167479,78525.19507756496,foreign_labor_migration_v5_sector_year,Foreign labor migration/docs/data/region_sector_forecast.csv,2026-05-27T13:57:22+00:00,2038,"{""cumulative_recommended_quota_persons"":175683.33010445285,""domestic_sector_supply_total_with_unemployment_reserve_persons"":2508567.964167479,""foreign_labor_stock_need_persons"":175681.0534164739,""labor_demand_required_persons"":2643768.715695837,""recommended_annual_quota_persons"":12649.605302098878,""unemployment_reserve_sector_allocated_persons"":78525.19507756496}","{""cumulative_recommended_quota_persons"":""persons"",""domestic_sector_supply_total_with_unemployment_reserve_persons"":""persons"",""foreign_labor_stock_need_persons"":""persons"",""labor_demand_required_persons"":""persons"",""recommended_annual_quota_persons"":""persons"",""unemployment_reserve_sector_allocated_persons"":""persons""}",scripts/build_labor_migration_artifacts.py,scripts/build_labor_migration_artifacts.py,calculated_v5_sector_year_sum,bed04356e8a570a2911dde917ab538bd3dd43ad84aa6d09cf900456bb3680985,755e72c771d87060042f8e0d93fad28ef959b11ef3ed3c82f0dd26d243016b8d
OKVED_N,N,Деятельность административная и сопутствующие дополнительные услуги,2038,18115.72438043577,201508.59082800383,201508.59082800383,2704427.3000734774,2547934.606070035,78525.19507756496,foreign_labor_migration_v5_sector_year,Foreign labor migration/docs/data/region_sector_forecast.csv,2026-05-27T13:57:22+00:00,2038,"{""cumulative_recommended_quota_persons"":201508.59082800383,""domestic_sector_supply_total_with_unemployment_reserve_persons"":2547934.606070035,""foreign_labor_stock_need_persons"":201508.59082800383,""labor_demand_required_persons"":2704427.3000734774,""recommended_annual_quota_persons"":18115.72438043577,""unemployment_reserve_sector_allocated_persons"":78525.19507756496}","{""cumulative_recommended_quota_persons"":""persons"",""domestic_sector_supply_total_with_unemployment_reserve_persons"":""persons"",""foreign_labor_stock_need_persons"":""persons"",""labor_demand_required_persons"":""persons"",""recommended_annual_quota_persons"":""persons"",""unemployment_reserve_sector_allocated_persons"":""persons""}",scripts/build_labor_migration_artifacts.py,scripts/build_labor_migration_artifacts.py,calculated_v5_sector_year_sum,bed04356e8a570a2911dde917ab538bd3dd43ad84aa6d09cf900456bb3680985,fc0cf401e6b7b813f773dc0d5019bb54818bca41a760dc5bd11dc3e85739da75
OKVED_O,O,Государственное управление и обеспечение военной безопасности; социальное обеспечение,2038,24598.95005005936,322934.64560084674,322934.64560084674,3671772.768044382,3423144.652339471,78525.19507756496,foreign_labor_migration_v5_sector_year,Foreign labor migration/docs/data/region_sector_forecast.csv,2026-05-27T13:57:22+00:00,2038,"{""cumulative_recommended_quota_persons"":322934.64560084674,""domestic_sector_supply_total_with_unemployment_reserve_persons"":3423144.652339471,""foreign_labor_stock_need_persons"":322934.64560084674,""labor_demand_required_persons"":3671772.768044382,""recommended_annual_quota_persons"":24598.95005005936,""unemployment_reserve_sector_allocated_persons"":78525.19507756496}","{""cumulative_recommended_quota_persons"":""persons"",""domestic_sector_supply_total_with_unemployment_reserve_persons"":""persons"",""foreign_labor_stock_need_persons"":""persons"",""labor_demand_required_persons"":""persons"",""recommended_annual_quota_persons"":""persons"",""unemployment_reserve_sector_allocated_persons"":""persons""}",scripts/build_labor_migration_artifacts.py,scripts/build_labor_migration_artifacts.py,calculated_v5_sector_year_sum,bed04356e8a570a2911dde917ab538bd3dd43ad84aa6d09cf900456bb3680985,83ae70a8bf714f4fa16f2e2ae309d473d5278fe6d8f9974d27a977a334b5b20f
OKVED_P,P,Образование,2038,39724.45997297895,521418.2453944895,521418.2453944895,5943688.405087774,5523883.823592438,78525.19507756496,foreign_labor_migration_v5_sector_year,Foreign labor migration/docs/data/region_sector_forecast.csv,2026-05-27T13:57:22+00:00,2038,"{""cumulative_recommended_quota_persons"":521418.2453944895,""domestic_sector_supply_total_with_unemployment_reserve_persons"":5523883.823592438,""foreign_labor_stock_need_persons"":521418.2453944895,""labor_demand_required_persons"":5943688.405087774,""recommended_annual_quota_persons"":39724.45997297895,""unemployment_reserve_sector_allocated_persons"":78525.19507756496}","{""cumulative_recommended_quota_persons"":""persons"",""domestic_sector_supply_total_with_unemployment_reserve_persons"":""persons"",""foreign_labor_stock_need_persons"":""persons"",""labor_demand_required_persons"":""persons"",""recommended_annual_quota_persons"":""persons"",""unemployment_reserve_sector_allocated_persons"":""persons""}",scripts/build_labor_migration_artifacts.py,scripts/build_labor_migration_artifacts.py,calculated_v5_sector_year_sum,bed04356e8a570a2911dde917ab538bd3dd43ad84aa6d09cf900456bb3680985,61d5c74cf503a97749de09e1a36a71b9ae7ed472db60c1a327ea32972c1709c5
OKVED_Q,Q,Деятельность в области здравоохранения и социальных услуг,2038,34595.35559816301,443465.20991831244,443465.20991831244,5002301.466855898,4632706.703689111,78525.19507756496,foreign_labor_migration_v5_sector_year,Foreign labor migration/docs/data/region_sector_forecast.csv,2026-05-27T13:57:22+00:00,2038,"{""cumulative_recommended_quota_persons"":443465.20991831244,""domestic_sector_supply_total_with_unemployment_reserve_persons"":4632706.703689111,""foreign_labor_stock_need_persons"":443465.20991831244,""labor_demand_required_persons"":5002301.466855898,""recommended_annual_quota_persons"":34595.35559816301,""unemployment_reserve_sector_allocated_persons"":78525.19507756496}","{""cumulative_recommended_quota_persons"":""persons"",""domestic_sector_supply_total_with_unemployment_reserve_persons"":""persons"",""foreign_labor_stock_need_persons"":""persons"",""labor_demand_required_persons"":""persons"",""recommended_annual_quota_persons"":""persons"",""unemployment_reserve_sector_allocated_persons"":""persons""}",scripts/build_labor_migration_artifacts.py,scripts/build_labor_migration_artifacts.py,calculated_v5_sector_year_sum,bed04356e8a570a2911dde917ab538bd3dd43ad84aa6d09cf900456bb3680985,6357ba8a56da62ba3c1e46da9bf5c5042a9c404c4da3afba378f33b41f17d9b2
OKVED_R,R,"Деятельность в области культуры, спорта, организации досуга и развлечений",2038,7158.298928248066,70124.66286557449,70124.66286557449,1258141.2996996702,1228633.4049134941,78525.19507756496,foreign_labor_migration_v5_sector_year,Foreign labor migration/docs/data/region_sector_forecast.csv,2026-05-27T13:57:22+00:00,2038,"{""cumulative_recommended_quota_persons"":70124.66286557449,""domestic_sector_supply_total_with_unemployment_reserve_persons"":1228633.4049134941,""foreign_labor_stock_need_persons"":70124.66286557449,""labor_demand_required_persons"":1258141.2996996702,""recommended_annual_quota_persons"":7158.298928248066,""unemployment_reserve_sector_allocated_persons"":78525.19507756496}","{""cumulative_recommended_quota_persons"":""persons"",""domestic_sector_supply_total_with_unemployment_reserve_persons"":""persons"",""foreign_labor_stock_need_persons"":""persons"",""labor_demand_required_persons"":""persons"",""recommended_annual_quota_persons"":""persons"",""unemployment_reserve_sector_allocated_persons"":""persons""}",scripts/build_labor_migration_artifacts.py,scripts/build_labor_migration_artifacts.py,calculated_v5_sector_year_sum,bed04356e8a570a2911dde917ab538bd3dd43ad84aa6d09cf900456bb3680985,65daa4c59781534f75192394e02d45d09ddfce2a9746576299fb607f7f58b01b
OKVED_S,S,Предоставление прочих видов услуг,2038,11322.964774801712,121308.14435336366,121308.14435336366,1910062.9486960652,1830755.6863718738,78525.19507756496,foreign_labor_migration_v5_sector_year,Foreign labor migration/docs/data/region_sector_forecast.csv,2026-05-27T13:57:22+00:00,2038,"{""cumulative_recommended_quota_persons"":121308.14435336366,""domestic_sector_supply_total_with_unemployment_reserve_persons"":1830755.6863718738,""foreign_labor_stock_need_persons"":121308.14435336366,""labor_demand_required_persons"":1910062.9486960652,""recommended_annual_quota_persons"":11322.964774801712,""unemployment_reserve_sector_allocated_persons"":78525.19507756496}","{""cumulative_recommended_quota_persons"":""persons"",""domestic_sector_supply_total_with_unemployment_reserve_persons"":""persons"",""foreign_labor_stock_need_persons"":""persons"",""labor_demand_required_persons"":""persons"",""recommended_annual_quota_persons"":""persons"",""unemployment_reserve_sector_allocated_persons"":""persons""}",scripts/build_labor_migration_artifacts.py,scripts/build_labor_migration_artifacts.py,calculated_v5_sector_year_sum,bed04356e8a570a2911dde917ab538bd3dd43ad84aa6d09cf900456bb3680985,0fd320e1e92d02eab7a48741d29ca979c421bbce220ecaf4e7f0420df6c3ecac
OKVED_T,T,Деятельность домашних хозяйств как работодателей; недифференцированная деятельность частных домашних хозяйств по производству товаров и оказанию услуг для собственного потребления,2038,70.31069509323038,389.00755274732273,389.00755274732273,67917.98665321311,127318.39792709408,64628.82561059804,foreign_labor_migration_v5_sector_year,Foreign labor migration/docs/data/region_sector_forecast.csv,2026-05-27T13:57:22+00:00,2038,"{""cumulative_recommended_quota_persons"":389.00755274732273,""domestic_sector_supply_total_with_unemployment_reserve_persons"":127318.39792709408,""foreign_labor_stock_need_persons"":389.00755274732273,""labor_demand_required_persons"":67917.98665321311,""recommended_annual_quota_persons"":70.31069509323038,""unemployment_reserve_sector_allocated_persons"":64628.82561059804}","{""cumulative_recommended_quota_persons"":""persons"",""domestic_sector_supply_total_with_unemployment_reserve_persons"":""persons"",""foreign_labor_stock_need_persons"":""persons"",""labor_demand_required_persons"":""persons"",""recommended_annual_quota_persons"":""persons"",""unemployment_reserve_sector_allocated_persons"":""persons""}",scripts/build_labor_migration_artifacts.py,scripts/build_labor_migration_artifacts.py,calculated_v5_sector_year_sum,bed04356e8a570a2911dde917ab538bd3dd43ad84aa6d09cf900456bb3680985,6141381ed7b936c0ca7c821cd989bce0ca0162d57c369f48067445aaa247ee65
OKVED_A,A,"Сельское, лесное хозяйство, охота, рыболовство и рыбоводство",2039,24803.597169015004,404901.80837768444,404902.99462368607,4247832.623345252,3940352.1100495984,77991.68938490961,foreign_labor_migration_v5_sector_year,Foreign labor migration/docs/data/region_sector_forecast.csv,2026-05-27T13:57:22+00:00,2039,"{""cumulative_recommended_quota_persons"":404902.99462368607,""domestic_sector_supply_total_with_unemployment_reserve_persons"":3940352.1100495984,""foreign_labor_stock_need_persons"":404901.80837768444,""labor_demand_required_persons"":4247832.623345252,""recommended_annual_quota_persons"":24803.597169015004,""unemployment_reserve_sector_allocated_persons"":77991.68938490961}","{""cumulative_recommended_quota_persons"":""persons"",""domestic_sector_supply_total_with_unemployment_reserve_persons"":""persons"",""foreign_labor_stock_need_persons"":""persons"",""labor_demand_required_persons"":""persons"",""recommended_annual_quota_persons"":""persons"",""unemployment_reserve_sector_allocated_persons"":""persons""}",scripts/build_labor_migration_artifacts.py,scripts/build_labor_migration_artifacts.py,calculated_v5_sector_year_sum,bed04356e8a570a2911dde917ab538bd3dd43ad84aa6d09cf900456bb3680985,3302a8da92f8ea15c96f446ab03ae88ff70bea03c04100b3f9c7223d163462a7
OKVED_B,B,Добыча полезных ископаемых,2039,15057.847391225425,225622.59182977083,225622.59182977083,1750608.987432434,1576338.0053616834,77991.68938490961,foreign_labor_migration_v5_sector_year,Foreign labor migration/docs/data/region_sector_forecast.csv,2026-05-27T13:57:22+00:00,2039,"{""cumulative_recommended_quota_persons"":225622.59182977083,""domestic_sector_supply_total_with_unemployment_reserve_persons"":1576338.0053616834,""foreign_labor_stock_need_persons"":225622.59182977083,""labor_demand_required_persons"":1750608.987432434,""recommended_annual_quota_persons"":15057.847391225425,""unemployment_reserve_sector_allocated_persons"":77991.68938490961}","{""cumulative_recommended_quota_persons"":""persons"",""domestic_sector_supply_total_with_unemployment_reserve_persons"":""persons"",""foreign_labor_stock_need_persons"":""persons"",""labor_demand_required_persons"":""persons"",""recommended_annual_quota_persons"":""persons"",""unemployment_reserve_sector_allocated_persons"":""persons""}",scripts/build_labor_migration_artifacts.py,scripts/build_labor_migration_artifacts.py,calculated_v5_sector_year_sum,bed04356e8a570a2911dde917ab538bd3dd43ad84aa6d09cf900456bb3680985,79b4470a7f3a8b853670d80f9aa4a3958d88332a00576b20c7524006410cba97
OKVED_C,C,Обрабатывающие производства,2039,52197.99656734656,889595.3485914726,889600.5804284717,9258947.691436753,8463219.976811638,77991.68938490961,foreign_labor_migration_v5_sector_year,Foreign labor migration/docs/data/region_sector_forecast.csv,2026-05-27T13:57:22+00:00,2039,"{""cumulative_recommended_quota_persons"":889600.5804284717,""domestic_sector_supply_total_with_unemployment_reserve_persons"":8463219.976811638,""foreign_labor_stock_need_persons"":889595.3485914726,""labor_demand_required_persons"":9258947.691436753,""recommended_annual_quota_persons"":52197.99656734656,""unemployment_reserve_sector_allocated_persons"":77991.68938490961}","{""cumulative_recommended_quota_persons"":""persons"",""domestic_sector_supply_total_with_unemployment_reserve_persons"":""persons"",""foreign_labor_stock_need_persons"":""persons"",""labor_demand_required_persons"":""persons"",""recommended_annual_quota_persons"":""persons"",""unemployment_reserve_sector_allocated_persons"":""persons""}",scripts/build_labor_migration_artifacts.py,scripts/build_labor_migration_artifacts.py,calculated_v5_sector_year_sum,bed04356e8a570a2911dde917ab538bd3dd43ad84aa6d09cf900456bb3680985,5aea80b2307b5a076ec95185f1a4a8f9b2c45ff656cb3ba14c07c88196a2281c
OKVED_D,D,"Обеспечение электрической энергией, газом и паром; кондиционирование воздуха",2039,13600.108749200623,155958.25296168838,155958.25296168838,1828341.7358202464,1713684.4210023715,77991.68938490961,foreign_labor_migration_v5_sector_year,Foreign labor migration/docs/data/region_sector_forecast.csv,2026-05-27T13:57:22+00:00,2039,"{""cumulative_recommended_quota_persons"":155958.25296168838,""domestic_sector_supply_total_with_unemployment_reserve_persons"":1713684.4210023715,""foreign_labor_stock_need_persons"":155958.25296168838,""labor_demand_required_persons"":1828341.7358202464,""recommended_annual_quota_persons"":13600.108749200623,""unemployment_reserve_sector_allocated_persons"":77991.68938490961}","{""cumulative_recommended_quota_persons"":""persons"",""domestic_sector_supply_total_with_unemployment_reserve_persons"":""persons"",""foreign_labor_stock_need_persons"":""persons"",""labor_demand_required_persons"":""persons"",""recommended_annual_quota_persons"":""persons"",""unemployment_reserve_sector_allocated_persons"":""persons""}",scripts/build_labor_migration_artifacts.py,scripts/build_labor_migration_artifacts.py,calculated_v5_sector_year_sum,bed04356e8a570a2911dde917ab538bd3dd43ad84aa6d09cf900456bb3680985,f269b0bf7b17a2ab56bd5bde0a8dfa341ac8628c6d96f1b83d69241a305e1c8a
OKVED_E,E,"Водоснабжение; водоотведение, организация сбора и утилизации отходов, деятельность по ликвидации загрязнений",2039,3137.0476687872756,26546.74004115016,26548.55301998907,648927.2093534832,661682.7633331129,77991.68938490961,foreign_labor_migration_v5_sector_year,Foreign labor migration/docs/data/region_sector_forecast.csv,2026-05-27T13:57:22+00:00,2039,"{""cumulative_recommended_quota_persons"":26548.55301998907,""domestic_sector_supply_total_with_unemployment_reserve_persons"":661682.7633331129,""foreign_labor_stock_need_persons"":26546.74004115016,""labor_demand_required_persons"":648927.2093534832,""recommended_annual_quota_persons"":3137.0476687872756,""unemployment_reserve_sector_allocated_persons"":77991.68938490961}","{""cumulative_recommended_quota_persons"":""persons"",""domestic_sector_supply_total_with_unemployment_reserve_persons"":""persons"",""foreign_labor_stock_need_persons"":""persons"",""labor_demand_required_persons"":""persons"",""recommended_annual_quota_persons"":""persons"",""unemployment_reserve_sector_allocated_persons"":""persons""}",scripts/build_labor_migration_artifacts.py,scripts/build_labor_migration_artifacts.py,calculated_v5_sector_year_sum,bed04356e8a570a2911dde917ab538bd3dd43ad84aa6d09cf900456bb3680985,dd6a69b48a98b359570f35cf7a5dfb992198804267cd7f25aa603344e7a64ae6
OKVED_F,F,Строительство,2039,34660.20757740209,557929.0078037331,557929.0078037331,6343404.378770285,5874505.348975337,77991.68938490961,foreign_labor_migration_v5_sector_year,Foreign labor migration/docs/data/region_sector_forecast.csv,2026-05-27T13:57:22+00:00,2039,"{""cumulative_recommended_quota_persons"":557929.0078037331,""domestic_sector_supply_total_with_unemployment_reserve_persons"":5874505.348975337,""foreign_labor_stock_need_persons"":557929.0078037331,""labor_demand_required_persons"":6343404.378770285,""recommended_annual_quota_persons"":34660.20757740209,""unemployment_reserve_sector_allocated_persons"":77991.68938490961}","{""cumulative_recommended_quota_persons"":""persons"",""domestic_sector_supply_total_with_unemployment_reserve_persons"":""persons"",""foreign_labor_stock_need_persons"":""persons"",""labor_demand_required_persons"":""persons"",""recommended_annual_quota_persons"":""persons"",""unemployment_reserve_sector_allocated_persons"":""persons""}",scripts/build_labor_migration_artifacts.py,scripts/build_labor_migration_artifacts.py,calculated_v5_sector_year_sum,bed04356e8a570a2911dde917ab538bd3dd43ad84aa6d09cf900456bb3680985,e4576ae4eed2f78c0887fbf7acee33a869ede11b41d59b51afe77111caf96d7e
OKVED_G,G,Торговля оптовая и розничная; ремонт автотранспортных средств и мотоциклов,2039,88241.12674728414,1322117.8105603673,1322117.8559513926,13837764.049935687,12653589.387517525,77991.68938490961,foreign_labor_migration_v5_sector_year,Foreign labor migration/docs/data/region_sector_forecast.csv,2026-05-27T13:57:22+00:00,2039,"{""cumulative_recommended_quota_persons"":1322117.8559513926,""domestic_sector_supply_total_with_unemployment_reserve_persons"":12653589.387517525,""foreign_labor_stock_need_persons"":1322117.8105603673,""labor_demand_required_persons"":13837764.049935687,""recommended_annual_quota_persons"":88241.12674728414,""unemployment_reserve_sector_allocated_persons"":77991.68938490961}","{""cumulative_recommended_quota_persons"":""persons"",""domestic_sector_supply_total_with_unemployment_reserve_persons"":""persons"",""foreign_labor_stock_need_persons"":""persons"",""labor_demand_required_persons"":""persons"",""recommended_annual_quota_persons"":""persons"",""unemployment_reserve_sector_allocated_persons"":""persons""}",scripts/build_labor_migration_artifacts.py,scripts/build_labor_migration_artifacts.py,calculated_v5_sector_year_sum,bed04356e8a570a2911dde917ab538bd3dd43ad84aa6d09cf900456bb3680985,a562e59f0a5cd638b236de25f2f8529b214738ff46a0f6dacb7f4d20a9409464
OKVED_H,H,Транспортировка и хранение,2039,42241.38121838966,603807.2792963136,603807.2792963136,6350885.76816382,5823342.37066578,77991.68938490961,foreign_labor_migration_v5_sector_year,Foreign labor migration/docs/data/region_sector_forecast.csv,2026-05-27T13:57:22+00:00,2039,"{""cumulative_recommended_quota_persons"":603807.2792963136,""domestic_sector_supply_total_with_unemployment_reserve_persons"":5823342.37066578,""foreign_labor_stock_need_persons"":603807.2792963136,""labor_demand_required_persons"":6350885.76816382,""recommended_annual_quota_persons"":42241.38121838966,""unemployment_reserve_sector_allocated_persons"":77991.68938490961}","{""cumulative_recommended_quota_persons"":""persons"",""domestic_sector_supply_total_with_unemployment_reserve_persons"":""persons"",""foreign_labor_stock_need_persons"":""persons"",""labor_demand_required_persons"":""persons"",""recommended_annual_quota_persons"":""persons"",""unemployment_reserve_sector_allocated_persons"":""persons""}",scripts/build_labor_migration_artifacts.py,scripts/build_labor_migration_artifacts.py,calculated_v5_sector_year_sum,bed04356e8a570a2911dde917ab538bd3dd43ad84aa6d09cf900456bb3680985,91a5b785d44a19e69180867660207dffee03a499035c6c58aeface0bf2819830
OKVED_I,I,Деятельность гостиниц и предприятий общественного питания,2039,11005.327301721416,149951.66339777605,149951.66339777605,2073689.9154858172,1967772.155239908,77991.68938490961,foreign_labor_migration_v5_sector_year,Foreign labor migration/docs/data/region_sector_forecast.csv,2026-05-27T13:57:22+00:00,2039,"{""cumulative_recommended_quota_persons"":149951.66339777605,""domestic_sector_supply_total_with_unemployment_reserve_persons"":1967772.155239908,""foreign_labor_stock_need_persons"":149951.66339777605,""labor_demand_required_persons"":2073689.9154858172,""recommended_annual_quota_persons"":11005.327301721416,""unemployment_reserve_sector_allocated_persons"":77991.68938490961}","{""cumulative_recommended_quota_persons"":""persons"",""domestic_sector_supply_total_with_unemployment_reserve_persons"":""persons"",""foreign_labor_stock_need_persons"":""persons"",""labor_demand_required_persons"":""persons"",""recommended_annual_quota_persons"":""persons"",""unemployment_reserve_sector_allocated_persons"":""persons""}",scripts/build_labor_migration_artifacts.py,scripts/build_labor_migration_artifacts.py,calculated_v5_sector_year_sum,bed04356e8a570a2911dde917ab538bd3dd43ad84aa6d09cf900456bb3680985,dfd456af040c9e834a9bf50f02aa99a7d3be3701debeca1d5979e2d979372471
OKVED_J,J,Деятельность в области информации и связи,2039,8899.17175210056,107810.19316128042,107810.19316128042,1746887.9878233187,1676368.928474044,77991.68938490961,foreign_labor_migration_v5_sector_year,Foreign labor migration/docs/data/region_sector_forecast.csv,2026-05-27T13:57:22+00:00,2039,"{""cumulative_recommended_quota_persons"":107810.19316128042,""domestic_sector_supply_total_with_unemployment_reserve_persons"":1676368.928474044,""foreign_labor_stock_need_persons"":107810.19316128042,""labor_demand_required_persons"":1746887.9878233187,""recommended_annual_quota_persons"":8899.17175210056,""unemployment_reserve_sector_allocated_persons"":77991.68938490961}","{""cumulative_recommended_quota_persons"":""persons"",""domestic_sector_supply_total_with_unemployment_reserve_persons"":""persons"",""foreign_labor_stock_need_persons"":""persons"",""labor_demand_required_persons"":""persons"",""recommended_annual_quota_persons"":""persons"",""unemployment_reserve_sector_allocated_persons"":""persons""}",scripts/build_labor_migration_artifacts.py,scripts/build_labor_migration_artifacts.py,calculated_v5_sector_year_sum,bed04356e8a570a2911dde917ab538bd3dd43ad84aa6d09cf900456bb3680985,50c0e14fdd47ca689314f6dace02c3fd299b0dcc9687973824bd694822f140dd
OKVED_K,K,Деятельность финансовая и страховая,2039,7255.717375461247,72427.58890258144,72427.58890258144,1281392.9481879524,1245957.5795083046,77991.68938490961,foreign_labor_migration_v5_sector_year,Foreign labor migration/docs/data/region_sector_forecast.csv,2026-05-27T13:57:22+00:00,2039,"{""cumulative_recommended_quota_persons"":72427.58890258144,""domestic_sector_supply_total_with_unemployment_reserve_persons"":1245957.5795083046,""foreign_labor_stock_need_persons"":72427.58890258144,""labor_demand_required_persons"":1281392.9481879524,""recommended_annual_quota_persons"":7255.717375461247,""unemployment_reserve_sector_allocated_persons"":77991.68938490961}","{""cumulative_recommended_quota_persons"":""persons"",""domestic_sector_supply_total_with_unemployment_reserve_persons"":""persons"",""foreign_labor_stock_need_persons"":""persons"",""labor_demand_required_persons"":""persons"",""recommended_annual_quota_persons"":""persons"",""unemployment_reserve_sector_allocated_persons"":""persons""}",scripts/build_labor_migration_artifacts.py,scripts/build_labor_migration_artifacts.py,calculated_v5_sector_year_sum,bed04356e8a570a2911dde917ab538bd3dd43ad84aa6d09cf900456bb3680985,5bd7b1258ecb221930b63f5febc64d189678d0ceb4117cda32684690eb4089e2
OKVED_L,L,Деятельность по операциям с недвижимым имуществом,2039,11875.232584260839,149102.5337867984,149102.5337867984,2035349.8597076812,1924905.442271505,77991.68938490961,foreign_labor_migration_v5_sector_year,Foreign labor migration/docs/data/region_sector_forecast.csv,2026-05-27T13:57:22+00:00,2039,"{""cumulative_recommended_quota_persons"":149102.5337867984,""domestic_sector_supply_total_with_unemployment_reserve_persons"":1924905.442271505,""foreign_labor_stock_need_persons"":149102.5337867984,""labor_demand_required_persons"":2035349.8597076812,""recommended_annual_quota_persons"":11875.232584260839,""unemployment_reserve_sector_allocated_persons"":77991.68938490961}","{""cumulative_recommended_quota_persons"":""persons"",""domestic_sector_supply_total_with_unemployment_reserve_persons"":""persons"",""foreign_labor_stock_need_persons"":""persons"",""labor_demand_required_persons"":""persons"",""recommended_annual_quota_persons"":""persons"",""unemployment_reserve_sector_allocated_persons"":""persons""}",scripts/build_labor_migration_artifacts.py,scripts/build_labor_migration_artifacts.py,calculated_v5_sector_year_sum,bed04356e8a570a2911dde917ab538bd3dd43ad84aa6d09cf900456bb3680985,0a99bcc1f9c6f089b18b78cd0fd6849e8c2c048b748acaabbd5a6a9ba5211bb7
OKVED_M,M,"Деятельность профессиональная, научная и техническая",2039,12251.292962315325,187932.34637878923,187934.6230667682,2613244.356037955,2463546.116149479,77991.68938490961,foreign_labor_migration_v5_sector_year,Foreign labor migration/docs/data/region_sector_forecast.csv,2026-05-27T13:57:22+00:00,2039,"{""cumulative_recommended_quota_persons"":187934.6230667682,""domestic_sector_supply_total_with_unemployment_reserve_persons"":2463546.116149479,""foreign_labor_stock_need_persons"":187932.34637878923,""labor_demand_required_persons"":2613244.356037955,""recommended_annual_quota_persons"":12251.292962315325,""unemployment_reserve_sector_allocated_persons"":77991.68938490961}","{""cumulative_recommended_quota_persons"":""persons"",""domestic_sector_supply_total_with_unemployment_reserve_persons"":""persons"",""foreign_labor_stock_need_persons"":""persons"",""labor_demand_required_persons"":""persons"",""recommended_annual_quota_persons"":""persons"",""unemployment_reserve_sector_allocated_persons"":""persons""}",scripts/build_labor_migration_artifacts.py,scripts/build_labor_migration_artifacts.py,calculated_v5_sector_year_sum,bed04356e8a570a2911dde917ab538bd3dd43ad84aa6d09cf900456bb3680985,8cb09cf18f028742dfb00bd840ea595e7e8446cf331875185b41b87be1a11369
OKVED_N,N,Деятельность административная и сопутствующие дополнительные услуги,2039,18281.931111902857,219790.52193990667,219790.52193990667,2727253.4535154453,2550609.967141208,77991.68938490961,foreign_labor_migration_v5_sector_year,Foreign labor migration/docs/data/region_sector_forecast.csv,2026-05-27T13:57:22+00:00,2039,"{""cumulative_recommended_quota_persons"":219790.52193990667,""domestic_sector_supply_total_with_unemployment_reserve_persons"":2550609.967141208,""foreign_labor_stock_need_persons"":219790.52193990667,""labor_demand_required_persons"":2727253.4535154453,""recommended_annual_quota_persons"":18281.931111902857,""unemployment_reserve_sector_allocated_persons"":77991.68938490961}","{""cumulative_recommended_quota_persons"":""persons"",""domestic_sector_supply_total_with_unemployment_reserve_persons"":""persons"",""foreign_labor_stock_need_persons"":""persons"",""labor_demand_required_persons"":""persons"",""recommended_annual_quota_persons"":""persons"",""unemployment_reserve_sector_allocated_persons"":""persons""}",scripts/build_labor_migration_artifacts.py,scripts/build_labor_migration_artifacts.py,calculated_v5_sector_year_sum,bed04356e8a570a2911dde917ab538bd3dd43ad84aa6d09cf900456bb3680985,5ed45804b88d18c100b2ae7088f23e6e8c4dadcc9626513e53687489c2ea08a6
OKVED_O,O,Государственное управление и обеспечение военной безопасности; социальное обеспечение,2039,24308.113599885222,347242.75920073193,347242.75920073193,3681078.4512226647,3407229.8648749813,77991.68938490961,foreign_labor_migration_v5_sector_year,Foreign labor migration/docs/data/region_sector_forecast.csv,2026-05-27T13:57:22+00:00,2039,"{""cumulative_recommended_quota_persons"":347242.75920073193,""domestic_sector_supply_total_with_unemployment_reserve_persons"":3407229.8648749813,""foreign_labor_stock_need_persons"":347242.75920073193,""labor_demand_required_persons"":3681078.4512226647,""recommended_annual_quota_persons"":24308.113599885222,""unemployment_reserve_sector_allocated_persons"":77991.68938490961}","{""cumulative_recommended_quota_persons"":""persons"",""domestic_sector_supply_total_with_unemployment_reserve_persons"":""persons"",""foreign_labor_stock_need_persons"":""persons"",""labor_demand_required_persons"":""persons"",""recommended_annual_quota_persons"":""persons"",""unemployment_reserve_sector_allocated_persons"":""persons""}",scripts/build_labor_migration_artifacts.py,scripts/build_labor_migration_artifacts.py,calculated_v5_sector_year_sum,bed04356e8a570a2911dde917ab538bd3dd43ad84aa6d09cf900456bb3680985,5639453084c25c9bdbce14384e75d50dbcb6b6680155c2c94b2c4ccc06f90119
OKVED_P,P,Образование,2039,40442.98861984009,561861.2340143296,561861.2340143296,5971081.64032206,5511126.509959576,77991.68938490961,foreign_labor_migration_v5_sector_year,Foreign labor migration/docs/data/region_sector_forecast.csv,2026-05-27T13:57:22+00:00,2039,"{""cumulative_recommended_quota_persons"":561861.2340143296,""domestic_sector_supply_total_with_unemployment_reserve_persons"":5511126.509959576,""foreign_labor_stock_need_persons"":561861.2340143296,""labor_demand_required_persons"":5971081.64032206,""recommended_annual_quota_persons"":40442.98861984009,""unemployment_reserve_sector_allocated_persons"":77991.68938490961}","{""cumulative_recommended_quota_persons"":""persons"",""domestic_sector_supply_total_with_unemployment_reserve_persons"":""persons"",""foreign_labor_stock_need_persons"":""persons"",""labor_demand_required_persons"":""persons"",""recommended_annual_quota_persons"":""persons"",""unemployment_reserve_sector_allocated_persons"":""persons""}",scripts/build_labor_migration_artifacts.py,scripts/build_labor_migration_artifacts.py,calculated_v5_sector_year_sum,bed04356e8a570a2911dde917ab538bd3dd43ad84aa6d09cf900456bb3680985,3bca25608314a942e6fdbc7778cf769048d49fe6cd8444c637e99fb3f60f4251
OKVED_Q,Q,Деятельность в области здравоохранения и социальных услуг,2039,35354.148127770524,478819.35804608295,478819.35804608295,5032726.87787967,4627118.130692758,77991.68938490961,foreign_labor_migration_v5_sector_year,Foreign labor migration/docs/data/region_sector_forecast.csv,2026-05-27T13:57:22+00:00,2039,"{""cumulative_recommended_quota_persons"":478819.35804608295,""domestic_sector_supply_total_with_unemployment_reserve_persons"":4627118.130692758,""foreign_labor_stock_need_persons"":478819.35804608295,""labor_demand_required_persons"":5032726.87787967,""recommended_annual_quota_persons"":35354.148127770524,""unemployment_reserve_sector_allocated_persons"":77991.68938490961}","{""cumulative_recommended_quota_persons"":""persons"",""domestic_sector_supply_total_with_unemployment_reserve_persons"":""persons"",""foreign_labor_stock_need_persons"":""persons"",""labor_demand_required_persons"":""persons"",""recommended_annual_quota_persons"":""persons"",""unemployment_reserve_sector_allocated_persons"":""persons""}",scripts/build_labor_migration_artifacts.py,scripts/build_labor_migration_artifacts.py,calculated_v5_sector_year_sum,bed04356e8a570a2911dde917ab538bd3dd43ad84aa6d09cf900456bb3680985,a83539d2e269209080a206d0956af847b056f03968ed06ffc727dcd739cd8cad
OKVED_R,R,"Деятельность в области культуры, спорта, организации досуга и развлечений",2039,7150.431082615096,77275.09394818959,77275.09394818959,1257654.0546447558,1219690.2533211352,77991.68938490961,foreign_labor_migration_v5_sector_year,Foreign labor migration/docs/data/region_sector_forecast.csv,2026-05-27T13:57:22+00:00,2039,"{""cumulative_recommended_quota_persons"":77275.09394818959,""domestic_sector_supply_total_with_unemployment_reserve_persons"":1219690.2533211352,""foreign_labor_stock_need_persons"":77275.09394818959,""labor_demand_required_persons"":1257654.0546447558,""recommended_annual_quota_persons"":7150.431082615096,""unemployment_reserve_sector_allocated_persons"":77991.68938490961}","{""cumulative_recommended_quota_persons"":""persons"",""domestic_sector_supply_total_with_unemployment_reserve_persons"":""persons"",""foreign_labor_stock_need_persons"":""persons"",""labor_demand_required_persons"":""persons"",""recommended_annual_quota_persons"":""persons"",""unemployment_reserve_sector_allocated_persons"":""persons""}",scripts/build_labor_migration_artifacts.py,scripts/build_labor_migration_artifacts.py,calculated_v5_sector_year_sum,bed04356e8a570a2911dde917ab538bd3dd43ad84aa6d09cf900456bb3680985,64b0ca7a1374df890bcadc3744ecb8892fd6baa89159b0f36d352e9d176fed81
OKVED_S,S,Предоставление прочих видов услуг,2039,11375.932175321677,132684.07652868534,132684.07652868534,1913985.3291209827,1821800.2819109936,77991.68938490961,foreign_labor_migration_v5_sector_year,Foreign labor migration/docs/data/region_sector_forecast.csv,2026-05-27T13:57:22+00:00,2039,"{""cumulative_recommended_quota_persons"":132684.07652868534,""domestic_sector_supply_total_with_unemployment_reserve_persons"":1821800.2819109936,""foreign_labor_stock_need_persons"":132684.07652868534,""labor_demand_required_persons"":1913985.3291209827,""recommended_annual_quota_persons"":11375.932175321677,""unemployment_reserve_sector_allocated_persons"":77991.68938490961}","{""cumulative_recommended_quota_persons"":""persons"",""domestic_sector_supply_total_with_unemployment_reserve_persons"":""persons"",""foreign_labor_stock_need_persons"":""persons"",""labor_demand_required_persons"":""persons"",""recommended_annual_quota_persons"":""persons"",""unemployment_reserve_sector_allocated_persons"":""persons""}",scripts/build_labor_migration_artifacts.py,scripts/build_labor_migration_artifacts.py,calculated_v5_sector_year_sum,bed04356e8a570a2911dde917ab538bd3dd43ad84aa6d09cf900456bb3680985,fb8deba89f249724d09aa2d1b106dca834d60ca248cbfa1db6e467703df16f4b
OKVED_T,T,Деятельность домашних хозяйств как работодателей; недифференцированная деятельность частных домашних хозяйств по производству товаров и оказанию услуг для собственного потребления,2039,115.49819858291607,504.5057513302388,504.5057513302388,67963.70864997446,126576.11132807782,64224.718799403876,foreign_labor_migration_v5_sector_year,Foreign labor migration/docs/data/region_sector_forecast.csv,2026-05-27T13:57:22+00:00,2039,"{""cumulative_recommended_quota_persons"":504.5057513302388,""domestic_sector_supply_total_with_unemployment_reserve_persons"":126576.11132807782,""foreign_labor_stock_need_persons"":504.5057513302388,""labor_demand_required_persons"":67963.70864997446,""recommended_annual_quota_persons"":115.49819858291607,""unemployment_reserve_sector_allocated_persons"":64224.718799403876}","{""cumulative_recommended_quota_persons"":""persons"",""domestic_sector_supply_total_with_unemployment_reserve_persons"":""persons"",""foreign_labor_stock_need_persons"":""persons"",""labor_demand_required_persons"":""persons"",""recommended_annual_quota_persons"":""persons"",""unemployment_reserve_sector_allocated_persons"":""persons""}",scripts/build_labor_migration_artifacts.py,scripts/build_labor_migration_artifacts.py,calculated_v5_sector_year_sum,bed04356e8a570a2911dde917ab538bd3dd43ad84aa6d09cf900456bb3680985,8ae1e2fdecf2486d11d40abc229bb4dcb8c93b8adf46ac3785ec962af67af192
OKVED_A,A,"Сельское, лесное хозяйство, охота, рыболовство и рыбоводство",2040,23270.412385147953,428172.22076283244,428173.40700883407,4226761.510793695,3897203.6723836544,77507.16426818488,foreign_labor_migration_v5_sector_year,Foreign labor migration/docs/data/region_sector_forecast.csv,2026-05-27T13:57:22+00:00,2040,"{""cumulative_recommended_quota_persons"":428173.40700883407,""domestic_sector_supply_total_with_unemployment_reserve_persons"":3897203.6723836544,""foreign_labor_stock_need_persons"":428172.22076283244,""labor_demand_required_persons"":4226761.510793695,""recommended_annual_quota_persons"":23270.412385147953,""unemployment_reserve_sector_allocated_persons"":77507.16426818488}","{""cumulative_recommended_quota_persons"":""persons"",""domestic_sector_supply_total_with_unemployment_reserve_persons"":""persons"",""foreign_labor_stock_need_persons"":""persons"",""labor_demand_required_persons"":""persons"",""recommended_annual_quota_persons"":""persons"",""unemployment_reserve_sector_allocated_persons"":""persons""}",scripts/build_labor_migration_artifacts.py,scripts/build_labor_migration_artifacts.py,calculated_v5_sector_year_sum,bed04356e8a570a2911dde917ab538bd3dd43ad84aa6d09cf900456bb3680985,8044c12ccda85eebfde4c89915a401de69827c885584fbd8c3c15434e8940a81
OKVED_B,B,Добыча полезных ископаемых,2040,14914.41428804965,240537.00611782048,240537.00611782048,1776896.7875627745,1586250.422988951,77507.16426818488,foreign_labor_migration_v5_sector_year,Foreign labor migration/docs/data/region_sector_forecast.csv,2026-05-27T13:57:22+00:00,2040,"{""cumulative_recommended_quota_persons"":240537.00611782048,""domestic_sector_supply_total_with_unemployment_reserve_persons"":1586250.422988951,""foreign_labor_stock_need_persons"":240537.00611782048,""labor_demand_required_persons"":1776896.7875627745,""recommended_annual_quota_persons"":14914.41428804965,""unemployment_reserve_sector_allocated_persons"":77507.16426818488}","{""cumulative_recommended_quota_persons"":""persons"",""domestic_sector_supply_total_with_unemployment_reserve_persons"":""persons"",""foreign_labor_stock_need_persons"":""persons"",""labor_demand_required_persons"":""persons"",""recommended_annual_quota_persons"":""persons"",""unemployment_reserve_sector_allocated_persons"":""persons""}",scripts/build_labor_migration_artifacts.py,scripts/build_labor_migration_artifacts.py,calculated_v5_sector_year_sum,bed04356e8a570a2911dde917ab538bd3dd43ad84aa6d09cf900456bb3680985,d167e2f393143f03b800254443c979e29e4b19c72bee568a3451a875d30e6903
OKVED_C,C,Обрабатывающие производства,2040,45166.35382131903,934761.7024127916,934766.9342497906,9147940.404976884,8306891.3605758585,77507.16426818488,foreign_labor_migration_v5_sector_year,Foreign labor migration/docs/data/region_sector_forecast.csv,2026-05-27T13:57:22+00:00,2040,"{""cumulative_recommended_quota_persons"":934766.9342497906,""domestic_sector_supply_total_with_unemployment_reserve_persons"":8306891.3605758585,""foreign_labor_stock_need_persons"":934761.7024127916,""labor_demand_required_persons"":9147940.404976884,""recommended_annual_quota_persons"":45166.35382131903,""unemployment_reserve_sector_allocated_persons"":77507.16426818488}","{""cumulative_recommended_quota_persons"":""persons"",""domestic_sector_supply_total_with_unemployment_reserve_persons"":""persons"",""foreign_labor_stock_need_persons"":""persons"",""labor_demand_required_persons"":""persons"",""recommended_annual_quota_persons"":""persons"",""unemployment_reserve_sector_allocated_persons"":""persons""}",scripts/build_labor_migration_artifacts.py,scripts/build_labor_migration_artifacts.py,calculated_v5_sector_year_sum,bed04356e8a570a2911dde917ab538bd3dd43ad84aa6d09cf900456bb3680985,c58360a7064a65f680db80f52881f57401b5de741a9d844f4e0790a71d3d7817
OKVED_D,D,"Обеспечение электрической энергией, газом и паром; кондиционирование воздуха",2040,13331.50372833448,169289.75669002286,169289.75669002286,1846787.238675927,1717971.1457915357,77507.16426818488,foreign_labor_migration_v5_sector_year,Foreign labor migration/docs/data/region_sector_forecast.csv,2026-05-27T13:57:22+00:00,2040,"{""cumulative_recommended_quota_persons"":169289.75669002286,""domestic_sector_supply_total_with_unemployment_reserve_persons"":1717971.1457915357,""foreign_labor_stock_need_persons"":169289.75669002286,""labor_demand_required_persons"":1846787.238675927,""recommended_annual_quota_persons"":13331.50372833448,""unemployment_reserve_sector_allocated_persons"":77507.16426818488}","{""cumulative_recommended_quota_persons"":""persons"",""domestic_sector_supply_total_with_unemployment_reserve_persons"":""persons"",""foreign_labor_stock_need_persons"":""persons"",""labor_demand_required_persons"":""persons"",""recommended_annual_quota_persons"":""persons"",""unemployment_reserve_sector_allocated_persons"":""persons""}",scripts/build_labor_migration_artifacts.py,scripts/build_labor_migration_artifacts.py,calculated_v5_sector_year_sum,bed04356e8a570a2911dde917ab538bd3dd43ad84aa6d09cf900456bb3680985,2818d9ba81057b4c91d25af10dc30e0832a451be6694c18590da3986270026d5
OKVED_E,E,"Водоснабжение; водоотведение, организация сбора и утилизации отходов, деятельность по ликвидации загрязнений",2040,2897.334840809374,29444.074881959532,29445.887860798444,644555.5838583882,653364.9488363458,77507.16426818488,foreign_labor_migration_v5_sector_year,Foreign labor migration/docs/data/region_sector_forecast.csv,2026-05-27T13:57:22+00:00,2040,"{""cumulative_recommended_quota_persons"":29445.887860798444,""domestic_sector_supply_total_with_unemployment_reserve_persons"":653364.9488363458,""foreign_labor_stock_need_persons"":29444.074881959532,""labor_demand_required_persons"":644555.5838583882,""recommended_annual_quota_persons"":2897.334840809374,""unemployment_reserve_sector_allocated_persons"":77507.16426818488}","{""cumulative_recommended_quota_persons"":""persons"",""domestic_sector_supply_total_with_unemployment_reserve_persons"":""persons"",""foreign_labor_stock_need_persons"":""persons"",""labor_demand_required_persons"":""persons"",""recommended_annual_quota_persons"":""persons"",""unemployment_reserve_sector_allocated_persons"":""persons""}",scripts/build_labor_migration_artifacts.py,scripts/build_labor_migration_artifacts.py,calculated_v5_sector_year_sum,bed04356e8a570a2911dde917ab538bd3dd43ad84aa6d09cf900456bb3680985,98c67095be07725744e0d181cfe0c432e6141f99c0176c16e94e890f2f8b3f99
OKVED_F,F,Строительство,2040,30585.101086289123,588514.1088900223,588514.1088900223,6290850.5598831475,5792032.7579059405,77507.16426818488,foreign_labor_migration_v5_sector_year,Foreign labor migration/docs/data/region_sector_forecast.csv,2026-05-27T13:57:22+00:00,2040,"{""cumulative_recommended_quota_persons"":588514.1088900223,""domestic_sector_supply_total_with_unemployment_reserve_persons"":5792032.7579059405,""foreign_labor_stock_need_persons"":588514.1088900223,""labor_demand_required_persons"":6290850.5598831475,""recommended_annual_quota_persons"":30585.101086289123,""unemployment_reserve_sector_allocated_persons"":77507.16426818488}","{""cumulative_recommended_quota_persons"":""persons"",""domestic_sector_supply_total_with_unemployment_reserve_persons"":""persons"",""foreign_labor_stock_need_persons"":""persons"",""labor_demand_required_persons"":""persons"",""recommended_annual_quota_persons"":""persons"",""unemployment_reserve_sector_allocated_persons"":""persons""}",scripts/build_labor_migration_artifacts.py,scripts/build_labor_migration_artifacts.py,calculated_v5_sector_year_sum,bed04356e8a570a2911dde917ab538bd3dd43ad84aa6d09cf900456bb3680985,cad0f5507f43de028429fab547768470e8d07b29c6a7952d63cc8a1eafd8ead9
OKVED_G,G,Торговля оптовая и розничная; ремонт автотранспортных средств и мотоциклов,2040,77724.06516660053,1399841.8757269678,1399841.921117993,13816126.282204587,12555856.246459562,77507.16426818488,foreign_labor_migration_v5_sector_year,Foreign labor migration/docs/data/region_sector_forecast.csv,2026-05-27T13:57:22+00:00,2040,"{""cumulative_recommended_quota_persons"":1399841.921117993,""domestic_sector_supply_total_with_unemployment_reserve_persons"":12555856.246459562,""foreign_labor_stock_need_persons"":1399841.8757269678,""labor_demand_required_persons"":13816126.282204587,""recommended_annual_quota_persons"":77724.06516660053,""unemployment_reserve_sector_allocated_persons"":77507.16426818488}","{""cumulative_recommended_quota_persons"":""persons"",""domestic_sector_supply_total_with_unemployment_reserve_persons"":""persons"",""foreign_labor_stock_need_persons"":""persons"",""labor_demand_required_persons"":""persons"",""recommended_annual_quota_persons"":""persons"",""unemployment_reserve_sector_allocated_persons"":""persons""}",scripts/build_labor_migration_artifacts.py,scripts/build_labor_migration_artifacts.py,calculated_v5_sector_year_sum,bed04356e8a570a2911dde917ab538bd3dd43ad84aa6d09cf900456bb3680985,ff02ff3e7dfa43adade2438c042f8b537a30d94b2986010a030c6b6a1f5f1b9a
OKVED_H,H,Транспортировка и хранение,2040,38895.390223504124,642702.6695198178,642702.6695198178,6359249.292153117,5793682.198799209,77507.16426818488,foreign_labor_migration_v5_sector_year,Foreign labor migration/docs/data/region_sector_forecast.csv,2026-05-27T13:57:22+00:00,2040,"{""cumulative_recommended_quota_persons"":642702.6695198178,""domestic_sector_supply_total_with_unemployment_reserve_persons"":5793682.198799209,""foreign_labor_stock_need_persons"":642702.6695198178,""labor_demand_required_persons"":6359249.292153117,""recommended_annual_quota_persons"":38895.390223504124,""unemployment_reserve_sector_allocated_persons"":77507.16426818488}","{""cumulative_recommended_quota_persons"":""persons"",""domestic_sector_supply_total_with_unemployment_reserve_persons"":""persons"",""foreign_labor_stock_need_persons"":""persons"",""labor_demand_required_persons"":""persons"",""recommended_annual_quota_persons"":""persons"",""unemployment_reserve_sector_allocated_persons"":""persons""}",scripts/build_labor_migration_artifacts.py,scripts/build_labor_migration_artifacts.py,calculated_v5_sector_year_sum,bed04356e8a570a2911dde917ab538bd3dd43ad84aa6d09cf900456bb3680985,563b999de81483bfb962ecf2a20c97900e3547bbfd65a1d3b81c60f465c40210
OKVED_I,I,Деятельность гостиниц и предприятий общественного питания,2040,9803.983872599658,159755.6472703757,159755.6472703757,2066143.1128011104,1949039.7189157591,77507.16426818488,foreign_labor_migration_v5_sector_year,Foreign labor migration/docs/data/region_sector_forecast.csv,2026-05-27T13:57:22+00:00,2040,"{""cumulative_recommended_quota_persons"":159755.6472703757,""domestic_sector_supply_total_with_unemployment_reserve_persons"":1949039.7189157591,""foreign_labor_stock_need_persons"":159755.6472703757,""labor_demand_required_persons"":2066143.1128011104,""recommended_annual_quota_persons"":9803.983872599658,""unemployment_reserve_sector_allocated_persons"":77507.16426818488}","{""cumulative_recommended_quota_persons"":""persons"",""domestic_sector_supply_total_with_unemployment_reserve_persons"":""persons"",""foreign_labor_stock_need_persons"":""persons"",""labor_demand_required_persons"":""persons"",""recommended_annual_quota_persons"":""persons"",""unemployment_reserve_sector_allocated_persons"":""persons""}",scripts/build_labor_migration_artifacts.py,scripts/build_labor_migration_artifacts.py,calculated_v5_sector_year_sum,bed04356e8a570a2911dde917ab538bd3dd43ad84aa6d09cf900456bb3680985,0ea4e15da85faa84a6269c61e9d0a456ae0fe0ec40f0556c65a5a752b7334ffe
OKVED_J,J,Деятельность в области информации и связи,2040,7051.147882369606,114861.34104365003,114861.34104365003,1731511.983200783,1652893.934965967,77507.16426818488,foreign_labor_migration_v5_sector_year,Foreign labor migration/docs/data/region_sector_forecast.csv,2026-05-27T13:57:22+00:00,2040,"{""cumulative_recommended_quota_persons"":114861.34104365003,""domestic_sector_supply_total_with_unemployment_reserve_persons"":1652893.934965967,""foreign_labor_stock_need_persons"":114861.34104365003,""labor_demand_required_persons"":1731511.983200783,""recommended_annual_quota_persons"":7051.147882369606,""unemployment_reserve_sector_allocated_persons"":77507.16426818488}","{""cumulative_recommended_quota_persons"":""persons"",""domestic_sector_supply_total_with_unemployment_reserve_persons"":""persons"",""foreign_labor_stock_need_persons"":""persons"",""labor_demand_required_persons"":""persons"",""recommended_annual_quota_persons"":""persons"",""unemployment_reserve_sector_allocated_persons"":""persons""}",scripts/build_labor_migration_artifacts.py,scripts/build_labor_migration_artifacts.py,calculated_v5_sector_year_sum,bed04356e8a570a2911dde917ab538bd3dd43ad84aa6d09cf900456bb3680985,27dd42bdd42fa15c4a1517bd1af333975d5464372f57ce8566e6bdb604b1d830
OKVED_K,K,Деятельность финансовая и страховая,2040,5981.080503028871,78408.6694056103,78408.6694056103,1277351.0621282132,1235169.490873965,77507.16426818488,foreign_labor_migration_v5_sector_year,Foreign labor migration/docs/data/region_sector_forecast.csv,2026-05-27T13:57:22+00:00,2040,"{""cumulative_recommended_quota_persons"":78408.6694056103,""domestic_sector_supply_total_with_unemployment_reserve_persons"":1235169.490873965,""foreign_labor_stock_need_persons"":78408.6694056103,""labor_demand_required_persons"":1277351.0621282132,""recommended_annual_quota_persons"":5981.080503028871,""unemployment_reserve_sector_allocated_persons"":77507.16426818488}","{""cumulative_recommended_quota_persons"":""persons"",""domestic_sector_supply_total_with_unemployment_reserve_persons"":""persons"",""foreign_labor_stock_need_persons"":""persons"",""labor_demand_required_persons"":""persons"",""recommended_annual_quota_persons"":""persons"",""unemployment_reserve_sector_allocated_persons"":""persons""}",scripts/build_labor_migration_artifacts.py,scripts/build_labor_migration_artifacts.py,calculated_v5_sector_year_sum,bed04356e8a570a2911dde917ab538bd3dd43ad84aa6d09cf900456bb3680985,e22ba92f32327f575fa4081f9f8b83c31a843dd9d4f5be889d19bddb93bb8cc4
OKVED_L,L,Деятельность по операциям с недвижимым имуществом,2040,10597.990463132568,159700.52424993095,159700.52424993095,2032161.8495409517,1909899.9180786589,77507.16426818488,foreign_labor_migration_v5_sector_year,Foreign labor migration/docs/data/region_sector_forecast.csv,2026-05-27T13:57:22+00:00,2040,"{""cumulative_recommended_quota_persons"":159700.52424993095,""domestic_sector_supply_total_with_unemployment_reserve_persons"":1909899.9180786589,""foreign_labor_stock_need_persons"":159700.52424993095,""labor_demand_required_persons"":2032161.8495409517,""recommended_annual_quota_persons"":10597.990463132568,""unemployment_reserve_sector_allocated_persons"":77507.16426818488}","{""cumulative_recommended_quota_persons"":""persons"",""domestic_sector_supply_total_with_unemployment_reserve_persons"":""persons"",""foreign_labor_stock_need_persons"":""persons"",""labor_demand_required_persons"":""persons"",""recommended_annual_quota_persons"":""persons"",""unemployment_reserve_sector_allocated_persons"":""persons""}",scripts/build_labor_migration_artifacts.py,scripts/build_labor_migration_artifacts.py,calculated_v5_sector_year_sum,bed04356e8a570a2911dde917ab538bd3dd43ad84aa6d09cf900456bb3680985,0a109af2110da0cc256a97db932d6a6237450464f85014b1038f025fd0c58ea4
OKVED_M,M,"Деятельность профессиональная, научная и техническая",2040,9861.47280788742,197793.81918667667,197796.0958746556,2581814.6461423044,2420585.8133134036,77507.16426818488,foreign_labor_migration_v5_sector_year,Foreign labor migration/docs/data/region_sector_forecast.csv,2026-05-27T13:57:22+00:00,2040,"{""cumulative_recommended_quota_persons"":197796.0958746556,""domestic_sector_supply_total_with_unemployment_reserve_persons"":2420585.8133134036,""foreign_labor_stock_need_persons"":197793.81918667667,""labor_demand_required_persons"":2581814.6461423044,""recommended_annual_quota_persons"":9861.47280788742,""unemployment_reserve_sector_allocated_persons"":77507.16426818488}","{""cumulative_recommended_quota_persons"":""persons"",""domestic_sector_supply_total_with_unemployment_reserve_persons"":""persons"",""foreign_labor_stock_need_persons"":""persons"",""labor_demand_required_persons"":""persons"",""recommended_annual_quota_persons"":""persons"",""unemployment_reserve_sector_allocated_persons"":""persons""}",scripts/build_labor_migration_artifacts.py,scripts/build_labor_migration_artifacts.py,calculated_v5_sector_year_sum,bed04356e8a570a2911dde917ab538bd3dd43ad84aa6d09cf900456bb3680985,85886ba9d7dbcd96203ceef89e71811340c1ec744e54cf68cbf6a1966517d7cd
OKVED_N,N,Деятельность административная и сопутствующие дополнительные услуги,2040,17048.99954672922,236839.5214866359,236839.5214866359,2748916.359547625,2554284.378082831,77507.16426818488,foreign_labor_migration_v5_sector_year,Foreign labor migration/docs/data/region_sector_forecast.csv,2026-05-27T13:57:22+00:00,2040,"{""cumulative_recommended_quota_persons"":236839.5214866359,""domestic_sector_supply_total_with_unemployment_reserve_persons"":2554284.378082831,""foreign_labor_stock_need_persons"":236839.5214866359,""labor_demand_required_persons"":2748916.359547625,""recommended_annual_quota_persons"":17048.99954672922,""unemployment_reserve_sector_allocated_persons"":77507.16426818488}","{""cumulative_recommended_quota_persons"":""persons"",""domestic_sector_supply_total_with_unemployment_reserve_persons"":""persons"",""foreign_labor_stock_need_persons"":""persons"",""labor_demand_required_persons"":""persons"",""recommended_annual_quota_persons"":""persons"",""unemployment_reserve_sector_allocated_persons"":""persons""}",scripts/build_labor_migration_artifacts.py,scripts/build_labor_migration_artifacts.py,calculated_v5_sector_year_sum,bed04356e8a570a2911dde917ab538bd3dd43ad84aa6d09cf900456bb3680985,c768436d5905e9a30a0b0777d085791652d1df0b15087fc85dfa89c15de75985
OKVED_O,O,Государственное управление и обеспечение военной безопасности; социальное обеспечение,2040,23232.3781289676,370475.13732969953,370475.13732969953,3688625.0943286316,3391857.1167765534,77507.16426818488,foreign_labor_migration_v5_sector_year,Foreign labor migration/docs/data/region_sector_forecast.csv,2026-05-27T13:57:22+00:00,2040,"{""cumulative_recommended_quota_persons"":370475.13732969953,""domestic_sector_supply_total_with_unemployment_reserve_persons"":3391857.1167765534,""foreign_labor_stock_need_persons"":370475.13732969953,""labor_demand_required_persons"":3688625.0943286316,""recommended_annual_quota_persons"":23232.3781289676,""unemployment_reserve_sector_allocated_persons"":77507.16426818488}","{""cumulative_recommended_quota_persons"":""persons"",""domestic_sector_supply_total_with_unemployment_reserve_persons"":""persons"",""foreign_labor_stock_need_persons"":""persons"",""labor_demand_required_persons"":""persons"",""recommended_annual_quota_persons"":""persons"",""unemployment_reserve_sector_allocated_persons"":""persons""}",scripts/build_labor_migration_artifacts.py,scripts/build_labor_migration_artifacts.py,calculated_v5_sector_year_sum,bed04356e8a570a2911dde917ab538bd3dd43ad84aa6d09cf900456bb3680985,ded488828fcfbd760ec60d1050ca34b39799bcab7b074537841ef087b9744ea6
OKVED_P,P,Образование,2040,38330.59201961835,600191.826033948,600191.826033948,5995670.47807597,5499320.047957122,77507.16426818488,foreign_labor_migration_v5_sector_year,Foreign labor migration/docs/data/region_sector_forecast.csv,2026-05-27T13:57:22+00:00,2040,"{""cumulative_recommended_quota_persons"":600191.826033948,""domestic_sector_supply_total_with_unemployment_reserve_persons"":5499320.047957122,""foreign_labor_stock_need_persons"":600191.826033948,""labor_demand_required_persons"":5995670.47807597,""recommended_annual_quota_persons"":38330.59201961835,""unemployment_reserve_sector_allocated_persons"":77507.16426818488}","{""cumulative_recommended_quota_persons"":""persons"",""domestic_sector_supply_total_with_unemployment_reserve_persons"":""persons"",""foreign_labor_stock_need_persons"":""persons"",""labor_demand_required_persons"":""persons"",""recommended_annual_quota_persons"":""persons"",""unemployment_reserve_sector_allocated_persons"":""persons""}",scripts/build_labor_migration_artifacts.py,scripts/build_labor_migration_artifacts.py,calculated_v5_sector_year_sum,bed04356e8a570a2911dde917ab538bd3dd43ad84aa6d09cf900456bb3680985,6d54c08a47dc136df49f95d3376814580744d4c162fb94dbcbcbaa0eb357ac6e
OKVED_Q,Q,Деятельность в области здравоохранения и социальных услуг,2040,33623.739317046355,512443.0973631293,512443.0973631293,5061918.227344381,4623376.007089023,77507.16426818488,foreign_labor_migration_v5_sector_year,Foreign labor migration/docs/data/region_sector_forecast.csv,2026-05-27T13:57:22+00:00,2040,"{""cumulative_recommended_quota_persons"":512443.0973631293,""domestic_sector_supply_total_with_unemployment_reserve_persons"":4623376.007089023,""foreign_labor_stock_need_persons"":512443.0973631293,""labor_demand_required_persons"":5061918.227344381,""recommended_annual_quota_persons"":33623.739317046355,""unemployment_reserve_sector_allocated_persons"":77507.16426818488}","{""cumulative_recommended_quota_persons"":""persons"",""domestic_sector_supply_total_with_unemployment_reserve_persons"":""persons"",""foreign_labor_stock_need_persons"":""persons"",""labor_demand_required_persons"":""persons"",""recommended_annual_quota_persons"":""persons"",""unemployment_reserve_sector_allocated_persons"":""persons""}",scripts/build_labor_migration_artifacts.py,scripts/build_labor_migration_artifacts.py,calculated_v5_sector_year_sum,bed04356e8a570a2911dde917ab538bd3dd43ad84aa6d09cf900456bb3680985,779cf851fc26a00bdedbeb593301316085ecba2e2e901d7a77b23fa4b334cad4
OKVED_R,R,"Деятельность в области культуры, спорта, организации досуга и развлечений",2040,6345.227379782786,83620.32132797237,83620.32132797237,1256547.615083413,1211250.0512388288,77507.16426818488,foreign_labor_migration_v5_sector_year,Foreign labor migration/docs/data/region_sector_forecast.csv,2026-05-27T13:57:22+00:00,2040,"{""cumulative_recommended_quota_persons"":83620.32132797237,""domestic_sector_supply_total_with_unemployment_reserve_persons"":1211250.0512388288,""foreign_labor_stock_need_persons"":83620.32132797237,""labor_demand_required_persons"":1256547.615083413,""recommended_annual_quota_persons"":6345.227379782786,""unemployment_reserve_sector_allocated_persons"":77507.16426818488}","{""cumulative_recommended_quota_persons"":""persons"",""domestic_sector_supply_total_with_unemployment_reserve_persons"":""persons"",""foreign_labor_stock_need_persons"":""persons"",""labor_demand_required_persons"":""persons"",""recommended_annual_quota_persons"":""persons"",""unemployment_reserve_sector_allocated_persons"":""persons""}",scripts/build_labor_migration_artifacts.py,scripts/build_labor_migration_artifacts.py,calculated_v5_sector_year_sum,bed04356e8a570a2911dde917ab538bd3dd43ad84aa6d09cf900456bb3680985,f17ea73f88777f2e3eea4a9c01f899e9ed755666ab1b29f0c31f2902a08bac0d
OKVED_S,S,Предоставление прочих видов услуг,2040,9978.153388286119,142662.22991697144,142662.22991697144,1916980.232592353,1813735.4070913515,77507.16426818488,foreign_labor_migration_v5_sector_year,Foreign labor migration/docs/data/region_sector_forecast.csv,2026-05-27T13:57:22+00:00,2040,"{""cumulative_recommended_quota_persons"":142662.22991697144,""domestic_sector_supply_total_with_unemployment_reserve_persons"":1813735.4070913515,""foreign_labor_stock_need_persons"":142662.22991697144,""labor_demand_required_persons"":1916980.232592353,""recommended_annual_quota_persons"":9978.153388286119,""unemployment_reserve_sector_allocated_persons"":77507.16426818488}","{""cumulative_recommended_quota_persons"":""persons"",""domestic_sector_supply_total_with_unemployment_reserve_persons"":""persons"",""foreign_labor_stock_need_persons"":""persons"",""labor_demand_required_persons"":""persons"",""recommended_annual_quota_persons"":""persons"",""unemployment_reserve_sector_allocated_persons"":""persons""}",scripts/build_labor_migration_artifacts.py,scripts/build_labor_migration_artifacts.py,calculated_v5_sector_year_sum,bed04356e8a570a2911dde917ab538bd3dd43ad84aa6d09cf900456bb3680985,af0ef7d272948ebc9f6cfc053e16f6890d29d9f0c2f8e979f4b857c63662d450
OKVED_T,T,Деятельность домашних хозяйств как работодателей; недифференцированная деятельность частных домашних хозяйств по производству товаров и оказанию услуг для собственного потребления,2040,129.23223252883304,633.7379838590718,633.7379838590718,67976.60968447448,125886.18435685447,63865.9789275887,foreign_labor_migration_v5_sector_year,Foreign labor migration/docs/data/region_sector_forecast.csv,2026-05-27T13:57:22+00:00,2040,"{""cumulative_recommended_quota_persons"":633.7379838590718,""domestic_sector_supply_total_with_unemployment_reserve_persons"":125886.18435685447,""foreign_labor_stock_need_persons"":633.7379838590718,""labor_demand_required_persons"":67976.60968447448,""recommended_annual_quota_persons"":129.23223252883304,""unemployment_reserve_sector_allocated_persons"":63865.9789275887}","{""cumulative_recommended_quota_persons"":""persons"",""domestic_sector_supply_total_with_unemployment_reserve_persons"":""persons"",""foreign_labor_stock_need_persons"":""persons"",""labor_demand_required_persons"":""persons"",""recommended_annual_quota_persons"":""persons"",""unemployment_reserve_sector_allocated_persons"":""persons""}",scripts/build_labor_migration_artifacts.py,scripts/build_labor_migration_artifacts.py,calculated_v5_sector_year_sum,bed04356e8a570a2911dde917ab538bd3dd43ad84aa6d09cf900456bb3680985,0a21a81e9182b220cfd41e6ee781bb3d4b43effd89a205c0933ccab305a17e77
OKVED_A,A,"Сельское, лесное хозяйство, охота, рыболовство и рыбоводство",2041,18476.30795761884,446648.5287204512,446649.71496645286,4204256.071571536,3857791.207286707,77082.52463497507,foreign_labor_migration_v5_sector_year,Foreign labor migration/docs/data/region_sector_forecast.csv,2026-05-27T13:57:22+00:00,2041,"{""cumulative_recommended_quota_persons"":446649.71496645286,""domestic_sector_supply_total_with_unemployment_reserve_persons"":3857791.207286707,""foreign_labor_stock_need_persons"":446648.5287204512,""labor_demand_required_persons"":4204256.071571536,""recommended_annual_quota_persons"":18476.30795761884,""unemployment_reserve_sector_allocated_persons"":77082.52463497507}","{""cumulative_recommended_quota_persons"":""persons"",""domestic_sector_supply_total_with_unemployment_reserve_persons"":""persons"",""foreign_labor_stock_need_persons"":""persons"",""labor_demand_required_persons"":""persons"",""recommended_annual_quota_persons"":""persons"",""unemployment_reserve_sector_allocated_persons"":""persons""}",scripts/build_labor_migration_artifacts.py,scripts/build_labor_migration_artifacts.py,calculated_v5_sector_year_sum,bed04356e8a570a2911dde917ab538bd3dd43ad84aa6d09cf900456bb3680985,75b4da8b8781ccfeae80f3fc867c79f1193922f8c3428055913c168b3c39715f
OKVED_B,B,Добыча полезных ископаемых,2041,14071.926731025193,254608.93284884567,254608.93284884567,1802705.0555880747,1597209.919336746,77082.52463497507,foreign_labor_migration_v5_sector_year,Foreign labor migration/docs/data/region_sector_forecast.csv,2026-05-27T13:57:22+00:00,2041,"{""cumulative_recommended_quota_persons"":254608.93284884567,""domestic_sector_supply_total_with_unemployment_reserve_persons"":1597209.919336746,""foreign_labor_stock_need_persons"":254608.93284884567,""labor_demand_required_persons"":1802705.0555880747,""recommended_annual_quota_persons"":14071.926731025193,""unemployment_reserve_sector_allocated_persons"":77082.52463497507}","{""cumulative_recommended_quota_persons"":""persons"",""domestic_sector_supply_total_with_unemployment_reserve_persons"":""persons"",""foreign_labor_stock_need_persons"":""persons"",""labor_demand_required_persons"":""persons"",""recommended_annual_quota_persons"":""persons"",""unemployment_reserve_sector_allocated_persons"":""persons""}",scripts/build_labor_migration_artifacts.py,scripts/build_labor_migration_artifacts.py,calculated_v5_sector_year_sum,bed04356e8a570a2911dde917ab538bd3dd43ad84aa6d09cf900456bb3680985,97be7c480c792c2c3e5894c95ce7204391b753bf2a94d42f1506de02e666fce6
OKVED_C,C,Обрабатывающие производства,2041,33664.17883606208,968420.1306988675,968431.1130858527,9034925.84735051,8160465.468921335,77082.52463497507,foreign_labor_migration_v5_sector_year,Foreign labor migration/docs/data/region_sector_forecast.csv,2026-05-27T13:57:22+00:00,2041,"{""cumulative_recommended_quota_persons"":968431.1130858527,""domestic_sector_supply_total_with_unemployment_reserve_persons"":8160465.468921335,""foreign_labor_stock_need_persons"":968420.1306988675,""labor_demand_required_persons"":9034925.84735051,""recommended_annual_quota_persons"":33664.17883606208,""unemployment_reserve_sector_allocated_persons"":77082.52463497507}","{""cumulative_recommended_quota_persons"":""persons"",""domestic_sector_supply_total_with_unemployment_reserve_persons"":""persons"",""foreign_labor_stock_need_persons"":""persons"",""labor_demand_required_persons"":""persons"",""recommended_annual_quota_persons"":""persons"",""unemployment_reserve_sector_allocated_persons"":""persons""}",scripts/build_labor_migration_artifacts.py,scripts/build_labor_migration_artifacts.py,calculated_v5_sector_year_sum,bed04356e8a570a2911dde917ab538bd3dd43ad84aa6d09cf900456bb3680985,a6807f9c7ec64272b733fe8d8704811c6bdf960ea31b9551223aa1e76f66cd41
OKVED_D,D,"Обеспечение электрической энергией, газом и паром; кондиционирование воздуха",2041,11779.50277833814,181069.259468361,181069.259468361,1864709.1935859802,1723695.885512155,77082.52463497507,foreign_labor_migration_v5_sector_year,Foreign labor migration/docs/data/region_sector_forecast.csv,2026-05-27T13:57:22+00:00,2041,"{""cumulative_recommended_quota_persons"":181069.259468361,""domestic_sector_supply_total_with_unemployment_reserve_persons"":1723695.885512155,""foreign_labor_stock_need_persons"":181069.259468361,""labor_demand_required_persons"":1864709.1935859802,""recommended_annual_quota_persons"":11779.50277833814,""unemployment_reserve_sector_allocated_persons"":77082.52463497507}","{""cumulative_recommended_quota_persons"":""persons"",""domestic_sector_supply_total_with_unemployment_reserve_persons"":""persons"",""foreign_labor_stock_need_persons"":""persons"",""labor_demand_required_persons"":""persons"",""recommended_annual_quota_persons"":""persons"",""unemployment_reserve_sector_allocated_persons"":""persons""}",scripts/build_labor_migration_artifacts.py,scripts/build_labor_migration_artifacts.py,calculated_v5_sector_year_sum,bed04356e8a570a2911dde917ab538bd3dd43ad84aa6d09cf900456bb3680985,156dabdf9f025f4a9034657c58ec98dbffccaa99fd42568387195c816ae6c43f
OKVED_E,E,"Водоснабжение; водоотведение, организация сбора и утилизации отходов, деятельность по ликвидации загрязнений",2041,2316.2680352343,31760.34291719383,31762.155896032746,639971.4220530998,645683.5090878282,77082.52463497507,foreign_labor_migration_v5_sector_year,Foreign labor migration/docs/data/region_sector_forecast.csv,2026-05-27T13:57:22+00:00,2041,"{""cumulative_recommended_quota_persons"":31762.155896032746,""domestic_sector_supply_total_with_unemployment_reserve_persons"":645683.5090878282,""foreign_labor_stock_need_persons"":31760.34291719383,""labor_demand_required_persons"":639971.4220530998,""recommended_annual_quota_persons"":2316.2680352343,""unemployment_reserve_sector_allocated_persons"":77082.52463497507}","{""cumulative_recommended_quota_persons"":""persons"",""domestic_sector_supply_total_with_unemployment_reserve_persons"":""persons"",""foreign_labor_stock_need_persons"":""persons"",""labor_demand_required_persons"":""persons"",""recommended_annual_quota_persons"":""persons"",""unemployment_reserve_sector_allocated_persons"":""persons""}",scripts/build_labor_migration_artifacts.py,scripts/build_labor_migration_artifacts.py,calculated_v5_sector_year_sum,bed04356e8a570a2911dde917ab538bd3dd43ad84aa6d09cf900456bb3680985,fd80726fa4e599199882e91c179372beacd080ad37d53953b8ec8fe19c80a4b1
OKVED_F,F,Строительство,2041,23406.333996435027,611920.4428864573,611920.4428864573,6236409.0193185145,5715134.760526646,77082.52463497507,foreign_labor_migration_v5_sector_year,Foreign labor migration/docs/data/region_sector_forecast.csv,2026-05-27T13:57:22+00:00,2041,"{""cumulative_recommended_quota_persons"":611920.4428864573,""domestic_sector_supply_total_with_unemployment_reserve_persons"":5715134.760526646,""foreign_labor_stock_need_persons"":611920.4428864573,""labor_demand_required_persons"":6236409.0193185145,""recommended_annual_quota_persons"":23406.333996435027,""unemployment_reserve_sector_allocated_persons"":77082.52463497507}","{""cumulative_recommended_quota_persons"":""persons"",""domestic_sector_supply_total_with_unemployment_reserve_persons"":""persons"",""foreign_labor_stock_need_persons"":""persons"",""labor_demand_required_persons"":""persons"",""recommended_annual_quota_persons"":""persons"",""unemployment_reserve_sector_allocated_persons"":""persons""}",scripts/build_labor_migration_artifacts.py,scripts/build_labor_migration_artifacts.py,calculated_v5_sector_year_sum,bed04356e8a570a2911dde917ab538bd3dd43ad84aa6d09cf900456bb3680985,7fcb764c1fa8dc2c49549eb54a8167d660a8d08c2fb5b9277ad10947f03ccbe9
OKVED_G,G,Торговля оптовая и розничная; ремонт автотранспортных средств и мотоциклов,2041,62383.997635163236,1462225.873362131,1462225.9187531562,13789412.105323933,12469009.547079744,77082.52463497507,foreign_labor_migration_v5_sector_year,Foreign labor migration/docs/data/region_sector_forecast.csv,2026-05-27T13:57:22+00:00,2041,"{""cumulative_recommended_quota_persons"":1462225.9187531562,""domestic_sector_supply_total_with_unemployment_reserve_persons"":12469009.547079744,""foreign_labor_stock_need_persons"":1462225.873362131,""labor_demand_required_persons"":13789412.105323933,""recommended_annual_quota_persons"":62383.997635163236,""unemployment_reserve_sector_allocated_persons"":77082.52463497507}","{""cumulative_recommended_quota_persons"":""persons"",""domestic_sector_supply_total_with_unemployment_reserve_persons"":""persons"",""foreign_labor_stock_need_persons"":""persons"",""labor_demand_required_persons"":""persons"",""recommended_annual_quota_persons"":""persons"",""unemployment_reserve_sector_allocated_persons"":""persons""}",scripts/build_labor_migration_artifacts.py,scripts/build_labor_migration_artifacts.py,calculated_v5_sector_year_sum,bed04356e8a570a2911dde917ab538bd3dd43ad84aa6d09cf900456bb3680985,a1987b9f175108518d32b3630cba5b1aaee7b7026ad9ebc5a6b9620f98264024
OKVED_H,H,Транспортировка и хранение,2041,32099.812239452815,674802.4817592707,674802.4817592707,6365224.599665091,5768693.478083473,77082.52463497507,foreign_labor_migration_v5_sector_year,Foreign labor migration/docs/data/region_sector_forecast.csv,2026-05-27T13:57:22+00:00,2041,"{""cumulative_recommended_quota_persons"":674802.4817592707,""domestic_sector_supply_total_with_unemployment_reserve_persons"":5768693.478083473,""foreign_labor_stock_need_persons"":674802.4817592707,""labor_demand_required_persons"":6365224.599665091,""recommended_annual_quota_persons"":32099.812239452815,""unemployment_reserve_sector_allocated_persons"":77082.52463497507}","{""cumulative_recommended_quota_persons"":""persons"",""domestic_sector_supply_total_with_unemployment_reserve_persons"":""persons"",""foreign_labor_stock_need_persons"":""persons"",""labor_demand_required_persons"":""persons"",""recommended_annual_quota_persons"":""persons"",""unemployment_reserve_sector_allocated_persons"":""persons""}",scripts/build_labor_migration_artifacts.py,scripts/build_labor_migration_artifacts.py,calculated_v5_sector_year_sum,bed04356e8a570a2911dde917ab538bd3dd43ad84aa6d09cf900456bb3680985,61637d47bb4403e33050cfce031592d6475087080b080c42cd155ce230380060
OKVED_I,I,Деятельность гостиниц и предприятий общественного питания,2041,8214.199815403888,167969.8470857796,167969.8470857796,2057855.8464542946,1931946.1442256963,77082.52463497507,foreign_labor_migration_v5_sector_year,Foreign labor migration/docs/data/region_sector_forecast.csv,2026-05-27T13:57:22+00:00,2041,"{""cumulative_recommended_quota_persons"":167969.8470857796,""domestic_sector_supply_total_with_unemployment_reserve_persons"":1931946.1442256963,""foreign_labor_stock_need_persons"":167969.8470857796,""labor_demand_required_persons"":2057855.8464542946,""recommended_annual_quota_persons"":8214.199815403888,""unemployment_reserve_sector_allocated_persons"":77082.52463497507}","{""cumulative_recommended_quota_persons"":""persons"",""domestic_sector_supply_total_with_unemployment_reserve_persons"":""persons"",""foreign_labor_stock_need_persons"":""persons"",""labor_demand_required_persons"":""persons"",""recommended_annual_quota_persons"":""persons"",""unemployment_reserve_sector_allocated_persons"":""persons""}",scripts/build_labor_migration_artifacts.py,scripts/build_labor_migration_artifacts.py,calculated_v5_sector_year_sum,bed04356e8a570a2911dde917ab538bd3dd43ad84aa6d09cf900456bb3680985,582fd1c30f9bbd8c3e2ae79ee8bb220a7f7a12b7fbbf2ed2f237b13041e0c588
OKVED_J,J,Деятельность в области информации и связи,2041,5314.426000642255,120175.76704429228,120175.76704429228,1715633.3944985806,1630954.4259155297,77082.52463497507,foreign_labor_migration_v5_sector_year,Foreign labor migration/docs/data/region_sector_forecast.csv,2026-05-27T13:57:22+00:00,2041,"{""cumulative_recommended_quota_persons"":120175.76704429228,""domestic_sector_supply_total_with_unemployment_reserve_persons"":1630954.4259155297,""foreign_labor_stock_need_persons"":120175.76704429228,""labor_demand_required_persons"":1715633.3944985806,""recommended_annual_quota_persons"":5314.426000642255,""unemployment_reserve_sector_allocated_persons"":77082.52463497507}","{""cumulative_recommended_quota_persons"":""persons"",""domestic_sector_supply_total_with_unemployment_reserve_persons"":""persons"",""foreign_labor_stock_need_persons"":""persons"",""labor_demand_required_persons"":""persons"",""recommended_annual_quota_persons"":""persons"",""unemployment_reserve_sector_allocated_persons"":""persons""}",scripts/build_labor_migration_artifacts.py,scripts/build_labor_migration_artifacts.py,calculated_v5_sector_year_sum,bed04356e8a570a2911dde917ab538bd3dd43ad84aa6d09cf900456bb3680985,ba5d4c020b00ac9afc8074a02e02ef4a2c3bfdb4042da00d2cf2b73c8368d650
OKVED_K,K,Деятельность финансовая и страховая,2041,4680.5112007447915,83089.1806063551,83089.1806063551,1272846.7274966529,1225426.5752821527,77082.52463497507,foreign_labor_migration_v5_sector_year,Foreign labor migration/docs/data/region_sector_forecast.csv,2026-05-27T13:57:22+00:00,2041,"{""cumulative_recommended_quota_persons"":83089.1806063551,""domestic_sector_supply_total_with_unemployment_reserve_persons"":1225426.5752821527,""foreign_labor_stock_need_persons"":83089.1806063551,""labor_demand_required_persons"":1272846.7274966529,""recommended_annual_quota_persons"":4680.5112007447915,""unemployment_reserve_sector_allocated_persons"":77082.52463497507}","{""cumulative_recommended_quota_persons"":""persons"",""domestic_sector_supply_total_with_unemployment_reserve_persons"":""persons"",""foreign_labor_stock_need_persons"":""persons"",""labor_demand_required_persons"":""persons"",""recommended_annual_quota_persons"":""persons"",""unemployment_reserve_sector_allocated_persons"":""persons""}",scripts/build_labor_migration_artifacts.py,scripts/build_labor_migration_artifacts.py,calculated_v5_sector_year_sum,bed04356e8a570a2911dde917ab538bd3dd43ad84aa6d09cf900456bb3680985,c412d44977ea9a0b23fcd22508b816849ef2e6f4f72922966dbf5ad5ea1370bf
OKVED_L,L,Деятельность по операциям с недвижимым имуществом,2041,8653.642245280691,168354.16649521166,168354.16649521166,2028219.311096058,1896517.3125996015,77082.52463497507,foreign_labor_migration_v5_sector_year,Foreign labor migration/docs/data/region_sector_forecast.csv,2026-05-27T13:57:22+00:00,2041,"{""cumulative_recommended_quota_persons"":168354.16649521166,""domestic_sector_supply_total_with_unemployment_reserve_persons"":1896517.3125996015,""foreign_labor_stock_need_persons"":168354.16649521166,""labor_demand_required_persons"":2028219.311096058,""recommended_annual_quota_persons"":8653.642245280691,""unemployment_reserve_sector_allocated_persons"":77082.52463497507}","{""cumulative_recommended_quota_persons"":""persons"",""domestic_sector_supply_total_with_unemployment_reserve_persons"":""persons"",""foreign_labor_stock_need_persons"":""persons"",""labor_demand_required_persons"":""persons"",""recommended_annual_quota_persons"":""persons"",""unemployment_reserve_sector_allocated_persons"":""persons""}",scripts/build_labor_migration_artifacts.py,scripts/build_labor_migration_artifacts.py,calculated_v5_sector_year_sum,bed04356e8a570a2911dde917ab538bd3dd43ad84aa6d09cf900456bb3680985,acb28c4994b7c130b95c8552dd2ab06461e273199918a2359d8d38d069679c8a
OKVED_M,M,"Деятельность профессиональная, научная и техническая",2041,7622.971681758636,205415.2253418128,205419.06755641426,2549808.667710578,2380168.229577334,77082.52463497507,foreign_labor_migration_v5_sector_year,Foreign labor migration/docs/data/region_sector_forecast.csv,2026-05-27T13:57:22+00:00,2041,"{""cumulative_recommended_quota_persons"":205419.06755641426,""domestic_sector_supply_total_with_unemployment_reserve_persons"":2380168.229577334,""foreign_labor_stock_need_persons"":205415.2253418128,""labor_demand_required_persons"":2549808.667710578,""recommended_annual_quota_persons"":7622.971681758636,""unemployment_reserve_sector_allocated_persons"":77082.52463497507}","{""cumulative_recommended_quota_persons"":""persons"",""domestic_sector_supply_total_with_unemployment_reserve_persons"":""persons"",""foreign_labor_stock_need_persons"":""persons"",""labor_demand_required_persons"":""persons"",""recommended_annual_quota_persons"":""persons"",""unemployment_reserve_sector_allocated_persons"":""persons""}",scripts/build_labor_migration_artifacts.py,scripts/build_labor_migration_artifacts.py,calculated_v5_sector_year_sum,bed04356e8a570a2911dde917ab538bd3dd43ad84aa6d09cf900456bb3680985,959056fa8eac761f27f75fed6407a79f474419a2c24b8f0aba355cea0246222e
OKVED_N,N,Деятельность административная и сопутствующие дополнительные услуги,2041,14840.231778978523,251679.75326561442,251679.75326561442,2769700.459188868,2559937.812816425,77082.52463497507,foreign_labor_migration_v5_sector_year,Foreign labor migration/docs/data/region_sector_forecast.csv,2026-05-27T13:57:22+00:00,2041,"{""cumulative_recommended_quota_persons"":251679.75326561442,""domestic_sector_supply_total_with_unemployment_reserve_persons"":2559937.812816425,""foreign_labor_stock_need_persons"":251679.75326561442,""labor_demand_required_persons"":2769700.459188868,""recommended_annual_quota_persons"":14840.231778978523,""unemployment_reserve_sector_allocated_persons"":77082.52463497507}","{""cumulative_recommended_quota_persons"":""persons"",""domestic_sector_supply_total_with_unemployment_reserve_persons"":""persons"",""foreign_labor_stock_need_persons"":""persons"",""labor_demand_required_persons"":""persons"",""recommended_annual_quota_persons"":""persons"",""unemployment_reserve_sector_allocated_persons"":""persons""}",scripts/build_labor_migration_artifacts.py,scripts/build_labor_migration_artifacts.py,calculated_v5_sector_year_sum,bed04356e8a570a2911dde917ab538bd3dd43ad84aa6d09cf900456bb3680985,2f01fbd12b30eda07692345bd65732b397ceaaff58faa9c16b8e326bde943714
OKVED_O,O,Государственное управление и обеспечение военной безопасности; социальное обеспечение,2041,19607.133726307402,390082.27105600695,390082.27105600695,3694815.983016443,3379211.403273446,77082.52463497507,foreign_labor_migration_v5_sector_year,Foreign labor migration/docs/data/region_sector_forecast.csv,2026-05-27T13:57:22+00:00,2041,"{""cumulative_recommended_quota_persons"":390082.27105600695,""domestic_sector_supply_total_with_unemployment_reserve_persons"":3379211.403273446,""foreign_labor_stock_need_persons"":390082.27105600695,""labor_demand_required_persons"":3694815.983016443,""recommended_annual_quota_persons"":19607.133726307402,""unemployment_reserve_sector_allocated_persons"":77082.52463497507}","{""cumulative_recommended_quota_persons"":""persons"",""domestic_sector_supply_total_with_unemployment_reserve_persons"":""persons"",""foreign_labor_stock_need_persons"":""persons"",""labor_demand_required_persons"":""persons"",""recommended_annual_quota_persons"":""persons"",""unemployment_reserve_sector_allocated_persons"":""persons""}",scripts/build_labor_migration_artifacts.py,scripts/build_labor_migration_artifacts.py,calculated_v5_sector_year_sum,bed04356e8a570a2911dde917ab538bd3dd43ad84aa6d09cf900456bb3680985,ce2bd4bea5b94d407255d532900fd0389434a4c996da423838d6ea2e34294883
OKVED_P,P,Образование,2041,32590.43781325379,632782.2638472017,632782.2638472017,6018098.545023284,5491698.7175345,77082.52463497507,foreign_labor_migration_v5_sector_year,Foreign labor migration/docs/data/region_sector_forecast.csv,2026-05-27T13:57:22+00:00,2041,"{""cumulative_recommended_quota_persons"":632782.2638472017,""domestic_sector_supply_total_with_unemployment_reserve_persons"":5491698.7175345,""foreign_labor_stock_need_persons"":632782.2638472017,""labor_demand_required_persons"":6018098.545023284,""recommended_annual_quota_persons"":32590.43781325379,""unemployment_reserve_sector_allocated_persons"":77082.52463497507}","{""cumulative_recommended_quota_persons"":""persons"",""domestic_sector_supply_total_with_unemployment_reserve_persons"":""persons"",""foreign_labor_stock_need_persons"":""persons"",""labor_demand_required_persons"":""persons"",""recommended_annual_quota_persons"":""persons"",""unemployment_reserve_sector_allocated_persons"":""persons""}",scripts/build_labor_migration_artifacts.py,scripts/build_labor_migration_artifacts.py,calculated_v5_sector_year_sum,bed04356e8a570a2911dde917ab538bd3dd43ad84aa6d09cf900456bb3680985,84e77234ffd5873877117bfe82325e380e843c94689baa8ed1e154bfb9cce6ce
OKVED_Q,Q,Деятельность в области здравоохранения и социальных услуг,2041,29113.153103862212,541556.2504669916,541556.2504669916,5090374.12515064,4624224.937720703,77082.52463497507,foreign_labor_migration_v5_sector_year,Foreign labor migration/docs/data/region_sector_forecast.csv,2026-05-27T13:57:22+00:00,2041,"{""cumulative_recommended_quota_persons"":541556.2504669916,""domestic_sector_supply_total_with_unemployment_reserve_persons"":4624224.937720703,""foreign_labor_stock_need_persons"":541556.2504669916,""labor_demand_required_persons"":5090374.12515064,""recommended_annual_quota_persons"":29113.153103862212,""unemployment_reserve_sector_allocated_persons"":77082.52463497507}","{""cumulative_recommended_quota_persons"":""persons"",""domestic_sector_supply_total_with_unemployment_reserve_persons"":""persons"",""foreign_labor_stock_need_persons"":""persons"",""labor_demand_required_persons"":""persons"",""recommended_annual_quota_persons"":""persons"",""unemployment_reserve_sector_allocated_persons"":""persons""}",scripts/build_labor_migration_artifacts.py,scripts/build_labor_migration_artifacts.py,calculated_v5_sector_year_sum,bed04356e8a570a2911dde917ab538bd3dd43ad84aa6d09cf900456bb3680985,f7bc4627874af07dff5d1fe48289922d8cad9c2858b2cca763b15e9aa4007783
OKVED_R,R,"Деятельность в области культуры, спорта, организации досуга и развлечений",2041,5245.602340450521,88865.9236684229,88865.9236684229,1254966.3657680776,1203776.6986623073,77082.52463497507,foreign_labor_migration_v5_sector_year,Foreign labor migration/docs/data/region_sector_forecast.csv,2026-05-27T13:57:22+00:00,2041,"{""cumulative_recommended_quota_persons"":88865.9236684229,""domestic_sector_supply_total_with_unemployment_reserve_persons"":1203776.6986623073,""foreign_labor_stock_need_persons"":88865.9236684229,""labor_demand_required_persons"":1254966.3657680776,""recommended_annual_quota_persons"":5245.602340450521,""unemployment_reserve_sector_allocated_persons"":77082.52463497507}","{""cumulative_recommended_quota_persons"":""persons"",""domestic_sector_supply_total_with_unemployment_reserve_persons"":""persons"",""foreign_labor_stock_need_persons"":""persons"",""labor_demand_required_persons"":""persons"",""recommended_annual_quota_persons"":""persons"",""unemployment_reserve_sector_allocated_persons"":""persons""}",scripts/build_labor_migration_artifacts.py,scripts/build_labor_migration_artifacts.py,calculated_v5_sector_year_sum,bed04356e8a570a2911dde917ab538bd3dd43ad84aa6d09cf900456bb3680985,2374d9b1f3948771e3d441db6d97737e2c63e4893a6345d84aa45d20df882d4b
OKVED_S,S,Предоставление прочих видов услуг,2041,8519.052971230305,151181.28288820176,151181.28288820176,1919260.5186495096,1807105.6957882983,77082.52463497507,foreign_labor_migration_v5_sector_year,Foreign labor migration/docs/data/region_sector_forecast.csv,2026-05-27T13:57:22+00:00,2041,"{""cumulative_recommended_quota_persons"":151181.28288820176,""domestic_sector_supply_total_with_unemployment_reserve_persons"":1807105.6957882983,""foreign_labor_stock_need_persons"":151181.28288820176,""labor_demand_required_persons"":1919260.5186495096,""recommended_annual_quota_persons"":8519.052971230305,""unemployment_reserve_sector_allocated_persons"":77082.52463497507}","{""cumulative_recommended_quota_persons"":""persons"",""domestic_sector_supply_total_with_unemployment_reserve_persons"":""persons"",""foreign_labor_stock_need_persons"":""persons"",""labor_demand_required_persons"":""persons"",""recommended_annual_quota_persons"":""persons"",""unemployment_reserve_sector_allocated_persons"":""persons""}",scripts/build_labor_migration_artifacts.py,scripts/build_labor_migration_artifacts.py,calculated_v5_sector_year_sum,bed04356e8a570a2911dde917ab538bd3dd43ad84aa6d09cf900456bb3680985,eb4468d89491cf17bb21f96ac1a6fe398481f671027484dae2175c988738b9f6
OKVED_T,T,Деятельность домашних хозяйств как работодателей; недифференцированная деятельность частных домашних хозяйств по производству товаров и оказанию услуг для собственного потребления,2041,109.96324443402409,743.7012282930959,743.7012282930959,67964.4610421639,125290.7997785745,63554.189666326,foreign_labor_migration_v5_sector_year,Foreign labor migration/docs/data/region_sector_forecast.csv,2026-05-27T13:57:22+00:00,2041,"{""cumulative_recommended_quota_persons"":743.7012282930959,""domestic_sector_supply_total_with_unemployment_reserve_persons"":125290.7997785745,""foreign_labor_stock_need_persons"":743.7012282930959,""labor_demand_required_persons"":67964.4610421639,""recommended_annual_quota_persons"":109.96324443402409,""unemployment_reserve_sector_allocated_persons"":63554.189666326}","{""cumulative_recommended_quota_persons"":""persons"",""domestic_sector_supply_total_with_unemployment_reserve_persons"":""persons"",""foreign_labor_stock_need_persons"":""persons"",""labor_demand_required_persons"":""persons"",""recommended_annual_quota_persons"":""persons"",""unemployment_reserve_sector_allocated_persons"":""persons""}",scripts/build_labor_migration_artifacts.py,scripts/build_labor_migration_artifacts.py,calculated_v5_sector_year_sum,bed04356e8a570a2911dde917ab538bd3dd43ad84aa6d09cf900456bb3680985,3f92a0c59e19b978d7b7a82c5e390bff9a6b3993d4ee3549bcf61ee9f192ad50
OKVED_A,A,"Сельское, лесное хозяйство, охота, рыболовство и рыбоводство",2042,19791.86478251024,466440.3935029615,466441.5797489631,4180287.5251449468,3814375.8351681326,76555.75586566339,foreign_labor_migration_v5_sector_year,Foreign labor migration/docs/data/region_sector_forecast.csv,2026-05-27T13:57:22+00:00,2042,"{""cumulative_recommended_quota_persons"":466441.5797489631,""domestic_sector_supply_total_with_unemployment_reserve_persons"":3814375.8351681326,""foreign_labor_stock_need_persons"":466440.3935029615,""labor_demand_required_persons"":4180287.5251449468,""recommended_annual_quota_persons"":19791.86478251024,""unemployment_reserve_sector_allocated_persons"":76555.75586566339}","{""cumulative_recommended_quota_persons"":""persons"",""domestic_sector_supply_total_with_unemployment_reserve_persons"":""persons"",""foreign_labor_stock_need_persons"":""persons"",""labor_demand_required_persons"":""persons"",""recommended_annual_quota_persons"":""persons"",""unemployment_reserve_sector_allocated_persons"":""persons""}",scripts/build_labor_migration_artifacts.py,scripts/build_labor_migration_artifacts.py,calculated_v5_sector_year_sum,bed04356e8a570a2911dde917ab538bd3dd43ad84aa6d09cf900456bb3680985,3c0947e0caf894fafc94923086cd399508136adcc1b545cf2613c3569ab30b90
OKVED_B,B,Добыча полезных ископаемых,2042,15220.742164245408,269829.67501309107,269829.67501309107,1828013.1673039943,1606295.6115381012,76555.75586566339,foreign_labor_migration_v5_sector_year,Foreign labor migration/docs/data/region_sector_forecast.csv,2026-05-27T13:57:22+00:00,2042,"{""cumulative_recommended_quota_persons"":269829.67501309107,""domestic_sector_supply_total_with_unemployment_reserve_persons"":1606295.6115381012,""foreign_labor_stock_need_persons"":269829.67501309107,""labor_demand_required_persons"":1828013.1673039943,""recommended_annual_quota_persons"":15220.742164245408,""unemployment_reserve_sector_allocated_persons"":76555.75586566339}","{""cumulative_recommended_quota_persons"":""persons"",""domestic_sector_supply_total_with_unemployment_reserve_persons"":""persons"",""foreign_labor_stock_need_persons"":""persons"",""labor_demand_required_persons"":""persons"",""recommended_annual_quota_persons"":""persons"",""unemployment_reserve_sector_allocated_persons"":""persons""}",scripts/build_labor_migration_artifacts.py,scripts/build_labor_migration_artifacts.py,calculated_v5_sector_year_sum,bed04356e8a570a2911dde917ab538bd3dd43ad84aa6d09cf900456bb3680985,46ea5210b1e3a6fb805365732a10fe2af5545a37835a0ddc39db28fc676ca19d
OKVED_C,C,Обрабатывающие производства,2042,38815.40435744573,1007235.5350563132,1007246.5174432985,8919905.082090583,8006100.1753737535,76555.75586566339,foreign_labor_migration_v5_sector_year,Foreign labor migration/docs/data/region_sector_forecast.csv,2026-05-27T13:57:22+00:00,2042,"{""cumulative_recommended_quota_persons"":1007246.5174432985,""domestic_sector_supply_total_with_unemployment_reserve_persons"":8006100.1753737535,""foreign_labor_stock_need_persons"":1007235.5350563132,""labor_demand_required_persons"":8919905.082090583,""recommended_annual_quota_persons"":38815.40435744573,""unemployment_reserve_sector_allocated_persons"":76555.75586566339}","{""cumulative_recommended_quota_persons"":""persons"",""domestic_sector_supply_total_with_unemployment_reserve_persons"":""persons"",""foreign_labor_stock_need_persons"":""persons"",""labor_demand_required_persons"":""persons"",""recommended_annual_quota_persons"":""persons"",""unemployment_reserve_sector_allocated_persons"":""persons""}",scripts/build_labor_migration_artifacts.py,scripts/build_labor_migration_artifacts.py,calculated_v5_sector_year_sum,bed04356e8a570a2911dde917ab538bd3dd43ad84aa6d09cf900456bb3680985,ba7fd098bf1d9972c9374262c5a40704363fef8707b438c5904af84030e28197
OKVED_D,D,"Обеспечение электрической энергией, газом и паром; кондиционирование воздуха",2042,13319.799578169352,194389.05904653034,194389.05904653034,1882067.4614232245,1727278.9280463706,76555.75586566339,foreign_labor_migration_v5_sector_year,Foreign labor migration/docs/data/region_sector_forecast.csv,2026-05-27T13:57:22+00:00,2042,"{""cumulative_recommended_quota_persons"":194389.05904653034,""domestic_sector_supply_total_with_unemployment_reserve_persons"":1727278.9280463706,""foreign_labor_stock_need_persons"":194389.05904653034,""labor_demand_required_persons"":1882067.4614232245,""recommended_annual_quota_persons"":13319.799578169352,""unemployment_reserve_sector_allocated_persons"":76555.75586566339}","{""cumulative_recommended_quota_persons"":""persons"",""domestic_sector_supply_total_with_unemployment_reserve_persons"":""persons"",""foreign_labor_stock_need_persons"":""persons"",""labor_demand_required_persons"":""persons"",""recommended_annual_quota_persons"":""persons"",""unemployment_reserve_sector_allocated_persons"":""persons""}",scripts/build_labor_migration_artifacts.py,scripts/build_labor_migration_artifacts.py,calculated_v5_sector_year_sum,bed04356e8a570a2911dde917ab538bd3dd43ad84aa6d09cf900456bb3680985,37f20ff0a5b4faf23a13236a1d00114434eb0e70c6ed74f0bd7ddd23795855e9
OKVED_E,E,"Водоснабжение; водоотведение, организация сбора и утилизации отходов, деятельность по ликвидации загрязнений",2042,2617.820088563604,34378.16300575744,34379.97598459635,635172.5029035633,637236.4119124633,76555.75586566339,foreign_labor_migration_v5_sector_year,Foreign labor migration/docs/data/region_sector_forecast.csv,2026-05-27T13:57:22+00:00,2042,"{""cumulative_recommended_quota_persons"":34379.97598459635,""domestic_sector_supply_total_with_unemployment_reserve_persons"":637236.4119124633,""foreign_labor_stock_need_persons"":34378.16300575744,""labor_demand_required_persons"":635172.5029035633,""recommended_annual_quota_persons"":2617.820088563604,""unemployment_reserve_sector_allocated_persons"":76555.75586566339}","{""cumulative_recommended_quota_persons"":""persons"",""domestic_sector_supply_total_with_unemployment_reserve_persons"":""persons"",""foreign_labor_stock_need_persons"":""persons"",""labor_demand_required_persons"":""persons"",""recommended_annual_quota_persons"":""persons"",""unemployment_reserve_sector_allocated_persons"":""persons""}",scripts/build_labor_migration_artifacts.py,scripts/build_labor_migration_artifacts.py,calculated_v5_sector_year_sum,bed04356e8a570a2911dde917ab538bd3dd43ad84aa6d09cf900456bb3680985,e28320cebdf076b91f2c0e1e8e440511c1ea4b000504b05b372a62c221136d8e
OKVED_F,F,Строительство,2042,27997.636115947116,639918.0790024045,639918.0790024045,6180063.398418732,5630926.714008231,76555.75586566339,foreign_labor_migration_v5_sector_year,Foreign labor migration/docs/data/region_sector_forecast.csv,2026-05-27T13:57:22+00:00,2042,"{""cumulative_recommended_quota_persons"":639918.0790024045,""domestic_sector_supply_total_with_unemployment_reserve_persons"":5630926.714008231,""foreign_labor_stock_need_persons"":639918.0790024045,""labor_demand_required_persons"":6180063.398418732,""recommended_annual_quota_persons"":27997.636115947116,""unemployment_reserve_sector_allocated_persons"":76555.75586566339}","{""cumulative_recommended_quota_persons"":""persons"",""domestic_sector_supply_total_with_unemployment_reserve_persons"":""persons"",""foreign_labor_stock_need_persons"":""persons"",""labor_demand_required_persons"":""persons"",""recommended_annual_quota_persons"":""persons"",""unemployment_reserve_sector_allocated_persons"":""persons""}",scripts/build_labor_migration_artifacts.py,scripts/build_labor_migration_artifacts.py,calculated_v5_sector_year_sum,bed04356e8a570a2911dde917ab538bd3dd43ad84aa6d09cf900456bb3680985,d5d1ce70aca7515d0534146683d5b3ff77b1382073ee0dca75b1e4618ea69652
OKVED_G,G,Торговля оптовая и розничная; ремонт автотранспортных средств и мотоциклов,2042,73440.15163595413,1535666.024998085,1535666.0703891104,13757485.763942508,12364534.798886884,76555.75586566339,foreign_labor_migration_v5_sector_year,Foreign labor migration/docs/data/region_sector_forecast.csv,2026-05-27T13:57:22+00:00,2042,"{""cumulative_recommended_quota_persons"":1535666.0703891104,""domestic_sector_supply_total_with_unemployment_reserve_persons"":12364534.798886884,""foreign_labor_stock_need_persons"":1535666.024998085,""labor_demand_required_persons"":13757485.763942508,""recommended_annual_quota_persons"":73440.15163595413,""unemployment_reserve_sector_allocated_persons"":76555.75586566339}","{""cumulative_recommended_quota_persons"":""persons"",""domestic_sector_supply_total_with_unemployment_reserve_persons"":""persons"",""foreign_labor_stock_need_persons"":""persons"",""labor_demand_required_persons"":""persons"",""recommended_annual_quota_persons"":""persons"",""unemployment_reserve_sector_allocated_persons"":""persons""}",scripts/build_labor_migration_artifacts.py,scripts/build_labor_migration_artifacts.py,calculated_v5_sector_year_sum,bed04356e8a570a2911dde917ab538bd3dd43ad84aa6d09cf900456bb3680985,9c968410353f19f4e53a192f591b850212e577a2397b58f9ad1b1f05e58769f7
OKVED_H,H,Транспортировка и хранение,2042,37295.802554928065,712098.2843141987,712098.2843141987,6368732.090558842,5735431.384126086,76555.75586566339,foreign_labor_migration_v5_sector_year,Foreign labor migration/docs/data/region_sector_forecast.csv,2026-05-27T13:57:22+00:00,2042,"{""cumulative_recommended_quota_persons"":712098.2843141987,""domestic_sector_supply_total_with_unemployment_reserve_persons"":5735431.384126086,""foreign_labor_stock_need_persons"":712098.2843141987,""labor_demand_required_persons"":6368732.090558842,""recommended_annual_quota_persons"":37295.802554928065,""unemployment_reserve_sector_allocated_persons"":76555.75586566339}","{""cumulative_recommended_quota_persons"":""persons"",""domestic_sector_supply_total_with_unemployment_reserve_persons"":""persons"",""foreign_labor_stock_need_persons"":""persons"",""labor_demand_required_persons"":""persons"",""recommended_annual_quota_persons"":""persons"",""unemployment_reserve_sector_allocated_persons"":""persons""}",scripts/build_labor_migration_artifacts.py,scripts/build_labor_migration_artifacts.py,calculated_v5_sector_year_sum,bed04356e8a570a2911dde917ab538bd3dd43ad84aa6d09cf900456bb3680985,2279cec3bb34f4bd87b3fcc3c8a0be65baeb536a85fe509cc11dea9c513c3a88
OKVED_I,I,Деятельность гостиниц и предприятий общественного питания,2042,9879.958990315778,177849.80607609535,177849.80607609535,2048813.16074458,1912214.947832364,76555.75586566339,foreign_labor_migration_v5_sector_year,Foreign labor migration/docs/data/region_sector_forecast.csv,2026-05-27T13:57:22+00:00,2042,"{""cumulative_recommended_quota_persons"":177849.80607609535,""domestic_sector_supply_total_with_unemployment_reserve_persons"":1912214.947832364,""foreign_labor_stock_need_persons"":177849.80607609535,""labor_demand_required_persons"":2048813.16074458,""recommended_annual_quota_persons"":9879.958990315778,""unemployment_reserve_sector_allocated_persons"":76555.75586566339}","{""cumulative_recommended_quota_persons"":""persons"",""domestic_sector_supply_total_with_unemployment_reserve_persons"":""persons"",""foreign_labor_stock_need_persons"":""persons"",""labor_demand_required_persons"":""persons"",""recommended_annual_quota_persons"":""persons"",""unemployment_reserve_sector_allocated_persons"":""persons""}",scripts/build_labor_migration_artifacts.py,scripts/build_labor_migration_artifacts.py,calculated_v5_sector_year_sum,bed04356e8a570a2911dde917ab538bd3dd43ad84aa6d09cf900456bb3680985,dd1d164bec87cbc0d2d46dd6261028a89bc905323269c8b83ba38530528172f7
OKVED_J,J,Деятельность в области информации и связи,2042,7199.793973458571,127375.56101775085,127375.56101775085,1699248.529823938,1606387.1733412924,76555.75586566339,foreign_labor_migration_v5_sector_year,Foreign labor migration/docs/data/region_sector_forecast.csv,2026-05-27T13:57:22+00:00,2042,"{""cumulative_recommended_quota_persons"":127375.56101775085,""domestic_sector_supply_total_with_unemployment_reserve_persons"":1606387.1733412924,""foreign_labor_stock_need_persons"":127375.56101775085,""labor_demand_required_persons"":1699248.529823938,""recommended_annual_quota_persons"":7199.793973458571,""unemployment_reserve_sector_allocated_persons"":76555.75586566339}","{""cumulative_recommended_quota_persons"":""persons"",""domestic_sector_supply_total_with_unemployment_reserve_persons"":""persons"",""foreign_labor_stock_need_persons"":""persons"",""labor_demand_required_persons"":""persons"",""recommended_annual_quota_persons"":""persons"",""unemployment_reserve_sector_allocated_persons"":""persons""}",scripts/build_labor_migration_artifacts.py,scripts/build_labor_migration_artifacts.py,calculated_v5_sector_year_sum,bed04356e8a570a2911dde917ab538bd3dd43ad84aa6d09cf900456bb3680985,8ab166ec5803629f48671033502e52f328dc7b15abb70d6cc78731abb9060e37
OKVED_K,K,Деятельность финансовая и страховая,2042,6114.453518799133,89203.63412515423,89203.63412515423,1267870.2053065195,1213600.677201861,76555.75586566339,foreign_labor_migration_v5_sector_year,Foreign labor migration/docs/data/region_sector_forecast.csv,2026-05-27T13:57:22+00:00,2042,"{""cumulative_recommended_quota_persons"":89203.63412515423,""domestic_sector_supply_total_with_unemployment_reserve_persons"":1213600.677201861,""foreign_labor_stock_need_persons"":89203.63412515423,""labor_demand_required_persons"":1267870.2053065195,""recommended_annual_quota_persons"":6114.453518799133,""unemployment_reserve_sector_allocated_persons"":76555.75586566339}","{""cumulative_recommended_quota_persons"":""persons"",""domestic_sector_supply_total_with_unemployment_reserve_persons"":""persons"",""foreign_labor_stock_need_persons"":""persons"",""labor_demand_required_persons"":""persons"",""recommended_annual_quota_persons"":""persons"",""unemployment_reserve_sector_allocated_persons"":""persons""}",scripts/build_labor_migration_artifacts.py,scripts/build_labor_migration_artifacts.py,calculated_v5_sector_year_sum,bed04356e8a570a2911dde917ab538bd3dd43ad84aa6d09cf900456bb3680985,a0938855b31273fb8096a5e6adcbb1bc9ad06d45307f1e9d0c72b4979c61df20
OKVED_L,L,Деятельность по операциям с недвижимым имуществом,2042,10712.796220766972,179066.96271597862,179066.96271597862,2023503.4979523884,1880302.9079895131,76555.75586566339,foreign_labor_migration_v5_sector_year,Foreign labor migration/docs/data/region_sector_forecast.csv,2026-05-27T13:57:22+00:00,2042,"{""cumulative_recommended_quota_persons"":179066.96271597862,""domestic_sector_supply_total_with_unemployment_reserve_persons"":1880302.9079895131,""foreign_labor_stock_need_persons"":179066.96271597862,""labor_demand_required_persons"":2023503.4979523884,""recommended_annual_quota_persons"":10712.796220766972,""unemployment_reserve_sector_allocated_persons"":76555.75586566339}","{""cumulative_recommended_quota_persons"":""persons"",""domestic_sector_supply_total_with_unemployment_reserve_persons"":""persons"",""foreign_labor_stock_need_persons"":""persons"",""labor_demand_required_persons"":""persons"",""recommended_annual_quota_persons"":""persons"",""unemployment_reserve_sector_allocated_persons"":""persons""}",scripts/build_labor_migration_artifacts.py,scripts/build_labor_migration_artifacts.py,calculated_v5_sector_year_sum,bed04356e8a570a2911dde917ab538bd3dd43ad84aa6d09cf900456bb3680985,d7a695fe4c2efecfd83dfcebdeeb34c82bf6b92f5354f7569a88c51dce2847f4
OKVED_M,M,"Деятельность профессиональная, научная и техническая",2042,10645.847367365826,216061.0727091786,216064.91492378007,2517227.933737404,2336392.503254021,76555.75586566339,foreign_labor_migration_v5_sector_year,Foreign labor migration/docs/data/region_sector_forecast.csv,2026-05-27T13:57:22+00:00,2042,"{""cumulative_recommended_quota_persons"":216064.91492378007,""domestic_sector_supply_total_with_unemployment_reserve_persons"":2336392.503254021,""foreign_labor_stock_need_persons"":216061.0727091786,""labor_demand_required_persons"":2517227.933737404,""recommended_annual_quota_persons"":10645.847367365826,""unemployment_reserve_sector_allocated_persons"":76555.75586566339}","{""cumulative_recommended_quota_persons"":""persons"",""domestic_sector_supply_total_with_unemployment_reserve_persons"":""persons"",""foreign_labor_stock_need_persons"":""persons"",""labor_demand_required_persons"":""persons"",""recommended_annual_quota_persons"":""persons"",""unemployment_reserve_sector_allocated_persons"":""persons""}",scripts/build_labor_migration_artifacts.py,scripts/build_labor_migration_artifacts.py,calculated_v5_sector_year_sum,bed04356e8a570a2911dde917ab538bd3dd43ad84aa6d09cf900456bb3680985,a02f0ca6c76a4074a238fb7717aa1564304ad8a0311641f44e1a5115ef57f313
OKVED_N,N,Деятельность административная и сопутствующие дополнительные услуги,2042,18047.66229235145,269727.41555796587,269727.41555796587,2789552.8449757225,2561496.082875293,76555.75586566339,foreign_labor_migration_v5_sector_year,Foreign labor migration/docs/data/region_sector_forecast.csv,2026-05-27T13:57:22+00:00,2042,"{""cumulative_recommended_quota_persons"":269727.41555796587,""domestic_sector_supply_total_with_unemployment_reserve_persons"":2561496.082875293,""foreign_labor_stock_need_persons"":269727.41555796587,""labor_demand_required_persons"":2789552.8449757225,""recommended_annual_quota_persons"":18047.66229235145,""unemployment_reserve_sector_allocated_persons"":76555.75586566339}","{""cumulative_recommended_quota_persons"":""persons"",""domestic_sector_supply_total_with_unemployment_reserve_persons"":""persons"",""foreign_labor_stock_need_persons"":""persons"",""labor_demand_required_persons"":""persons"",""recommended_annual_quota_persons"":""persons"",""unemployment_reserve_sector_allocated_persons"":""persons""}",scripts/build_labor_migration_artifacts.py,scripts/build_labor_migration_artifacts.py,calculated_v5_sector_year_sum,bed04356e8a570a2911dde917ab538bd3dd43ad84aa6d09cf900456bb3680985,bb0f29f26354593e8ac9292d73c630d3267ffe758509ae131d6887822808da27
OKVED_O,O,Государственное управление и обеспечение военной безопасности; социальное обеспечение,2042,21821.4181349738,411903.68919098075,411903.68919098075,3699598.6666522636,3362268.466713665,76555.75586566339,foreign_labor_migration_v5_sector_year,Foreign labor migration/docs/data/region_sector_forecast.csv,2026-05-27T13:57:22+00:00,2042,"{""cumulative_recommended_quota_persons"":411903.68919098075,""domestic_sector_supply_total_with_unemployment_reserve_persons"":3362268.466713665,""foreign_labor_stock_need_persons"":411903.68919098075,""labor_demand_required_persons"":3699598.6666522636,""recommended_annual_quota_persons"":21821.4181349738,""unemployment_reserve_sector_allocated_persons"":76555.75586566339}","{""cumulative_recommended_quota_persons"":""persons"",""domestic_sector_supply_total_with_unemployment_reserve_persons"":""persons"",""foreign_labor_stock_need_persons"":""persons"",""labor_demand_required_persons"":""persons"",""recommended_annual_quota_persons"":""persons"",""unemployment_reserve_sector_allocated_persons"":""persons""}",scripts/build_labor_migration_artifacts.py,scripts/build_labor_migration_artifacts.py,calculated_v5_sector_year_sum,bed04356e8a570a2911dde917ab538bd3dd43ad84aa6d09cf900456bb3680985,d0b3491d519a638bbaddf8e4c5a566a779a53b0bdbe5a86af26ae14ce9fa7c98
OKVED_P,P,Образование,2042,36648.0560021999,669430.3198494016,669430.3198494016,6038270.545312475,5476952.890864618,76555.75586566339,foreign_labor_migration_v5_sector_year,Foreign labor migration/docs/data/region_sector_forecast.csv,2026-05-27T13:57:22+00:00,2042,"{""cumulative_recommended_quota_persons"":669430.3198494016,""domestic_sector_supply_total_with_unemployment_reserve_persons"":5476952.890864618,""foreign_labor_stock_need_persons"":669430.3198494016,""labor_demand_required_persons"":6038270.545312475,""recommended_annual_quota_persons"":36648.0560021999,""unemployment_reserve_sector_allocated_persons"":76555.75586566339}","{""cumulative_recommended_quota_persons"":""persons"",""domestic_sector_supply_total_with_unemployment_reserve_persons"":""persons"",""foreign_labor_stock_need_persons"":""persons"",""labor_demand_required_persons"":""persons"",""recommended_annual_quota_persons"":""persons"",""unemployment_reserve_sector_allocated_persons"":""persons""}",scripts/build_labor_migration_artifacts.py,scripts/build_labor_migration_artifacts.py,calculated_v5_sector_year_sum,bed04356e8a570a2911dde917ab538bd3dd43ad84aa6d09cf900456bb3680985,3eb79fa1f3002b961bf964eddbd9177ea3c7d4786a8d2331f6c8c1376d4022a5
OKVED_Q,Q,Деятельность в области здравоохранения и социальных услуг,2042,32986.88385948021,574543.1343264717,574543.1343264717,5117970.510727065,4619776.229886668,76555.75586566339,foreign_labor_migration_v5_sector_year,Foreign labor migration/docs/data/region_sector_forecast.csv,2026-05-27T13:57:22+00:00,2042,"{""cumulative_recommended_quota_persons"":574543.1343264717,""domestic_sector_supply_total_with_unemployment_reserve_persons"":4619776.229886668,""foreign_labor_stock_need_persons"":574543.1343264717,""labor_demand_required_persons"":5117970.510727065,""recommended_annual_quota_persons"":32986.88385948021,""unemployment_reserve_sector_allocated_persons"":76555.75586566339}","{""cumulative_recommended_quota_persons"":""persons"",""domestic_sector_supply_total_with_unemployment_reserve_persons"":""persons"",""foreign_labor_stock_need_persons"":""persons"",""labor_demand_required_persons"":""persons"",""recommended_annual_quota_persons"":""persons"",""unemployment_reserve_sector_allocated_persons"":""persons""}",scripts/build_labor_migration_artifacts.py,scripts/build_labor_migration_artifacts.py,calculated_v5_sector_year_sum,bed04356e8a570a2911dde917ab538bd3dd43ad84aa6d09cf900456bb3680985,045c81fdab5e14c84c8925bc86f11446bd5925e9b95a2b61e06c3c9e20b78f47
OKVED_R,R,"Деятельность в области культуры, спорта, организации досуга и развлечений",2042,6260.74211229406,95126.66578071695,95126.66578071695,1252898.4064314358,1194551.5844663475,76555.75586566339,foreign_labor_migration_v5_sector_year,Foreign labor migration/docs/data/region_sector_forecast.csv,2026-05-27T13:57:22+00:00,2042,"{""cumulative_recommended_quota_persons"":95126.66578071695,""domestic_sector_supply_total_with_unemployment_reserve_persons"":1194551.5844663475,""foreign_labor_stock_need_persons"":95126.66578071695,""labor_demand_required_persons"":1252898.4064314358,""recommended_annual_quota_persons"":6260.74211229406,""unemployment_reserve_sector_allocated_persons"":76555.75586566339}","{""cumulative_recommended_quota_persons"":""persons"",""domestic_sector_supply_total_with_unemployment_reserve_persons"":""persons"",""foreign_labor_stock_need_persons"":""persons"",""labor_demand_required_persons"":""persons"",""recommended_annual_quota_persons"":""persons"",""unemployment_reserve_sector_allocated_persons"":""persons""}",scripts/build_labor_migration_artifacts.py,scripts/build_labor_migration_artifacts.py,calculated_v5_sector_year_sum,bed04356e8a570a2911dde917ab538bd3dd43ad84aa6d09cf900456bb3680985,14d685569b5bbe72337e51b40fd1cc36d51041a200a6f321a568df4e8aa0692c
OKVED_S,S,Предоставление прочих видов услуг,2042,10158.665544729738,161339.9484329315,161339.9484329315,1920801.7207913552,1797628.8001683548,76555.75586566339,foreign_labor_migration_v5_sector_year,Foreign labor migration/docs/data/region_sector_forecast.csv,2026-05-27T13:57:22+00:00,2042,"{""cumulative_recommended_quota_persons"":161339.9484329315,""domestic_sector_supply_total_with_unemployment_reserve_persons"":1797628.8001683548,""foreign_labor_stock_need_persons"":161339.9484329315,""labor_demand_required_persons"":1920801.7207913552,""recommended_annual_quota_persons"":10158.665544729738,""unemployment_reserve_sector_allocated_persons"":76555.75586566339}","{""cumulative_recommended_quota_persons"":""persons"",""domestic_sector_supply_total_with_unemployment_reserve_persons"":""persons"",""foreign_labor_stock_need_persons"":""persons"",""labor_demand_required_persons"":""persons"",""recommended_annual_quota_persons"":""persons"",""unemployment_reserve_sector_allocated_persons"":""persons""}",scripts/build_labor_migration_artifacts.py,scripts/build_labor_migration_artifacts.py,calculated_v5_sector_year_sum,bed04356e8a570a2911dde917ab538bd3dd43ad84aa6d09cf900456bb3680985,cb864fe17d744bcd8b813747334794d94953f312b70cd71a6ff5e3684fff7599
OKVED_T,T,Деятельность домашних хозяйств как работодателей; недифференцированная деятельность частных домашних хозяйств по производству товаров и оказанию услуг для собственного потребления,2042,118.77094825936594,862.4721765524619,862.4721765524619,67926.57552160238,124524.48322320072,63151.94414734611,foreign_labor_migration_v5_sector_year,Foreign labor migration/docs/data/region_sector_forecast.csv,2026-05-27T13:57:22+00:00,2042,"{""cumulative_recommended_quota_persons"":862.4721765524619,""domestic_sector_supply_total_with_unemployment_reserve_persons"":124524.48322320072,""foreign_labor_stock_need_persons"":862.4721765524619,""labor_demand_required_persons"":67926.57552160238,""recommended_annual_quota_persons"":118.77094825936594,""unemployment_reserve_sector_allocated_persons"":63151.94414734611}","{""cumulative_recommended_quota_persons"":""persons"",""domestic_sector_supply_total_with_unemployment_reserve_persons"":""persons"",""foreign_labor_stock_need_persons"":""persons"",""labor_demand_required_persons"":""persons"",""recommended_annual_quota_persons"":""persons"",""unemployment_reserve_sector_allocated_persons"":""persons""}",scripts/build_labor_migration_artifacts.py,scripts/build_labor_migration_artifacts.py,calculated_v5_sector_year_sum,bed04356e8a570a2911dde917ab538bd3dd43ad84aa6d09cf900456bb3680985,280d10f699671da5834b364f49ee8fe298b649d320cd36074a0c959b18b3b255
OKVED_A,A,"Сельское, лесное хозяйство, охота, рыболовство и рыбоводство",2043,18105.792698491558,484546.18620145303,484547.37244745466,4154249.633180096,3770953.931112081,76024.36022568659,foreign_labor_migration_v5_sector_year,Foreign labor migration/docs/data/region_sector_forecast.csv,2026-05-27T13:57:22+00:00,2043,"{""cumulative_recommended_quota_persons"":484547.37244745466,""domestic_sector_supply_total_with_unemployment_reserve_persons"":3770953.931112081,""foreign_labor_stock_need_persons"":484546.18620145303,""labor_demand_required_persons"":4154249.633180096,""recommended_annual_quota_persons"":18105.792698491558,""unemployment_reserve_sector_allocated_persons"":76024.36022568659}","{""cumulative_recommended_quota_persons"":""persons"",""domestic_sector_supply_total_with_unemployment_reserve_persons"":""persons"",""foreign_labor_stock_need_persons"":""persons"",""labor_demand_required_persons"":""persons"",""recommended_annual_quota_persons"":""persons"",""unemployment_reserve_sector_allocated_persons"":""persons""}",scripts/build_labor_migration_artifacts.py,scripts/build_labor_migration_artifacts.py,calculated_v5_sector_year_sum,bed04356e8a570a2911dde917ab538bd3dd43ad84aa6d09cf900456bb3680985,62d2c4f7c1bd736dc424cd5dd2c79ab14eca57c7aa0a1004f21314987c812b1b
OKVED_B,B,Добыча полезных ископаемых,2043,15492.67564016987,285322.35065326095,285322.35065326095,1852535.769984198,1614394.6868923896,76024.36022568659,foreign_labor_migration_v5_sector_year,Foreign labor migration/docs/data/region_sector_forecast.csv,2026-05-27T13:57:22+00:00,2043,"{""cumulative_recommended_quota_persons"":285322.35065326095,""domestic_sector_supply_total_with_unemployment_reserve_persons"":1614394.6868923896,""foreign_labor_stock_need_persons"":285322.35065326095,""labor_demand_required_persons"":1852535.769984198,""recommended_annual_quota_persons"":15492.67564016987,""unemployment_reserve_sector_allocated_persons"":76024.36022568659}","{""cumulative_recommended_quota_persons"":""persons"",""domestic_sector_supply_total_with_unemployment_reserve_persons"":""persons"",""foreign_labor_stock_need_persons"":""persons"",""labor_demand_required_persons"":""persons"",""recommended_annual_quota_persons"":""persons"",""unemployment_reserve_sector_allocated_persons"":""persons""}",scripts/build_labor_migration_artifacts.py,scripts/build_labor_migration_artifacts.py,calculated_v5_sector_year_sum,bed04356e8a570a2911dde917ab538bd3dd43ad84aa6d09cf900456bb3680985,b9076c40f00611c0e95530c21f07abadb25332327aea74809d3c8db73070830f
OKVED_C,C,Обрабатывающие производства,2043,34928.27563174931,1042163.8106880625,1042174.7930750478,8801655.548797004,7852446.741220064,76024.36022568659,foreign_labor_migration_v5_sector_year,Foreign labor migration/docs/data/region_sector_forecast.csv,2026-05-27T13:57:22+00:00,2043,"{""cumulative_recommended_quota_persons"":1042174.7930750478,""domestic_sector_supply_total_with_unemployment_reserve_persons"":7852446.741220064,""foreign_labor_stock_need_persons"":1042163.8106880625,""labor_demand_required_persons"":8801655.548797004,""recommended_annual_quota_persons"":34928.27563174931,""unemployment_reserve_sector_allocated_persons"":76024.36022568659}","{""cumulative_recommended_quota_persons"":""persons"",""domestic_sector_supply_total_with_unemployment_reserve_persons"":""persons"",""foreign_labor_stock_need_persons"":""persons"",""labor_demand_required_persons"":""persons"",""recommended_annual_quota_persons"":""persons"",""unemployment_reserve_sector_allocated_persons"":""persons""}",scripts/build_labor_migration_artifacts.py,scripts/build_labor_migration_artifacts.py,calculated_v5_sector_year_sum,bed04356e8a570a2911dde917ab538bd3dd43ad84aa6d09cf900456bb3680985,3e592bbfe0dbd0ca665d197146c5e937cc1deb337e486db727713a7c6c5de45a
OKVED_D,D,"Обеспечение электрической энергией, газом и паром; кондиционирование воздуха",2043,13101.735768761655,207490.794815292,207490.794815292,1898556.2211966803,1730306.6233108786,76024.36022568659,foreign_labor_migration_v5_sector_year,Foreign labor migration/docs/data/region_sector_forecast.csv,2026-05-27T13:57:22+00:00,2043,"{""cumulative_recommended_quota_persons"":207490.794815292,""domestic_sector_supply_total_with_unemployment_reserve_persons"":1730306.6233108786,""foreign_labor_stock_need_persons"":207490.794815292,""labor_demand_required_persons"":1898556.2211966803,""recommended_annual_quota_persons"":13101.735768761655,""unemployment_reserve_sector_allocated_persons"":76024.36022568659}","{""cumulative_recommended_quota_persons"":""persons"",""domestic_sector_supply_total_with_unemployment_reserve_persons"":""persons"",""foreign_labor_stock_need_persons"":""persons"",""labor_demand_required_persons"":""persons"",""recommended_annual_quota_persons"":""persons"",""unemployment_reserve_sector_allocated_persons"":""persons""}",scripts/build_labor_migration_artifacts.py,scripts/build_labor_migration_artifacts.py,calculated_v5_sector_year_sum,bed04356e8a570a2911dde917ab538bd3dd43ad84aa6d09cf900456bb3680985,9b456bca2b8dbd5c4e595f9568684445eff9cd91d78bfa2876e558892cfad826
OKVED_E,E,"Водоснабжение; водоотведение, организация сбора и утилизации отходов, деятельность по ликвидации загрязнений",2043,2451.9455140761565,36830.10851983359,36831.921498672506,630068.9378025902,628739.9669719139,76024.36022568659,foreign_labor_migration_v5_sector_year,Foreign labor migration/docs/data/region_sector_forecast.csv,2026-05-27T13:57:22+00:00,2043,"{""cumulative_recommended_quota_persons"":36831.921498672506,""domestic_sector_supply_total_with_unemployment_reserve_persons"":628739.9669719139,""foreign_labor_stock_need_persons"":36830.10851983359,""labor_demand_required_persons"":630068.9378025902,""recommended_annual_quota_persons"":2451.9455140761565,""unemployment_reserve_sector_allocated_persons"":76024.36022568659}","{""cumulative_recommended_quota_persons"":""persons"",""domestic_sector_supply_total_with_unemployment_reserve_persons"":""persons"",""foreign_labor_stock_need_persons"":""persons"",""labor_demand_required_persons"":""persons"",""recommended_annual_quota_persons"":""persons"",""unemployment_reserve_sector_allocated_persons"":""persons""}",scripts/build_labor_migration_artifacts.py,scripts/build_labor_migration_artifacts.py,calculated_v5_sector_year_sum,bed04356e8a570a2911dde917ab538bd3dd43ad84aa6d09cf900456bb3680985,2304e7961722c8df6cda905684ce21a441e75a8d62c8854e6a409636a4930d75
OKVED_F,F,Строительство,2043,25605.691569063303,665523.7705714677,665523.7705714677,6120946.290609618,5546474.398342597,76024.36022568659,foreign_labor_migration_v5_sector_year,Foreign labor migration/docs/data/region_sector_forecast.csv,2026-05-27T13:57:22+00:00,2043,"{""cumulative_recommended_quota_persons"":665523.7705714677,""domestic_sector_supply_total_with_unemployment_reserve_persons"":5546474.398342597,""foreign_labor_stock_need_persons"":665523.7705714677,""labor_demand_required_persons"":6120946.290609618,""recommended_annual_quota_persons"":25605.691569063303,""unemployment_reserve_sector_allocated_persons"":76024.36022568659}","{""cumulative_recommended_quota_persons"":""persons"",""domestic_sector_supply_total_with_unemployment_reserve_persons"":""persons"",""foreign_labor_stock_need_persons"":""persons"",""labor_demand_required_persons"":""persons"",""recommended_annual_quota_persons"":""persons"",""unemployment_reserve_sector_allocated_persons"":""persons""}",scripts/build_labor_migration_artifacts.py,scripts/build_labor_migration_artifacts.py,calculated_v5_sector_year_sum,bed04356e8a570a2911dde917ab538bd3dd43ad84aa6d09cf900456bb3680985,98235d6225421fc5edf5332af0bef658d7e60cff88810aa07f512bac4d455944
OKVED_G,G,Торговля оптовая и розничная; ремонт автотранспортных средств и мотоциклов,2043,68750.51093788359,1604416.5359359689,1604416.581326994,13718302.018945443,12257711.011045506,76024.36022568659,foreign_labor_migration_v5_sector_year,Foreign labor migration/docs/data/region_sector_forecast.csv,2026-05-27T13:57:22+00:00,2043,"{""cumulative_recommended_quota_persons"":1604416.581326994,""domestic_sector_supply_total_with_unemployment_reserve_persons"":12257711.011045506,""foreign_labor_stock_need_persons"":1604416.5359359689,""labor_demand_required_persons"":13718302.018945443,""recommended_annual_quota_persons"":68750.51093788359,""unemployment_reserve_sector_allocated_persons"":76024.36022568659}","{""cumulative_recommended_quota_persons"":""persons"",""domestic_sector_supply_total_with_unemployment_reserve_persons"":""persons"",""foreign_labor_stock_need_persons"":""persons"",""labor_demand_required_persons"":""persons"",""recommended_annual_quota_persons"":""persons"",""unemployment_reserve_sector_allocated_persons"":""persons""}",scripts/build_labor_migration_artifacts.py,scripts/build_labor_migration_artifacts.py,calculated_v5_sector_year_sum,bed04356e8a570a2911dde917ab538bd3dd43ad84aa6d09cf900456bb3680985,c82f4798c50152b76ed7ff04d9c30d633eb67736504526239a8f48c28f4286cc
OKVED_H,H,Транспортировка и хранение,2043,35464.862895801736,747563.1472100004,747563.1472100004,6368804.482402526,5700609.818792439,76024.36022568659,foreign_labor_migration_v5_sector_year,Foreign labor migration/docs/data/region_sector_forecast.csv,2026-05-27T13:57:22+00:00,2043,"{""cumulative_recommended_quota_persons"":747563.1472100004,""domestic_sector_supply_total_with_unemployment_reserve_persons"":5700609.818792439,""foreign_labor_stock_need_persons"":747563.1472100004,""labor_demand_required_persons"":6368804.482402526,""recommended_annual_quota_persons"":35464.862895801736,""unemployment_reserve_sector_allocated_persons"":76024.36022568659}","{""cumulative_recommended_quota_persons"":""persons"",""domestic_sector_supply_total_with_unemployment_reserve_persons"":""persons"",""foreign_labor_stock_need_persons"":""persons"",""labor_demand_required_persons"":""persons"",""recommended_annual_quota_persons"":""persons"",""unemployment_reserve_sector_allocated_persons"":""persons""}",scripts/build_labor_migration_artifacts.py,scripts/build_labor_migration_artifacts.py,calculated_v5_sector_year_sum,bed04356e8a570a2911dde917ab538bd3dd43ad84aa6d09cf900456bb3680985,dbd3d0db8dae75be8ffd056d837986b4fd2203e9246455ed6f7cd1c651cdead9
OKVED_I,I,Деятельность гостиниц и предприятий общественного питания,2043,9860.432006932986,187710.23808302835,187710.23808302835,2038716.45266539,1892158.9966702869,76024.36022568659,foreign_labor_migration_v5_sector_year,Foreign labor migration/docs/data/region_sector_forecast.csv,2026-05-27T13:57:22+00:00,2043,"{""cumulative_recommended_quota_persons"":187710.23808302835,""domestic_sector_supply_total_with_unemployment_reserve_persons"":1892158.9966702869,""foreign_labor_stock_need_persons"":187710.23808302835,""labor_demand_required_persons"":2038716.45266539,""recommended_annual_quota_persons"":9860.432006932986,""unemployment_reserve_sector_allocated_persons"":76024.36022568659}","{""cumulative_recommended_quota_persons"":""persons"",""domestic_sector_supply_total_with_unemployment_reserve_persons"":""persons"",""foreign_labor_stock_need_persons"":""persons"",""labor_demand_required_persons"":""persons"",""recommended_annual_quota_persons"":""persons"",""unemployment_reserve_sector_allocated_persons"":""persons""}",scripts/build_labor_migration_artifacts.py,scripts/build_labor_migration_artifacts.py,calculated_v5_sector_year_sum,bed04356e8a570a2911dde917ab538bd3dd43ad84aa6d09cf900456bb3680985,7f5be88e068ccfa6961d988876c8e5dfb362d0983d03f739bafbc5484cac00fd
OKVED_J,J,Деятельность в области информации и связи,2043,6716.374321632076,134091.93533938294,134091.93533938294,1682119.7130006654,1581690.8162540856,76024.36022568659,foreign_labor_migration_v5_sector_year,Foreign labor migration/docs/data/region_sector_forecast.csv,2026-05-27T13:57:22+00:00,2043,"{""cumulative_recommended_quota_persons"":134091.93533938294,""domestic_sector_supply_total_with_unemployment_reserve_persons"":1581690.8162540856,""foreign_labor_stock_need_persons"":134091.93533938294,""labor_demand_required_persons"":1682119.7130006654,""recommended_annual_quota_persons"":6716.374321632076,""unemployment_reserve_sector_allocated_persons"":76024.36022568659}","{""cumulative_recommended_quota_persons"":""persons"",""domestic_sector_supply_total_with_unemployment_reserve_persons"":""persons"",""foreign_labor_stock_need_persons"":""persons"",""labor_demand_required_persons"":""persons"",""recommended_annual_quota_persons"":""persons"",""unemployment_reserve_sector_allocated_persons"":""persons""}",scripts/build_labor_migration_artifacts.py,scripts/build_labor_migration_artifacts.py,calculated_v5_sector_year_sum,bed04356e8a570a2911dde917ab538bd3dd43ad84aa6d09cf900456bb3680985,3e692e23bf6d9b05bee2d0f55b474d7e67dc2688ea2220e417c0fc6627a83bce
OKVED_K,K,Деятельность финансовая и страховая,2043,5904.745189661068,95108.3793148153,95108.3793148153,1262236.0266066885,1201495.53839105,76024.36022568659,foreign_labor_migration_v5_sector_year,Foreign labor migration/docs/data/region_sector_forecast.csv,2026-05-27T13:57:22+00:00,2043,"{""cumulative_recommended_quota_persons"":95108.3793148153,""domestic_sector_supply_total_with_unemployment_reserve_persons"":1201495.53839105,""foreign_labor_stock_need_persons"":95108.3793148153,""labor_demand_required_persons"":1262236.0266066885,""recommended_annual_quota_persons"":5904.745189661068,""unemployment_reserve_sector_allocated_persons"":76024.36022568659}","{""cumulative_recommended_quota_persons"":""persons"",""domestic_sector_supply_total_with_unemployment_reserve_persons"":""persons"",""foreign_labor_stock_need_persons"":""persons"",""labor_demand_required_persons"":""persons"",""recommended_annual_quota_persons"":""persons"",""unemployment_reserve_sector_allocated_persons"":""persons""}",scripts/build_labor_migration_artifacts.py,scripts/build_labor_migration_artifacts.py,calculated_v5_sector_year_sum,bed04356e8a570a2911dde917ab538bd3dd43ad84aa6d09cf900456bb3680985,c258116391af3b04fcbdaa992007ab9e2e5418d39360ac99a0b5532cf07a9ef6
OKVED_L,L,Деятельность по операциям с недвижимым имуществом,2043,10612.181639793465,189679.14435577212,189679.14435577212,2017714.5378992718,1863659.5408777883,76024.36022568659,foreign_labor_migration_v5_sector_year,Foreign labor migration/docs/data/region_sector_forecast.csv,2026-05-27T13:57:22+00:00,2043,"{""cumulative_recommended_quota_persons"":189679.14435577212,""domestic_sector_supply_total_with_unemployment_reserve_persons"":1863659.5408777883,""foreign_labor_stock_need_persons"":189679.14435577212,""labor_demand_required_persons"":2017714.5378992718,""recommended_annual_quota_persons"":10612.181639793465,""unemployment_reserve_sector_allocated_persons"":76024.36022568659}","{""cumulative_recommended_quota_persons"":""persons"",""domestic_sector_supply_total_with_unemployment_reserve_persons"":""persons"",""foreign_labor_stock_need_persons"":""persons"",""labor_demand_required_persons"":""persons"",""recommended_annual_quota_persons"":""persons"",""unemployment_reserve_sector_allocated_persons"":""persons""}",scripts/build_labor_migration_artifacts.py,scripts/build_labor_migration_artifacts.py,calculated_v5_sector_year_sum,bed04356e8a570a2911dde917ab538bd3dd43ad84aa6d09cf900456bb3680985,3f02d2fc8483a937ce7f02747653812bdd3a5f44a7d8eb0467f119fd8b0a39e9
OKVED_M,M,"Деятельность профессиональная, научная и техническая",2043,9921.246366565147,225982.31907574376,225986.16129034522,2483728.5746892006,2292685.6814046274,76024.36022568659,foreign_labor_migration_v5_sector_year,Foreign labor migration/docs/data/region_sector_forecast.csv,2026-05-27T13:57:22+00:00,2043,"{""cumulative_recommended_quota_persons"":225986.16129034522,""domestic_sector_supply_total_with_unemployment_reserve_persons"":2292685.6814046274,""foreign_labor_stock_need_persons"":225982.31907574376,""labor_demand_required_persons"":2483728.5746892006,""recommended_annual_quota_persons"":9921.246366565147,""unemployment_reserve_sector_allocated_persons"":76024.36022568659}","{""cumulative_recommended_quota_persons"":""persons"",""domestic_sector_supply_total_with_unemployment_reserve_persons"":""persons"",""foreign_labor_stock_need_persons"":""persons"",""labor_demand_required_persons"":""persons"",""recommended_annual_quota_persons"":""persons"",""unemployment_reserve_sector_allocated_persons"":""persons""}",scripts/build_labor_migration_artifacts.py,scripts/build_labor_migration_artifacts.py,calculated_v5_sector_year_sum,bed04356e8a570a2911dde917ab538bd3dd43ad84aa6d09cf900456bb3680985,7aa6f2bbe49c2f23a2b5bc9df4d1766f7c32afd099045f4789036c045017378f
OKVED_N,N,Деятельность административная и сопутствующие дополнительные услуги,2043,17799.101765174593,287526.51732314046,287526.51732314046,2808027.8442707765,2562217.560295533,76024.36022568659,foreign_labor_migration_v5_sector_year,Foreign labor migration/docs/data/region_sector_forecast.csv,2026-05-27T13:57:22+00:00,2043,"{""cumulative_recommended_quota_persons"":287526.51732314046,""domestic_sector_supply_total_with_unemployment_reserve_persons"":2562217.560295533,""foreign_labor_stock_need_persons"":287526.51732314046,""labor_demand_required_persons"":2808027.8442707765,""recommended_annual_quota_persons"":17799.101765174593,""unemployment_reserve_sector_allocated_persons"":76024.36022568659}","{""cumulative_recommended_quota_persons"":""persons"",""domestic_sector_supply_total_with_unemployment_reserve_persons"":""persons"",""foreign_labor_stock_need_persons"":""persons"",""labor_demand_required_persons"":""persons"",""recommended_annual_quota_persons"":""persons"",""unemployment_reserve_sector_allocated_persons"":""persons""}",scripts/build_labor_migration_artifacts.py,scripts/build_labor_migration_artifacts.py,calculated_v5_sector_year_sum,bed04356e8a570a2911dde917ab538bd3dd43ad84aa6d09cf900456bb3680985,9bc40cb6ac1c3bce319eda4d9c0d3a7552a88bc6010578f9e9c46224e5483dc5
OKVED_O,O,Государственное управление и обеспечение военной безопасности; социальное обеспечение,2043,21415.7873465669,433319.47653754766,433319.47653754766,3702404.924178431,3344374.047651865,76024.36022568659,foreign_labor_migration_v5_sector_year,Foreign labor migration/docs/data/region_sector_forecast.csv,2026-05-27T13:57:22+00:00,2043,"{""cumulative_recommended_quota_persons"":433319.47653754766,""domestic_sector_supply_total_with_unemployment_reserve_persons"":3344374.047651865,""foreign_labor_stock_need_persons"":433319.47653754766,""labor_demand_required_persons"":3702404.924178431,""recommended_annual_quota_persons"":21415.7873465669,""unemployment_reserve_sector_allocated_persons"":76024.36022568659}","{""cumulative_recommended_quota_persons"":""persons"",""domestic_sector_supply_total_with_unemployment_reserve_persons"":""persons"",""foreign_labor_stock_need_persons"":""persons"",""labor_demand_required_persons"":""persons"",""recommended_annual_quota_persons"":""persons"",""unemployment_reserve_sector_allocated_persons"":""persons""}",scripts/build_labor_migration_artifacts.py,scripts/build_labor_migration_artifacts.py,calculated_v5_sector_year_sum,bed04356e8a570a2911dde917ab538bd3dd43ad84aa6d09cf900456bb3680985,94d322d8a0b979d47d0c302be12bb925b7904fd3d7f32a046dbca3edefa8197c
OKVED_P,P,Образование,2043,35116.970427473214,704547.2902768748,704547.2902768748,6055246.4768127045,5460716.5871808035,76024.36022568659,foreign_labor_migration_v5_sector_year,Foreign labor migration/docs/data/region_sector_forecast.csv,2026-05-27T13:57:22+00:00,2043,"{""cumulative_recommended_quota_persons"":704547.2902768748,""domestic_sector_supply_total_with_unemployment_reserve_persons"":5460716.5871808035,""foreign_labor_stock_need_persons"":704547.2902768748,""labor_demand_required_persons"":6055246.4768127045,""recommended_annual_quota_persons"":35116.970427473214,""unemployment_reserve_sector_allocated_persons"":76024.36022568659}","{""cumulative_recommended_quota_persons"":""persons"",""domestic_sector_supply_total_with_unemployment_reserve_persons"":""persons"",""foreign_labor_stock_need_persons"":""persons"",""labor_demand_required_persons"":""persons"",""recommended_annual_quota_persons"":""persons"",""unemployment_reserve_sector_allocated_persons"":""persons""}",scripts/build_labor_migration_artifacts.py,scripts/build_labor_migration_artifacts.py,calculated_v5_sector_year_sum,bed04356e8a570a2911dde917ab538bd3dd43ad84aa6d09cf900456bb3680985,e9fd738f876f32e1a79d6f34f0d9e1500b2df7696065b9e5fa2234caa3cb9e10
OKVED_Q,Q,Деятельность в области здравоохранения и социальных услуг,2043,31898.874898198937,606442.0092246707,606442.0092246707,5143864.88367288,4614828.396247251,76024.36022568659,foreign_labor_migration_v5_sector_year,Foreign labor migration/docs/data/region_sector_forecast.csv,2026-05-27T13:57:22+00:00,2043,"{""cumulative_recommended_quota_persons"":606442.0092246707,""domestic_sector_supply_total_with_unemployment_reserve_persons"":4614828.396247251,""foreign_labor_stock_need_persons"":606442.0092246707,""labor_demand_required_persons"":5143864.88367288,""recommended_annual_quota_persons"":31898.874898198937,""unemployment_reserve_sector_allocated_persons"":76024.36022568659}","{""cumulative_recommended_quota_persons"":""persons"",""domestic_sector_supply_total_with_unemployment_reserve_persons"":""persons"",""foreign_labor_stock_need_persons"":""persons"",""labor_demand_required_persons"":""persons"",""recommended_annual_quota_persons"":""persons"",""unemployment_reserve_sector_allocated_persons"":""persons""}",scripts/build_labor_migration_artifacts.py,scripts/build_labor_migration_artifacts.py,calculated_v5_sector_year_sum,bed04356e8a570a2911dde917ab538bd3dd43ad84aa6d09cf900456bb3680985,f0de0675c200c2d76baa0e2a993bcbb42f6ab9c9d9e723fe33db7cae666e6964
OKVED_R,R,"Деятельность в области культуры, спорта, организации досуга и развлечений",2043,6015.049044824165,101141.71482554112,101141.71482554112,1250157.607172448,1185056.4264966634,76024.36022568659,foreign_labor_migration_v5_sector_year,Foreign labor migration/docs/data/region_sector_forecast.csv,2026-05-27T13:57:22+00:00,2043,"{""cumulative_recommended_quota_persons"":101141.71482554112,""domestic_sector_supply_total_with_unemployment_reserve_persons"":1185056.4264966634,""foreign_labor_stock_need_persons"":101141.71482554112,""labor_demand_required_persons"":1250157.607172448,""recommended_annual_quota_persons"":6015.049044824165,""unemployment_reserve_sector_allocated_persons"":76024.36022568659}","{""cumulative_recommended_quota_persons"":""persons"",""domestic_sector_supply_total_with_unemployment_reserve_persons"":""persons"",""foreign_labor_stock_need_persons"":""persons"",""labor_demand_required_persons"":""persons"",""recommended_annual_quota_persons"":""persons"",""unemployment_reserve_sector_allocated_persons"":""persons""}",scripts/build_labor_migration_artifacts.py,scripts/build_labor_migration_artifacts.py,calculated_v5_sector_year_sum,bed04356e8a570a2911dde917ab538bd3dd43ad84aa6d09cf900456bb3680985,66897f31487c32d07965b35d894cdcbd95bc2ee7c5ca70a15c363672b5bae530
OKVED_S,S,Предоставление прочих видов услуг,2043,9863.193233375014,171203.1416663065,171203.1416663065,1921311.517518882,1787734.2694898942,76024.36022568659,foreign_labor_migration_v5_sector_year,Foreign labor migration/docs/data/region_sector_forecast.csv,2026-05-27T13:57:22+00:00,2043,"{""cumulative_recommended_quota_persons"":171203.1416663065,""domestic_sector_supply_total_with_unemployment_reserve_persons"":1787734.2694898942,""foreign_labor_stock_need_persons"":171203.1416663065,""labor_demand_required_persons"":1921311.517518882,""recommended_annual_quota_persons"":9863.193233375014,""unemployment_reserve_sector_allocated_persons"":76024.36022568659}","{""cumulative_recommended_quota_persons"":""persons"",""domestic_sector_supply_total_with_unemployment_reserve_persons"":""persons"",""foreign_labor_stock_need_persons"":""persons"",""labor_demand_required_persons"":""persons"",""recommended_annual_quota_persons"":""persons"",""unemployment_reserve_sector_allocated_persons"":""persons""}",scripts/build_labor_migration_artifacts.py,scripts/build_labor_migration_artifacts.py,calculated_v5_sector_year_sum,bed04356e8a570a2911dde917ab538bd3dd43ad84aa6d09cf900456bb3680985,4c5e8fbe2d542a58cc6baa1bac8549f7ecb8edf0882556509634febe9a7ea5c4
OKVED_T,T,Деятельность домашних хозяйств как работодателей; недифференцированная деятельность частных домашних хозяйств по производству товаров и оказанию услуг для собственного потребления,2043,117.73780677022387,980.2099833226857,980.2099833226857,67852.79102232783,123736.69882060718,62744.53246820902,foreign_labor_migration_v5_sector_year,Foreign labor migration/docs/data/region_sector_forecast.csv,2026-05-27T13:57:22+00:00,2043,"{""cumulative_recommended_quota_persons"":980.2099833226857,""domestic_sector_supply_total_with_unemployment_reserve_persons"":123736.69882060718,""foreign_labor_stock_need_persons"":980.2099833226857,""labor_demand_required_persons"":67852.79102232783,""recommended_annual_quota_persons"":117.73780677022387,""unemployment_reserve_sector_allocated_persons"":62744.53246820902}","{""cumulative_recommended_quota_persons"":""persons"",""domestic_sector_supply_total_with_unemployment_reserve_persons"":""persons"",""foreign_labor_stock_need_persons"":""persons"",""labor_demand_required_persons"":""persons"",""recommended_annual_quota_persons"":""persons"",""unemployment_reserve_sector_allocated_persons"":""persons""}",scripts/build_labor_migration_artifacts.py,scripts/build_labor_migration_artifacts.py,calculated_v5_sector_year_sum,bed04356e8a570a2911dde917ab538bd3dd43ad84aa6d09cf900456bb3680985,c5b4c05841db3807e7c48f152d94e4bf687ac58301e3086fcba18cc893f1910e
OKVED_A,A,"Сельское, лесное хозяйство, охота, рыболовство и рыбоводство",2044,21000.40074039258,505546.58694184566,505547.7731878473,4125445.5728865326,3720230.4021550105,75324.00923524363,foreign_labor_migration_v5_sector_year,Foreign labor migration/docs/data/region_sector_forecast.csv,2026-05-27T13:57:22+00:00,2044,"{""cumulative_recommended_quota_persons"":505547.7731878473,""domestic_sector_supply_total_with_unemployment_reserve_persons"":3720230.4021550105,""foreign_labor_stock_need_persons"":505546.58694184566,""labor_demand_required_persons"":4125445.5728865326,""recommended_annual_quota_persons"":21000.40074039258,""unemployment_reserve_sector_allocated_persons"":75324.00923524363}","{""cumulative_recommended_quota_persons"":""persons"",""domestic_sector_supply_total_with_unemployment_reserve_persons"":""persons"",""foreign_labor_stock_need_persons"":""persons"",""labor_demand_required_persons"":""persons"",""recommended_annual_quota_persons"":""persons"",""unemployment_reserve_sector_allocated_persons"":""persons""}",scripts/build_labor_migration_artifacts.py,scripts/build_labor_migration_artifacts.py,calculated_v5_sector_year_sum,bed04356e8a570a2911dde917ab538bd3dd43ad84aa6d09cf900456bb3680985,c51b61a3b73a593da575f4e6125ae827e3ccc2b975ef4f03b75d945e20c2e771
OKVED_B,B,Добыча полезных ископаемых,2044,16877.215456116734,302199.5661093777,302199.5661093777,1875919.8038206834,1619525.812368692,75324.00923524363,foreign_labor_migration_v5_sector_year,Foreign labor migration/docs/data/region_sector_forecast.csv,2026-05-27T13:57:22+00:00,2044,"{""cumulative_recommended_quota_persons"":302199.5661093777,""domestic_sector_supply_total_with_unemployment_reserve_persons"":1619525.812368692,""foreign_labor_stock_need_persons"":302199.5661093777,""labor_demand_required_persons"":1875919.8038206834,""recommended_annual_quota_persons"":16877.215456116734,""unemployment_reserve_sector_allocated_persons"":75324.00923524363}","{""cumulative_recommended_quota_persons"":""persons"",""domestic_sector_supply_total_with_unemployment_reserve_persons"":""persons"",""foreign_labor_stock_need_persons"":""persons"",""labor_demand_required_persons"":""persons"",""recommended_annual_quota_persons"":""persons"",""unemployment_reserve_sector_allocated_persons"":""persons""}",scripts/build_labor_migration_artifacts.py,scripts/build_labor_migration_artifacts.py,calculated_v5_sector_year_sum,bed04356e8a570a2911dde917ab538bd3dd43ad84aa6d09cf900456bb3680985,ecf58d2d0b3a7cc2cffcf6d40a5330064f54f2145a6703fc5a36995c7acd63da
OKVED_C,C,Обрабатывающие производства,2044,41983.199076228004,1084147.0097642904,1084157.9921512757,8678798.603036968,7686069.193436906,75324.00923524363,foreign_labor_migration_v5_sector_year,Foreign labor migration/docs/data/region_sector_forecast.csv,2026-05-27T13:57:22+00:00,2044,"{""cumulative_recommended_quota_persons"":1084157.9921512757,""domestic_sector_supply_total_with_unemployment_reserve_persons"":7686069.193436906,""foreign_labor_stock_need_persons"":1084147.0097642904,""labor_demand_required_persons"":8678798.603036968,""recommended_annual_quota_persons"":41983.199076228004,""unemployment_reserve_sector_allocated_persons"":75324.00923524363}","{""cumulative_recommended_quota_persons"":""persons"",""domestic_sector_supply_total_with_unemployment_reserve_persons"":""persons"",""foreign_labor_stock_need_persons"":""persons"",""labor_demand_required_persons"":""persons"",""recommended_annual_quota_persons"":""persons"",""unemployment_reserve_sector_allocated_persons"":""persons""}",scripts/build_labor_migration_artifacts.py,scripts/build_labor_migration_artifacts.py,calculated_v5_sector_year_sum,bed04356e8a570a2911dde917ab538bd3dd43ad84aa6d09cf900456bb3680985,c82b56b4b7ece526d67c3b0febaa33e7e75591185e55ed745a261895d3186aef
OKVED_D,D,"Обеспечение электрической энергией, газом и паром; кондиционирование воздуха",2044,15136.069745991792,222626.8645612838,222626.8645612838,1913809.8666972613,1729930.033091454,75324.00923524363,foreign_labor_migration_v5_sector_year,Foreign labor migration/docs/data/region_sector_forecast.csv,2026-05-27T13:57:22+00:00,2044,"{""cumulative_recommended_quota_persons"":222626.8645612838,""domestic_sector_supply_total_with_unemployment_reserve_persons"":1729930.033091454,""foreign_labor_stock_need_persons"":222626.8645612838,""labor_demand_required_persons"":1913809.8666972613,""recommended_annual_quota_persons"":15136.069745991792,""unemployment_reserve_sector_allocated_persons"":75324.00923524363}","{""cumulative_recommended_quota_persons"":""persons"",""domestic_sector_supply_total_with_unemployment_reserve_persons"":""persons"",""foreign_labor_stock_need_persons"":""persons"",""labor_demand_required_persons"":""persons"",""recommended_annual_quota_persons"":""persons"",""unemployment_reserve_sector_allocated_persons"":""persons""}",scripts/build_labor_migration_artifacts.py,scripts/build_labor_migration_artifacts.py,calculated_v5_sector_year_sum,bed04356e8a570a2911dde917ab538bd3dd43ad84aa6d09cf900456bb3680985,a89c21a0276a57f6c16c45adb7e0790b179cfe824a8f439c798fb38262f842bb
OKVED_E,E,"Водоснабжение; водоотведение, организация сбора и утилизации отходов, деятельность по ликвидации загрязнений",2044,2940.4753456498797,39770.583865483466,39772.396844322386,624557.6861830597,619049.4607121208,75324.00923524363,foreign_labor_migration_v5_sector_year,Foreign labor migration/docs/data/region_sector_forecast.csv,2026-05-27T13:57:22+00:00,2044,"{""cumulative_recommended_quota_persons"":39772.396844322386,""domestic_sector_supply_total_with_unemployment_reserve_persons"":619049.4607121208,""foreign_labor_stock_need_persons"":39770.583865483466,""labor_demand_required_persons"":624557.6861830597,""recommended_annual_quota_persons"":2940.4753456498797,""unemployment_reserve_sector_allocated_persons"":75324.00923524363}","{""cumulative_recommended_quota_persons"":""persons"",""domestic_sector_supply_total_with_unemployment_reserve_persons"":""persons"",""foreign_labor_stock_need_persons"":""persons"",""labor_demand_required_persons"":""persons"",""recommended_annual_quota_persons"":""persons"",""unemployment_reserve_sector_allocated_persons"":""persons""}",scripts/build_labor_migration_artifacts.py,scripts/build_labor_migration_artifacts.py,calculated_v5_sector_year_sum,bed04356e8a570a2911dde917ab538bd3dd43ad84aa6d09cf900456bb3680985,0890df9e0aa5b7fcc003f430d29bd38800a12595ddbdaa05c33875b5970393f0
OKVED_F,F,Строительство,2044,31217.543672957974,696741.3142444256,696741.3142444256,6058068.503318443,5451438.001165448,75324.00923524363,foreign_labor_migration_v5_sector_year,Foreign labor migration/docs/data/region_sector_forecast.csv,2026-05-27T13:57:22+00:00,2044,"{""cumulative_recommended_quota_persons"":696741.3142444256,""domestic_sector_supply_total_with_unemployment_reserve_persons"":5451438.001165448,""foreign_labor_stock_need_persons"":696741.3142444256,""labor_demand_required_persons"":6058068.503318443,""recommended_annual_quota_persons"":31217.543672957974,""unemployment_reserve_sector_allocated_persons"":75324.00923524363}","{""cumulative_recommended_quota_persons"":""persons"",""domestic_sector_supply_total_with_unemployment_reserve_persons"":""persons"",""foreign_labor_stock_need_persons"":""persons"",""labor_demand_required_persons"":""persons"",""recommended_annual_quota_persons"":""persons"",""unemployment_reserve_sector_allocated_persons"":""persons""}",scripts/build_labor_migration_artifacts.py,scripts/build_labor_migration_artifacts.py,calculated_v5_sector_year_sum,bed04356e8a570a2911dde917ab538bd3dd43ad84aa6d09cf900456bb3680985,17dc4f5f1468f3ad9a0a3eb10b64a0b681a3667e8249d60d27189535f05ef1ec
OKVED_G,G,Торговля оптовая и розничная; ремонт автотранспортных средств и мотоциклов,2044,82558.35478334154,1686974.8907193104,1686974.9361103354,13669486.949142192,12125413.390317028,75324.00923524363,foreign_labor_migration_v5_sector_year,Foreign labor migration/docs/data/region_sector_forecast.csv,2026-05-27T13:57:22+00:00,2044,"{""cumulative_recommended_quota_persons"":1686974.9361103354,""domestic_sector_supply_total_with_unemployment_reserve_persons"":12125413.390317028,""foreign_labor_stock_need_persons"":1686974.8907193104,""labor_demand_required_persons"":13669486.949142192,""recommended_annual_quota_persons"":82558.35478334154,""unemployment_reserve_sector_allocated_persons"":75324.00923524363}","{""cumulative_recommended_quota_persons"":""persons"",""domestic_sector_supply_total_with_unemployment_reserve_persons"":""persons"",""foreign_labor_stock_need_persons"":""persons"",""labor_demand_required_persons"":""persons"",""recommended_annual_quota_persons"":""persons"",""unemployment_reserve_sector_allocated_persons"":""persons""}",scripts/build_labor_migration_artifacts.py,scripts/build_labor_migration_artifacts.py,calculated_v5_sector_year_sum,bed04356e8a570a2911dde917ab538bd3dd43ad84aa6d09cf900456bb3680985,025fdefbb68d8f3316240ccf77a07ee0e2c5e96cb7f2f3132547fbd38c3a46bc
OKVED_H,H,Транспортировка и хранение,2044,41874.588767318615,789437.7359773191,789437.7359773191,6364310.154658956,5653918.487086902,75324.00923524363,foreign_labor_migration_v5_sector_year,Foreign labor migration/docs/data/region_sector_forecast.csv,2026-05-27T13:57:22+00:00,2044,"{""cumulative_recommended_quota_persons"":789437.7359773191,""domestic_sector_supply_total_with_unemployment_reserve_persons"":5653918.487086902,""foreign_labor_stock_need_persons"":789437.7359773191,""labor_demand_required_persons"":6364310.154658956,""recommended_annual_quota_persons"":41874.588767318615,""unemployment_reserve_sector_allocated_persons"":75324.00923524363}","{""cumulative_recommended_quota_persons"":""persons"",""domestic_sector_supply_total_with_unemployment_reserve_persons"":""persons"",""foreign_labor_stock_need_persons"":""persons"",""labor_demand_required_persons"":""persons"",""recommended_annual_quota_persons"":""persons"",""unemployment_reserve_sector_allocated_persons"":""persons""}",scripts/build_labor_migration_artifacts.py,scripts/build_labor_migration_artifacts.py,calculated_v5_sector_year_sum,bed04356e8a570a2911dde917ab538bd3dd43ad84aa6d09cf900456bb3680985,32df8d003f415f1b7fba8ca7a5c4582716fe22dd35efe1458880dc2903cac8ee
OKVED_I,I,Деятельность гостиниц и предприятий общественного питания,2044,11944.532153797956,199654.7702368263,199654.7702368263,2027220.8516954244,1868277.409438988,75324.00923524363,foreign_labor_migration_v5_sector_year,Foreign labor migration/docs/data/region_sector_forecast.csv,2026-05-27T13:57:22+00:00,2044,"{""cumulative_recommended_quota_persons"":199654.7702368263,""domestic_sector_supply_total_with_unemployment_reserve_persons"":1868277.409438988,""foreign_labor_stock_need_persons"":199654.7702368263,""labor_demand_required_persons"":2027220.8516954244,""recommended_annual_quota_persons"":11944.532153797956,""unemployment_reserve_sector_allocated_persons"":75324.00923524363}","{""cumulative_recommended_quota_persons"":""persons"",""domestic_sector_supply_total_with_unemployment_reserve_persons"":""persons"",""foreign_labor_stock_need_persons"":""persons"",""labor_demand_required_persons"":""persons"",""recommended_annual_quota_persons"":""persons"",""unemployment_reserve_sector_allocated_persons"":""persons""}",scripts/build_labor_migration_artifacts.py,scripts/build_labor_migration_artifacts.py,calculated_v5_sector_year_sum,bed04356e8a570a2911dde917ab538bd3dd43ad84aa6d09cf900456bb3680985,152dab5e8372bcc6699f391959ab662fc0b86830563cebad7c02315d59b827c5
OKVED_J,J,Деятельность в области информации и связи,2044,8715.771191132155,142807.70653051508,142807.70653051508,1663976.25337776,1553737.3374948064,75324.00923524363,foreign_labor_migration_v5_sector_year,Foreign labor migration/docs/data/region_sector_forecast.csv,2026-05-27T13:57:22+00:00,2044,"{""cumulative_recommended_quota_persons"":142807.70653051508,""domestic_sector_supply_total_with_unemployment_reserve_persons"":1553737.3374948064,""foreign_labor_stock_need_persons"":142807.70653051508,""labor_demand_required_persons"":1663976.25337776,""recommended_annual_quota_persons"":8715.771191132155,""unemployment_reserve_sector_allocated_persons"":75324.00923524363}","{""cumulative_recommended_quota_persons"":""persons"",""domestic_sector_supply_total_with_unemployment_reserve_persons"":""persons"",""foreign_labor_stock_need_persons"":""persons"",""labor_demand_required_persons"":""persons"",""recommended_annual_quota_persons"":""persons"",""unemployment_reserve_sector_allocated_persons"":""persons""}",scripts/build_labor_migration_artifacts.py,scripts/build_labor_migration_artifacts.py,calculated_v5_sector_year_sum,bed04356e8a570a2911dde917ab538bd3dd43ad84aa6d09cf900456bb3680985,414b6fab93fffe70f3c3546513ccb4346ca51a38d21d9ed2459bb5abf6c787b6
OKVED_K,K,Деятельность финансовая и страховая,2044,7488.553377896486,102596.9326927118,102596.9326927118,1255729.6470413923,1186712.6052185327,75324.00923524363,foreign_labor_migration_v5_sector_year,Foreign labor migration/docs/data/region_sector_forecast.csv,2026-05-27T13:57:22+00:00,2044,"{""cumulative_recommended_quota_persons"":102596.9326927118,""domestic_sector_supply_total_with_unemployment_reserve_persons"":1186712.6052185327,""foreign_labor_stock_need_persons"":102596.9326927118,""labor_demand_required_persons"":1255729.6470413923,""recommended_annual_quota_persons"":7488.553377896486,""unemployment_reserve_sector_allocated_persons"":75324.00923524363}","{""cumulative_recommended_quota_persons"":""persons"",""domestic_sector_supply_total_with_unemployment_reserve_persons"":""persons"",""foreign_labor_stock_need_persons"":""persons"",""labor_demand_required_persons"":""persons"",""recommended_annual_quota_persons"":""persons"",""unemployment_reserve_sector_allocated_persons"":""persons""}",scripts/build_labor_migration_artifacts.py,scripts/build_labor_migration_artifacts.py,calculated_v5_sector_year_sum,bed04356e8a570a2911dde917ab538bd3dd43ad84aa6d09cf900456bb3680985,331aaedc454fd00c45f9ea75687002f662086ef1e8666a8c36632ba862504eb2
OKVED_L,L,Деятельность по операциям с недвижимым имуществом,2044,12755.863573615532,202435.00792938762,202435.00792938762,2010504.0611743676,1843167.3684391025,75324.00923524363,foreign_labor_migration_v5_sector_year,Foreign labor migration/docs/data/region_sector_forecast.csv,2026-05-27T13:57:22+00:00,2044,"{""cumulative_recommended_quota_persons"":202435.00792938762,""domestic_sector_supply_total_with_unemployment_reserve_persons"":1843167.3684391025,""foreign_labor_stock_need_persons"":202435.00792938762,""labor_demand_required_persons"":2010504.0611743676,""recommended_annual_quota_persons"":12755.863573615532,""unemployment_reserve_sector_allocated_persons"":75324.00923524363}","{""cumulative_recommended_quota_persons"":""persons"",""domestic_sector_supply_total_with_unemployment_reserve_persons"":""persons"",""foreign_labor_stock_need_persons"":""persons"",""labor_demand_required_persons"":""persons"",""recommended_annual_quota_persons"":""persons"",""unemployment_reserve_sector_allocated_persons"":""persons""}",scripts/build_labor_migration_artifacts.py,scripts/build_labor_migration_artifacts.py,calculated_v5_sector_year_sum,bed04356e8a570a2911dde917ab538bd3dd43ad84aa6d09cf900456bb3680985,d152de248022cfd558309c0467647c34b605959557c6f64e2ea1a9f1757f6f65
OKVED_M,M,"Деятельность профессиональная, научная и техническая",2044,12622.463120789793,238604.78219653355,238608.624411135,2448922.6892690877,2244735.3067745157,75324.00923524363,foreign_labor_migration_v5_sector_year,Foreign labor migration/docs/data/region_sector_forecast.csv,2026-05-27T13:57:22+00:00,2044,"{""cumulative_recommended_quota_persons"":238608.624411135,""domestic_sector_supply_total_with_unemployment_reserve_persons"":2244735.3067745157,""foreign_labor_stock_need_persons"":238604.78219653355,""labor_demand_required_persons"":2448922.6892690877,""recommended_annual_quota_persons"":12622.463120789793,""unemployment_reserve_sector_allocated_persons"":75324.00923524363}","{""cumulative_recommended_quota_persons"":""persons"",""domestic_sector_supply_total_with_unemployment_reserve_persons"":""persons"",""foreign_labor_stock_need_persons"":""persons"",""labor_demand_required_persons"":""persons"",""recommended_annual_quota_persons"":""persons"",""unemployment_reserve_sector_allocated_persons"":""persons""}",scripts/build_labor_migration_artifacts.py,scripts/build_labor_migration_artifacts.py,calculated_v5_sector_year_sum,bed04356e8a570a2911dde917ab538bd3dd43ad84aa6d09cf900456bb3680985,fe92f05b55c05858e2e7f4e3214b7625f8f8495c670addffb5d08f75bedf1962
OKVED_N,N,Деятельность административная и сопутствующие дополнительные услуги,2044,21134.99961531642,308661.5169384569,308661.5169384569,2824595.135330062,2557346.076321085,75324.00923524363,foreign_labor_migration_v5_sector_year,Foreign labor migration/docs/data/region_sector_forecast.csv,2026-05-27T13:57:22+00:00,2044,"{""cumulative_recommended_quota_persons"":308661.5169384569,""domestic_sector_supply_total_with_unemployment_reserve_persons"":2557346.076321085,""foreign_labor_stock_need_persons"":308661.5169384569,""labor_demand_required_persons"":2824595.135330062,""recommended_annual_quota_persons"":21134.99961531642,""unemployment_reserve_sector_allocated_persons"":75324.00923524363}","{""cumulative_recommended_quota_persons"":""persons"",""domestic_sector_supply_total_with_unemployment_reserve_persons"":""persons"",""foreign_labor_stock_need_persons"":""persons"",""labor_demand_required_persons"":""persons"",""recommended_annual_quota_persons"":""persons"",""unemployment_reserve_sector_allocated_persons"":""persons""}",scripts/build_labor_migration_artifacts.py,scripts/build_labor_migration_artifacts.py,calculated_v5_sector_year_sum,bed04356e8a570a2911dde917ab538bd3dd43ad84aa6d09cf900456bb3680985,c15cd65c3b936fc19d4e982d6920e3e19e883c3133dc84809d0e16c341b66696
OKVED_O,O,Государственное управление и обеспечение военной безопасности; социальное обеспечение,2044,24639.953463542613,457959.4300010903,457959.4300010903,3702569.581172928,3319862.985927788,75324.00923524363,foreign_labor_migration_v5_sector_year,Foreign labor migration/docs/data/region_sector_forecast.csv,2026-05-27T13:57:22+00:00,2044,"{""cumulative_recommended_quota_persons"":457959.4300010903,""domestic_sector_supply_total_with_unemployment_reserve_persons"":3319862.985927788,""foreign_labor_stock_need_persons"":457959.4300010903,""labor_demand_required_persons"":3702569.581172928,""recommended_annual_quota_persons"":24639.953463542613,""unemployment_reserve_sector_allocated_persons"":75324.00923524363}","{""cumulative_recommended_quota_persons"":""persons"",""domestic_sector_supply_total_with_unemployment_reserve_persons"":""persons"",""foreign_labor_stock_need_persons"":""persons"",""labor_demand_required_persons"":""persons"",""recommended_annual_quota_persons"":""persons"",""unemployment_reserve_sector_allocated_persons"":""persons""}",scripts/build_labor_migration_artifacts.py,scripts/build_labor_migration_artifacts.py,calculated_v5_sector_year_sum,bed04356e8a570a2911dde917ab538bd3dd43ad84aa6d09cf900456bb3680985,598d798da22553fe5f756ec94f05dc46287ddaa6b3438b37937c50df71cd9df7
OKVED_P,P,Образование,2044,40524.68705525287,745071.9773321277,745071.9773321277,6067919.404718696,5433477.628056223,75324.00923524363,foreign_labor_migration_v5_sector_year,Foreign labor migration/docs/data/region_sector_forecast.csv,2026-05-27T13:57:22+00:00,2044,"{""cumulative_recommended_quota_persons"":745071.9773321277,""domestic_sector_supply_total_with_unemployment_reserve_persons"":5433477.628056223,""foreign_labor_stock_need_persons"":745071.9773321277,""labor_demand_required_persons"":6067919.404718696,""recommended_annual_quota_persons"":40524.68705525287,""unemployment_reserve_sector_allocated_persons"":75324.00923524363}","{""cumulative_recommended_quota_persons"":""persons"",""domestic_sector_supply_total_with_unemployment_reserve_persons"":""persons"",""foreign_labor_stock_need_persons"":""persons"",""labor_demand_required_persons"":""persons"",""recommended_annual_quota_persons"":""persons"",""unemployment_reserve_sector_allocated_persons"":""persons""}",scripts/build_labor_migration_artifacts.py,scripts/build_labor_migration_artifacts.py,calculated_v5_sector_year_sum,bed04356e8a570a2911dde917ab538bd3dd43ad84aa6d09cf900456bb3680985,35164a286b6eb9016fdaec86f5ecc20c21acd386d0113eae43e9e5b52e1c744c
OKVED_Q,Q,Деятельность в области здравоохранения и социальных услуг,2044,37038.09277961588,643480.1020042866,643480.1020042866,5167064.6980514685,4601181.105318719,75324.00923524363,foreign_labor_migration_v5_sector_year,Foreign labor migration/docs/data/region_sector_forecast.csv,2026-05-27T13:57:22+00:00,2044,"{""cumulative_recommended_quota_persons"":643480.1020042866,""domestic_sector_supply_total_with_unemployment_reserve_persons"":4601181.105318719,""foreign_labor_stock_need_persons"":643480.1020042866,""labor_demand_required_persons"":5167064.6980514685,""recommended_annual_quota_persons"":37038.09277961588,""unemployment_reserve_sector_allocated_persons"":75324.00923524363}","{""cumulative_recommended_quota_persons"":""persons"",""domestic_sector_supply_total_with_unemployment_reserve_persons"":""persons"",""foreign_labor_stock_need_persons"":""persons"",""labor_demand_required_persons"":""persons"",""recommended_annual_quota_persons"":""persons"",""unemployment_reserve_sector_allocated_persons"":""persons""}",scripts/build_labor_migration_artifacts.py,scripts/build_labor_migration_artifacts.py,calculated_v5_sector_year_sum,bed04356e8a570a2911dde917ab538bd3dd43ad84aa6d09cf900456bb3680985,22c1f8a934ca8485600ac3f3e1227fbb4bfc8e9038fc46c7ab2923bd8269f705
OKVED_R,R,"Деятельность в области культуры, спорта, организации досуга и развлечений",2044,7178.532867254492,108320.2476927956,108320.2476927956,1246527.217815295,1173079.3699035817,75324.00923524363,foreign_labor_migration_v5_sector_year,Foreign labor migration/docs/data/region_sector_forecast.csv,2026-05-27T13:57:22+00:00,2044,"{""cumulative_recommended_quota_persons"":108320.2476927956,""domestic_sector_supply_total_with_unemployment_reserve_persons"":1173079.3699035817,""foreign_labor_stock_need_persons"":108320.2476927956,""labor_demand_required_persons"":1246527.217815295,""recommended_annual_quota_persons"":7178.532867254492,""unemployment_reserve_sector_allocated_persons"":75324.00923524363}","{""cumulative_recommended_quota_persons"":""persons"",""domestic_sector_supply_total_with_unemployment_reserve_persons"":""persons"",""foreign_labor_stock_need_persons"":""persons"",""labor_demand_required_persons"":""persons"",""recommended_annual_quota_persons"":""persons"",""unemployment_reserve_sector_allocated_persons"":""persons""}",scripts/build_labor_migration_artifacts.py,scripts/build_labor_migration_artifacts.py,calculated_v5_sector_year_sum,bed04356e8a570a2911dde917ab538bd3dd43ad84aa6d09cf900456bb3680985,e24c0565d5d5b1bd2af2bb74e14f92cf65bebdf5690b88a7f333a0ee362f8d82
OKVED_S,S,Предоставление прочих видов услуг,2044,12644.69547079626,183847.83713710276,183847.83713710276,1920447.664708007,1773891.994854176,75324.00923524363,foreign_labor_migration_v5_sector_year,Foreign labor migration/docs/data/region_sector_forecast.csv,2026-05-27T13:57:22+00:00,2044,"{""cumulative_recommended_quota_persons"":183847.83713710276,""domestic_sector_supply_total_with_unemployment_reserve_persons"":1773891.994854176,""foreign_labor_stock_need_persons"":183847.83713710276,""labor_demand_required_persons"":1920447.664708007,""recommended_annual_quota_persons"":12644.69547079626,""unemployment_reserve_sector_allocated_persons"":75324.00923524363}","{""cumulative_recommended_quota_persons"":""persons"",""domestic_sector_supply_total_with_unemployment_reserve_persons"":""persons"",""foreign_labor_stock_need_persons"":""persons"",""labor_demand_required_persons"":""persons"",""recommended_annual_quota_persons"":""persons"",""unemployment_reserve_sector_allocated_persons"":""persons""}",scripts/build_labor_migration_artifacts.py,scripts/build_labor_migration_artifacts.py,calculated_v5_sector_year_sum,bed04356e8a570a2911dde917ab538bd3dd43ad84aa6d09cf900456bb3680985,4b5e33a6dcd95c1b5812b98a79c6a1ec8ce89edd002fa2ace141ee9ddb1c9218
OKVED_T,T,Деятельность домашних хозяйств как работодателей; недифференцированная деятельность частных домашних хозяйств по производству товаров и оказанию услуг для собственного потребления,2044,130.61819973451043,1110.8281830571962,1110.8281830571962,67731.22346084774,122687.30609705373,62192.62106380883,foreign_labor_migration_v5_sector_year,Foreign labor migration/docs/data/region_sector_forecast.csv,2026-05-27T13:57:22+00:00,2044,"{""cumulative_recommended_quota_persons"":1110.8281830571962,""domestic_sector_supply_total_with_unemployment_reserve_persons"":122687.30609705373,""foreign_labor_stock_need_persons"":1110.8281830571962,""labor_demand_required_persons"":67731.22346084774,""recommended_annual_quota_persons"":130.61819973451043,""unemployment_reserve_sector_allocated_persons"":62192.62106380883}","{""cumulative_recommended_quota_persons"":""persons"",""domestic_sector_supply_total_with_unemployment_reserve_persons"":""persons"",""foreign_labor_stock_need_persons"":""persons"",""labor_demand_required_persons"":""persons"",""recommended_annual_quota_persons"":""persons"",""unemployment_reserve_sector_allocated_persons"":""persons""}",scripts/build_labor_migration_artifacts.py,scripts/build_labor_migration_artifacts.py,calculated_v5_sector_year_sum,bed04356e8a570a2911dde917ab538bd3dd43ad84aa6d09cf900456bb3680985,001ab9aa1d8bbe4954098cefd4fd40f4ae52697460f5452536e28e6d163f7019
OKVED_A,A,"Сельское, лесное хозяйство, охота, рыболовство и рыбоводство",2045,16850.37335277319,522396.96029461885,522398.1465406205,4093950.98963811,3673400.9705333877,74729.84920423286,foreign_labor_migration_v5_sector_year,Foreign labor migration/docs/data/region_sector_forecast.csv,2026-05-27T13:57:22+00:00,2045,"{""cumulative_recommended_quota_persons"":522398.1465406205,""domestic_sector_supply_total_with_unemployment_reserve_persons"":3673400.9705333877,""foreign_labor_stock_need_persons"":522396.96029461885,""labor_demand_required_persons"":4093950.98963811,""recommended_annual_quota_persons"":16850.37335277319,""unemployment_reserve_sector_allocated_persons"":74729.84920423286}","{""cumulative_recommended_quota_persons"":""persons"",""domestic_sector_supply_total_with_unemployment_reserve_persons"":""persons"",""foreign_labor_stock_need_persons"":""persons"",""labor_demand_required_persons"":""persons"",""recommended_annual_quota_persons"":""persons"",""unemployment_reserve_sector_allocated_persons"":""persons""}",scripts/build_labor_migration_artifacts.py,scripts/build_labor_migration_artifacts.py,calculated_v5_sector_year_sum,bed04356e8a570a2911dde917ab538bd3dd43ad84aa6d09cf900456bb3680985,fa32b6ee3012fc65cbb792bad53d6f9081c9b473ae42e03d51bbe8c3fcb19c4e
OKVED_B,B,Добыча полезных ископаемых,2045,15864.885010516025,318064.4511198937,318064.4511198937,1898140.502454106,1624881.2577527815,74729.84920423286,foreign_labor_migration_v5_sector_year,Foreign labor migration/docs/data/region_sector_forecast.csv,2026-05-27T13:57:22+00:00,2045,"{""cumulative_recommended_quota_persons"":318064.4511198937,""domestic_sector_supply_total_with_unemployment_reserve_persons"":1624881.2577527815,""foreign_labor_stock_need_persons"":318064.4511198937,""labor_demand_required_persons"":1898140.502454106,""recommended_annual_quota_persons"":15864.885010516025,""unemployment_reserve_sector_allocated_persons"":74729.84920423286}","{""cumulative_recommended_quota_persons"":""persons"",""domestic_sector_supply_total_with_unemployment_reserve_persons"":""persons"",""foreign_labor_stock_need_persons"":""persons"",""labor_demand_required_persons"":""persons"",""recommended_annual_quota_persons"":""persons"",""unemployment_reserve_sector_allocated_persons"":""persons""}",scripts/build_labor_migration_artifacts.py,scripts/build_labor_migration_artifacts.py,calculated_v5_sector_year_sum,bed04356e8a570a2911dde917ab538bd3dd43ad84aa6d09cf900456bb3680985,192f833baeab770077d014a7f688f11fc9690fc54720befbcb56b5fd9d5cb2f9
OKVED_C,C,Обрабатывающие производства,2045,29805.964725165795,1113927.2047188187,1113963.9568764416,8551608.523044238,7528419.075983912,74729.84920423286,foreign_labor_migration_v5_sector_year,Foreign labor migration/docs/data/region_sector_forecast.csv,2026-05-27T13:57:22+00:00,2045,"{""cumulative_recommended_quota_persons"":1113963.9568764416,""domestic_sector_supply_total_with_unemployment_reserve_persons"":7528419.075983912,""foreign_labor_stock_need_persons"":1113927.2047188187,""labor_demand_required_persons"":8551608.523044238,""recommended_annual_quota_persons"":29805.964725165795,""unemployment_reserve_sector_allocated_persons"":74729.84920423286}","{""cumulative_recommended_quota_persons"":""persons"",""domestic_sector_supply_total_with_unemployment_reserve_persons"":""persons"",""foreign_labor_stock_need_persons"":""persons"",""labor_demand_required_persons"":""persons"",""recommended_annual_quota_persons"":""persons"",""unemployment_reserve_sector_allocated_persons"":""persons""}",scripts/build_labor_migration_artifacts.py,scripts/build_labor_migration_artifacts.py,calculated_v5_sector_year_sum,bed04356e8a570a2911dde917ab538bd3dd43ad84aa6d09cf900456bb3680985,33716b68125826d8df9ca513531fb9156370fb700024b186ee32d34b2fbd92a3
OKVED_D,D,"Обеспечение электрической энергией, газом и паром; кондиционирование воздуха",2045,13492.497086572203,236119.36164785599,236119.36164785599,1927805.618011947,1730553.6104115439,74729.84920423286,foreign_labor_migration_v5_sector_year,Foreign labor migration/docs/data/region_sector_forecast.csv,2026-05-27T13:57:22+00:00,2045,"{""cumulative_recommended_quota_persons"":236119.36164785599,""domestic_sector_supply_total_with_unemployment_reserve_persons"":1730553.6104115439,""foreign_labor_stock_need_persons"":236119.36164785599,""labor_demand_required_persons"":1927805.618011947,""recommended_annual_quota_persons"":13492.497086572203,""unemployment_reserve_sector_allocated_persons"":74729.84920423286}","{""cumulative_recommended_quota_persons"":""persons"",""domestic_sector_supply_total_with_unemployment_reserve_persons"":""persons"",""foreign_labor_stock_need_persons"":""persons"",""labor_demand_required_persons"":""persons"",""recommended_annual_quota_persons"":""persons"",""unemployment_reserve_sector_allocated_persons"":""persons""}",scripts/build_labor_migration_artifacts.py,scripts/build_labor_migration_artifacts.py,calculated_v5_sector_year_sum,bed04356e8a570a2911dde917ab538bd3dd43ad84aa6d09cf900456bb3680985,03f53876a7a545468cc82ad38177218f2baeed7f565238525fa99e0f69814773
OKVED_E,E,"Водоснабжение; водоотведение, организация сбора и утилизации отходов, деятельность по ликвидации загрязнений",2045,2427.2885197871997,42197.87238527067,42199.68536410959,618653.1158491571,609999.897846914,74729.84920423286,foreign_labor_migration_v5_sector_year,Foreign labor migration/docs/data/region_sector_forecast.csv,2026-05-27T13:57:22+00:00,2045,"{""cumulative_recommended_quota_persons"":42199.68536410959,""domestic_sector_supply_total_with_unemployment_reserve_persons"":609999.897846914,""foreign_labor_stock_need_persons"":42197.87238527067,""labor_demand_required_persons"":618653.1158491571,""recommended_annual_quota_persons"":2427.2885197871997,""unemployment_reserve_sector_allocated_persons"":74729.84920423286}","{""cumulative_recommended_quota_persons"":""persons"",""domestic_sector_supply_total_with_unemployment_reserve_persons"":""persons"",""foreign_labor_stock_need_persons"":""persons"",""labor_demand_required_persons"":""persons"",""recommended_annual_quota_persons"":""persons"",""unemployment_reserve_sector_allocated_persons"":""persons""}",scripts/build_labor_migration_artifacts.py,scripts/build_labor_migration_artifacts.py,calculated_v5_sector_year_sum,bed04356e8a570a2911dde917ab538bd3dd43ad84aa6d09cf900456bb3680985,69cf9e4d1b32f5c84fe9d8a9a7c565d83601a3df2e9880b5caed07c7919c376e
OKVED_F,F,Строительство,2045,22502.107365489326,719233.0176813691,719243.421609915,5991584.36974438,5362758.360036256,74729.84920423286,foreign_labor_migration_v5_sector_year,Foreign labor migration/docs/data/region_sector_forecast.csv,2026-05-27T13:57:22+00:00,2045,"{""cumulative_recommended_quota_persons"":719243.421609915,""domestic_sector_supply_total_with_unemployment_reserve_persons"":5362758.360036256,""foreign_labor_stock_need_persons"":719233.0176813691,""labor_demand_required_persons"":5991584.36974438,""recommended_annual_quota_persons"":22502.107365489326,""unemployment_reserve_sector_allocated_persons"":74729.84920423286}","{""cumulative_recommended_quota_persons"":""persons"",""domestic_sector_supply_total_with_unemployment_reserve_persons"":""persons"",""foreign_labor_stock_need_persons"":""persons"",""labor_demand_required_persons"":""persons"",""recommended_annual_quota_persons"":""persons"",""unemployment_reserve_sector_allocated_persons"":""persons""}",scripts/build_labor_migration_artifacts.py,scripts/build_labor_migration_artifacts.py,calculated_v5_sector_year_sum,bed04356e8a570a2911dde917ab538bd3dd43ad84aa6d09cf900456bb3680985,19e393fab18f8b11cbd41561dbc2c38e86481a7add7ec9db24e43a0bb5d49222
OKVED_G,G,Торговля оптовая и розничная; ремонт автотранспортных средств и мотоциклов,2045,63242.17623809058,1750217.0669574009,1750217.1123484261,13611202.142177504,12004934.044081295,74729.84920423286,foreign_labor_migration_v5_sector_year,Foreign labor migration/docs/data/region_sector_forecast.csv,2026-05-27T13:57:22+00:00,2045,"{""cumulative_recommended_quota_persons"":1750217.1123484261,""domestic_sector_supply_total_with_unemployment_reserve_persons"":12004934.044081295,""foreign_labor_stock_need_persons"":1750217.0669574009,""labor_demand_required_persons"":13611202.142177504,""recommended_annual_quota_persons"":63242.17623809058,""unemployment_reserve_sector_allocated_persons"":74729.84920423286}","{""cumulative_recommended_quota_persons"":""persons"",""domestic_sector_supply_total_with_unemployment_reserve_persons"":""persons"",""foreign_labor_stock_need_persons"":""persons"",""labor_demand_required_persons"":""persons"",""recommended_annual_quota_persons"":""persons"",""unemployment_reserve_sector_allocated_persons"":""persons""}",scripts/build_labor_migration_artifacts.py,scripts/build_labor_migration_artifacts.py,calculated_v5_sector_year_sum,bed04356e8a570a2911dde917ab538bd3dd43ad84aa6d09cf900456bb3680985,2039bdfc13293e5c9f36fa6136926e9e990c6db0d0b141cd4099458ac0f393fd
OKVED_H,H,Транспортировка и хранение,2045,33329.073698925844,822766.8096762449,822766.8096762449,6355288.299995494,5612031.292033215,74729.84920423286,foreign_labor_migration_v5_sector_year,Foreign labor migration/docs/data/region_sector_forecast.csv,2026-05-27T13:57:22+00:00,2045,"{""cumulative_recommended_quota_persons"":822766.8096762449,""domestic_sector_supply_total_with_unemployment_reserve_persons"":5612031.292033215,""foreign_labor_stock_need_persons"":822766.8096762449,""labor_demand_required_persons"":6355288.299995494,""recommended_annual_quota_persons"":33329.073698925844,""unemployment_reserve_sector_allocated_persons"":74729.84920423286}","{""cumulative_recommended_quota_persons"":""persons"",""domestic_sector_supply_total_with_unemployment_reserve_persons"":""persons"",""foreign_labor_stock_need_persons"":""persons"",""labor_demand_required_persons"":""persons"",""recommended_annual_quota_persons"":""persons"",""unemployment_reserve_sector_allocated_persons"":""persons""}",scripts/build_labor_migration_artifacts.py,scripts/build_labor_migration_artifacts.py,calculated_v5_sector_year_sum,bed04356e8a570a2911dde917ab538bd3dd43ad84aa6d09cf900456bb3680985,62280d046be9c3fea75e2389d569966ed6cd63941b179e8b50044c43744a6bec
OKVED_I,I,Деятельность гостиниц и предприятий общественного питания,2045,9117.46971253646,208772.23994936276,208772.23994936276,2014359.593772718,1846297.5580763377,74729.84920423286,foreign_labor_migration_v5_sector_year,Foreign labor migration/docs/data/region_sector_forecast.csv,2026-05-27T13:57:22+00:00,2045,"{""cumulative_recommended_quota_persons"":208772.23994936276,""domestic_sector_supply_total_with_unemployment_reserve_persons"":1846297.5580763377,""foreign_labor_stock_need_persons"":208772.23994936276,""labor_demand_required_persons"":2014359.593772718,""recommended_annual_quota_persons"":9117.46971253646,""unemployment_reserve_sector_allocated_persons"":74729.84920423286}","{""cumulative_recommended_quota_persons"":""persons"",""domestic_sector_supply_total_with_unemployment_reserve_persons"":""persons"",""foreign_labor_stock_need_persons"":""persons"",""labor_demand_required_persons"":""persons"",""recommended_annual_quota_persons"":""persons"",""unemployment_reserve_sector_allocated_persons"":""persons""}",scripts/build_labor_migration_artifacts.py,scripts/build_labor_migration_artifacts.py,calculated_v5_sector_year_sum,bed04356e8a570a2911dde917ab538bd3dd43ad84aa6d09cf900456bb3680985,042d0cf643c238694c779f38af509aae7759b3b7acdeeaa70737da2a3d4dc80f
OKVED_J,J,Деятельность в области информации и связи,2045,6188.097245729368,148995.80377624443,148995.80377624443,1644861.9303333703,1527899.730288119,74729.84920423286,foreign_labor_migration_v5_sector_year,Foreign labor migration/docs/data/region_sector_forecast.csv,2026-05-27T13:57:22+00:00,2045,"{""cumulative_recommended_quota_persons"":148995.80377624443,""domestic_sector_supply_total_with_unemployment_reserve_persons"":1527899.730288119,""foreign_labor_stock_need_persons"":148995.80377624443,""labor_demand_required_persons"":1644861.9303333703,""recommended_annual_quota_persons"":6188.097245729368,""unemployment_reserve_sector_allocated_persons"":74729.84920423286}","{""cumulative_recommended_quota_persons"":""persons"",""domestic_sector_supply_total_with_unemployment_reserve_persons"":""persons"",""foreign_labor_stock_need_persons"":""persons"",""labor_demand_required_persons"":""persons"",""recommended_annual_quota_persons"":""persons"",""unemployment_reserve_sector_allocated_persons"":""persons""}",scripts/build_labor_migration_artifacts.py,scripts/build_labor_migration_artifacts.py,calculated_v5_sector_year_sum,bed04356e8a570a2911dde917ab538bd3dd43ad84aa6d09cf900456bb3680985,33b535fcb3efb91a0c86e0d29458e31ebd011188bca81917e674c364823d815d
OKVED_K,K,Деятельность финансовая и страховая,2045,5556.986066744828,108153.91875945662,108153.91875945662,1248370.4008834513,1173327.3200058974,74729.84920423286,foreign_labor_migration_v5_sector_year,Foreign labor migration/docs/data/region_sector_forecast.csv,2026-05-27T13:57:22+00:00,2045,"{""cumulative_recommended_quota_persons"":108153.91875945662,""domestic_sector_supply_total_with_unemployment_reserve_persons"":1173327.3200058974,""foreign_labor_stock_need_persons"":108153.91875945662,""labor_demand_required_persons"":1248370.4008834513,""recommended_annual_quota_persons"":5556.986066744828,""unemployment_reserve_sector_allocated_persons"":74729.84920423286}","{""cumulative_recommended_quota_persons"":""persons"",""domestic_sector_supply_total_with_unemployment_reserve_persons"":""persons"",""foreign_labor_stock_need_persons"":""persons"",""labor_demand_required_persons"":""persons"",""recommended_annual_quota_persons"":""persons"",""unemployment_reserve_sector_allocated_persons"":""persons""}",scripts/build_labor_migration_artifacts.py,scripts/build_labor_migration_artifacts.py,calculated_v5_sector_year_sum,bed04356e8a570a2911dde917ab538bd3dd43ad84aa6d09cf900456bb3680985,8e2885bda9b3e16fe8876a4dedd7f8756d4fb8585b3cd20f0802332866cc72ea
OKVED_L,L,Деятельность по операциям с недвижимым имуществом,2045,9954.198332674008,212389.20626206163,212389.20626206163,2001896.523785128,1824456.6908672953,74729.84920423286,foreign_labor_migration_v5_sector_year,Foreign labor migration/docs/data/region_sector_forecast.csv,2026-05-27T13:57:22+00:00,2045,"{""cumulative_recommended_quota_persons"":212389.20626206163,""domestic_sector_supply_total_with_unemployment_reserve_persons"":1824456.6908672953,""foreign_labor_stock_need_persons"":212389.20626206163,""labor_demand_required_persons"":2001896.523785128,""recommended_annual_quota_persons"":9954.198332674008,""unemployment_reserve_sector_allocated_persons"":74729.84920423286}","{""cumulative_recommended_quota_persons"":""persons"",""domestic_sector_supply_total_with_unemployment_reserve_persons"":""persons"",""foreign_labor_stock_need_persons"":""persons"",""labor_demand_required_persons"":""persons"",""recommended_annual_quota_persons"":""persons"",""unemployment_reserve_sector_allocated_persons"":""persons""}",scripts/build_labor_migration_artifacts.py,scripts/build_labor_migration_artifacts.py,calculated_v5_sector_year_sum,bed04356e8a570a2911dde917ab538bd3dd43ad84aa6d09cf900456bb3680985,f26208378577b7b825fbff136470f1812ac902e3770e54dc5f3cdcc73d76bf48
OKVED_M,M,"Деятельность профессиональная, научная и техническая",2045,8487.185147611013,247082.70194098196,247095.80955874603,2412888.807324567,2199944.8504235637,74729.84920423286,foreign_labor_migration_v5_sector_year,Foreign labor migration/docs/data/region_sector_forecast.csv,2026-05-27T13:57:22+00:00,2045,"{""cumulative_recommended_quota_persons"":247095.80955874603,""domestic_sector_supply_total_with_unemployment_reserve_persons"":2199944.8504235637,""foreign_labor_stock_need_persons"":247082.70194098196,""labor_demand_required_persons"":2412888.807324567,""recommended_annual_quota_persons"":8487.185147611013,""unemployment_reserve_sector_allocated_persons"":74729.84920423286}","{""cumulative_recommended_quota_persons"":""persons"",""domestic_sector_supply_total_with_unemployment_reserve_persons"":""persons"",""foreign_labor_stock_need_persons"":""persons"",""labor_demand_required_persons"":""persons"",""recommended_annual_quota_persons"":""persons"",""unemployment_reserve_sector_allocated_persons"":""persons""}",scripts/build_labor_migration_artifacts.py,scripts/build_labor_migration_artifacts.py,calculated_v5_sector_year_sum,bed04356e8a570a2911dde917ab538bd3dd43ad84aa6d09cf900456bb3680985,13c2422c505fd4ae254aaa8821555fe7445893f76fd5c0bbf8e7fb0f31c1eead
OKVED_N,N,Деятельность административная и сопутствующие дополнительные услуги,2045,17327.20125899802,325988.7181974549,325988.7181974549,2839233.658660915,2554697.2405373305,74729.84920423286,foreign_labor_migration_v5_sector_year,Foreign labor migration/docs/data/region_sector_forecast.csv,2026-05-27T13:57:22+00:00,2045,"{""cumulative_recommended_quota_persons"":325988.7181974549,""domestic_sector_supply_total_with_unemployment_reserve_persons"":2554697.2405373305,""foreign_labor_stock_need_persons"":325988.7181974549,""labor_demand_required_persons"":2839233.658660915,""recommended_annual_quota_persons"":17327.20125899802,""unemployment_reserve_sector_allocated_persons"":74729.84920423286}","{""cumulative_recommended_quota_persons"":""persons"",""domestic_sector_supply_total_with_unemployment_reserve_persons"":""persons"",""foreign_labor_stock_need_persons"":""persons"",""labor_demand_required_persons"":""persons"",""recommended_annual_quota_persons"":""persons"",""unemployment_reserve_sector_allocated_persons"":""persons""}",scripts/build_labor_migration_artifacts.py,scripts/build_labor_migration_artifacts.py,calculated_v5_sector_year_sum,bed04356e8a570a2911dde917ab538bd3dd43ad84aa6d09cf900456bb3680985,a313acdd1e9c69da7eadaf7fa5b018a32071388e3c3694229126e4185a20dd52
OKVED_O,O,Государственное управление и обеспечение военной безопасности; социальное обеспечение,2045,20398.159938651646,478357.5899397419,478357.5899397419,3700107.4157094355,3297666.704091682,74729.84920423286,foreign_labor_migration_v5_sector_year,Foreign labor migration/docs/data/region_sector_forecast.csv,2026-05-27T13:57:22+00:00,2045,"{""cumulative_recommended_quota_persons"":478357.5899397419,""domestic_sector_supply_total_with_unemployment_reserve_persons"":3297666.704091682,""foreign_labor_stock_need_persons"":478357.5899397419,""labor_demand_required_persons"":3700107.4157094355,""recommended_annual_quota_persons"":20398.159938651646,""unemployment_reserve_sector_allocated_persons"":74729.84920423286}","{""cumulative_recommended_quota_persons"":""persons"",""domestic_sector_supply_total_with_unemployment_reserve_persons"":""persons"",""foreign_labor_stock_need_persons"":""persons"",""labor_demand_required_persons"":""persons"",""recommended_annual_quota_persons"":""persons"",""unemployment_reserve_sector_allocated_persons"":""persons""}",scripts/build_labor_migration_artifacts.py,scripts/build_labor_migration_artifacts.py,calculated_v5_sector_year_sum,bed04356e8a570a2911dde917ab538bd3dd43ad84aa6d09cf900456bb3680985,8ef4a9970697e585beae03dc18d2d719488b14b152986b14386cc8cd66362cf1
OKVED_P,P,Образование,2045,33565.0446235071,778637.0219556348,778637.0219556348,6076289.690560567,5410302.718033179,74729.84920423286,foreign_labor_migration_v5_sector_year,Foreign labor migration/docs/data/region_sector_forecast.csv,2026-05-27T13:57:22+00:00,2045,"{""cumulative_recommended_quota_persons"":778637.0219556348,""domestic_sector_supply_total_with_unemployment_reserve_persons"":5410302.718033179,""foreign_labor_stock_need_persons"":778637.0219556348,""labor_demand_required_persons"":6076289.690560567,""recommended_annual_quota_persons"":33565.0446235071,""unemployment_reserve_sector_allocated_persons"":74729.84920423286}","{""cumulative_recommended_quota_persons"":""persons"",""domestic_sector_supply_total_with_unemployment_reserve_persons"":""persons"",""foreign_labor_stock_need_persons"":""persons"",""labor_demand_required_persons"":""persons"",""recommended_annual_quota_persons"":""persons"",""unemployment_reserve_sector_allocated_persons"":""persons""}",scripts/build_labor_migration_artifacts.py,scripts/build_labor_migration_artifacts.py,calculated_v5_sector_year_sum,bed04356e8a570a2911dde917ab538bd3dd43ad84aa6d09cf900456bb3680985,86616707d8353d493b1686b5ac4d6dd2cb6699a164c266dc3f5ba4df75879209
OKVED_Q,Q,Деятельность в области здравоохранения и социальных услуг,2045,31070.96320288883,674551.0652071754,674551.0652071754,5187512.070454644,4591636.409105509,74729.84920423286,foreign_labor_migration_v5_sector_year,Foreign labor migration/docs/data/region_sector_forecast.csv,2026-05-27T13:57:22+00:00,2045,"{""cumulative_recommended_quota_persons"":674551.0652071754,""domestic_sector_supply_total_with_unemployment_reserve_persons"":4591636.409105509,""foreign_labor_stock_need_persons"":674551.0652071754,""labor_demand_required_persons"":5187512.070454644,""recommended_annual_quota_persons"":31070.96320288883,""unemployment_reserve_sector_allocated_persons"":74729.84920423286}","{""cumulative_recommended_quota_persons"":""persons"",""domestic_sector_supply_total_with_unemployment_reserve_persons"":""persons"",""foreign_labor_stock_need_persons"":""persons"",""labor_demand_required_persons"":""persons"",""recommended_annual_quota_persons"":""persons"",""unemployment_reserve_sector_allocated_persons"":""persons""}",scripts/build_labor_migration_artifacts.py,scripts/build_labor_migration_artifacts.py,calculated_v5_sector_year_sum,bed04356e8a570a2911dde917ab538bd3dd43ad84aa6d09cf900456bb3680985,64954916563008fa8506e14bfc0b6ded15a93e7ac5ba05320b1a88c6a1febbe6
OKVED_R,R,"Деятельность в области культуры, спорта, организации досуга и развлечений",2045,5790.038273445439,114110.28596624105,114110.28596624105,1242021.1585100896,1162254.842104163,74729.84920423286,foreign_labor_migration_v5_sector_year,Foreign labor migration/docs/data/region_sector_forecast.csv,2026-05-27T13:57:22+00:00,2045,"{""cumulative_recommended_quota_persons"":114110.28596624105,""domestic_sector_supply_total_with_unemployment_reserve_persons"":1162254.842104163,""foreign_labor_stock_need_persons"":114110.28596624105,""labor_demand_required_persons"":1242021.1585100896,""recommended_annual_quota_persons"":5790.038273445439,""unemployment_reserve_sector_allocated_persons"":74729.84920423286}","{""cumulative_recommended_quota_persons"":""persons"",""domestic_sector_supply_total_with_unemployment_reserve_persons"":""persons"",""foreign_labor_stock_need_persons"":""persons"",""labor_demand_required_persons"":""persons"",""recommended_annual_quota_persons"":""persons"",""unemployment_reserve_sector_allocated_persons"":""persons""}",scripts/build_labor_migration_artifacts.py,scripts/build_labor_migration_artifacts.py,calculated_v5_sector_year_sum,bed04356e8a570a2911dde917ab538bd3dd43ad84aa6d09cf900456bb3680985,1e32bed9a57384c7993969c47cc39a9c009ea07bde7e303c5af08e6a71f21501
OKVED_S,S,Предоставление прочих видов услуг,2045,9892.058188502868,193739.89532560564,193739.89532560564,1918220.9190930221,1761899.2541735792,74729.84920423286,foreign_labor_migration_v5_sector_year,Foreign labor migration/docs/data/region_sector_forecast.csv,2026-05-27T13:57:22+00:00,2045,"{""cumulative_recommended_quota_persons"":193739.89532560564,""domestic_sector_supply_total_with_unemployment_reserve_persons"":1761899.2541735792,""foreign_labor_stock_need_persons"":193739.89532560564,""labor_demand_required_persons"":1918220.9190930221,""recommended_annual_quota_persons"":9892.058188502868,""unemployment_reserve_sector_allocated_persons"":74729.84920423286}","{""cumulative_recommended_quota_persons"":""persons"",""domestic_sector_supply_total_with_unemployment_reserve_persons"":""persons"",""foreign_labor_stock_need_persons"":""persons"",""labor_demand_required_persons"":""persons"",""recommended_annual_quota_persons"":""persons"",""unemployment_reserve_sector_allocated_persons"":""persons""}",scripts/build_labor_migration_artifacts.py,scripts/build_labor_migration_artifacts.py,calculated_v5_sector_year_sum,bed04356e8a570a2911dde917ab538bd3dd43ad84aa6d09cf900456bb3680985,1562b8ed0c0c1b1472f18866c74a181b47095e167c58e5766ac05a88ea7eeeb6
OKVED_T,T,Деятельность домашних хозяйств как работодателей; недифференцированная деятельность частных домашних хозяйств по производству товаров и оказанию услуг для собственного потребления,2045,117.41207656419078,1228.240259621387,1228.240259621387,67562.47160232738,121777.20908492015,61734.87978336873,foreign_labor_migration_v5_sector_year,Foreign labor migration/docs/data/region_sector_forecast.csv,2026-05-27T13:57:22+00:00,2045,"{""cumulative_recommended_quota_persons"":1228.240259621387,""domestic_sector_supply_total_with_unemployment_reserve_persons"":121777.20908492015,""foreign_labor_stock_need_persons"":1228.240259621387,""labor_demand_required_persons"":67562.47160232738,""recommended_annual_quota_persons"":117.41207656419078,""unemployment_reserve_sector_allocated_persons"":61734.87978336873}","{""cumulative_recommended_quota_persons"":""persons"",""domestic_sector_supply_total_with_unemployment_reserve_persons"":""persons"",""foreign_labor_stock_need_persons"":""persons"",""labor_demand_required_persons"":""persons"",""recommended_annual_quota_persons"":""persons"",""unemployment_reserve_sector_allocated_persons"":""persons""}",scripts/build_labor_migration_artifacts.py,scripts/build_labor_migration_artifacts.py,calculated_v5_sector_year_sum,bed04356e8a570a2911dde917ab538bd3dd43ad84aa6d09cf900456bb3680985,79ccc805239d0131d1c8075dec9784fdd81e53d936d3dbf3649f36c16e2ff59b
OKVED_A,A,"Сельское, лесное хозяйство, охота, рыболовство и рыбоводство",2046,17235.87378394734,539632.8340785662,539634.0203245678,4060065.549596738,3623625.657191639,74070.10217345216,foreign_labor_migration_v5_sector_year,Foreign labor migration/docs/data/region_sector_forecast.csv,2026-05-27T13:57:22+00:00,2046,"{""cumulative_recommended_quota_persons"":539634.0203245678,""domestic_sector_supply_total_with_unemployment_reserve_persons"":3623625.657191639,""foreign_labor_stock_need_persons"":539632.8340785662,""labor_demand_required_persons"":4060065.549596738,""recommended_annual_quota_persons"":17235.87378394734,""unemployment_reserve_sector_allocated_persons"":74070.10217345216}","{""cumulative_recommended_quota_persons"":""persons"",""domestic_sector_supply_total_with_unemployment_reserve_persons"":""persons"",""foreign_labor_stock_need_persons"":""persons"",""labor_demand_required_persons"":""persons"",""recommended_annual_quota_persons"":""persons"",""unemployment_reserve_sector_allocated_persons"":""persons""}",scripts/build_labor_migration_artifacts.py,scripts/build_labor_migration_artifacts.py,calculated_v5_sector_year_sum,bed04356e8a570a2911dde917ab538bd3dd43ad84aa6d09cf900456bb3680985,4c730c063eb3a9992e98b5fe8a5cd88442cc4d3ea5b69c70f3834a52309aead2
OKVED_B,B,Добыча полезных ископаемых,2046,16543.76770025943,334608.21882015315,334608.21882015315,1919276.6783984362,1628530.514147928,74070.10217345216,foreign_labor_migration_v5_sector_year,Foreign labor migration/docs/data/region_sector_forecast.csv,2026-05-27T13:57:22+00:00,2046,"{""cumulative_recommended_quota_persons"":334608.21882015315,""domestic_sector_supply_total_with_unemployment_reserve_persons"":1628530.514147928,""foreign_labor_stock_need_persons"":334608.21882015315,""labor_demand_required_persons"":1919276.6783984362,""recommended_annual_quota_persons"":16543.76770025943,""unemployment_reserve_sector_allocated_persons"":74070.10217345216}","{""cumulative_recommended_quota_persons"":""persons"",""domestic_sector_supply_total_with_unemployment_reserve_persons"":""persons"",""foreign_labor_stock_need_persons"":""persons"",""labor_demand_required_persons"":""persons"",""recommended_annual_quota_persons"":""persons"",""unemployment_reserve_sector_allocated_persons"":""persons""}",scripts/build_labor_migration_artifacts.py,scripts/build_labor_migration_artifacts.py,calculated_v5_sector_year_sum,bed04356e8a570a2911dde917ab538bd3dd43ad84aa6d09cf900456bb3680985,545c56981801f352550c1020d918ccb28ed1aecb648cdd15518d4727a38cd685
OKVED_C,C,Обрабатывающие производства,2046,30909.472307852375,1144836.6770266711,1144873.4291842938,8420817.320439056,7365791.433861879,74070.10217345216,foreign_labor_migration_v5_sector_year,Foreign labor migration/docs/data/region_sector_forecast.csv,2026-05-27T13:57:22+00:00,2046,"{""cumulative_recommended_quota_persons"":1144873.4291842938,""domestic_sector_supply_total_with_unemployment_reserve_persons"":7365791.433861879,""foreign_labor_stock_need_persons"":1144836.6770266711,""labor_demand_required_persons"":8420817.320439056,""recommended_annual_quota_persons"":30909.472307852375,""unemployment_reserve_sector_allocated_persons"":74070.10217345216}","{""cumulative_recommended_quota_persons"":""persons"",""domestic_sector_supply_total_with_unemployment_reserve_persons"":""persons"",""foreign_labor_stock_need_persons"":""persons"",""labor_demand_required_persons"":""persons"",""recommended_annual_quota_persons"":""persons"",""unemployment_reserve_sector_allocated_persons"":""persons""}",scripts/build_labor_migration_artifacts.py,scripts/build_labor_migration_artifacts.py,calculated_v5_sector_year_sum,bed04356e8a570a2911dde917ab538bd3dd43ad84aa6d09cf900456bb3680985,728c7235eb9ea7f7d2c4b2ef725a6e548969120f6345230d535e5fa0f3a35e67
OKVED_D,D,"Обеспечение электрической энергией, газом и паром; кондиционирование воздуха",2046,14143.329591802543,250262.69123965854,250262.69123965854,1940628.0226735082,1729280.9031101894,74070.10217345216,foreign_labor_migration_v5_sector_year,Foreign labor migration/docs/data/region_sector_forecast.csv,2026-05-27T13:57:22+00:00,2046,"{""cumulative_recommended_quota_persons"":250262.69123965854,""domestic_sector_supply_total_with_unemployment_reserve_persons"":1729280.9031101894,""foreign_labor_stock_need_persons"":250262.69123965854,""labor_demand_required_persons"":1940628.0226735082,""recommended_annual_quota_persons"":14143.329591802543,""unemployment_reserve_sector_allocated_persons"":74070.10217345216}","{""cumulative_recommended_quota_persons"":""persons"",""domestic_sector_supply_total_with_unemployment_reserve_persons"":""persons"",""foreign_labor_stock_need_persons"":""persons"",""labor_demand_required_persons"":""persons"",""recommended_annual_quota_persons"":""persons"",""unemployment_reserve_sector_allocated_persons"":""persons""}",scripts/build_labor_migration_artifacts.py,scripts/build_labor_migration_artifacts.py,calculated_v5_sector_year_sum,bed04356e8a570a2911dde917ab538bd3dd43ad84aa6d09cf900456bb3680985,5762da8edd1c767e10f9131db075b6c704719792c2ffb0baf5612961744ac963
OKVED_E,E,"Водоснабжение; водоотведение, организация сбора и утилизации отходов, деятельность по ликвидации загрязнений",2046,2600.29434847609,44798.16673374676,44799.97971258567,612403.2183065971,600422.711514865,74070.10217345216,foreign_labor_migration_v5_sector_year,Foreign labor migration/docs/data/region_sector_forecast.csv,2026-05-27T13:57:22+00:00,2046,"{""cumulative_recommended_quota_persons"":44799.97971258567,""domestic_sector_supply_total_with_unemployment_reserve_persons"":600422.711514865,""foreign_labor_stock_need_persons"":44798.16673374676,""labor_demand_required_persons"":612403.2183065971,""recommended_annual_quota_persons"":2600.29434847609,""unemployment_reserve_sector_allocated_persons"":74070.10217345216}","{""cumulative_recommended_quota_persons"":""persons"",""domestic_sector_supply_total_with_unemployment_reserve_persons"":""persons"",""foreign_labor_stock_need_persons"":""persons"",""labor_demand_required_persons"":""persons"",""recommended_annual_quota_persons"":""persons"",""unemployment_reserve_sector_allocated_persons"":""persons""}",scripts/build_labor_migration_artifacts.py,scripts/build_labor_migration_artifacts.py,calculated_v5_sector_year_sum,bed04356e8a570a2911dde917ab538bd3dd43ad84aa6d09cf900456bb3680985,5b8e41d20baa48664a2273b389d3058e8485536338172df129b0ecfa5665e222
OKVED_F,F,Строительство,2046,23687.911895160883,742920.9295765299,742931.3335050759,5921972.716614303,5269533.332606577,74070.10217345216,foreign_labor_migration_v5_sector_year,Foreign labor migration/docs/data/region_sector_forecast.csv,2026-05-27T13:57:22+00:00,2046,"{""cumulative_recommended_quota_persons"":742931.3335050759,""domestic_sector_supply_total_with_unemployment_reserve_persons"":5269533.332606577,""foreign_labor_stock_need_persons"":742920.9295765299,""labor_demand_required_persons"":5921972.716614303,""recommended_annual_quota_persons"":23687.911895160883,""unemployment_reserve_sector_allocated_persons"":74070.10217345216}","{""cumulative_recommended_quota_persons"":""persons"",""domestic_sector_supply_total_with_unemployment_reserve_persons"":""persons"",""foreign_labor_stock_need_persons"":""persons"",""labor_demand_required_persons"":""persons"",""recommended_annual_quota_persons"":""persons"",""unemployment_reserve_sector_allocated_persons"":""persons""}",scripts/build_labor_migration_artifacts.py,scripts/build_labor_migration_artifacts.py,calculated_v5_sector_year_sum,bed04356e8a570a2911dde917ab538bd3dd43ad84aa6d09cf900456bb3680985,fa6bbfd889e1b318840657831dab7fa6b68202335601a7ae7327657ea1f84410
OKVED_G,G,Торговля оптовая и розничная; ремонт автотранспортных средств и мотоциклов,2046,66697.77400054887,1816914.8409579496,1816914.886348975,13544358.536481434,11872045.420534723,74070.10217345216,foreign_labor_migration_v5_sector_year,Foreign labor migration/docs/data/region_sector_forecast.csv,2026-05-27T13:57:22+00:00,2046,"{""cumulative_recommended_quota_persons"":1816914.886348975,""domestic_sector_supply_total_with_unemployment_reserve_persons"":11872045.420534723,""foreign_labor_stock_need_persons"":1816914.8409579496,""labor_demand_required_persons"":13544358.536481434,""recommended_annual_quota_persons"":66697.77400054887,""unemployment_reserve_sector_allocated_persons"":74070.10217345216}","{""cumulative_recommended_quota_persons"":""persons"",""domestic_sector_supply_total_with_unemployment_reserve_persons"":""persons"",""foreign_labor_stock_need_persons"":""persons"",""labor_demand_required_persons"":""persons"",""recommended_annual_quota_persons"":""persons"",""unemployment_reserve_sector_allocated_persons"":""persons""}",scripts/build_labor_migration_artifacts.py,scripts/build_labor_migration_artifacts.py,calculated_v5_sector_year_sum,bed04356e8a570a2911dde917ab538bd3dd43ad84aa6d09cf900456bb3680985,d97437af3f7ceb36cd87c223c8c2bb3c01eeaae58825f52cfcca990e9126900a
OKVED_H,H,Транспортировка и хранение,2046,35058.55852943907,857825.368205684,857825.368205684,6342129.441623269,5564069.1547328485,74070.10217345216,foreign_labor_migration_v5_sector_year,Foreign labor migration/docs/data/region_sector_forecast.csv,2026-05-27T13:57:22+00:00,2046,"{""cumulative_recommended_quota_persons"":857825.368205684,""domestic_sector_supply_total_with_unemployment_reserve_persons"":5564069.1547328485,""foreign_labor_stock_need_persons"":857825.368205684,""labor_demand_required_persons"":6342129.441623269,""recommended_annual_quota_persons"":35058.55852943907,""unemployment_reserve_sector_allocated_persons"":74070.10217345216}","{""cumulative_recommended_quota_persons"":""persons"",""domestic_sector_supply_total_with_unemployment_reserve_persons"":""persons"",""foreign_labor_stock_need_persons"":""persons"",""labor_demand_required_persons"":""persons"",""recommended_annual_quota_persons"":""persons"",""unemployment_reserve_sector_allocated_persons"":""persons""}",scripts/build_labor_migration_artifacts.py,scripts/build_labor_migration_artifacts.py,calculated_v5_sector_year_sum,bed04356e8a570a2911dde917ab538bd3dd43ad84aa6d09cf900456bb3680985,488ccf8bd9cd215cd1608f087fd134f7471c185ac9d1bee6dfed4bd26feed2a2
OKVED_I,I,Деятельность гостиниц и предприятий общественного питания,2046,9606.53473353459,218378.77468289735,218378.77468289735,2000276.3017268984,1822528.8485875314,74070.10217345216,foreign_labor_migration_v5_sector_year,Foreign labor migration/docs/data/region_sector_forecast.csv,2026-05-27T13:57:22+00:00,2046,"{""cumulative_recommended_quota_persons"":218378.77468289735,""domestic_sector_supply_total_with_unemployment_reserve_persons"":1822528.8485875314,""foreign_labor_stock_need_persons"":218378.77468289735,""labor_demand_required_persons"":2000276.3017268984,""recommended_annual_quota_persons"":9606.53473353459,""unemployment_reserve_sector_allocated_persons"":74070.10217345216}","{""cumulative_recommended_quota_persons"":""persons"",""domestic_sector_supply_total_with_unemployment_reserve_persons"":""persons"",""foreign_labor_stock_need_persons"":""persons"",""labor_demand_required_persons"":""persons"",""recommended_annual_quota_persons"":""persons"",""unemployment_reserve_sector_allocated_persons"":""persons""}",scripts/build_labor_migration_artifacts.py,scripts/build_labor_migration_artifacts.py,calculated_v5_sector_year_sum,bed04356e8a570a2911dde917ab538bd3dd43ad84aa6d09cf900456bb3680985,56da6b50ad7e89aca932e03d5c52c01be8117c8ac7daa6fd0a71cb950cca8832
OKVED_J,J,Деятельность в области информации и связи,2046,6913.851873103966,155909.65564934842,155909.65564934842,1624909.4686936135,1500641.5835883075,74070.10217345216,foreign_labor_migration_v5_sector_year,Foreign labor migration/docs/data/region_sector_forecast.csv,2026-05-27T13:57:22+00:00,2046,"{""cumulative_recommended_quota_persons"":155909.65564934842,""domestic_sector_supply_total_with_unemployment_reserve_persons"":1500641.5835883075,""foreign_labor_stock_need_persons"":155909.65564934842,""labor_demand_required_persons"":1624909.4686936135,""recommended_annual_quota_persons"":6913.851873103966,""unemployment_reserve_sector_allocated_persons"":74070.10217345216}","{""cumulative_recommended_quota_persons"":""persons"",""domestic_sector_supply_total_with_unemployment_reserve_persons"":""persons"",""foreign_labor_stock_need_persons"":""persons"",""labor_demand_required_persons"":""persons"",""recommended_annual_quota_persons"":""persons"",""unemployment_reserve_sector_allocated_persons"":""persons""}",scripts/build_labor_migration_artifacts.py,scripts/build_labor_migration_artifacts.py,calculated_v5_sector_year_sum,bed04356e8a570a2911dde917ab538bd3dd43ad84aa6d09cf900456bb3680985,3060bd06ba9516f5981739b28a7f2e0e4fc857bc4d3d4ce2922a9eb7d29b6870
OKVED_K,K,Деятельность финансовая и страховая,2046,5990.441677303423,114144.36043676003,114144.36043676003,1240246.0896280692,1158661.8104482011,74070.10217345216,foreign_labor_migration_v5_sector_year,Foreign labor migration/docs/data/region_sector_forecast.csv,2026-05-27T13:57:22+00:00,2046,"{""cumulative_recommended_quota_persons"":114144.36043676003,""domestic_sector_supply_total_with_unemployment_reserve_persons"":1158661.8104482011,""foreign_labor_stock_need_persons"":114144.36043676003,""labor_demand_required_persons"":1240246.0896280692,""recommended_annual_quota_persons"":5990.441677303423,""unemployment_reserve_sector_allocated_persons"":74070.10217345216}","{""cumulative_recommended_quota_persons"":""persons"",""domestic_sector_supply_total_with_unemployment_reserve_persons"":""persons"",""foreign_labor_stock_need_persons"":""persons"",""labor_demand_required_persons"":""persons"",""recommended_annual_quota_persons"":""persons"",""unemployment_reserve_sector_allocated_persons"":""persons""}",scripts/build_labor_migration_artifacts.py,scripts/build_labor_migration_artifacts.py,calculated_v5_sector_year_sum,bed04356e8a570a2911dde917ab538bd3dd43ad84aa6d09cf900456bb3680985,9ae3e4a4a26c5ab3d91c5686f282eabcca64cfe61d24d1e24db4e635e2f6680c
OKVED_L,L,Деятельность по операциям с недвижимым имуществом,2046,10550.304580242127,222939.51084230377,222939.51084230377,1992026.5110786161,1803817.0083310143,74070.10217345216,foreign_labor_migration_v5_sector_year,Foreign labor migration/docs/data/region_sector_forecast.csv,2026-05-27T13:57:22+00:00,2046,"{""cumulative_recommended_quota_persons"":222939.51084230377,""domestic_sector_supply_total_with_unemployment_reserve_persons"":1803817.0083310143,""foreign_labor_stock_need_persons"":222939.51084230377,""labor_demand_required_persons"":1992026.5110786161,""recommended_annual_quota_persons"":10550.304580242127,""unemployment_reserve_sector_allocated_persons"":74070.10217345216}","{""cumulative_recommended_quota_persons"":""persons"",""domestic_sector_supply_total_with_unemployment_reserve_persons"":""persons"",""foreign_labor_stock_need_persons"":""persons"",""labor_demand_required_persons"":""persons"",""recommended_annual_quota_persons"":""persons"",""unemployment_reserve_sector_allocated_persons"":""persons""}",scripts/build_labor_migration_artifacts.py,scripts/build_labor_migration_artifacts.py,calculated_v5_sector_year_sum,bed04356e8a570a2911dde917ab538bd3dd43ad84aa6d09cf900456bb3680985,83a9f1045da2e9e7cf4f11bf94265da449b108dc845c2e307b2584e77ae6ab30
OKVED_M,M,"Деятельность профессиональная, научная и техническая",2046,9122.00772168771,256204.70966266966,256217.81728043372,2375834.55547267,2153427.521673246,74070.10217345216,foreign_labor_migration_v5_sector_year,Foreign labor migration/docs/data/region_sector_forecast.csv,2026-05-27T13:57:22+00:00,2046,"{""cumulative_recommended_quota_persons"":256217.81728043372,""domestic_sector_supply_total_with_unemployment_reserve_persons"":2153427.521673246,""foreign_labor_stock_need_persons"":256204.70966266966,""labor_demand_required_persons"":2375834.55547267,""recommended_annual_quota_persons"":9122.00772168771,""unemployment_reserve_sector_allocated_persons"":74070.10217345216}","{""cumulative_recommended_quota_persons"":""persons"",""domestic_sector_supply_total_with_unemployment_reserve_persons"":""persons"",""foreign_labor_stock_need_persons"":""persons"",""labor_demand_required_persons"":""persons"",""recommended_annual_quota_persons"":""persons"",""unemployment_reserve_sector_allocated_persons"":""persons""}",scripts/build_labor_migration_artifacts.py,scripts/build_labor_migration_artifacts.py,calculated_v5_sector_year_sum,bed04356e8a570a2911dde917ab538bd3dd43ad84aa6d09cf900456bb3680985,d53443bb74a7f1046ae3396e7199680998e10d2425c806dece1d95a722022dfb
OKVED_N,N,Деятельность административная и сопутствующие дополнительные услуги,2046,18480.628660999057,344469.346858454,344469.346858454,2852080.175346478,2549038.3060060763,74070.10217345216,foreign_labor_migration_v5_sector_year,Foreign labor migration/docs/data/region_sector_forecast.csv,2026-05-27T13:57:22+00:00,2046,"{""cumulative_recommended_quota_persons"":344469.346858454,""domestic_sector_supply_total_with_unemployment_reserve_persons"":2549038.3060060763,""foreign_labor_stock_need_persons"":344469.346858454,""labor_demand_required_persons"":2852080.175346478,""recommended_annual_quota_persons"":18480.628660999057,""unemployment_reserve_sector_allocated_persons"":74070.10217345216}","{""cumulative_recommended_quota_persons"":""persons"",""domestic_sector_supply_total_with_unemployment_reserve_persons"":""persons"",""foreign_labor_stock_need_persons"":""persons"",""labor_demand_required_persons"":""persons"",""recommended_annual_quota_persons"":""persons"",""unemployment_reserve_sector_allocated_persons"":""persons""}",scripts/build_labor_migration_artifacts.py,scripts/build_labor_migration_artifacts.py,calculated_v5_sector_year_sum,bed04356e8a570a2911dde917ab538bd3dd43ad84aa6d09cf900456bb3680985,c6c1f8ec0596fa2ef6f3bbace396c29d264c83f4c2ce1c1d9426306a0824b8e3
OKVED_O,O,Государственное управление и обеспечение военной безопасности; социальное обеспечение,2046,21185.533046129876,499543.1229858718,499543.1229858718,3695238.2052253643,3272126.2296606624,74070.10217345216,foreign_labor_migration_v5_sector_year,Foreign labor migration/docs/data/region_sector_forecast.csv,2026-05-27T13:57:22+00:00,2046,"{""cumulative_recommended_quota_persons"":499543.1229858718,""domestic_sector_supply_total_with_unemployment_reserve_persons"":3272126.2296606624,""foreign_labor_stock_need_persons"":499543.1229858718,""labor_demand_required_persons"":3695238.2052253643,""recommended_annual_quota_persons"":21185.533046129876,""unemployment_reserve_sector_allocated_persons"":74070.10217345216}","{""cumulative_recommended_quota_persons"":""persons"",""domestic_sector_supply_total_with_unemployment_reserve_persons"":""persons"",""foreign_labor_stock_need_persons"":""persons"",""labor_demand_required_persons"":""persons"",""recommended_annual_quota_persons"":""persons"",""unemployment_reserve_sector_allocated_persons"":""persons""}",scripts/build_labor_migration_artifacts.py,scripts/build_labor_migration_artifacts.py,calculated_v5_sector_year_sum,bed04356e8a570a2911dde917ab538bd3dd43ad84aa6d09cf900456bb3680985,00ff0df3395ab741b0da5ca6ac4f241ab05c6c6237735736e517b97f30b986c7
OKVED_P,P,Образование,2046,35071.96008965174,813708.9820452866,813708.9820452866,6080694.855649227,5381482.613652956,74070.10217345216,foreign_labor_migration_v5_sector_year,Foreign labor migration/docs/data/region_sector_forecast.csv,2026-05-27T13:57:22+00:00,2046,"{""cumulative_recommended_quota_persons"":813708.9820452866,""domestic_sector_supply_total_with_unemployment_reserve_persons"":5381482.613652956,""foreign_labor_stock_need_persons"":813708.9820452866,""labor_demand_required_persons"":6080694.855649227,""recommended_annual_quota_persons"":35071.96008965174,""unemployment_reserve_sector_allocated_persons"":74070.10217345216}","{""cumulative_recommended_quota_persons"":""persons"",""domestic_sector_supply_total_with_unemployment_reserve_persons"":""persons"",""foreign_labor_stock_need_persons"":""persons"",""labor_demand_required_persons"":""persons"",""recommended_annual_quota_persons"":""persons"",""unemployment_reserve_sector_allocated_persons"":""persons""}",scripts/build_labor_migration_artifacts.py,scripts/build_labor_migration_artifacts.py,calculated_v5_sector_year_sum,bed04356e8a570a2911dde917ab538bd3dd43ad84aa6d09cf900456bb3680985,2adf81d500007e41d931b87022f7908ae485f58a5bbb2ac4e426d7284d1c207d
OKVED_Q,Q,Деятельность в области здравоохранения и социальных услуг,2046,32674.29906918629,707225.3642763617,707225.3642763617,5205435.954328072,4577819.099434774,74070.10217345216,foreign_labor_migration_v5_sector_year,Foreign labor migration/docs/data/region_sector_forecast.csv,2026-05-27T13:57:22+00:00,2046,"{""cumulative_recommended_quota_persons"":707225.3642763617,""domestic_sector_supply_total_with_unemployment_reserve_persons"":4577819.099434774,""foreign_labor_stock_need_persons"":707225.3642763617,""labor_demand_required_persons"":5205435.954328072,""recommended_annual_quota_persons"":32674.29906918629,""unemployment_reserve_sector_allocated_persons"":74070.10217345216}","{""cumulative_recommended_quota_persons"":""persons"",""domestic_sector_supply_total_with_unemployment_reserve_persons"":""persons"",""foreign_labor_stock_need_persons"":""persons"",""labor_demand_required_persons"":""persons"",""recommended_annual_quota_persons"":""persons"",""unemployment_reserve_sector_allocated_persons"":""persons""}",scripts/build_labor_migration_artifacts.py,scripts/build_labor_migration_artifacts.py,calculated_v5_sector_year_sum,bed04356e8a570a2911dde917ab538bd3dd43ad84aa6d09cf900456bb3680985,948e710e93263716fae0d8c2caa4230fbb13a5255606ef091eddc4ab22f37cdd
OKVED_R,R,"Деятельность в области культуры, спорта, организации досуга и развлечений",2046,6228.629746543637,120338.91571278468,120338.91571278468,1236721.7033281643,1150223.5802288011,74070.10217345216,foreign_labor_migration_v5_sector_year,Foreign labor migration/docs/data/region_sector_forecast.csv,2026-05-27T13:57:22+00:00,2046,"{""cumulative_recommended_quota_persons"":120338.91571278468,""domestic_sector_supply_total_with_unemployment_reserve_persons"":1150223.5802288011,""foreign_labor_stock_need_persons"":120338.91571278468,""labor_demand_required_persons"":1236721.7033281643,""recommended_annual_quota_persons"":6228.629746543637,""unemployment_reserve_sector_allocated_persons"":74070.10217345216}","{""cumulative_recommended_quota_persons"":""persons"",""domestic_sector_supply_total_with_unemployment_reserve_persons"":""persons"",""foreign_labor_stock_need_persons"":""persons"",""labor_demand_required_persons"":""persons"",""recommended_annual_quota_persons"":""persons"",""unemployment_reserve_sector_allocated_persons"":""persons""}",scripts/build_labor_migration_artifacts.py,scripts/build_labor_migration_artifacts.py,calculated_v5_sector_year_sum,bed04356e8a570a2911dde917ab538bd3dd43ad84aa6d09cf900456bb3680985,cecb677b08d9a5bfabaf72c258d6499d571eb3821eccd540020de2e3fad3e4be
OKVED_S,S,Предоставление прочих видов услуг,2046,10526.24843405831,204266.14375966394,204266.14375966394,1914748.0854573776,1747956.442557581,74070.10217345216,foreign_labor_migration_v5_sector_year,Foreign labor migration/docs/data/region_sector_forecast.csv,2026-05-27T13:57:22+00:00,2046,"{""cumulative_recommended_quota_persons"":204266.14375966394,""domestic_sector_supply_total_with_unemployment_reserve_persons"":1747956.442557581,""foreign_labor_stock_need_persons"":204266.14375966394,""labor_demand_required_persons"":1914748.0854573776,""recommended_annual_quota_persons"":10526.24843405831,""unemployment_reserve_sector_allocated_persons"":74070.10217345216}","{""cumulative_recommended_quota_persons"":""persons"",""domestic_sector_supply_total_with_unemployment_reserve_persons"":""persons"",""foreign_labor_stock_need_persons"":""persons"",""labor_demand_required_persons"":""persons"",""recommended_annual_quota_persons"":""persons"",""unemployment_reserve_sector_allocated_persons"":""persons""}",scripts/build_labor_migration_artifacts.py,scripts/build_labor_migration_artifacts.py,calculated_v5_sector_year_sum,bed04356e8a570a2911dde917ab538bd3dd43ad84aa6d09cf900456bb3680985,a5cd62f81907f2906c40a14df682db0f50e88388fee22717e2bf416f078497b5
OKVED_T,T,Деятельность домашних хозяйств как работодателей; недифференцированная деятельность частных домашних хозяйств по производству товаров и оказанию услуг для собственного потребления,2046,119.52257769578068,1347.7628373171676,1347.7628373171676,67350.84905049861,120744.60631233791,61219.2138814387,foreign_labor_migration_v5_sector_year,Foreign labor migration/docs/data/region_sector_forecast.csv,2026-05-27T13:57:22+00:00,2046,"{""cumulative_recommended_quota_persons"":1347.7628373171676,""domestic_sector_supply_total_with_unemployment_reserve_persons"":120744.60631233791,""foreign_labor_stock_need_persons"":1347.7628373171676,""labor_demand_required_persons"":67350.84905049861,""recommended_annual_quota_persons"":119.52257769578068,""unemployment_reserve_sector_allocated_persons"":61219.2138814387}","{""cumulative_recommended_quota_persons"":""persons"",""domestic_sector_supply_total_with_unemployment_reserve_persons"":""persons"",""foreign_labor_stock_need_persons"":""persons"",""labor_demand_required_persons"":""persons"",""recommended_annual_quota_persons"":""persons"",""unemployment_reserve_sector_allocated_persons"":""persons""}",scripts/build_labor_migration_artifacts.py,scripts/build_labor_migration_artifacts.py,calculated_v5_sector_year_sum,bed04356e8a570a2911dde917ab538bd3dd43ad84aa6d09cf900456bb3680985,fc8d64885a16552b54b320d09cdec52861674e6ac28503fa81531d3efd570117
OKVED_A,A,"Сельское, лесное хозяйство, охота, рыболовство и рыбоводство",2047,15062.86698712374,554695.7010656899,554696.8873116915,4024362.8750685714,3574452.731279887,73416.19496131482,foreign_labor_migration_v5_sector_year,Foreign labor migration/docs/data/region_sector_forecast.csv,2026-05-27T13:57:22+00:00,2047,"{""cumulative_recommended_quota_persons"":554696.8873116915,""domestic_sector_supply_total_with_unemployment_reserve_persons"":3574452.731279887,""foreign_labor_stock_need_persons"":554695.7010656899,""labor_demand_required_persons"":4024362.8750685714,""recommended_annual_quota_persons"":15062.86698712374,""unemployment_reserve_sector_allocated_persons"":73416.19496131482}","{""cumulative_recommended_quota_persons"":""persons"",""domestic_sector_supply_total_with_unemployment_reserve_persons"":""persons"",""foreign_labor_stock_need_persons"":""persons"",""labor_demand_required_persons"":""persons"",""recommended_annual_quota_persons"":""persons"",""unemployment_reserve_sector_allocated_persons"":""persons""}",scripts/build_labor_migration_artifacts.py,scripts/build_labor_migration_artifacts.py,calculated_v5_sector_year_sum,bed04356e8a570a2911dde917ab538bd3dd43ad84aa6d09cf900456bb3680985,410acf90c59ae820a4cd75ed01ecdc672d76e1aae40a8f5825212cedb7323587
OKVED_B,B,Добыча полезных ископаемых,2047,15910.654301188351,350518.8731213415,350518.8731213415,1939545.60448889,1632066.2166018363,73416.19496131482,foreign_labor_migration_v5_sector_year,Foreign labor migration/docs/data/region_sector_forecast.csv,2026-05-27T13:57:22+00:00,2047,"{""cumulative_recommended_quota_persons"":350518.8731213415,""domestic_sector_supply_total_with_unemployment_reserve_persons"":1632066.2166018363,""foreign_labor_stock_need_persons"":350518.8731213415,""labor_demand_required_persons"":1939545.60448889,""recommended_annual_quota_persons"":15910.654301188351,""unemployment_reserve_sector_allocated_persons"":73416.19496131482}","{""cumulative_recommended_quota_persons"":""persons"",""domestic_sector_supply_total_with_unemployment_reserve_persons"":""persons"",""foreign_labor_stock_need_persons"":""persons"",""labor_demand_required_persons"":""persons"",""recommended_annual_quota_persons"":""persons"",""unemployment_reserve_sector_allocated_persons"":""persons""}",scripts/build_labor_migration_artifacts.py,scripts/build_labor_migration_artifacts.py,calculated_v5_sector_year_sum,bed04356e8a570a2911dde917ab538bd3dd43ad84aa6d09cf900456bb3680985,4b0055987476cfb684a9f4c71eb665170ae98036f3261ac89830eee0067c0f77
OKVED_C,C,Обрабатывающие производства,2047,26037.762114559657,1170870.899496408,1170911.1912988536,8287701.345256063,7205838.510564214,73416.19496131482,foreign_labor_migration_v5_sector_year,Foreign labor migration/docs/data/region_sector_forecast.csv,2026-05-27T13:57:22+00:00,2047,"{""cumulative_recommended_quota_persons"":1170911.1912988536,""domestic_sector_supply_total_with_unemployment_reserve_persons"":7205838.510564214,""foreign_labor_stock_need_persons"":1170870.899496408,""labor_demand_required_persons"":8287701.345256063,""recommended_annual_quota_persons"":26037.762114559657,""unemployment_reserve_sector_allocated_persons"":73416.19496131482}","{""cumulative_recommended_quota_persons"":""persons"",""domestic_sector_supply_total_with_unemployment_reserve_persons"":""persons"",""foreign_labor_stock_need_persons"":""persons"",""labor_demand_required_persons"":""persons"",""recommended_annual_quota_persons"":""persons"",""unemployment_reserve_sector_allocated_persons"":""persons""}",scripts/build_labor_migration_artifacts.py,scripts/build_labor_migration_artifacts.py,calculated_v5_sector_year_sum,bed04356e8a570a2911dde917ab538bd3dd43ad84aa6d09cf900456bb3680985,6f53054ba0a56475fcdf54c0f84e5a3da103b7b0b00dc94feccce56f20a079bb
OKVED_D,D,"Обеспечение электрической энергией, газом и паром; кондиционирование воздуха",2047,13390.381551804316,263653.0727914629,263653.0727914629,1952501.2802130813,1727853.074304577,73416.19496131482,foreign_labor_migration_v5_sector_year,Foreign labor migration/docs/data/region_sector_forecast.csv,2026-05-27T13:57:22+00:00,2047,"{""cumulative_recommended_quota_persons"":263653.0727914629,""domestic_sector_supply_total_with_unemployment_reserve_persons"":1727853.074304577,""foreign_labor_stock_need_persons"":263653.0727914629,""labor_demand_required_persons"":1952501.2802130813,""recommended_annual_quota_persons"":13390.381551804316,""unemployment_reserve_sector_allocated_persons"":73416.19496131482}","{""cumulative_recommended_quota_persons"":""persons"",""domestic_sector_supply_total_with_unemployment_reserve_persons"":""persons"",""foreign_labor_stock_need_persons"":""persons"",""labor_demand_required_persons"":""persons"",""recommended_annual_quota_persons"":""persons"",""unemployment_reserve_sector_allocated_persons"":""persons""}",scripts/build_labor_migration_artifacts.py,scripts/build_labor_migration_artifacts.py,calculated_v5_sector_year_sum,bed04356e8a570a2911dde917ab538bd3dd43ad84aa6d09cf900456bb3680985,d3c9416c297cfcb832d8e83366917d2bfeac25e18546978d014c3d87896e89fd
OKVED_E,E,"Водоснабжение; водоотведение, организация сбора и утилизации отходов, деятельность по ликвидации загрязнений",2047,2304.876320962431,47103.04305470919,47104.85603354811,605896.8247279896,590951.4915737308,73416.19496131482,foreign_labor_migration_v5_sector_year,Foreign labor migration/docs/data/region_sector_forecast.csv,2026-05-27T13:57:22+00:00,2047,"{""cumulative_recommended_quota_persons"":47104.85603354811,""domestic_sector_supply_total_with_unemployment_reserve_persons"":590951.4915737308,""foreign_labor_stock_need_persons"":47103.04305470919,""labor_demand_required_persons"":605896.8247279896,""recommended_annual_quota_persons"":2304.876320962431,""unemployment_reserve_sector_allocated_persons"":73416.19496131482}","{""cumulative_recommended_quota_persons"":""persons"",""domestic_sector_supply_total_with_unemployment_reserve_persons"":""persons"",""foreign_labor_stock_need_persons"":""persons"",""labor_demand_required_persons"":""persons"",""recommended_annual_quota_persons"":""persons"",""unemployment_reserve_sector_allocated_persons"":""persons""}",scripts/build_labor_migration_artifacts.py,scripts/build_labor_migration_artifacts.py,calculated_v5_sector_year_sum,bed04356e8a570a2911dde917ab538bd3dd43ad84aa6d09cf900456bb3680985,14392aff7ae88e6daeb04083a3a91c7ec190424ab02591cd24680518e196633f
OKVED_F,F,Строительство,2047,20451.176926369884,763372.1065028998,763382.5104314458,5850104.0092223985,5177440.117751608,73416.19496131482,foreign_labor_migration_v5_sector_year,Foreign labor migration/docs/data/region_sector_forecast.csv,2026-05-27T13:57:22+00:00,2047,"{""cumulative_recommended_quota_persons"":763382.5104314458,""domestic_sector_supply_total_with_unemployment_reserve_persons"":5177440.117751608,""foreign_labor_stock_need_persons"":763372.1065028998,""labor_demand_required_persons"":5850104.0092223985,""recommended_annual_quota_persons"":20451.176926369884,""unemployment_reserve_sector_allocated_persons"":73416.19496131482}","{""cumulative_recommended_quota_persons"":""persons"",""domestic_sector_supply_total_with_unemployment_reserve_persons"":""persons"",""foreign_labor_stock_need_persons"":""persons"",""labor_demand_required_persons"":""persons"",""recommended_annual_quota_persons"":""persons"",""unemployment_reserve_sector_allocated_persons"":""persons""}",scripts/build_labor_migration_artifacts.py,scripts/build_labor_migration_artifacts.py,calculated_v5_sector_year_sum,bed04356e8a570a2911dde917ab538bd3dd43ad84aa6d09cf900456bb3680985,e2614dac37c2e3740849658dc70683a178256c323d4c37c94b6f859ee3c5312c
OKVED_G,G,Торговля оптовая и розничная; ремонт автотранспортных средств и мотоциклов,2047,59875.9683489391,1876790.8093068888,1876790.854697914,13470796.360204173,11739452.921438484,73416.19496131482,foreign_labor_migration_v5_sector_year,Foreign labor migration/docs/data/region_sector_forecast.csv,2026-05-27T13:57:22+00:00,2047,"{""cumulative_recommended_quota_persons"":1876790.854697914,""domestic_sector_supply_total_with_unemployment_reserve_persons"":11739452.921438484,""foreign_labor_stock_need_persons"":1876790.8093068888,""labor_demand_required_persons"":13470796.360204173,""recommended_annual_quota_persons"":59875.9683489391,""unemployment_reserve_sector_allocated_persons"":73416.19496131482}","{""cumulative_recommended_quota_persons"":""persons"",""domestic_sector_supply_total_with_unemployment_reserve_persons"":""persons"",""foreign_labor_stock_need_persons"":""persons"",""labor_demand_required_persons"":""persons"",""recommended_annual_quota_persons"":""persons"",""unemployment_reserve_sector_allocated_persons"":""persons""}",scripts/build_labor_migration_artifacts.py,scripts/build_labor_migration_artifacts.py,calculated_v5_sector_year_sum,bed04356e8a570a2911dde917ab538bd3dd43ad84aa6d09cf900456bb3680985,84729854006fa3610279fa0700b5617faac677a163decf21ce157bfee8ab24cf
OKVED_H,H,Транспортировка и хранение,2047,32034.65685199366,889860.0250576776,889860.0250576776,6325664.9613276385,5515918.807837113,73416.19496131482,foreign_labor_migration_v5_sector_year,Foreign labor migration/docs/data/region_sector_forecast.csv,2026-05-27T13:57:22+00:00,2047,"{""cumulative_recommended_quota_persons"":889860.0250576776,""domestic_sector_supply_total_with_unemployment_reserve_persons"":5515918.807837113,""foreign_labor_stock_need_persons"":889860.0250576776,""labor_demand_required_persons"":6325664.9613276385,""recommended_annual_quota_persons"":32034.65685199366,""unemployment_reserve_sector_allocated_persons"":73416.19496131482}","{""cumulative_recommended_quota_persons"":""persons"",""domestic_sector_supply_total_with_unemployment_reserve_persons"":""persons"",""foreign_labor_stock_need_persons"":""persons"",""labor_demand_required_persons"":""persons"",""recommended_annual_quota_persons"":""persons"",""unemployment_reserve_sector_allocated_persons"":""persons""}",scripts/build_labor_migration_artifacts.py,scripts/build_labor_migration_artifacts.py,calculated_v5_sector_year_sum,bed04356e8a570a2911dde917ab538bd3dd43ad84aa6d09cf900456bb3680985,610705af8487c2867cad57aaaa1b35704ec777623356464778577810523c020f
OKVED_I,I,Деятельность гостиниц и предприятий общественного питания,2047,8591.854265654425,226970.62894855178,226970.62894855178,1985250.3485549048,1798894.8041819048,73416.19496131482,foreign_labor_migration_v5_sector_year,Foreign labor migration/docs/data/region_sector_forecast.csv,2026-05-27T13:57:22+00:00,2047,"{""cumulative_recommended_quota_persons"":226970.62894855178,""domestic_sector_supply_total_with_unemployment_reserve_persons"":1798894.8041819048,""foreign_labor_stock_need_persons"":226970.62894855178,""labor_demand_required_persons"":1985250.3485549048,""recommended_annual_quota_persons"":8591.854265654425,""unemployment_reserve_sector_allocated_persons"":73416.19496131482}","{""cumulative_recommended_quota_persons"":""persons"",""domestic_sector_supply_total_with_unemployment_reserve_persons"":""persons"",""foreign_labor_stock_need_persons"":""persons"",""labor_demand_required_persons"":""persons"",""recommended_annual_quota_persons"":""persons"",""unemployment_reserve_sector_allocated_persons"":""persons""}",scripts/build_labor_migration_artifacts.py,scripts/build_labor_migration_artifacts.py,calculated_v5_sector_year_sum,bed04356e8a570a2911dde917ab538bd3dd43ad84aa6d09cf900456bb3680985,55c6ea0716d52b16e8e58e679ce63de95e2a3649f032840d1e0858f4faedb9cd
OKVED_J,J,Деятельность в области информации и связи,2047,6110.968100033701,162020.62374938212,162020.62374938212,1604358.735482678,1473691.6775021472,73416.19496131482,foreign_labor_migration_v5_sector_year,Foreign labor migration/docs/data/region_sector_forecast.csv,2026-05-27T13:57:22+00:00,2047,"{""cumulative_recommended_quota_persons"":162020.62374938212,""domestic_sector_supply_total_with_unemployment_reserve_persons"":1473691.6775021472,""foreign_labor_stock_need_persons"":162020.62374938212,""labor_demand_required_persons"":1604358.735482678,""recommended_annual_quota_persons"":6110.968100033701,""unemployment_reserve_sector_allocated_persons"":73416.19496131482}","{""cumulative_recommended_quota_persons"":""persons"",""domestic_sector_supply_total_with_unemployment_reserve_persons"":""persons"",""foreign_labor_stock_need_persons"":""persons"",""labor_demand_required_persons"":""persons"",""recommended_annual_quota_persons"":""persons"",""unemployment_reserve_sector_allocated_persons"":""persons""}",scripts/build_labor_migration_artifacts.py,scripts/build_labor_migration_artifacts.py,calculated_v5_sector_year_sum,bed04356e8a570a2911dde917ab538bd3dd43ad84aa6d09cf900456bb3680985,2e7c7c529d26b76b943e2d0ad76e2a1f7c4f13fb755233614b82749958eaa5c7
OKVED_K,K,Деятельность финансовая и страховая,2047,5432.127029008498,119576.48746576854,119576.48746576854,1231528.8914737091,1144042.507239249,73416.19496131482,foreign_labor_migration_v5_sector_year,Foreign labor migration/docs/data/region_sector_forecast.csv,2026-05-27T13:57:22+00:00,2047,"{""cumulative_recommended_quota_persons"":119576.48746576854,""domestic_sector_supply_total_with_unemployment_reserve_persons"":1144042.507239249,""foreign_labor_stock_need_persons"":119576.48746576854,""labor_demand_required_persons"":1231528.8914737091,""recommended_annual_quota_persons"":5432.127029008498,""unemployment_reserve_sector_allocated_persons"":73416.19496131482}","{""cumulative_recommended_quota_persons"":""persons"",""domestic_sector_supply_total_with_unemployment_reserve_persons"":""persons"",""foreign_labor_stock_need_persons"":""persons"",""labor_demand_required_persons"":""persons"",""recommended_annual_quota_persons"":""persons"",""unemployment_reserve_sector_allocated_persons"":""persons""}",scripts/build_labor_migration_artifacts.py,scripts/build_labor_migration_artifacts.py,calculated_v5_sector_year_sum,bed04356e8a570a2911dde917ab538bd3dd43ad84aa6d09cf900456bb3680985,d0ab2f46e50c935c2f3964296624b39cb6e6553992dccb6beaab6a028fb355c1
OKVED_L,L,Деятельность по операциям с недвижимым имуществом,2047,9589.912352194453,232529.4231944982,232529.4231944982,1981165.207389314,1783207.9346417787,73416.19496131482,foreign_labor_migration_v5_sector_year,Foreign labor migration/docs/data/region_sector_forecast.csv,2026-05-27T13:57:22+00:00,2047,"{""cumulative_recommended_quota_persons"":232529.4231944982,""domestic_sector_supply_total_with_unemployment_reserve_persons"":1783207.9346417787,""foreign_labor_stock_need_persons"":232529.4231944982,""labor_demand_required_persons"":1981165.207389314,""recommended_annual_quota_persons"":9589.912352194453,""unemployment_reserve_sector_allocated_persons"":73416.19496131482}","{""cumulative_recommended_quota_persons"":""persons"",""domestic_sector_supply_total_with_unemployment_reserve_persons"":""persons"",""foreign_labor_stock_need_persons"":""persons"",""labor_demand_required_persons"":""persons"",""recommended_annual_quota_persons"":""persons"",""unemployment_reserve_sector_allocated_persons"":""persons""}",scripts/build_labor_migration_artifacts.py,scripts/build_labor_migration_artifacts.py,calculated_v5_sector_year_sum,bed04356e8a570a2911dde917ab538bd3dd43ad84aa6d09cf900456bb3680985,2b904cf5925bf0e22b0aca158f1cd66b16fdbe4770d5f94425ff8042fbe90d90
OKVED_M,M,"Деятельность профессиональная, научная и техническая",2047,7784.0255936516005,263988.73525632126,264001.8428740853,2338121.0481703533,2107644.29170361,73416.19496131482,foreign_labor_migration_v5_sector_year,Foreign labor migration/docs/data/region_sector_forecast.csv,2026-05-27T13:57:22+00:00,2047,"{""cumulative_recommended_quota_persons"":264001.8428740853,""domestic_sector_supply_total_with_unemployment_reserve_persons"":2107644.29170361,""foreign_labor_stock_need_persons"":263988.73525632126,""labor_demand_required_persons"":2338121.0481703533,""recommended_annual_quota_persons"":7784.0255936516005,""unemployment_reserve_sector_allocated_persons"":73416.19496131482}","{""cumulative_recommended_quota_persons"":""persons"",""domestic_sector_supply_total_with_unemployment_reserve_persons"":""persons"",""foreign_labor_stock_need_persons"":""persons"",""labor_demand_required_persons"":""persons"",""recommended_annual_quota_persons"":""persons"",""unemployment_reserve_sector_allocated_persons"":""persons""}",scripts/build_labor_migration_artifacts.py,scripts/build_labor_migration_artifacts.py,calculated_v5_sector_year_sum,bed04356e8a570a2911dde917ab538bd3dd43ad84aa6d09cf900456bb3680985,80922a727815bcbdb1d3229eeaeed9bfb51c56c021d616072f5ed4fe7c929cfc
OKVED_N,N,Деятельность административная и сопутствующие дополнительные услуги,2047,17394.852161745497,361864.1990201995,361864.1990201995,2863475.0306113497,2543094.493705504,73416.19496131482,foreign_labor_migration_v5_sector_year,Foreign labor migration/docs/data/region_sector_forecast.csv,2026-05-27T13:57:22+00:00,2047,"{""cumulative_recommended_quota_persons"":361864.1990201995,""domestic_sector_supply_total_with_unemployment_reserve_persons"":2543094.493705504,""foreign_labor_stock_need_persons"":361864.1990201995,""labor_demand_required_persons"":2863475.0306113497,""recommended_annual_quota_persons"":17394.852161745497,""unemployment_reserve_sector_allocated_persons"":73416.19496131482}","{""cumulative_recommended_quota_persons"":""persons"",""domestic_sector_supply_total_with_unemployment_reserve_persons"":""persons"",""foreign_labor_stock_need_persons"":""persons"",""labor_demand_required_persons"":""persons"",""recommended_annual_quota_persons"":""persons"",""unemployment_reserve_sector_allocated_persons"":""persons""}",scripts/build_labor_migration_artifacts.py,scripts/build_labor_migration_artifacts.py,calculated_v5_sector_year_sum,bed04356e8a570a2911dde917ab538bd3dd43ad84aa6d09cf900456bb3680985,640df17e94ae40c8aaa9efe52e00dcb06a96cdb6eb192306a83ad9e49ea289e4
OKVED_O,O,Государственное управление и обеспечение военной безопасности; социальное обеспечение,2047,19405.478870976975,518948.60185684875,518948.60185684875,3688439.6767224534,3246524.3683711872,73416.19496131482,foreign_labor_migration_v5_sector_year,Foreign labor migration/docs/data/region_sector_forecast.csv,2026-05-27T13:57:22+00:00,2047,"{""cumulative_recommended_quota_persons"":518948.60185684875,""domestic_sector_supply_total_with_unemployment_reserve_persons"":3246524.3683711872,""foreign_labor_stock_need_persons"":518948.60185684875,""labor_demand_required_persons"":3688439.6767224534,""recommended_annual_quota_persons"":19405.478870976975,""unemployment_reserve_sector_allocated_persons"":73416.19496131482}","{""cumulative_recommended_quota_persons"":""persons"",""domestic_sector_supply_total_with_unemployment_reserve_persons"":""persons"",""foreign_labor_stock_need_persons"":""persons"",""labor_demand_required_persons"":""persons"",""recommended_annual_quota_persons"":""persons"",""unemployment_reserve_sector_allocated_persons"":""persons""}",scripts/build_labor_migration_artifacts.py,scripts/build_labor_migration_artifacts.py,calculated_v5_sector_year_sum,bed04356e8a570a2911dde917ab538bd3dd43ad84aa6d09cf900456bb3680985,f75b7961a4349301ec2bf47cd9b954db50d00c46e70a088763378037de1a3b38
OKVED_P,P,Образование,2047,32369.019166448055,846078.0012117346,846078.0012117346,6081900.363171148,5352348.825275348,73416.19496131482,foreign_labor_migration_v5_sector_year,Foreign labor migration/docs/data/region_sector_forecast.csv,2026-05-27T13:57:22+00:00,2047,"{""cumulative_recommended_quota_persons"":846078.0012117346,""domestic_sector_supply_total_with_unemployment_reserve_persons"":5352348.825275348,""foreign_labor_stock_need_persons"":846078.0012117346,""labor_demand_required_persons"":6081900.363171148,""recommended_annual_quota_persons"":32369.019166448055,""unemployment_reserve_sector_allocated_persons"":73416.19496131482}","{""cumulative_recommended_quota_persons"":""persons"",""domestic_sector_supply_total_with_unemployment_reserve_persons"":""persons"",""foreign_labor_stock_need_persons"":""persons"",""labor_demand_required_persons"":""persons"",""recommended_annual_quota_persons"":""persons"",""unemployment_reserve_sector_allocated_persons"":""persons""}",scripts/build_labor_migration_artifacts.py,scripts/build_labor_migration_artifacts.py,calculated_v5_sector_year_sum,bed04356e8a570a2911dde917ab538bd3dd43ad84aa6d09cf900456bb3680985,289141bf92f90836b5c4ddf618e14867ff051bcf58760b777e7048d867ea4fc9
OKVED_Q,Q,Деятельность в области здравоохранения и социальных услуг,2047,30574.08636174467,737799.4506381063,737799.4506381063,5221434.356415729,4564290.579811307,73416.19496131482,foreign_labor_migration_v5_sector_year,Foreign labor migration/docs/data/region_sector_forecast.csv,2026-05-27T13:57:22+00:00,2047,"{""cumulative_recommended_quota_persons"":737799.4506381063,""domestic_sector_supply_total_with_unemployment_reserve_persons"":4564290.579811307,""foreign_labor_stock_need_persons"":737799.4506381063,""labor_demand_required_persons"":5221434.356415729,""recommended_annual_quota_persons"":30574.08636174467,""unemployment_reserve_sector_allocated_persons"":73416.19496131482}","{""cumulative_recommended_quota_persons"":""persons"",""domestic_sector_supply_total_with_unemployment_reserve_persons"":""persons"",""foreign_labor_stock_need_persons"":""persons"",""labor_demand_required_persons"":""persons"",""recommended_annual_quota_persons"":""persons"",""unemployment_reserve_sector_allocated_persons"":""persons""}",scripts/build_labor_migration_artifacts.py,scripts/build_labor_migration_artifacts.py,calculated_v5_sector_year_sum,bed04356e8a570a2911dde917ab538bd3dd43ad84aa6d09cf900456bb3680985,5a81355fbb1e5c4b33113aaf2e135ff9b1b6d98f5ad2bdf9f82fec388be698d5
OKVED_R,R,"Деятельность в области культуры, спорта, организации досуга и развлечений",2047,5750.589991195105,126089.50570397978,126089.50570397978,1230796.155282319,1138204.7254963836,73416.19496131482,foreign_labor_migration_v5_sector_year,Foreign labor migration/docs/data/region_sector_forecast.csv,2026-05-27T13:57:22+00:00,2047,"{""cumulative_recommended_quota_persons"":126089.50570397978,""domestic_sector_supply_total_with_unemployment_reserve_persons"":1138204.7254963836,""foreign_labor_stock_need_persons"":126089.50570397978,""labor_demand_required_persons"":1230796.155282319,""recommended_annual_quota_persons"":5750.589991195105,""unemployment_reserve_sector_allocated_persons"":73416.19496131482}","{""cumulative_recommended_quota_persons"":""persons"",""domestic_sector_supply_total_with_unemployment_reserve_persons"":""persons"",""foreign_labor_stock_need_persons"":""persons"",""labor_demand_required_persons"":""persons"",""recommended_annual_quota_persons"":""persons"",""unemployment_reserve_sector_allocated_persons"":""persons""}",scripts/build_labor_migration_artifacts.py,scripts/build_labor_migration_artifacts.py,calculated_v5_sector_year_sum,bed04356e8a570a2911dde917ab538bd3dd43ad84aa6d09cf900456bb3680985,4555434694e3ca4d217e54271f3ce6e775eedf7c0b5a9d5be49f54e49004f64f
OKVED_S,S,Предоставление прочих видов услуг,2047,9639.761804575312,213905.90556423925,213905.90556423925,1910279.1959037115,1733947.6430975932,73416.19496131482,foreign_labor_migration_v5_sector_year,Foreign labor migration/docs/data/region_sector_forecast.csv,2026-05-27T13:57:22+00:00,2047,"{""cumulative_recommended_quota_persons"":213905.90556423925,""domestic_sector_supply_total_with_unemployment_reserve_persons"":1733947.6430975932,""foreign_labor_stock_need_persons"":213905.90556423925,""labor_demand_required_persons"":1910279.1959037115,""recommended_annual_quota_persons"":9639.761804575312,""unemployment_reserve_sector_allocated_persons"":73416.19496131482}","{""cumulative_recommended_quota_persons"":""persons"",""domestic_sector_supply_total_with_unemployment_reserve_persons"":""persons"",""foreign_labor_stock_need_persons"":""persons"",""labor_demand_required_persons"":""persons"",""recommended_annual_quota_persons"":""persons"",""unemployment_reserve_sector_allocated_persons"":""persons""}",scripts/build_labor_migration_artifacts.py,scripts/build_labor_migration_artifacts.py,calculated_v5_sector_year_sum,bed04356e8a570a2911dde917ab538bd3dd43ad84aa6d09cf900456bb3680985,6e5e860e97570911c741a94f40589c863caf3d72c8f321b3c6019363ca738b91
OKVED_T,T,Деятельность домашних хозяйств как работодателей; недифференцированная деятельность частных домашних хозяйств по производству товаров и оказанию услуг для собственного потребления,2047,111.03018469774884,1458.7930220149165,1458.7930220149165,67105.31634288921,119715.31758980149,60708.21308329562,foreign_labor_migration_v5_sector_year,Foreign labor migration/docs/data/region_sector_forecast.csv,2026-05-27T13:57:22+00:00,2047,"{""cumulative_recommended_quota_persons"":1458.7930220149165,""domestic_sector_supply_total_with_unemployment_reserve_persons"":119715.31758980149,""foreign_labor_stock_need_persons"":1458.7930220149165,""labor_demand_required_persons"":67105.31634288921,""recommended_annual_quota_persons"":111.03018469774884,""unemployment_reserve_sector_allocated_persons"":60708.21308329562}","{""cumulative_recommended_quota_persons"":""persons"",""domestic_sector_supply_total_with_unemployment_reserve_persons"":""persons"",""foreign_labor_stock_need_persons"":""persons"",""labor_demand_required_persons"":""persons"",""recommended_annual_quota_persons"":""persons"",""unemployment_reserve_sector_allocated_persons"":""persons""}",scripts/build_labor_migration_artifacts.py,scripts/build_labor_migration_artifacts.py,calculated_v5_sector_year_sum,bed04356e8a570a2911dde917ab538bd3dd43ad84aa6d09cf900456bb3680985,2a7d41ebfe26ad6f09c82186a7a70b364b102ac15301ca1c38734eea75e10867
OKVED_A,A,"Сельское, лесное хозяйство, охота, рыболовство и рыбоводство",2048,15734.182394049309,570429.8834597393,570431.0697057409,3987229.7675222075,3523147.579220897,72715.78460589546,foreign_labor_migration_v5_sector_year,Foreign labor migration/docs/data/region_sector_forecast.csv,2026-05-27T13:57:22+00:00,2048,"{""cumulative_recommended_quota_persons"":570431.0697057409,""domestic_sector_supply_total_with_unemployment_reserve_persons"":3523147.579220897,""foreign_labor_stock_need_persons"":570429.8834597393,""labor_demand_required_persons"":3987229.7675222075,""recommended_annual_quota_persons"":15734.182394049309,""unemployment_reserve_sector_allocated_persons"":72715.78460589546}","{""cumulative_recommended_quota_persons"":""persons"",""domestic_sector_supply_total_with_unemployment_reserve_persons"":""persons"",""foreign_labor_stock_need_persons"":""persons"",""labor_demand_required_persons"":""persons"",""recommended_annual_quota_persons"":""persons"",""unemployment_reserve_sector_allocated_persons"":""persons""}",scripts/build_labor_migration_artifacts.py,scripts/build_labor_migration_artifacts.py,calculated_v5_sector_year_sum,bed04356e8a570a2911dde917ab538bd3dd43ad84aa6d09cf900456bb3680985,7b4b6b2d197d65f39dfd8b335b7f4a60372165310b64faa43aab94397ab445d2
OKVED_B,B,Добыча полезных ископаемых,2048,16547.70713674184,367066.5802580833,367066.5802580833,1959090.2150257083,1634122.4783617079,72715.78460589546,foreign_labor_migration_v5_sector_year,Foreign labor migration/docs/data/region_sector_forecast.csv,2026-05-27T13:57:22+00:00,2048,"{""cumulative_recommended_quota_persons"":367066.5802580833,""domestic_sector_supply_total_with_unemployment_reserve_persons"":1634122.4783617079,""foreign_labor_stock_need_persons"":367066.5802580833,""labor_demand_required_persons"":1959090.2150257083,""recommended_annual_quota_persons"":16547.70713674184,""unemployment_reserve_sector_allocated_persons"":72715.78460589546}","{""cumulative_recommended_quota_persons"":""persons"",""domestic_sector_supply_total_with_unemployment_reserve_persons"":""persons"",""foreign_labor_stock_need_persons"":""persons"",""labor_demand_required_persons"":""persons"",""recommended_annual_quota_persons"":""persons"",""unemployment_reserve_sector_allocated_persons"":""persons""}",scripts/build_labor_migration_artifacts.py,scripts/build_labor_migration_artifacts.py,calculated_v5_sector_year_sum,bed04356e8a570a2911dde917ab538bd3dd43ad84aa6d09cf900456bb3680985,02bc0f2fc2eb374336ff2363b9a1c132dfed105c1824bfad167883eb43d76fa1
OKVED_C,C,Обрабатывающие производства,2048,28773.36143259539,1199565.6069263278,1199684.552731449,8153119.553068683,7041828.968520108,72715.78460589546,foreign_labor_migration_v5_sector_year,Foreign labor migration/docs/data/region_sector_forecast.csv,2026-05-27T13:57:22+00:00,2048,"{""cumulative_recommended_quota_persons"":1199684.552731449,""domestic_sector_supply_total_with_unemployment_reserve_persons"":7041828.968520108,""foreign_labor_stock_need_persons"":1199565.6069263278,""labor_demand_required_persons"":8153119.553068683,""recommended_annual_quota_persons"":28773.36143259539,""unemployment_reserve_sector_allocated_persons"":72715.78460589546}","{""cumulative_recommended_quota_persons"":""persons"",""domestic_sector_supply_total_with_unemployment_reserve_persons"":""persons"",""foreign_labor_stock_need_persons"":""persons"",""labor_demand_required_persons"":""persons"",""recommended_annual_quota_persons"":""persons"",""unemployment_reserve_sector_allocated_persons"":""persons""}",scripts/build_labor_migration_artifacts.py,scripts/build_labor_migration_artifacts.py,calculated_v5_sector_year_sum,bed04356e8a570a2911dde917ab538bd3dd43ad84aa6d09cf900456bb3680985,26af3677621b86175e8e671b5dbb2026c6255ab68e8faad3e4e655226268067b
OKVED_D,D,"Обеспечение электрической энергией, газом и паром; кондиционирование воздуха",2048,14214.968147648575,277868.04093911144,277868.04093911144,1963572.598562434,1724710.759301305,72715.78460589546,foreign_labor_migration_v5_sector_year,Foreign labor migration/docs/data/region_sector_forecast.csv,2026-05-27T13:57:22+00:00,2048,"{""cumulative_recommended_quota_persons"":277868.04093911144,""domestic_sector_supply_total_with_unemployment_reserve_persons"":1724710.759301305,""foreign_labor_stock_need_persons"":277868.04093911144,""labor_demand_required_persons"":1963572.598562434,""recommended_annual_quota_persons"":14214.968147648575,""unemployment_reserve_sector_allocated_persons"":72715.78460589546}","{""cumulative_recommended_quota_persons"":""persons"",""domestic_sector_supply_total_with_unemployment_reserve_persons"":""persons"",""foreign_labor_stock_need_persons"":""persons"",""labor_demand_required_persons"":""persons"",""recommended_annual_quota_persons"":""persons"",""unemployment_reserve_sector_allocated_persons"":""persons""}",scripts/build_labor_migration_artifacts.py,scripts/build_labor_migration_artifacts.py,calculated_v5_sector_year_sum,bed04356e8a570a2911dde917ab538bd3dd43ad84aa6d09cf900456bb3680985,b8f111104dea25e3740124dce15b66cc9c66d016e7007339f07603d9ac52243a
OKVED_E,E,"Водоснабжение; водоотведение, организация сбора и утилизации отходов, деятельность по ликвидации загрязнений",2048,2430.4205702755407,49533.46362498473,49535.276603823644,599193.9874477368,581055.9258103146,72715.78460589546,foreign_labor_migration_v5_sector_year,Foreign labor migration/docs/data/region_sector_forecast.csv,2026-05-27T13:57:22+00:00,2048,"{""cumulative_recommended_quota_persons"":49535.276603823644,""domestic_sector_supply_total_with_unemployment_reserve_persons"":581055.9258103146,""foreign_labor_stock_need_persons"":49533.46362498473,""labor_demand_required_persons"":599193.9874477368,""recommended_annual_quota_persons"":2430.4205702755407,""unemployment_reserve_sector_allocated_persons"":72715.78460589546}","{""cumulative_recommended_quota_persons"":""persons"",""domestic_sector_supply_total_with_unemployment_reserve_persons"":""persons"",""foreign_labor_stock_need_persons"":""persons"",""labor_demand_required_persons"":""persons"",""recommended_annual_quota_persons"":""persons"",""unemployment_reserve_sector_allocated_persons"":""persons""}",scripts/build_labor_migration_artifacts.py,scripts/build_labor_migration_artifacts.py,calculated_v5_sector_year_sum,bed04356e8a570a2911dde917ab538bd3dd43ad84aa6d09cf900456bb3680985,f68531071ee8e39789ace5734b1a5d2f3f5bab9bd4646adc25fdfe5da1193aca
OKVED_F,F,Строительство,2048,22258.490950575102,785630.5974534749,785641.0013820209,5776566.167320419,5081686.5094808545,72715.78460589546,foreign_labor_migration_v5_sector_year,Foreign labor migration/docs/data/region_sector_forecast.csv,2026-05-27T13:57:22+00:00,2048,"{""cumulative_recommended_quota_persons"":785641.0013820209,""domestic_sector_supply_total_with_unemployment_reserve_persons"":5081686.5094808545,""foreign_labor_stock_need_persons"":785630.5974534749,""labor_demand_required_persons"":5776566.167320419,""recommended_annual_quota_persons"":22258.490950575102,""unemployment_reserve_sector_allocated_persons"":72715.78460589546}","{""cumulative_recommended_quota_persons"":""persons"",""domestic_sector_supply_total_with_unemployment_reserve_persons"":""persons"",""foreign_labor_stock_need_persons"":""persons"",""labor_demand_required_persons"":""persons"",""recommended_annual_quota_persons"":""persons"",""unemployment_reserve_sector_allocated_persons"":""persons""}",scripts/build_labor_migration_artifacts.py,scripts/build_labor_migration_artifacts.py,calculated_v5_sector_year_sum,bed04356e8a570a2911dde917ab538bd3dd43ad84aa6d09cf900456bb3680985,a446e4ebc6d837e821bfa7a3f2e1c966154fb1b2c069d1645521c23f3fb54309
OKVED_G,G,Торговля оптовая и розничная; ремонт автотранспортных средств и мотоциклов,2048,65169.33254686423,1941960.141853753,1941960.1872447783,13391753.269192448,11596039.70104246,72715.78460589546,foreign_labor_migration_v5_sector_year,Foreign labor migration/docs/data/region_sector_forecast.csv,2026-05-27T13:57:22+00:00,2048,"{""cumulative_recommended_quota_persons"":1941960.1872447783,""domestic_sector_supply_total_with_unemployment_reserve_persons"":11596039.70104246,""foreign_labor_stock_need_persons"":1941960.141853753,""labor_demand_required_persons"":13391753.269192448,""recommended_annual_quota_persons"":65169.33254686423,""unemployment_reserve_sector_allocated_persons"":72715.78460589546}","{""cumulative_recommended_quota_persons"":""persons"",""domestic_sector_supply_total_with_unemployment_reserve_persons"":""persons"",""foreign_labor_stock_need_persons"":""persons"",""labor_demand_required_persons"":""persons"",""recommended_annual_quota_persons"":""persons"",""unemployment_reserve_sector_allocated_persons"":""persons""}",scripts/build_labor_migration_artifacts.py,scripts/build_labor_migration_artifacts.py,calculated_v5_sector_year_sum,bed04356e8a570a2911dde917ab538bd3dd43ad84aa6d09cf900456bb3680985,05b48b8587dbf759c2f072ce98aed5a4bae336f1995108b1138f54a90a607e66
OKVED_H,H,Транспортировка и хранение,2048,34456.90765675553,924316.9327144332,924316.9327144332,6306451.97115096,5462388.802462639,72715.78460589546,foreign_labor_migration_v5_sector_year,Foreign labor migration/docs/data/region_sector_forecast.csv,2026-05-27T13:57:22+00:00,2048,"{""cumulative_recommended_quota_persons"":924316.9327144332,""domestic_sector_supply_total_with_unemployment_reserve_persons"":5462388.802462639,""foreign_labor_stock_need_persons"":924316.9327144332,""labor_demand_required_persons"":6306451.97115096,""recommended_annual_quota_persons"":34456.90765675553,""unemployment_reserve_sector_allocated_persons"":72715.78460589546}","{""cumulative_recommended_quota_persons"":""persons"",""domestic_sector_supply_total_with_unemployment_reserve_persons"":""persons"",""foreign_labor_stock_need_persons"":""persons"",""labor_demand_required_persons"":""persons"",""recommended_annual_quota_persons"":""persons"",""unemployment_reserve_sector_allocated_persons"":""persons""}",scripts/build_labor_migration_artifacts.py,scripts/build_labor_migration_artifacts.py,calculated_v5_sector_year_sum,bed04356e8a570a2911dde917ab538bd3dd43ad84aa6d09cf900456bb3680985,6346ee008e5ae16425773bbf34dcbed1f6f876e1ff2339e98e564418c77bf0eb
OKVED_I,I,Деятельность гостиниц и предприятий общественного питания,2048,9295.898423020806,236266.5273715726,236266.5273715726,1969470.1470360307,1773740.3665103999,72715.78460589546,foreign_labor_migration_v5_sector_year,Foreign labor migration/docs/data/region_sector_forecast.csv,2026-05-27T13:57:22+00:00,2048,"{""cumulative_recommended_quota_persons"":236266.5273715726,""domestic_sector_supply_total_with_unemployment_reserve_persons"":1773740.3665103999,""foreign_labor_stock_need_persons"":236266.5273715726,""labor_demand_required_persons"":1969470.1470360307,""recommended_annual_quota_persons"":9295.898423020806,""unemployment_reserve_sector_allocated_persons"":72715.78460589546}","{""cumulative_recommended_quota_persons"":""persons"",""domestic_sector_supply_total_with_unemployment_reserve_persons"":""persons"",""foreign_labor_stock_need_persons"":""persons"",""labor_demand_required_persons"":""persons"",""recommended_annual_quota_persons"":""persons"",""unemployment_reserve_sector_allocated_persons"":""persons""}",scripts/build_labor_migration_artifacts.py,scripts/build_labor_migration_artifacts.py,calculated_v5_sector_year_sum,bed04356e8a570a2911dde917ab538bd3dd43ad84aa6d09cf900456bb3680985,48d800ce837e8fd6de3b0f369d3383e6638e939022e0242d789b58e43a0c28fe
OKVED_J,J,Деятельность в области информации и связи,2048,6878.685313695994,168899.3090630781,168899.3090630781,1583371.6739129676,1445494.7020677985,72715.78460589546,foreign_labor_migration_v5_sector_year,Foreign labor migration/docs/data/region_sector_forecast.csv,2026-05-27T13:57:22+00:00,2048,"{""cumulative_recommended_quota_persons"":168899.3090630781,""domestic_sector_supply_total_with_unemployment_reserve_persons"":1445494.7020677985,""foreign_labor_stock_need_persons"":168899.3090630781,""labor_demand_required_persons"":1583371.6739129676,""recommended_annual_quota_persons"":6878.685313695994,""unemployment_reserve_sector_allocated_persons"":72715.78460589546}","{""cumulative_recommended_quota_persons"":""persons"",""domestic_sector_supply_total_with_unemployment_reserve_persons"":""persons"",""foreign_labor_stock_need_persons"":""persons"",""labor_demand_required_persons"":""persons"",""recommended_annual_quota_persons"":""persons"",""unemployment_reserve_sector_allocated_persons"":""persons""}",scripts/build_labor_migration_artifacts.py,scripts/build_labor_migration_artifacts.py,calculated_v5_sector_year_sum,bed04356e8a570a2911dde917ab538bd3dd43ad84aa6d09cf900456bb3680985,f6a747b925431cfa365a2bacda7d6858b1d050844ac70aa516321245a04aca4d
OKVED_K,K,Деятельность финансовая и страховая,2048,6008.771328450242,125585.25879421878,125585.25879421878,1222334.865958275,1128290.3182733587,72715.78460589546,foreign_labor_migration_v5_sector_year,Foreign labor migration/docs/data/region_sector_forecast.csv,2026-05-27T13:57:22+00:00,2048,"{""cumulative_recommended_quota_persons"":125585.25879421878,""domestic_sector_supply_total_with_unemployment_reserve_persons"":1128290.3182733587,""foreign_labor_stock_need_persons"":125585.25879421878,""labor_demand_required_persons"":1222334.865958275,""recommended_annual_quota_persons"":6008.771328450242,""unemployment_reserve_sector_allocated_persons"":72715.78460589546}","{""cumulative_recommended_quota_persons"":""persons"",""domestic_sector_supply_total_with_unemployment_reserve_persons"":""persons"",""foreign_labor_stock_need_persons"":""persons"",""labor_demand_required_persons"":""persons"",""recommended_annual_quota_persons"":""persons"",""unemployment_reserve_sector_allocated_persons"":""persons""}",scripts/build_labor_migration_artifacts.py,scripts/build_labor_migration_artifacts.py,calculated_v5_sector_year_sum,bed04356e8a570a2911dde917ab538bd3dd43ad84aa6d09cf900456bb3680985,0a4ef3f5e251460652a883bcac2ec9057c6a2d684d2700d61fe9a28dff3de2c4
OKVED_L,L,Деятельность по операциям с недвижимым имуществом,2048,10481.98303181167,243011.4062263099,243011.4062263099,1969495.1025184048,1760861.1021942755,72715.78460589546,foreign_labor_migration_v5_sector_year,Foreign labor migration/docs/data/region_sector_forecast.csv,2026-05-27T13:57:22+00:00,2048,"{""cumulative_recommended_quota_persons"":243011.4062263099,""domestic_sector_supply_total_with_unemployment_reserve_persons"":1760861.1021942755,""foreign_labor_stock_need_persons"":243011.4062263099,""labor_demand_required_persons"":1969495.1025184048,""recommended_annual_quota_persons"":10481.98303181167,""unemployment_reserve_sector_allocated_persons"":72715.78460589546}","{""cumulative_recommended_quota_persons"":""persons"",""domestic_sector_supply_total_with_unemployment_reserve_persons"":""persons"",""foreign_labor_stock_need_persons"":""persons"",""labor_demand_required_persons"":""persons"",""recommended_annual_quota_persons"":""persons"",""unemployment_reserve_sector_allocated_persons"":""persons""}",scripts/build_labor_migration_artifacts.py,scripts/build_labor_migration_artifacts.py,calculated_v5_sector_year_sum,bed04356e8a570a2911dde917ab538bd3dd43ad84aa6d09cf900456bb3680985,1df3ef1331a2c3eb88001355dd862c59c8eb5734541e9a6e73a722534d8dfef0
OKVED_M,M,"Деятельность профессиональная, научная и техническая",2048,8819.019075551347,272798.58669761865,272820.86194963666,2299991.5248579145,2060388.5237054238,72715.78460589546,foreign_labor_migration_v5_sector_year,Foreign labor migration/docs/data/region_sector_forecast.csv,2026-05-27T13:57:22+00:00,2048,"{""cumulative_recommended_quota_persons"":272820.86194963666,""domestic_sector_supply_total_with_unemployment_reserve_persons"":2060388.5237054238,""foreign_labor_stock_need_persons"":272798.58669761865,""labor_demand_required_persons"":2299991.5248579145,""recommended_annual_quota_persons"":8819.019075551347,""unemployment_reserve_sector_allocated_persons"":72715.78460589546}","{""cumulative_recommended_quota_persons"":""persons"",""domestic_sector_supply_total_with_unemployment_reserve_persons"":""persons"",""foreign_labor_stock_need_persons"":""persons"",""labor_demand_required_persons"":""persons"",""recommended_annual_quota_persons"":""persons"",""unemployment_reserve_sector_allocated_persons"":""persons""}",scripts/build_labor_migration_artifacts.py,scripts/build_labor_migration_artifacts.py,calculated_v5_sector_year_sum,bed04356e8a570a2911dde917ab538bd3dd43ad84aa6d09cf900456bb3680985,5e6be6a420ea4c196f400b2b65c6216c92bde9b94f55c7d57f57f017a01944d9
OKVED_N,N,Деятельность административная и сопутствующие дополнительные услуги,2048,18919.770304174865,380783.96932437434,380783.96932437434,2873642.9692814,2534296.3748528995,72715.78460589546,foreign_labor_migration_v5_sector_year,Foreign labor migration/docs/data/region_sector_forecast.csv,2026-05-27T13:57:22+00:00,2048,"{""cumulative_recommended_quota_persons"":380783.96932437434,""domestic_sector_supply_total_with_unemployment_reserve_persons"":2534296.3748528995,""foreign_labor_stock_need_persons"":380783.96932437434,""labor_demand_required_persons"":2873642.9692814,""recommended_annual_quota_persons"":18919.770304174865,""unemployment_reserve_sector_allocated_persons"":72715.78460589546}","{""cumulative_recommended_quota_persons"":""persons"",""domestic_sector_supply_total_with_unemployment_reserve_persons"":""persons"",""foreign_labor_stock_need_persons"":""persons"",""labor_demand_required_persons"":""persons"",""recommended_annual_quota_persons"":""persons"",""unemployment_reserve_sector_allocated_persons"":""persons""}",scripts/build_labor_migration_artifacts.py,scripts/build_labor_migration_artifacts.py,calculated_v5_sector_year_sum,bed04356e8a570a2911dde917ab538bd3dd43ad84aa6d09cf900456bb3680985,6d9b246af2651c0cfe69c62e7a24a696156d21f8aaa7333da891b28b63507076
OKVED_O,O,Государственное управление и обеспечение военной безопасности; социальное обеспечение,2048,20548.551877162852,539497.1537340116,539497.1537340116,3680031.1620369125,3218015.1233285856,72715.78460589546,foreign_labor_migration_v5_sector_year,Foreign labor migration/docs/data/region_sector_forecast.csv,2026-05-27T13:57:22+00:00,2048,"{""cumulative_recommended_quota_persons"":539497.1537340116,""domestic_sector_supply_total_with_unemployment_reserve_persons"":3218015.1233285856,""foreign_labor_stock_need_persons"":539497.1537340116,""labor_demand_required_persons"":3680031.1620369125,""recommended_annual_quota_persons"":20548.551877162852,""unemployment_reserve_sector_allocated_persons"":72715.78460589546}","{""cumulative_recommended_quota_persons"":""persons"",""domestic_sector_supply_total_with_unemployment_reserve_persons"":""persons"",""foreign_labor_stock_need_persons"":""persons"",""labor_demand_required_persons"":""persons"",""recommended_annual_quota_persons"":""persons"",""unemployment_reserve_sector_allocated_persons"":""persons""}",scripts/build_labor_migration_artifacts.py,scripts/build_labor_migration_artifacts.py,calculated_v5_sector_year_sum,bed04356e8a570a2911dde917ab538bd3dd43ad84aa6d09cf900456bb3680985,617be9a35f89daa6be9d2a93a8443b182865d3d66af620111f2501959243ee8c
OKVED_P,P,Образование,2048,34522.509519496896,880600.5107312315,880600.5107312315,6080416.07641243,5318231.887981488,72715.78460589546,foreign_labor_migration_v5_sector_year,Foreign labor migration/docs/data/region_sector_forecast.csv,2026-05-27T13:57:22+00:00,2048,"{""cumulative_recommended_quota_persons"":880600.5107312315,""domestic_sector_supply_total_with_unemployment_reserve_persons"":5318231.887981488,""foreign_labor_stock_need_persons"":880600.5107312315,""labor_demand_required_persons"":6080416.07641243,""recommended_annual_quota_persons"":34522.509519496896,""unemployment_reserve_sector_allocated_persons"":72715.78460589546}","{""cumulative_recommended_quota_persons"":""persons"",""domestic_sector_supply_total_with_unemployment_reserve_persons"":""persons"",""foreign_labor_stock_need_persons"":""persons"",""labor_demand_required_persons"":""persons"",""recommended_annual_quota_persons"":""persons"",""unemployment_reserve_sector_allocated_persons"":""persons""}",scripts/build_labor_migration_artifacts.py,scripts/build_labor_migration_artifacts.py,calculated_v5_sector_year_sum,bed04356e8a570a2911dde917ab538bd3dd43ad84aa6d09cf900456bb3680985,3dab3b24b81b20bf6a35ca61e4d1a604f8e258c429310015ba77cb1d9740ee53
OKVED_Q,Q,Деятельность в области здравоохранения и социальных услуг,2048,32752.79274557617,770552.2433836826,770552.2433836826,5235891.812519904,4546900.637868188,72715.78460589546,foreign_labor_migration_v5_sector_year,Foreign labor migration/docs/data/region_sector_forecast.csv,2026-05-27T13:57:22+00:00,2048,"{""cumulative_recommended_quota_persons"":770552.2433836826,""domestic_sector_supply_total_with_unemployment_reserve_persons"":4546900.637868188,""foreign_labor_stock_need_persons"":770552.2433836826,""labor_demand_required_persons"":5235891.812519904,""recommended_annual_quota_persons"":32752.79274557617,""unemployment_reserve_sector_allocated_persons"":72715.78460589546}","{""cumulative_recommended_quota_persons"":""persons"",""domestic_sector_supply_total_with_unemployment_reserve_persons"":""persons"",""foreign_labor_stock_need_persons"":""persons"",""labor_demand_required_persons"":""persons"",""recommended_annual_quota_persons"":""persons"",""unemployment_reserve_sector_allocated_persons"":""persons""}",scripts/build_labor_migration_artifacts.py,scripts/build_labor_migration_artifacts.py,calculated_v5_sector_year_sum,bed04356e8a570a2911dde917ab538bd3dd43ad84aa6d09cf900456bb3680985,64c8b11ae0b143dca5b1a199b4b2a6bb682fa73eddc96cee78bd77b4835e40a5
OKVED_R,R,"Деятельность в области культуры, спорта, организации досуга и развлечений",2048,6496.698240848921,132586.2039448287,132586.2039448287,1224357.076020019,1125123.51453737,72715.78460589546,foreign_labor_migration_v5_sector_year,Foreign labor migration/docs/data/region_sector_forecast.csv,2026-05-27T13:57:22+00:00,2048,"{""cumulative_recommended_quota_persons"":132586.2039448287,""domestic_sector_supply_total_with_unemployment_reserve_persons"":1125123.51453737,""foreign_labor_stock_need_persons"":132586.2039448287,""labor_demand_required_persons"":1224357.076020019,""recommended_annual_quota_persons"":6496.698240848921,""unemployment_reserve_sector_allocated_persons"":72715.78460589546}","{""cumulative_recommended_quota_persons"":""persons"",""domestic_sector_supply_total_with_unemployment_reserve_persons"":""persons"",""foreign_labor_stock_need_persons"":""persons"",""labor_demand_required_persons"":""persons"",""recommended_annual_quota_persons"":""persons"",""unemployment_reserve_sector_allocated_persons"":""persons""}",scripts/build_labor_migration_artifacts.py,scripts/build_labor_migration_artifacts.py,calculated_v5_sector_year_sum,bed04356e8a570a2911dde917ab538bd3dd43ad84aa6d09cf900456bb3680985,fe1de6ac5c8090a5305a85eafb358473d42fa03e28b51fb9f91a4b9508683cb2
OKVED_S,S,Предоставление прочих видов услуг,2048,10499.198420427701,224405.10398466696,224405.10398466696,1904981.6735637505,1718202.253275821,72715.78460589546,foreign_labor_migration_v5_sector_year,Foreign labor migration/docs/data/region_sector_forecast.csv,2026-05-27T13:57:22+00:00,2048,"{""cumulative_recommended_quota_persons"":224405.10398466696,""domestic_sector_supply_total_with_unemployment_reserve_persons"":1718202.253275821,""foreign_labor_stock_need_persons"":224405.10398466696,""labor_demand_required_persons"":1904981.6735637505,""recommended_annual_quota_persons"":10499.198420427701,""unemployment_reserve_sector_allocated_persons"":72715.78460589546}","{""cumulative_recommended_quota_persons"":""persons"",""domestic_sector_supply_total_with_unemployment_reserve_persons"":""persons"",""foreign_labor_stock_need_persons"":""persons"",""labor_demand_required_persons"":""persons"",""recommended_annual_quota_persons"":""persons"",""unemployment_reserve_sector_allocated_persons"":""persons""}",scripts/build_labor_migration_artifacts.py,scripts/build_labor_migration_artifacts.py,calculated_v5_sector_year_sum,bed04356e8a570a2911dde917ab538bd3dd43ad84aa6d09cf900456bb3680985,90168ddb6c74c78f9d5ae7abb9e7b745faae91e83e28b3940b678891a2cd11b1
OKVED_T,T,Деятельность домашних хозяйств как работодателей; недифференцированная деятельность частных домашних хозяйств по производству товаров и оказанию услуг для собственного потребления,2048,120.06609745024686,1578.8591194651633,1578.8591194651633,66831.8803101672,118599.58811803049,60157.15850615999,foreign_labor_migration_v5_sector_year,Foreign labor migration/docs/data/region_sector_forecast.csv,2026-05-27T13:57:22+00:00,2048,"{""cumulative_recommended_quota_persons"":1578.8591194651633,""domestic_sector_supply_total_with_unemployment_reserve_persons"":118599.58811803049,""foreign_labor_stock_need_persons"":1578.8591194651633,""labor_demand_required_persons"":66831.8803101672,""recommended_annual_quota_persons"":120.06609745024686,""unemployment_reserve_sector_allocated_persons"":60157.15850615999}","{""cumulative_recommended_quota_persons"":""persons"",""domestic_sector_supply_total_with_unemployment_reserve_persons"":""persons"",""foreign_labor_stock_need_persons"":""persons"",""labor_demand_required_persons"":""persons"",""recommended_annual_quota_persons"":""persons"",""unemployment_reserve_sector_allocated_persons"":""persons""}",scripts/build_labor_migration_artifacts.py,scripts/build_labor_migration_artifacts.py,calculated_v5_sector_year_sum,bed04356e8a570a2911dde917ab538bd3dd43ad84aa6d09cf900456bb3680985,1ad80a427796aef072df928c95d5ac8e057a20934562620031f903a09a084521
OKVED_A,A,"Сельское, лесное хозяйство, охота, рыболовство и рыбоводство",2049,17032.56938724338,587461.6341966783,587463.6390929843,3948933.8464153716,3468366.676505387,71926.3404723423,foreign_labor_migration_v5_sector_year,Foreign labor migration/docs/data/region_sector_forecast.csv,2026-05-27T13:57:22+00:00,2049,"{""cumulative_recommended_quota_persons"":587463.6390929843,""domestic_sector_supply_total_with_unemployment_reserve_persons"":3468366.676505387,""foreign_labor_stock_need_persons"":587461.6341966783,""labor_demand_required_persons"":3948933.8464153716,""recommended_annual_quota_persons"":17032.56938724338,""unemployment_reserve_sector_allocated_persons"":71926.3404723423}","{""cumulative_recommended_quota_persons"":""persons"",""domestic_sector_supply_total_with_unemployment_reserve_persons"":""persons"",""foreign_labor_stock_need_persons"":""persons"",""labor_demand_required_persons"":""persons"",""recommended_annual_quota_persons"":""persons"",""unemployment_reserve_sector_allocated_persons"":""persons""}",scripts/build_labor_migration_artifacts.py,scripts/build_labor_migration_artifacts.py,calculated_v5_sector_year_sum,bed04356e8a570a2911dde917ab538bd3dd43ad84aa6d09cf900456bb3680985,6edd46344a8f054e4198b882c65f4e3da644ec0878f7dfd281f07c68118391a6
OKVED_B,B,Добыча полезных ископаемых,2049,17276.684502183634,384343.26476026693,384343.26476026693,1978005.197840844,1634594.1798785005,71926.3404723423,foreign_labor_migration_v5_sector_year,Foreign labor migration/docs/data/region_sector_forecast.csv,2026-05-27T13:57:22+00:00,2049,"{""cumulative_recommended_quota_persons"":384343.26476026693,""domestic_sector_supply_total_with_unemployment_reserve_persons"":1634594.1798785005,""foreign_labor_stock_need_persons"":384343.26476026693,""labor_demand_required_persons"":1978005.197840844,""recommended_annual_quota_persons"":17276.684502183634,""unemployment_reserve_sector_allocated_persons"":71926.3404723423}","{""cumulative_recommended_quota_persons"":""persons"",""domestic_sector_supply_total_with_unemployment_reserve_persons"":""persons"",""foreign_labor_stock_need_persons"":""persons"",""labor_demand_required_persons"":""persons"",""recommended_annual_quota_persons"":""persons"",""unemployment_reserve_sector_allocated_persons"":""persons""}",scripts/build_labor_migration_artifacts.py,scripts/build_labor_migration_artifacts.py,calculated_v5_sector_year_sum,bed04356e8a570a2911dde917ab538bd3dd43ad84aa6d09cf900456bb3680985,c493e5d0d86ec47556b866a467f45a7e9865183a1fadbfbca0a5ea0496c917c8
OKVED_C,C,Обрабатывающие производства,2049,32410.850841111722,1231813.7729665237,1232095.4035725608,8017665.050956144,6873336.152267991,71926.3404723423,foreign_labor_migration_v5_sector_year,Foreign labor migration/docs/data/region_sector_forecast.csv,2026-05-27T13:57:22+00:00,2049,"{""cumulative_recommended_quota_persons"":1232095.4035725608,""domestic_sector_supply_total_with_unemployment_reserve_persons"":6873336.152267991,""foreign_labor_stock_need_persons"":1231813.7729665237,""labor_demand_required_persons"":8017665.050956144,""recommended_annual_quota_persons"":32410.850841111722,""unemployment_reserve_sector_allocated_persons"":71926.3404723423}","{""cumulative_recommended_quota_persons"":""persons"",""domestic_sector_supply_total_with_unemployment_reserve_persons"":""persons"",""foreign_labor_stock_need_persons"":""persons"",""labor_demand_required_persons"":""persons"",""recommended_annual_quota_persons"":""persons"",""unemployment_reserve_sector_allocated_persons"":""persons""}",scripts/build_labor_migration_artifacts.py,scripts/build_labor_migration_artifacts.py,calculated_v5_sector_year_sum,bed04356e8a570a2911dde917ab538bd3dd43ad84aa6d09cf900456bb3680985,5a640ec3b99af9b9ad5e40680e8b1809109b8af32e4dc349b03c579b428021ae
OKVED_D,D,"Обеспечение электрической энергией, газом и паром; кондиционирование воздуха",2049,15205.205034521665,293073.2459736331,293073.2459736331,1973939.671805775,1719637.0576151463,71926.3404723423,foreign_labor_migration_v5_sector_year,Foreign labor migration/docs/data/region_sector_forecast.csv,2026-05-27T13:57:22+00:00,2049,"{""cumulative_recommended_quota_persons"":293073.2459736331,""domestic_sector_supply_total_with_unemployment_reserve_persons"":1719637.0576151463,""foreign_labor_stock_need_persons"":293073.2459736331,""labor_demand_required_persons"":1973939.671805775,""recommended_annual_quota_persons"":15205.205034521665,""unemployment_reserve_sector_allocated_persons"":71926.3404723423}","{""cumulative_recommended_quota_persons"":""persons"",""domestic_sector_supply_total_with_unemployment_reserve_persons"":""persons"",""foreign_labor_stock_need_persons"":""persons"",""labor_demand_required_persons"":""persons"",""recommended_annual_quota_persons"":""persons"",""unemployment_reserve_sector_allocated_persons"":""persons""}",scripts/build_labor_migration_artifacts.py,scripts/build_labor_migration_artifacts.py,calculated_v5_sector_year_sum,bed04356e8a570a2911dde917ab538bd3dd43ad84aa6d09cf900456bb3680985,979b7872421ba5d195eb6da8fc9414c686a471239c26d6bbadb7cce8b0ce986e
OKVED_E,E,"Водоснабжение; водоотведение, организация сбора и утилизации отходов, деятельность по ликвидации загрязнений",2049,2714.24291563377,52247.7065406185,52249.51951945742,592336.3934889357,570619.210691713,71926.3404723423,foreign_labor_migration_v5_sector_year,Foreign labor migration/docs/data/region_sector_forecast.csv,2026-05-27T13:57:22+00:00,2049,"{""cumulative_recommended_quota_persons"":52249.51951945742,""domestic_sector_supply_total_with_unemployment_reserve_persons"":570619.210691713,""foreign_labor_stock_need_persons"":52247.7065406185,""labor_demand_required_persons"":592336.3934889357,""recommended_annual_quota_persons"":2714.24291563377,""unemployment_reserve_sector_allocated_persons"":71926.3404723423}","{""cumulative_recommended_quota_persons"":""persons"",""domestic_sector_supply_total_with_unemployment_reserve_persons"":""persons"",""foreign_labor_stock_need_persons"":""persons"",""labor_demand_required_persons"":""persons"",""recommended_annual_quota_persons"":""persons"",""unemployment_reserve_sector_allocated_persons"":""persons""}",scripts/build_labor_migration_artifacts.py,scripts/build_labor_migration_artifacts.py,calculated_v5_sector_year_sum,bed04356e8a570a2911dde917ab538bd3dd43ad84aa6d09cf900456bb3680985,c56cae0bbd5914a9285be3f800b505ce1957cd25e882b3fe21a15db452693c06
OKVED_F,F,Строительство,2049,25221.447567577463,810852.0450210524,810862.4489495984,5701766.925909312,4981096.321644507,71926.3404723423,foreign_labor_migration_v5_sector_year,Foreign labor migration/docs/data/region_sector_forecast.csv,2026-05-27T13:57:22+00:00,2049,"{""cumulative_recommended_quota_persons"":810862.4489495984,""domestic_sector_supply_total_with_unemployment_reserve_persons"":4981096.321644507,""foreign_labor_stock_need_persons"":810852.0450210524,""labor_demand_required_persons"":5701766.925909312,""recommended_annual_quota_persons"":25221.447567577463,""unemployment_reserve_sector_allocated_persons"":71926.3404723423}","{""cumulative_recommended_quota_persons"":""persons"",""domestic_sector_supply_total_with_unemployment_reserve_persons"":""persons"",""foreign_labor_stock_need_persons"":""persons"",""labor_demand_required_persons"":""persons"",""recommended_annual_quota_persons"":""persons"",""unemployment_reserve_sector_allocated_persons"":""persons""}",scripts/build_labor_migration_artifacts.py,scripts/build_labor_migration_artifacts.py,calculated_v5_sector_year_sum,bed04356e8a570a2911dde917ab538bd3dd43ad84aa6d09cf900456bb3680985,fed574a4de9d8b8068dceb3844cf2ea9a5fc94888bde90cf2b4ab7cd2f814955
OKVED_G,G,Торговля оптовая и розничная; ремонт автотранспортных средств и мотоциклов,2049,73298.9758793564,2015259.1177331095,2015259.1631241345,13308081.9337942,11439271.460156344,71926.3404723423,foreign_labor_migration_v5_sector_year,Foreign labor migration/docs/data/region_sector_forecast.csv,2026-05-27T13:57:22+00:00,2049,"{""cumulative_recommended_quota_persons"":2015259.1631241345,""domestic_sector_supply_total_with_unemployment_reserve_persons"":11439271.460156344,""foreign_labor_stock_need_persons"":2015259.1177331095,""labor_demand_required_persons"":13308081.9337942,""recommended_annual_quota_persons"":73298.9758793564,""unemployment_reserve_sector_allocated_persons"":71926.3404723423}","{""cumulative_recommended_quota_persons"":""persons"",""domestic_sector_supply_total_with_unemployment_reserve_persons"":""persons"",""foreign_labor_stock_need_persons"":""persons"",""labor_demand_required_persons"":""persons"",""recommended_annual_quota_persons"":""persons"",""unemployment_reserve_sector_allocated_persons"":""persons""}",scripts/build_labor_migration_artifacts.py,scripts/build_labor_migration_artifacts.py,calculated_v5_sector_year_sum,bed04356e8a570a2911dde917ab538bd3dd43ad84aa6d09cf900456bb3680985,1516f7fca25288fb62b9533e3785b377c1211c1bc2ca3acaed4e8721c4623443
OKVED_H,H,Транспортировка и хранение,2049,38066.21661534013,962383.1493297733,962383.1493297733,6284872.101313819,5402409.270223772,71926.3404723423,foreign_labor_migration_v5_sector_year,Foreign labor migration/docs/data/region_sector_forecast.csv,2026-05-27T13:57:22+00:00,2049,"{""cumulative_recommended_quota_persons"":962383.1493297733,""domestic_sector_supply_total_with_unemployment_reserve_persons"":5402409.270223772,""foreign_labor_stock_need_persons"":962383.1493297733,""labor_demand_required_persons"":6284872.101313819,""recommended_annual_quota_persons"":38066.21661534013,""unemployment_reserve_sector_allocated_persons"":71926.3404723423}","{""cumulative_recommended_quota_persons"":""persons"",""domestic_sector_supply_total_with_unemployment_reserve_persons"":""persons"",""foreign_labor_stock_need_persons"":""persons"",""labor_demand_required_persons"":""persons"",""recommended_annual_quota_persons"":""persons"",""unemployment_reserve_sector_allocated_persons"":""persons""}",scripts/build_labor_migration_artifacts.py,scripts/build_labor_migration_artifacts.py,calculated_v5_sector_year_sum,bed04356e8a570a2911dde917ab538bd3dd43ad84aa6d09cf900456bb3680985,e4197902f04beb5b592855d0fec1682e8c9d0779e56a3d528210550b3c3a02c5
OKVED_I,I,Деятельность гостиниц и предприятий общественного питания,2049,10311.850074307069,246578.37744587965,246578.37744587965,1953066.023437419,1746658.8981427012,71926.3404723423,foreign_labor_migration_v5_sector_year,Foreign labor migration/docs/data/region_sector_forecast.csv,2026-05-27T13:57:22+00:00,2049,"{""cumulative_recommended_quota_persons"":246578.37744587965,""domestic_sector_supply_total_with_unemployment_reserve_persons"":1746658.8981427012,""foreign_labor_stock_need_persons"":246578.37744587965,""labor_demand_required_persons"":1953066.023437419,""recommended_annual_quota_persons"":10311.850074307069,""unemployment_reserve_sector_allocated_persons"":71926.3404723423}","{""cumulative_recommended_quota_persons"":""persons"",""domestic_sector_supply_total_with_unemployment_reserve_persons"":""persons"",""foreign_labor_stock_need_persons"":""persons"",""labor_demand_required_persons"":""persons"",""recommended_annual_quota_persons"":""persons"",""unemployment_reserve_sector_allocated_persons"":""persons""}",scripts/build_labor_migration_artifacts.py,scripts/build_labor_migration_artifacts.py,calculated_v5_sector_year_sum,bed04356e8a570a2911dde917ab538bd3dd43ad84aa6d09cf900456bb3680985,673d64f8be1703eb58b8f2d8f91f265e25795377bf8b89a1007c19bd06e2703e
OKVED_J,J,Деятельность в области информации и связи,2049,8038.8372234673725,176938.1462865455,176938.1462865455,1562060.550444227,1415675.9886932028,71926.3404723423,foreign_labor_migration_v5_sector_year,Foreign labor migration/docs/data/region_sector_forecast.csv,2026-05-27T13:57:22+00:00,2049,"{""cumulative_recommended_quota_persons"":176938.1462865455,""domestic_sector_supply_total_with_unemployment_reserve_persons"":1415675.9886932028,""foreign_labor_stock_need_persons"":176938.1462865455,""labor_demand_required_persons"":1562060.550444227,""recommended_annual_quota_persons"":8038.8372234673725,""unemployment_reserve_sector_allocated_persons"":71926.3404723423}","{""cumulative_recommended_quota_persons"":""persons"",""domestic_sector_supply_total_with_unemployment_reserve_persons"":""persons"",""foreign_labor_stock_need_persons"":""persons"",""labor_demand_required_persons"":""persons"",""recommended_annual_quota_persons"":""persons"",""unemployment_reserve_sector_allocated_persons"":""persons""}",scripts/build_labor_migration_artifacts.py,scripts/build_labor_migration_artifacts.py,calculated_v5_sector_year_sum,bed04356e8a570a2911dde917ab538bd3dd43ad84aa6d09cf900456bb3680985,3866d9c5cae8cb052a142cbe7beba34df8d59f8166cefaf54177caf987303510
OKVED_K,K,Деятельность финансовая и страховая,2049,7008.043341076712,132593.3021352955,132593.3021352955,1212744.232487465,1111039.9113586026,71926.3404723423,foreign_labor_migration_v5_sector_year,Foreign labor migration/docs/data/region_sector_forecast.csv,2026-05-27T13:57:22+00:00,2049,"{""cumulative_recommended_quota_persons"":132593.3021352955,""domestic_sector_supply_total_with_unemployment_reserve_persons"":1111039.9113586026,""foreign_labor_stock_need_persons"":132593.3021352955,""labor_demand_required_persons"":1212744.232487465,""recommended_annual_quota_persons"":7008.043341076712,""unemployment_reserve_sector_allocated_persons"":71926.3404723423}","{""cumulative_recommended_quota_persons"":""persons"",""domestic_sector_supply_total_with_unemployment_reserve_persons"":""persons"",""foreign_labor_stock_need_persons"":""persons"",""labor_demand_required_persons"":""persons"",""recommended_annual_quota_persons"":""persons"",""unemployment_reserve_sector_allocated_persons"":""persons""}",scripts/build_labor_migration_artifacts.py,scripts/build_labor_migration_artifacts.py,calculated_v5_sector_year_sum,bed04356e8a570a2911dde917ab538bd3dd43ad84aa6d09cf900456bb3680985,d0c54e68b3576a340785d2aef40d7c513ec9e75100463242aaad93a41192a5d8
OKVED_L,L,Деятельность по операциям с недвижимым имуществом,2049,11674.353698555522,254685.75992486542,254685.75992486542,1957142.0064430488,1736457.6920625574,71926.3404723423,foreign_labor_migration_v5_sector_year,Foreign labor migration/docs/data/region_sector_forecast.csv,2026-05-27T13:57:22+00:00,2049,"{""cumulative_recommended_quota_persons"":254685.75992486542,""domestic_sector_supply_total_with_unemployment_reserve_persons"":1736457.6920625574,""foreign_labor_stock_need_persons"":254685.75992486542,""labor_demand_required_persons"":1957142.0064430488,""recommended_annual_quota_persons"":11674.353698555522,""unemployment_reserve_sector_allocated_persons"":71926.3404723423}","{""cumulative_recommended_quota_persons"":""persons"",""domestic_sector_supply_total_with_unemployment_reserve_persons"":""persons"",""foreign_labor_stock_need_persons"":""persons"",""labor_demand_required_persons"":""persons"",""recommended_annual_quota_persons"":""persons"",""unemployment_reserve_sector_allocated_persons"":""persons""}",scripts/build_labor_migration_artifacts.py,scripts/build_labor_migration_artifacts.py,calculated_v5_sector_year_sum,bed04356e8a570a2911dde917ab538bd3dd43ad84aa6d09cf900456bb3680985,416e33cc05320351f66431263746b4bd9a4ff87cec2c32c6ab47503af638b00d
OKVED_M,M,"Деятельность профессиональная, научная и техническая",2049,10277.30305503452,283045.7169069355,283098.1650046712,2261614.1313113114,2011278.9787972996,71926.3404723423,foreign_labor_migration_v5_sector_year,Foreign labor migration/docs/data/region_sector_forecast.csv,2026-05-27T13:57:22+00:00,2049,"{""cumulative_recommended_quota_persons"":283098.1650046712,""domestic_sector_supply_total_with_unemployment_reserve_persons"":2011278.9787972996,""foreign_labor_stock_need_persons"":283045.7169069355,""labor_demand_required_persons"":2261614.1313113114,""recommended_annual_quota_persons"":10277.30305503452,""unemployment_reserve_sector_allocated_persons"":71926.3404723423}","{""cumulative_recommended_quota_persons"":""persons"",""domestic_sector_supply_total_with_unemployment_reserve_persons"":""persons"",""foreign_labor_stock_need_persons"":""persons"",""labor_demand_required_persons"":""persons"",""recommended_annual_quota_persons"":""persons"",""unemployment_reserve_sector_allocated_persons"":""persons""}",scripts/build_labor_migration_artifacts.py,scripts/build_labor_migration_artifacts.py,calculated_v5_sector_year_sum,bed04356e8a570a2911dde917ab538bd3dd43ad84aa6d09cf900456bb3680985,ab764d42409b6236f790659a3ea081234b2c01f68d7358fac426afdff48a621b
OKVED_N,N,Деятельность административная и сопутствующие дополнительные услуги,2049,20966.30397755649,401750.2733019308,401750.2733019308,2882734.486940954,2522085.0539024943,71926.3404723423,foreign_labor_migration_v5_sector_year,Foreign labor migration/docs/data/region_sector_forecast.csv,2026-05-27T13:57:22+00:00,2049,"{""cumulative_recommended_quota_persons"":401750.2733019308,""domestic_sector_supply_total_with_unemployment_reserve_persons"":2522085.0539024943,""foreign_labor_stock_need_persons"":401750.2733019308,""labor_demand_required_persons"":2882734.486940954,""recommended_annual_quota_persons"":20966.30397755649,""unemployment_reserve_sector_allocated_persons"":71926.3404723423}","{""cumulative_recommended_quota_persons"":""persons"",""domestic_sector_supply_total_with_unemployment_reserve_persons"":""persons"",""foreign_labor_stock_need_persons"":""persons"",""labor_demand_required_persons"":""persons"",""recommended_annual_quota_persons"":""persons"",""unemployment_reserve_sector_allocated_persons"":""persons""}",scripts/build_labor_migration_artifacts.py,scripts/build_labor_migration_artifacts.py,calculated_v5_sector_year_sum,bed04356e8a570a2911dde917ab538bd3dd43ad84aa6d09cf900456bb3680985,9f2c122296e464000fd1f25faabdd9da9f26a53ffb79ff1cf9ab3a48577bc123
OKVED_O,O,Государственное управление и обеспечение военной безопасности; социальное обеспечение,2049,22136.490507740837,561633.6442417525,561633.6442417525,3670230.6665415717,3185972.3568788012,71926.3404723423,foreign_labor_migration_v5_sector_year,Foreign labor migration/docs/data/region_sector_forecast.csv,2026-05-27T13:57:22+00:00,2049,"{""cumulative_recommended_quota_persons"":561633.6442417525,""domestic_sector_supply_total_with_unemployment_reserve_persons"":3185972.3568788012,""foreign_labor_stock_need_persons"":561633.6442417525,""labor_demand_required_persons"":3670230.6665415717,""recommended_annual_quota_persons"":22136.490507740837,""unemployment_reserve_sector_allocated_persons"":71926.3404723423}","{""cumulative_recommended_quota_persons"":""persons"",""domestic_sector_supply_total_with_unemployment_reserve_persons"":""persons"",""foreign_labor_stock_need_persons"":""persons"",""labor_demand_required_persons"":""persons"",""recommended_annual_quota_persons"":""persons"",""unemployment_reserve_sector_allocated_persons"":""persons""}",scripts/build_labor_migration_artifacts.py,scripts/build_labor_migration_artifacts.py,calculated_v5_sector_year_sum,bed04356e8a570a2911dde917ab538bd3dd43ad84aa6d09cf900456bb3680985,42ec665dc31ddaa1b094ca5cdd30f770897bb9fbfa16921fbb2393f1f5a3ce8d
OKVED_P,P,Образование,2049,37495.21231170484,918095.7230429363,918095.7230429363,6076588.12151501,5278138.088325464,71926.3404723423,foreign_labor_migration_v5_sector_year,Foreign labor migration/docs/data/region_sector_forecast.csv,2026-05-27T13:57:22+00:00,2049,"{""cumulative_recommended_quota_persons"":918095.7230429363,""domestic_sector_supply_total_with_unemployment_reserve_persons"":5278138.088325464,""foreign_labor_stock_need_persons"":918095.7230429363,""labor_demand_required_persons"":6076588.12151501,""recommended_annual_quota_persons"":37495.21231170484,""unemployment_reserve_sector_allocated_persons"":71926.3404723423}","{""cumulative_recommended_quota_persons"":""persons"",""domestic_sector_supply_total_with_unemployment_reserve_persons"":""persons"",""foreign_labor_stock_need_persons"":""persons"",""labor_demand_required_persons"":""persons"",""recommended_annual_quota_persons"":""persons"",""unemployment_reserve_sector_allocated_persons"":""persons""}",scripts/build_labor_migration_artifacts.py,scripts/build_labor_migration_artifacts.py,calculated_v5_sector_year_sum,bed04356e8a570a2911dde917ab538bd3dd43ad84aa6d09cf900456bb3680985,8c4610bf3cf9fb9aff39d69f810def44204b23ad309ec2fe9464d2495dd1a55c
OKVED_Q,Q,Деятельность в области здравоохранения и социальных услуг,2049,35713.380372575,806265.6237562575,806265.6237562575,5249056.296626619,4524681.566131963,71926.3404723423,foreign_labor_migration_v5_sector_year,Foreign labor migration/docs/data/region_sector_forecast.csv,2026-05-27T13:57:22+00:00,2049,"{""cumulative_recommended_quota_persons"":806265.6237562575,""domestic_sector_supply_total_with_unemployment_reserve_persons"":4524681.566131963,""foreign_labor_stock_need_persons"":806265.6237562575,""labor_demand_required_persons"":5249056.296626619,""recommended_annual_quota_persons"":35713.380372575,""unemployment_reserve_sector_allocated_persons"":71926.3404723423}","{""cumulative_recommended_quota_persons"":""persons"",""domestic_sector_supply_total_with_unemployment_reserve_persons"":""persons"",""foreign_labor_stock_need_persons"":""persons"",""labor_demand_required_persons"":""persons"",""recommended_annual_quota_persons"":""persons"",""unemployment_reserve_sector_allocated_persons"":""persons""}",scripts/build_labor_migration_artifacts.py,scripts/build_labor_migration_artifacts.py,calculated_v5_sector_year_sum,bed04356e8a570a2911dde917ab538bd3dd43ad84aa6d09cf900456bb3680985,d044dfc0eb54982b8610f168e64628bc18b1ec1fc619de1690e9102a631fa845
OKVED_R,R,"Деятельность в области культуры, спорта, организации досуга и развлечений",2049,7284.235029825741,139870.43897465445,139870.43897465445,1217482.0231699795,1110714.7015359192,71926.3404723423,foreign_labor_migration_v5_sector_year,Foreign labor migration/docs/data/region_sector_forecast.csv,2026-05-27T13:57:22+00:00,2049,"{""cumulative_recommended_quota_persons"":139870.43897465445,""domestic_sector_supply_total_with_unemployment_reserve_persons"":1110714.7015359192,""foreign_labor_stock_need_persons"":139870.43897465445,""labor_demand_required_persons"":1217482.0231699795,""recommended_annual_quota_persons"":7284.235029825741,""unemployment_reserve_sector_allocated_persons"":71926.3404723423}","{""cumulative_recommended_quota_persons"":""persons"",""domestic_sector_supply_total_with_unemployment_reserve_persons"":""persons"",""foreign_labor_stock_need_persons"":""persons"",""labor_demand_required_persons"":""persons"",""recommended_annual_quota_persons"":""persons"",""unemployment_reserve_sector_allocated_persons"":""persons""}",scripts/build_labor_migration_artifacts.py,scripts/build_labor_migration_artifacts.py,calculated_v5_sector_year_sum,bed04356e8a570a2911dde917ab538bd3dd43ad84aa6d09cf900456bb3680985,e300016116d2c52b9400b8087675a035f79e8899f65ce88bd9aecd92262ba872
OKVED_S,S,Предоставление прочих видов услуг,2049,11785.79434535867,236190.89833002564,236190.89833002564,1898970.0783062926,1700185.9127640626,71926.3404723423,foreign_labor_migration_v5_sector_year,Foreign labor migration/docs/data/region_sector_forecast.csv,2026-05-27T13:57:22+00:00,2049,"{""cumulative_recommended_quota_persons"":236190.89833002564,""domestic_sector_supply_total_with_unemployment_reserve_persons"":1700185.9127640626,""foreign_labor_stock_need_persons"":236190.89833002564,""labor_demand_required_persons"":1898970.0783062926,""recommended_annual_quota_persons"":11785.79434535867,""unemployment_reserve_sector_allocated_persons"":71926.3404723423}","{""cumulative_recommended_quota_persons"":""persons"",""domestic_sector_supply_total_with_unemployment_reserve_persons"":""persons"",""foreign_labor_stock_need_persons"":""persons"",""labor_demand_required_persons"":""persons"",""recommended_annual_quota_persons"":""persons"",""unemployment_reserve_sector_allocated_persons"":""persons""}",scripts/build_labor_migration_artifacts.py,scripts/build_labor_migration_artifacts.py,calculated_v5_sector_year_sum,bed04356e8a570a2911dde917ab538bd3dd43ad84aa6d09cf900456bb3680985,ee9b777daac43cd7fb3cd2ec8bf9e7432d27b0870c7be43bed6dc6cece3a06c7
OKVED_T,T,Деятельность домашних хозяйств как работодателей; недифференцированная деятельность частных домашних хозяйств по производству товаров и оказанию услуг для собственного потребления,2049,130.54858603061007,1709.4077054957734,1709.4077054957734,66534.657392862,117351.80612905943,59530.84384724466,foreign_labor_migration_v5_sector_year,Foreign labor migration/docs/data/region_sector_forecast.csv,2026-05-27T13:57:22+00:00,2049,"{""cumulative_recommended_quota_persons"":1709.4077054957734,""domestic_sector_supply_total_with_unemployment_reserve_persons"":117351.80612905943,""foreign_labor_stock_need_persons"":1709.4077054957734,""labor_demand_required_persons"":66534.657392862,""recommended_annual_quota_persons"":130.54858603061007,""unemployment_reserve_sector_allocated_persons"":59530.84384724466}","{""cumulative_recommended_quota_persons"":""persons"",""domestic_sector_supply_total_with_unemployment_reserve_persons"":""persons"",""foreign_labor_stock_need_persons"":""persons"",""labor_demand_required_persons"":""persons"",""recommended_annual_quota_persons"":""persons"",""unemployment_reserve_sector_allocated_persons"":""persons""}",scripts/build_labor_migration_artifacts.py,scripts/build_labor_migration_artifacts.py,calculated_v5_sector_year_sum,bed04356e8a570a2911dde917ab538bd3dd43ad84aa6d09cf900456bb3680985,8719cac7c8f6fdda13495d52171b99d94878481bf2001acc631b73541566a292
OKVED_A,A,"Сельское, лесное хозяйство, охота, рыболовство и рыбоводство",2050,14970.478091582412,602422.7349617,602434.1171845667,3909767.1348403203,3415622.5802043765,71178.88889820667,foreign_labor_migration_v5_sector_year,Foreign labor migration/docs/data/region_sector_forecast.csv,2026-05-27T13:57:22+00:00,2050,"{""cumulative_recommended_quota_persons"":602434.1171845667,""domestic_sector_supply_total_with_unemployment_reserve_persons"":3415622.5802043765,""foreign_labor_stock_need_persons"":602422.7349617,""labor_demand_required_persons"":3909767.1348403203,""recommended_annual_quota_persons"":14970.478091582412,""unemployment_reserve_sector_allocated_persons"":71178.88889820667}","{""cumulative_recommended_quota_persons"":""persons"",""domestic_sector_supply_total_with_unemployment_reserve_persons"":""persons"",""foreign_labor_stock_need_persons"":""persons"",""labor_demand_required_persons"":""persons"",""recommended_annual_quota_persons"":""persons"",""unemployment_reserve_sector_allocated_persons"":""persons""}",scripts/build_labor_migration_artifacts.py,scripts/build_labor_migration_artifacts.py,calculated_v5_sector_year_sum,bed04356e8a570a2911dde917ab538bd3dd43ad84aa6d09cf900456bb3680985,027e4faba4d231fe0031d2d44afa2349adcf8e828dd28679e9fc3842d3648e7d
OKVED_B,B,Добыча полезных ископаемых,2050,16969.87732107397,401313.14208134095,401313.14208134095,1996405.3296558454,1635077.518775436,71178.88889820667,foreign_labor_migration_v5_sector_year,Foreign labor migration/docs/data/region_sector_forecast.csv,2026-05-27T13:57:22+00:00,2050,"{""cumulative_recommended_quota_persons"":401313.14208134095,""domestic_sector_supply_total_with_unemployment_reserve_persons"":1635077.518775436,""foreign_labor_stock_need_persons"":401313.14208134095,""labor_demand_required_persons"":1996405.3296558454,""recommended_annual_quota_persons"":16969.87732107397,""unemployment_reserve_sector_allocated_persons"":71178.88889820667}","{""cumulative_recommended_quota_persons"":""persons"",""domestic_sector_supply_total_with_unemployment_reserve_persons"":""persons"",""foreign_labor_stock_need_persons"":""persons"",""labor_demand_required_persons"":""persons"",""recommended_annual_quota_persons"":""persons"",""unemployment_reserve_sector_allocated_persons"":""persons""}",scripts/build_labor_migration_artifacts.py,scripts/build_labor_migration_artifacts.py,calculated_v5_sector_year_sum,bed04356e8a570a2911dde917ab538bd3dd43ad84aa6d09cf900456bb3680985,73460604d81e2fd6bda0685fce8c435db81745dabde630da870ee7ac83e38a79
OKVED_C,C,Обрабатывающие производства,2050,28134.984726354865,1259708.4121625521,1260230.3882989155,7881963.614110506,6709252.585244642,71178.88889820667,foreign_labor_migration_v5_sector_year,Foreign labor migration/docs/data/region_sector_forecast.csv,2026-05-27T13:57:22+00:00,2050,"{""cumulative_recommended_quota_persons"":1260230.3882989155,""domestic_sector_supply_total_with_unemployment_reserve_persons"":6709252.585244642,""foreign_labor_stock_need_persons"":1259708.4121625521,""labor_demand_required_persons"":7881963.614110506,""recommended_annual_quota_persons"":28134.984726354865,""unemployment_reserve_sector_allocated_persons"":71178.88889820667}","{""cumulative_recommended_quota_persons"":""persons"",""domestic_sector_supply_total_with_unemployment_reserve_persons"":""persons"",""foreign_labor_stock_need_persons"":""persons"",""labor_demand_required_persons"":""persons"",""recommended_annual_quota_persons"":""persons"",""unemployment_reserve_sector_allocated_persons"":""persons""}",scripts/build_labor_migration_artifacts.py,scripts/build_labor_migration_artifacts.py,calculated_v5_sector_year_sum,bed04356e8a570a2911dde917ab538bd3dd43ad84aa6d09cf900456bb3680985,34ac51040f8061e013b8c6c0e9a7274fd3dd0afcce533c8a1ced460132eb1741
OKVED_D,D,"Обеспечение электрической энергией, газом и паром; кондиционирование воздуха",2050,14614.560237860063,307687.80621149315,307687.80621149315,1983719.455398937,1714705.5098791178,71178.88889820667,foreign_labor_migration_v5_sector_year,Foreign labor migration/docs/data/region_sector_forecast.csv,2026-05-27T13:57:22+00:00,2050,"{""cumulative_recommended_quota_persons"":307687.80621149315,""domestic_sector_supply_total_with_unemployment_reserve_persons"":1714705.5098791178,""foreign_labor_stock_need_persons"":307687.80621149315,""labor_demand_required_persons"":1983719.455398937,""recommended_annual_quota_persons"":14614.560237860063,""unemployment_reserve_sector_allocated_persons"":71178.88889820667}","{""cumulative_recommended_quota_persons"":""persons"",""domestic_sector_supply_total_with_unemployment_reserve_persons"":""persons"",""foreign_labor_stock_need_persons"":""persons"",""labor_demand_required_persons"":""persons"",""recommended_annual_quota_persons"":""persons"",""unemployment_reserve_sector_allocated_persons"":""persons""}",scripts/build_labor_migration_artifacts.py,scripts/build_labor_migration_artifacts.py,calculated_v5_sector_year_sum,bed04356e8a570a2911dde917ab538bd3dd43ad84aa6d09cf900456bb3680985,d2b2a3cdc0318a06811d84f537202712a9a7158b55652291e71e6a1784c6f6d3
OKVED_E,E,"Водоснабжение; водоотведение, организация сбора и утилизации отходов, деятельность по ликвидации загрязнений",2050,2452.5999231345586,54700.30646375306,54702.119442591975,585369.0356069648,560443.1371567305,71178.88889820667,foreign_labor_migration_v5_sector_year,Foreign labor migration/docs/data/region_sector_forecast.csv,2026-05-27T13:57:22+00:00,2050,"{""cumulative_recommended_quota_persons"":54702.119442591975,""domestic_sector_supply_total_with_unemployment_reserve_persons"":560443.1371567305,""foreign_labor_stock_need_persons"":54700.30646375306,""labor_demand_required_persons"":585369.0356069648,""recommended_annual_quota_persons"":2452.5999231345586,""unemployment_reserve_sector_allocated_persons"":71178.88889820667}","{""cumulative_recommended_quota_persons"":""persons"",""domestic_sector_supply_total_with_unemployment_reserve_persons"":""persons"",""foreign_labor_stock_need_persons"":""persons"",""labor_demand_required_persons"":""persons"",""recommended_annual_quota_persons"":""persons"",""unemployment_reserve_sector_allocated_persons"":""persons""}",scripts/build_labor_migration_artifacts.py,scripts/build_labor_migration_artifacts.py,calculated_v5_sector_year_sum,bed04356e8a570a2911dde917ab538bd3dd43ad84aa6d09cf900456bb3680985,4f396571a58ce3cd21d1c948ddd7c6eff37eb247155dd07d7be403069da9e376
OKVED_F,F,Строительство,2050,22717.62341638093,833569.6684374333,833580.0723659793,5626143.464101535,4882923.576345545,71178.88889820667,foreign_labor_migration_v5_sector_year,Foreign labor migration/docs/data/region_sector_forecast.csv,2026-05-27T13:57:22+00:00,2050,"{""cumulative_recommended_quota_persons"":833580.0723659793,""domestic_sector_supply_total_with_unemployment_reserve_persons"":4882923.576345545,""foreign_labor_stock_need_persons"":833569.6684374333,""labor_demand_required_persons"":5626143.464101535,""recommended_annual_quota_persons"":22717.62341638093,""unemployment_reserve_sector_allocated_persons"":71178.88889820667}","{""cumulative_recommended_quota_persons"":""persons"",""domestic_sector_supply_total_with_unemployment_reserve_persons"":""persons"",""foreign_labor_stock_need_persons"":""persons"",""labor_demand_required_persons"":""persons"",""recommended_annual_quota_persons"":""persons"",""unemployment_reserve_sector_allocated_persons"":""persons""}",scripts/build_labor_migration_artifacts.py,scripts/build_labor_migration_artifacts.py,calculated_v5_sector_year_sum,bed04356e8a570a2911dde917ab538bd3dd43ad84aa6d09cf900456bb3680985,0639a2d02c5b4eb84d70067685e47474d9e3bc8fc62c30e32576a31c695001f6
OKVED_G,G,Торговля оптовая и розничная; ремонт автотранспортных средств и мотоциклов,2050,67290.3644463305,2082540.9159877242,2082549.527570465,13220728.971889516,11285501.36197386,71178.88889820667,foreign_labor_migration_v5_sector_year,Foreign labor migration/docs/data/region_sector_forecast.csv,2026-05-27T13:57:22+00:00,2050,"{""cumulative_recommended_quota_persons"":2082549.527570465,""domestic_sector_supply_total_with_unemployment_reserve_persons"":11285501.36197386,""foreign_labor_stock_need_persons"":2082540.9159877242,""labor_demand_required_persons"":13220728.971889516,""recommended_annual_quota_persons"":67290.3644463305,""unemployment_reserve_sector_allocated_persons"":71178.88889820667}","{""cumulative_recommended_quota_persons"":""persons"",""domestic_sector_supply_total_with_unemployment_reserve_persons"":""persons"",""foreign_labor_stock_need_persons"":""persons"",""labor_demand_required_persons"":""persons"",""recommended_annual_quota_persons"":""persons"",""unemployment_reserve_sector_allocated_persons"":""persons""}",scripts/build_labor_migration_artifacts.py,scripts/build_labor_migration_artifacts.py,calculated_v5_sector_year_sum,bed04356e8a570a2911dde917ab538bd3dd43ad84aa6d09cf900456bb3680985,675542d060213d8b5742e0c211ae9870b946ddc11810c7ca4013bc3c7c97ee4c
OKVED_H,H,Транспортировка и хранение,2050,35814.69754906819,998197.8468788414,998197.8468788414,6261355.792943244,5343311.650418957,71178.88889820667,foreign_labor_migration_v5_sector_year,Foreign labor migration/docs/data/region_sector_forecast.csv,2026-05-27T13:57:22+00:00,2050,"{""cumulative_recommended_quota_persons"":998197.8468788414,""domestic_sector_supply_total_with_unemployment_reserve_persons"":5343311.650418957,""foreign_labor_stock_need_persons"":998197.8468788414,""labor_demand_required_persons"":6261355.792943244,""recommended_annual_quota_persons"":35814.69754906819,""unemployment_reserve_sector_allocated_persons"":71178.88889820667}","{""cumulative_recommended_quota_persons"":""persons"",""domestic_sector_supply_total_with_unemployment_reserve_persons"":""persons"",""foreign_labor_stock_need_persons"":""persons"",""labor_demand_required_persons"":""persons"",""recommended_annual_quota_persons"":""persons"",""unemployment_reserve_sector_allocated_persons"":""persons""}",scripts/build_labor_migration_artifacts.py,scripts/build_labor_migration_artifacts.py,calculated_v5_sector_year_sum,bed04356e8a570a2911dde917ab538bd3dd43ad84aa6d09cf900456bb3680985,3c39e51777eef212098b030aa84f7d8d1c140516cfa10301c3a7841fdf9a4575
OKVED_I,I,Деятельность гостиниц и предприятий общественного питания,2050,9533.307227717722,256111.68467359737,256111.68467359737,1936180.9600761952,1720108.8249075238,71178.88889820667,foreign_labor_migration_v5_sector_year,Foreign labor migration/docs/data/region_sector_forecast.csv,2026-05-27T13:57:22+00:00,2050,"{""cumulative_recommended_quota_persons"":256111.68467359737,""domestic_sector_supply_total_with_unemployment_reserve_persons"":1720108.8249075238,""foreign_labor_stock_need_persons"":256111.68467359737,""labor_demand_required_persons"":1936180.9600761952,""recommended_annual_quota_persons"":9533.307227717722,""unemployment_reserve_sector_allocated_persons"":71178.88889820667}","{""cumulative_recommended_quota_persons"":""persons"",""domestic_sector_supply_total_with_unemployment_reserve_persons"":""persons"",""foreign_labor_stock_need_persons"":""persons"",""labor_demand_required_persons"":""persons"",""recommended_annual_quota_persons"":""persons"",""unemployment_reserve_sector_allocated_persons"":""persons""}",scripts/build_labor_migration_artifacts.py,scripts/build_labor_migration_artifacts.py,calculated_v5_sector_year_sum,bed04356e8a570a2911dde917ab538bd3dd43ad84aa6d09cf900456bb3680985,4f4463d33976a2a3e4cbe6859a22751ed90a2604efc5ca76f434460fd0a6e835
OKVED_J,J,Деятельность в области информации и связи,2050,7333.152642471123,184271.2989290166,184271.2989290166,1540545.4837935555,1386478.5440407204,71178.88889820667,foreign_labor_migration_v5_sector_year,Foreign labor migration/docs/data/region_sector_forecast.csv,2026-05-27T13:57:22+00:00,2050,"{""cumulative_recommended_quota_persons"":184271.2989290166,""domestic_sector_supply_total_with_unemployment_reserve_persons"":1386478.5440407204,""foreign_labor_stock_need_persons"":184271.2989290166,""labor_demand_required_persons"":1540545.4837935555,""recommended_annual_quota_persons"":7333.152642471123,""unemployment_reserve_sector_allocated_persons"":71178.88889820667}","{""cumulative_recommended_quota_persons"":""persons"",""domestic_sector_supply_total_with_unemployment_reserve_persons"":""persons"",""foreign_labor_stock_need_persons"":""persons"",""labor_demand_required_persons"":""persons"",""recommended_annual_quota_persons"":""persons"",""unemployment_reserve_sector_allocated_persons"":""persons""}",scripts/build_labor_migration_artifacts.py,scripts/build_labor_migration_artifacts.py,calculated_v5_sector_year_sum,bed04356e8a570a2911dde917ab538bd3dd43ad84aa6d09cf900456bb3680985,870fbf32512fa521d0510a88f2db6ca7b918b23dcb0ab921cdcdefd67dad233b
OKVED_K,K,Деятельность финансовая и страховая,2050,6445.200627622002,139038.5027629175,139038.5027629175,1202845.2326894985,1094117.3460337045,71178.88889820667,foreign_labor_migration_v5_sector_year,Foreign labor migration/docs/data/region_sector_forecast.csv,2026-05-27T13:57:22+00:00,2050,"{""cumulative_recommended_quota_persons"":139038.5027629175,""domestic_sector_supply_total_with_unemployment_reserve_persons"":1094117.3460337045,""foreign_labor_stock_need_persons"":139038.5027629175,""labor_demand_required_persons"":1202845.2326894985,""recommended_annual_quota_persons"":6445.200627622002,""unemployment_reserve_sector_allocated_persons"":71178.88889820667}","{""cumulative_recommended_quota_persons"":""persons"",""domestic_sector_supply_total_with_unemployment_reserve_persons"":""persons"",""foreign_labor_stock_need_persons"":""persons"",""labor_demand_required_persons"":""persons"",""recommended_annual_quota_persons"":""persons"",""unemployment_reserve_sector_allocated_persons"":""persons""}",scripts/build_labor_migration_artifacts.py,scripts/build_labor_migration_artifacts.py,calculated_v5_sector_year_sum,bed04356e8a570a2911dde917ab538bd3dd43ad84aa6d09cf900456bb3680985,ff721466ffa1370a20593a838de0b96258b2a7f408933e28c955cbb90f934512
OKVED_L,L,Деятельность по операциям с недвижимым имуществом,2050,10915.278767133794,265601.0386919992,265601.0386919992,1944245.4932592725,1712391.6310280475,71178.88889820667,foreign_labor_migration_v5_sector_year,Foreign labor migration/docs/data/region_sector_forecast.csv,2026-05-27T13:57:22+00:00,2050,"{""cumulative_recommended_quota_persons"":265601.0386919992,""domestic_sector_supply_total_with_unemployment_reserve_persons"":1712391.6310280475,""foreign_labor_stock_need_persons"":265601.0386919992,""labor_demand_required_persons"":1944245.4932592725,""recommended_annual_quota_persons"":10915.278767133794,""unemployment_reserve_sector_allocated_persons"":71178.88889820667}","{""cumulative_recommended_quota_persons"":""persons"",""domestic_sector_supply_total_with_unemployment_reserve_persons"":""persons"",""foreign_labor_stock_need_persons"":""persons"",""labor_demand_required_persons"":""persons"",""recommended_annual_quota_persons"":""persons"",""unemployment_reserve_sector_allocated_persons"":""persons""}",scripts/build_labor_migration_artifacts.py,scripts/build_labor_migration_artifacts.py,calculated_v5_sector_year_sum,bed04356e8a570a2911dde917ab538bd3dd43ad84aa6d09cf900456bb3680985,4b1d312cda74f04401d39bef31285be349b25a8df8dfdbc74b35bdf6c8aa0cdc
OKVED_M,M,"Деятельность профессиональная, научная и техническая",2050,9225.500681383897,292221.51386939525,292323.6656860551,2223166.1413550247,1963295.7634270648,71178.88889820667,foreign_labor_migration_v5_sector_year,Foreign labor migration/docs/data/region_sector_forecast.csv,2026-05-27T13:57:22+00:00,2050,"{""cumulative_recommended_quota_persons"":292323.6656860551,""domestic_sector_supply_total_with_unemployment_reserve_persons"":1963295.7634270648,""foreign_labor_stock_need_persons"":292221.51386939525,""labor_demand_required_persons"":2223166.1413550247,""recommended_annual_quota_persons"":9225.500681383897,""unemployment_reserve_sector_allocated_persons"":71178.88889820667}","{""cumulative_recommended_quota_persons"":""persons"",""domestic_sector_supply_total_with_unemployment_reserve_persons"":""persons"",""foreign_labor_stock_need_persons"":""persons"",""labor_demand_required_persons"":""persons"",""recommended_annual_quota_persons"":""persons"",""unemployment_reserve_sector_allocated_persons"":""persons""}",scripts/build_labor_migration_artifacts.py,scripts/build_labor_migration_artifacts.py,calculated_v5_sector_year_sum,bed04356e8a570a2911dde917ab538bd3dd43ad84aa6d09cf900456bb3680985,dbb9a89554a3b53f59721c5eeeb69f1dabfb5b59aff72a5c95ee4159e75d9b2a
OKVED_N,N,Деятельность административная и сопутствующие дополнительные услуги,2050,20169.671303012838,421919.9446049437,421919.9446049437,2890926.844046705,2509935.881208544,71178.88889820667,foreign_labor_migration_v5_sector_year,Foreign labor migration/docs/data/region_sector_forecast.csv,2026-05-27T13:57:22+00:00,2050,"{""cumulative_recommended_quota_persons"":421919.9446049437,""domestic_sector_supply_total_with_unemployment_reserve_persons"":2509935.881208544,""foreign_labor_stock_need_persons"":421919.9446049437,""labor_demand_required_persons"":2890926.844046705,""recommended_annual_quota_persons"":20169.671303012838,""unemployment_reserve_sector_allocated_persons"":71178.88889820667}","{""cumulative_recommended_quota_persons"":""persons"",""domestic_sector_supply_total_with_unemployment_reserve_persons"":""persons"",""foreign_labor_stock_need_persons"":""persons"",""labor_demand_required_persons"":""persons"",""recommended_annual_quota_persons"":""persons"",""unemployment_reserve_sector_allocated_persons"":""persons""}",scripts/build_labor_migration_artifacts.py,scripts/build_labor_migration_artifacts.py,calculated_v5_sector_year_sum,bed04356e8a570a2911dde917ab538bd3dd43ad84aa6d09cf900456bb3680985,9bb441485986a9939d5edf237aa4e7ac03786d92c999d7be8879b88d298b746c
OKVED_O,O,Государственное управление и обеспечение военной безопасности; социальное обеспечение,2050,20887.070836219245,582515.1317941352,582520.7150779717,3659285.5462040263,3154638.217510119,71178.88889820667,foreign_labor_migration_v5_sector_year,Foreign labor migration/docs/data/region_sector_forecast.csv,2026-05-27T13:57:22+00:00,2050,"{""cumulative_recommended_quota_persons"":582520.7150779717,""domestic_sector_supply_total_with_unemployment_reserve_persons"":3154638.217510119,""foreign_labor_stock_need_persons"":582515.1317941352,""labor_demand_required_persons"":3659285.5462040263,""recommended_annual_quota_persons"":20887.070836219245,""unemployment_reserve_sector_allocated_persons"":71178.88889820667}","{""cumulative_recommended_quota_persons"":""persons"",""domestic_sector_supply_total_with_unemployment_reserve_persons"":""persons"",""foreign_labor_stock_need_persons"":""persons"",""labor_demand_required_persons"":""persons"",""recommended_annual_quota_persons"":""persons"",""unemployment_reserve_sector_allocated_persons"":""persons""}",scripts/build_labor_migration_artifacts.py,scripts/build_labor_migration_artifacts.py,calculated_v5_sector_year_sum,bed04356e8a570a2911dde917ab538bd3dd43ad84aa6d09cf900456bb3680985,1939c8f3c65e682514bf4f9b460cebd5470f6f26095140d3b6147950e9495380
OKVED_P,P,Образование,2050,35603.6398918706,953692.5269082236,953699.362934807,6070814.011557404,5238929.618267753,71178.88889820667,foreign_labor_migration_v5_sector_year,Foreign labor migration/docs/data/region_sector_forecast.csv,2026-05-27T13:57:22+00:00,2050,"{""cumulative_recommended_quota_persons"":953699.362934807,""domestic_sector_supply_total_with_unemployment_reserve_persons"":5238929.618267753,""foreign_labor_stock_need_persons"":953692.5269082236,""labor_demand_required_persons"":6070814.011557404,""recommended_annual_quota_persons"":35603.6398918706,""unemployment_reserve_sector_allocated_persons"":71178.88889820667}","{""cumulative_recommended_quota_persons"":""persons"",""domestic_sector_supply_total_with_unemployment_reserve_persons"":""persons"",""foreign_labor_stock_need_persons"":""persons"",""labor_demand_required_persons"":""persons"",""recommended_annual_quota_persons"":""persons"",""unemployment_reserve_sector_allocated_persons"":""persons""}",scripts/build_labor_migration_artifacts.py,scripts/build_labor_migration_artifacts.py,calculated_v5_sector_year_sum,bed04356e8a570a2911dde917ab538bd3dd43ad84aa6d09cf900456bb3680985,e7ec724bcebf657a15133c4ebc5b7058a7e3201030a84f0ac66607a719298607
OKVED_Q,Q,Деятельность в области здравоохранения и социальных услуг,2050,34396.48793649177,840659.8496196583,840662.1116927493,5261223.9831621265,4503554.395787015,71178.88889820667,foreign_labor_migration_v5_sector_year,Foreign labor migration/docs/data/region_sector_forecast.csv,2026-05-27T13:57:22+00:00,2050,"{""cumulative_recommended_quota_persons"":840662.1116927493,""domestic_sector_supply_total_with_unemployment_reserve_persons"":4503554.395787015,""foreign_labor_stock_need_persons"":840659.8496196583,""labor_demand_required_persons"":5261223.9831621265,""recommended_annual_quota_persons"":34396.48793649177,""unemployment_reserve_sector_allocated_persons"":71178.88889820667}","{""cumulative_recommended_quota_persons"":""persons"",""domestic_sector_supply_total_with_unemployment_reserve_persons"":""persons"",""foreign_labor_stock_need_persons"":""persons"",""labor_demand_required_persons"":""persons"",""recommended_annual_quota_persons"":""persons"",""unemployment_reserve_sector_allocated_persons"":""persons""}",scripts/build_labor_migration_artifacts.py,scripts/build_labor_migration_artifacts.py,calculated_v5_sector_year_sum,bed04356e8a570a2911dde917ab538bd3dd43ad84aa6d09cf900456bb3680985,920e12865ad08de6fcd93b611013cb1c549ef84fdbdfb1577e3aa6dd5efb97b7
OKVED_R,R,"Деятельность в области культуры, спорта, организации досуга и развлечений",2050,6800.673852387053,146671.1128270415,146671.1128270415,1210257.2891267121,1096573.391962171,71178.88889820667,foreign_labor_migration_v5_sector_year,Foreign labor migration/docs/data/region_sector_forecast.csv,2026-05-27T13:57:22+00:00,2050,"{""cumulative_recommended_quota_persons"":146671.1128270415,""domestic_sector_supply_total_with_unemployment_reserve_persons"":1096573.391962171,""foreign_labor_stock_need_persons"":146671.1128270415,""labor_demand_required_persons"":1210257.2891267121,""recommended_annual_quota_persons"":6800.673852387053,""unemployment_reserve_sector_allocated_persons"":71178.88889820667}","{""cumulative_recommended_quota_persons"":""persons"",""domestic_sector_supply_total_with_unemployment_reserve_persons"":""persons"",""foreign_labor_stock_need_persons"":""persons"",""labor_demand_required_persons"":""persons"",""recommended_annual_quota_persons"":""persons"",""unemployment_reserve_sector_allocated_persons"":""persons""}",scripts/build_labor_migration_artifacts.py,scripts/build_labor_migration_artifacts.py,calculated_v5_sector_year_sum,bed04356e8a570a2911dde917ab538bd3dd43ad84aa6d09cf900456bb3680985,3f7e5910610a5fa6d99724e1c61fc0dc7ac6e4417386afab04084d52836272c1
OKVED_S,S,Предоставление прочих видов услуг,2050,11075.5785017477,247266.47683177333,247266.47683177333,1892373.8288966506,1682495.6597558039,71178.88889820667,foreign_labor_migration_v5_sector_year,Foreign labor migration/docs/data/region_sector_forecast.csv,2026-05-27T13:57:22+00:00,2050,"{""cumulative_recommended_quota_persons"":247266.47683177333,""domestic_sector_supply_total_with_unemployment_reserve_persons"":1682495.6597558039,""foreign_labor_stock_need_persons"":247266.47683177333,""labor_demand_required_persons"":1892373.8288966506,""recommended_annual_quota_persons"":11075.5785017477,""unemployment_reserve_sector_allocated_persons"":71178.88889820667}","{""cumulative_recommended_quota_persons"":""persons"",""domestic_sector_supply_total_with_unemployment_reserve_persons"":""persons"",""foreign_labor_stock_need_persons"":""persons"",""labor_demand_required_persons"":""persons"",""recommended_annual_quota_persons"":""persons"",""unemployment_reserve_sector_allocated_persons"":""persons""}",scripts/build_labor_migration_artifacts.py,scripts/build_labor_migration_artifacts.py,calculated_v5_sector_year_sum,bed04356e8a570a2911dde917ab538bd3dd43ad84aa6d09cf900456bb3680985,fff4272c86a982075c620cf920d897ae80cf88a68eae405d5b48a40f4878d54c
OKVED_T,T,Деятельность домашних хозяйств как работодателей; недифференцированная деятельность частных домашних хозяйств по производству товаров и оказанию услуг для собственного потребления,2050,119.88984087757761,1829.297546373351,1829.297546373351,66218.257114253,116152.60853508259,58938.701862247544,foreign_labor_migration_v5_sector_year,Foreign labor migration/docs/data/region_sector_forecast.csv,2026-05-27T13:57:22+00:00,2050,"{""cumulative_recommended_quota_persons"":1829.297546373351,""domestic_sector_supply_total_with_unemployment_reserve_persons"":116152.60853508259,""foreign_labor_stock_need_persons"":1829.297546373351,""labor_demand_required_persons"":66218.257114253,""recommended_annual_quota_persons"":119.88984087757761,""unemployment_reserve_sector_allocated_persons"":58938.701862247544}","{""cumulative_recommended_quota_persons"":""persons"",""domestic_sector_supply_total_with_unemployment_reserve_persons"":""persons"",""foreign_labor_stock_need_persons"":""persons"",""labor_demand_required_persons"":""persons"",""recommended_annual_quota_persons"":""persons"",""unemployment_reserve_sector_allocated_persons"":""persons""}",scripts/build_labor_migration_artifacts.py,scripts/build_labor_migration_artifacts.py,calculated_v5_sector_year_sum,bed04356e8a570a2911dde917ab538bd3dd43ad84aa6d09cf900456bb3680985,ca4189f0cd586cea7965c141f1af8b588156a6f648ca6510ac2826986c2e80c6
