model_id,iso3,country,macroregion,program_group,keyword_group,program_label_ru,teaching_language,teaching_language_rationale,expected_student_gap,representation_gap,representation_gap_q025,representation_gap_q50,representation_gap_q975,probability_positive_representation_gap,probability_top20_unrealized_potential,actual_students_latest,actual_period,potential_students_2026,model_based_attraction_capacity,demographic_continuity_baseline,country_opportunity_point_score,country_opportunity_score,country_opportunity_score_low,country_opportunity_score_high,country_opportunity_uncertainty_adjustment,friendliness_ex_ante_score,friendliness_lower_bound,friendliness_upper_bound,friendliness_coverage,friendliness_reliability_class,survey_component_available,program_fit_score,program_fit_inputs_json,program_fit_evidence_status,program_labor_demand_score,labor_demand_score_p05,labor_demand_score_p95,query_count,verified_fixture_vacancy_matches,priority_balanced,priority_recruitment,priority_labor_market,priority_academic_fit,combined_country_program_priority_score,management_priority_index,priority_weight_sensitivity_min,priority_weight_sensitivity_max,priority_scenario_min,priority_scenario_max,priority_scenario_range,priority_evidence_low,priority_evidence_high,priority_evidence_width,priority_decision_tier,scenario_scores_json,scenario_evidence_low_json,scenario_evidence_high_json,scenario_weights_json,score_semantics,expected_effect_type,expected_effect_value,expected_effect_low,expected_effect_high,expected_effect_target,expected_effect_estimation_status,evaluation_horizon_months,recommended_evaluation_design,recommended_evaluation_kpis,labor_metric_semantics,source_key,observation_status,recruitment_instrument,rank_country_program_priority,rank_balanced,rank_recruitment,rank_labor_market,rank_academic_fit,rank_scenario_min,rank_scenario_max,rank_stability_width
country_program_priority_evidence_v4,ARE,United Arab Emirates,Middle East & North Africa,management_public,management_public,Управление и государственная политика,english_with_optional_russian_preparatory_module,CLDR indicates a material functional English-language environment.,422.2036215977997,422.2036215977997,152.4241827480876,386.14354791454286,893.5732988371658,1.0,0.585,81.0,2023,467.78144244204356,467.78144244204356,45.5778208442438,86.74034870599367,86.74034870599367,72.18794126743218,97.47549294327301,point_score multiplied by probability of positive structural gap,63.640581482835266,36.14058148283527,91.14058148283529,0.45,limited,False,77.36199306319074,"{""diplomatic_analytic"": 0.7604462803960823, ""economic_legal"": 0.793380405985645}",calculated_from_existing_mgimo_country_profile_scores,95.82415369148119,86.55673351637238,99.07229069328204,2,3,82.29163507230847,78.25812000712226,84.80238168165145,80.03856117331216,81.16509812281032,81.16509812281032,78.25812000712226,84.80238168165145,78.25812000712226,84.80238168165145,6.544261674529196,61.01815868326996,92.89112536926557,31.872966685995607,A_evidence_supported_pilot,"{""academic_fit"": 80.03856117331216, ""balanced"": 82.29163507230847, ""labor_market"": 84.80238168165145, ""recruitment"": 78.25812000712226}","{""academic_fit"": 69.33566885997033, ""balanced"": 67.68433794484673, ""labor_market"": 71.92754374481254, ""recruitment"": 61.01815868326996}","{""academic_fit"": 87.31178128598783, ""balanced"": 92.35969965784714, ""labor_market"": 92.89112536926557, ""recruitment"": 91.45293649995129}","{""academic_fit"": {""country_opportunity"": 0.25, ""friendliness"": 0.15, ""labor_demand"": 0.15, ""program_fit"": 0.45}, ""balanced"": {""country_opportunity"": 0.3, ""friendliness"": 0.2, ""labor_demand"": 0.3, ""program_fit"": 0.2}, ""labor_market"": {""country_opportunity"": 0.2, ""friendliness"": 0.15, ""labor_demand"": 0.45, ""program_fit"": 0.2}, ""recruitment"": {""country_opportunity"": 0.4, ""friendliness"": 0.3, ""labor_demand"": 0.1, ""program_fit"": 0.2}}",uncertainty_adjusted_management_priority_index_not_predicted_student_count,not_identified_ex_ante,,,,"incremental qualified applications, offers and enrolments attributable to the recruitment intervention",requires_prospective_campaign_evaluation,24,pre_registered_country_program_campaign_with_matched_comparison_or_stepped_wedge_rollout,qualified_leads;applications;offers;enrolments;yield;cost_per_enrolment,regularized_relative_demand_signal_from_overlapping_queries_not_unique_vacancies,ppml_russia_inbound_structural_allocation_v3;friendliness_receptivity_ex_ante_v3;trudvsem_program_demand_v4;mgimo_program_profiles,calculated_uncertainty_aware_scenario_ensemble,employer_linked_program_campaign_and_case_competitions,1,1.0,1.0,1.0,1.0,1.0,1.0,0.0
country_program_priority_evidence_v4,ARE,United Arab Emirates,Middle East & North Africa,languages_regional,languages_regional,Иностранные языки и регионоведение,english_with_optional_russian_preparatory_module_plus_target_region_language,CLDR indicates a material functional English-language environment.,422.2036215977997,422.2036215977997,152.4241827480876,386.14354791454286,893.5732988371658,1.0,0.585,81.0,2023,467.78144244204356,467.78144244204356,45.5778208442438,86.74034870599367,86.74034870599367,72.18794126743218,97.47549294327301,point_score multiplied by probability of positive structural gap,63.640581482835266,36.14058148283527,91.14058148283529,0.45,limited,False,76.7033105513995,"{""diplomatic_analytic"": 0.7604462803960823, ""economic_legal"": 0.793380405985645}",calculated_from_existing_mgimo_country_profile_scores,90.84379582436037,85.35385228314937,94.68543083289845,2,1,80.8616009914114,77.71463863466286,82.67127033226186,79.10601588159584,79.98380843650361,79.98380843650361,77.71463863466286,82.67127033226186,77.71463863466286,82.67127033226186,4.9566316975989935,60.83102359605606,90.97224545105331,30.141221854997248,A_evidence_supported_pilot,"{""academic_fit"": 79.10601588159584, ""balanced"": 80.8616009914114, ""labor_market"": 82.67127033226186, ""recruitment"": 77.71463863466286}","{""academic_fit"": 68.92961555369104, ""balanced"": 67.29032790913037, ""labor_market"": 71.36060347388896, ""recruitment"": 60.83102359605606}","{""academic_fit"": 86.39785630225614, ""balanced"": 90.97224545105331, ""labor_market"": 90.8825330741506, ""recruitment"": 90.8903262525227}","{""academic_fit"": {""country_opportunity"": 0.25, ""friendliness"": 0.15, ""labor_demand"": 0.15, ""program_fit"": 0.45}, ""balanced"": {""country_opportunity"": 0.3, ""friendliness"": 0.2, ""labor_demand"": 0.3, ""program_fit"": 0.2}, ""labor_market"": {""country_opportunity"": 0.2, ""friendliness"": 0.15, ""labor_demand"": 0.45, ""program_fit"": 0.2}, ""recruitment"": {""country_opportunity"": 0.4, ""friendliness"": 0.3, ""labor_demand"": 0.1, ""program_fit"": 0.2}}",uncertainty_adjusted_management_priority_index_not_predicted_student_count,not_identified_ex_ante,,,,"incremental qualified applications, offers and enrolments attributable to the recruitment intervention",requires_prospective_campaign_evaluation,24,pre_registered_country_program_campaign_with_matched_comparison_or_stepped_wedge_rollout,qualified_leads;applications;offers;enrolments;yield;cost_per_enrolment,regularized_relative_demand_signal_from_overlapping_queries_not_unique_vacancies,ppml_russia_inbound_structural_allocation_v3;friendliness_receptivity_ex_ante_v3;trudvsem_program_demand_v4;mgimo_program_profiles,calculated_uncertainty_aware_scenario_ensemble,employer_linked_program_campaign_and_case_competitions,2,2.0,2.0,2.0,2.0,2.0,2.0,0.0
country_program_priority_evidence_v4,SRB,Serbia,Europe & Central Asia,management_public,management_public,Управление и государственная политика,english_plus_russian_preparatory_year,No broad Russian or English functional-language signal is available in CLDR.,1862.9553713367163,1862.9553713367163,1003.314755628782,1669.0585884881532,2555.963289644219,1.0,1.0,360.0,2023,2193.7618868849218,2193.7618868849218,330.80651554820554,100.0,100.0,99.1351007594011,100.0,point_score multiplied by probability of positive structural gap,63.29199926677249,35.79199926677249,90.79199926677249,0.45,limited,False,56.00080941714967,"{""diplomatic_analytic"": 0.5691819653788429, ""economic_legal"": 0.5462472873604773}",calculated_from_existing_mgimo_country_profile_scores,95.82415369148119,86.55673351637238,99.07229069328204,2,3,80.45957644148751,77.55839810648212,81.7777795906452,71.78381343267941,79.00898727398481,79.00898727398481,71.78381343267941,81.7777795906452,71.78381343267941,81.7777795906452,9.993966157965787,64.72086870633643,87.55502136921685,22.834152662880413,A_evidence_supported_pilot,"{""academic_fit"": 71.78381343267941, ""balanced"": 80.45957644148751, ""labor_market"": 81.7777795906452, ""recruitment"": 77.55839810648212}","{""academic_fit"": 64.89005048888396, ""balanced"": 69.64152543513501, ""labor_market"": 71.75718690112481, ""recruitment"": 64.72086870633643}","{""academic_fit"": 76.09799782379056, ""balanced"": 87.25822232334342, ""labor_market"": 87.55502136921685, ""recruitment"": 86.58770185976609}","{""academic_fit"": {""country_opportunity"": 0.25, ""friendliness"": 0.15, ""labor_demand"": 0.15, ""program_fit"": 0.45}, ""balanced"": {""country_opportunity"": 0.3, ""friendliness"": 0.2, ""labor_demand"": 0.3, ""program_fit"": 0.2}, ""labor_market"": {""country_opportunity"": 0.2, ""friendliness"": 0.15, ""labor_demand"": 0.45, ""program_fit"": 0.2}, ""recruitment"": {""country_opportunity"": 0.4, ""friendliness"": 0.3, ""labor_demand"": 0.1, ""program_fit"": 0.2}}",uncertainty_adjusted_management_priority_index_not_predicted_student_count,not_identified_ex_ante,,,,"incremental qualified applications, offers and enrolments attributable to the recruitment intervention",requires_prospective_campaign_evaluation,24,pre_registered_country_program_campaign_with_matched_comparison_or_stepped_wedge_rollout,qualified_leads;applications;offers;enrolments;yield;cost_per_enrolment,regularized_relative_demand_signal_from_overlapping_queries_not_unique_vacancies,ppml_russia_inbound_structural_allocation_v3;friendliness_receptivity_ex_ante_v3;trudvsem_program_demand_v4;mgimo_program_profiles,calculated_uncertainty_aware_scenario_ensemble,employer_linked_program_campaign_and_case_competitions,3,3.0,3.0,3.0,4.0,3.0,4.0,1.0
country_program_priority_evidence_v4,SAU,Saudi Arabia,Middle East & North Africa,management_public,management_public,Управление и государственная политика,english_plus_russian_preparatory_year,No broad Russian or English functional-language signal is available in CLDR.,1026.3129269398264,1026.3129269398264,284.272999661452,949.7248809518235,2573.4925989010617,1.0,0.925,162.0,2023,1177.466179032725,1177.466179032725,151.1532520928985,99.4598271878937,99.4598271878937,81.08363336162641,100.0,point_score multiplied by probability of positive structural gap,64.23914038531943,36.73914038531942,91.73914038531943,0.45,limited,False,53.237479730301665,"{""diplomatic_analytic"": 0.5548085172035764, ""economic_legal"": 0.4987242174521772}",calculated_from_existing_mgimo_country_profile_scores,95.82415369148119,86.55673351637238,99.07229069328204,2,3,79.7687916422024,76.963770704004,81.05987236420961,70.25630404212812,78.3662811731032,78.3662811731032,70.25630404212812,81.05987236420961,70.25630404212812,81.05987236420961,10.803568322081489,59.63589086790072,86.82274041994634,27.186849552045622,A_evidence_supported_pilot,"{""academic_fit"": 70.25630404212812, ""balanced"": 79.7687916422024, ""labor_market"": 81.05987236420961, ""recruitment"": 76.963770704004}","{""academic_fit"": 60.609371111211715, ""balanced"": 65.29211907104164, ""labor_market"": 68.53918552234657, ""recruitment"": 59.63589086790072}","{""academic_fit"": 74.52985582432801, ""balanced"": 86.57284784877292, ""labor_market"": 86.82274041994634, ""recruitment"": 85.99582748759664}","{""academic_fit"": {""country_opportunity"": 0.25, ""friendliness"": 0.15, ""labor_demand"": 0.15, ""program_fit"": 0.45}, ""balanced"": {""country_opportunity"": 0.3, ""friendliness"": 0.2, ""labor_demand"": 0.3, ""program_fit"": 0.2}, ""labor_market"": {""country_opportunity"": 0.2, ""friendliness"": 0.15, ""labor_demand"": 0.45, ""program_fit"": 0.2}, ""recruitment"": {""country_opportunity"": 0.4, ""friendliness"": 0.3, ""labor_demand"": 0.1, ""program_fit"": 0.2}}",uncertainty_adjusted_management_priority_index_not_predicted_student_count,not_identified_ex_ante,,,,"incremental qualified applications, offers and enrolments attributable to the recruitment intervention",requires_prospective_campaign_evaluation,24,pre_registered_country_program_campaign_with_matched_comparison_or_stepped_wedge_rollout,qualified_leads;applications;offers;enrolments;yield;cost_per_enrolment,regularized_relative_demand_signal_from_overlapping_queries_not_unique_vacancies,ppml_russia_inbound_structural_allocation_v3;friendliness_receptivity_ex_ante_v3;trudvsem_program_demand_v4;mgimo_program_profiles,calculated_uncertainty_aware_scenario_ensemble,employer_linked_program_campaign_and_case_competitions,4,4.0,5.0,4.0,8.0,4.0,8.0,4.0
country_program_priority_evidence_v4,SRB,Serbia,Europe & Central Asia,languages_regional,languages_regional,Иностранные языки и регионоведение,english_plus_russian_preparatory_year_plus_target_region_language,No broad Russian or English functional-language signal is available in CLDR.,1862.9553713367163,1862.9553713367163,1003.314755628782,1669.0585884881532,2555.963289644219,1.0,1.0,360.0,2023,2193.7618868849218,2193.7618868849218,330.80651554820554,100.0,100.0,99.1351007594011,100.0,point_score multiplied by probability of positive structural gap,63.29199926677249,35.79199926677249,90.79199926677249,0.45,limited,False,56.45950297751698,"{""diplomatic_analytic"": 0.5691819653788429, ""economic_legal"": 0.5462472873604773}",calculated_from_existing_mgimo_country_profile_scores,90.84379582436037,85.35385228314937,94.68543083289845,2,1,79.32201626869255,77.27368273807103,79.98549459622224,71.47477917546423,78.2978495033818,78.2978495033818,71.47477917546423,79.98549459622224,71.47477917546423,79.98549459622224,8.510715420758004,64.73508504720141,86.33871469532455,21.603629648123146,A_evidence_supported_pilot,"{""academic_fit"": 71.47477917546423, ""balanced"": 79.32201626869255, ""labor_market"": 79.98549459622224, ""recruitment"": 77.27368273807103}","{""academic_fit"": 64.98951798857158, ""balanced"": 69.4643687520837, ""labor_market"": 71.42628258107547, ""recruitment"": 64.73508504720141}","{""academic_fit"": 75.86114716774098, ""balanced"": 86.23074180757585, ""labor_market"": 85.94420840525405, ""recruitment"": 86.33871469532455}","{""academic_fit"": {""country_opportunity"": 0.25, ""friendliness"": 0.15, ""labor_demand"": 0.15, ""program_fit"": 0.45}, ""balanced"": {""country_opportunity"": 0.3, ""friendliness"": 0.2, ""labor_demand"": 0.3, ""program_fit"": 0.2}, ""labor_market"": {""country_opportunity"": 0.2, ""friendliness"": 0.15, ""labor_demand"": 0.45, ""program_fit"": 0.2}, ""recruitment"": {""country_opportunity"": 0.4, ""friendliness"": 0.3, ""labor_demand"": 0.1, ""program_fit"": 0.2}}",uncertainty_adjusted_management_priority_index_not_predicted_student_count,not_identified_ex_ante,,,,"incremental qualified applications, offers and enrolments attributable to the recruitment intervention",requires_prospective_campaign_evaluation,24,pre_registered_country_program_campaign_with_matched_comparison_or_stepped_wedge_rollout,qualified_leads;applications;offers;enrolments;yield;cost_per_enrolment,regularized_relative_demand_signal_from_overlapping_queries_not_unique_vacancies,ppml_russia_inbound_structural_allocation_v3;friendliness_receptivity_ex_ante_v3;trudvsem_program_demand_v4;mgimo_program_profiles,calculated_uncertainty_aware_scenario_ensemble,employer_linked_program_campaign_and_case_competitions,5,5.0,4.0,5.0,5.0,4.0,5.0,1.0
country_program_priority_evidence_v4,SAU,Saudi Arabia,Middle East & North Africa,languages_regional,languages_regional,Иностранные языки и регионоведение,english_plus_russian_preparatory_year_plus_target_region_language,No broad Russian or English functional-language signal is available in CLDR.,1026.3129269398264,1026.3129269398264,284.272999661452,949.7248809518235,2573.4925989010617,1.0,0.925,162.0,2023,1177.466179032725,1177.466179032725,151.1532520928985,99.4598271878937,99.4598271878937,81.08363336162641,100.0,point_score multiplied by probability of positive structural gap,64.23914038531943,36.73914038531942,91.73914038531943,0.45,limited,False,54.35916572532966,"{""diplomatic_analytic"": 0.5548085172035764, ""economic_legal"": 0.4987242174521772}",calculated_from_existing_mgimo_country_profile_scores,90.84379582436037,85.35385228314937,94.68543083289845,2,1,78.83713891672815,76.87249124103167,79.481064379352,70.3470244873989,77.85481507887991,77.85481507887991,70.3470244873989,79.481064379352,70.3470244873989,79.481064379352,9.134039891953108,59.79776264703444,85.96241036925194,26.164647722217502,A_evidence_supported_pilot,"{""academic_fit"": 70.3470244873989, ""balanced"": 78.83713891672815, ""labor_market"": 79.481064379352, ""recruitment"": 76.87249124103167}","{""academic_fit"": 61.04345673890962, ""balanced"": 65.28845939876386, ""labor_market"": 68.39327822723516, ""recruitment"": 59.79776264703444}","{""academic_fit"": 74.71548045839054, ""balanced"": 85.76681920101635, ""labor_market"": 85.43796305402357, ""recruitment"": 85.96241036925194}","{""academic_fit"": {""country_opportunity"": 0.25, ""friendliness"": 0.15, ""labor_demand"": 0.15, ""program_fit"": 0.45}, ""balanced"": {""country_opportunity"": 0.3, ""friendliness"": 0.2, ""labor_demand"": 0.3, ""program_fit"": 0.2}, ""labor_market"": {""country_opportunity"": 0.2, ""friendliness"": 0.15, ""labor_demand"": 0.45, ""program_fit"": 0.2}, ""recruitment"": {""country_opportunity"": 0.4, ""friendliness"": 0.3, ""labor_demand"": 0.1, ""program_fit"": 0.2}}",uncertainty_adjusted_management_priority_index_not_predicted_student_count,not_identified_ex_ante,,,,"incremental qualified applications, offers and enrolments attributable to the recruitment intervention",requires_prospective_campaign_evaluation,24,pre_registered_country_program_campaign_with_matched_comparison_or_stepped_wedge_rollout,qualified_leads;applications;offers;enrolments;yield;cost_per_enrolment,regularized_relative_demand_signal_from_overlapping_queries_not_unique_vacancies,ppml_russia_inbound_structural_allocation_v3;friendliness_receptivity_ex_ante_v3;trudvsem_program_demand_v4;mgimo_program_profiles,calculated_uncertainty_aware_scenario_ensemble,employer_linked_program_campaign_and_case_competitions,6,6.0,6.0,7.0,7.0,6.0,7.0,1.0
country_program_priority_evidence_v4,TUR,Türkiye,Europe & Central Asia,management_public,management_public,Управление и государственная политика,english_plus_russian_preparatory_year,No broad Russian or English functional-language signal is available in CLDR.,6271.814851981322,6271.814851981322,2042.3232068749053,5788.136878229314,13356.513997275884,1.0,0.9983333333333333,911.0,2023,7040.885969507942,7040.885969507942,769.0711175266194,100.0,100.0,100.0,100.0,point_score multiplied by probability of positive structural gap,62.29229519979871,34.7922951997987,89.7922951997987,0.45,limited,False,49.49368854176477,"{""diplomatic_analytic"": 0.5353755707969705, ""economic_legal"": 0.4342788573486635}",calculated_from_existing_mgimo_country_profile_scores,95.82415369148119,86.55673351637238,99.07229069328204,2,3,78.28665545344934,75.34565619687463,79.63163200571097,67.813451068346,76.81615582516199,76.81615582516199,67.813451068346,79.63163200571097,67.813451068346,79.63163200571097,11.818180937364971,61.323583905976406,85.31765263388628,23.994068727909877,A_evidence_supported_pilot,"{""academic_fit"": 67.813451068346, ""balanced"": 78.28665545344934, ""labor_market"": 79.63163200571097, ""recruitment"": 75.34565619687463}","{""academic_fit"": 61.323583905976406, ""balanced"": 67.77464208091153, ""labor_market"": 69.86972767934941, ""recruitment"": 62.8666639326109}","{""academic_fit"": 71.93994288353713, ""balanced"": 84.98189459355333, ""labor_market"": 85.31765263388628, ""recruitment"": 84.23657059759674}","{""academic_fit"": {""country_opportunity"": 0.25, ""friendliness"": 0.15, ""labor_demand"": 0.15, ""program_fit"": 0.45}, ""balanced"": {""country_opportunity"": 0.3, ""friendliness"": 0.2, ""labor_demand"": 0.3, ""program_fit"": 0.2}, ""labor_market"": {""country_opportunity"": 0.2, ""friendliness"": 0.15, ""labor_demand"": 0.45, ""program_fit"": 0.2}, ""recruitment"": {""country_opportunity"": 0.4, ""friendliness"": 0.3, ""labor_demand"": 0.1, ""program_fit"": 0.2}}",uncertainty_adjusted_management_priority_index_not_predicted_student_count,not_identified_ex_ante,,,,"incremental qualified applications, offers and enrolments attributable to the recruitment intervention",requires_prospective_campaign_evaluation,24,pre_registered_country_program_campaign_with_matched_comparison_or_stepped_wedge_rollout,qualified_leads;applications;offers;enrolments;yield;cost_per_enrolment,regularized_relative_demand_signal_from_overlapping_queries_not_unique_vacancies,ppml_russia_inbound_structural_allocation_v3;friendliness_receptivity_ex_ante_v3;trudvsem_program_demand_v4;mgimo_program_profiles,calculated_uncertainty_aware_scenario_ensemble,employer_linked_program_campaign_and_case_competitions,7,7.0,10.0,6.0,14.0,6.0,14.0,8.0
country_program_priority_evidence_v4,TUR,Türkiye,Europe & Central Asia,languages_regional,languages_regional,Иностранные языки и регионоведение,english_plus_russian_preparatory_year_plus_target_region_language,No broad Russian or English functional-language signal is available in CLDR.,6271.814851981322,6271.814851981322,2042.3232068749053,5788.136878229314,13356.513997275884,1.0,0.9983333333333333,911.0,2023,7040.885969507942,7040.885969507942,769.0711175266194,100.0,100.0,100.0,100.0,point_score multiplied by probability of positive structural gap,62.29229519979871,34.7922951997987,89.7922951997987,0.45,limited,False,51.51562281073091,"{""diplomatic_analytic"": 0.5353755707969705, ""economic_legal"": 0.4342788573486635}",calculated_from_existing_mgimo_country_profile_scores,90.84379582436037,85.35385228314937,94.68543083289845,2,1,77.66366096208641,75.53967565248523,78.37465692901505,68.47765888364876,76.60166830728582,76.60166830728582,68.47765888364876,78.37465692901505,68.47765888364876,78.37465692901505,9.896998045366288,62.28729826435014,84.52090916806995,22.233610903719807,A_evidence_supported_pilot,"{""academic_fit"": 68.47765888364876, ""balanced"": 77.66366096208641, ""labor_market"": 78.37465692901505, ""recruitment"": 75.53967565248523}","{""academic_fit"": 62.28729826435014, ""balanced"": 68.0260363922582, ""labor_market"": 69.98352436388974, ""recruitment"": 63.2746739636567}","{""academic_fit"": 72.73158057446116, ""balanced"": 84.50770088135178, ""labor_market"": 84.27302276932068, ""recruitment"": 84.52090916806995}","{""academic_fit"": {""country_opportunity"": 0.25, ""friendliness"": 0.15, ""labor_demand"": 0.15, ""program_fit"": 0.45}, ""balanced"": {""country_opportunity"": 0.3, ""friendliness"": 0.2, ""labor_demand"": 0.3, ""program_fit"": 0.2}, ""labor_market"": {""country_opportunity"": 0.2, ""friendliness"": 0.15, ""labor_demand"": 0.45, ""program_fit"": 0.2}, ""recruitment"": {""country_opportunity"": 0.4, ""friendliness"": 0.3, ""labor_demand"": 0.1, ""program_fit"": 0.2}}",uncertainty_adjusted_management_priority_index_not_predicted_student_count,not_identified_ex_ante,,,,"incremental qualified applications, offers and enrolments attributable to the recruitment intervention",requires_prospective_campaign_evaluation,24,pre_registered_country_program_campaign_with_matched_comparison_or_stepped_wedge_rollout,qualified_leads;applications;offers;enrolments;yield;cost_per_enrolment,regularized_relative_demand_signal_from_overlapping_queries_not_unique_vacancies,ppml_russia_inbound_structural_allocation_v3;friendliness_receptivity_ex_ante_v3;trudvsem_program_demand_v4;mgimo_program_profiles,calculated_uncertainty_aware_scenario_ensemble,employer_linked_program_campaign_and_case_competitions,8,8.0,9.0,10.0,12.0,8.0,12.0,4.0
country_program_priority_evidence_v4,BLR,Belarus,Europe & Central Asia,management_public,management_public,Управление и государственная политика,russian_or_bilingual_russian_english,CLDR indicates a material functional Russian-language environment.,30445.19890863655,30445.19890863655,6973.544032391695,27907.71738493421,62381.01638589323,1.0,1.0,9369.0,2023,40657.59366868813,40657.59366868813,10212.394760051584,100.0,100.0,100.0,100.0,point_score multiplied by probability of positive structural gap,68.04837138372176,48.048371383721744,88.04837138372174,0.6,limited,False,42.33135253957809,"{""diplomatic_analytic"": 0.4456061003463963, ""economic_legal"": 0.3898746629698579}",calculated_from_existing_mgimo_country_profile_scores,95.82415369148119,86.55673351637238,99.07229069328204,2,3,77.26117135704288,75.00876718041467,78.24724136772454,64.13432856796962,76.13496926872878,76.13496926872878,64.13432856796962,78.24724136772454,64.13432856796962,78.24724136772454,14.112912799754923,60.01462564071759,82.50655914296077,22.491933502243178,A_evidence_supported_pilot,"{""academic_fit"": 64.13432856796962, ""balanced"": 77.26117135704288, ""labor_market"": 78.24724136772454, ""recruitment"": 75.00876718041467}","{""academic_fit"": 60.01462564071759, ""balanced"": 70.00793554601007, ""labor_market"": 71.04398872594938, ""recruitment"": 67.01684175086739}","{""academic_fit"": 66.95930747706868, ""balanced"": 82.10220781739855, ""labor_market"": 82.50655914296077, ""recruitment"": 81.22445447538101}","{""academic_fit"": {""country_opportunity"": 0.25, ""friendliness"": 0.15, ""labor_demand"": 0.15, ""program_fit"": 0.45}, ""balanced"": {""country_opportunity"": 0.3, ""friendliness"": 0.2, ""labor_demand"": 0.3, ""program_fit"": 0.2}, ""labor_market"": {""country_opportunity"": 0.2, ""friendliness"": 0.15, ""labor_demand"": 0.45, ""program_fit"": 0.2}, ""recruitment"": {""country_opportunity"": 0.4, ""friendliness"": 0.3, ""labor_demand"": 0.1, ""program_fit"": 0.2}}",uncertainty_adjusted_management_priority_index_not_predicted_student_count,not_identified_ex_ante,,,,"incremental qualified applications, offers and enrolments attributable to the recruitment intervention",requires_prospective_campaign_evaluation,24,pre_registered_country_program_campaign_with_matched_comparison_or_stepped_wedge_rollout,qualified_leads;applications;offers;enrolments;yield;cost_per_enrolment,regularized_relative_demand_signal_from_overlapping_queries_not_unique_vacancies,ppml_russia_inbound_structural_allocation_v3;friendliness_receptivity_ex_ante_v3;trudvsem_program_demand_v4;mgimo_program_profiles,calculated_uncertainty_aware_scenario_ensemble,russian_language_track_alumni_and_school_network,9,9.0,11.0,11.0,31.0,9.0,31.0,22.0
country_program_priority_evidence_v4,BLR,Belarus,Europe & Central Asia,languages_regional,languages_regional,Иностранные языки и регионоведение,russian_or_bilingual_russian_english_plus_target_region_language,CLDR indicates a material functional Russian-language environment.,30445.19890863655,30445.19890863655,6973.544032391695,27907.71738493421,62381.01638589323,1.0,1.0,9369.0,2023,40657.59366868813,40657.59366868813,10212.394760051584,100.0,100.0,100.0,100.0,point_score multiplied by probability of positive structural gap,68.04837138372176,48.048371383721744,88.04837138372174,0.6,limited,False,43.445981287108864,"{""diplomatic_analytic"": 0.4456061003463963, ""economic_legal"": 0.3898746629698579}",calculated_from_existing_mgimo_country_profile_scores,90.84379582436037,85.35385228314937,94.68543083289845,2,1,76.43410302884246,74.99368423767085,76.7988713684822,64.3597107865624,75.71389363325665,75.71389363325665,64.3597107865624,76.7988713684822,64.3597107865624,76.7988713684822,12.439160581919793,60.57864297250758,81.41800927264981,20.83936630014223,A_evidence_supported_pilot,"{""academic_fit"": 64.3597107865624, ""balanced"": 76.43410302884246, ""labor_market"": 76.7988713684822, ""recruitment"": 74.99368423767085}","{""academic_fit"": 60.57864297250758, ""balanced"": 70.07304199433912, ""labor_market"": 70.96265598976773, ""recruitment"": 67.26501209810658}","{""academic_fit"": 67.27510184549953, ""balanced"": 81.41800927264981, ""labor_market"": 81.27068409556351, ""recruitment"": 81.27295518347088}","{""academic_fit"": {""country_opportunity"": 0.25, ""friendliness"": 0.15, ""labor_demand"": 0.15, ""program_fit"": 0.45}, ""balanced"": {""country_opportunity"": 0.3, ""friendliness"": 0.2, ""labor_demand"": 0.3, ""program_fit"": 0.2}, ""labor_market"": {""country_opportunity"": 0.2, ""friendliness"": 0.15, ""labor_demand"": 0.45, ""program_fit"": 0.2}, ""recruitment"": {""country_opportunity"": 0.4, ""friendliness"": 0.3, ""labor_demand"": 0.1, ""program_fit"": 0.2}}",uncertainty_adjusted_management_priority_index_not_predicted_student_count,not_identified_ex_ante,,,,"incremental qualified applications, offers and enrolments attributable to the recruitment intervention",requires_prospective_campaign_evaluation,24,pre_registered_country_program_campaign_with_matched_comparison_or_stepped_wedge_rollout,qualified_leads;applications;offers;enrolments;yield;cost_per_enrolment,regularized_relative_demand_signal_from_overlapping_queries_not_unique_vacancies,ppml_russia_inbound_structural_allocation_v3;friendliness_receptivity_ex_ante_v3;trudvsem_program_demand_v4;mgimo_program_profiles,calculated_uncertainty_aware_scenario_ensemble,russian_language_track_alumni_and_school_network,10,12.0,12.0,16.0,29.0,12.0,29.0,17.0
country_program_priority_evidence_v4,OMN,Oman,Middle East & North Africa,management_public,management_public,Управление и государственная политика,english_plus_russian_preparatory_year,No broad Russian or English functional-language signal is available in CLDR.,502.2737759432396,502.2737759432396,181.76656300783029,459.8299838341703,1134.6745046002259,1.0,0.7316666666666667,24.0,2023,525.6770071533053,525.6770071533053,23.403231210065687,89.22560124148004,89.22560124148004,74.69789611085542,100.0,point_score multiplied by probability of positive structural gap,64.2690828943247,36.76908289432469,91.7690828943247,0.45,limited,False,52.51451435678987,"{""diplomatic_analytic"": 0.507666025535745, ""economic_legal"": 0.5513638206161292}",calculated_from_existing_mgimo_country_profile_scores,95.82415369148119,86.55673351637238,99.07229069328204,2,3,77.03861994837247,73.53862103874363,79.1293679492367,67.98717100941957,75.28862049355806,75.28862049355806,67.98717100941957,79.1293679492367,67.98717100941957,79.1293679492367,11.142196939817126,57.59388230314691,86.59422638044535,29.000344077298436,A_evidence_supported_pilot,"{""academic_fit"": 67.98717100941957, ""balanced"": 77.03861994837247, ""labor_market"": 79.1293679492367, ""recruitment"": 73.53862103874363}","{""academic_fit"": 59.04398917459702, ""balanced"": 63.56414941914459, ""labor_market"": 67.26520492502225, ""recruitment"": 57.59388230314691}","{""academic_fit"": 74.08473813996778, ""balanced"": 86.34638520508697, ""labor_market"": 86.59422638044535, ""recruitment"": 85.77364311524234}","{""academic_fit"": {""country_opportunity"": 0.25, ""friendliness"": 0.15, ""labor_demand"": 0.15, ""program_fit"": 0.45}, ""balanced"": {""country_opportunity"": 0.3, ""friendliness"": 0.2, ""labor_demand"": 0.3, ""program_fit"": 0.2}, ""labor_market"": {""country_opportunity"": 0.2, ""friendliness"": 0.15, ""labor_demand"": 0.45, ""program_fit"": 0.2}, ""recruitment"": {""country_opportunity"": 0.4, ""friendliness"": 0.3, ""labor_demand"": 0.1, ""program_fit"": 0.2}}",uncertainty_adjusted_management_priority_index_not_predicted_student_count,not_identified_ex_ante,,,,"incremental qualified applications, offers and enrolments attributable to the recruitment intervention",requires_prospective_campaign_evaluation,24,pre_registered_country_program_campaign_with_matched_comparison_or_stepped_wedge_rollout,qualified_leads;applications;offers;enrolments;yield;cost_per_enrolment,regularized_relative_demand_signal_from_overlapping_queries_not_unique_vacancies,ppml_russia_inbound_structural_allocation_v3;friendliness_receptivity_ex_ante_v3;trudvsem_program_demand_v4;mgimo_program_profiles,calculated_uncertainty_aware_scenario_ensemble,employer_linked_program_campaign_and_case_competitions,11,10.0,16.0,9.0,13.0,9.0,16.0,7.0
country_program_priority_evidence_v4,KWT,Kuwait,Middle East & North Africa,management_public,management_public,Управление и государственная политика,english_plus_russian_preparatory_year,No broad Russian or English functional-language signal is available in CLDR.,426.5126688777632,426.5126688777632,166.10656193694516,401.9018406801363,914.5455521053923,1.0,0.6533333333333333,8.0,2023,432.95179611668044,432.95179611668044,6.439127238917247,86.88564352408495,86.88564352408495,73.41313797911597,97.8078518624332,point_score multiplied by probability of positive structural gap,63.39358801580428,35.893588015804276,90.89358801580428,0.45,limited,False,54.660313189958686,"{""diplomatic_analytic"": 0.5291348697860369, ""economic_legal"": 0.572805525069912}",calculated_from_existing_mgimo_country_profile_scores,95.82415369148119,86.55673351637238,99.07229069328204,2,3,76.82928195873016,73.04762303241378,79.1754254657057,68.60844894756792,74.93845249557197,74.93845249557197,68.60844894756792,79.1754254657057,68.60844894756792,79.1754254657057,10.566976518137778,57.2481986888293,86.7720897358958,29.523891047066506,A_evidence_supported_pilot,"{""academic_fit"": 68.60844894756792, ""balanced"": 76.82928195873016, ""labor_market"": 79.1754254657057, ""recruitment"": 73.04762303241378}","{""academic_fit"": 59.63107494092075, ""balanced"": 63.43949031106775, ""labor_market"": 67.32720894806108, ""recruitment"": 57.2481986888293}","{""academic_fit"": 74.88794076124343, ""balanced"": 86.29316276112358, ""labor_market"": 86.7720897358958, ""recruitment"": 85.45181374527425}","{""academic_fit"": {""country_opportunity"": 0.25, ""friendliness"": 0.15, ""labor_demand"": 0.15, ""program_fit"": 0.45}, ""balanced"": {""country_opportunity"": 0.3, ""friendliness"": 0.2, ""labor_demand"": 0.3, ""program_fit"": 0.2}, ""labor_market"": {""country_opportunity"": 0.2, ""friendliness"": 0.15, ""labor_demand"": 0.45, ""program_fit"": 0.2}, ""recruitment"": {""country_opportunity"": 0.4, ""friendliness"": 0.3, ""labor_demand"": 0.1, ""program_fit"": 0.2}}",uncertainty_adjusted_management_priority_index_not_predicted_student_count,not_identified_ex_ante,,,,"incremental qualified applications, offers and enrolments attributable to the recruitment intervention",requires_prospective_campaign_evaluation,24,pre_registered_country_program_campaign_with_matched_comparison_or_stepped_wedge_rollout,qualified_leads;applications;offers;enrolments;yield;cost_per_enrolment,regularized_relative_demand_signal_from_overlapping_queries_not_unique_vacancies,ppml_russia_inbound_structural_allocation_v3;friendliness_receptivity_ex_ante_v3;trudvsem_program_demand_v4;mgimo_program_profiles,calculated_uncertainty_aware_scenario_ensemble,employer_linked_program_campaign_and_case_competitions,12,11.0,18.0,8.0,11.0,8.0,18.0,10.0
country_program_priority_evidence_v4,OMN,Oman,Middle East & North Africa,languages_regional,languages_regional,Иностранные языки и регионоведение,english_plus_russian_preparatory_year_plus_target_region_language,No broad Russian or English functional-language signal is available in CLDR.,502.2737759432396,502.2737759432396,181.76656300783029,459.8299838341703,1134.6745046002259,1.0,0.7316666666666667,24.0,2023,525.6770071533053,525.6770071533053,23.403231210065687,89.22560124148004,89.22560124148004,74.69789611085542,100.0,point_score multiplied by probability of positive structural gap,64.2690828943247,36.76908289432469,91.7690828943247,0.45,limited,False,51.64055845518219,"{""diplomatic_analytic"": 0.507666025535745, ""economic_legal"": 0.5513638206161292}",calculated_from_existing_mgimo_country_profile_scores,90.84379582436037,85.35385228314937,94.68543083289845,2,1,75.57847222519449,72.910801647564,77.01711181911134,66.95282283017625,74.24463693637924,74.24463693637924,66.95282283017625,77.01711181911134,66.95282283017625,77.01711181911134,10.06428898893509,57.32516995501524,85.10926382028669,27.784093865271444,A_evidence_supported_pilot,"{""academic_fit"": 66.95282283017625, ""balanced"": 75.57847222519449, ""labor_market"": 77.01711181911134, ""recruitment"": 72.910801647564}","{""academic_fit"": 58.48661969276606, ""balanced"": 63.09278081955163, ""labor_market"": 66.62799185212967, ""recruitment"": 57.32516995501524}","{""academic_fit"": 73.04500972599634, ""balanced"": 84.91287265783784, ""labor_market"": 84.58592550694617, ""recruitment"": 85.10926382028669}","{""academic_fit"": {""country_opportunity"": 0.25, ""friendliness"": 0.15, ""labor_demand"": 0.15, ""program_fit"": 0.45}, ""balanced"": {""country_opportunity"": 0.3, ""friendliness"": 0.2, ""labor_demand"": 0.3, ""program_fit"": 0.2}, ""labor_market"": {""country_opportunity"": 0.2, ""friendliness"": 0.15, ""labor_demand"": 0.45, ""program_fit"": 0.2}, ""recruitment"": {""country_opportunity"": 0.4, ""friendliness"": 0.3, ""labor_demand"": 0.1, ""program_fit"": 0.2}}",uncertainty_adjusted_management_priority_index_not_predicted_student_count,not_identified_ex_ante,,,,"incremental qualified applications, offers and enrolments attributable to the recruitment intervention",requires_prospective_campaign_evaluation,24,pre_registered_country_program_campaign_with_matched_comparison_or_stepped_wedge_rollout,qualified_leads;applications;offers;enrolments;yield;cost_per_enrolment,regularized_relative_demand_signal_from_overlapping_queries_not_unique_vacancies,ppml_russia_inbound_structural_allocation_v3;friendliness_receptivity_ex_ante_v3;trudvsem_program_demand_v4;mgimo_program_profiles,calculated_uncertainty_aware_scenario_ensemble,employer_linked_program_campaign_and_case_competitions,13,13.0,19.0,14.0,19.0,13.0,19.0,6.0
country_program_priority_evidence_v4,KWT,Kuwait,Middle East & North Africa,languages_regional,languages_regional,Иностранные языки и регионоведение,english_plus_russian_preparatory_year_plus_target_region_language,No broad Russian or English functional-language signal is available in CLDR.,426.5126688777632,426.5126688777632,166.10656193694516,401.9018406801363,914.5455521053923,1.0,0.6533333333333333,8.0,2023,432.95179611668044,432.95179611668044,6.439127238917247,86.88564352408495,86.88564352408495,73.41313797911597,97.8078518624332,point_score multiplied by probability of positive structural gap,63.39358801580428,35.893588015804276,90.89358801580428,0.45,limited,False,53.786900084281186,"{""diplomatic_analytic"": 0.5291348697860369, ""economic_legal"": 0.572805525069912}",calculated_from_existing_mgimo_country_profile_scores,90.84379582436037,85.35385228314937,94.68543083289845,2,1,75.38289729122233,72.43340754269968,77.0719547469686,67.58440668646685,73.908152416961,73.908152416961,67.58440668646685,77.0719547469686,67.58440668646685,77.0719547469686,9.487548060501751,56.9885043566308,84.8715621577395,27.883057801108706,A_evidence_supported_pilot,"{""academic_fit"": 67.58440668646685, ""balanced"": 75.38289729122233, ""labor_market"": 77.0719547469686, ""recruitment"": 72.43340754269968}","{""academic_fit"": 59.08543675746438, ""balanced"": 62.97722950337249, ""labor_market"": 66.69807536021781, ""recruitment"": 56.9885043566308}","{""academic_fit"": 73.85853212095302, ""balanced"": 84.8715621577395, ""labor_market"": 84.77067908208433, ""recruitment"": 84.80094642820339}","{""academic_fit"": {""country_opportunity"": 0.25, ""friendliness"": 0.15, ""labor_demand"": 0.15, ""program_fit"": 0.45}, ""balanced"": {""country_opportunity"": 0.3, ""friendliness"": 0.2, ""labor_demand"": 0.3, ""program_fit"": 0.2}, ""labor_market"": {""country_opportunity"": 0.2, ""friendliness"": 0.15, ""labor_demand"": 0.45, ""program_fit"": 0.2}, ""recruitment"": {""country_opportunity"": 0.4, ""friendliness"": 0.3, ""labor_demand"": 0.1, ""program_fit"": 0.2}}",uncertainty_adjusted_management_priority_index_not_predicted_student_count,not_identified_ex_ante,,,,"incremental qualified applications, offers and enrolments attributable to the recruitment intervention",requires_prospective_campaign_evaluation,24,pre_registered_country_program_campaign_with_matched_comparison_or_stepped_wedge_rollout,qualified_leads;applications;offers;enrolments;yield;cost_per_enrolment,regularized_relative_demand_signal_from_overlapping_queries_not_unique_vacancies,ppml_russia_inbound_structural_allocation_v3;friendliness_receptivity_ex_ante_v3;trudvsem_program_demand_v4;mgimo_program_profiles,calculated_uncertainty_aware_scenario_ensemble,employer_linked_program_campaign_and_case_competitions,14,14.0,20.0,13.0,16.0,13.0,20.0,7.0
country_program_priority_evidence_v4,AZE,Azerbaijan,Europe & Central Asia,management_public,management_public,Управление и государственная политика,english_plus_russian_preparatory_year,No broad Russian or English functional-language signal is available in CLDR.,15116.55996574624,15116.55996574624,8152.10522003389,13587.33892593225,18211.214328846352,1.0,1.0,5965.0,2023,22566.206974708322,22566.206974708322,7449.6470089620825,100.0,100.0,100.0,100.0,point_score multiplied by probability of positive structural gap,65.98981332659201,38.489813326592014,93.48981332659201,0.45,limited,False,35.767892190904924,"{""diplomatic_analytic"": 0.3534390310390914, ""economic_legal"": 0.3640387582139859}",calculated_from_existing_mgimo_country_profile_scores,95.82415369148119,86.55673351637238,99.07229069328204,2,3,74.31314671973543,71.92865238702096,75.37557396051882,59.29509529468613,73.1208995533782,73.1208995533782,59.29509529468613,75.37557396051882,59.29509529468613,75.37557396051882,16.080478665832693,53.9555463508945,80.55372440100773,26.598178050113226,A_evidence_supported_pilot,"{""academic_fit"": 59.29509529468613, ""balanced"": 74.31314671973543, ""labor_market"": 75.37557396051882, ""recruitment"": 71.92865238702096}","{""academic_fit"": 53.9555463508945, ""balanced"": 64.87130976470029, ""labor_market"": 66.54872016522776, ""recruitment"": 60.76806418570205}","{""academic_fit"": 62.74436444786126, ""balanced"": 80.39701706123736, ""labor_market"": 80.55372440100773, ""recruitment"": 80.01065096887268}","{""academic_fit"": {""country_opportunity"": 0.25, ""friendliness"": 0.15, ""labor_demand"": 0.15, ""program_fit"": 0.45}, ""balanced"": {""country_opportunity"": 0.3, ""friendliness"": 0.2, ""labor_demand"": 0.3, ""program_fit"": 0.2}, ""labor_market"": {""country_opportunity"": 0.2, ""friendliness"": 0.15, ""labor_demand"": 0.45, ""program_fit"": 0.2}, ""recruitment"": {""country_opportunity"": 0.4, ""friendliness"": 0.3, ""labor_demand"": 0.1, ""program_fit"": 0.2}}",uncertainty_adjusted_management_priority_index_not_predicted_student_count,not_identified_ex_ante,,,,"incremental qualified applications, offers and enrolments attributable to the recruitment intervention",requires_prospective_campaign_evaluation,24,pre_registered_country_program_campaign_with_matched_comparison_or_stepped_wedge_rollout,qualified_leads;applications;offers;enrolments;yield;cost_per_enrolment,regularized_relative_demand_signal_from_overlapping_queries_not_unique_vacancies,ppml_russia_inbound_structural_allocation_v3;friendliness_receptivity_ex_ante_v3;trudvsem_program_demand_v4;mgimo_program_profiles,calculated_uncertainty_aware_scenario_ensemble,employer_linked_program_campaign_and_case_competitions,15,15.0,21.0,21.0,42.0,15.0,42.0,27.0
country_program_priority_evidence_v4,ARE,United Arab Emirates,Middle East & North Africa,digital_analytics,digital_analytics,Цифровая аналитика и Data/AI,english_with_optional_russian_preparatory_module,CLDR indicates a material functional English-language environment.,422.2036215977997,422.2036215977997,152.4241827480876,386.14354791454286,893.5732988371658,1.0,0.585,81.0,2023,467.78144244204356,467.78144244204356,45.5778208442438,86.74034870599367,86.74034870599367,72.18794126743218,97.47549294327301,point_score multiplied by probability of positive structural gap,63.640581482835266,36.14058148283527,91.14058148283529,0.45,limited,False,78.8858002227002,"{""digital_finance_business_informatics"": 0.7877274012873411, ""economic_legal"": 0.793380405985645}",calculated_from_existing_mgimo_country_profile_scores,57.83576220146514,37.1936785476967,76.96065573742321,3,0,71.14195853658279,74.74256561910477,68.03412856881799,74.92241651607847,72.94226207784378,72.94226207784378,68.03412856881799,74.92241651607847,68.03412856881799,74.92241651607847,6.88828794726048,49.708873933405584,89.54196948873565,39.83309555533006,A_evidence_supported_pilot,"{""academic_fit"": 74.92241651607847, ""balanced"": 71.14195853658279, ""labor_market"": 68.03412856881799, ""recruitment"": 74.74256561910477}","{""academic_fit"": 61.75552989191515, ""balanced"": 52.97507616877283, ""labor_market"": 49.708873933405584, ""recruitment"": 56.37701987763517}","{""academic_fit"": 84.83419582358745, ""balanced"": 86.02483097675245, ""labor_market"": 83.33928817642985, ""recruitment"": 89.54196948873565}","{""academic_fit"": {""country_opportunity"": 0.25, ""friendliness"": 0.15, ""labor_demand"": 0.15, ""program_fit"": 0.45}, ""balanced"": {""country_opportunity"": 0.3, ""friendliness"": 0.2, ""labor_demand"": 0.3, ""program_fit"": 0.2}, ""labor_market"": {""country_opportunity"": 0.2, ""friendliness"": 0.15, ""labor_demand"": 0.45, ""program_fit"": 0.2}, ""recruitment"": {""country_opportunity"": 0.4, ""friendliness"": 0.3, ""labor_demand"": 0.1, ""program_fit"": 0.2}}",uncertainty_adjusted_management_priority_index_not_predicted_student_count,not_identified_ex_ante,,,,"incremental qualified applications, offers and enrolments attributable to the recruitment intervention",requires_prospective_campaign_evaluation,24,pre_registered_country_program_campaign_with_matched_comparison_or_stepped_wedge_rollout,qualified_leads;applications;offers;enrolments;yield;cost_per_enrolment,regularized_relative_demand_signal_from_overlapping_queries_not_unique_vacancies,ppml_russia_inbound_structural_allocation_v3;friendliness_receptivity_ex_ante_v3;trudvsem_program_demand_v4;mgimo_program_profiles,calculated_uncertainty_aware_scenario_ensemble,targeted_digital_campaign_with_local_partner_validation,16,29.0,13.0,39.0,3.0,3.0,39.0,36.0
country_program_priority_evidence_v4,AZE,Azerbaijan,Europe & Central Asia,languages_regional,languages_regional,Иностранные языки и регионоведение,english_plus_russian_preparatory_year_plus_target_region_language,No broad Russian or English functional-language signal is available in CLDR.,15116.55996574624,15116.55996574624,8152.10522003389,13587.33892593225,18211.214328846352,1.0,1.0,5965.0,2023,22566.206974708322,22566.206974708322,7449.6470089620825,100.0,100.0,100.0,100.0,point_score multiplied by probability of positive structural gap,65.98981332659201,38.489813326592014,93.48981332659201,0.45,limited,False,35.55589764740703,"{""diplomatic_analytic"": 0.3534390310390914, ""economic_legal"": 0.3640387582139859}",calculated_from_existing_mgimo_country_profile_scores,90.84379582436037,85.35385228314937,94.68543083289845,2,1,73.0605992032813,71.46711964483173,73.52044509967544,58.674393912540665,72.2638594240565,72.2638594240565,58.674393912540665,73.52044509967544,58.674393912540665,73.52044509967544,14.846051187134776,53.70377850025616,79.56072742515772,25.85694892490156,A_evidence_supported_pilot,"{""academic_fit"": 58.674393912540665, ""balanced"": 73.0605992032813, ""labor_market"": 73.52044509967544, ""recruitment"": 71.46711964483173}","{""academic_fit"": 53.70377850025616, ""balanced"": 64.52797850033123, ""labor_market"": 66.05929370976791, ""recruitment"": 60.61391870145021}","{""academic_fit"": 62.16192349687213, ""balanced"": 79.23138945741344, ""labor_market"": 78.85382372055926, ""recruitment"": 79.56072742515772}","{""academic_fit"": {""country_opportunity"": 0.25, ""friendliness"": 0.15, ""labor_demand"": 0.15, ""program_fit"": 0.45}, ""balanced"": {""country_opportunity"": 0.3, ""friendliness"": 0.2, ""labor_demand"": 0.3, ""program_fit"": 0.2}, ""labor_market"": {""country_opportunity"": 0.2, ""friendliness"": 0.15, ""labor_demand"": 0.45, ""program_fit"": 0.2}, ""recruitment"": {""country_opportunity"": 0.4, ""friendliness"": 0.3, ""labor_demand"": 0.1, ""program_fit"": 0.2}}",uncertainty_adjusted_management_priority_index_not_predicted_student_count,not_identified_ex_ante,,,,"incremental qualified applications, offers and enrolments attributable to the recruitment intervention",requires_prospective_campaign_evaluation,24,pre_registered_country_program_campaign_with_matched_comparison_or_stepped_wedge_rollout,qualified_leads;applications;offers;enrolments;yield;cost_per_enrolment,regularized_relative_demand_signal_from_overlapping_queries_not_unique_vacancies,ppml_russia_inbound_structural_allocation_v3;friendliness_receptivity_ex_ante_v3;trudvsem_program_demand_v4;mgimo_program_profiles,calculated_uncertainty_aware_scenario_ensemble,employer_linked_program_campaign_and_case_competitions,17,21.0,22.0,25.0,45.0,21.0,45.0,24.0
country_program_priority_evidence_v4,PHL,Philippines,East Asia & Pacific,management_public,management_public,Управление и государственная политика,english_with_optional_russian_preparatory_module,CLDR indicates a material functional English-language environment.,484.6717004001166,484.6717004001166,143.8475030575797,449.92736014501145,1267.60317230366,1.0,0.835,17.0,2023,506.4046398544305,506.4046398544305,21.732939454313914,88.71499361028283,88.71499361028283,71.3628978535519,100.0,point_score multiplied by probability of positive structural gap,63.19143211840076,35.691432118400755,90.69143211840075,0.45,limited,False,42.91731878095549,"{""diplomatic_analytic"": 0.430623591707961, ""economic_legal"": 0.4269975819619459}",calculated_from_existing_mgimo_country_profile_scores,95.82415369148119,86.55673351637238,99.07229069328204,2,3,73.68105316429047,70.17675662632186,75.7867049056516,61.95838915680175,71.92890489530618,71.92890489530618,61.95838915680175,75.7867049056516,61.95838915680175,75.7867049056516,13.828315748849853,53.18288148301078,83.09226670913743,29.909385226126652,A_evidence_supported_pilot,"{""academic_fit"": 61.95838915680175, ""balanced"": 73.68105316429047, ""labor_market"": 75.7867049056516, ""recruitment"": 70.17675662632186}","{""academic_fit"": 53.18288148301078, ""balanced"": 59.932221072082385, ""labor_market"": 63.80048457630551, ""recruitment"": 53.90270053925805}","{""academic_fit"": 67.66147752944049, ""balanced"": 82.80605704622907, ""labor_market"": 83.09226670913743, ""recruitment"": 82.16074151946518}","{""academic_fit"": {""country_opportunity"": 0.25, ""friendliness"": 0.15, ""labor_demand"": 0.15, ""program_fit"": 0.45}, ""balanced"": {""country_opportunity"": 0.3, ""friendliness"": 0.2, ""labor_demand"": 0.3, ""program_fit"": 0.2}, ""labor_market"": {""country_opportunity"": 0.2, ""friendliness"": 0.15, ""labor_demand"": 0.45, ""program_fit"": 0.2}, ""recruitment"": {""country_opportunity"": 0.4, ""friendliness"": 0.3, ""labor_demand"": 0.1, ""program_fit"": 0.2}}",uncertainty_adjusted_management_priority_index_not_predicted_student_count,not_identified_ex_ante,,,,"incremental qualified applications, offers and enrolments attributable to the recruitment intervention",requires_prospective_campaign_evaluation,24,pre_registered_country_program_campaign_with_matched_comparison_or_stepped_wedge_rollout,qualified_leads;applications;offers;enrolments;yield;cost_per_enrolment,regularized_relative_demand_signal_from_overlapping_queries_not_unique_vacancies,ppml_russia_inbound_structural_allocation_v3;friendliness_receptivity_ex_ante_v3;trudvsem_program_demand_v4;mgimo_program_profiles,calculated_uncertainty_aware_scenario_ensemble,employer_linked_program_campaign_and_case_competitions,18,17.0,25.0,18.0,35.0,17.0,35.0,18.0
country_program_priority_evidence_v4,QAT,Qatar,Middle East & North Africa,management_public,management_public,Управление и государственная политика,english_plus_russian_preparatory_year,No broad Russian or English functional-language signal is available in CLDR.,181.741219289879,181.741219289879,63.374058751366526,164.42780274329073,405.2775387971988,1.0,0.05,7.0,2023,188.09570631430216,188.09570631430216,6.354487024423151,74.69590716206966,74.69590716206966,59.73168254284648,86.15493872150051,point_score multiplied by probability of positive structural gap,63.28068332224216,35.780683322242155,90.78068332224217,0.45,limited,False,57.498627487762874,"{""diplomatic_analytic"": 0.545733376665048, ""economic_legal"": 0.6188656221964999}",calculated_from_existing_mgimo_country_profile_scores,95.82415369148119,86.55673351637238,99.07229069328204,2,3,74.17211975270573,69.46391189500692,77.59379323472461,67.57279911710509,71.81801582385631,71.81801582385631,67.57279911710509,77.59379323472461,67.57279911710509,77.59379323472461,10.020994117619523,53.25848152876708,85.45157728082219,32.193095752055115,A_evidence_supported_pilot,"{""academic_fit"": 67.57279911710509, ""balanced"": 74.17211975270573, ""labor_market"": 77.59379323472461, ""recruitment"": 69.46391189500692}","{""academic_fit"": 57.93411948110676, ""balanced"": 60.248075590552894, ""labor_market"": 65.26255784207848, ""recruitment"": 53.25848152876708}","{""academic_fit"": 74.20393739750938, ""balanced"": 83.91503340294535, ""labor_market"": 85.45157728082219, ""recruitment"": 82.05051899280737}","{""academic_fit"": {""country_opportunity"": 0.25, ""friendliness"": 0.15, ""labor_demand"": 0.15, ""program_fit"": 0.45}, ""balanced"": {""country_opportunity"": 0.3, ""friendliness"": 0.2, ""labor_demand"": 0.3, ""program_fit"": 0.2}, ""labor_market"": {""country_opportunity"": 0.2, ""friendliness"": 0.15, ""labor_demand"": 0.45, ""program_fit"": 0.2}, ""recruitment"": {""country_opportunity"": 0.4, ""friendliness"": 0.3, ""labor_demand"": 0.1, ""program_fit"": 0.2}}",uncertainty_adjusted_management_priority_index_not_predicted_student_count,not_identified_ex_ante,,,,"incremental qualified applications, offers and enrolments attributable to the recruitment intervention",requires_prospective_campaign_evaluation,24,pre_registered_country_program_campaign_with_matched_comparison_or_stepped_wedge_rollout,qualified_leads;applications;offers;enrolments;yield;cost_per_enrolment,regularized_relative_demand_signal_from_overlapping_queries_not_unique_vacancies,ppml_russia_inbound_structural_allocation_v3;friendliness_receptivity_ex_ante_v3;trudvsem_program_demand_v4;mgimo_program_profiles,calculated_uncertainty_aware_scenario_ensemble,employer_linked_program_campaign_and_case_competitions,19,16.0,29.0,12.0,17.0,12.0,29.0,17.0
country_program_priority_evidence_v4,PHL,Philippines,East Asia & Pacific,languages_regional,languages_regional,Иностранные языки и регионоведение,english_with_optional_russian_preparatory_module_plus_target_region_language,CLDR indicates a material functional English-language environment.,484.6717004001166,484.6717004001166,143.8475030575797,449.92736014501145,1267.60317230366,1.0,0.835,17.0,2023,506.4046398544305,506.4046398544305,21.732939454313914,88.71499361028283,88.71499361028283,71.3628978535519,100.0,point_score multiplied by probability of positive structural gap,63.19143211840076,35.691432118400755,90.69143211840075,0.45,limited,False,42.9898389758758,"{""diplomatic_analytic"": 0.430623591707961, ""economic_legal"": 0.4269975819619459}",calculated_from_existing_mgimo_country_profile_scores,90.84379582436037,85.35385228314937,94.68543083289845,2,1,72.54691851007735,69.8301885695449,74.03142133494768,61.51520629426026,71.18855353981112,71.18855353981112,61.51520629426026,74.03142133494768,61.51520629426026,74.03142133494768,12.51621504068742,53.11205902208832,81.82026064438173,28.708201622293416,A_evidence_supported_pilot,"{""academic_fit"": 61.51520629426026, ""balanced"": 72.54691851007735, ""labor_market"": 74.03142133494768, ""recruitment"": 69.8301885695449}","{""academic_fit"": 53.11205902208832, ""balanced"": 59.70371195551656, ""labor_market"": 63.42547999721582, ""recruitment"": 53.845950969701484}","{""academic_fit"": 67.25796502895197, ""balanced"": 81.72689681602236, ""labor_market"": 81.45979378169856, ""recruitment"": 81.82026064438173}","{""academic_fit"": {""country_opportunity"": 0.25, ""friendliness"": 0.15, ""labor_demand"": 0.15, ""program_fit"": 0.45}, ""balanced"": {""country_opportunity"": 0.3, ""friendliness"": 0.2, ""labor_demand"": 0.3, ""program_fit"": 0.2}, ""labor_market"": {""country_opportunity"": 0.2, ""friendliness"": 0.15, ""labor_demand"": 0.45, ""program_fit"": 0.2}, ""recruitment"": {""country_opportunity"": 0.4, ""friendliness"": 0.3, ""labor_demand"": 0.1, ""program_fit"": 0.2}}",uncertainty_adjusted_management_priority_index_not_predicted_student_count,not_identified_ex_ante,,,,"incremental qualified applications, offers and enrolments attributable to the recruitment intervention",requires_prospective_campaign_evaluation,24,pre_registered_country_program_campaign_with_matched_comparison_or_stepped_wedge_rollout,qualified_leads;applications;offers;enrolments;yield;cost_per_enrolment,regularized_relative_demand_signal_from_overlapping_queries_not_unique_vacancies,ppml_russia_inbound_structural_allocation_v3;friendliness_receptivity_ex_ante_v3;trudvsem_program_demand_v4;mgimo_program_profiles,calculated_uncertainty_aware_scenario_ensemble,employer_linked_program_campaign_and_case_competitions,20,23.0,28.0,23.0,38.0,23.0,38.0,15.0
country_program_priority_evidence_v4,BIH,Bosnia and Herzegovina,Europe & Central Asia,management_public,management_public,Управление и государственная политика,english_with_optional_russian_preparatory_module,CLDR indicates a material functional English-language environment.,476.02545396448784,476.02545396448784,100.21274267780932,430.9251875292698,1327.387180204779,1.0,0.6616666666666666,74.0,2023,545.5627494733623,545.5627494733623,69.53729550887442,88.45736179088952,88.45736179088952,66.22178952691061,100.0,point_score multiplied by probability of positive structural gap,59.629219773256196,32.129219773256196,87.12921977325621,0.45,limited,False,43.82918818031884,"{""diplomatic_analytic"": 0.421037053004802, ""economic_legal"": 0.4641741250007679}",calculated_from_existing_mgimo_country_profile_scores,95.82415369148119,86.55673351637238,99.07229069328204,2,3,73.08144665655666,69.18950129573663,75.40653491823018,61.95621732933796,71.13547397614664,71.13547397614664,61.95621732933796,75.40653491823018,61.95621732933796,75.40653491823018,13.450317588892219,50.96677413339572,82.94005004649159,31.973275913095875,A_evidence_supported_pilot,"{""academic_fit"": 61.95621732933796, ""balanced"": 73.08144665655666, ""labor_market"": 75.40653491823018, ""recruitment"": 69.18950129573663}","{""academic_fit"": 51.89597203365219, ""balanced"": 57.67305125740055, ""labor_market"": 62.166267682857146, ""recruitment"": 50.96677413339572}","{""academic_fit"": 67.88540729612994, ""balanced"": 82.4907686841697, ""labor_market"": 82.94005004649159, ""recruitment"": 81.524231255096}","{""academic_fit"": {""country_opportunity"": 0.25, ""friendliness"": 0.15, ""labor_demand"": 0.15, ""program_fit"": 0.45}, ""balanced"": {""country_opportunity"": 0.3, ""friendliness"": 0.2, ""labor_demand"": 0.3, ""program_fit"": 0.2}, ""labor_market"": {""country_opportunity"": 0.2, ""friendliness"": 0.15, ""labor_demand"": 0.45, ""program_fit"": 0.2}, ""recruitment"": {""country_opportunity"": 0.4, ""friendliness"": 0.3, ""labor_demand"": 0.1, ""program_fit"": 0.2}}",uncertainty_adjusted_management_priority_index_not_predicted_student_count,not_identified_ex_ante,,,,"incremental qualified applications, offers and enrolments attributable to the recruitment intervention",requires_prospective_campaign_evaluation,24,pre_registered_country_program_campaign_with_matched_comparison_or_stepped_wedge_rollout,qualified_leads;applications;offers;enrolments;yield;cost_per_enrolment,regularized_relative_demand_signal_from_overlapping_queries_not_unique_vacancies,ppml_russia_inbound_structural_allocation_v3;friendliness_receptivity_ex_ante_v3;trudvsem_program_demand_v4;mgimo_program_profiles,calculated_uncertainty_aware_scenario_ensemble,employer_linked_program_campaign_and_case_competitions,21,20.0,31.0,19.0,36.0,19.0,36.0,17.0
country_program_priority_evidence_v4,DJI,Djibouti,Middle East & North Africa,management_public,management_public,Управление и государственная политика,english_plus_russian_preparatory_year,No broad Russian or English functional-language signal is available in CLDR.,239.3738803499215,239.3738803499215,50.49768958489623,219.45283508352134,743.5658002040125,1.0,0.18833333333333332,25.0,2023,271.61950240658797,271.61950240658797,32.24562205666646,78.62749291035662,78.62749291035662,56.530848916296335,94.84302000290357,point_score multiplied by probability of positive structural gap,63.19730844112152,35.69730844112152,90.69730844112152,0.45,limited,False,49.91693414084645,"{""diplomatic_analytic"": 0.4616249440057987, ""economic_legal"": 0.5554859375124632}",calculated_from_existing_mgimo_country_profile_scores,95.82415369148119,86.55673351637238,99.07229069328204,2,3,73.2265317275967,68.91753082362126,76.22262059878699,64.27727794784047,71.07203127560898,71.07203127560898,64.27727794784047,76.22262059878699,64.27727794784047,76.22262059878699,11.945342650946515,50.65596662714932,84.69502294489338,34.03905631774406,A_evidence_supported_pilot,"{""academic_fit"": 64.27727794784047, ""balanced"": 73.2265317275967, ""labor_market"": 76.22262059878699, ""recruitment"": 68.91753082362126}","{""academic_fit"": 53.67603122008086, ""balanced"": 57.62819509838675, ""labor_market"": 62.77065516280443, ""recruitment"": 50.65596662714932}","{""academic_fit"": 71.37684109356317, ""balanced"": 83.96237064935093, ""labor_market"": 84.69502294489338, ""recruitment"": 82.8731090079282}","{""academic_fit"": {""country_opportunity"": 0.25, ""friendliness"": 0.15, ""labor_demand"": 0.15, ""program_fit"": 0.45}, ""balanced"": {""country_opportunity"": 0.3, ""friendliness"": 0.2, ""labor_demand"": 0.3, ""program_fit"": 0.2}, ""labor_market"": {""country_opportunity"": 0.2, ""friendliness"": 0.15, ""labor_demand"": 0.45, ""program_fit"": 0.2}, ""recruitment"": {""country_opportunity"": 0.4, ""friendliness"": 0.3, ""labor_demand"": 0.1, ""program_fit"": 0.2}}",uncertainty_adjusted_management_priority_index_not_predicted_student_count,not_identified_ex_ante,,,,"incremental qualified applications, offers and enrolments attributable to the recruitment intervention",requires_prospective_campaign_evaluation,24,pre_registered_country_program_campaign_with_matched_comparison_or_stepped_wedge_rollout,qualified_leads;applications;offers;enrolments;yield;cost_per_enrolment,regularized_relative_demand_signal_from_overlapping_queries_not_unique_vacancies,ppml_russia_inbound_structural_allocation_v3;friendliness_receptivity_ex_ante_v3;trudvsem_program_demand_v4;mgimo_program_profiles,calculated_uncertainty_aware_scenario_ensemble,employer_linked_program_campaign_and_case_competitions,22,18.0,32.0,17.0,30.0,17.0,32.0,15.0
country_program_priority_evidence_v4,SRB,Serbia,Europe & Central Asia,digital_analytics,digital_analytics,Цифровая аналитика и Data/AI,english_plus_russian_preparatory_year,No broad Russian or English functional-language signal is available in CLDR.,1862.9553713367163,1862.9553713367163,1003.314755628782,1669.0585884881532,2555.963289644219,1.0,1.0,360.0,2023,2193.7618868849218,2193.7618868849218,330.80651554820554,100.0,100.0,99.1351007594011,100.0,point_score multiplied by probability of positive structural gap,63.29199926677249,35.79199926677249,90.79199926677249,0.45,limited,False,64.0769290812764,"{""digital_finance_business_informatics"": 0.6643997916758356, ""economic_legal"": 0.5462472873604773}",calculated_from_existing_mgimo_country_profile_scores,57.83576220146514,37.1936785476967,76.96065573742321,3,0,71.15153108087465,75.77113689842045,67.11049986070464,70.70838041522649,70.92995574805056,70.92995574805056,67.11049986070464,75.77113689842045,67.11049986070464,75.77113689842045,8.660637037715816,50.72715224223279,86.72046201211238,35.99330976987959,A_evidence_supported_pilot,"{""academic_fit"": 70.70838041522649, ""balanced"": 71.15153108087465, ""labor_market"": 67.11049986070464, ""recruitment"": 75.77113689842045}","{""academic_fit"": 60.81757723536988, ""balanced"": 55.75554461043232, ""labor_market"": 50.72715224223279, ""recruitment"": 61.1679234649211}","{""academic_fit"": 77.80422648381584, ""balanced"": 83.13503028653965, ""labor_market"": 80.351317655002, ""recruitment"": 86.72046201211238}","{""academic_fit"": {""country_opportunity"": 0.25, ""friendliness"": 0.15, ""labor_demand"": 0.15, ""program_fit"": 0.45}, ""balanced"": {""country_opportunity"": 0.3, ""friendliness"": 0.2, ""labor_demand"": 0.3, ""program_fit"": 0.2}, ""labor_market"": {""country_opportunity"": 0.2, ""friendliness"": 0.15, ""labor_demand"": 0.45, ""program_fit"": 0.2}, ""recruitment"": {""country_opportunity"": 0.4, ""friendliness"": 0.3, ""labor_demand"": 0.1, ""program_fit"": 0.2}}",uncertainty_adjusted_management_priority_index_not_predicted_student_count,not_identified_ex_ante,,,,"incremental qualified applications, offers and enrolments attributable to the recruitment intervention",requires_prospective_campaign_evaluation,24,pre_registered_country_program_campaign_with_matched_comparison_or_stepped_wedge_rollout,qualified_leads;applications;offers;enrolments;yield;cost_per_enrolment,regularized_relative_demand_signal_from_overlapping_queries_not_unique_vacancies,ppml_russia_inbound_structural_allocation_v3;friendliness_receptivity_ex_ante_v3;trudvsem_program_demand_v4;mgimo_program_profiles,calculated_uncertainty_aware_scenario_ensemble,targeted_digital_campaign_with_local_partner_validation,23,28.0,8.0,42.0,6.0,6.0,42.0,36.0
country_program_priority_evidence_v4,QAT,Qatar,Middle East & North Africa,languages_regional,languages_regional,Иностранные языки и регионоведение,english_plus_russian_preparatory_year_plus_target_region_language,No broad Russian or English functional-language signal is available in CLDR.,181.741219289879,181.741219289879,63.374058751366526,164.42780274329073,405.2775387971988,1.0,0.05,7.0,2023,188.09570631430216,188.09570631430216,6.354487024423151,74.69590716206966,74.69590716206966,59.73168254284648,86.15493872150051,point_score multiplied by probability of positive structural gap,63.28068332224216,35.780683322242155,90.78068332224217,0.45,limited,False,56.03598257713384,"{""diplomatic_analytic"": 0.545733376665048, ""economic_legal"": 0.6188656221964999}",calculated_from_existing_mgimo_country_profile_scores,90.84379582436037,85.35385228314937,94.68543083289845,2,1,72.63754800429514,68.74901795329156,75.38889627073809,66.28012053948353,70.69328297879335,70.69328297879335,66.28012053948353,75.38889627073809,66.28012053948353,75.38889627073809,9.108775731254553,52.916199692715246,83.32208379403426,30.40588410131901,A_evidence_supported_pilot,"{""academic_fit"": 66.28012053948353, ""balanced"": 72.63754800429514, ""labor_market"": 75.38889627073809, ""recruitment"": 68.74901795329156}","{""academic_fit"": 57.159010038419154, ""balanced"": 59.69548421929267, ""labor_market"": 64.52993323802477, ""recruitment"": 52.916199692715246}","{""academic_fit"": 72.87158397073986, ""balanced"": 82.37587005814007, ""labor_market"": 83.32208379403426, ""recruitment"": 81.27092077345232}","{""academic_fit"": {""country_opportunity"": 0.25, ""friendliness"": 0.15, ""labor_demand"": 0.15, ""program_fit"": 0.45}, ""balanced"": {""country_opportunity"": 0.3, ""friendliness"": 0.2, ""labor_demand"": 0.3, ""program_fit"": 0.2}, ""labor_market"": {""country_opportunity"": 0.2, ""friendliness"": 0.15, ""labor_demand"": 0.45, ""program_fit"": 0.2}, ""recruitment"": {""country_opportunity"": 0.4, ""friendliness"": 0.3, ""labor_demand"": 0.1, ""program_fit"": 0.2}}",uncertainty_adjusted_management_priority_index_not_predicted_student_count,not_identified_ex_ante,,,,"incremental qualified applications, offers and enrolments attributable to the recruitment intervention",requires_prospective_campaign_evaluation,24,pre_registered_country_program_campaign_with_matched_comparison_or_stepped_wedge_rollout,qualified_leads;applications;offers;enrolments;yield;cost_per_enrolment,regularized_relative_demand_signal_from_overlapping_queries_not_unique_vacancies,ppml_russia_inbound_structural_allocation_v3;friendliness_receptivity_ex_ante_v3;trudvsem_program_demand_v4;mgimo_program_profiles,calculated_uncertainty_aware_scenario_ensemble,employer_linked_program_campaign_and_case_competitions,24,22.0,33.0,20.0,21.0,20.0,33.0,13.0
country_program_priority_evidence_v4,THA,Thailand,East Asia & Pacific,management_public,management_public,Управление и государственная политика,english_with_optional_russian_preparatory_module,CLDR indicates a material functional English-language environment.,222.9823261229627,222.9823261229627,-35.88656602940428,196.96835921580674,897.5067334467701,0.915,0.12,130.0,2023,362.23276640299105,362.23276640299105,139.25044028002836,77.61451665790797,71.0172827419858,0.0,97.53841789027449,point_score multiplied by probability of positive structural gap,63.36552884934288,35.86552884934287,90.86552884934288,0.45,limited,False,57.760970837214956,"{""diplomatic_analytic"": 0.5706719830606207, ""economic_legal"": 0.5880162963394429}",calculated_from_existing_mgimo_country_profile_scores,95.82415369148119,86.55673351637238,99.07229069328204,2,3,73.15655050601754,68.18133251798439,76.9085167321125,66.88417890280542,70.66894151200097,70.66894151200097,66.88417890280542,76.9085167321125,66.88417890280542,76.9085167321125,10.024337829307086,10.32075608580006,87.66609285507643,77.34533676927637,C_monitor_and_test,"{""academic_fit"": 66.88417890280542, ""balanced"": 73.15655050601754, ""labor_market"": 76.9085167321125, ""recruitment"": 68.18133251798439}","{""academic_fit"": 20.80200336279173, ""balanced"": 17.599785616103397, ""labor_market"": 28.742185430016225, ""recruitment"": 10.32075608580006}","{""academic_fit"": 76.68139741309986, ""balanced"": 87.157098200896, ""labor_market"": 87.66609285507643, ""recruitment"": 86.28112729880662}","{""academic_fit"": {""country_opportunity"": 0.25, ""friendliness"": 0.15, ""labor_demand"": 0.15, ""program_fit"": 0.45}, ""balanced"": {""country_opportunity"": 0.3, ""friendliness"": 0.2, ""labor_demand"": 0.3, ""program_fit"": 0.2}, ""labor_market"": {""country_opportunity"": 0.2, ""friendliness"": 0.15, ""labor_demand"": 0.45, ""program_fit"": 0.2}, ""recruitment"": {""country_opportunity"": 0.4, ""friendliness"": 0.3, ""labor_demand"": 0.1, ""program_fit"": 0.2}}",uncertainty_adjusted_management_priority_index_not_predicted_student_count,not_identified_ex_ante,,,,"incremental qualified applications, offers and enrolments attributable to the recruitment intervention",requires_prospective_campaign_evaluation,24,pre_registered_country_program_campaign_with_matched_comparison_or_stepped_wedge_rollout,qualified_leads;applications;offers;enrolments;yield;cost_per_enrolment,regularized_relative_demand_signal_from_overlapping_queries_not_unique_vacancies,ppml_russia_inbound_structural_allocation_v3;friendliness_receptivity_ex_ante_v3;trudvsem_program_demand_v4;mgimo_program_profiles,calculated_uncertainty_aware_scenario_ensemble,employer_linked_program_campaign_and_case_competitions,25,19.0,38.0,15.0,20.0,15.0,38.0,23.0
country_program_priority_evidence_v4,BLR,Belarus,Europe & Central Asia,digital_analytics,digital_analytics,Цифровая аналитика и Data/AI,russian_or_bilingual_russian_english,CLDR indicates a material functional Russian-language environment.,30445.19890863655,30445.19890863655,6973.544032391695,27907.71738493421,62381.01638589323,1.0,1.0,9369.0,2023,40657.59366868813,40657.59366868813,10212.394760051584,100.0,100.0,100.0,100.0,point_score multiplied by probability of positive structural gap,68.04837138372176,48.048371383721744,88.04837138372174,0.6,limited,False,60.276877736121946,"{""digital_finance_business_informatics"": 0.6559923059590598, ""economic_legal"": 0.3898746629698579}",calculated_from_existing_mgimo_country_profile_scores,57.83576220146514,37.1936785476967,76.96065573742321,3,0,71.31115442950653,76.4850705583613,67.02145707992732,69.56033677691997,70.43574560321325,70.43574560321325,67.02145707992732,76.4850705583613,67.02145707992732,76.4850705583613,9.463613478433984,52.41940478082545,84.90667697279898,32.487272191973524,A_evidence_supported_pilot,"{""academic_fit"": 69.56033677691997, ""balanced"": 71.31115442950653, ""labor_market"": 67.02145707992732, ""recruitment"": 76.4850705583613}","{""academic_fit"": 61.934817820450796, ""balanced"": 58.50011622493423, ""labor_market"": 52.41940478082545, ""recruitment"": 66.10784919757575}","{""academic_fit"": 75.38200283669947, ""balanced"": 81.64361108458853, ""labor_market"": 79.02965595942752, ""recruitment"": 84.90667697279898}","{""academic_fit"": {""country_opportunity"": 0.25, ""friendliness"": 0.15, ""labor_demand"": 0.15, ""program_fit"": 0.45}, ""balanced"": {""country_opportunity"": 0.3, ""friendliness"": 0.2, ""labor_demand"": 0.3, ""program_fit"": 0.2}, ""labor_market"": {""country_opportunity"": 0.2, ""friendliness"": 0.15, ""labor_demand"": 0.45, ""program_fit"": 0.2}, ""recruitment"": {""country_opportunity"": 0.4, ""friendliness"": 0.3, ""labor_demand"": 0.1, ""program_fit"": 0.2}}",uncertainty_adjusted_management_priority_index_not_predicted_student_count,not_identified_ex_ante,,,,"incremental qualified applications, offers and enrolments attributable to the recruitment intervention",requires_prospective_campaign_evaluation,24,pre_registered_country_program_campaign_with_matched_comparison_or_stepped_wedge_rollout,qualified_leads;applications;offers;enrolments;yield;cost_per_enrolment,regularized_relative_demand_signal_from_overlapping_queries_not_unique_vacancies,ppml_russia_inbound_structural_allocation_v3;friendliness_receptivity_ex_ante_v3;trudvsem_program_demand_v4;mgimo_program_profiles,calculated_uncertainty_aware_scenario_ensemble,russian_language_track_alumni_and_school_network,26,27.0,7.0,44.0,9.0,7.0,44.0,37.0
country_program_priority_evidence_v4,BIH,Bosnia and Herzegovina,Europe & Central Asia,languages_regional,languages_regional,Иностранные языки и регионоведение,english_with_optional_russian_preparatory_module_plus_target_region_language,CLDR indicates a material functional English-language environment.,476.02545396448784,476.02545396448784,100.21274267780932,430.9251875292698,1327.387180204779,1.0,0.6616666666666666,74.0,2023,545.5627494733623,545.5627494733623,69.53729550887442,88.45736179088952,88.45736179088952,66.22178952691061,100.0,point_score multiplied by probability of positive structural gap,59.629219773256196,32.129219773256196,87.12921977325621,0.45,limited,False,42.96644674039952,"{""diplomatic_analytic"": 0.421037053004802, ""economic_legal"": 0.4641741250007679}",calculated_from_existing_mgimo_country_profile_scores,90.84379582436037,85.35385228314937,94.68543083289845,2,1,71.65377389428565,68.55812169967113,73.3501210741352,60.932224581973784,70.1059477969784,70.1059477969784,60.932224581973784,73.3501210741352,60.932224581973784,73.3501210741352,12.417896492161418,50.69889126213798,81.07314901968076,30.37425775754278,A_evidence_supported_pilot,"{""academic_fit"": 60.932224581973784, ""balanced"": 71.65377389428565, ""labor_market"": 73.3501210741352, ""recruitment"": 68.55812169967113}","{""academic_fit"": 51.33749789994623, ""balanced"": 57.21141343284187, ""labor_market"": 61.54083257187145, ""recruitment"": 50.69889126213798}","{""academic_fit"": 66.8433868407965, ""balanced"": 81.07314901968076, ""labor_market"": 80.96844168495679, ""recruitment"": 80.84478467412288}","{""academic_fit"": {""country_opportunity"": 0.25, ""friendliness"": 0.15, ""labor_demand"": 0.15, ""program_fit"": 0.45}, ""balanced"": {""country_opportunity"": 0.3, ""friendliness"": 0.2, ""labor_demand"": 0.3, ""program_fit"": 0.2}, ""labor_market"": {""country_opportunity"": 0.2, ""friendliness"": 0.15, ""labor_demand"": 0.45, ""program_fit"": 0.2}, ""recruitment"": {""country_opportunity"": 0.4, ""friendliness"": 0.3, ""labor_demand"": 0.1, ""program_fit"": 0.2}}",uncertainty_adjusted_management_priority_index_not_predicted_student_count,not_identified_ex_ante,,,,"incremental qualified applications, offers and enrolments attributable to the recruitment intervention",requires_prospective_campaign_evaluation,24,pre_registered_country_program_campaign_with_matched_comparison_or_stepped_wedge_rollout,qualified_leads;applications;offers;enrolments;yield;cost_per_enrolment,regularized_relative_demand_signal_from_overlapping_queries_not_unique_vacancies,ppml_russia_inbound_structural_allocation_v3;friendliness_receptivity_ex_ante_v3;trudvsem_program_demand_v4;mgimo_program_profiles,calculated_uncertainty_aware_scenario_ensemble,employer_linked_program_campaign_and_case_competitions,27,25.0,35.0,26.0,39.0,25.0,39.0,14.0
country_program_priority_evidence_v4,THA,Thailand,East Asia & Pacific,languages_regional,languages_regional,Иностранные языки и регионоведение,english_with_optional_russian_preparatory_module_plus_target_region_language,CLDR indicates a material functional English-language environment.,222.9823261229627,222.9823261229627,-35.88656602940428,196.96835921580674,897.5067334467701,0.915,0.12,130.0,2023,362.23276640299105,362.23276640299105,139.25044028002836,77.61451665790797,71.0172827419858,0.0,97.53841789027449,point_score multiplied by probability of positive structural gap,63.36552884934288,35.86552884934287,90.86552884934288,0.45,limited,False,57.414084571638526,"{""diplomatic_analytic"": 0.5706719830606207, ""economic_legal"": 0.5880162963394429}",calculated_from_existing_mgimo_country_profile_scores,90.84379582436037,85.35385228314937,94.68543083289845,2,1,71.92150659037573,67.74196945826155,75.01358297453335,66.17991312899821,69.83173802431864,69.83173802431864,66.17991312899821,75.01358297453335,66.17991312899821,75.01358297453335,8.833669845535141,10.294291299372045,85.89108277582685,75.5967914764548,C_monitor_and_test,"{""academic_fit"": 66.17991312899821, ""balanced"": 71.92150659037573, ""labor_market"": 75.01358297453335, ""recruitment"": 67.74196945826155}","{""academic_fit"": 20.703647403236484, ""balanced"": 17.506154211227717, ""labor_market"": 28.530013941315246, ""recruitment"": 10.294291299372045}","{""academic_fit"": 75.9648510642084, ""balanced"": 85.89108277582685, ""labor_market"": 85.81372666978152, ""recruitment"": 85.79356820861965}","{""academic_fit"": {""country_opportunity"": 0.25, ""friendliness"": 0.15, ""labor_demand"": 0.15, ""program_fit"": 0.45}, ""balanced"": {""country_opportunity"": 0.3, ""friendliness"": 0.2, ""labor_demand"": 0.3, ""program_fit"": 0.2}, ""labor_market"": {""country_opportunity"": 0.2, ""friendliness"": 0.15, ""labor_demand"": 0.45, ""program_fit"": 0.2}, ""recruitment"": {""country_opportunity"": 0.4, ""friendliness"": 0.3, ""labor_demand"": 0.1, ""program_fit"": 0.2}}",uncertainty_adjusted_management_priority_index_not_predicted_student_count,not_identified_ex_ante,,,,"incremental qualified applications, offers and enrolments attributable to the recruitment intervention",requires_prospective_campaign_evaluation,24,pre_registered_country_program_campaign_with_matched_comparison_or_stepped_wedge_rollout,qualified_leads;applications;offers;enrolments;yield;cost_per_enrolment,regularized_relative_demand_signal_from_overlapping_queries_not_unique_vacancies,ppml_russia_inbound_structural_allocation_v3;friendliness_receptivity_ex_ante_v3;trudvsem_program_demand_v4;mgimo_program_profiles,calculated_uncertainty_aware_scenario_ensemble,employer_linked_program_campaign_and_case_competitions,28,24.0,40.0,22.0,22.0,22.0,40.0,18.0
country_program_priority_evidence_v4,DJI,Djibouti,Middle East & North Africa,languages_regional,languages_regional,Иностранные языки и регионоведение,english_plus_russian_preparatory_year_plus_target_region_language,No broad Russian or English functional-language signal is available in CLDR.,239.3738803499215,239.3738803499215,50.49768958489623,219.45283508352134,743.5658002040125,1.0,0.18833333333333332,25.0,2023,271.61950240658797,271.61950240658797,32.24562205666646,78.62749291035662,78.62749291035662,56.530848916296335,94.84302000290357,point_score multiplied by probability of positive structural gap,63.19730844112152,35.69730844112152,90.69730844112152,0.45,limited,False,48.03971427071316,"{""diplomatic_analytic"": 0.4616249440057987, ""economic_legal"": 0.5554859375124632}",calculated_from_existing_mgimo_country_profile_scores,90.84379582436037,85.35385228314937,94.68543083289845,2,1,71.53612911975172,68.04143396416487,73.8755564059998,62.70121440922366,69.78878154195829,69.78878154195829,62.70121440922366,73.8755564059998,62.70121440922366,73.8755564059998,11.174341996776143,50.20731084116257,82.38239549805483,32.17508465689227,B_targeted_validation,"{""academic_fit"": 62.70121440922366, ""balanced"": 71.53612911975172, ""labor_market"": 73.8755564059998, ""recruitment"": 68.04143396416487}","{""academic_fit"": 52.66690288529169, ""balanced"": 56.959976903259935, ""labor_market"": 61.91420105537892, ""recruitment"": 50.20731084116257}","{""academic_fit"": 69.710095611473, ""balanced"": 82.22074773130558, ""labor_market"": 82.38239549805483, ""recruitment"": 81.88492705586454}","{""academic_fit"": {""country_opportunity"": 0.25, ""friendliness"": 0.15, ""labor_demand"": 0.15, ""program_fit"": 0.45}, ""balanced"": {""country_opportunity"": 0.3, ""friendliness"": 0.2, ""labor_demand"": 0.3, ""program_fit"": 0.2}, ""labor_market"": {""country_opportunity"": 0.2, ""friendliness"": 0.15, ""labor_demand"": 0.45, ""program_fit"": 0.2}, ""recruitment"": {""country_opportunity"": 0.4, ""friendliness"": 0.3, ""labor_demand"": 0.1, ""program_fit"": 0.2}}",uncertainty_adjusted_management_priority_index_not_predicted_student_count,not_identified_ex_ante,,,,"incremental qualified applications, offers and enrolments attributable to the recruitment intervention",requires_prospective_campaign_evaluation,24,pre_registered_country_program_campaign_with_matched_comparison_or_stepped_wedge_rollout,qualified_leads;applications;offers;enrolments;yield;cost_per_enrolment,regularized_relative_demand_signal_from_overlapping_queries_not_unique_vacancies,ppml_russia_inbound_structural_allocation_v3;friendliness_receptivity_ex_ante_v3;trudvsem_program_demand_v4;mgimo_program_profiles,calculated_uncertainty_aware_scenario_ensemble,employer_linked_program_campaign_and_case_competitions,29,26.0,39.0,24.0,34.0,24.0,39.0,15.0
country_program_priority_evidence_v4,PRK,"Korea, Democratic People's Republic of",East Asia & Pacific,management_public,management_public,Управление и государственная политика,english_plus_russian_preparatory_year,No broad Russian or English functional-language signal is available in CLDR.,1024.2065489485078,1024.2065489485078,-0.7712516888885251,905.3765112032339,5975.747172344155,0.9733333333333334,0.8183333333333334,136.0,2023,1150.3121619755332,1150.3121619755332,126.10561302702531,99.43038981322665,96.77891275154062,0.0,100.0,point_score multiplied by probability of positive structural gap,70.01277546029631,42.51277546029631,97.51277546029631,0.45,limited,False,26.698196095244107,"{""diplomatic_analytic"": 0.2321922815896271, ""economic_legal"": 0.3191664799966621}",calculated_from_existing_mgimo_country_profile_scores,95.82415369148119,86.55673351637238,99.07229069328204,2,3,70.35660824057446,68.27572522577665,71.38568092826638,52.232537554861416,69.31616673317555,69.31616673317555,52.232537554861416,71.38568092826638,52.232537554861416,71.38568092826638,19.153143373404966,9.332175857267819,76.60515555138092,67.2729796941131,C_monitor_and_test,"{""academic_fit"": 52.232537554861416, ""balanced"": 70.35660824057446, ""labor_market"": 71.38568092826638, ""recruitment"": 68.27572522577665}","{""academic_fit"": 15.202595674317488, ""balanced"": 15.652335411294645, ""labor_market"": 25.350804092779438, ""recruitment"": 9.332175857267819}","{""academic_fit"": 55.581862764726694, ""balanced"": 76.60515555138092, ""labor_market"": 76.59462774537687, ""recruitment"": 76.55553985967711}","{""academic_fit"": {""country_opportunity"": 0.25, ""friendliness"": 0.15, ""labor_demand"": 0.15, ""program_fit"": 0.45}, ""balanced"": {""country_opportunity"": 0.3, ""friendliness"": 0.2, ""labor_demand"": 0.3, ""program_fit"": 0.2}, ""labor_market"": {""country_opportunity"": 0.2, ""friendliness"": 0.15, ""labor_demand"": 0.45, ""program_fit"": 0.2}, ""recruitment"": {""country_opportunity"": 0.4, ""friendliness"": 0.3, ""labor_demand"": 0.1, ""program_fit"": 0.2}}",uncertainty_adjusted_management_priority_index_not_predicted_student_count,not_identified_ex_ante,,,,"incremental qualified applications, offers and enrolments attributable to the recruitment intervention",requires_prospective_campaign_evaluation,24,pre_registered_country_program_campaign_with_matched_comparison_or_stepped_wedge_rollout,qualified_leads;applications;offers;enrolments;yield;cost_per_enrolment,regularized_relative_demand_signal_from_overlapping_queries_not_unique_vacancies,ppml_russia_inbound_structural_allocation_v3;friendliness_receptivity_ex_ante_v3;trudvsem_program_demand_v4;mgimo_program_profiles,calculated_uncertainty_aware_scenario_ensemble,employer_linked_program_campaign_and_case_competitions,30,30.0,36.0,29.0,73.0,29.0,73.0,44.0
country_program_priority_evidence_v4,TUR,Türkiye,Europe & Central Asia,digital_analytics,digital_analytics,Цифровая аналитика и Data/AI,english_plus_russian_preparatory_year,No broad Russian or English functional-language signal is available in CLDR.,6271.814851981322,6271.814851981322,2042.3232068749053,5788.136878229314,13356.513997275884,1.0,0.9983333333333333,911.0,2023,7040.885969507942,7040.885969507942,769.0711175266194,100.0,100.0,100.0,100.0,point_score multiplied by probability of positive structural gap,62.29229519979871,34.7922951997987,89.7922951997987,0.45,limited,False,58.560603240911234,"{""digital_finance_business_informatics"": 0.6234378261742245, ""economic_legal"": 0.4342788573486635}",calculated_from_existing_mgimo_country_profile_scores,57.83576220146514,37.1936785476967,76.96065573742321,3,0,69.68341723787054,74.09149964274059,65.77728868549296,67.78590419695831,68.73466071741443,68.73466071741443,65.77728868549296,74.09149964274059,65.77728868549296,74.09149964274059,8.314210957247624,49.71635960658058,84.91828998772294,35.20193038114236,B_targeted_validation,"{""academic_fit"": 67.78590419695831, ""balanced"": 69.68341723787054, ""labor_market"": 65.77728868549296, ""recruitment"": 74.09149964274059}","{""academic_fit"": 58.32539849871041, ""balanced"": 54.616292055934636, ""labor_market"": 49.71635960658058, ""recruitment"": 59.804657389407076}","{""academic_fit"": 74.64130621294217, ""balanced"": 81.49656422649213, ""labor_market"": 78.81085431137606, ""recruitment"": 84.91828998772294}","{""academic_fit"": {""country_opportunity"": 0.25, ""friendliness"": 0.15, ""labor_demand"": 0.15, ""program_fit"": 0.45}, ""balanced"": {""country_opportunity"": 0.3, ""friendliness"": 0.2, ""labor_demand"": 0.3, ""program_fit"": 0.2}, ""labor_market"": {""country_opportunity"": 0.2, ""friendliness"": 0.15, ""labor_demand"": 0.45, ""program_fit"": 0.2}, ""recruitment"": {""country_opportunity"": 0.4, ""friendliness"": 0.3, ""labor_demand"": 0.1, ""program_fit"": 0.2}}",uncertainty_adjusted_management_priority_index_not_predicted_student_count,not_identified_ex_ante,,,,"incremental qualified applications, offers and enrolments attributable to the recruitment intervention",requires_prospective_campaign_evaluation,24,pre_registered_country_program_campaign_with_matched_comparison_or_stepped_wedge_rollout,qualified_leads;applications;offers;enrolments;yield;cost_per_enrolment,regularized_relative_demand_signal_from_overlapping_queries_not_unique_vacancies,ppml_russia_inbound_structural_allocation_v3;friendliness_receptivity_ex_ante_v3;trudvsem_program_demand_v4;mgimo_program_profiles,calculated_uncertainty_aware_scenario_ensemble,targeted_digital_campaign_with_local_partner_validation,31,33.0,15.0,54.0,15.0,15.0,54.0,39.0
country_program_priority_evidence_v4,SAU,Saudi Arabia,Middle East & North Africa,digital_analytics,digital_analytics,Цифровая аналитика и Data/AI,english_plus_russian_preparatory_year,No broad Russian or English functional-language signal is available in CLDR.,1026.3129269398264,1026.3129269398264,284.272999661452,949.7248809518235,2573.4925989010617,1.0,0.925,162.0,2023,1177.466179032725,1177.466179032725,151.1532520928985,99.4598271878937,99.4598271878937,81.08363336162641,100.0,point_score multiplied by probability of positive structural gap,64.23914038531943,36.73914038531942,91.73914038531943,0.45,limited,False,57.552768881965946,"{""digital_finance_business_informatics"": 0.59472855666153, ""economic_legal"": 0.4987242174521772}",calculated_from_existing_mgimo_country_profile_scores,57.83576220146514,37.1936785476967,76.96065573742321,3,0,69.75573238524014,74.35354709750108,65.78114918813888,67.48317721861558,68.61945480192786,68.61945480192786,65.78114918813888,74.35354709750108,65.78114918813888,74.35354709750108,8.572397909362195,47.91311407766999,85.16931048579404,37.256196408124055,B_targeted_validation,"{""academic_fit"": 67.48317721861558, ""balanced"": 69.75573238524014, ""labor_market"": 65.78114918813888, ""recruitment"": 74.35354709750108}","{""academic_fit"": 55.3932236172341, ""balanced"": 51.691713965862974, ""labor_market"": 47.91311407766999, ""recruitment"": 55.734934148801685}","{""academic_fit"": 74.30637906999496, ""balanced"": 81.56423814446411, ""labor_market"": 78.79266971129498, ""recruitment"": 85.16931048579404}","{""academic_fit"": {""country_opportunity"": 0.25, ""friendliness"": 0.15, ""labor_demand"": 0.15, ""program_fit"": 0.45}, ""balanced"": {""country_opportunity"": 0.3, ""friendliness"": 0.2, ""labor_demand"": 0.3, ""program_fit"": 0.2}, ""labor_market"": {""country_opportunity"": 0.2, ""friendliness"": 0.15, ""labor_demand"": 0.45, ""program_fit"": 0.2}, ""recruitment"": {""country_opportunity"": 0.4, ""friendliness"": 0.3, ""labor_demand"": 0.1, ""program_fit"": 0.2}}",uncertainty_adjusted_management_priority_index_not_predicted_student_count,not_identified_ex_ante,,,,"incremental qualified applications, offers and enrolments attributable to the recruitment intervention",requires_prospective_campaign_evaluation,24,pre_registered_country_program_campaign_with_matched_comparison_or_stepped_wedge_rollout,qualified_leads;applications;offers;enrolments;yield;cost_per_enrolment,regularized_relative_demand_signal_from_overlapping_queries_not_unique_vacancies,ppml_russia_inbound_structural_allocation_v3;friendliness_receptivity_ex_ante_v3;trudvsem_program_demand_v4;mgimo_program_profiles,calculated_uncertainty_aware_scenario_ensemble,targeted_digital_campaign_with_local_partner_validation,32,32.0,14.0,53.0,18.0,14.0,53.0,39.0
country_program_priority_evidence_v4,IDN,Indonesia,East Asia & Pacific,management_public,management_public,Управление и государственная политика,english_plus_russian_preparatory_year,No broad Russian or English functional-language signal is available in CLDR.,663.2562933239036,663.2562933239036,-101.0798443457751,590.7454114815195,2173.447978739426,0.93,0.7383333333333333,556.0,2023,1173.2003318727418,1173.2003318727418,509.9440385488382,93.20608366583559,86.6816578092271,0.0,100.0,point_score multiplied by probability of positive structural gap,62.392570439499806,44.892570439499806,79.89257043949979,0.65,moderate,True,35.196951127420796,"{""diplomatic_analytic"": 0.3672125449672645, ""economic_legal"": 0.3291049607346231}",calculated_from_existing_mgimo_country_profile_scores,95.82415369148119,86.55673351637238,99.07229069328204,2,3,70.22446439691849,66.64789005343027,72.44246149488629,56.36526085130588,68.43617722517439,68.43617722517439,56.36526085130588,72.44246149488629,56.36526085130588,72.44246149488629,16.07720064358041,10.003792951244758,78.45214513517088,68.44835218392612,C_monitor_and_test,"{""academic_fit"": 56.36526085130588, ""balanced"": 70.22446439691849, ""labor_market"": 72.44246149488629, ""recruitment"": 66.64789005343027}","{""academic_fit"": 17.2856538733521, ""balanced"": 16.689693704593374, ""labor_market"": 26.95905594147647, ""recruitment"": 10.003792951244758}","{""academic_fit"": 60.86879963517432, ""balanced"": 77.69361266268464, ""labor_market"": 78.45214513517088, ""recruitment"": 76.1281978146611}","{""academic_fit"": {""country_opportunity"": 0.25, ""friendliness"": 0.15, ""labor_demand"": 0.15, ""program_fit"": 0.45}, ""balanced"": {""country_opportunity"": 0.3, ""friendliness"": 0.2, ""labor_demand"": 0.3, ""program_fit"": 0.2}, ""labor_market"": {""country_opportunity"": 0.2, ""friendliness"": 0.15, ""labor_demand"": 0.45, ""program_fit"": 0.2}, ""recruitment"": {""country_opportunity"": 0.4, ""friendliness"": 0.3, ""labor_demand"": 0.1, ""program_fit"": 0.2}}",uncertainty_adjusted_management_priority_index_not_predicted_student_count,not_identified_ex_ante,,,,"incremental qualified applications, offers and enrolments attributable to the recruitment intervention",requires_prospective_campaign_evaluation,24,pre_registered_country_program_campaign_with_matched_comparison_or_stepped_wedge_rollout,qualified_leads;applications;offers;enrolments;yield;cost_per_enrolment,regularized_relative_demand_signal_from_overlapping_queries_not_unique_vacancies,ppml_russia_inbound_structural_allocation_v3;friendliness_receptivity_ex_ante_v3;trudvsem_program_demand_v4;mgimo_program_profiles,calculated_uncertainty_aware_scenario_ensemble,employer_linked_program_campaign_and_case_competitions,33,31.0,46.0,27.0,55.0,27.0,55.0,28.0
country_program_priority_evidence_v4,DJI,Djibouti,Middle East & North Africa,digital_analytics,digital_analytics,Цифровая аналитика и Data/AI,english_plus_russian_preparatory_year,No broad Russian or English functional-language signal is available in CLDR.,239.3738803499215,239.3738803499215,50.49768958489623,219.45283508352134,743.5658002040125,1.0,0.18833333333333332,25.0,2023,271.61950240658797,271.61950240658797,32.24562205666646,78.62749291035662,78.62749291035662,56.530848916296335,94.84302000290357,point_score multiplied by probability of positive structural gap,63.19730844112152,35.69730844112152,90.69730844112152,0.45,limited,False,69.82138419295816,"{""digital_finance_business_informatics"": 0.7338958180338613, ""economic_legal"": 0.5554859375124632}",calculated_from_existing_mgimo_country_profile_scores,57.83576220146514,37.1936785476967,76.96065573742321,3,0,67.36374143203363,70.0415760107976,65.07141677828378,69.19777052089292,68.28075597646327,68.28075597646327,65.07141677828378,70.0415760107976,65.07141677828378,70.0415760107976,4.970159232513822,46.16182460625268,86.34361530058318,40.1817906943305,B_targeted_validation,"{""academic_fit"": 69.19777052089292, ""balanced"": 67.36374143203363, ""labor_market"": 65.07141677828378, ""recruitment"": 70.0415760107976}","{""academic_fit"": 54.98214284083961, ""balanced"": 47.99610912757312, ""labor_market"": 46.16182460625268, ""recruitment"": 49.803657045222714}","{""academic_fit"": 79.75860404335799, ""balanced"": 83.21729943105429, ""labor_market"": 80.85764012713956, ""recruitment"": 86.34361530058318}","{""academic_fit"": {""country_opportunity"": 0.25, ""friendliness"": 0.15, ""labor_demand"": 0.15, ""program_fit"": 0.45}, ""balanced"": {""country_opportunity"": 0.3, ""friendliness"": 0.2, ""labor_demand"": 0.3, ""program_fit"": 0.2}, ""labor_market"": {""country_opportunity"": 0.2, ""friendliness"": 0.15, ""labor_demand"": 0.45, ""program_fit"": 0.2}, ""recruitment"": {""country_opportunity"": 0.4, ""friendliness"": 0.3, ""labor_demand"": 0.1, ""program_fit"": 0.2}}",uncertainty_adjusted_management_priority_index_not_predicted_student_count,not_identified_ex_ante,,,,"incremental qualified applications, offers and enrolments attributable to the recruitment intervention",requires_prospective_campaign_evaluation,24,pre_registered_country_program_campaign_with_matched_comparison_or_stepped_wedge_rollout,qualified_leads;applications;offers;enrolments;yield;cost_per_enrolment,regularized_relative_demand_signal_from_overlapping_queries_not_unique_vacancies,ppml_russia_inbound_structural_allocation_v3;friendliness_receptivity_ex_ante_v3;trudvsem_program_demand_v4;mgimo_program_profiles,calculated_uncertainty_aware_scenario_ensemble,targeted_digital_campaign_with_local_partner_validation,34,41.0,26.0,60.0,10.0,10.0,60.0,50.0
country_program_priority_evidence_v4,IDN,Indonesia,East Asia & Pacific,languages_regional,languages_regional,Иностранные языки и регионоведение,english_plus_russian_preparatory_year_plus_target_region_language,No broad Russian or English functional-language signal is available in CLDR.,663.2562933239036,663.2562933239036,-101.0798443457751,590.7454114815195,2173.447978739426,0.93,0.7383333333333333,556.0,2023,1173.2003318727418,1173.2003318727418,509.9440385488382,93.20608366583559,86.6816578092271,0.0,100.0,point_score multiplied by probability of positive structural gap,62.392570439499806,44.892570439499806,79.89257043949979,0.65,moderate,True,35.959102812073624,"{""diplomatic_analytic"": 0.3672125449672645, ""economic_legal"": 0.3291049607346231}",calculated_from_existing_mgimo_country_profile_scores,90.84379582436037,85.35385228314937,94.68543083289845,2,1,69.40937849982677,66.57373182596046,71.03670946517217,56.44736600775815,67.99155516289362,67.99155516289362,56.44736600775815,71.03670946517217,56.44736600775815,71.03670946517217,14.589343457414017,10.031682925715048,77.20654138896506,67.17485846325002,C_monitor_and_test,"{""academic_fit"": 56.44736600775815, ""balanced"": 69.40937849982677, ""labor_market"": 71.03670946517217, ""recruitment"": 66.57373182596046}","{""academic_fit"": 17.41232963329776, ""balanced"": 16.689983287374478, ""labor_market"": 26.903639819417236, ""recruitment"": 10.031682925715048}","{""academic_fit"": 61.03047872316456, ""balanced"": 76.97590339637192, ""labor_market"": 77.20654138896506, ""recruitment"": 76.10420124274098}","{""academic_fit"": {""country_opportunity"": 0.25, ""friendliness"": 0.15, ""labor_demand"": 0.15, ""program_fit"": 0.45}, ""balanced"": {""country_opportunity"": 0.3, ""friendliness"": 0.2, ""labor_demand"": 0.3, ""program_fit"": 0.2}, ""labor_market"": {""country_opportunity"": 0.2, ""friendliness"": 0.15, ""labor_demand"": 0.45, ""program_fit"": 0.2}, ""recruitment"": {""country_opportunity"": 0.4, ""friendliness"": 0.3, ""labor_demand"": 0.1, ""program_fit"": 0.2}}",uncertainty_adjusted_management_priority_index_not_predicted_student_count,not_identified_ex_ante,,,,"incremental qualified applications, offers and enrolments attributable to the recruitment intervention",requires_prospective_campaign_evaluation,24,pre_registered_country_program_campaign_with_matched_comparison_or_stepped_wedge_rollout,qualified_leads;applications;offers;enrolments;yield;cost_per_enrolment,regularized_relative_demand_signal_from_overlapping_queries_not_unique_vacancies,ppml_russia_inbound_structural_allocation_v3;friendliness_receptivity_ex_ante_v3;trudvsem_program_demand_v4;mgimo_program_profiles,calculated_uncertainty_aware_scenario_ensemble,employer_linked_program_campaign_and_case_competitions,35,34.0,47.0,31.0,54.0,31.0,54.0,23.0
country_program_priority_evidence_v4,NPL,Nepal,South Asia,management_public,management_public,Управление и государственная политика,english_plus_russian_preparatory_year,No broad Russian or English functional-language signal is available in CLDR.,1075.5996140261825,1075.5996140261825,286.4172296092276,998.3002316758184,2764.8976282259064,1.0,0.99,94.0,2023,1174.2304663495102,1174.2304663495102,98.6308523233276,100.0,100.0,81.19103317197752,100.0,point_score multiplied by probability of positive structural gap,63.8663064372496,36.3663064372496,91.3663064372496,0.45,limited,False,25.57037961796682,"{""diplomatic_analytic"": 0.2562185949178756, ""economic_legal"": 0.2549315980723572}",calculated_from_existing_mgimo_country_profile_scores,95.82415369148119,86.55673351637238,99.07229069328204,2,3,69.19162605895426,66.75608352591725,70.29395800432098,50.98452684198561,67.97385479243576,67.97385479243576,50.98452684198561,70.29395800432098,50.98452684198561,70.29395800432098,19.309431162335372,43.91159236036233,75.22994042819104,31.318348067828715,B_targeted_validation,"{""academic_fit"": 50.98452684198561, ""balanced"": 69.19162605895426, ""labor_market"": 70.29395800432098, ""recruitment"": 66.75608352591725}","{""academic_fit"": 43.91159236036233, ""balanced"": 56.51821139777784, ""labor_market"": 59.35063769664617, ""recruitment"": 51.57757988636603}","{""academic_fit"": 54.02715193518879, ""balanced"": 74.9983066882232, ""labor_market"": 75.22994042819104, ""recruitment"": 74.4684277853054}","{""academic_fit"": {""country_opportunity"": 0.25, ""friendliness"": 0.15, ""labor_demand"": 0.15, ""program_fit"": 0.45}, ""balanced"": {""country_opportunity"": 0.3, ""friendliness"": 0.2, ""labor_demand"": 0.3, ""program_fit"": 0.2}, ""labor_market"": {""country_opportunity"": 0.2, ""friendliness"": 0.15, ""labor_demand"": 0.45, ""program_fit"": 0.2}, ""recruitment"": {""country_opportunity"": 0.4, ""friendliness"": 0.3, ""labor_demand"": 0.1, ""program_fit"": 0.2}}",uncertainty_adjusted_management_priority_index_not_predicted_student_count,not_identified_ex_ante,,,,"incremental qualified applications, offers and enrolments attributable to the recruitment intervention",requires_prospective_campaign_evaluation,24,pre_registered_country_program_campaign_with_matched_comparison_or_stepped_wedge_rollout,qualified_leads;applications;offers;enrolments;yield;cost_per_enrolment,regularized_relative_demand_signal_from_overlapping_queries_not_unique_vacancies,ppml_russia_inbound_structural_allocation_v3;friendliness_receptivity_ex_ante_v3;trudvsem_program_demand_v4;mgimo_program_profiles,calculated_uncertainty_aware_scenario_ensemble,employer_linked_program_campaign_and_case_competitions,36,35.0,45.0,32.0,83.0,32.0,83.0,51.0
country_program_priority_evidence_v4,PRK,"Korea, Democratic People's Republic of",East Asia & Pacific,languages_regional,languages_regional,Иностранные языки и регионоведение,english_plus_russian_preparatory_year_plus_target_region_language,No broad Russian or English functional-language signal is available in CLDR.,1024.2065489485078,1024.2065489485078,-0.7712516888885251,905.3765112032339,5975.747172344155,0.9733333333333334,0.8183333333333334,136.0,2023,1150.3121619755332,1150.3121619755332,126.10561302702531,99.43038981322665,96.77891275154062,0.0,100.0,point_score multiplied by probability of positive structural gap,70.01277546029631,42.51277546029631,97.51277546029631,0.45,limited,False,24.95871212710341,"{""diplomatic_analytic"": 0.2321922815896271, ""economic_legal"": 0.3191664799966621}",calculated_from_existing_mgimo_country_profile_scores,90.84379582436037,85.35385228314937,94.68543083289845,2,1,68.35826959227454,67.0408118289565,68.81089228661945,50.32980965418271,67.69954071061552,67.69954071061552,50.32980965418271,68.81089228661945,50.32980965418271,68.81089228661945,18.48108263243674,9.199166130950442,75.23088179944266,66.03171566849221,C_monitor_and_test,"{""academic_fit"": 50.32980965418271, ""balanced"": 68.35826959227454, ""labor_market"": 68.81089228661945, ""recruitment"": 67.0408118289565}","{""academic_fit"": 14.734683631719472, ""balanced"": 15.386616403254369, ""labor_market"": 24.86878369382003, ""recruitment"": 9.199166130950442}","{""academic_fit"": 53.6212753773087, ""balanced"": 74.60774655259405, ""labor_market"": 74.09758099842958, ""recruitment"": 75.23088179944266}","{""academic_fit"": {""country_opportunity"": 0.25, ""friendliness"": 0.15, ""labor_demand"": 0.15, ""program_fit"": 0.45}, ""balanced"": {""country_opportunity"": 0.3, ""friendliness"": 0.2, ""labor_demand"": 0.3, ""program_fit"": 0.2}, ""labor_market"": {""country_opportunity"": 0.2, ""friendliness"": 0.15, ""labor_demand"": 0.45, ""program_fit"": 0.2}, ""recruitment"": {""country_opportunity"": 0.4, ""friendliness"": 0.3, ""labor_demand"": 0.1, ""program_fit"": 0.2}}",uncertainty_adjusted_management_priority_index_not_predicted_student_count,not_identified_ex_ante,,,,"incremental qualified applications, offers and enrolments attributable to the recruitment intervention",requires_prospective_campaign_evaluation,24,pre_registered_country_program_campaign_with_matched_comparison_or_stepped_wedge_rollout,qualified_leads;applications;offers;enrolments;yield;cost_per_enrolment,regularized_relative_demand_signal_from_overlapping_queries_not_unique_vacancies,ppml_russia_inbound_structural_allocation_v3;friendliness_receptivity_ex_ante_v3;trudvsem_program_demand_v4;mgimo_program_profiles,calculated_uncertainty_aware_scenario_ensemble,employer_linked_program_campaign_and_case_competitions,37,38.0,43.0,36.0,88.0,36.0,88.0,52.0
country_program_priority_evidence_v4,NPL,Nepal,South Asia,languages_regional,languages_regional,Иностранные языки и регионоведение,english_plus_russian_preparatory_year_plus_target_region_language,No broad Russian or English functional-language signal is available in CLDR.,1075.5996140261825,1075.5996140261825,286.4172296092276,998.3002316758184,2764.8976282259064,1.0,0.99,94.0,2023,1174.2304663495102,1174.2304663495102,98.6308523233276,100.0,100.0,81.19103317197752,100.0,point_score multiplied by probability of positive structural gap,63.8663064372496,36.3663064372496,91.3663064372496,0.45,limited,False,25.596119554877195,"{""diplomatic_analytic"": 0.2562185949178756, ""economic_legal"": 0.2549315980723572}",calculated_from_existing_mgimo_country_profile_scores,90.84379582436037,85.35385228314937,94.68543083289845,2,1,68.1173077777189,66.41735316567681,68.65653046025076,50.604314152066564,67.26733047169786,67.26733047169786,50.604314152066564,68.65653046025076,50.604314152066564,68.65653046025076,18.0522163081842,43.839666703154435,74.14971496099255,30.31004825783812,B_targeted_validation,"{""academic_fit"": 50.604314152066564, ""balanced"": 68.1173077777189, ""labor_market"": 68.65653046025076, ""recruitment"": 66.41735316567681}","{""academic_fit"": 43.839666703154435, ""balanced"": 56.29504395667618, ""labor_market"": 58.99374512033996, ""recruitment"": 51.516254541431515}","{""academic_fit"": 53.688479329361115, ""balanced"": 74.01080945701023, ""labor_market"": 73.74188083458556, ""recruitment"": 74.14971496099255}","{""academic_fit"": {""country_opportunity"": 0.25, ""friendliness"": 0.15, ""labor_demand"": 0.15, ""program_fit"": 0.45}, ""balanced"": {""country_opportunity"": 0.3, ""friendliness"": 0.2, ""labor_demand"": 0.3, ""program_fit"": 0.2}, ""labor_market"": {""country_opportunity"": 0.2, ""friendliness"": 0.15, ""labor_demand"": 0.45, ""program_fit"": 0.2}, ""recruitment"": {""country_opportunity"": 0.4, ""friendliness"": 0.3, ""labor_demand"": 0.1, ""program_fit"": 0.2}}",uncertainty_adjusted_management_priority_index_not_predicted_student_count,not_identified_ex_ante,,,,"incremental qualified applications, offers and enrolments attributable to the recruitment intervention",requires_prospective_campaign_evaluation,24,pre_registered_country_program_campaign_with_matched_comparison_or_stepped_wedge_rollout,qualified_leads;applications;offers;enrolments;yield;cost_per_enrolment,regularized_relative_demand_signal_from_overlapping_queries_not_unique_vacancies,ppml_russia_inbound_structural_allocation_v3;friendliness_receptivity_ex_ante_v3;trudvsem_program_demand_v4;mgimo_program_profiles,calculated_uncertainty_aware_scenario_ensemble,employer_linked_program_campaign_and_case_competitions,38,39.0,48.0,37.0,86.0,37.0,86.0,49.0
country_program_priority_evidence_v4,OMN,Oman,Middle East & North Africa,digital_analytics,digital_analytics,Цифровая аналитика и Data/AI,english_plus_russian_preparatory_year,No broad Russian or English functional-language signal is available in CLDR.,502.2737759432396,502.2737759432396,181.76656300783029,459.8299838341703,1134.6745046002259,1.0,0.7316666666666667,24.0,2023,525.6770071533053,525.6770071533053,23.403231210065687,89.22560124148004,89.22560124148004,74.69789611085542,100.0,point_score multiplied by probability of positive structural gap,64.2690828943247,36.76908289432469,91.7690828943247,0.45,limited,False,58.22142183561647,"{""digital_finance_business_informatics"": 0.5899268177911736, ""economic_legal"": 0.5513638206161292}",calculated_from_existing_mgimo_country_profile_scores,57.83576220146514,37.1936785476967,76.96065573742321,3,0,67.70289582198335,71.39744945404517,64.53348197027528,66.03571432905063,66.86930507551699,66.86930507551699,64.53348197027528,71.39744945404517,64.53348197027528,71.39744945404517,6.863967483769898,47.25609053190045,85.3712163211738,38.11512578927336,B_targeted_validation,"{""academic_fit"": 66.03571432905063, ""balanced"": 67.70289582198335, ""labor_market"": 64.53348197027528, ""recruitment"": 71.39744945404517}","{""academic_fit"": 54.567523137024985, ""balanced"": 50.57364660121745, ""labor_market"": 47.25609053190045, ""recruitment"": 54.093862979332656}","{""academic_fit"": 74.69065279547564, ""balanced"": 81.75495842527418, ""labor_market"": 78.97563454031389, ""recruitment"": 85.3712163211738}","{""academic_fit"": {""country_opportunity"": 0.25, ""friendliness"": 0.15, ""labor_demand"": 0.15, ""program_fit"": 0.45}, ""balanced"": {""country_opportunity"": 0.3, ""friendliness"": 0.2, ""labor_demand"": 0.3, ""program_fit"": 0.2}, ""labor_market"": {""country_opportunity"": 0.2, ""friendliness"": 0.15, ""labor_demand"": 0.45, ""program_fit"": 0.2}, ""recruitment"": {""country_opportunity"": 0.4, ""friendliness"": 0.3, ""labor_demand"": 0.1, ""program_fit"": 0.2}}",uncertainty_adjusted_management_priority_index_not_predicted_student_count,not_identified_ex_ante,,,,"incremental qualified applications, offers and enrolments attributable to the recruitment intervention",requires_prospective_campaign_evaluation,24,pre_registered_country_program_campaign_with_matched_comparison_or_stepped_wedge_rollout,qualified_leads;applications;offers;enrolments;yield;cost_per_enrolment,regularized_relative_demand_signal_from_overlapping_queries_not_unique_vacancies,ppml_russia_inbound_structural_allocation_v3;friendliness_receptivity_ex_ante_v3;trudvsem_program_demand_v4;mgimo_program_profiles,calculated_uncertainty_aware_scenario_ensemble,targeted_digital_campaign_with_local_partner_validation,39,40.0,23.0,65.0,23.0,23.0,65.0,42.0
country_program_priority_evidence_v4,AZE,Azerbaijan,Europe & Central Asia,digital_analytics,digital_analytics,Цифровая аналитика и Data/AI,english_plus_russian_preparatory_year,No broad Russian or English functional-language signal is available in CLDR.,15116.55996574624,15116.55996574624,8152.10522003389,13587.33892593225,18211.214328846352,1.0,1.0,5965.0,2023,22566.206974708322,22566.206974708322,7449.6470089620825,100.0,100.0,100.0,100.0,point_score multiplied by probability of positive structural gap,65.98981332659201,38.489813326592014,93.48981332659201,0.45,limited,False,51.329791009164815,"{""digital_finance_business_informatics"": 0.5506126980610637, ""economic_legal"": 0.3640387582139859}",calculated_from_existing_mgimo_country_profile_scores,57.83576220146514,37.1936785476967,76.96065573742321,3,0,68.67821628738578,73.43849099656222,64.64465752205035,64.49759821657628,66.66143690471807,66.66143690471807,64.49759821657628,73.43849099656222,64.49759821657628,73.43849099656222,8.940892779985944,49.165632774181525,83.74521876969212,34.57958599551059,B_targeted_validation,"{""academic_fit"": 64.49759821657628, ""balanced"": 68.67821628738578, ""labor_market"": 64.64465752205035, ""recruitment"": 73.43849099656222}","{""academic_fit"": 55.84284104178606, ""balanced"": 54.27743315213096, ""labor_market"": 49.165632774181525, ""recruitment"": 60.02078191842004}","{""academic_fit"": 70.84106652505594, ""balanced"": 80.05057976203894, ""labor_market"": 77.25817005708092, ""recruitment"": 83.74521876969212}","{""academic_fit"": {""country_opportunity"": 0.25, ""friendliness"": 0.15, ""labor_demand"": 0.15, ""program_fit"": 0.45}, ""balanced"": {""country_opportunity"": 0.3, ""friendliness"": 0.2, ""labor_demand"": 0.3, ""program_fit"": 0.2}, ""labor_market"": {""country_opportunity"": 0.2, ""friendliness"": 0.15, ""labor_demand"": 0.45, ""program_fit"": 0.2}, ""recruitment"": {""country_opportunity"": 0.4, ""friendliness"": 0.3, ""labor_demand"": 0.1, ""program_fit"": 0.2}}",uncertainty_adjusted_management_priority_index_not_predicted_student_count,not_identified_ex_ante,,,,"incremental qualified applications, offers and enrolments attributable to the recruitment intervention",requires_prospective_campaign_evaluation,24,pre_registered_country_program_campaign_with_matched_comparison_or_stepped_wedge_rollout,qualified_leads;applications;offers;enrolments;yield;cost_per_enrolment,regularized_relative_demand_signal_from_overlapping_queries_not_unique_vacancies,ppml_russia_inbound_structural_allocation_v3;friendliness_receptivity_ex_ante_v3;trudvsem_program_demand_v4;mgimo_program_profiles,calculated_uncertainty_aware_scenario_ensemble,digital_recruitment_scholarship_and_olympiad,40,36.0,17.0,62.0,28.0,17.0,62.0,45.0
country_program_priority_evidence_v4,KWT,Kuwait,Middle East & North Africa,digital_analytics,digital_analytics,Цифровая аналитика и Data/AI,english_plus_russian_preparatory_year,No broad Russian or English functional-language signal is available in CLDR.,426.5126688777632,426.5126688777632,166.10656193694516,401.9018406801363,914.5455521053923,1.0,0.6533333333333333,8.0,2023,432.95179611668044,432.95179611668044,6.439127238917247,86.88564352408495,86.88564352408495,73.41313797911597,97.8078518624332,point_score multiplied by probability of positive structural gap,63.39358801580428,35.893588015804276,90.89358801580428,0.45,limited,False,58.989951838628066,"{""digital_finance_business_informatics"": 0.5941730167153727, ""economic_legal"": 0.572805525069912}",calculated_from_existing_mgimo_country_profile_scores,57.83576220146514,37.1936785476967,76.96065573742321,3,0,67.16308713108732,70.54698040017612,64.2307410738009,65.85155621970802,66.50732167539766,66.50732167539766,64.2307410738009,70.54698040017612,64.2307410738009,70.54698040017612,6.316239326375225,47.05037147019549,84.60266097592239,37.5522895057269,B_targeted_validation,"{""academic_fit"": 65.85155621970802, ""balanced"": 67.16308713108732, ""labor_market"": 64.2307410738009, ""recruitment"": 70.54698040017612}","{""academic_fit"": 54.458756345176475, ""balanced"": 50.20845295408915, ""labor_market"": 47.05037147019549, ""recruitment"": 53.4858119978894}","{""academic_fit"": 74.6080905923621, ""balanced"": 81.27396600615462, ""labor_market"": 78.72077649030146, ""recruitment"": 84.60266097592239}","{""academic_fit"": {""country_opportunity"": 0.25, ""friendliness"": 0.15, ""labor_demand"": 0.15, ""program_fit"": 0.45}, ""balanced"": {""country_opportunity"": 0.3, ""friendliness"": 0.2, ""labor_demand"": 0.3, ""program_fit"": 0.2}, ""labor_market"": {""country_opportunity"": 0.2, ""friendliness"": 0.15, ""labor_demand"": 0.45, ""program_fit"": 0.2}, ""recruitment"": {""country_opportunity"": 0.4, ""friendliness"": 0.3, ""labor_demand"": 0.1, ""program_fit"": 0.2}}",uncertainty_adjusted_management_priority_index_not_predicted_student_count,not_identified_ex_ante,,,,"incremental qualified applications, offers and enrolments attributable to the recruitment intervention",requires_prospective_campaign_evaluation,24,pre_registered_country_program_campaign_with_matched_comparison_or_stepped_wedge_rollout,qualified_leads;applications;offers;enrolments;yield;cost_per_enrolment,regularized_relative_demand_signal_from_overlapping_queries_not_unique_vacancies,ppml_russia_inbound_structural_allocation_v3;friendliness_receptivity_ex_ante_v3;trudvsem_program_demand_v4;mgimo_program_profiles,calculated_uncertainty_aware_scenario_ensemble,targeted_digital_campaign_with_local_partner_validation,41,42.0,24.0,66.0,24.0,24.0,66.0,42.0
country_program_priority_evidence_v4,BTN,Bhutan,South Asia,management_public,management_public,Управление и государственная политика,english_plus_russian_preparatory_year,No broad Russian or English functional-language signal is available in CLDR.,140.10751376544923,140.10751376544923,27.40457878184346,132.0229178729953,521.452014387838,1.0,0.06333333333333334,0.0,2023,140.10751376544923,140.10751376544923,0.0,70.98771126558162,70.98771126558162,47.99735110755962,89.76198788555648,point_score multiplied by probability of positive structural gap,63.21573955610894,35.715739556108936,90.71573955610894,0.45,limited,False,41.077898468807014,"{""diplomatic_analytic"": 0.3911610876243805, ""economic_legal"": 0.4402058302836045}",calculated_from_existing_mgimo_country_profile_scores,95.82415369148119,86.55673351637238,99.07229069328204,2,3,68.3896458724035,63.72114902893375,71.90846205022024,57.525621056468246,66.05539745066864,66.05539745066864,57.525621056468246,71.90846205022024,57.525621056468246,71.90846205022024,14.38284099375199,45.73441354590412,80.64511093993639,34.91069739403227,B_targeted_validation,"{""academic_fit"": 57.525621056468246, ""balanced"": 68.3896458724035, ""labor_market"": 71.90846205022024, ""recruitment"": 63.72114902893375}","{""academic_fit"": 47.327914747228746, ""balanced"": 52.86868841822897, ""labor_market"": 58.51700564347282, ""recruitment"": 45.73441354590412}","{""academic_fit"": 64.6238163556442, ""balanced"": 79.51399260759004, ""labor_market"": 80.64511093993639, ""recruitment"": 78.05766936482536}","{""academic_fit"": {""country_opportunity"": 0.25, ""friendliness"": 0.15, ""labor_demand"": 0.15, ""program_fit"": 0.45}, ""balanced"": {""country_opportunity"": 0.3, ""friendliness"": 0.2, ""labor_demand"": 0.3, ""program_fit"": 0.2}, ""labor_market"": {""country_opportunity"": 0.2, ""friendliness"": 0.15, ""labor_demand"": 0.45, ""program_fit"": 0.2}, ""recruitment"": {""country_opportunity"": 0.4, ""friendliness"": 0.3, ""labor_demand"": 0.1, ""program_fit"": 0.2}}",uncertainty_adjusted_management_priority_index_not_predicted_student_count,not_identified_ex_ante,,,,"incremental qualified applications, offers and enrolments attributable to the recruitment intervention",requires_prospective_campaign_evaluation,24,pre_registered_country_program_campaign_with_matched_comparison_or_stepped_wedge_rollout,qualified_leads;applications;offers;enrolments;yield;cost_per_enrolment,regularized_relative_demand_signal_from_overlapping_queries_not_unique_vacancies,ppml_russia_inbound_structural_allocation_v3;friendliness_receptivity_ex_ante_v3;trudvsem_program_demand_v4;mgimo_program_profiles,calculated_uncertainty_aware_scenario_ensemble,employer_linked_program_campaign_and_case_competitions,42,37.0,58.0,28.0,48.0,28.0,58.0,30.0
country_program_priority_evidence_v4,BIH,Bosnia and Herzegovina,Europe & Central Asia,digital_analytics,digital_analytics,Цифровая аналитика и Data/AI,english_with_optional_russian_preparatory_module,CLDR indicates a material functional English-language environment.,476.02545396448784,476.02545396448784,100.21274267780932,430.9251875292698,1327.387180204779,1.0,0.6616666666666666,74.0,2023,545.5627494733623,545.5627494733623,69.53729550887442,88.45736179088952,88.45736179088952,66.22178952691061,100.0,point_score multiplied by probability of positive structural gap,59.629219773256196,32.129219773256196,87.12921977325621,0.45,limited,False,57.27775903816802,"{""digital_finance_business_informatics"": 0.5999284567269082, ""economic_legal"": 0.4641741250007679}",calculated_from_existing_mgimo_country_profile_scores,57.83576220146514,37.1936785476967,76.96065573742321,3,0,66.32737836145864,69.3736207153623,63.51017827850056,64.7004694502655,65.51392390586207,65.51392390586207,63.51017827850056,69.3736207153623,63.51017827850056,69.3736207153623,5.863442436861746,45.103377012974015,83.7975401663851,38.69416315341109,B_targeted_validation,"{""academic_fit"": 64.7004694502655, ""balanced"": 66.32737836145864, ""labor_market"": 63.51017827850056, ""recruitment"": 69.3736207153623}","{""academic_fit"": 51.56592678822025, ""balanced"": 47.38838454500825, ""labor_market"": 45.103377012974015, ""recruitment"": 49.436274386450165}","{""academic_fit"": 73.58419794460393, ""balanced"": 80.6607465176007, ""labor_market"": 78.11877528324739, ""recruitment"": 83.7975401663851}","{""academic_fit"": {""country_opportunity"": 0.25, ""friendliness"": 0.15, ""labor_demand"": 0.15, ""program_fit"": 0.45}, ""balanced"": {""country_opportunity"": 0.3, ""friendliness"": 0.2, ""labor_demand"": 0.3, ""program_fit"": 0.2}, ""labor_market"": {""country_opportunity"": 0.2, ""friendliness"": 0.15, ""labor_demand"": 0.45, ""program_fit"": 0.2}, ""recruitment"": {""country_opportunity"": 0.4, ""friendliness"": 0.3, ""labor_demand"": 0.1, ""program_fit"": 0.2}}",uncertainty_adjusted_management_priority_index_not_predicted_student_count,not_identified_ex_ante,,,,"incremental qualified applications, offers and enrolments attributable to the recruitment intervention",requires_prospective_campaign_evaluation,24,pre_registered_country_program_campaign_with_matched_comparison_or_stepped_wedge_rollout,qualified_leads;applications;offers;enrolments;yield;cost_per_enrolment,regularized_relative_demand_signal_from_overlapping_queries_not_unique_vacancies,ppml_russia_inbound_structural_allocation_v3;friendliness_receptivity_ex_ante_v3;trudvsem_program_demand_v4;mgimo_program_profiles,calculated_uncertainty_aware_scenario_ensemble,targeted_digital_campaign_with_local_partner_validation,43,46.0,30.0,73.0,27.0,27.0,73.0,46.0
country_program_priority_evidence_v4,QAT,Qatar,Middle East & North Africa,digital_analytics,digital_analytics,Цифровая аналитика и Data/AI,english_plus_russian_preparatory_year,No broad Russian or English functional-language signal is available in CLDR.,181.741219289879,181.741219289879,63.374058751366526,164.42780274329073,405.2775387971988,1.0,0.05,7.0,2023,188.09570631430216,188.09570631430216,6.354487024423151,74.69590716206966,74.69590716206966,59.73168254284648,86.15493872150051,point_score multiplied by probability of positive structural gap,63.28068332224216,35.780683322242155,90.78068332224217,0.45,limited,False,63.45495636621682,"{""digital_finance_business_informatics"": 0.6384705490285852, ""economic_legal"": 0.6188656221964999}",calculated_from_existing_mgimo_country_profile_scores,57.83576220146514,37.1936785476967,76.96065573742321,3,0,65.12685726452638,67.38250202514558,63.225906550188306,65.50438137101861,65.3156193177725,65.3156193177725,63.225906550188306,67.38250202514558,63.225906550188306,67.38250202514558,4.156595474957278,45.80913503009229,81.59426320093594,35.78512817084365,B_targeted_validation,"{""academic_fit"": 65.50438137101861, ""balanced"": 65.12685726452638, ""labor_market"": 63.225906550188306, ""recruitment"": 67.38250202514558}","{""academic_fit"": 53.436682767948305, ""balanced"": 47.89342426776428, ""labor_market"": 45.80913503009229, ""recruitment"": 49.97825655985017}","{""academic_fit"": 74.66395406588767, ""balanced"": 79.38352740982889, ""labor_market"": 77.86547744132743, ""recruitment"": 81.59426320093594}","{""academic_fit"": {""country_opportunity"": 0.25, ""friendliness"": 0.15, ""labor_demand"": 0.15, ""program_fit"": 0.45}, ""balanced"": {""country_opportunity"": 0.3, ""friendliness"": 0.2, ""labor_demand"": 0.3, ""program_fit"": 0.2}, ""labor_market"": {""country_opportunity"": 0.2, ""friendliness"": 0.15, ""labor_demand"": 0.45, ""program_fit"": 0.2}, ""recruitment"": {""country_opportunity"": 0.4, ""friendliness"": 0.3, ""labor_demand"": 0.1, ""program_fit"": 0.2}}",uncertainty_adjusted_management_priority_index_not_predicted_student_count,not_identified_ex_ante,,,,"incremental qualified applications, offers and enrolments attributable to the recruitment intervention",requires_prospective_campaign_evaluation,24,pre_registered_country_program_campaign_with_matched_comparison_or_stepped_wedge_rollout,qualified_leads;applications;offers;enrolments;yield;cost_per_enrolment,regularized_relative_demand_signal_from_overlapping_queries_not_unique_vacancies,ppml_russia_inbound_structural_allocation_v3;friendliness_receptivity_ex_ante_v3;trudvsem_program_demand_v4;mgimo_program_profiles,calculated_uncertainty_aware_scenario_ensemble,targeted_digital_campaign_with_local_partner_validation,44,51.0,41.0,77.0,25.0,25.0,77.0,52.0
country_program_priority_evidence_v4,BTN,Bhutan,South Asia,languages_regional,languages_regional,Иностранные языки и регионоведение,english_plus_russian_preparatory_year_plus_target_region_language,No broad Russian or English functional-language signal is available in CLDR.,140.10751376544923,140.10751376544923,27.40457878184346,132.0229178729953,521.452014387838,1.0,0.06333333333333334,0.0,2023,140.10751376544923,140.10751376544923,0.0,70.98771126558162,70.98771126558162,47.99735110755962,89.76198788555648,point_score multiplied by probability of positive structural gap,63.21573955610894,35.715739556108936,90.71573955610894,0.45,limited,False,40.09700361562253,"{""diplomatic_analytic"": 0.3911610876243805, ""economic_legal"": 0.4402058302836045}",calculated_from_existing_mgimo_country_profile_scores,90.84379582436037,85.35385228314937,94.68543083289845,2,1,66.99793433041718,63.08722627112974,69.88934582630586,56.46918061800284,65.04258030077347,65.04258030077347,56.46918061800284,69.88934582630586,56.46918061800284,69.88934582630586,13.420165208303018,45.45624472061206,78.66266507928601,33.20642035867395,B_targeted_validation,"{""academic_fit"": 56.46918061800284, ""balanced"": 66.99793433041718, ""labor_market"": 69.88934582630586, ""recruitment"": 63.08722627112974}","{""academic_fit"": 46.73114773439935, ""balanced"": 52.4019453079581, ""labor_market"": 57.8801693004691, ""recruitment"": 45.45624472061206}","{""academic_fit"": 63.513003494955264, ""balanced"": 78.08261998158166, ""labor_market"": 78.66266507928601, ""recruitment"": 77.3428196768435}","{""academic_fit"": {""country_opportunity"": 0.25, ""friendliness"": 0.15, ""labor_demand"": 0.15, ""program_fit"": 0.45}, ""balanced"": {""country_opportunity"": 0.3, ""friendliness"": 0.2, ""labor_demand"": 0.3, ""program_fit"": 0.2}, ""labor_market"": {""country_opportunity"": 0.2, ""friendliness"": 0.15, ""labor_demand"": 0.45, ""program_fit"": 0.2}, ""recruitment"": {""country_opportunity"": 0.4, ""friendliness"": 0.3, ""labor_demand"": 0.1, ""program_fit"": 0.2}}",uncertainty_adjusted_management_priority_index_not_predicted_student_count,not_identified_ex_ante,,,,"incremental qualified applications, offers and enrolments attributable to the recruitment intervention",requires_prospective_campaign_evaluation,24,pre_registered_country_program_campaign_with_matched_comparison_or_stepped_wedge_rollout,qualified_leads;applications;offers;enrolments;yield;cost_per_enrolment,regularized_relative_demand_signal_from_overlapping_queries_not_unique_vacancies,ppml_russia_inbound_structural_allocation_v3;friendliness_receptivity_ex_ante_v3;trudvsem_program_demand_v4;mgimo_program_profiles,calculated_uncertainty_aware_scenario_ensemble,employer_linked_program_campaign_and_case_competitions,45,43.0,62.0,33.0,53.0,33.0,62.0,29.0
country_program_priority_evidence_v4,PHL,Philippines,East Asia & Pacific,digital_analytics,digital_analytics,Цифровая аналитика и Data/AI,english_with_optional_russian_preparatory_module,CLDR indicates a material functional English-language environment.,484.6717004001166,484.6717004001166,143.8475030575797,449.92736014501145,1267.60317230366,1.0,0.835,17.0,2023,506.4046398544305,506.4046398544305,21.732939454313914,88.71499361028283,88.71499361028283,71.3628978535519,100.0,point_score multiplied by probability of positive structural gap,63.19143211840076,35.691432118400755,90.69143211840075,0.45,limited,False,53.96809944758826,"{""digital_finance_business_informatics"": 0.5678518476043667, ""economic_legal"": 0.4269975819619459}",calculated_from_existing_mgimo_country_profile_scores,57.83576220146514,37.1936785476967,76.96065573742321,3,0,66.3663767025894,69.83192926401478,63.348153313220955,63.608107695388405,64.98724219898891,64.98724219898891,63.348153313220955,69.83192926401478,63.348153313220955,69.83192926401478,6.48377595079382,45.939348292175694,83.81379299613019,37.874444703954495,B_targeted_validation,"{""academic_fit"": 63.608107695388405, ""balanced"": 66.3663767025894, ""labor_market"": 63.348153313220955, ""recruitment"": 69.83192926401478}","{""academic_fit"": 51.95063509211033, ""balanced"": 48.87265524053742, ""labor_market"": 45.939348292175694, ""recruitment"": 51.88904747342671}","{""academic_fit"": 72.10069152965983, ""balanced"": 80.35734491675917, ""labor_market"": 77.67089796681921, ""recruitment"": 83.81379299613019}","{""academic_fit"": {""country_opportunity"": 0.25, ""friendliness"": 0.15, ""labor_demand"": 0.15, ""program_fit"": 0.45}, ""balanced"": {""country_opportunity"": 0.3, ""friendliness"": 0.2, ""labor_demand"": 0.3, ""program_fit"": 0.2}, ""labor_market"": {""country_opportunity"": 0.2, ""friendliness"": 0.15, ""labor_demand"": 0.45, ""program_fit"": 0.2}, ""recruitment"": {""country_opportunity"": 0.4, ""friendliness"": 0.3, ""labor_demand"": 0.1, ""program_fit"": 0.2}}",uncertainty_adjusted_management_priority_index_not_predicted_student_count,not_identified_ex_ante,,,,"incremental qualified applications, offers and enrolments attributable to the recruitment intervention",requires_prospective_campaign_evaluation,24,pre_registered_country_program_campaign_with_matched_comparison_or_stepped_wedge_rollout,qualified_leads;applications;offers;enrolments;yield;cost_per_enrolment,regularized_relative_demand_signal_from_overlapping_queries_not_unique_vacancies,ppml_russia_inbound_structural_allocation_v3;friendliness_receptivity_ex_ante_v3;trudvsem_program_demand_v4;mgimo_program_profiles,calculated_uncertainty_aware_scenario_ensemble,targeted_digital_campaign_with_local_partner_validation,46,45.0,27.0,75.0,32.0,27.0,75.0,48.0
country_program_priority_evidence_v4,VEN,"Venezuela, Bolivarian Republic of",Latin America & Caribbean,languages_regional,languages_regional,Иностранные языки и регионоведение,english_plus_russian_preparatory_year_plus_target_region_language,No broad Russian or English functional-language signal is available in CLDR.,735.3116014831353,735.3116014831353,140.5942067213212,668.9637176868814,1953.146147813945,0.9983333333333333,0.885,153.0,2023,886.8145213958945,886.8145213958945,151.5029199127592,94.6831340853919,94.52532886191624,71.03709420528718,100.0,point_score multiplied by probability of positive structural gap,66.4158160638801,38.9158160638801,93.91581606388011,0.45,limited,False,22.437162480900643,"{""diplomatic_analytic"": 0.2430706443686836, ""economic_legal"": 0.1495755465702976}",calculated_from_existing_mgimo_country_profile_scores,90.84379582436037,85.35385228314937,94.68543083289845,2,1,65.8207007090589,64.0679119763174,66.58402291363417,47.417348853865434,64.94430634268815,64.94430634268815,47.417348853865434,66.58402291363417,47.417348853865434,66.58402291363417,19.166674059768738,40.47053503833744,72.89107233363006,32.420537295292625,B_targeted_validation,"{""academic_fit"": 47.417348853865434, ""balanced"": 65.8207007090589, ""labor_market"": 66.58402291363417, ""recruitment"": 64.0679119763174}","{""academic_fit"": 40.47053503833744, ""balanced"": 53.46136038641537, ""labor_market"": 56.580840415327295, ""recruitment"": 48.60195984627867}","{""academic_fit"": 50.926507537859436, ""balanced"": 72.55669743813759, ""labor_market"": 72.19469941652186, ""recruitment"": 72.89107233363006}","{""academic_fit"": {""country_opportunity"": 0.25, ""friendliness"": 0.15, ""labor_demand"": 0.15, ""program_fit"": 0.45}, ""balanced"": {""country_opportunity"": 0.3, ""friendliness"": 0.2, ""labor_demand"": 0.3, ""program_fit"": 0.2}, ""labor_market"": {""country_opportunity"": 0.2, ""friendliness"": 0.15, ""labor_demand"": 0.45, ""program_fit"": 0.2}, ""recruitment"": {""country_opportunity"": 0.4, ""friendliness"": 0.3, ""labor_demand"": 0.1, ""program_fit"": 0.2}}",uncertainty_adjusted_management_priority_index_not_predicted_student_count,not_identified_ex_ante,,,,"incremental qualified applications, offers and enrolments attributable to the recruitment intervention",requires_prospective_campaign_evaluation,24,pre_registered_country_program_campaign_with_matched_comparison_or_stepped_wedge_rollout,qualified_leads;applications;offers;enrolments;yield;cost_per_enrolment,regularized_relative_demand_signal_from_overlapping_queries_not_unique_vacancies,ppml_russia_inbound_structural_allocation_v3;friendliness_receptivity_ex_ante_v3;trudvsem_program_demand_v4;mgimo_program_profiles,calculated_uncertainty_aware_scenario_ensemble,employer_linked_program_campaign_and_case_competitions,47,49.0,55.0,48.0,112.0,48.0,112.0,64.0
country_program_priority_evidence_v4,PAK,Pakistan,Middle East & North Africa,management_public,management_public,Управление и государственная политика,english_with_optional_russian_preparatory_module,CLDR indicates a material functional English-language environment.,11806.213649600293,11806.213649600293,3534.5364509578976,11024.532333639392,28349.029150718372,1.0,1.0,636.0,2023,12249.822004136931,12249.822004136931,443.6083545366385,100.0,100.0,100.0,100.0,point_score multiplied by probability of positive structural gap,66.37628425283746,38.876284252837465,93.87628425283748,0.45,limited,False,19.16324494832083,"{""diplomatic_analytic"": 0.1887783803350121, ""economic_legal"": 0.1959135532055026}",calculated_from_existing_mgimo_country_profile_scores,95.82415369148119,86.55673351637238,99.07229069328204,2,3,65.97564545633516,63.89542288349075,66.89962971415979,45.288170436243256,64.93553416991296,64.93553416991296,45.288170436243256,66.89962971415979,45.288170436243256,66.89962971415979,21.61145927791653,41.23460099741545,71.4775840376866,30.24298304027115,B_targeted_validation,"{""academic_fit"": 45.288170436243256, ""balanced"": 65.97564545633516, ""labor_market"": 66.89962971415979, ""recruitment"": 63.89542288349075}","{""academic_fit"": 41.23460099741545, ""balanced"": 57.63906476780453, ""labor_market"": 59.10068119455274, ""recruitment"": 54.04588352996197}","{""academic_fit"": 47.91063066754843, ""balanced"": 71.35309395834895, ""labor_market"": 71.4775840376866, ""recruitment"": 71.03918090911073}","{""academic_fit"": {""country_opportunity"": 0.25, ""friendliness"": 0.15, ""labor_demand"": 0.15, ""program_fit"": 0.45}, ""balanced"": {""country_opportunity"": 0.3, ""friendliness"": 0.2, ""labor_demand"": 0.3, ""program_fit"": 0.2}, ""labor_market"": {""country_opportunity"": 0.2, ""friendliness"": 0.15, ""labor_demand"": 0.45, ""program_fit"": 0.2}, ""recruitment"": {""country_opportunity"": 0.4, ""friendliness"": 0.3, ""labor_demand"": 0.1, ""program_fit"": 0.2}}",uncertainty_adjusted_management_priority_index_not_predicted_student_count,not_identified_ex_ante,,,,"incremental qualified applications, offers and enrolments attributable to the recruitment intervention",requires_prospective_campaign_evaluation,24,pre_registered_country_program_campaign_with_matched_comparison_or_stepped_wedge_rollout,qualified_leads;applications;offers;enrolments;yield;cost_per_enrolment,regularized_relative_demand_signal_from_overlapping_queries_not_unique_vacancies,ppml_russia_inbound_structural_allocation_v3;friendliness_receptivity_ex_ante_v3;trudvsem_program_demand_v4;mgimo_program_profiles,calculated_uncertainty_aware_scenario_ensemble,employer_linked_program_campaign_and_case_competitions,48,47.0,56.0,46.0,128.0,46.0,128.0,82.0
country_program_priority_evidence_v4,THA,Thailand,East Asia & Pacific,digital_analytics,digital_analytics,Цифровая аналитика и Data/AI,english_with_optional_russian_preparatory_module,CLDR indicates a material functional English-language environment.,222.9823261229627,222.9823261229627,-35.88656602940428,196.96835921580674,897.5067334467701,0.915,0.12,130.0,2023,362.23276640299105,362.23276640299105,139.25044028002836,77.61451665790797,71.0172827419858,0.0,97.53841789027449,point_score multiplied by probability of positive structural gap,63.36552884934288,35.86552884934287,90.86552884934288,0.45,limited,False,64.41862220980187,"{""digital_finance_business_informatics"": 0.6582287035376625, ""economic_legal"": 0.5880162963394429}",calculated_from_existing_mgimo_country_profile_scores,57.83576220146514,37.1936785476967,76.96065573742321,3,0,64.36844353470642,66.27561070372127,62.79757527123707,65.1399835877011,64.75421356120376,64.75421356120376,62.79757527123707,66.27561070372127,62.79757527123707,66.27561070372127,3.478035432484198,9.705193400500411,85.97941008901213,76.27421668851173,C_monitor_and_test,"{""academic_fit"": 65.1399835877011, ""balanced"": 64.36844353470642, ""labor_market"": 62.79757527123707, ""recruitment"": 66.27561070372127}","{""academic_fit"": 19.276849054716102, ""balanced"": 14.019755673121074, ""labor_market"": 20.21660123945851, ""recruitment"": 9.705193400500411}","{""academic_fit"": 77.51751801021099, ""balanced"": 82.62162668627533, ""labor_market"": 80.04917793740626, ""recruitment"": 85.97941008901213}","{""academic_fit"": {""country_opportunity"": 0.25, ""friendliness"": 0.15, ""labor_demand"": 0.15, ""program_fit"": 0.45}, ""balanced"": {""country_opportunity"": 0.3, ""friendliness"": 0.2, ""labor_demand"": 0.3, ""program_fit"": 0.2}, ""labor_market"": {""country_opportunity"": 0.2, ""friendliness"": 0.15, ""labor_demand"": 0.45, ""program_fit"": 0.2}, ""recruitment"": {""country_opportunity"": 0.4, ""friendliness"": 0.3, ""labor_demand"": 0.1, ""program_fit"": 0.2}}",uncertainty_adjusted_management_priority_index_not_predicted_student_count,not_identified_ex_ante,,,,"incremental qualified applications, offers and enrolments attributable to the recruitment intervention",requires_prospective_campaign_evaluation,24,pre_registered_country_program_campaign_with_matched_comparison_or_stepped_wedge_rollout,qualified_leads;applications;offers;enrolments;yield;cost_per_enrolment,regularized_relative_demand_signal_from_overlapping_queries_not_unique_vacancies,ppml_russia_inbound_structural_allocation_v3;friendliness_receptivity_ex_ante_v3;trudvsem_program_demand_v4;mgimo_program_profiles,calculated_uncertainty_aware_scenario_ensemble,targeted_digital_campaign_with_local_partner_validation,49,56.0,50.0,81.0,26.0,26.0,81.0,55.0
country_program_priority_evidence_v4,VEN,"Venezuela, Bolivarian Republic of",Latin America & Caribbean,management_public,management_public,Управление и государственная политика,english_plus_russian_preparatory_year,No broad Russian or English functional-language signal is available in CLDR.,735.3116014831353,735.3116014831353,140.5942067213212,668.9637176868814,1953.146147813945,0.9983333333333333,0.885,153.0,2023,886.8145213958945,886.8145213958945,151.5029199127592,94.6831340853919,94.52532886191624,71.03709420528718,100.0,point_score multiplied by probability of positive structural gap,66.4158160638801,38.9158160638801,93.91581606388011,0.45,limited,False,20.56726052493292,"{""diplomatic_analytic"": 0.2430706443686836, ""economic_legal"": 0.1495755465702976}",calculated_from_existing_mgimo_country_profile_scores,95.82415369148119,86.55673351637238,99.07229069328204,2,3,65.76891202594207,63.34494296908759,67.06072898945226,46.03920656724876,64.55692749751483,64.55692749751483,46.03920656724876,67.06072898945226,46.03920656724876,67.06072898945226,21.021522422203496,39.06524931439174,72.45092160758514,33.3856722931934,B_targeted_validation,"{""academic_fit"": 46.03920656724876, ""balanced"": 65.76891202594207, ""labor_market"": 67.06072898945226, ""recruitment"": 63.34494296908759}","{""academic_fit"": 39.06524931439174, ""balanced"": 52.7983495337894, ""labor_market"": 55.99521418369855, ""recruitment"": 47.86659737233007}","{""academic_fit"": 49.38721957684083, ""balanced"": 72.32624276747018, ""labor_market"": 72.45092160758514, ""recruitment"": 72.01104819161023}","{""academic_fit"": {""country_opportunity"": 0.25, ""friendliness"": 0.15, ""labor_demand"": 0.15, ""program_fit"": 0.45}, ""balanced"": {""country_opportunity"": 0.3, ""friendliness"": 0.2, ""labor_demand"": 0.3, ""program_fit"": 0.2}, ""labor_market"": {""country_opportunity"": 0.2, ""friendliness"": 0.15, ""labor_demand"": 0.45, ""program_fit"": 0.2}, ""recruitment"": {""country_opportunity"": 0.4, ""friendliness"": 0.3, ""labor_demand"": 0.1, ""program_fit"": 0.2}}",uncertainty_adjusted_management_priority_index_not_predicted_student_count,not_identified_ex_ante,,,,"incremental qualified applications, offers and enrolments attributable to the recruitment intervention",requires_prospective_campaign_evaluation,24,pre_registered_country_program_campaign_with_matched_comparison_or_stepped_wedge_rollout,qualified_leads;applications;offers;enrolments;yield;cost_per_enrolment,regularized_relative_demand_signal_from_overlapping_queries_not_unique_vacancies,ppml_russia_inbound_structural_allocation_v3;friendliness_receptivity_ex_ante_v3;trudvsem_program_demand_v4;mgimo_program_profiles,calculated_uncertainty_aware_scenario_ensemble,employer_linked_program_campaign_and_case_competitions,50,50.0,60.0,43.0,122.0,43.0,122.0,79.0
country_program_priority_evidence_v4,LBY,Libya,Middle East & North Africa,management_public,management_public,Управление и государственная политика,english_plus_russian_preparatory_year,No broad Russian or English functional-language signal is available in CLDR.,287.10959005626876,287.10959005626876,43.57381763289008,261.54223974197225,841.9215487717062,0.9983333333333333,0.23666666666666666,65.0,2023,349.4553508380682,349.4553508380682,62.345760781799484,81.22554093396256,81.09016503240595,54.459954567457025,96.6225118599619,point_score multiplied by probability of positive structural gap,63.668003184761545,36.168003184761545,91.16800318476155,0.45,limited,False,28.582846961292653,"{""diplomatic_analytic"": 0.3129937011442545, ""economic_legal"": 0.2450806223159346}",calculated_from_existing_mgimo_country_profile_scores,95.82415369148119,86.55673351637238,99.07229069328204,2,3,66.39065621702467,62.720321719014414,68.87172050026561,50.7832355473037,64.55548896801955,64.55548896801955,50.7832355473037,68.87172050026561,50.7832355473037,68.87172050026561,18.088484952961913,41.73595022316846,76.31762917694054,34.581678953772084,B_targeted_validation,"{""academic_fit"": 50.7832355473037, ""balanced"": 66.39065621702467, ""labor_market"": 68.87172050026561, ""recruitment"": 62.720321719014414}","{""academic_fit"": 41.73595022316846, ""balanced"": 51.26266541000517, ""labor_market"": 56.00647041570155, ""recruitment"": 44.952944839803735}","{""academic_fit"": 56.20412729676352, ""balanced"": 75.81616294852981, ""labor_market"": 76.31762917694054, ""recruitment"": 75.0087707866001}","{""academic_fit"": {""country_opportunity"": 0.25, ""friendliness"": 0.15, ""labor_demand"": 0.15, ""program_fit"": 0.45}, ""balanced"": {""country_opportunity"": 0.3, ""friendliness"": 0.2, ""labor_demand"": 0.3, ""program_fit"": 0.2}, ""labor_market"": {""country_opportunity"": 0.2, ""friendliness"": 0.15, ""labor_demand"": 0.45, ""program_fit"": 0.2}, ""recruitment"": {""country_opportunity"": 0.4, ""friendliness"": 0.3, ""labor_demand"": 0.1, ""program_fit"": 0.2}}",uncertainty_adjusted_management_priority_index_not_predicted_student_count,not_identified_ex_ante,,,,"incremental qualified applications, offers and enrolments attributable to the recruitment intervention",requires_prospective_campaign_evaluation,24,pre_registered_country_program_campaign_with_matched_comparison_or_stepped_wedge_rollout,qualified_leads;applications;offers;enrolments;yield;cost_per_enrolment,regularized_relative_demand_signal_from_overlapping_queries_not_unique_vacancies,ppml_russia_inbound_structural_allocation_v3;friendliness_receptivity_ex_ante_v3;trudvsem_program_demand_v4;mgimo_program_profiles,calculated_uncertainty_aware_scenario_ensemble,employer_linked_program_campaign_and_case_competitions,51,44.0,64.0,35.0,84.0,35.0,84.0,49.0
country_program_priority_evidence_v4,LBY,Libya,Middle East & North Africa,languages_regional,languages_regional,Иностранные языки и регионоведение,english_plus_russian_preparatory_year_plus_target_region_language,No broad Russian or English functional-language signal is available in CLDR.,287.10959005626876,287.10959005626876,43.57381763289008,261.54223974197225,841.9215487717062,0.9983333333333333,0.23666666666666666,65.0,2023,349.4553508380682,349.4553508380682,62.345760781799484,81.22554093396256,81.09016503240595,54.459954567457025,96.6225118599619,point_score multiplied by probability of positive structural gap,63.668003184761545,36.168003184761545,91.16800318476155,0.45,limited,False,29.94110853785906,"{""diplomatic_analytic"": 0.3129937011442545, ""economic_legal"": 0.2450806223159346}",calculated_from_existing_mgimo_country_profile_scores,90.84379582436037,85.35385228314937,94.68543083289845,2,1,65.93651302129797,62.95265765603898,67.86093895918573,51.41069096826407,64.44458533866847,64.44458533866847,51.41069096826407,67.86093895918573,51.41069096826407,67.86093895918573,16.45024799092166,42.49934988400354,75.47803308925587,32.97868320525233,B_targeted_validation,"{""academic_fit"": 51.41069096826407, ""balanced"": 65.93651302129797, ""labor_market"": 67.86093895918573, ""recruitment"": 62.95265765603898}","{""academic_fit"": 42.49934988400354, ""balanced"": 51.51076666222748, ""labor_market"": 56.16087412165825, ""recruitment"": 45.29565502325658}","{""academic_fit"": 56.96671299334957, ""balanced"": 75.47803308925587, ""labor_market"": 75.46810412167547, ""recruitment"": 75.34673304817282}","{""academic_fit"": {""country_opportunity"": 0.25, ""friendliness"": 0.15, ""labor_demand"": 0.15, ""program_fit"": 0.45}, ""balanced"": {""country_opportunity"": 0.3, ""friendliness"": 0.2, ""labor_demand"": 0.3, ""program_fit"": 0.2}, ""labor_market"": {""country_opportunity"": 0.2, ""friendliness"": 0.15, ""labor_demand"": 0.45, ""program_fit"": 0.2}, ""recruitment"": {""country_opportunity"": 0.4, ""friendliness"": 0.3, ""labor_demand"": 0.1, ""program_fit"": 0.2}}",uncertainty_adjusted_management_priority_index_not_predicted_student_count,not_identified_ex_ante,,,,"incremental qualified applications, offers and enrolments attributable to the recruitment intervention",requires_prospective_campaign_evaluation,24,pre_registered_country_program_campaign_with_matched_comparison_or_stepped_wedge_rollout,qualified_leads;applications;offers;enrolments;yield;cost_per_enrolment,regularized_relative_demand_signal_from_overlapping_queries_not_unique_vacancies,ppml_russia_inbound_structural_allocation_v3;friendliness_receptivity_ex_ante_v3;trudvsem_program_demand_v4;mgimo_program_profiles,calculated_uncertainty_aware_scenario_ensemble,employer_linked_program_campaign_and_case_competitions,52,48.0,63.0,40.0,79.0,40.0,79.0,39.0
country_program_priority_evidence_v4,PAK,Pakistan,Middle East & North Africa,languages_regional,languages_regional,Иностранные языки и регионоведение,english_with_optional_russian_preparatory_module_plus_target_region_language,CLDR indicates a material functional English-language environment.,11806.213649600293,11806.213649600293,3534.5364509578976,11024.532333639392,28349.029150718372,1.0,1.0,636.0,2023,12249.822004136931,12249.822004136931,443.6083545366385,100.0,100.0,100.0,100.0,point_score multiplied by probability of positive structural gap,66.37628425283746,38.876284252837465,93.87628425283748,0.45,limited,False,19.020541490911018,"{""diplomatic_analytic"": 0.1887783803350121, ""economic_legal"": 0.1959135532055026}",calculated_from_existing_mgimo_country_profile_scores,90.84379582436037,85.35385228314937,94.68543083289845,2,1,64.84650302371024,63.468676037148484,65.23588287683849,44.78747931335255,64.15758953042936,64.15758953042936,44.78747931335255,65.23588287683849,44.78747931335255,65.23588287683849,20.44840356348594,41.01781749496806,70.62105832275533,29.603240827787275,B_targeted_validation,"{""academic_fit"": 44.78747931335255, ""balanced"": 64.84650302371024, ""labor_market"": 65.23588287683849, ""recruitment"": 63.468676037148484}","{""academic_fit"": 41.01781749496806, ""balanced"": 57.31887446186399, ""labor_market"": 58.650543334008276, ""recruitment"": 53.89455820953386}","{""academic_fit"": 47.4376985637443, ""balanced"": 70.30002521340136, ""labor_market"": 69.9507431126181, ""recruitment"": 70.62105832275533}","{""academic_fit"": {""country_opportunity"": 0.25, ""friendliness"": 0.15, ""labor_demand"": 0.15, ""program_fit"": 0.45}, ""balanced"": {""country_opportunity"": 0.3, ""friendliness"": 0.2, ""labor_demand"": 0.3, ""program_fit"": 0.2}, ""labor_market"": {""country_opportunity"": 0.2, ""friendliness"": 0.15, ""labor_demand"": 0.45, ""program_fit"": 0.2}, ""recruitment"": {""country_opportunity"": 0.4, ""friendliness"": 0.3, ""labor_demand"": 0.1, ""program_fit"": 0.2}}",uncertainty_adjusted_management_priority_index_not_predicted_student_count,not_identified_ex_ante,,,,"incremental qualified applications, offers and enrolments attributable to the recruitment intervention",requires_prospective_campaign_evaluation,24,pre_registered_country_program_campaign_with_matched_comparison_or_stepped_wedge_rollout,qualified_leads;applications;offers;enrolments;yield;cost_per_enrolment,regularized_relative_demand_signal_from_overlapping_queries_not_unique_vacancies,ppml_russia_inbound_structural_allocation_v3;friendliness_receptivity_ex_ante_v3;trudvsem_program_demand_v4;mgimo_program_profiles,calculated_uncertainty_aware_scenario_ensemble,employer_linked_program_campaign_and_case_competitions,53,53.0,59.0,58.0,131.0,53.0,131.0,78.0
country_program_priority_evidence_v4,VEN,"Venezuela, Bolivarian Republic of",Latin America & Caribbean,digital_analytics,digital_analytics,Цифровая аналитика и Data/AI,english_plus_russian_preparatory_year,No broad Russian or English functional-language signal is available in CLDR.,735.3116014831353,735.3116014831353,140.5942067213212,668.9637176868814,1953.146147813945,0.9983333333333333,0.885,153.0,2023,886.8145213958945,886.8145213958945,151.5029199127592,94.6831340853919,94.52532886191624,71.03709420528718,100.0,point_score multiplied by probability of positive structural gap,66.4158160638801,38.9158160638801,93.91581606388011,0.45,limited,False,40.539606700547296,"{""digital_finance_business_informatics"": 0.4693511971142668, ""economic_legal"": 0.1495755465702976}",calculated_from_existing_mgimo_country_profile_scores,57.83576220146514,37.1936785476967,76.96065573742321,3,0,64.57307067576218,68.70861528026518,61.100913427372774,57.38214911711803,62.83699205156748,62.83699205156748,57.38214911711803,68.70861528026518,57.38214911711803,68.70861528026518,11.326466163147145,43.94912786547209,80.07349337653818,36.12436551106609,B_targeted_validation,"{""academic_fit"": 57.38214911711803, ""balanced"": 64.57307067576218, ""labor_market"": 61.100913427372774, ""recruitment"": 68.70861528026518}","{""academic_fit"": 46.328284517341714, ""balanced"": 46.931496986160724, ""labor_market"": 43.94912786547209, ""recruitment"": 50.22688323457272}","{""academic_fit"": 63.892392541026744, ""balanced"": 76.50641935406937, ""labor_market"": 73.82103543758531, ""recruitment"": 80.07349337653818}","{""academic_fit"": {""country_opportunity"": 0.25, ""friendliness"": 0.15, ""labor_demand"": 0.15, ""program_fit"": 0.45}, ""balanced"": {""country_opportunity"": 0.3, ""friendliness"": 0.2, ""labor_demand"": 0.3, ""program_fit"": 0.2}, ""labor_market"": {""country_opportunity"": 0.2, ""friendliness"": 0.15, ""labor_demand"": 0.45, ""program_fit"": 0.2}, ""recruitment"": {""country_opportunity"": 0.4, ""friendliness"": 0.3, ""labor_demand"": 0.1, ""program_fit"": 0.2}}",uncertainty_adjusted_management_priority_index_not_predicted_student_count,not_identified_ex_ante,,,,"incremental qualified applications, offers and enrolments attributable to the recruitment intervention",requires_prospective_campaign_evaluation,24,pre_registered_country_program_campaign_with_matched_comparison_or_stepped_wedge_rollout,qualified_leads;applications;offers;enrolments;yield;cost_per_enrolment,regularized_relative_demand_signal_from_overlapping_queries_not_unique_vacancies,ppml_russia_inbound_structural_allocation_v3;friendliness_receptivity_ex_ante_v3;trudvsem_program_demand_v4;mgimo_program_profiles,calculated_uncertainty_aware_scenario_ensemble,digital_recruitment_scholarship_and_olympiad,54,54.0,34.0,92.0,50.0,34.0,92.0,58.0
country_program_priority_evidence_v4,BRN,Brunei Darussalam,East Asia & Pacific,management_public,management_public,Управление и государственная политика,english_plus_russian_preparatory_year,No broad Russian or English functional-language signal is available in CLDR.,27.68292137188877,27.68292137188877,1.6687296160728595,24.97722746958047,147.35972419963497,0.9916666666666667,0.0,5.0,2023,30.898809810727528,30.898809810727528,3.2158884388387574,48.13721061073633,47.7360671889802,14.078474158191256,71.70651739694688,point_score multiplied by probability of positive structural gap,63.74656018971629,36.24656018971629,91.24656018971629,0.45,limited,False,57.4392085792019,"{""diplomatic_analytic"": 0.5408859491804724, ""economic_legal"": 0.6246512907093391}",calculated_from_existing_mgimo_country_profile_scores,95.82415369148119,86.55673351637238,99.07229069328204,2,3,65.07483692897958,58.36104566763919,71.11558089868653,60.56730565558631,62.821071292282944,62.821071292282944,58.36104566763919,71.11558089868653,58.36104566763919,71.11558089868653,12.754535231047342,30.61380109231344,82.45517456874174,51.8413734764283,B_targeted_validation,"{""academic_fit"": 60.56730565558631, ""balanced"": 65.07483692897958, ""labor_market"": 71.11558089868653, ""recruitment"": 58.36104566763919}","{""academic_fit"": 40.95352417858355, ""balanced"": 39.758574937413336, ""labor_market"": 49.47481673123912, ""recruitment"": 30.61380109231344}","{""academic_fit"": 70.93793005421767, ""balanced"": 79.53818612102462, ""labor_market"": 82.45517456874174, ""recruitment"": 76.41265095049653}","{""academic_fit"": {""country_opportunity"": 0.25, ""friendliness"": 0.15, ""labor_demand"": 0.15, ""program_fit"": 0.45}, ""balanced"": {""country_opportunity"": 0.3, ""friendliness"": 0.2, ""labor_demand"": 0.3, ""program_fit"": 0.2}, ""labor_market"": {""country_opportunity"": 0.2, ""friendliness"": 0.15, ""labor_demand"": 0.45, ""program_fit"": 0.2}, ""recruitment"": {""country_opportunity"": 0.4, ""friendliness"": 0.3, ""labor_demand"": 0.1, ""program_fit"": 0.2}}",uncertainty_adjusted_management_priority_index_not_predicted_student_count,not_identified_ex_ante,,,,"incremental qualified applications, offers and enrolments attributable to the recruitment intervention",requires_prospective_campaign_evaluation,24,pre_registered_country_program_campaign_with_matched_comparison_or_stepped_wedge_rollout,qualified_leads;applications;offers;enrolments;yield;cost_per_enrolment,regularized_relative_demand_signal_from_overlapping_queries_not_unique_vacancies,ppml_russia_inbound_structural_allocation_v3;friendliness_receptivity_ex_ante_v3;trudvsem_program_demand_v4;mgimo_program_profiles,calculated_uncertainty_aware_scenario_ensemble,employer_linked_program_campaign_and_case_competitions,55,52.0,88.0,30.0,40.0,30.0,88.0,58.0
country_program_priority_evidence_v4,NIC,Nicaragua,Latin America & Caribbean,management_public,management_public,Управление и государственная политика,english_plus_russian_preparatory_year,No broad Russian or English functional-language signal is available in CLDR.,173.43749072652136,173.43749072652136,29.668119610456475,161.8210225585733,557.5759363219272,1.0,0.09,23.0,2023,188.79623730333554,188.79623730333554,15.35874657681419,74.02892266253048,74.02892266253048,49.09702550030215,90.72087968129118,point_score multiplied by probability of positive structural gap,67.31861142770944,39.81861142770944,94.81861142770944,0.45,limited,False,25.99341880949287,"{""diplomatic_analytic"": 0.254884011120441, ""economic_legal"": 0.2675094535566602}",calculated_from_existing_mgimo_country_profile_scores,95.82415369148119,86.55673351637238,99.07229069328204,2,3,64.15074982618708,60.39232773534281,66.96524635135835,48.04301637536418,62.27153878076494,62.27153878076494,48.04301637536418,66.96524635135835,48.04301637536418,66.96524635135835,18.922229975994163,39.59768803734342,74.43591931993134,34.83823128258793,B_targeted_validation,"{""academic_fit"": 48.04301637536418, ""balanced"": 64.15074982618708, ""labor_market"": 66.96524635135835, ""recruitment"": 60.39232773534281}","{""academic_fit"": 39.59768803734342, ""balanced"": 49.74303706054014, ""labor_market"": 54.64515030366369, ""recruitment"": 43.5854369416496}","{""academic_fit"": 53.410456261425956, ""balanced"": 73.62999908942733, ""labor_market"": 74.43591931993134, ""recruitment"": 72.67479833412816}","{""academic_fit"": {""country_opportunity"": 0.25, ""friendliness"": 0.15, ""labor_demand"": 0.15, ""program_fit"": 0.45}, ""balanced"": {""country_opportunity"": 0.3, ""friendliness"": 0.2, ""labor_demand"": 0.3, ""program_fit"": 0.2}, ""labor_market"": {""country_opportunity"": 0.2, ""friendliness"": 0.15, ""labor_demand"": 0.45, ""program_fit"": 0.2}, ""recruitment"": {""country_opportunity"": 0.4, ""friendliness"": 0.3, ""labor_demand"": 0.1, ""program_fit"": 0.2}}",uncertainty_adjusted_management_priority_index_not_predicted_student_count,not_identified_ex_ante,,,,"incremental qualified applications, offers and enrolments attributable to the recruitment intervention",requires_prospective_campaign_evaluation,24,pre_registered_country_program_campaign_with_matched_comparison_or_stepped_wedge_rollout,qualified_leads;applications;offers;enrolments;yield;cost_per_enrolment,regularized_relative_demand_signal_from_overlapping_queries_not_unique_vacancies,ppml_russia_inbound_structural_allocation_v3;friendliness_receptivity_ex_ante_v3;trudvsem_program_demand_v4;mgimo_program_profiles,calculated_uncertainty_aware_scenario_ensemble,employer_linked_program_campaign_and_case_competitions,56,57.0,75.0,45.0,105.0,45.0,105.0,60.0
country_program_priority_evidence_v4,BTN,Bhutan,South Asia,digital_analytics,digital_analytics,Цифровая аналитика и Data/AI,english_plus_russian_preparatory_year,No broad Russian or English functional-language signal is available in CLDR.,140.10751376544923,140.10751376544923,27.40457878184346,132.0229178729953,521.452014387838,1.0,0.06333333333333334,0.0,2023,140.10751376544923,140.10751376544923,0.0,70.98771126558162,70.98771126558162,47.99735110755962,89.76198788555648,point_score multiplied by probability of positive structural gap,63.21573955610894,35.715739556108936,90.71573955610894,0.45,limited,False,56.97730337309488,"{""digital_finance_business_informatics"": 0.6021648345927849, ""economic_legal"": 0.4402058302836045}",calculated_from_existing_mgimo_country_profile_scores,57.83576220146514,37.1936785476967,76.96065573742321,3,0,62.795489661409135,64.63833483837874,61.272661876411206,61.666848445827114,62.231169053618125,62.231169053618125,61.272661876411206,64.63833483837874,61.272661876411206,64.63833483837874,3.365672961967533,42.95253109120472,81.17317594870956,38.22064485750484,B_targeted_validation,"{""academic_fit"": 61.666848445827114, ""balanced"": 62.795489661409135, ""labor_market"": 61.272661876411206, ""recruitment"": 64.63833483837874}","{""academic_fit"": 48.27412907425973, ""balanced"": 43.9490924988864, ""labor_market"": 42.95253109120472, ""recruitment"": 44.880129595104194}","{""academic_fit"": 71.90658020027772, ""balanced"": 78.65980181009654, ""labor_market"": 76.84605491111458, ""recruitment"": 81.17317594870956}","{""academic_fit"": {""country_opportunity"": 0.25, ""friendliness"": 0.15, ""labor_demand"": 0.15, ""program_fit"": 0.45}, ""balanced"": {""country_opportunity"": 0.3, ""friendliness"": 0.2, ""labor_demand"": 0.3, ""program_fit"": 0.2}, ""labor_market"": {""country_opportunity"": 0.2, ""friendliness"": 0.15, ""labor_demand"": 0.45, ""program_fit"": 0.2}, ""recruitment"": {""country_opportunity"": 0.4, ""friendliness"": 0.3, ""labor_demand"": 0.1, ""program_fit"": 0.2}}",uncertainty_adjusted_management_priority_index_not_predicted_student_count,not_identified_ex_ante,,,,"incremental qualified applications, offers and enrolments attributable to the recruitment intervention",requires_prospective_campaign_evaluation,24,pre_registered_country_program_campaign_with_matched_comparison_or_stepped_wedge_rollout,qualified_leads;applications;offers;enrolments;yield;cost_per_enrolment,regularized_relative_demand_signal_from_overlapping_queries_not_unique_vacancies,ppml_russia_inbound_structural_allocation_v3;friendliness_receptivity_ex_ante_v3;trudvsem_program_demand_v4;mgimo_program_profiles,calculated_uncertainty_aware_scenario_ensemble,targeted_digital_campaign_with_local_partner_validation,57,65.0,53.0,90.0,37.0,37.0,90.0,53.0
country_program_priority_evidence_v4,KHM,Cambodia,East Asia & Pacific,management_public,management_public,Управление и государственная политика,english_plus_russian_preparatory_year,No broad Russian or English functional-language signal is available in CLDR.,167.55416672419764,167.55416672419764,-15.859729091382542,148.0692865032078,878.291230563737,0.9433333333333334,0.05,70.0,2023,225.2250074192524,225.2250074192524,57.67084069505476,73.53684719994229,69.36975919194556,0.0,97.22836472831446,point_score multiplied by probability of positive structural gap,64.09164215514153,36.59164215514152,91.59164215514153,0.45,limited,False,30.860761723623842,"{""diplomatic_analytic"": 0.3045488890845261, ""economic_legal"": 0.314695709463807}",calculated_from_existing_mgimo_country_profile_scores,95.82415369148119,86.55673351637238,99.07229069328204,2,3,64.42372542870368,59.97085250541699,67.84666795265743,50.57277128114047,62.19728896706033,62.19728896706033,50.57277128114047,67.84666795265743,50.57277128114047,67.84666795265743,17.273896671516958,9.18514891224035,77.60759701007515,68.4224480978348,C_monitor_and_test,"{""academic_fit"": 50.57277128114047, ""balanced"": 64.42372542870368, ""labor_market"": 67.84666795265743, ""recruitment"": 59.97085250541699}","{""academic_fit"": 15.839848487777639, ""balanced"": 15.632735577682649, ""labor_market"": 25.504913194514767, ""recruitment"": 9.18514891224035}","{""academic_fit"": 58.24195822314696, ""balanced"": 77.1630598584282, ""labor_market"": 77.60759701007515, ""recruitment"": 76.42360901409053}","{""academic_fit"": {""country_opportunity"": 0.25, ""friendliness"": 0.15, ""labor_demand"": 0.15, ""program_fit"": 0.45}, ""balanced"": {""country_opportunity"": 0.3, ""friendliness"": 0.2, ""labor_demand"": 0.3, ""program_fit"": 0.2}, ""labor_market"": {""country_opportunity"": 0.2, ""friendliness"": 0.15, ""labor_demand"": 0.45, ""program_fit"": 0.2}, ""recruitment"": {""country_opportunity"": 0.4, ""friendliness"": 0.3, ""labor_demand"": 0.1, ""program_fit"": 0.2}}",uncertainty_adjusted_management_priority_index_not_predicted_student_count,not_identified_ex_ante,,,,"incremental qualified applications, offers and enrolments attributable to the recruitment intervention",requires_prospective_campaign_evaluation,24,pre_registered_country_program_campaign_with_matched_comparison_or_stepped_wedge_rollout,qualified_leads;applications;offers;enrolments;yield;cost_per_enrolment,regularized_relative_demand_signal_from_overlapping_queries_not_unique_vacancies,ppml_russia_inbound_structural_allocation_v3;friendliness_receptivity_ex_ante_v3;trudvsem_program_demand_v4;mgimo_program_profiles,calculated_uncertainty_aware_scenario_ensemble,employer_linked_program_campaign_and_case_competitions,58,55.0,79.0,41.0,87.0,41.0,87.0,46.0
country_program_priority_evidence_v4,TKM,Turkmenistan,Europe & Central Asia,management_public,management_public,Управление и государственная политика,english_plus_russian_preparatory_year,No broad Russian or English functional-language signal is available in CLDR.,20899.09774144761,20899.09774144761,-4225.610016350272,18289.21137341857,44948.6283143665,0.9066666666666666,0.9,35170.0,2023,53201.18925250277,53201.18925250277,32302.09151105516,100.0,90.66666666666666,0.0,100.0,point_score multiplied by probability of positive structural gap,63.19659916820704,43.19659916820703,83.19659916820703,0.6,limited,False,19.208917104422675,"{""diplomatic_analytic"": 0.1814426136660327, ""economic_legal"": 0.2080590071115178}",calculated_from_existing_mgimo_country_profile_scores,95.82415369148119,86.55673351637238,99.07229069328204,2,3,63.49626556727862,60.607139631436745,65.17019119822804,43.928888504438646,62.05170259935768,62.05170259935768,43.928888504438646,65.17019119822804,43.928888504438646,65.17019119822804,21.241302693789393,8.803043452850615,70.24039100007212,61.437347547221506,C_monitor_and_test,"{""academic_fit"": 43.928888504438646, ""balanced"": 63.49626556727862, ""labor_market"": 65.17019119822804, ""recruitment"": 60.607139631436745}","{""academic_fit"": 13.222840394953684, ""balanced"": 14.741846015860627, ""labor_market"": 23.857550980400468, ""recruitment"": 8.803043452850615}","{""academic_fit"": 47.107992520778765, ""balanced"": 69.70063090088263, ""labor_market"": 70.24039100007212, ""recruitment"": 68.57021849705377}","{""academic_fit"": {""country_opportunity"": 0.25, ""friendliness"": 0.15, ""labor_demand"": 0.15, ""program_fit"": 0.45}, ""balanced"": {""country_opportunity"": 0.3, ""friendliness"": 0.2, ""labor_demand"": 0.3, ""program_fit"": 0.2}, ""labor_market"": {""country_opportunity"": 0.2, ""friendliness"": 0.15, ""labor_demand"": 0.45, ""program_fit"": 0.2}, ""recruitment"": {""country_opportunity"": 0.4, ""friendliness"": 0.3, ""labor_demand"": 0.1, ""program_fit"": 0.2}}",uncertainty_adjusted_management_priority_index_not_predicted_student_count,not_identified_ex_ante,,,,"incremental qualified applications, offers and enrolments attributable to the recruitment intervention",requires_prospective_campaign_evaluation,24,pre_registered_country_program_campaign_with_matched_comparison_or_stepped_wedge_rollout,qualified_leads;applications;offers;enrolments;yield;cost_per_enrolment,regularized_relative_demand_signal_from_overlapping_queries_not_unique_vacancies,ppml_russia_inbound_structural_allocation_v3;friendliness_receptivity_ex_ante_v3;trudvsem_program_demand_v4;mgimo_program_profiles,calculated_uncertainty_aware_scenario_ensemble,employer_linked_program_campaign_and_case_competitions,59,61.0,73.0,59.0,133.0,59.0,133.0,74.0
country_program_priority_evidence_v4,PRK,"Korea, Democratic People's Republic of",East Asia & Pacific,digital_analytics,digital_analytics,Цифровая аналитика и Data/AI,english_plus_russian_preparatory_year,No broad Russian or English functional-language signal is available in CLDR.,1024.2065489485078,1024.2065489485078,-0.7712516888885251,905.3765112032339,5975.747172344155,0.9733333333333334,0.8183333333333334,136.0,2023,1150.3121619755332,1150.3121619755332,126.10561302702531,99.43038981322665,96.77891275154062,0.0,100.0,point_score multiplied by probability of positive structural gap,70.01277546029631,42.51277546029631,97.51277546029631,0.45,limited,False,34.47298380348161,"{""digital_finance_business_informatics"": 0.3511206775443546, ""economic_legal"": 0.3191664799966621}",calculated_from_existing_mgimo_country_profile_scores,57.83576220146514,37.1936785476967,76.96065573742321,3,0,63.663636786375186,68.25293575219727,59.944081070096885,54.18019728533824,61.80385892823604,61.80385892823604,54.18019728533824,68.25293575219727,54.18019728533824,68.25293575219727,14.072738466859036,9.024899095276673,78.45525433916279,69.43035524388611,C_monitor_and_test,"{""academic_fit"": 54.18019728533824, ""balanced"": 63.663636786375186, ""labor_market"": 59.944081070096885, ""recruitment"": 68.25293575219727}","{""academic_fit"": 15.004579938742383, ""balanced"": 12.822685013331734, ""labor_market"": 18.337784217988002, ""recruitment"": 9.024899095276673}","{""academic_fit"": 59.843660390424816, ""balanced"": 74.68196535478499, ""labor_market"": 71.92672658749834, ""recruitment"": 78.45525433916279}","{""academic_fit"": {""country_opportunity"": 0.25, ""friendliness"": 0.15, ""labor_demand"": 0.15, ""program_fit"": 0.45}, ""balanced"": {""country_opportunity"": 0.3, ""friendliness"": 0.2, ""labor_demand"": 0.3, ""program_fit"": 0.2}, ""labor_market"": {""country_opportunity"": 0.2, ""friendliness"": 0.15, ""labor_demand"": 0.45, ""program_fit"": 0.2}, ""recruitment"": {""country_opportunity"": 0.4, ""friendliness"": 0.3, ""labor_demand"": 0.1, ""program_fit"": 0.2}}",uncertainty_adjusted_management_priority_index_not_predicted_student_count,not_identified_ex_ante,,,,"incremental qualified applications, offers and enrolments attributable to the recruitment intervention",requires_prospective_campaign_evaluation,24,pre_registered_country_program_campaign_with_matched_comparison_or_stepped_wedge_rollout,qualified_leads;applications;offers;enrolments;yield;cost_per_enrolment,regularized_relative_demand_signal_from_overlapping_queries_not_unique_vacancies,ppml_russia_inbound_structural_allocation_v3;friendliness_receptivity_ex_ante_v3;trudvsem_program_demand_v4;mgimo_program_profiles,calculated_uncertainty_aware_scenario_ensemble,digital_recruitment_scholarship_and_olympiad,60,59.0,37.0,100.0,63.0,37.0,100.0,63.0
country_program_priority_evidence_v4,IDN,Indonesia,East Asia & Pacific,digital_analytics,digital_analytics,Цифровая аналитика и Data/AI,english_plus_russian_preparatory_year,No broad Russian or English functional-language signal is available in CLDR.,663.2562933239036,663.2562933239036,-101.0798443457751,590.7454114815195,2173.447978739426,0.93,0.7383333333333333,556.0,2023,1173.2003318727418,1173.2003318727418,509.9440385488382,93.20608366583559,86.6816578092271,0.0,100.0,point_score multiplied by probability of positive structural gap,62.392570439499806,44.892570439499806,79.89257043949979,0.65,moderate,True,43.48545787058187,"{""digital_finance_business_informatics"": 0.4612919831986176, ""economic_legal"": 0.3291049607346231}",calculated_from_existing_mgimo_country_profile_scores,57.83576220146514,37.1936785476967,76.96065573742321,3,0,63.02240213348009,66.07868430781005,60.33208952086079,57.39260077172552,61.67724582717044,61.67724582717044,57.39260077172552,66.07868430781005,57.39260077172552,66.07868430781005,8.686083536084531,9.594980645111285,77.37682899463064,67.78184834951935,C_monitor_and_test,"{""academic_fit"": 57.39260077172552, ""balanced"": 63.02240213348009, ""labor_market"": 60.33208952086079, ""recruitment"": 66.07868430781005}","{""academic_fit"": 16.746992900341798, ""balanced"": 13.560264552012896, ""labor_market"": 19.341037480898894, ""recruitment"": 9.594980645111285}","{""academic_fit"": 64.3316538930176, ""balanced"": 75.12128764365978, ""labor_market"": 73.06624299197027, ""recruitment"": 77.37682899463064}","{""academic_fit"": {""country_opportunity"": 0.25, ""friendliness"": 0.15, ""labor_demand"": 0.15, ""program_fit"": 0.45}, ""balanced"": {""country_opportunity"": 0.3, ""friendliness"": 0.2, ""labor_demand"": 0.3, ""program_fit"": 0.2}, ""labor_market"": {""country_opportunity"": 0.2, ""friendliness"": 0.15, ""labor_demand"": 0.45, ""program_fit"": 0.2}, ""recruitment"": {""country_opportunity"": 0.4, ""friendliness"": 0.3, ""labor_demand"": 0.1, ""program_fit"": 0.2}}",uncertainty_adjusted_management_priority_index_not_predicted_student_count,not_identified_ex_ante,,,,"incremental qualified applications, offers and enrolments attributable to the recruitment intervention",requires_prospective_campaign_evaluation,24,pre_registered_country_program_campaign_with_matched_comparison_or_stepped_wedge_rollout,qualified_leads;applications;offers;enrolments;yield;cost_per_enrolment,regularized_relative_demand_signal_from_overlapping_queries_not_unique_vacancies,ppml_russia_inbound_structural_allocation_v3;friendliness_receptivity_ex_ante_v3;trudvsem_program_demand_v4;mgimo_program_profiles,calculated_uncertainty_aware_scenario_ensemble,targeted_digital_campaign_with_local_partner_validation,61,64.0,51.0,96.0,49.0,49.0,96.0,47.0
country_program_priority_evidence_v4,BGD,Bangladesh,South Asia,management_public,management_public,Управление и государственная политика,english_plus_russian_preparatory_year,No broad Russian or English functional-language signal is available in CLDR.,463.77351122663737,463.77351122663737,-163.85613125144286,400.79882642102916,1588.8601853091898,0.885,0.5616666666666666,541.0,2023,949.34745736248,949.34745736248,485.5739461358426,88.08417939205468,77.9544987619684,0.0,100.0,point_score multiplied by probability of positive structural gap,63.580875490726164,36.08087549072616,91.08087549072617,0.45,limited,False,24.23043658195192,"{""diplomatic_analytic"": 0.240650865610964, ""economic_legal"": 0.244784616132352}",calculated_from_existing_mgimo_country_profile_scores,95.82415369148119,86.55673351637238,99.07229069328204,2,3,63.54663264404646,59.79211021903856,66.18311653600958,46.806065558991,61.669371431542515,61.669371431542515,46.806065558991,66.18311653600958,46.806065558991,66.18311653600958,19.377050977018577,8.73046806823158,74.42082815381316,65.69036008558157,C_monitor_and_test,"{""academic_fit"": 46.806065558991, ""balanced"": 63.54663264404646, ""labor_market"": 66.18311653600958, ""recruitment"": 59.79211021903856}","{""academic_fit"": 14.231828453953105, ""balanced"": 14.87922943243033, ""labor_market"": 24.292173492978485, ""recruitment"": 8.73046806823158}","{""academic_fit"": 52.75912767752904, ""balanced"": 74.18020543736073, ""labor_market"": 74.42082815381316, ""recruitment"": 73.63331362230731}","{""academic_fit"": {""country_opportunity"": 0.25, ""friendliness"": 0.15, ""labor_demand"": 0.15, ""program_fit"": 0.45}, ""balanced"": {""country_opportunity"": 0.3, ""friendliness"": 0.2, ""labor_demand"": 0.3, ""program_fit"": 0.2}, ""labor_market"": {""country_opportunity"": 0.2, ""friendliness"": 0.15, ""labor_demand"": 0.45, ""program_fit"": 0.2}, ""recruitment"": {""country_opportunity"": 0.4, ""friendliness"": 0.3, ""labor_demand"": 0.1, ""program_fit"": 0.2}}",uncertainty_adjusted_management_priority_index_not_predicted_student_count,not_identified_ex_ante,,,,"incremental qualified applications, offers and enrolments attributable to the recruitment intervention",requires_prospective_campaign_evaluation,24,pre_registered_country_program_campaign_with_matched_comparison_or_stepped_wedge_rollout,qualified_leads;applications;offers;enrolments;yield;cost_per_enrolment,regularized_relative_demand_signal_from_overlapping_queries_not_unique_vacancies,ppml_russia_inbound_structural_allocation_v3;friendliness_receptivity_ex_ante_v3;trudvsem_program_demand_v4;mgimo_program_profiles,calculated_uncertainty_aware_scenario_ensemble,employer_linked_program_campaign_and_case_competitions,62,60.0,82.0,50.0,116.0,50.0,116.0,66.0
country_program_priority_evidence_v4,BRN,Brunei Darussalam,East Asia & Pacific,languages_regional,languages_regional,Иностранные языки и регионоведение,english_plus_russian_preparatory_year_plus_target_region_language,No broad Russian or English functional-language signal is available in CLDR.,27.68292137188877,27.68292137188877,1.6687296160728595,24.97722746958047,147.35972419963497,0.9916666666666667,0.0,5.0,2023,30.898809810727528,30.898809810727528,3.2158884388387574,48.13721061073633,47.7360671889802,14.078474158191256,71.70651739694688,point_score multiplied by probability of positive structural gap,63.74656018971629,36.24656018971629,91.24656018971629,0.45,limited,False,55.763901748624576,"{""diplomatic_analytic"": 0.5408859491804724, ""economic_legal"": 0.6246512907093391}",calculated_from_existing_mgimo_country_profile_scores,90.84379582436037,85.35385228314937,94.68543083289845,2,1,63.68050601202329,57.716934818018714,69.04275240440789,59.30806200099901,61.49428400651115,61.49428400651115,57.716934818018714,69.04275240440789,57.716934818018714,69.04275240440789,11.325817586389178,30.394153708385602,80.33982608712004,49.94567237873444,B_targeted_validation,"{""academic_fit"": 59.30806200099901, ""balanced"": 63.68050601202329, ""labor_market"": 69.04275240440789, ""recruitment"": 57.716934818018714}","{""academic_fit"": 40.33719235690905, ""balanced"": 39.3642555032715, ""labor_market"": 48.88259481854017, ""recruitment"": 30.394153708385602}","{""academic_fit"": 69.5462743305719, ""balanced"": 78.02052315270606, ""labor_market"": 80.33982608712004, ""recruitment"": 75.62964242421856}","{""academic_fit"": {""country_opportunity"": 0.25, ""friendliness"": 0.15, ""labor_demand"": 0.15, ""program_fit"": 0.45}, ""balanced"": {""country_opportunity"": 0.3, ""friendliness"": 0.2, ""labor_demand"": 0.3, ""program_fit"": 0.2}, ""labor_market"": {""country_opportunity"": 0.2, ""friendliness"": 0.15, ""labor_demand"": 0.45, ""program_fit"": 0.2}, ""recruitment"": {""country_opportunity"": 0.4, ""friendliness"": 0.3, ""labor_demand"": 0.1, ""program_fit"": 0.2}}",uncertainty_adjusted_management_priority_index_not_predicted_student_count,not_identified_ex_ante,,,,"incremental qualified applications, offers and enrolments attributable to the recruitment intervention",requires_prospective_campaign_evaluation,24,pre_registered_country_program_campaign_with_matched_comparison_or_stepped_wedge_rollout,qualified_leads;applications;offers;enrolments;yield;cost_per_enrolment,regularized_relative_demand_signal_from_overlapping_queries_not_unique_vacancies,ppml_russia_inbound_structural_allocation_v3;friendliness_receptivity_ex_ante_v3;trudvsem_program_demand_v4;mgimo_program_profiles,calculated_uncertainty_aware_scenario_ensemble,employer_linked_program_campaign_and_case_competitions,63,58.0,91.0,34.0,41.0,34.0,91.0,57.0
country_program_priority_evidence_v4,NIC,Nicaragua,Latin America & Caribbean,languages_regional,languages_regional,Иностранные языки и регионоведение,english_plus_russian_preparatory_year_plus_target_region_language,No broad Russian or English functional-language signal is available in CLDR.,173.43749072652136,173.43749072652136,29.668119610456475,161.8210225585733,557.5759363219272,1.0,0.09,23.0,2023,188.79623730333554,188.79623730333554,15.35874657681419,74.02892266253048,74.02892266253048,49.09702550030215,90.72087968129118,point_score multiplied by probability of positive structural gap,67.31861142770944,39.81861142770944,94.81861142770944,0.45,limited,False,25.740909960768487,"{""diplomatic_analytic"": 0.254884011120441, ""economic_legal"": 0.2675094535566602}",calculated_from_existing_mgimo_country_profile_scores,90.84379582436037,85.35385228314937,94.68543083289845,2,1,63.02389344231547,59.9614378386826,65.26988992283364,47.46280641064837,61.492665640499034,61.492665640499034,47.46280641064837,65.26988992283364,47.46280641064837,65.26988992283364,17.807083512185272,39.34883552880589,72.81244308911178,33.46360756030589,B_targeted_validation,"{""academic_fit"": 47.46280641064837, ""balanced"": 63.02389344231547, ""labor_market"": 65.26988992283364, ""recruitment"": 59.9614378386826}","{""academic_fit"": 39.34883552880589, ""balanced"": 49.444000822199456, ""labor_market"": 54.20405247480811, ""recruitment"": 43.443447157922016}","{""academic_fit"": 52.828625856146395, ""balanced"": 72.51002344284845, ""labor_market"": 72.81244308911178, ""recruitment"": 72.21388177517244}","{""academic_fit"": {""country_opportunity"": 0.25, ""friendliness"": 0.15, ""labor_demand"": 0.15, ""program_fit"": 0.45}, ""balanced"": {""country_opportunity"": 0.3, ""friendliness"": 0.2, ""labor_demand"": 0.3, ""program_fit"": 0.2}, ""labor_market"": {""country_opportunity"": 0.2, ""friendliness"": 0.15, ""labor_demand"": 0.45, ""program_fit"": 0.2}, ""recruitment"": {""country_opportunity"": 0.4, ""friendliness"": 0.3, ""labor_demand"": 0.1, ""program_fit"": 0.2}}",uncertainty_adjusted_management_priority_index_not_predicted_student_count,not_identified_ex_ante,,,,"incremental qualified applications, offers and enrolments attributable to the recruitment intervention",requires_prospective_campaign_evaluation,24,pre_registered_country_program_campaign_with_matched_comparison_or_stepped_wedge_rollout,qualified_leads;applications;offers;enrolments;yield;cost_per_enrolment,regularized_relative_demand_signal_from_overlapping_queries_not_unique_vacancies,ppml_russia_inbound_structural_allocation_v3;friendliness_receptivity_ex_ante_v3;trudvsem_program_demand_v4;mgimo_program_profiles,calculated_uncertainty_aware_scenario_ensemble,employer_linked_program_campaign_and_case_competitions,64,63.0,81.0,57.0,109.0,57.0,109.0,52.0
country_program_priority_evidence_v4,KHM,Cambodia,East Asia & Pacific,languages_regional,languages_regional,Иностранные языки и регионоведение,english_plus_russian_preparatory_year_plus_target_region_language,No broad Russian or English functional-language signal is available in CLDR.,167.55416672419764,167.55416672419764,-15.859729091382542,148.0692865032078,878.291230563737,0.9433333333333334,0.05,70.0,2023,225.2250074192524,225.2250074192524,57.67084069505476,73.53684719994229,69.36975919194556,0.0,97.22836472831446,point_score multiplied by probability of positive structural gap,64.09164215514153,36.59164215514152,91.59164215514153,0.45,limited,False,30.657825316038227,"{""diplomatic_analytic"": 0.3045488890845261, ""economic_legal"": 0.314695709463807}",calculated_from_existing_mgimo_country_profile_scores,90.84379582436037,85.35385228314937,94.68543083289845,2,1,63.33017007304389,59.5788092015586,66.1688002284849,50.029698494444965,61.45448963730124,61.45448963730124,50.029698494444965,66.1688002284849,50.029698494444965,66.1688002284849,16.139101734039933,9.160736745688654,76.03508196519334,66.87434521950469,C_monitor_and_test,"{""academic_fit"": 50.029698494444965, ""balanced"": 63.33017007304389, ""labor_market"": 66.1688002284849, ""recruitment"": 59.5788092015586}","{""academic_fit"": 15.761627651378138, ""balanced"": 15.548110424789499, ""labor_market"": 25.314264230314826, ""recruitment"": 9.160736745688654}","{""academic_fit"": 57.68554239721095, ""balanced"": 76.03508196519334, ""labor_market"": 75.9606391274699, ""recruitment"": 75.98462512362481}","{""academic_fit"": {""country_opportunity"": 0.25, ""friendliness"": 0.15, ""labor_demand"": 0.15, ""program_fit"": 0.45}, ""balanced"": {""country_opportunity"": 0.3, ""friendliness"": 0.2, ""labor_demand"": 0.3, ""program_fit"": 0.2}, ""labor_market"": {""country_opportunity"": 0.2, ""friendliness"": 0.15, ""labor_demand"": 0.45, ""program_fit"": 0.2}, ""recruitment"": {""country_opportunity"": 0.4, ""friendliness"": 0.3, ""labor_demand"": 0.1, ""program_fit"": 0.2}}",uncertainty_adjusted_management_priority_index_not_predicted_student_count,not_identified_ex_ante,,,,"incremental qualified applications, offers and enrolments attributable to the recruitment intervention",requires_prospective_campaign_evaluation,24,pre_registered_country_program_campaign_with_matched_comparison_or_stepped_wedge_rollout,qualified_leads;applications;offers;enrolments;yield;cost_per_enrolment,regularized_relative_demand_signal_from_overlapping_queries_not_unique_vacancies,ppml_russia_inbound_structural_allocation_v3;friendliness_receptivity_ex_ante_v3;trudvsem_program_demand_v4;mgimo_program_profiles,calculated_uncertainty_aware_scenario_ensemble,employer_linked_program_campaign_and_case_competitions,65,62.0,83.0,51.0,94.0,51.0,94.0,43.0
country_program_priority_evidence_v4,TKM,Turkmenistan,Europe & Central Asia,languages_regional,languages_regional,Иностранные языки и регионоведение,english_plus_russian_preparatory_year_plus_target_region_language,No broad Russian or English functional-language signal is available in CLDR.,20899.09774144761,20899.09774144761,-4225.610016350272,18289.21137341857,44948.6283143665,0.9066666666666666,0.9,35170.0,2023,53201.18925250277,53201.18925250277,32302.09151105516,100.0,90.66666666666666,0.0,100.0,point_score multiplied by probability of positive structural gap,63.19659916820704,43.19659916820703,83.19659916820703,0.6,limited,False,18.67658923551297,"{""diplomatic_analytic"": 0.1814426136660327, ""economic_legal"": 0.2080590071115178}",calculated_from_existing_mgimo_country_profile_scores,90.84379582436037,85.35385228314937,94.68543083289845,2,1,62.16549176785912,59.96692157616226,63.30093169123058,43.06189936678464,61.06620667201069,61.06620667201069,43.06189936678464,63.30093169123058,43.06189936678464,63.30093169123058,20.239032324445944,8.744065809546184,68.47115674702407,59.72709093747788,C_monitor_and_test,"{""academic_fit"": 43.06189936678464, ""balanced"": 62.16549176785912, ""labor_market"": 63.30093169123058, ""recruitment"": 59.96692157616226}","{""academic_fit"": 13.037869517817422, ""balanced"": 14.602623084228489, ""labor_market"": 23.583251928931666, ""recruitment"": 8.744065809546184}","{""academic_fit"": 46.23357148443135, ""balanced"": 68.40339501173165, ""labor_market"": 68.47115674702407, ""recruitment"": 67.90004878260488}","{""academic_fit"": {""country_opportunity"": 0.25, ""friendliness"": 0.15, ""labor_demand"": 0.15, ""program_fit"": 0.45}, ""balanced"": {""country_opportunity"": 0.3, ""friendliness"": 0.2, ""labor_demand"": 0.3, ""program_fit"": 0.2}, ""labor_market"": {""country_opportunity"": 0.2, ""friendliness"": 0.15, ""labor_demand"": 0.45, ""program_fit"": 0.2}, ""recruitment"": {""country_opportunity"": 0.4, ""friendliness"": 0.3, ""labor_demand"": 0.1, ""program_fit"": 0.2}}",uncertainty_adjusted_management_priority_index_not_predicted_student_count,not_identified_ex_ante,,,,"incremental qualified applications, offers and enrolments attributable to the recruitment intervention",requires_prospective_campaign_evaluation,24,pre_registered_country_program_campaign_with_matched_comparison_or_stepped_wedge_rollout,qualified_leads;applications;offers;enrolments;yield;cost_per_enrolment,regularized_relative_demand_signal_from_overlapping_queries_not_unique_vacancies,ppml_russia_inbound_structural_allocation_v3;friendliness_receptivity_ex_ante_v3;trudvsem_program_demand_v4;mgimo_program_profiles,calculated_uncertainty_aware_scenario_ensemble,employer_linked_program_campaign_and_case_competitions,66,69.0,80.0,76.0,135.0,69.0,135.0,66.0
country_program_priority_evidence_v4,BGD,Bangladesh,South Asia,languages_regional,languages_regional,Иностранные языки и регионоведение,english_plus_russian_preparatory_year_plus_target_region_language,No broad Russian or English functional-language signal is available in CLDR.,463.77351122663737,463.77351122663737,-163.85613125144286,400.79882642102916,1588.8601853091898,0.885,0.5616666666666666,541.0,2023,949.34745736248,949.34745736248,485.5739461358426,88.08417939205468,77.9544987619684,0.0,100.0,point_score multiplied by probability of positive structural gap,63.580875490726164,36.08087549072616,91.08087549072617,0.45,limited,False,24.147761571524164,"{""diplomatic_analytic"": 0.240650865610964, ""economic_legal"": 0.244784616132352}",calculated_from_existing_mgimo_country_profile_scores,90.84379582436037,85.35385228314937,94.68543083289845,2,1,62.50680348891985,59.4381667834626,64.58651919233742,46.36823978410394,60.972485136191224,60.972485136191224,46.36823978410394,64.58651919233742,46.36823978410394,64.58651919233742,18.218279408233478,8.712677893114877,73.25587433375674,64.54319644064186,C_monitor_and_test,"{""academic_fit"": 46.36823978410394, ""balanced"": 62.50680348891985, ""labor_market"": 64.58651919233742, ""recruitment"": 59.4381667834626}","{""academic_fit"": 14.1813664988179, ""balanced"": 14.8078840069048, ""labor_market"": 24.12557996517083, ""recruitment"": 8.712677893114877}","{""academic_fit"": 52.32821957650242, ""balanced"": 73.14127692747043, ""labor_market"": 72.88678619735046, ""recruitment"": 73.25587433375674}","{""academic_fit"": {""country_opportunity"": 0.25, ""friendliness"": 0.15, ""labor_demand"": 0.15, ""program_fit"": 0.45}, ""balanced"": {""country_opportunity"": 0.3, ""friendliness"": 0.2, ""labor_demand"": 0.3, ""program_fit"": 0.2}, ""labor_market"": {""country_opportunity"": 0.2, ""friendliness"": 0.15, ""labor_demand"": 0.45, ""program_fit"": 0.2}, ""recruitment"": {""country_opportunity"": 0.4, ""friendliness"": 0.3, ""labor_demand"": 0.1, ""program_fit"": 0.2}}",uncertainty_adjusted_management_priority_index_not_predicted_student_count,not_identified_ex_ante,,,,"incremental qualified applications, offers and enrolments attributable to the recruitment intervention",requires_prospective_campaign_evaluation,24,pre_registered_country_program_campaign_with_matched_comparison_or_stepped_wedge_rollout,qualified_leads;applications;offers;enrolments;yield;cost_per_enrolment,regularized_relative_demand_signal_from_overlapping_queries_not_unique_vacancies,ppml_russia_inbound_structural_allocation_v3;friendliness_receptivity_ex_ante_v3;trudvsem_program_demand_v4;mgimo_program_profiles,calculated_uncertainty_aware_scenario_ensemble,employer_linked_program_campaign_and_case_competitions,67,68.0,84.0,64.0,120.0,64.0,120.0,56.0
country_program_priority_evidence_v4,PAK,Pakistan,Middle East & North Africa,digital_analytics,digital_analytics,Цифровая аналитика и Data/AI,english_with_optional_russian_preparatory_module,CLDR indicates a material functional English-language environment.,11806.213649600293,11806.213649600293,3534.5364509578976,11024.532333639392,28349.029150718372,1.0,1.0,636.0,2023,12249.822004136931,12249.822004136931,443.6083545366385,100.0,100.0,100.0,100.0,point_score multiplied by probability of positive structural gap,66.37628425283746,38.876284252837465,93.87628425283748,0.45,limited,False,32.04667925768267,"{""digital_finance_business_informatics"": 0.3516051024196577, ""economic_legal"": 0.1959135532055026}",calculated_from_existing_mgimo_country_profile_scores,57.83576220146514,37.1936785476967,76.96065573742321,3,0,62.71832191280773,67.10409074596832,59.01781779723745,52.491472652214135,60.86806985502259,60.86806985502259,52.491472652214135,67.10409074596832,52.491472652214135,67.10409074596832,14.612618093754186,44.912976555061476,76.48347106796479,31.57049451290331,B_targeted_validation,"{""academic_fit"": 52.491472652214135, ""balanced"": 62.71832191280773, ""labor_market"": 59.01781779723745, ""recruitment"": 67.10409074596832}","{""academic_fit"": 45.47496953795911, ""balanced"": 49.60677416728379, ""labor_market"": 44.912976555061476, ""recruitment"": 54.90934897620923}","{""academic_fit"": 57.639667078025816, ""balanced"": 73.07936784576114, ""labor_market"": 70.51574257998683, ""recruitment"": 76.48347106796479}","{""academic_fit"": {""country_opportunity"": 0.25, ""friendliness"": 0.15, ""labor_demand"": 0.15, ""program_fit"": 0.45}, ""balanced"": {""country_opportunity"": 0.3, ""friendliness"": 0.2, ""labor_demand"": 0.3, ""program_fit"": 0.2}, ""labor_market"": {""country_opportunity"": 0.2, ""friendliness"": 0.15, ""labor_demand"": 0.45, ""program_fit"": 0.2}, ""recruitment"": {""country_opportunity"": 0.4, ""friendliness"": 0.3, ""labor_demand"": 0.1, ""program_fit"": 0.2}}",uncertainty_adjusted_management_priority_index_not_predicted_student_count,not_identified_ex_ante,,,,"incremental qualified applications, offers and enrolments attributable to the recruitment intervention",requires_prospective_campaign_evaluation,24,pre_registered_country_program_campaign_with_matched_comparison_or_stepped_wedge_rollout,qualified_leads;applications;offers;enrolments;yield;cost_per_enrolment,regularized_relative_demand_signal_from_overlapping_queries_not_unique_vacancies,ppml_russia_inbound_structural_allocation_v3;friendliness_receptivity_ex_ante_v3;trudvsem_program_demand_v4;mgimo_program_profiles,calculated_uncertainty_aware_scenario_ensemble,digital_recruitment_scholarship_and_olympiad,68,66.0,42.0,107.0,71.0,42.0,107.0,65.0
country_program_priority_evidence_v4,NPL,Nepal,South Asia,digital_analytics,digital_analytics,Цифровая аналитика и Data/AI,english_plus_russian_preparatory_year,No broad Russian or English functional-language signal is available in CLDR.,1075.5996140261825,1075.5996140261825,286.4172296092276,998.3002316758184,2764.8976282259064,1.0,0.99,94.0,2023,1174.2304663495102,1174.2304663495102,98.6308523233276,100.0,100.0,81.19103317197752,100.0,point_score multiplied by probability of positive structural gap,63.8663064372496,36.3663064372496,91.3663064372496,0.45,limited,False,33.114308672185814,"{""digital_finance_business_informatics"": 0.3501959588842333, ""economic_legal"": 0.2549315980723572}",calculated_from_existing_mgimo_country_profile_scores,57.83576220146514,37.1936785476967,76.96065573742321,3,0,62.640988489528425,66.76738697239418,59.057045199802985,52.94555574975212,60.849016844665705,60.849016844665705,52.94555574975212,66.76738697239418,52.94555574975212,66.76738697239418,13.82183122264206,42.95354620853253,76.35475926111475,33.40121305258222,B_targeted_validation,"{""academic_fit"": 52.94555574975212, ""balanced"": 62.640988489528425, ""labor_market"": 59.057045199802985, ""recruitment"": 66.76738697239418}","{""academic_fit"": 43.38873053179037, ""balanced"": 46.324074764734505, ""labor_market"": 42.95354620853253, ""recruitment"": 49.90440905434432}","{""academic_fit"": 58.23563124744051, ""balanced"": 73.15225423989925, ""labor_market"": 70.68076152763389, ""recruitment"": 76.35475926111475}","{""academic_fit"": {""country_opportunity"": 0.25, ""friendliness"": 0.15, ""labor_demand"": 0.15, ""program_fit"": 0.45}, ""balanced"": {""country_opportunity"": 0.3, ""friendliness"": 0.2, ""labor_demand"": 0.3, ""program_fit"": 0.2}, ""labor_market"": {""country_opportunity"": 0.2, ""friendliness"": 0.15, ""labor_demand"": 0.45, ""program_fit"": 0.2}, ""recruitment"": {""country_opportunity"": 0.4, ""friendliness"": 0.3, ""labor_demand"": 0.1, ""program_fit"": 0.2}}",uncertainty_adjusted_management_priority_index_not_predicted_student_count,not_identified_ex_ante,,,,"incremental qualified applications, offers and enrolments attributable to the recruitment intervention",requires_prospective_campaign_evaluation,24,pre_registered_country_program_campaign_with_matched_comparison_or_stepped_wedge_rollout,qualified_leads;applications;offers;enrolments;yield;cost_per_enrolment,regularized_relative_demand_signal_from_overlapping_queries_not_unique_vacancies,ppml_russia_inbound_structural_allocation_v3;friendliness_receptivity_ex_ante_v3;trudvsem_program_demand_v4;mgimo_program_profiles,calculated_uncertainty_aware_scenario_ensemble,targeted_digital_campaign_with_local_partner_validation,69,67.0,44.0,106.0,68.0,44.0,106.0,62.0
country_program_priority_evidence_v4,LBY,Libya,Middle East & North Africa,digital_analytics,digital_analytics,Цифровая аналитика и Data/AI,english_plus_russian_preparatory_year,No broad Russian or English functional-language signal is available in CLDR.,287.10959005626876,287.10959005626876,43.57381763289008,261.54223974197225,841.9215487717062,0.9983333333333333,0.23666666666666666,65.0,2023,349.4553508380682,349.4553508380682,62.345760781799484,81.22554093396256,81.09016503240595,54.459954567457025,96.6225118599619,point_score multiplied by probability of positive structural gap,63.668003184761545,36.168003184761545,91.16800318476155,0.45,limited,False,41.731934443112024,"{""digital_finance_business_informatics"": 0.4603790249599166, ""economic_legal"": 0.2450806223159346}",calculated_from_existing_mgimo_country_profile_scores,57.83576220146514,37.1936785476967,76.96065573742321,3,0,61.538482262655094,64.22684105562088,59.241957891304864,55.60830822575225,60.39022007697998,60.39022007697998,55.60830822575225,64.22684105562088,55.60830822575225,64.22684105562088,8.618532829868627,41.499856320919385,78.74277757393867,37.24292125301928,B_targeted_validation,"{""academic_fit"": 55.60830822575225, ""balanced"": 61.538482262655094, ""labor_market"": 59.241957891304864, ""recruitment"": 64.22684105562088}","{""academic_fit"": 43.48467818676581, ""balanced"": 43.01840285185023, ""labor_market"": 41.499856320919385, ""recruitment"": 44.5318623993289}","{""academic_fit"": 63.88120784933823, ""balanced"": 75.71341079398934, ""labor_market"": 73.41251909594983, ""recruitment"": 78.74277757393867}","{""academic_fit"": {""country_opportunity"": 0.25, ""friendliness"": 0.15, ""labor_demand"": 0.15, ""program_fit"": 0.45}, ""balanced"": {""country_opportunity"": 0.3, ""friendliness"": 0.2, ""labor_demand"": 0.3, ""program_fit"": 0.2}, ""labor_market"": {""country_opportunity"": 0.2, ""friendliness"": 0.15, ""labor_demand"": 0.45, ""program_fit"": 0.2}, ""recruitment"": {""country_opportunity"": 0.4, ""friendliness"": 0.3, ""labor_demand"": 0.1, ""program_fit"": 0.2}}",uncertainty_adjusted_management_priority_index_not_predicted_student_count,not_identified_ex_ante,,,,"incremental qualified applications, offers and enrolments attributable to the recruitment intervention",requires_prospective_campaign_evaluation,24,pre_registered_country_program_campaign_with_matched_comparison_or_stepped_wedge_rollout,qualified_leads;applications;offers;enrolments;yield;cost_per_enrolment,regularized_relative_demand_signal_from_overlapping_queries_not_unique_vacancies,ppml_russia_inbound_structural_allocation_v3;friendliness_receptivity_ex_ante_v3;trudvsem_program_demand_v4;mgimo_program_profiles,calculated_uncertainty_aware_scenario_ensemble,targeted_digital_campaign_with_local_partner_validation,70,70.0,54.0,104.0,57.0,54.0,104.0,50.0
country_program_priority_evidence_v4,SOM,Somalia,Sub-Saharan Africa,management_public,management_public,Управление и государственная политика,english_plus_russian_preparatory_year,No broad Russian or English functional-language signal is available in CLDR.,371.0254596523729,371.0254596523729,42.66027797003462,328.91435243682554,1012.8978610218408,0.9933333333333333,0.49,149.0,2023,525.0011129523125,525.0011129523125,153.97565329993958,84.89174852253903,84.32580353238878,54.16295460832174,99.27130559080285,point_score multiplied by probability of positive structural gap,65.6844914965029,38.18449149650291,93.18449149650291,0.45,limited,False,17.10548244099285,"{""diplomatic_analytic"": 0.1592579399678645, ""economic_legal"": 0.1887501510730246}",calculated_from_existing_mgimo_country_profile_scores,95.82415369148119,86.55673351637238,99.07229069328204,2,3,61.25828643769415,58.27450931745295,63.205245102132594,41.301378925269354,59.76639787757355,59.76639787757355,41.301378925269354,63.205245102132594,41.301378925269354,63.205245102132594,21.90386617686324,33.68337627097902,69.77729324381471,36.09391697283569,B_targeted_validation,"{""academic_fit"": 41.301378925269354, ""balanced"": 61.25828643769415, ""labor_market"": 63.205245102132594, ""recruitment"": 58.27450931745295}","{""academic_fit"": 33.68337627097902, ""balanced"": 46.88615411359452, ""labor_market"": 51.11726165313571, ""recruitment"": 41.31073043597482}","{""academic_fit"": 45.512566355387094, ""balanced"": 69.57988061442931, ""labor_market"": 69.77729324381471, ""recruitment"": 69.1729851096376}","{""academic_fit"": {""country_opportunity"": 0.25, ""friendliness"": 0.15, ""labor_demand"": 0.15, ""program_fit"": 0.45}, ""balanced"": {""country_opportunity"": 0.3, ""friendliness"": 0.2, ""labor_demand"": 0.3, ""program_fit"": 0.2}, ""labor_market"": {""country_opportunity"": 0.2, ""friendliness"": 0.15, ""labor_demand"": 0.45, ""program_fit"": 0.2}, ""recruitment"": {""country_opportunity"": 0.4, ""friendliness"": 0.3, ""labor_demand"": 0.1, ""program_fit"": 0.2}}",uncertainty_adjusted_management_priority_index_not_predicted_student_count,not_identified_ex_ante,,,,"incremental qualified applications, offers and enrolments attributable to the recruitment intervention",requires_prospective_campaign_evaluation,24,pre_registered_country_program_campaign_with_matched_comparison_or_stepped_wedge_rollout,qualified_leads;applications;offers;enrolments;yield;cost_per_enrolment,regularized_relative_demand_signal_from_overlapping_queries_not_unique_vacancies,ppml_russia_inbound_structural_allocation_v3;friendliness_receptivity_ex_ante_v3;trudvsem_program_demand_v4;mgimo_program_profiles,calculated_uncertainty_aware_scenario_ensemble,employer_linked_program_campaign_and_case_competitions,71,71.0,90.0,78.0,148.0,71.0,148.0,77.0
country_program_priority_evidence_v4,BHR,Bahrain,Middle East & North Africa,management_public,management_public,Управление и государственная политика,english_plus_russian_preparatory_year,No broad Russian or English functional-language signal is available in CLDR.,31.931660746639665,31.931660746639665,-47.546782251761556,18.08585022238453,211.7419000625797,0.6583333333333333,0.0,45.0,2023,120.50138463896643,120.50138463896643,88.56972389232676,50.11835563919724,32.99458412913818,0.0,76.87606628006898,point_score multiplied by probability of positive structural gap,63.790719388353246,36.290719388353246,91.29071938835325,0.45,limited,False,66.93769983746036,"{""diplomatic_analytic"": 0.6426831204973397, ""economic_legal"": 0.7094178151904993}",calculated_from_existing_mgimo_country_profile_scores,95.82415369148119,86.55673351637238,99.07229069328204,2,3,60.20345105032175,52.08550732283667,68.20281972617661,59.23868558542866,59.72106831787521,59.72106831787521,52.08550732283667,68.20281972617661,52.08550732283667,68.20281972617661,16.117312403339945,10.661295418270939,86.15818238086561,75.49688696259467,C_monitor_and_test,"{""academic_fit"": 59.23868558542866, ""balanced"": 60.20345105032175, ""labor_market"": 68.20281972617661, ""recruitment"": 52.08550732283667}","{""academic_fit"": 22.243957191252125, ""balanced"": 18.159664120869213, ""labor_market"": 29.63952273124774, ""recruitment"": 10.661295418270939}","{""academic_fit"": 77.23253432193366, ""balanced"": 83.68502580566287, ""labor_market"": 86.15818238086561, ""recruitment"": 80.95453637013605}","{""academic_fit"": {""country_opportunity"": 0.25, ""friendliness"": 0.15, ""labor_demand"": 0.15, ""program_fit"": 0.45}, ""balanced"": {""country_opportunity"": 0.3, ""friendliness"": 0.2, ""labor_demand"": 0.3, ""program_fit"": 0.2}, ""labor_market"": {""country_opportunity"": 0.2, ""friendliness"": 0.15, ""labor_demand"": 0.45, ""program_fit"": 0.2}, ""recruitment"": {""country_opportunity"": 0.4, ""friendliness"": 0.3, ""labor_demand"": 0.1, ""program_fit"": 0.2}}",uncertainty_adjusted_management_priority_index_not_predicted_student_count,not_identified_ex_ante,,,,"incremental qualified applications, offers and enrolments attributable to the recruitment intervention",requires_prospective_campaign_evaluation,24,pre_registered_country_program_campaign_with_matched_comparison_or_stepped_wedge_rollout,qualified_leads;applications;offers;enrolments;yield;cost_per_enrolment,regularized_relative_demand_signal_from_overlapping_queries_not_unique_vacancies,ppml_russia_inbound_structural_allocation_v3;friendliness_receptivity_ex_ante_v3;trudvsem_program_demand_v4;mgimo_program_profiles,calculated_uncertainty_aware_scenario_ensemble,employer_linked_program_campaign_and_case_competitions,72,74.0,134.0,38.0,43.0,38.0,134.0,96.0
country_program_priority_evidence_v4,KHM,Cambodia,East Asia & Pacific,digital_analytics,digital_analytics,Цифровая аналитика и Data/AI,english_plus_russian_preparatory_year,No broad Russian or English functional-language signal is available in CLDR.,167.55416672419764,167.55416672419764,-15.859729091382542,148.0692865032078,878.291230563737,0.9433333333333334,0.05,70.0,2023,225.2250074192524,225.2250074192524,57.67084069505476,73.53684719994229,69.36975919194556,0.0,97.22836472831446,point_score multiplied by probability of positive structural gap,64.09164215514153,36.59164215514152,91.59164215514153,0.45,limited,False,44.26259194516726,"{""digital_finance_business_informatics"": 0.474608471948639, ""economic_legal"": 0.314695709463807}",calculated_from_existing_mgimo_country_profile_scores,57.83576220146514,37.1936785476967,76.96065573742321,3,0,59.516829845060556,61.207218381239294,58.166258659315005,54.964574878174574,58.84154425218778,58.84154425218778,54.964574878174574,61.207218381239294,54.964574878174574,61.207218381239294,6.24264350306472,9.068867327266602,79.96139463291368,70.89252730564708,C_monitor_and_test,"{""academic_fit"": 54.964574878174574, ""balanced"": 59.516829845060556, ""labor_market"": 58.166258659315005, ""recruitment"": 61.207218381239294}","{""academic_fit"": 16.38037285972014, ""balanced"": 13.075015620282166, ""labor_market"": 18.835899942284108, ""recruitment"": 9.068867327266602}","{""academic_fit"": 65.70337585071786, ""balanced"": 76.80236379410596, ""labor_market"": 74.40525827636023, ""recruitment"": 79.96139463291368}","{""academic_fit"": {""country_opportunity"": 0.25, ""friendliness"": 0.15, ""labor_demand"": 0.15, ""program_fit"": 0.45}, ""balanced"": {""country_opportunity"": 0.3, ""friendliness"": 0.2, ""labor_demand"": 0.3, ""program_fit"": 0.2}, ""labor_market"": {""country_opportunity"": 0.2, ""friendliness"": 0.15, ""labor_demand"": 0.45, ""program_fit"": 0.2}, ""recruitment"": {""country_opportunity"": 0.4, ""friendliness"": 0.3, ""labor_demand"": 0.1, ""program_fit"": 0.2}}",uncertainty_adjusted_management_priority_index_not_predicted_student_count,not_identified_ex_ante,,,,"incremental qualified applications, offers and enrolments attributable to the recruitment intervention",requires_prospective_campaign_evaluation,24,pre_registered_country_program_campaign_with_matched_comparison_or_stepped_wedge_rollout,qualified_leads;applications;offers;enrolments;yield;cost_per_enrolment,regularized_relative_demand_signal_from_overlapping_queries_not_unique_vacancies,ppml_russia_inbound_structural_allocation_v3;friendliness_receptivity_ex_ante_v3;trudvsem_program_demand_v4;mgimo_program_profiles,calculated_uncertainty_aware_scenario_ensemble,targeted_digital_campaign_with_local_partner_validation,73,81.0,70.0,117.0,58.0,58.0,117.0,59.0
country_program_priority_evidence_v4,NIC,Nicaragua,Latin America & Caribbean,digital_analytics,digital_analytics,Цифровая аналитика и Data/AI,english_plus_russian_preparatory_year,No broad Russian or English functional-language signal is available in CLDR.,173.43749072652136,173.43749072652136,29.668119610456475,161.8210225585733,557.5759363219272,1.0,0.09,23.0,2023,188.79623730333554,188.79623730333554,15.35874657681419,74.02892266253048,74.02892266253048,49.09702550030215,90.72087968129118,point_score multiplied by probability of positive structural gap,67.31861142770944,39.81861142770944,94.81861142770944,0.45,limited,False,38.94739682236993,"{""digital_finance_business_informatics"": 0.4199650968904591, ""economic_legal"": 0.2675094535566602}",calculated_from_existing_mgimo_country_profile_scores,57.83576220146514,37.1936785476967,76.96065573742321,3,0,59.75099716119316,62.143205971998704,57.88173525117449,53.18420646321817,58.81636620618383,58.81636620618383,53.18420646321817,62.143205971998704,53.18420646321817,62.143205971998704,8.958999508780536,40.68774443100261,76.66305428220998,35.97530985120737,B_targeted_validation,"{""academic_fit"": 53.18420646321817, ""balanced"": 59.75099716119316, ""labor_market"": 57.88173525117449, ""recruitment"": 62.143205971998704}","{""academic_fit"": 41.708914413510726, ""balanced"": 41.945849765736476, ""labor_market"": 40.68774443100261, ""recruitment"": 43.38680960925735}","{""academic_fit"": 61.37115548278275, ""balanced"": 73.88723350458403, ""labor_market"": 71.9501019551068, ""recruitment"": 76.66305428220998}","{""academic_fit"": {""country_opportunity"": 0.25, ""friendliness"": 0.15, ""labor_demand"": 0.15, ""program_fit"": 0.45}, ""balanced"": {""country_opportunity"": 0.3, ""friendliness"": 0.2, ""labor_demand"": 0.3, ""program_fit"": 0.2}, ""labor_market"": {""country_opportunity"": 0.2, ""friendliness"": 0.15, ""labor_demand"": 0.45, ""program_fit"": 0.2}, ""recruitment"": {""country_opportunity"": 0.4, ""friendliness"": 0.3, ""labor_demand"": 0.1, ""program_fit"": 0.2}}",uncertainty_adjusted_management_priority_index_not_predicted_student_count,not_identified_ex_ante,,,,"incremental qualified applications, offers and enrolments attributable to the recruitment intervention",requires_prospective_campaign_evaluation,24,pre_registered_country_program_campaign_with_matched_comparison_or_stepped_wedge_rollout,qualified_leads;applications;offers;enrolments;yield;cost_per_enrolment,regularized_relative_demand_signal_from_overlapping_queries_not_unique_vacancies,ppml_russia_inbound_structural_allocation_v3;friendliness_receptivity_ex_ante_v3;trudvsem_program_demand_v4;mgimo_program_profiles,calculated_uncertainty_aware_scenario_ensemble,digital_recruitment_scholarship_and_olympiad,74,79.0,65.0,120.0,65.0,65.0,120.0,55.0
country_program_priority_evidence_v4,SOM,Somalia,Sub-Saharan Africa,languages_regional,languages_regional,Иностранные языки и регионоведение,english_plus_russian_preparatory_year_plus_target_region_language,No broad Russian or English functional-language signal is available in CLDR.,371.0254596523729,371.0254596523729,42.66027797003462,328.91435243682554,1012.8978610218408,0.9933333333333333,0.49,149.0,2023,525.0011129523125,525.0011129523125,153.97565329993958,84.89174852253903,84.32580353238878,54.16295460832174,99.27130559080285,point_score multiplied by probability of positive structural gap,65.6844914965029,38.18449149650291,93.18449149650291,0.45,limited,False,16.51563821888965,"{""diplomatic_analytic"": 0.1592579399678645, ""economic_legal"": 0.1887501510730246}",calculated_from_existing_mgimo_country_profile_scores,90.84379582436037,85.35385228314937,94.68543083289845,2,1,59.89738351794188,57.58487252794934,61.31349102977472,40.36933617536568,58.74112802294561,58.74112802294561,40.36933617536568,61.31349102977472,40.36933617536568,61.31349102977472,20.944154854409035,33.116282653694434,68.40894428469525,35.29266163100082,B_targeted_validation,"{""academic_fit"": 40.36933617536568, ""balanced"": 59.89738351794188, ""labor_market"": 61.31349102977472, ""recruitment"": 57.58487252794934}","{""academic_fit"": 33.116282653694434, ""balanced"": 46.383704724421236, ""labor_market"": 50.46464564741399, ""recruitment"": 40.98125589948612}","{""academic_fit"": 44.53877424623877, ""balanced"": 68.19718443315043, ""labor_market"": 67.9323565757741, ""recruitment"": 68.40894428469525}","{""academic_fit"": {""country_opportunity"": 0.25, ""friendliness"": 0.15, ""labor_demand"": 0.15, ""program_fit"": 0.45}, ""balanced"": {""country_opportunity"": 0.3, ""friendliness"": 0.2, ""labor_demand"": 0.3, ""program_fit"": 0.2}, ""labor_market"": {""country_opportunity"": 0.2, ""friendliness"": 0.15, ""labor_demand"": 0.45, ""program_fit"": 0.2}, ""recruitment"": {""country_opportunity"": 0.4, ""friendliness"": 0.3, ""labor_demand"": 0.1, ""program_fit"": 0.2}}",uncertainty_adjusted_management_priority_index_not_predicted_student_count,not_identified_ex_ante,,,,"incremental qualified applications, offers and enrolments attributable to the recruitment intervention",requires_prospective_campaign_evaluation,24,pre_registered_country_program_campaign_with_matched_comparison_or_stepped_wedge_rollout,qualified_leads;applications;offers;enrolments;yield;cost_per_enrolment,regularized_relative_demand_signal_from_overlapping_queries_not_unique_vacancies,ppml_russia_inbound_structural_allocation_v3;friendliness_receptivity_ex_ante_v3;trudvsem_program_demand_v4;mgimo_program_profiles,calculated_uncertainty_aware_scenario_ensemble,employer_linked_program_campaign_and_case_competitions,75,77.0,92.0,89.0,157.0,77.0,157.0,80.0
country_program_priority_evidence_v4,BHR,Bahrain,Middle East & North Africa,languages_regional,languages_regional,Иностранные языки и регионоведение,english_plus_russian_preparatory_year_plus_target_region_language,No broad Russian or English functional-language signal is available in CLDR.,31.931660746639665,31.931660746639665,-47.546782251761556,18.08585022238453,211.7419000625797,0.6583333333333333,0.0,45.0,2023,120.50138463896643,120.50138463896643,88.56972389232676,50.11835563919724,32.99458412913818,0.0,76.87606628006898,point_score multiplied by probability of positive structural gap,63.790719388353246,36.290719388353246,91.29071938835325,0.45,limited,False,65.60300594359717,"{""diplomatic_analytic"": 0.6426831204973397, ""economic_legal"": 0.7094178151904993}",calculated_from_existing_mgimo_country_profile_scores,90.84379582436037,85.35385228314937,94.68543083289845,2,1,59.02252975778091,51.60598934581785,66.33743576519302,58.24889311034178,58.63571143406135,58.63571143406135,51.60598934581785,66.33743576519302,51.60598934581785,66.33743576519302,14.731446419375175,10.60439246346712,84.10319909256327,73.49880662909615,C_monitor_and_test,"{""academic_fit"": 58.24889311034178, ""balanced"": 59.02252975778091, ""labor_market"": 66.33743576519302, ""recruitment"": 51.60598934581785}","{""academic_fit"": 22.00053396669189, ""balanced"": 18.012834530132334, ""labor_market"": 29.3389305373474, ""recruitment"": 10.60439246346712}","{""academic_fit"": 76.03305286648853, ""balanced"": 82.24015976623731, ""labor_market"": 84.10319909256327, ""recruitment"": 80.27327573972318}","{""academic_fit"": {""country_opportunity"": 0.25, ""friendliness"": 0.15, ""labor_demand"": 0.15, ""program_fit"": 0.45}, ""balanced"": {""country_opportunity"": 0.3, ""friendliness"": 0.2, ""labor_demand"": 0.3, ""program_fit"": 0.2}, ""labor_market"": {""country_opportunity"": 0.2, ""friendliness"": 0.15, ""labor_demand"": 0.45, ""program_fit"": 0.2}, ""recruitment"": {""country_opportunity"": 0.4, ""friendliness"": 0.3, ""labor_demand"": 0.1, ""program_fit"": 0.2}}",uncertainty_adjusted_management_priority_index_not_predicted_student_count,not_identified_ex_ante,,,,"incremental qualified applications, offers and enrolments attributable to the recruitment intervention",requires_prospective_campaign_evaluation,24,pre_registered_country_program_campaign_with_matched_comparison_or_stepped_wedge_rollout,qualified_leads;applications;offers;enrolments;yield;cost_per_enrolment,regularized_relative_demand_signal_from_overlapping_queries_not_unique_vacancies,ppml_russia_inbound_structural_allocation_v3;friendliness_receptivity_ex_ante_v3;trudvsem_program_demand_v4;mgimo_program_profiles,calculated_uncertainty_aware_scenario_ensemble,employer_linked_program_campaign_and_case_competitions,76,83.0,139.0,49.0,46.0,46.0,139.0,93.0
country_program_priority_evidence_v4,NER,Niger,Sub-Saharan Africa,management_public,management_public,Управление и государственная политика,english_plus_russian_preparatory_year,No broad Russian or English functional-language signal is available in CLDR.,494.4652025116648,494.4652025116648,160.9628794116347,471.67872675748697,1062.3091707573137,1.0,0.8166666666666667,27.0,2023,521.5055102083084,521.5055102083084,27.04030769664352,89.0013274889097,89.0013274889097,72.96473150246261,99.95376750000088,point_score multiplied by probability of positive structural gap,64.80558862801902,37.305588628019024,92.30558862801902,0.45,limited,False,14.11088365426032,"{""diplomatic_analytic"": 0.1408765878391847, ""economic_legal"": 0.141457209597731}",calculated_from_existing_mgimo_country_profile_scores,95.82415369148119,86.55673351637238,99.07229069328204,2,3,59.87684955111794,57.189114100510395,61.49197864388276,38.50864753325583,58.53298182581417,58.53298182581417,38.50864753325583,61.49197864388276,38.50864753325583,61.49197864388276,22.983331110626928,33.30028795567461,67.2958808093251,33.995592853650486,B_targeted_validation,"{""academic_fit"": 38.50864753325583, ""balanced"": 59.87684955111794, ""labor_market"": 61.49197864388276, ""recruitment"": 57.189114100510395}","{""academic_fit"": 33.30028795567461, ""balanced"": 49.15676535701963, ""labor_market"": 52.10281100025816, ""recruitment"": 44.49939124106726}","{""academic_fit"": 41.96844918395307, ""balanced"": 67.11955084715288, ""labor_market"": 67.2958808093251, ""recruitment"": 66.70974678862895}","{""academic_fit"": {""country_opportunity"": 0.25, ""friendliness"": 0.15, ""labor_demand"": 0.15, ""program_fit"": 0.45}, ""balanced"": {""country_opportunity"": 0.3, ""friendliness"": 0.2, ""labor_demand"": 0.3, ""program_fit"": 0.2}, ""labor_market"": {""country_opportunity"": 0.2, ""friendliness"": 0.15, ""labor_demand"": 0.45, ""program_fit"": 0.2}, ""recruitment"": {""country_opportunity"": 0.4, ""friendliness"": 0.3, ""labor_demand"": 0.1, ""program_fit"": 0.2}}",uncertainty_adjusted_management_priority_index_not_predicted_student_count,not_identified_ex_ante,,,,"incremental qualified applications, offers and enrolments attributable to the recruitment intervention",requires_prospective_campaign_evaluation,24,pre_registered_country_program_campaign_with_matched_comparison_or_stepped_wedge_rollout,qualified_leads;applications;offers;enrolments;yield;cost_per_enrolment,regularized_relative_demand_signal_from_overlapping_queries_not_unique_vacancies,ppml_russia_inbound_structural_allocation_v3;friendliness_receptivity_ex_ante_v3;trudvsem_program_demand_v4;mgimo_program_profiles,calculated_uncertainty_aware_scenario_ensemble,employer_linked_program_campaign_and_case_competitions,77,78.0,94.0,87.0,172.0,78.0,172.0,94.0
country_program_priority_evidence_v4,TKM,Turkmenistan,Europe & Central Asia,digital_analytics,digital_analytics,Цифровая аналитика и Data/AI,english_plus_russian_preparatory_year,No broad Russian or English functional-language signal is available in CLDR.,20899.09774144761,20899.09774144761,-4225.610016350272,18289.21137341857,44948.6283143665,0.9066666666666666,0.9,35170.0,2023,53201.18925250277,53201.18925250277,32302.09151105516,100.0,90.66666666666666,0.0,100.0,point_score multiplied by probability of positive structural gap,63.19659916820704,43.19659916820703,83.19659916820703,0.6,limited,False,31.01611292724297,"{""digital_finance_business_informatics"": 0.3356866598126576, ""economic_legal"": 0.2080590071115178}",calculated_from_existing_mgimo_country_profile_scores,57.83576220146514,37.1936785476967,76.96065573742321,3,0,59.9529556059743,63.2200256099144,57.10314930305723,50.144160893762724,58.528052454515766,58.528052454515766,50.144160893762724,63.2200256099144,50.144160893762724,63.2200256099144,13.075864716151678,8.883173642357876,73.32579996266507,64.4426263203072,C_monitor_and_test,"{""academic_fit"": 50.144160893762724, ""balanced"": 59.9529556059743, ""labor_market"": 57.10314930305723, ""recruitment"": 63.2200256099144}","{""academic_fit"": 14.361557746189579, ""balanced"": 12.601654371504505, ""labor_market"": 18.00764185468563, ""recruitment"": 8.883173642357876}","{""academic_fit"": 55.81492507450045, ""balanced"": 70.90393105413199, ""labor_market"": 68.82635522475813, ""recruitment"": 73.32579996266507}","{""academic_fit"": {""country_opportunity"": 0.25, ""friendliness"": 0.15, ""labor_demand"": 0.15, ""program_fit"": 0.45}, ""balanced"": {""country_opportunity"": 0.3, ""friendliness"": 0.2, ""labor_demand"": 0.3, ""program_fit"": 0.2}, ""labor_market"": {""country_opportunity"": 0.2, ""friendliness"": 0.15, ""labor_demand"": 0.45, ""program_fit"": 0.2}, ""recruitment"": {""country_opportunity"": 0.4, ""friendliness"": 0.3, ""labor_demand"": 0.1, ""program_fit"": 0.2}}",uncertainty_adjusted_management_priority_index_not_predicted_student_count,not_identified_ex_ante,,,,"incremental qualified applications, offers and enrolments attributable to the recruitment intervention",requires_prospective_campaign_evaluation,24,pre_registered_country_program_campaign_with_matched_comparison_or_stepped_wedge_rollout,qualified_leads;applications;offers;enrolments;yield;cost_per_enrolment,regularized_relative_demand_signal_from_overlapping_queries_not_unique_vacancies,ppml_russia_inbound_structural_allocation_v3;friendliness_receptivity_ex_ante_v3;trudvsem_program_demand_v4;mgimo_program_profiles,calculated_uncertainty_aware_scenario_ensemble,targeted_digital_campaign_with_local_partner_validation,78,76.0,61.0,125.0,92.0,61.0,125.0,64.0
country_program_priority_evidence_v4,LSO,Lesotho,Sub-Saharan Africa,management_public,management_public,Управление и государственная политика,english_with_optional_russian_preparatory_module,CLDR indicates a material functional English-language environment.,52.13806068218432,52.13806068218432,16.867746505360522,48.154089086847904,117.87455280311231,1.0,0.0,4.0,2023,54.347518188702765,54.347518188702765,2.2094575065184467,56.98057440198765,56.98057440198765,41.34891601105692,68.52866963964306,point_score multiplied by probability of positive structural gap,63.89362799810429,36.39362799810429,91.3936279981043,0.45,limited,False,31.59401780453368,"{""diplomatic_analytic"": 0.3109530097338055, ""economic_legal"": 0.3234209305126337}",calculated_from_existing_mgimo_country_profile_scores,95.82415369148119,86.55673351637238,99.07229069328204,2,3,61.02762709305127,55.70295037685711,65.53686853204725,48.65631042339872,58.36528873495419,58.36528873495419,48.65631042339872,65.53686853204725,48.65631042339872,65.53686853204725,16.88055810864853,40.79099774235064,72.73216602857299,31.94116828622235,B_targeted_validation,"{""academic_fit"": 48.65631042339872, ""balanced"": 61.02762709305127, ""labor_market"": 65.53686853204725, ""recruitment"": 55.70295037685711}","{""academic_fit"": 40.79099774235064, ""balanced"": 48.2619962248776, ""labor_market"": 54.15325974105315, ""recruitment"": 41.22032022360224}","{""academic_fit"": 53.9541729477023, ""balanced"": 69.85185411080371, ""labor_market"": 72.73216602857299, ""recruitment"": 66.81835262678999}","{""academic_fit"": {""country_opportunity"": 0.25, ""friendliness"": 0.15, ""labor_demand"": 0.15, ""program_fit"": 0.45}, ""balanced"": {""country_opportunity"": 0.3, ""friendliness"": 0.2, ""labor_demand"": 0.3, ""program_fit"": 0.2}, ""labor_market"": {""country_opportunity"": 0.2, ""friendliness"": 0.15, ""labor_demand"": 0.45, ""program_fit"": 0.2}, ""recruitment"": {""country_opportunity"": 0.4, ""friendliness"": 0.3, ""labor_demand"": 0.1, ""program_fit"": 0.2}}",uncertainty_adjusted_management_priority_index_not_predicted_student_count,not_identified_ex_ante,,,,"incremental qualified applications, offers and enrolments attributable to the recruitment intervention",requires_prospective_campaign_evaluation,24,pre_registered_country_program_campaign_with_matched_comparison_or_stepped_wedge_rollout,qualified_leads;applications;offers;enrolments;yield;cost_per_enrolment,regularized_relative_demand_signal_from_overlapping_queries_not_unique_vacancies,ppml_russia_inbound_structural_allocation_v3;friendliness_receptivity_ex_ante_v3;trudvsem_program_demand_v4;mgimo_program_profiles,calculated_uncertainty_aware_scenario_ensemble,employer_linked_program_campaign_and_case_competitions,79,72.0,102.0,56.0,99.0,56.0,102.0,46.0
country_program_priority_evidence_v4,MUS,Mauritius,Sub-Saharan Africa,management_public,management_public,Управление и государственная политика,english_with_optional_russian_preparatory_module,CLDR indicates a material functional English-language environment.,11.452155161881828,11.452155161881828,-5.561774968025375,8.604600126865996,53.16870874084784,0.82,0.0,13.0,2023,24.36121811949668,24.36121811949668,12.909062957614852,36.16984808379601,29.65927542871273,0.0,57.25609021239519,point_score multiplied by probability of positive structural gap,63.15330448715646,35.65330448715646,90.65330448715648,0.45,limited,False,67.79894203442944,"{""diplomatic_analytic"": 0.6493061715697352, ""economic_legal"": 0.7210142935061333}",calculated_from_existing_mgimo_country_profile_scores,95.82415369148119,86.55673351637238,99.07229069328204,2,3,58.39860371698485,49.95555788490776,66.87793881555422,57.97106794849199,58.18483583273842,58.18483583273842,49.95555788490776,66.87793881555422,49.95555788490776,66.87793881555422,16.922380930646455,10.63305043115391,81.41917409681665,70.78612366566274,C_monitor_and_test,"{""academic_fit"": 57.97106794849199, ""balanced"": 58.39860371698485, ""labor_market"": 66.87793881555422, ""recruitment"": 49.95555788490776}","{""academic_fit"": 22.31263293899704, ""balanced"": 18.14280657228362, ""labor_market"": 29.637546359510186, ""recruitment"": 10.63305043115391}","{""academic_fit"": 72.1597545018866, ""balanced"": 76.7929155132835, ""labor_market"": 81.41917409681665, ""recruitment"": 72.11196571740288}","{""academic_fit"": {""country_opportunity"": 0.25, ""friendliness"": 0.15, ""labor_demand"": 0.15, ""program_fit"": 0.45}, ""balanced"": {""country_opportunity"": 0.3, ""friendliness"": 0.2, ""labor_demand"": 0.3, ""program_fit"": 0.2}, ""labor_market"": {""country_opportunity"": 0.2, ""friendliness"": 0.15, ""labor_demand"": 0.45, ""program_fit"": 0.2}, ""recruitment"": {""country_opportunity"": 0.4, ""friendliness"": 0.3, ""labor_demand"": 0.1, ""program_fit"": 0.2}}",uncertainty_adjusted_management_priority_index_not_predicted_student_count,not_identified_ex_ante,,,,"incremental qualified applications, offers and enrolments attributable to the recruitment intervention",requires_prospective_campaign_evaluation,24,pre_registered_country_program_campaign_with_matched_comparison_or_stepped_wedge_rollout,qualified_leads;applications;offers;enrolments;yield;cost_per_enrolment,regularized_relative_demand_signal_from_overlapping_queries_not_unique_vacancies,ppml_russia_inbound_structural_allocation_v3;friendliness_receptivity_ex_ante_v3;trudvsem_program_demand_v4;mgimo_program_profiles,calculated_uncertainty_aware_scenario_ensemble,employer_linked_program_campaign_and_case_competitions,80,87.0,150.0,47.0,47.0,47.0,150.0,103.0
country_program_priority_evidence_v4,BGD,Bangladesh,South Asia,digital_analytics,digital_analytics,Цифровая аналитика и Data/AI,english_plus_russian_preparatory_year,No broad Russian or English functional-language signal is available in CLDR.,463.77351122663737,463.77351122663737,-163.85613125144286,400.79882642102916,1588.8601853091898,0.885,0.5616666666666666,541.0,2023,949.34745736248,949.34745736248,485.5739461358426,88.08417939205468,77.9544987619684,0.0,100.0,point_score multiplied by probability of positive structural gap,63.580875490726164,36.08087549072616,91.08087549072617,0.45,limited,False,35.878664088542,"{""digital_finance_business_informatics"": 0.387287147073687, ""economic_legal"": 0.244784616132352}",calculated_from_existing_mgimo_country_profile_scores,57.83576220146514,37.1936785476967,76.96065573742321,3,0,59.04184596611385,61.37333616154724,57.06413658599403,51.52683588490085,58.05299127605394,58.05299127605394,51.52683588490085,61.37333616154724,51.52683588490085,61.37333616154724,9.846500276646395,8.669175700729667,77.48195891936126,68.8127832186316,C_monitor_and_test,"{""academic_fit"": 51.52683588490085, ""balanced"": 59.04184596611385, ""labor_market"": 57.06413658599403, ""recruitment"": 61.37333616154724}","{""academic_fit"": 14.907289229286139, ""balanced"": 12.515871764546244, ""labor_market"": 18.042733279038416, ""recruitment"": 8.669175700729667}","{""academic_fit"": 60.28573211640268, ""balanced"": 74.25515473916825, ""labor_market"": 71.75750345496428, ""recruitment"": 77.48195891936126}","{""academic_fit"": {""country_opportunity"": 0.25, ""friendliness"": 0.15, ""labor_demand"": 0.15, ""program_fit"": 0.45}, ""balanced"": {""country_opportunity"": 0.3, ""friendliness"": 0.2, ""labor_demand"": 0.3, ""program_fit"": 0.2}, ""labor_market"": {""country_opportunity"": 0.2, ""friendliness"": 0.15, ""labor_demand"": 0.45, ""program_fit"": 0.2}, ""recruitment"": {""country_opportunity"": 0.4, ""friendliness"": 0.3, ""labor_demand"": 0.1, ""program_fit"": 0.2}}",uncertainty_adjusted_management_priority_index_not_predicted_student_count,not_identified_ex_ante,,,,"incremental qualified applications, offers and enrolments attributable to the recruitment intervention",requires_prospective_campaign_evaluation,24,pre_registered_country_program_campaign_with_matched_comparison_or_stepped_wedge_rollout,qualified_leads;applications;offers;enrolments;yield;cost_per_enrolment,regularized_relative_demand_signal_from_overlapping_queries_not_unique_vacancies,ppml_russia_inbound_structural_allocation_v3;friendliness_receptivity_ex_ante_v3;trudvsem_program_demand_v4;mgimo_program_profiles,calculated_uncertainty_aware_scenario_ensemble,targeted_digital_campaign_with_local_partner_validation,81,82.0,68.0,126.0,78.0,68.0,126.0,58.0
country_program_priority_evidence_v4,NER,Niger,Sub-Saharan Africa,languages_regional,languages_regional,Иностранные языки и регионоведение,english_plus_russian_preparatory_year_plus_target_region_language,No broad Russian or English functional-language signal is available in CLDR.,494.4652025116648,494.4652025116648,160.9628794116347,471.67872675748697,1062.3091707573137,1.0,0.8166666666666667,27.0,2023,521.5055102083084,521.5055102083084,27.04030769664352,89.0013274889097,89.0013274889097,72.96473150246261,99.95376750000088,point_score multiplied by probability of positive structural gap,64.80558862801902,37.305588628019024,92.30558862801902,0.45,limited,False,14.099271219089395,"{""diplomatic_analytic"": 0.1408765878391847, ""economic_legal"": 0.141457209597731}",calculated_from_existing_mgimo_country_profile_scores,90.84379582436037,85.35385228314937,94.68543083289845,2,1,58.92668378127013,56.879164111038094,60.03872269849847,38.19160757003297,57.90292394615411,57.90292394615411,38.19160757003297,60.03872269849847,38.19160757003297,60.03872269849847,21.847115128465497,33.2197660623155,66.40116737905667,33.18140131674117,B_targeted_validation,"{""academic_fit"": 38.19160757003297, ""balanced"": 58.92668378127013, ""labor_market"": 60.03872269849847, ""recruitment"": 56.879164111038094}","{""academic_fit"": 33.2197660623155, ""balanced"": 48.945658073481454, ""labor_market"": 51.77151260233417, ""recruitment"": 44.43104330562201}","{""academic_fit"": 41.67278004792765, ""balanced"": 66.21278559155512, ""labor_market"": 65.9418452306524, ""recruitment"": 66.40116737905667}","{""academic_fit"": {""country_opportunity"": 0.25, ""friendliness"": 0.15, ""labor_demand"": 0.15, ""program_fit"": 0.45}, ""balanced"": {""country_opportunity"": 0.3, ""friendliness"": 0.2, ""labor_demand"": 0.3, ""program_fit"": 0.2}, ""labor_market"": {""country_opportunity"": 0.2, ""friendliness"": 0.15, ""labor_demand"": 0.45, ""program_fit"": 0.2}, ""recruitment"": {""country_opportunity"": 0.4, ""friendliness"": 0.3, ""labor_demand"": 0.1, ""program_fit"": 0.2}}",uncertainty_adjusted_management_priority_index_not_predicted_student_count,not_identified_ex_ante,,,,"incremental qualified applications, offers and enrolments attributable to the recruitment intervention",requires_prospective_campaign_evaluation,24,pre_registered_country_program_campaign_with_matched_comparison_or_stepped_wedge_rollout,qualified_leads;applications;offers;enrolments;yield;cost_per_enrolment,regularized_relative_demand_signal_from_overlapping_queries_not_unique_vacancies,ppml_russia_inbound_structural_allocation_v3;friendliness_receptivity_ex_ante_v3;trudvsem_program_demand_v4;mgimo_program_profiles,calculated_uncertainty_aware_scenario_ensemble,employer_linked_program_campaign_and_case_competitions,82,85.0,95.0,99.0,177.0,85.0,177.0,92.0
country_program_priority_evidence_v4,BRN,Brunei Darussalam,East Asia & Pacific,digital_analytics,digital_analytics,Цифровая аналитика и Data/AI,english_plus_russian_preparatory_year,No broad Russian or English functional-language signal is available in CLDR.,27.68292137188877,27.68292137188877,1.6687296160728595,24.97722746958047,147.35972419963497,0.9916666666666667,0.0,5.0,2023,30.898809810727528,30.898809810727528,3.2158884388387574,48.13721061073633,47.7360671889802,14.078474158191256,71.70651739694688,point_score multiplied by probability of positive structural gap,63.74656018971629,36.24656018971629,91.24656018971629,0.45,limited,False,64.45488363458833,"{""digital_finance_business_informatics"": 0.6495232227550193, ""economic_legal"": 0.6246512907093391}",calculated_from_existing_mgimo_country_profile_scores,57.83576220146514,37.1936785476967,76.96065573742321,3,0,57.32683123794785,56.79843610187565,58.13775550699349,59.148520203675346,57.73229337247067,57.73229337247067,56.79843610187565,59.148520203675346,56.79843610187565,59.148520203675346,2.3500841017996947,28.822722187799833,76.23755800945838,47.41483582165855,C_monitor_and_test,"{""academic_fit"": 59.148520203675346, ""balanced"": 57.32683123794785, ""labor_market"": 58.13775550699349, ""recruitment"": 56.79843610187565}","{""academic_fit"": 38.05428346778182, ""balanced"": 31.709466612277616, ""labor_market"": 34.84156160511641, ""recruitment"": 28.822722187799833}","{""academic_fit"": 71.90676259578154, ""balanced"": 75.49039906166223, ""labor_market"": 75.38209453058843, ""recruitment"": 76.23755800945838}","{""academic_fit"": {""country_opportunity"": 0.25, ""friendliness"": 0.15, ""labor_demand"": 0.15, ""program_fit"": 0.45}, ""balanced"": {""country_opportunity"": 0.3, ""friendliness"": 0.2, ""labor_demand"": 0.3, ""program_fit"": 0.2}, ""labor_market"": {""country_opportunity"": 0.2, ""friendliness"": 0.15, ""labor_demand"": 0.45, ""program_fit"": 0.2}, ""recruitment"": {""country_opportunity"": 0.4, ""friendliness"": 0.3, ""labor_demand"": 0.1, ""program_fit"": 0.2}}",uncertainty_adjusted_management_priority_index_not_predicted_student_count,not_identified_ex_ante,,,,"incremental qualified applications, offers and enrolments attributable to the recruitment intervention",requires_prospective_campaign_evaluation,24,pre_registered_country_program_campaign_with_matched_comparison_or_stepped_wedge_rollout,qualified_leads;applications;offers;enrolments;yield;cost_per_enrolment,regularized_relative_demand_signal_from_overlapping_queries_not_unique_vacancies,ppml_russia_inbound_structural_allocation_v3;friendliness_receptivity_ex_ante_v3;trudvsem_program_demand_v4;mgimo_program_profiles,calculated_uncertainty_aware_scenario_ensemble,targeted_digital_campaign_with_local_partner_validation,83,95.0,96.0,118.0,44.0,44.0,118.0,74.0
country_program_priority_evidence_v4,LSO,Lesotho,Sub-Saharan Africa,languages_regional,languages_regional,Иностранные языки и регионоведение,english_with_optional_russian_preparatory_module_plus_target_region_language,CLDR indicates a material functional English-language environment.,52.13806068218432,52.13806068218432,16.867746505360522,48.154089086847904,117.87455280311231,1.0,0.0,4.0,2023,54.347518188702765,54.347518188702765,2.2094575065184467,56.98057440198765,56.98057440198765,41.34891601105692,68.52866963964306,point_score multiplied by probability of positive structural gap,63.89362799810429,36.39362799810429,91.3936279981043,0.45,limited,False,31.34465938895712,"{""diplomatic_analytic"": 0.3109530097338055, ""economic_legal"": 0.3234209305126337}",calculated_from_existing_mgimo_country_profile_scores,90.84379582436037,85.35385228314937,94.68543083289845,2,1,59.976242663406175,55.324531758349934,63.899634577057455,48.10588385833711,57.65038721087805,57.65038721087805,48.10588385833711,63.899634577057455,48.10588385833711,63.899634577057455,15.793750718720347,40.56600694652285,71.17030830846896,30.604301361946114,B_targeted_validation,"{""academic_fit"": 48.10588385833711, ""balanced"": 59.976242663406175, ""labor_market"": 63.899634577057455, ""recruitment"": 55.324531758349934}","{""academic_fit"": 40.56600694652285, ""balanced"": 47.98835552640686, ""labor_market"": 53.73459936038064, ""recruitment"": 41.10016019181631}","{""academic_fit"": 53.40770838602449, ""balanced"": 68.81299615819256, ""labor_market"": 71.17030830846896, ""recruitment"": 66.41740426136728}","{""academic_fit"": {""country_opportunity"": 0.25, ""friendliness"": 0.15, ""labor_demand"": 0.15, ""program_fit"": 0.45}, ""balanced"": {""country_opportunity"": 0.3, ""friendliness"": 0.2, ""labor_demand"": 0.3, ""program_fit"": 0.2}, ""labor_market"": {""country_opportunity"": 0.2, ""friendliness"": 0.15, ""labor_demand"": 0.45, ""program_fit"": 0.2}, ""recruitment"": {""country_opportunity"": 0.4, ""friendliness"": 0.3, ""labor_demand"": 0.1, ""program_fit"": 0.2}}",uncertainty_adjusted_management_priority_index_not_predicted_student_count,not_identified_ex_ante,,,,"incremental qualified applications, offers and enrolments attributable to the recruitment intervention",requires_prospective_campaign_evaluation,24,pre_registered_country_program_campaign_with_matched_comparison_or_stepped_wedge_rollout,qualified_leads;applications;offers;enrolments;yield;cost_per_enrolment,regularized_relative_demand_signal_from_overlapping_queries_not_unique_vacancies,ppml_russia_inbound_structural_allocation_v3;friendliness_receptivity_ex_ante_v3;trudvsem_program_demand_v4;mgimo_program_profiles,calculated_uncertainty_aware_scenario_ensemble,employer_linked_program_campaign_and_case_competitions,84,75.0,104.0,68.0,103.0,68.0,104.0,36.0
country_program_priority_evidence_v4,BFA,Burkina Faso,Sub-Saharan Africa,management_public,management_public,Управление и государственная политика,english_plus_russian_preparatory_year,No broad Russian or English functional-language signal is available in CLDR.,235.41478397807734,235.41478397807734,74.28192356188265,217.03767895358453,463.0755403403525,1.0,0.035,32.0,2023,272.4262376500111,272.4262376500111,37.011453671933765,78.38929933944887,78.38929933944887,61.97667856140877,88.06262468380872,point_score multiplied by probability of positive structural gap,64.97678479047427,37.47678479047427,92.47678479047427,0.45,limited,False,15.923168338902464,"{""diplomatic_analytic"": 0.149553815328358, ""economic_legal"": 0.1737484854800246}",calculated_from_existing_mgimo_country_profile_scores,95.82415369148119,86.55673351637238,99.07229069328204,2,3,59.01696805281487,55.67951759974644,61.36612443782198,39.2863879155187,57.348242826280654,57.348242826280654,39.2863879155187,61.36612443782198,39.2863879155187,61.36612443782198,22.07973652230328,33.683217255788826,67.15229387386137,33.46907661807254,B_targeted_validation,"{""academic_fit"": 39.2863879155187, ""balanced"": 59.01696805281487, ""labor_market"": 61.36612443782198, ""recruitment"": 55.67951759974644}","{""academic_fit"": 33.683217255788826, ""balanced"": 47.95738640957847, ""labor_market"": 51.64413712099423, ""recruitment"": 42.74009166185764}","{""academic_fit"": 42.81262858686566, ""balanced"": 66.14827352551404, ""labor_market"": 67.15229387386137, ""recruitment"": 64.93751585195737}","{""academic_fit"": {""country_opportunity"": 0.25, ""friendliness"": 0.15, ""labor_demand"": 0.15, ""program_fit"": 0.45}, ""balanced"": {""country_opportunity"": 0.3, ""friendliness"": 0.2, ""labor_demand"": 0.3, ""program_fit"": 0.2}, ""labor_market"": {""country_opportunity"": 0.2, ""friendliness"": 0.15, ""labor_demand"": 0.45, ""program_fit"": 0.2}, ""recruitment"": {""country_opportunity"": 0.4, ""friendliness"": 0.3, ""labor_demand"": 0.1, ""program_fit"": 0.2}}",uncertainty_adjusted_management_priority_index_not_predicted_student_count,not_identified_ex_ante,,,,"incremental qualified applications, offers and enrolments attributable to the recruitment intervention",requires_prospective_campaign_evaluation,24,pre_registered_country_program_campaign_with_matched_comparison_or_stepped_wedge_rollout,qualified_leads;applications;offers;enrolments;yield;cost_per_enrolment,regularized_relative_demand_signal_from_overlapping_queries_not_unique_vacancies,ppml_russia_inbound_structural_allocation_v3;friendliness_receptivity_ex_ante_v3;trudvsem_program_demand_v4;mgimo_program_profiles,calculated_uncertainty_aware_scenario_ensemble,employer_linked_program_campaign_and_case_competitions,85,84.0,103.0,88.0,162.0,84.0,162.0,78.0
country_program_priority_evidence_v4,TLS,Timor-Leste,East Asia & Pacific,management_public,management_public,Управление и государственная политика,english_plus_russian_preparatory_year,No broad Russian or English functional-language signal is available in CLDR.,27.276727630199744,27.276727630199744,4.729599494410095,24.742779437199516,119.73734598660553,1.0,0.0,0.0,2023,27.40775645015645,27.40775645015645,0.1310288199567067,47.932649446427455,47.932649446427455,25.036636946785155,68.75167479870697,point_score multiplied by probability of positive structural gap,62.59343089263013,35.09343089263013,90.09343089263014,0.45,limited,False,39.97707600152223,"{""diplomatic_analytic"": 0.4012308943588184, ""economic_legal"": 0.3975805584998281}",calculated_from_existing_mgimo_country_profile_scores,95.82415369148119,86.55673351637238,99.07229069328204,2,3,60.47056170025127,54.15622195516949,66.11668541481683,51.538424491770904,57.313391827710376,57.313391827710376,51.538424491770904,66.11668541481683,51.538424491770904,66.11668541481683,14.578260923045924,35.146184067082615,76.02598132678429,40.879797259701675,B_targeted_validation,"{""academic_fit"": 51.538424491770904, ""balanced"": 60.47056170025127, ""labor_market"": 66.11668541481683, ""recruitment"": 54.15622195516949}","{""academic_fit"": 39.82684831380057, ""balanced"": 43.35456010282858, ""labor_market"": 51.162094978913785, ""recruitment"": 35.146184067082615}","{""academic_fit"": 59.72839650149589, ""balanced"": 72.98687602439962, ""labor_market"": 76.02598132678429, ""recruitment"": 69.74067992497768}","{""academic_fit"": {""country_opportunity"": 0.25, ""friendliness"": 0.15, ""labor_demand"": 0.15, ""program_fit"": 0.45}, ""balanced"": {""country_opportunity"": 0.3, ""friendliness"": 0.2, ""labor_demand"": 0.3, ""program_fit"": 0.2}, ""labor_market"": {""country_opportunity"": 0.2, ""friendliness"": 0.15, ""labor_demand"": 0.45, ""program_fit"": 0.2}, ""recruitment"": {""country_opportunity"": 0.4, ""friendliness"": 0.3, ""labor_demand"": 0.1, ""program_fit"": 0.2}}",uncertainty_adjusted_management_priority_index_not_predicted_student_count,not_identified_ex_ante,,,,"incremental qualified applications, offers and enrolments attributable to the recruitment intervention",requires_prospective_campaign_evaluation,24,pre_registered_country_program_campaign_with_matched_comparison_or_stepped_wedge_rollout,qualified_leads;applications;offers;enrolments;yield;cost_per_enrolment,regularized_relative_demand_signal_from_overlapping_queries_not_unique_vacancies,ppml_russia_inbound_structural_allocation_v3;friendliness_receptivity_ex_ante_v3;trudvsem_program_demand_v4;mgimo_program_profiles,calculated_uncertainty_aware_scenario_ensemble,employer_linked_program_campaign_and_case_competitions,86,73.0,115.0,52.0,77.0,52.0,115.0,63.0
country_program_priority_evidence_v4,MUS,Mauritius,Sub-Saharan Africa,languages_regional,languages_regional,Иностранные языки и регионоведение,english_with_optional_russian_preparatory_module_plus_target_region_language,CLDR indicates a material functional English-language environment.,11.452155161881828,11.452155161881828,-5.561774968025375,8.604600126865996,53.16870874084784,0.82,0.0,13.0,2023,24.36121811949668,24.36121811949668,12.909062957614852,36.16984808379601,29.65927542871273,0.0,57.25609021239519,point_score multiplied by probability of positive structural gap,63.15330448715646,35.65330448715646,90.65330448715648,0.45,limited,False,66.36477959570148,"{""diplomatic_analytic"": 0.6493061715697352, ""economic_legal"": 0.7210142935061333}",calculated_from_existing_mgimo_country_profile_scores,90.84379582436037,85.35385228314937,94.68543083289845,2,1,57.23906415892992,49.483527521584094,65.03286063386284,56.971050592920555,57.10505737592524,57.10505737592524,49.483527521584094,65.03286063386284,49.483527521584094,65.03286063386284,15.549333112278745,10.57370809719842,79.4577582938851,68.88405019668669,C_monitor_and_test,"{""academic_fit"": 56.971050592920555, ""balanced"": 57.23906415892992, ""labor_market"": 65.03286063386284, ""recruitment"": 49.483527521584094}","{""academic_fit"": 22.056299776336356, ""balanced"": 17.991706040202455, ""labor_market"": 29.32978959306054, ""recruitment"": 10.57370809719842}","{""academic_fit"": 70.99991901406692, ""balanced"": 75.44856353085252, ""labor_market"": 79.4577582938851, ""recruitment"": 71.48760681813977}","{""academic_fit"": {""country_opportunity"": 0.25, ""friendliness"": 0.15, ""labor_demand"": 0.15, ""program_fit"": 0.45}, ""balanced"": {""country_opportunity"": 0.3, ""friendliness"": 0.2, ""labor_demand"": 0.3, ""program_fit"": 0.2}, ""labor_market"": {""country_opportunity"": 0.2, ""friendliness"": 0.15, ""labor_demand"": 0.45, ""program_fit"": 0.2}, ""recruitment"": {""country_opportunity"": 0.4, ""friendliness"": 0.3, ""labor_demand"": 0.1, ""program_fit"": 0.2}}",uncertainty_adjusted_management_priority_index_not_predicted_student_count,not_identified_ex_ante,,,,"incremental qualified applications, offers and enrolments attributable to the recruitment intervention",requires_prospective_campaign_evaluation,24,pre_registered_country_program_campaign_with_matched_comparison_or_stepped_wedge_rollout,qualified_leads;applications;offers;enrolments;yield;cost_per_enrolment,regularized_relative_demand_signal_from_overlapping_queries_not_unique_vacancies,ppml_russia_inbound_structural_allocation_v3;friendliness_receptivity_ex_ante_v3;trudvsem_program_demand_v4;mgimo_program_profiles,calculated_uncertainty_aware_scenario_ensemble,employer_linked_program_campaign_and_case_competitions,87,96.0,156.0,61.0,51.0,51.0,156.0,105.0
country_program_priority_evidence_v4,TLS,Timor-Leste,East Asia & Pacific,languages_regional,languages_regional,Иностранные языки и регионоведение,english_plus_russian_preparatory_year_plus_target_region_language,No broad Russian or English functional-language signal is available in CLDR.,27.276727630199744,27.276727630199744,4.729599494410095,24.742779437199516,119.73734598660553,1.0,0.0,0.0,2023,27.40775645015645,27.40775645015645,0.1310288199567067,47.932649446427455,47.932649446427455,25.036636946785155,68.75167479870697,point_score multiplied by probability of positive structural gap,62.59343089263013,35.09343089263013,90.09343089263014,0.45,limited,False,40.05008271870204,"{""diplomatic_analytic"": 0.4012308943588184, ""economic_legal"": 0.3975805584998281}",calculated_from_existing_mgimo_country_profile_scores,90.84379582436037,85.35385228314937,94.68543083289845,2,1,59.54131902859889,53.89017392532139,64.58704858383204,51.17277134523619,56.71574647696014,56.71574647696014,51.17277134523619,64.58704858383204,51.17277134523619,64.58704858383204,13.41427723859585,35.110095438700576,74.53427611690374,39.424180678203165,B_targeted_validation,"{""academic_fit"": 51.17277134523619, ""balanced"": 59.54131902859889, ""labor_market"": 64.58704858383204, ""recruitment"": 53.89017392532139}","{""academic_fit"": 39.77614104148603, ""balanced"": 43.190382269134474, ""labor_market"": 50.862699736381266, ""recruitment"": 35.110095438700576}","{""academic_fit"": 59.375671474254546, ""balanced"": 72.03755801976517, ""labor_market"": 74.53427611690374, ""recruitment"": 69.4534764523639}","{""academic_fit"": {""country_opportunity"": 0.25, ""friendliness"": 0.15, ""labor_demand"": 0.15, ""program_fit"": 0.45}, ""balanced"": {""country_opportunity"": 0.3, ""friendliness"": 0.2, ""labor_demand"": 0.3, ""program_fit"": 0.2}, ""labor_market"": {""country_opportunity"": 0.2, ""friendliness"": 0.15, ""labor_demand"": 0.45, ""program_fit"": 0.2}, ""recruitment"": {""country_opportunity"": 0.4, ""friendliness"": 0.3, ""labor_demand"": 0.1, ""program_fit"": 0.2}}",uncertainty_adjusted_management_priority_index_not_predicted_student_count,not_identified_ex_ante,,,,"incremental qualified applications, offers and enrolments attributable to the recruitment intervention",requires_prospective_campaign_evaluation,24,pre_registered_country_program_campaign_with_matched_comparison_or_stepped_wedge_rollout,qualified_leads;applications;offers;enrolments;yield;cost_per_enrolment,regularized_relative_demand_signal_from_overlapping_queries_not_unique_vacancies,ppml_russia_inbound_structural_allocation_v3;friendliness_receptivity_ex_ante_v3;trudvsem_program_demand_v4;mgimo_program_profiles,calculated_uncertainty_aware_scenario_ensemble,employer_linked_program_campaign_and_case_competitions,88,80.0,118.0,63.0,82.0,63.0,118.0,55.0
country_program_priority_evidence_v4,SYR,Syrian Arab Republic,Middle East & North Africa,languages_regional,languages_regional,Иностранные языки и регионоведение,english_plus_russian_preparatory_year_plus_target_region_language,No broad Russian or English functional-language signal is available in CLDR.,2790.011825756514,2790.011825756514,-934.5274782324938,2519.8290835864873,8793.305652129202,0.8966666666666666,0.8566666666666667,3672.0,2023,6331.500059389364,6331.500059389364,3541.4882336328496,100.0,89.66666666666666,0.0,100.0,point_score multiplied by probability of positive structural gap,67.47725890252876,39.97725890252875,94.97725890252876,0.45,limited,False,11.73014122417043,"{""diplomatic_analytic"": 0.1269650215251083, ""economic_legal"": 0.0786469751080882}",calculated_from_existing_mgimo_country_profile_scores,90.84379582436037,85.35385228314937,94.68543083289845,2,1,57.53124681834394,55.79473548078987,58.45735707740123,35.64551691714091,56.662991149566906,56.662991149566906,35.64551691714091,58.45735707740123,35.64551691714091,58.45735707740123,22.811840160260317,7.834951515424368,64.7304914694406,56.89553995401623,C_monitor_and_test,"{""academic_fit"": 35.64551691714091, ""balanced"": 57.53124681834394, ""labor_market"": 58.45735707740123, ""recruitment"": 55.79473548078987}","{""academic_fit"": 10.596861762890748, ""balanced"": 13.183732004070695, ""labor_market"": 21.37240909203986, ""recruitment"": 7.834951515424368}","{""academic_fit"": 38.760203028042895, ""balanced"": 64.36193555464077, ""labor_market"": 64.0052228691335, ""recruitment"": 64.7304914694406}","{""academic_fit"": {""country_opportunity"": 0.25, ""friendliness"": 0.15, ""labor_demand"": 0.15, ""program_fit"": 0.45}, ""balanced"": {""country_opportunity"": 0.3, ""friendliness"": 0.2, ""labor_demand"": 0.3, ""program_fit"": 0.2}, ""labor_market"": {""country_opportunity"": 0.2, ""friendliness"": 0.15, ""labor_demand"": 0.45, ""program_fit"": 0.2}, ""recruitment"": {""country_opportunity"": 0.4, ""friendliness"": 0.3, ""labor_demand"": 0.1, ""program_fit"": 0.2}}",uncertainty_adjusted_management_priority_index_not_predicted_student_count,not_identified_ex_ante,,,,"incremental qualified applications, offers and enrolments attributable to the recruitment intervention",requires_prospective_campaign_evaluation,24,pre_registered_country_program_campaign_with_matched_comparison_or_stepped_wedge_rollout,qualified_leads;applications;offers;enrolments;yield;cost_per_enrolment,regularized_relative_demand_signal_from_overlapping_queries_not_unique_vacancies,ppml_russia_inbound_structural_allocation_v3;friendliness_receptivity_ex_ante_v3;trudvsem_program_demand_v4;mgimo_program_profiles,calculated_uncertainty_aware_scenario_ensemble,employer_linked_program_campaign_and_case_competitions,89,94.0,101.0,112.0,200.0,94.0,200.0,106.0
country_program_priority_evidence_v4,UGA,Uganda,Sub-Saharan Africa,management_public,management_public,Управление и государственная политика,english_with_optional_russian_preparatory_module,CLDR indicates a material functional English-language environment.,243.71786376458914,243.71786376458914,30.848241576477772,229.01802169931238,628.9893447637004,1.0,0.09833333333333333,99.0,2023,330.2004674675871,330.2004674675871,86.48260370299793,78.88437024465559,78.88437024465559,49.638570683699605,92.44643962579326,point_score multiplied by probability of positive structural gap,64.20508339789163,36.70508339789163,91.70508339789163,0.45,limited,False,14.972604845142962,"{""diplomatic_analytic"": 0.1407738200277052, ""economic_legal"": 0.1631543910870162}",calculated_from_existing_mgimo_country_profile_scores,95.82415369148119,86.55673351637238,99.07229069328204,2,3,58.31009168864794,54.982098236649335,60.62908673565342,38.26951349359305,56.64609496264863,56.64609496264863,38.26951349359305,60.62908673565342,38.26951349359305,60.62908673565342,22.35957324206037,30.98285901699591,66.9380548975256,35.95519588052969,B_targeted_validation,"{""academic_fit"": 38.26951349359305, ""balanced"": 58.31009168864794, ""labor_market"": 60.62908673565342, ""recruitment"": 54.982098236649335}","{""academic_fit"": 30.98285901699591, ""balanced"": 44.22471611728807, ""labor_market"": 48.72370973556416, ""recruitment"": 38.48533560274204}","{""academic_fit"": 42.164893807518325, ""balanced"": 66.22736340313203, ""labor_market"": 66.9380548975256, ""recruitment"": 65.2741654821846}","{""academic_fit"": {""country_opportunity"": 0.25, ""friendliness"": 0.15, ""labor_demand"": 0.15, ""program_fit"": 0.45}, ""balanced"": {""country_opportunity"": 0.3, ""friendliness"": 0.2, ""labor_demand"": 0.3, ""program_fit"": 0.2}, ""labor_market"": {""country_opportunity"": 0.2, ""friendliness"": 0.15, ""labor_demand"": 0.45, ""program_fit"": 0.2}, ""recruitment"": {""country_opportunity"": 0.4, ""friendliness"": 0.3, ""labor_demand"": 0.1, ""program_fit"": 0.2}}",uncertainty_adjusted_management_priority_index_not_predicted_student_count,not_identified_ex_ante,,,,"incremental qualified applications, offers and enrolments attributable to the recruitment intervention",requires_prospective_campaign_evaluation,24,pre_registered_country_program_campaign_with_matched_comparison_or_stepped_wedge_rollout,qualified_leads;applications;offers;enrolments;yield;cost_per_enrolment,regularized_relative_demand_signal_from_overlapping_queries_not_unique_vacancies,ppml_russia_inbound_structural_allocation_v3;friendliness_receptivity_ex_ante_v3;trudvsem_program_demand_v4;mgimo_program_profiles,calculated_uncertainty_aware_scenario_ensemble,employer_linked_program_campaign_and_case_competitions,90,88.0,108.0,95.0,176.0,88.0,176.0,88.0
country_program_priority_evidence_v4,BFA,Burkina Faso,Sub-Saharan Africa,languages_regional,languages_regional,Иностранные языки и регионоведение,english_plus_russian_preparatory_year_plus_target_region_language,No broad Russian or English functional-language signal is available in CLDR.,235.41478397807734,235.41478397807734,74.28192356188265,217.03767895358453,463.0755403403525,1.0,0.035,32.0,2023,272.4262376500111,272.4262376500111,37.011453671933765,78.38929933944887,78.38929933944887,61.97667856140877,88.06262468380872,point_score multiplied by probability of positive structural gap,64.97678479047427,37.47678479047427,92.47678479047427,0.45,limited,False,15.439274935869133,"{""diplomatic_analytic"": 0.149553815328358, ""economic_legal"": 0.1737484854800246}",calculated_from_existing_mgimo_country_profile_scores,90.84379582436037,85.35385228314937,94.68543083289845,2,1,57.753316069347434,55.06584047501415,59.57837379943427,38.470910123809155,56.409578272180795,56.409578272180795,38.470910123809155,59.57837379943427,38.470910123809155,59.57837379943427,21.107463675625112,33.17743708186236,65.43053002132775,32.2530929394654,B_targeted_validation,"{""academic_fit"": 38.470910123809155, ""balanced"": 57.753316069347434, ""labor_market"": 59.57837379943427, ""recruitment"": 55.06584047501415}","{""academic_fit"": 33.17743708186236, ""balanced"": 47.48247555272137, ""labor_market"": 51.02672518264222, ""recruitment"": 42.43408701799321}","{""academic_fit"": 41.97417148677439, ""balanced"": 64.88709080129613, ""labor_market"": 65.43053002132775, ""recruitment"": 64.27307308982746}","{""academic_fit"": {""country_opportunity"": 0.25, ""friendliness"": 0.15, ""labor_demand"": 0.15, ""program_fit"": 0.45}, ""balanced"": {""country_opportunity"": 0.3, ""friendliness"": 0.2, ""labor_demand"": 0.3, ""program_fit"": 0.2}, ""labor_market"": {""country_opportunity"": 0.2, ""friendliness"": 0.15, ""labor_demand"": 0.45, ""program_fit"": 0.2}, ""recruitment"": {""country_opportunity"": 0.4, ""friendliness"": 0.3, ""labor_demand"": 0.1, ""program_fit"": 0.2}}",uncertainty_adjusted_management_priority_index_not_predicted_student_count,not_identified_ex_ante,,,,"incremental qualified applications, offers and enrolments attributable to the recruitment intervention",requires_prospective_campaign_evaluation,24,pre_registered_country_program_campaign_with_matched_comparison_or_stepped_wedge_rollout,qualified_leads;applications;offers;enrolments;yield;cost_per_enrolment,regularized_relative_demand_signal_from_overlapping_queries_not_unique_vacancies,ppml_russia_inbound_structural_allocation_v3;friendliness_receptivity_ex_ante_v3;trudvsem_program_demand_v4;mgimo_program_profiles,calculated_uncertainty_aware_scenario_ensemble,employer_linked_program_campaign_and_case_competitions,91,92.0,107.0,102.0,174.0,92.0,174.0,82.0
country_program_priority_evidence_v4,SYR,Syrian Arab Republic,Middle East & North Africa,management_public,management_public,Управление и государственная политика,english_plus_russian_preparatory_year,No broad Russian or English functional-language signal is available in CLDR.,2790.011825756514,2790.011825756514,-934.5274782324938,2519.8290835864873,8793.305652129202,0.8966666666666666,0.8566666666666667,3672.0,2023,6331.500059389364,6331.500059389364,3541.4882336328496,100.0,89.66666666666666,0.0,100.0,point_score multiplied by probability of positive structural gap,67.47725890252876,39.97725890252875,94.97725890252876,0.45,limited,False,10.763780295830024,"{""diplomatic_analytic"": 0.1269650215251083, ""economic_legal"": 0.0786469751080882}",calculated_from_existing_mgimo_country_profile_scores,95.82415369148119,86.55673351637238,99.07229069328204,2,3,57.53428076878448,55.2114748048989,58.925348742799635,34.67497505516305,56.372877786841684,56.372877786841684,34.67497505516305,58.925348742799635,34.67497505516305,58.925348742799635,24.250373687636582,7.722889721527483,64.28634901692541,56.563459295397934,C_monitor_and_test,"{""academic_fit"": 34.67497505516305, ""balanced"": 57.53428076878448, ""labor_market"": 58.925348742799635, ""recruitment"": 55.2114748048989}","{""academic_fit"": 10.248247413559524, ""balanced"": 13.031171282724932, ""labor_market"": 21.168970644978277, ""recruitment"": 7.722889721527483}","{""academic_fit"": 37.6597475463094, ""balanced"": 64.2114149613632, ""labor_market"": 64.28634901692541, ""recruitment"": 64.00272183062721}","{""academic_fit"": {""country_opportunity"": 0.25, ""friendliness"": 0.15, ""labor_demand"": 0.15, ""program_fit"": 0.45}, ""balanced"": {""country_opportunity"": 0.3, ""friendliness"": 0.2, ""labor_demand"": 0.3, ""program_fit"": 0.2}, ""labor_market"": {""country_opportunity"": 0.2, ""friendliness"": 0.15, ""labor_demand"": 0.45, ""program_fit"": 0.2}, ""recruitment"": {""country_opportunity"": 0.4, ""friendliness"": 0.3, ""labor_demand"": 0.1, ""program_fit"": 0.2}}",uncertainty_adjusted_management_priority_index_not_predicted_student_count,not_identified_ex_ante,,,,"incremental qualified applications, offers and enrolments attributable to the recruitment intervention",requires_prospective_campaign_evaluation,24,pre_registered_country_program_campaign_with_matched_comparison_or_stepped_wedge_rollout,qualified_leads;applications;offers;enrolments;yield;cost_per_enrolment,regularized_relative_demand_signal_from_overlapping_queries_not_unique_vacancies,ppml_russia_inbound_structural_allocation_v3;friendliness_receptivity_ex_ante_v3;trudvsem_program_demand_v4;mgimo_program_profiles,calculated_uncertainty_aware_scenario_ensemble,employer_linked_program_campaign_and_case_competitions,92,93.0,105.0,109.0,213.0,93.0,213.0,120.0
country_program_priority_evidence_v4,LCA,Saint Lucia,Latin America & Caribbean,management_public,management_public,Управление и государственная политика,english_with_optional_russian_preparatory_module,CLDR indicates a material functional English-language environment.,8.97353380351016,8.97353380351016,1.278101069562503,8.424937550566439,43.631870514869085,1.0,0.0,0.0,2023,9.140984349303544,9.140984349303544,0.16745054579338386,32.98644103938894,32.98644103938894,11.808651286546793,54.47862185424246,point_score multiplied by probability of positive structural gap,62.98961219976466,35.48961219976465,90.48961219976465,0.45,limited,False,55.586724267696106,"{""diplomatic_analytic"": 0.5051692956106223, ""economic_legal"": 0.6319141632764691}",calculated_from_existing_mgimo_country_profile_scores,95.82415369148119,86.55673351637238,99.07229069328204,2,3,57.893559482234814,50.02360967786491,65.62839235863044,54.45535277912473,56.17445613067977,56.17445613067977,50.02360967786491,65.62839235863044,50.02360967786491,65.62839235863044,15.604782680765524,28.320611559255653,77.51641271456077,49.19580115530512,C_monitor_and_test,"{""academic_fit"": 54.45535277912473, ""balanced"": 57.893559482234814, ""labor_market"": 65.62839235863044, ""recruitment"": 50.02360967786491}","{""academic_fit"": 38.631791267754714, ""balanced"": 37.46219951808622, ""labor_market"": 47.432706111181766, ""recruitment"": 28.320611559255653}","{""academic_fit"": 65.26561514519967, ""balanced"": 72.74912027282895, ""labor_market"": 77.51641271456077, ""recruitment"": 67.9696013618771}","{""academic_fit"": {""country_opportunity"": 0.25, ""friendliness"": 0.15, ""labor_demand"": 0.15, ""program_fit"": 0.45}, ""balanced"": {""country_opportunity"": 0.3, ""friendliness"": 0.2, ""labor_demand"": 0.3, ""program_fit"": 0.2}, ""labor_market"": {""country_opportunity"": 0.2, ""friendliness"": 0.15, ""labor_demand"": 0.45, ""program_fit"": 0.2}, ""recruitment"": {""country_opportunity"": 0.4, ""friendliness"": 0.3, ""labor_demand"": 0.1, ""program_fit"": 0.2}}",uncertainty_adjusted_management_priority_index_not_predicted_student_count,not_identified_ex_ante,,,,"incremental qualified applications, offers and enrolments attributable to the recruitment intervention",requires_prospective_campaign_evaluation,24,pre_registered_country_program_campaign_with_matched_comparison_or_stepped_wedge_rollout,qualified_leads;applications;offers;enrolments;yield;cost_per_enrolment,regularized_relative_demand_signal_from_overlapping_queries_not_unique_vacancies,ppml_russia_inbound_structural_allocation_v3;friendliness_receptivity_ex_ante_v3;trudvsem_program_demand_v4;mgimo_program_profiles,calculated_uncertainty_aware_scenario_ensemble,employer_linked_program_campaign_and_case_competitions,93,90.0,147.0,55.0,61.0,55.0,147.0,92.0
country_program_priority_evidence_v4,ARE,United Arab Emirates,Middle East & North Africa,international_economics,international_economics,Международная экономика и ВЭД,english_with_optional_russian_preparatory_module,CLDR indicates a material functional English-language environment.,422.2036215977997,422.2036215977997,152.4241827480876,386.14354791454286,893.5732988371658,1.0,0.585,81.0,2023,467.78144244204356,467.78144244204356,45.5778208442438,86.74034870599367,86.74034870599367,72.18794126743218,97.47549294327301,point_score multiplied by probability of positive structural gap,63.640581482835266,36.14058148283527,91.14058148283529,0.45,limited,False,80.56457452755672,"{""economic_legal"": 0.793380405985645, ""energy_logistics"": 0.8424417631453338}",calculated_from_existing_mgimo_country_profile_scores,16.030923181431294,9.076141467743279,25.775050153533456,2,0,49.25056941309253,66.30313736189647,39.106755503381244,62.79364461128966,56.02210701219109,56.02210701219109,39.106755503381244,66.30313736189647,39.106755503381244,66.30313736189647,27.19638185851523,27.40479562328602,80.80133207345098,53.39653645016496,C_monitor_and_test,"{""academic_fit"": 62.79364461128966, ""balanced"": 49.25056941309253, ""labor_market"": 39.106755503381244, ""recruitment"": 66.30313736189647}","{""academic_fit"": 51.04293762978125, ""balanced"": 35.66718358530555, ""labor_market"": 27.40479562328602, ""recruitment"": 49.549444377116}","{""academic_fit"": 72.94802900609272, ""balanced"": 62.68832529427046, ""labor_market"": 51.735761763866485, ""recruitment"": 80.80133207345098}","{""academic_fit"": {""country_opportunity"": 0.25, ""friendliness"": 0.15, ""labor_demand"": 0.15, ""program_fit"": 0.45}, ""balanced"": {""country_opportunity"": 0.3, ""friendliness"": 0.2, ""labor_demand"": 0.3, ""program_fit"": 0.2}, ""labor_market"": {""country_opportunity"": 0.2, ""friendliness"": 0.15, ""labor_demand"": 0.45, ""program_fit"": 0.2}, ""recruitment"": {""country_opportunity"": 0.4, ""friendliness"": 0.3, ""labor_demand"": 0.1, ""program_fit"": 0.2}}",uncertainty_adjusted_management_priority_index_not_predicted_student_count,not_identified_ex_ante,,,,"incremental qualified applications, offers and enrolments attributable to the recruitment intervention",requires_prospective_campaign_evaluation,24,pre_registered_country_program_campaign_with_matched_comparison_or_stepped_wedge_rollout,qualified_leads;applications;offers;enrolments;yield;cost_per_enrolment,regularized_relative_demand_signal_from_overlapping_queries_not_unique_vacancies,ppml_russia_inbound_structural_allocation_v3;friendliness_receptivity_ex_ante_v3;trudvsem_program_demand_v4;mgimo_program_profiles,calculated_uncertainty_aware_scenario_ensemble,targeted_digital_campaign_with_local_partner_validation,94,156.0,49.0,181.0,33.0,33.0,181.0,148.0
country_program_priority_evidence_v4,SOM,Somalia,Sub-Saharan Africa,digital_analytics,digital_analytics,Цифровая аналитика и Data/AI,english_plus_russian_preparatory_year,No broad Russian or English functional-language signal is available in CLDR.,371.0254596523729,371.0254596523729,42.66027797003462,328.91435243682554,1012.8978610218408,0.9933333333333333,0.49,149.0,2023,525.0011129523125,525.0011129523125,153.97565329993958,84.89174852253903,84.32580353238878,54.16295460832174,99.27130559080285,point_score multiplied by probability of positive structural gap,65.6844914965029,38.18449149650291,93.18449149650291,0.45,limited,False,26.108823075856584,"{""digital_finance_business_informatics"": 0.2791727506799511, ""economic_legal"": 0.1887501510730246}",calculated_from_existing_mgimo_country_profile_scores,57.83576220146514,37.1936785476967,76.96065573742321,3,0,57.1902847443583,60.10415628778131,54.75946363319248,45.96195101233197,55.97487418877539,55.97487418877539,45.96195101233197,60.10415628778131,45.96195101233197,60.10415628778131,14.142205275449335,35.6661441180343,73.13963594568999,37.473491827655685,B_targeted_validation,"{""academic_fit"": 45.96195101233197, ""balanced"": 57.1902847443583, ""labor_market"": 54.75946363319248, ""recruitment"": 60.10415628778131}","{""academic_fit"": 35.6661441180343, ""balanced"": 39.62919991674383, ""labor_market"": 38.14991414420628, ""recruitment"": 41.218594622200285}","{""academic_fit"": 52.57155513381433, ""balanced"": 69.98617917002522, ""labor_market"": 67.60471245326556, ""recruitment"": 73.13963594568999}","{""academic_fit"": {""country_opportunity"": 0.25, ""friendliness"": 0.15, ""labor_demand"": 0.15, ""program_fit"": 0.45}, ""balanced"": {""country_opportunity"": 0.3, ""friendliness"": 0.2, ""labor_demand"": 0.3, ""program_fit"": 0.2}, ""labor_market"": {""country_opportunity"": 0.2, ""friendliness"": 0.15, ""labor_demand"": 0.45, ""program_fit"": 0.2}, ""recruitment"": {""country_opportunity"": 0.4, ""friendliness"": 0.3, ""labor_demand"": 0.1, ""program_fit"": 0.2}}",uncertainty_adjusted_management_priority_index_not_predicted_student_count,not_identified_ex_ante,,,,"incremental qualified applications, offers and enrolments attributable to the recruitment intervention",requires_prospective_campaign_evaluation,24,pre_registered_country_program_campaign_with_matched_comparison_or_stepped_wedge_rollout,qualified_leads;applications;offers;enrolments;yield;cost_per_enrolment,regularized_relative_demand_signal_from_overlapping_queries_not_unique_vacancies,ppml_russia_inbound_structural_allocation_v3;friendliness_receptivity_ex_ante_v3;trudvsem_program_demand_v4;mgimo_program_profiles,calculated_uncertainty_aware_scenario_ensemble,digital_recruitment_scholarship_and_olympiad,95,97.0,77.0,137.0,123.0,77.0,137.0,60.0
country_program_priority_evidence_v4,MLI,Mali,Sub-Saharan Africa,management_public,management_public,Управление и государственная политика,english_plus_russian_preparatory_year,No broad Russian or English functional-language signal is available in CLDR.,784.3979453296448,784.3979453296448,268.8487015801145,725.5983064700426,1402.6719095326164,1.0,0.98,196.0,2023,965.5455456755742,965.5455456755742,181.14760034592936,95.60874724951063,95.60874724951063,80.28641203932513,100.0,point_score multiplied by probability of positive structural gap,66.36127576000781,38.86127576000782,93.86127576000783,0.45,limited,False,9.282261458207367,"{""diplomatic_analytic"": 0.077879156818734, ""economic_legal"": 0.1152378012270832}",calculated_from_existing_mgimo_country_profile_scores,95.82415369148119,86.55673351637238,99.07229069328204,2,3,56.895571428870625,54.85603292167912,57.95005597750477,33.07742780221332,55.87580217527487,55.87580217527487,33.07742780221332,57.95005597750477,33.07742780221332,57.95005597750477,24.872628175291446,28.843576868800458,62.469093260132944,33.62551639133248,C_monitor_and_test,"{""academic_fit"": 33.07742780221332, ""balanced"": 56.895571428870625, ""labor_market"": 57.95005597750477, ""recruitment"": 54.85603292167912}","{""academic_fit"": 28.843576868800458, ""balanced"": 47.19531023384144, ""labor_market"": 49.45530934402049, ""recruitment"": 43.30099239816418}","{""academic_fit"": 35.384191705952475, ""balanced"": 62.35979968683319, ""labor_market"": 62.469093260132944, ""recruitment"": 62.08446981914438}","{""academic_fit"": {""country_opportunity"": 0.25, ""friendliness"": 0.15, ""labor_demand"": 0.15, ""program_fit"": 0.45}, ""balanced"": {""country_opportunity"": 0.3, ""friendliness"": 0.2, ""labor_demand"": 0.3, ""program_fit"": 0.2}, ""labor_market"": {""country_opportunity"": 0.2, ""friendliness"": 0.15, ""labor_demand"": 0.45, ""program_fit"": 0.2}, ""recruitment"": {""country_opportunity"": 0.4, ""friendliness"": 0.3, ""labor_demand"": 0.1, ""program_fit"": 0.2}}",uncertainty_adjusted_management_priority_index_not_predicted_student_count,not_identified_ex_ante,,,,"incremental qualified applications, offers and enrolments attributable to the recruitment intervention",requires_prospective_campaign_evaluation,24,pre_registered_country_program_campaign_with_matched_comparison_or_stepped_wedge_rollout,qualified_leads;applications;offers;enrolments;yield;cost_per_enrolment,regularized_relative_demand_signal_from_overlapping_queries_not_unique_vacancies,ppml_russia_inbound_structural_allocation_v3;friendliness_receptivity_ex_ante_v3;trudvsem_program_demand_v4;mgimo_program_profiles,calculated_uncertainty_aware_scenario_ensemble,employer_linked_program_campaign_and_case_competitions,96,101.0,109.0,119.0,222.0,101.0,222.0,121.0
country_program_priority_evidence_v4,UGA,Uganda,Sub-Saharan Africa,languages_regional,languages_regional,Иностранные языки и регионоведение,english_with_optional_russian_preparatory_module_plus_target_region_language,CLDR indicates a material functional English-language environment.,243.71786376458914,243.71786376458914,30.848241576477772,229.01802169931238,628.9893447637004,1.0,0.09833333333333333,99.0,2023,330.2004674675871,330.2004674675871,86.48260370299793,78.88437024465559,78.88437024465559,49.638570683699605,92.44643962579326,point_score multiplied by probability of positive structural gap,64.20508339789163,36.70508339789163,91.70508339789163,0.45,limited,False,14.524993423956738,"{""diplomatic_analytic"": 0.1407738200277052, ""economic_legal"": 0.1631543910870162}",calculated_from_existing_mgimo_country_profile_scores,90.84379582436037,85.35385228314937,94.68543083289845,2,1,57.0682682822007,54.38248595977814,58.86971232411858,37.48503435860298,55.72537712098942,55.72537712098942,37.48503435860298,58.86971232411858,37.48503435860298,58.86971232411858,21.3846779655156,30.525681633497886,65.22943440831978,34.70375277482189,B_targeted_validation,"{""academic_fit"": 37.48503435860298, ""balanced"": 57.0682682822007, ""labor_market"": 58.86971232411858, ""recruitment"": 54.38248595977814}","{""academic_fit"": 30.525681633497886, ""balanced"": 43.7919050994693, ""labor_market"": 48.14685869856667, ""recruitment"": 38.21427548528574}","{""academic_fit"": 41.35003314773489, ""balanced"": 64.97229293599128, ""labor_market"": 65.22943440831978, ""recruitment"": 64.6138562557821}","{""academic_fit"": {""country_opportunity"": 0.25, ""friendliness"": 0.15, ""labor_demand"": 0.15, ""program_fit"": 0.45}, ""balanced"": {""country_opportunity"": 0.3, ""friendliness"": 0.2, ""labor_demand"": 0.3, ""program_fit"": 0.2}, ""labor_market"": {""country_opportunity"": 0.2, ""friendliness"": 0.15, ""labor_demand"": 0.45, ""program_fit"": 0.2}, ""recruitment"": {""country_opportunity"": 0.4, ""friendliness"": 0.3, ""labor_demand"": 0.1, ""program_fit"": 0.2}}",uncertainty_adjusted_management_priority_index_not_predicted_student_count,not_identified_ex_ante,,,,"incremental qualified applications, offers and enrolments attributable to the recruitment intervention",requires_prospective_campaign_evaluation,24,pre_registered_country_program_campaign_with_matched_comparison_or_stepped_wedge_rollout,qualified_leads;applications;offers;enrolments;yield;cost_per_enrolment,regularized_relative_demand_signal_from_overlapping_queries_not_unique_vacancies,ppml_russia_inbound_structural_allocation_v3;friendliness_receptivity_ex_ante_v3;trudvsem_program_demand_v4;mgimo_program_profiles,calculated_uncertainty_aware_scenario_ensemble,employer_linked_program_campaign_and_case_competitions,97,98.0,113.0,110.0,186.0,98.0,186.0,88.0
country_program_priority_evidence_v4,SLB,Solomon Islands,East Asia & Pacific,languages_regional,languages_regional,Иностранные языки и регионоведение,english_with_optional_russian_preparatory_module_plus_target_region_language,CLDR indicates a material functional English-language environment.,28.254208583079443,28.254208583079443,3.3084598312829843,25.323468557890585,167.42941979665304,1.0,0.0,0.0,2023,28.254208583079443,28.254208583079443,0.0,48.420064074677036,48.420064074677036,20.94813681084757,73.52622850777395,point_score multiplied by probability of positive structural gap,63.665778860050914,36.165778860050914,91.16577886005092,0.45,limited,False,34.301294236561944,"{""diplomatic_analytic"": 0.3619568159311356, ""economic_legal"": 0.2672374481035547}",calculated_from_existing_mgimo_country_profile_scores,90.84379582436037,85.35385228314937,94.68543083289845,2,1,58.137666052373895,52.7600756699721,62.949315288028195,48.052820657372926,55.448870861173,55.448870861173,48.052820657372926,62.949315288028195,48.052820657372926,62.949315288028195,14.896494630655269,32.09718596508538,73.4115937652331,41.31440780014773,B_targeted_validation,"{""academic_fit"": 48.052820657372926, ""balanced"": 58.137666052373895, ""labor_market"": 62.949315288028195, ""recruitment"": 52.7600756699721}","{""academic_fit"": 35.76823965419932, ""balanced"": 40.04692846737618, ""labor_market"": 47.90320174841604, ""recruitment"": 32.09718596508538}","{""academic_fit"": 56.503327185423814, ""balanced"": 71.46562224991374, ""labor_market"": 73.4115937652331, ""recruitment"": 69.44098942924465}","{""academic_fit"": {""country_opportunity"": 0.25, ""friendliness"": 0.15, ""labor_demand"": 0.15, ""program_fit"": 0.45}, ""balanced"": {""country_opportunity"": 0.3, ""friendliness"": 0.2, ""labor_demand"": 0.3, ""program_fit"": 0.2}, ""labor_market"": {""country_opportunity"": 0.2, ""friendliness"": 0.15, ""labor_demand"": 0.45, ""program_fit"": 0.2}, ""recruitment"": {""country_opportunity"": 0.4, ""friendliness"": 0.3, ""labor_demand"": 0.1, ""program_fit"": 0.2}}",uncertainty_adjusted_management_priority_index_not_predicted_student_count,not_identified_ex_ante,,,,"incremental qualified applications, offers and enrolments attributable to the recruitment intervention",requires_prospective_campaign_evaluation,24,pre_registered_country_program_campaign_with_matched_comparison_or_stepped_wedge_rollout,qualified_leads;applications;offers;enrolments;yield;cost_per_enrolment,regularized_relative_demand_signal_from_overlapping_queries_not_unique_vacancies,ppml_russia_inbound_structural_allocation_v3;friendliness_receptivity_ex_ante_v3;trudvsem_program_demand_v4;mgimo_program_profiles,calculated_uncertainty_aware_scenario_ensemble,employer_linked_program_campaign_and_case_competitions,98,89.0,126.0,80.0,104.0,80.0,126.0,46.0
country_program_priority_evidence_v4,SLB,Solomon Islands,East Asia & Pacific,management_public,management_public,Управление и государственная политика,english_with_optional_russian_preparatory_module,CLDR indicates a material functional English-language environment.,28.254208583079443,28.254208583079443,3.3084598312829843,25.323468557890585,167.42941979665304,1.0,0.0,0.0,2023,28.254208583079443,28.254208583079443,0.0,48.420064074677036,48.420064074677036,20.94813681084757,73.52622850777395,point_score multiplied by probability of positive structural gap,63.665778860050914,36.165778860050914,91.16577886005092,0.45,limited,False,32.406906880010325,"{""diplomatic_analytic"": 0.3619568159311356, ""economic_legal"": 0.2672374481035547}",calculated_from_existing_mgimo_country_profile_scores,95.82415369148119,86.55673351637238,99.07229069328204,2,3,58.418027148691976,52.457540664921645,63.7559008554027,47.24757309126906,55.437783906806814,55.437783906806814,47.24757309126906,63.7559008554027,47.24757309126906,63.7559008554027,16.50832776413364,31.789000239420233,74.08570046127129,42.296700221851054,B_targeted_validation,"{""academic_fit"": 47.24757309126906, ""balanced"": 58.418027148691976, ""labor_market"": 63.7559008554027, ""recruitment"": 52.457540664921645}","{""academic_fit"": 34.96385248279486, ""balanced"": 39.772298487299416, ""labor_market"": 47.67351730726544, ""recruitment"": 31.789000239420233}","{""academic_fit"": 55.49000486299125, ""balanced"": 71.63853804800426, ""labor_market"": 74.08570046127129, ""recruitment"": 68.9877260931957}","{""academic_fit"": {""country_opportunity"": 0.25, ""friendliness"": 0.15, ""labor_demand"": 0.15, ""program_fit"": 0.45}, ""balanced"": {""country_opportunity"": 0.3, ""friendliness"": 0.2, ""labor_demand"": 0.3, ""program_fit"": 0.2}, ""labor_market"": {""country_opportunity"": 0.2, ""friendliness"": 0.15, ""labor_demand"": 0.45, ""program_fit"": 0.2}, ""recruitment"": {""country_opportunity"": 0.4, ""friendliness"": 0.3, ""labor_demand"": 0.1, ""program_fit"": 0.2}}",uncertainty_adjusted_management_priority_index_not_predicted_student_count,not_identified_ex_ante,,,,"incremental qualified applications, offers and enrolments attributable to the recruitment intervention",requires_prospective_campaign_evaluation,24,pre_registered_country_program_campaign_with_matched_comparison_or_stepped_wedge_rollout,qualified_leads;applications;offers;enrolments;yield;cost_per_enrolment,regularized_relative_demand_signal_from_overlapping_queries_not_unique_vacancies,ppml_russia_inbound_structural_allocation_v3;friendliness_receptivity_ex_ante_v3;trudvsem_program_demand_v4;mgimo_program_profiles,calculated_uncertainty_aware_scenario_ensemble,employer_linked_program_campaign_and_case_competitions,99,86.0,130.0,69.0,113.0,69.0,130.0,61.0
country_program_priority_evidence_v4,MRT,Mauritania,Sub-Saharan Africa,management_public,management_public,Управление и государственная политика,english_plus_russian_preparatory_year,No broad Russian or English functional-language signal is available in CLDR.,85.22891647622886,85.22891647622886,-22.40781741650686,76.3924060074627,255.80417385514824,0.9066666666666666,0.0,115.0,2023,181.52672596232594,181.52672596232594,96.29780948609708,63.92387350204404,57.95764530851993,0.0,79.57578351279251,point_score multiplied by probability of positive structural gap,63.88692361596967,36.38692361596967,91.38692361596968,0.45,limited,False,23.163927511250005,"{""diplomatic_analytic"": 0.2182775998370455, ""economic_legal"": 0.2516817880256818}",calculated_from_existing_mgimo_country_profile_scores,95.82415369148119,86.55673351637238,99.07229069328204,2,3,57.76978081626145,52.816997517461026,61.93503737815356,42.70317622735984,55.29338916686124,55.29338916686124,42.70317622735984,61.93503737815356,42.70317622735984,61.93503737815356,19.23186115079372,8.676748419678331,70.5563072649597,61.879558845281366,C_monitor_and_test,"{""academic_fit"": 42.70317622735984, ""balanced"": 57.76978081626145, ""labor_market"": 61.93503737815356, ""recruitment"": 52.816997517461026}","{""academic_fit"": 13.975115451241413, ""balanced"": 14.77552572889474, ""labor_market"": 24.112952386875637, ""recruitment"": 8.676748419678331}","{""academic_fit"": 48.92646048329463, ""balanced"": 68.76853075758117, ""labor_market"": 70.5563072649597, ""recruitment"": 66.75879388975926}","{""academic_fit"": {""country_opportunity"": 0.25, ""friendliness"": 0.15, ""labor_demand"": 0.15, ""program_fit"": 0.45}, ""balanced"": {""country_opportunity"": 0.3, ""friendliness"": 0.2, ""labor_demand"": 0.3, ""program_fit"": 0.2}, ""labor_market"": {""country_opportunity"": 0.2, ""friendliness"": 0.15, ""labor_demand"": 0.45, ""program_fit"": 0.2}, ""recruitment"": {""country_opportunity"": 0.4, ""friendliness"": 0.3, ""labor_demand"": 0.1, ""program_fit"": 0.2}}",uncertainty_adjusted_management_priority_index_not_predicted_student_count,not_identified_ex_ante,,,,"incremental qualified applications, offers and enrolments attributable to the recruitment intervention",requires_prospective_campaign_evaluation,24,pre_registered_country_program_campaign_with_matched_comparison_or_stepped_wedge_rollout,qualified_leads;applications;offers;enrolments;yield;cost_per_enrolment,regularized_relative_demand_signal_from_overlapping_queries_not_unique_vacancies,ppml_russia_inbound_structural_allocation_v3;friendliness_receptivity_ex_ante_v3;trudvsem_program_demand_v4;mgimo_program_profiles,calculated_uncertainty_aware_scenario_ensemble,employer_linked_program_campaign_and_case_competitions,100,91.0,124.0,86.0,137.0,86.0,137.0,51.0
country_program_priority_evidence_v4,MLI,Mali,Sub-Saharan Africa,digital_analytics,digital_analytics,Цифровая аналитика и Data/AI,english_plus_russian_preparatory_year,No broad Russian or English functional-language signal is available in CLDR.,784.3979453296448,784.3979453296448,268.8487015801145,725.5983064700426,1402.6719095326164,1.0,0.98,196.0,2023,965.5455456755742,965.5455456755742,181.14760034592936,95.60874724951063,95.60874724951063,80.28641203932513,100.0,point_score multiplied by probability of positive structural gap,66.36127576000781,38.86127576000782,93.86127576000783,0.45,limited,False,20.32280435593069,"{""digital_finance_business_informatics"": 0.2252256041423628, ""economic_legal"": 0.1152378012270832}",calculated_from_existing_mgimo_country_profile_scores,57.83576220146514,37.1936785476967,76.96065573742321,3,0,56.69266878889948,60.38670046547239,53.58595179958466,42.620686133037694,55.13931029424207,55.13931029424207,42.620686133037694,60.38670046547239,42.620686133037694,60.38670046547239,17.766014332434693,35.36262227711148,70.06324965940898,34.700627382297505,B_targeted_validation,"{""academic_fit"": 42.620686133037694, ""balanced"": 56.69266878889948, ""labor_market"": 53.58595179958466, ""recruitment"": 60.38670046547239}","{""academic_fit"": 35.36262227711148, ""balanced"": 42.57557895695678, ""labor_market"": 39.393986387353955, ""recruitment"": 46.11255428399293}","{""academic_fit"": 47.324232711155965, ""balanced"": 66.94595480630493, ""labor_market"": 64.59800073412626, ""recruitment"": 70.06324965940898}","{""academic_fit"": {""country_opportunity"": 0.25, ""friendliness"": 0.15, ""labor_demand"": 0.15, ""program_fit"": 0.45}, ""balanced"": {""country_opportunity"": 0.3, ""friendliness"": 0.2, ""labor_demand"": 0.3, ""program_fit"": 0.2}, ""labor_market"": {""country_opportunity"": 0.2, ""friendliness"": 0.15, ""labor_demand"": 0.45, ""program_fit"": 0.2}, ""recruitment"": {""country_opportunity"": 0.4, ""friendliness"": 0.3, ""labor_demand"": 0.1, ""program_fit"": 0.2}}",uncertainty_adjusted_management_priority_index_not_predicted_student_count,not_identified_ex_ante,,,,"incremental qualified applications, offers and enrolments attributable to the recruitment intervention",requires_prospective_campaign_evaluation,24,pre_registered_country_program_campaign_with_matched_comparison_or_stepped_wedge_rollout,qualified_leads;applications;offers;enrolments;yield;cost_per_enrolment,regularized_relative_demand_signal_from_overlapping_queries_not_unique_vacancies,ppml_russia_inbound_structural_allocation_v3;friendliness_receptivity_ex_ante_v3;trudvsem_program_demand_v4;mgimo_program_profiles,calculated_uncertainty_aware_scenario_ensemble,digital_recruitment_scholarship_and_olympiad,101,102.0,76.0,144.0,138.0,76.0,144.0,68.0
country_program_priority_evidence_v4,MWI,Malawi,Sub-Saharan Africa,management_public,management_public,Управление и государственная политика,english_with_optional_russian_preparatory_module,CLDR indicates a material functional English-language environment.,175.3896349696009,175.3896349696009,37.56691793470767,168.62297920994422,485.49570564787916,1.0,0.10333333333333333,23.0,2023,205.45525745831037,205.45525745831037,30.06562248870947,74.18853744953509,74.18853744953509,52.383875876972816,88.73930663135795,point_score multiplied by probability of positive structural gap,61.02799195229347,33.52799195229347,88.52799195229348,0.45,limited,False,15.26613418497938,"{""diplomatic_analytic"": 0.1502580830782287, ""economic_legal"": 0.1562662300071415}",calculated_from_existing_mgimo_country_profile_scores,95.82415369148119,86.55673351637238,99.07229069328204,2,3,56.89756029762145,53.06043898513886,59.668710359137236,37.72074034119267,54.978999641380156,54.978999641380156,37.72074034119267,59.668710359137236,37.72074034119267,59.668710359137236,21.947970017944563,31.237641789263172,66.29291153200123,35.055269742738055,C_monitor_and_test,"{""academic_fit"": 37.72074034119267, ""balanced"": 56.89756029762145, ""labor_market"": 59.668710359137236, ""recruitment"": 53.06043898513886}","{""academic_fit"": 31.237641789263172, ""balanced"": 44.30774591900629, ""labor_market"": 48.77233104633898, ""recruitment"": 38.42199302237878}","{""academic_fit"": 41.864235436045746, ""balanced"": 65.21030482140564, ""labor_market"": 66.29291153200123, ""recruitment"": 63.789267836683}","{""academic_fit"": {""country_opportunity"": 0.25, ""friendliness"": 0.15, ""labor_demand"": 0.15, ""program_fit"": 0.45}, ""balanced"": {""country_opportunity"": 0.3, ""friendliness"": 0.2, ""labor_demand"": 0.3, ""program_fit"": 0.2}, ""labor_market"": {""country_opportunity"": 0.2, ""friendliness"": 0.15, ""labor_demand"": 0.45, ""program_fit"": 0.2}, ""recruitment"": {""country_opportunity"": 0.4, ""friendliness"": 0.3, ""labor_demand"": 0.1, ""program_fit"": 0.2}}",uncertainty_adjusted_management_priority_index_not_predicted_student_count,not_identified_ex_ante,,,,"incremental qualified applications, offers and enrolments attributable to the recruitment intervention",requires_prospective_campaign_evaluation,24,pre_registered_country_program_campaign_with_matched_comparison_or_stepped_wedge_rollout,qualified_leads;applications;offers;enrolments;yield;cost_per_enrolment,regularized_relative_demand_signal_from_overlapping_queries_not_unique_vacancies,ppml_russia_inbound_structural_allocation_v3;friendliness_receptivity_ex_ante_v3;trudvsem_program_demand_v4;mgimo_program_profiles,calculated_uncertainty_aware_scenario_ensemble,employer_linked_program_campaign_and_case_competitions,102,100.0,123.0,101.0,184.0,100.0,184.0,84.0
country_program_priority_evidence_v4,LCA,Saint Lucia,Latin America & Caribbean,languages_regional,languages_regional,Иностранные языки и регионоведение,english_with_optional_russian_preparatory_module_plus_target_region_language,CLDR indicates a material functional English-language environment.,8.97353380351016,8.97353380351016,1.278101069562503,8.424937550566439,43.631870514869085,1.0,0.0,0.0,2023,9.140984349303544,9.140984349303544,0.16745054579338386,32.98644103938894,32.98644103938894,11.808651286546793,54.47862185424246,point_score multiplied by probability of positive structural gap,62.98961219976466,35.48961219976465,90.48961219976465,0.45,limited,False,53.05182691437918,"{""diplomatic_analytic"": 0.5051692956106223, ""economic_legal"": 0.6319141632764691}",calculated_from_existing_mgimo_country_profile_scores,90.84379582436037,85.35385228314937,94.68543083289845,2,1,56.463689311703114,49.306117140726904,63.502479389183065,52.9228975138058,54.69329341275446,54.69329341275446,49.306117140726904,63.502479389183065,49.306117140726904,63.502479389183065,14.196362248456161,28.02341178927365,75.27525234097358,47.25184055169993,C_monitor_and_test,"{""academic_fit"": 52.9228975138058, ""balanced"": 56.463689311703114, ""labor_market"": 63.502479389183065, ""recruitment"": 49.306117140726904}","{""academic_fit"": 37.764765407849495, ""balanced"": 36.966649253044466, ""labor_market"": 46.708244154407176, ""recruitment"": 28.02341178927365}","{""academic_fit"": 63.50491697982854, ""balanced"": 71.12241637415202, ""labor_market"": 75.27525234097358, ""recruitment"": 67.0481941258508}","{""academic_fit"": {""country_opportunity"": 0.25, ""friendliness"": 0.15, ""labor_demand"": 0.15, ""program_fit"": 0.45}, ""balanced"": {""country_opportunity"": 0.3, ""friendliness"": 0.2, ""labor_demand"": 0.3, ""program_fit"": 0.2}, ""labor_market"": {""country_opportunity"": 0.2, ""friendliness"": 0.15, ""labor_demand"": 0.45, ""program_fit"": 0.2}, ""recruitment"": {""country_opportunity"": 0.4, ""friendliness"": 0.3, ""labor_demand"": 0.1, ""program_fit"": 0.2}}",uncertainty_adjusted_management_priority_index_not_predicted_student_count,not_identified_ex_ante,,,,"incremental qualified applications, offers and enrolments attributable to the recruitment intervention",requires_prospective_campaign_evaluation,24,pre_registered_country_program_campaign_with_matched_comparison_or_stepped_wedge_rollout,qualified_leads;applications;offers;enrolments;yield;cost_per_enrolment,regularized_relative_demand_signal_from_overlapping_queries_not_unique_vacancies,ppml_russia_inbound_structural_allocation_v3;friendliness_receptivity_ex_ante_v3;trudvsem_program_demand_v4;mgimo_program_profiles,calculated_uncertainty_aware_scenario_ensemble,employer_linked_program_campaign_and_case_competitions,103,104.0,160.0,74.0,69.0,69.0,160.0,91.0
country_program_priority_evidence_v4,SSD,South Sudan,Sub-Saharan Africa,management_public,management_public,Управление и государственная политика,english_with_optional_russian_preparatory_module,CLDR indicates a material functional English-language environment.,145.8038150289941,145.8038150289941,28.26935251219569,134.16265092865444,357.8963315639507,1.0,0.03333333333333333,30.0,2023,173.579507025386,173.579507025386,27.775691996391892,71.55530915802296,71.55530915802296,48.42748670334425,84.37644680315596,point_score multiplied by probability of positive structural gap,63.54932278500491,36.04932278500491,91.04932278500492,0.45,limited,False,14.73127101013498,"{""diplomatic_analytic"": 0.1298144925089634, ""economic_legal"": 0.1735600364899294}",calculated_from_existing_mgimo_country_profile_scores,95.82415369148119,86.55673351637238,99.07229069328204,2,3,56.36449221792071,52.58537140383599,59.20271873782185,37.04852747531082,54.47493181087835,54.47493181087835,37.04852747531082,59.20271873782185,37.04852747531082,59.20271873782185,22.154191262511027,30.505275233721253,65.47014793007273,34.96487269635148,C_monitor_and_test,"{""academic_fit"": 37.04852747531082, ""balanced"": 56.36449221792071, ""labor_market"": 59.20271873782185, ""recruitment"": 52.58537140383599}","{""academic_fit"": 30.505275233721253, ""balanced"": 43.617911529890826, ""labor_market"": 48.2139189439754, ""recruitment"": 37.79913289216995}","{""academic_fit"": 40.89846674756893, ""balanced"": 64.16985878672207, ""labor_market"": 65.47014793007273, ""recruitment"": 62.6331397044487}","{""academic_fit"": {""country_opportunity"": 0.25, ""friendliness"": 0.15, ""labor_demand"": 0.15, ""program_fit"": 0.45}, ""balanced"": {""country_opportunity"": 0.3, ""friendliness"": 0.2, ""labor_demand"": 0.3, ""program_fit"": 0.2}, ""labor_market"": {""country_opportunity"": 0.2, ""friendliness"": 0.15, ""labor_demand"": 0.45, ""program_fit"": 0.2}, ""recruitment"": {""country_opportunity"": 0.4, ""friendliness"": 0.3, ""labor_demand"": 0.1, ""program_fit"": 0.2}}",uncertainty_adjusted_management_priority_index_not_predicted_student_count,not_identified_ex_ante,,,,"incremental qualified applications, offers and enrolments attributable to the recruitment intervention",requires_prospective_campaign_evaluation,24,pre_registered_country_program_campaign_with_matched_comparison_or_stepped_wedge_rollout,qualified_leads;applications;offers;enrolments;yield;cost_per_enrolment,regularized_relative_demand_signal_from_overlapping_queries_not_unique_vacancies,ppml_russia_inbound_structural_allocation_v3;friendliness_receptivity_ex_ante_v3;trudvsem_program_demand_v4;mgimo_program_profiles,calculated_uncertainty_aware_scenario_ensemble,employer_linked_program_campaign_and_case_competitions,104,105.0,128.0,105.0,190.0,105.0,190.0,85.0
country_program_priority_evidence_v4,MLI,Mali,Sub-Saharan Africa,languages_regional,languages_regional,Иностранные языки и регионоведение,english_plus_russian_preparatory_year_plus_target_region_language,No broad Russian or English functional-language signal is available in CLDR.,784.3979453296448,784.3979453296448,268.8487015801145,725.5983064700426,1402.6719095326164,1.0,0.98,196.0,2023,965.5455456755742,965.5455456755742,181.14760034592936,95.60874724951063,95.60874724951063,80.28641203932513,100.0,point_score multiplied by probability of positive structural gap,66.36127576000781,38.86127576000782,93.86127576000783,0.45,limited,False,8.535088570040385,"{""diplomatic_analytic"": 0.077879156818734, ""economic_legal"": 0.1152378012270832}",calculated_from_existing_mgimo_country_profile_scores,90.84379582436037,85.35385228314937,94.68543083289845,2,1,55.162700088648556,53.74997001194103,55.741779521359256,31.72107430504817,54.4563350502948,54.4563350502948,31.72107430504817,55.741779521359256,31.72107430504817,55.741779521359256,24.020705216311086,27.82301440259761,60.88122635386184,33.05821195126423,C_monitor_and_test,"{""academic_fit"": 31.72107430504817, ""balanced"": 55.162700088648556, ""labor_market"": 55.741779521359256, ""recruitment"": 53.74997001194103}","{""academic_fit"": 27.82301440259761, ""balanced"": 46.296025927193575, ""labor_market"": 48.41240021956018, ""recruitment"": 42.59359372933774}","{""academic_fit"": 33.97389306588391, ""balanced"": 60.60542789725797, ""labor_market"": 60.30478992731323, ""recruitment"": 60.88122635386184}","{""academic_fit"": {""country_opportunity"": 0.25, ""friendliness"": 0.15, ""labor_demand"": 0.15, ""program_fit"": 0.45}, ""balanced"": {""country_opportunity"": 0.3, ""friendliness"": 0.2, ""labor_demand"": 0.3, ""program_fit"": 0.2}, ""labor_market"": {""country_opportunity"": 0.2, ""friendliness"": 0.15, ""labor_demand"": 0.45, ""program_fit"": 0.2}, ""recruitment"": {""country_opportunity"": 0.4, ""friendliness"": 0.3, ""labor_demand"": 0.1, ""program_fit"": 0.2}}",uncertainty_adjusted_management_priority_index_not_predicted_student_count,not_identified_ex_ante,,,,"incremental qualified applications, offers and enrolments attributable to the recruitment intervention",requires_prospective_campaign_evaluation,24,pre_registered_country_program_campaign_with_matched_comparison_or_stepped_wedge_rollout,qualified_leads;applications;offers;enrolments;yield;cost_per_enrolment,regularized_relative_demand_signal_from_overlapping_queries_not_unique_vacancies,ppml_russia_inbound_structural_allocation_v3;friendliness_receptivity_ex_ante_v3;trudvsem_program_demand_v4;mgimo_program_profiles,calculated_uncertainty_aware_scenario_ensemble,employer_linked_program_campaign_and_case_competitions,105,114.0,119.0,133.0,230.0,114.0,230.0,116.0
country_program_priority_evidence_v4,FJI,Fiji,East Asia & Pacific,languages_regional,languages_regional,Иностранные языки и регионоведение,english_with_optional_russian_preparatory_module_plus_target_region_language,CLDR indicates a material functional English-language environment.,7.627020882740514,7.627020882740514,1.2039860349869458,6.669231625580992,43.267269859997896,1.0,0.0,0.0,2023,7.627020882740514,7.627020882740514,0.0,30.906289889035474,30.906289889035474,11.334283146520756,54.36097719416004,point_score multiplied by probability of positive structural gap,61.005519145266774,33.505519145266774,88.50551914526677,0.45,limited,False,56.1512186093855,"{""diplomatic_analytic"": 0.5850354429277626, ""economic_legal"": 0.4674191587582244}",calculated_from_existing_mgimo_country_profile_scores,90.84379582436037,85.35385228314937,94.68543083289845,2,1,55.67338583544543,48.15798806626805,63.10967734142486,53.16565901647879,54.419522425962114,54.419522425962114,48.15798806626805,63.10967734142486,48.15798806626805,63.10967734142486,14.951689275156816,27.44884230674638,75.83724795785132,48.38840565110494,C_monitor_and_test,"{""academic_fit"": 53.16565901647879, ""balanced"": 55.67338583544543, ""labor_market"": 63.10967734142486, ""recruitment"": 48.15798806626805}","{""academic_fit"": 38.04031633898516, ""balanced"": 36.54938952952689, ""labor_market"": 46.48539924284582, ""recruitment"": 27.44884230674638}","{""academic_fit"": 64.87022148532954, ""balanced"": 71.55970764905194, ""labor_market"": 75.83724795785132, ""recruitment"": 67.29840178197725}","{""academic_fit"": {""country_opportunity"": 0.25, ""friendliness"": 0.15, ""labor_demand"": 0.15, ""program_fit"": 0.45}, ""balanced"": {""country_opportunity"": 0.3, ""friendliness"": 0.2, ""labor_demand"": 0.3, ""program_fit"": 0.2}, ""labor_market"": {""country_opportunity"": 0.2, ""friendliness"": 0.15, ""labor_demand"": 0.45, ""program_fit"": 0.2}, ""recruitment"": {""country_opportunity"": 0.4, ""friendliness"": 0.3, ""labor_demand"": 0.1, ""program_fit"": 0.2}}",uncertainty_adjusted_management_priority_index_not_predicted_student_count,not_identified_ex_ante,,,,"incremental qualified applications, offers and enrolments attributable to the recruitment intervention",requires_prospective_campaign_evaluation,24,pre_registered_country_program_campaign_with_matched_comparison_or_stepped_wedge_rollout,qualified_leads;applications;offers;enrolments;yield;cost_per_enrolment,regularized_relative_demand_signal_from_overlapping_queries_not_unique_vacancies,ppml_russia_inbound_structural_allocation_v3;friendliness_receptivity_ex_ante_v3;trudvsem_program_demand_v4;mgimo_program_profiles,calculated_uncertainty_aware_scenario_ensemble,employer_linked_program_campaign_and_case_competitions,106,110.0,172.0,79.0,66.0,66.0,172.0,106.0
country_program_priority_evidence_v4,MRT,Mauritania,Sub-Saharan Africa,languages_regional,languages_regional,Иностранные языки и регионоведение,english_plus_russian_preparatory_year_plus_target_region_language,No broad Russian or English functional-language signal is available in CLDR.,85.22891647622886,85.22891647622886,-22.40781741650686,76.3924060074627,255.80417385514824,0.9066666666666666,0.0,115.0,2023,181.52672596232594,181.52672596232594,96.29780948609708,63.92387350204404,57.95764530851993,0.0,79.57578351279251,point_score multiplied by probability of positive structural gap,63.88692361596967,36.38692361596967,91.38692361596968,0.45,limited,False,22.495843747477277,"{""diplomatic_analytic"": 0.2182775998370455, ""economic_legal"": 0.2516817880256818}",calculated_from_existing_mgimo_country_profile_scores,90.84379582436037,85.35385228314937,94.68543083289845,2,1,56.54383473173462,52.245035063573816,60.14241456226811,41.83508738030762,54.39443489765422,54.39443489765422,41.83508738030762,60.14241456226811,41.83508738030762,60.14241456226811,18.30732718196049,8.616302270427981,68.76064408764631,60.14434181721833,C_monitor_and_test,"{""academic_fit"": 41.83508738030762, ""balanced"": 56.54383473173462, ""labor_market"": 60.14241456226811, ""recruitment"": 52.245035063573816}","{""academic_fit"": 13.771296018705502, ""balanced"": 14.632054037173933, ""labor_market"": 23.82931549521258, ""recruitment"": 8.616302270427981}","{""academic_fit"": 47.98927394574907, ""balanced"": 67.47051771985703, ""labor_market"": 68.76064408764631, ""recruitment"": 66.08857437263637}","{""academic_fit"": {""country_opportunity"": 0.25, ""friendliness"": 0.15, ""labor_demand"": 0.15, ""program_fit"": 0.45}, ""balanced"": {""country_opportunity"": 0.3, ""friendliness"": 0.2, ""labor_demand"": 0.3, ""program_fit"": 0.2}, ""labor_market"": {""country_opportunity"": 0.2, ""friendliness"": 0.15, ""labor_demand"": 0.45, ""program_fit"": 0.2}, ""recruitment"": {""country_opportunity"": 0.4, ""friendliness"": 0.3, ""labor_demand"": 0.1, ""program_fit"": 0.2}}",uncertainty_adjusted_management_priority_index_not_predicted_student_count,not_identified_ex_ante,,,,"incremental qualified applications, offers and enrolments attributable to the recruitment intervention",requires_prospective_campaign_evaluation,24,pre_registered_country_program_campaign_with_matched_comparison_or_stepped_wedge_rollout,qualified_leads;applications;offers;enrolments;yield;cost_per_enrolment,regularized_relative_demand_signal_from_overlapping_queries_not_unique_vacancies,ppml_russia_inbound_structural_allocation_v3;friendliness_receptivity_ex_ante_v3;trudvsem_program_demand_v4;mgimo_program_profiles,calculated_uncertainty_aware_scenario_ensemble,employer_linked_program_campaign_and_case_competitions,107,103.0,133.0,98.0,144.0,98.0,144.0,46.0
country_program_priority_evidence_v4,FJI,Fiji,East Asia & Pacific,management_public,management_public,Управление и государственная политика,english_with_optional_russian_preparatory_module,CLDR indicates a material functional English-language environment.,7.627020882740514,7.627020882740514,1.2039860349869458,6.669231625580992,43.267269859997896,1.0,0.0,0.0,2023,7.627020882740514,7.627020882740514,0.0,30.906289889035474,30.906289889035474,11.334283146520756,54.36097719416004,point_score multiplied by probability of positive structural gap,61.005519145266774,33.505519145266774,88.50551914526677,0.45,limited,False,53.798892925994735,"{""diplomatic_analytic"": 0.5850354429277626, ""economic_legal"": 0.4674191587582244}",calculated_from_existing_mgimo_country_profile_scores,95.82415369148119,86.55673351637238,99.07229069328204,2,3,56.08891741558033,48.007708993674186,64.08633948583162,52.584423222682744,54.33667031913154,54.33667031913154,48.007708993674186,64.08633948583162,48.007708993674186,64.08633948583162,16.07863049215743,27.256750173084853,76.73481201240907,49.47806183932421,C_monitor_and_test,"{""academic_fit"": 52.584423222682744, ""balanced"": 56.08891741558033, ""labor_market"": 64.08633948583162, ""recruitment"": 48.007708993674186}","{""academic_fit"": 37.40512628740033, ""balanced"": 36.3941629959898, ""labor_market"": 46.38412290310745, ""recruitment"": 27.256750173084853}","{""academic_fit"": 64.08426604801473, ""balanced"": 71.92141494198677, ""labor_market"": 76.73481201240907, ""recruitment"": 67.03487609645389}","{""academic_fit"": {""country_opportunity"": 0.25, ""friendliness"": 0.15, ""labor_demand"": 0.15, ""program_fit"": 0.45}, ""balanced"": {""country_opportunity"": 0.3, ""friendliness"": 0.2, ""labor_demand"": 0.3, ""program_fit"": 0.2}, ""labor_market"": {""country_opportunity"": 0.2, ""friendliness"": 0.15, ""labor_demand"": 0.45, ""program_fit"": 0.2}, ""recruitment"": {""country_opportunity"": 0.4, ""friendliness"": 0.3, ""labor_demand"": 0.1, ""program_fit"": 0.2}}",uncertainty_adjusted_management_priority_index_not_predicted_student_count,not_identified_ex_ante,,,,"incremental qualified applications, offers and enrolments attributable to the recruitment intervention",requires_prospective_campaign_evaluation,24,pre_registered_country_program_campaign_with_matched_comparison_or_stepped_wedge_rollout,qualified_leads;applications;offers;enrolments;yield;cost_per_enrolment,regularized_relative_demand_signal_from_overlapping_queries_not_unique_vacancies,ppml_russia_inbound_structural_allocation_v3;friendliness_receptivity_ex_ante_v3;trudvsem_program_demand_v4;mgimo_program_profiles,calculated_uncertainty_aware_scenario_ensemble,employer_linked_program_campaign_and_case_competitions,108,107.0,173.0,67.0,70.0,67.0,173.0,106.0
country_program_priority_evidence_v4,MWI,Malawi,Sub-Saharan Africa,languages_regional,languages_regional,Иностранные языки и регионоведение,english_with_optional_russian_preparatory_module_plus_target_region_language,CLDR indicates a material functional English-language environment.,175.3896349696009,175.3896349696009,37.56691793470767,168.62297920994422,485.49570564787916,1.0,0.10333333333333333,23.0,2023,205.45525745831037,205.45525745831037,30.06562248870947,74.18853744953509,74.18853744953509,52.383875876972816,88.73930663135795,point_score multiplied by probability of positive structural gap,61.02799195229347,33.52799195229347,88.52799195229348,0.45,limited,False,15.145971246401125,"{""diplomatic_analytic"": 0.1502580830782287, ""economic_legal"": 0.1562662300071415}",calculated_from_existing_mgimo_country_profile_scores,90.84379582436037,85.35385228314937,94.68543083289845,2,1,55.92029373768117,52.70276674247252,58.181158931232225,37.29847247786489,54.31153024007685,54.31153024007685,37.29847247786489,58.181158931232225,37.29847247786489,58.181158931232225,20.882686453367334,31.06905086406679,64.8727707312228,33.80371986715601,C_monitor_and_test,"{""academic_fit"": 37.29847247786489, ""balanced"": 55.92029373768117, ""labor_market"": 58.181158931232225, ""recruitment"": 52.70276674247252}","{""academic_fit"": 31.06905086406679, ""balanced"": 44.05886154635919, ""labor_market"": 48.39783696327285, ""recruitment"": 38.31202171268316}","{""academic_fit"": 41.44516579576848, ""balanced"": 64.24388378377306, ""labor_market"": 64.8727707312228, ""recruitment"": 63.40985787832227}","{""academic_fit"": {""country_opportunity"": 0.25, ""friendliness"": 0.15, ""labor_demand"": 0.15, ""program_fit"": 0.45}, ""balanced"": {""country_opportunity"": 0.3, ""friendliness"": 0.2, ""labor_demand"": 0.3, ""program_fit"": 0.2}, ""labor_market"": {""country_opportunity"": 0.2, ""friendliness"": 0.15, ""labor_demand"": 0.45, ""program_fit"": 0.2}, ""recruitment"": {""country_opportunity"": 0.4, ""friendliness"": 0.3, ""labor_demand"": 0.1, ""program_fit"": 0.2}}",uncertainty_adjusted_management_priority_index_not_predicted_student_count,not_identified_ex_ante,,,,"incremental qualified applications, offers and enrolments attributable to the recruitment intervention",requires_prospective_campaign_evaluation,24,pre_registered_country_program_campaign_with_matched_comparison_or_stepped_wedge_rollout,qualified_leads;applications;offers;enrolments;yield;cost_per_enrolment,regularized_relative_demand_signal_from_overlapping_queries_not_unique_vacancies,ppml_russia_inbound_structural_allocation_v3;friendliness_receptivity_ex_ante_v3;trudvsem_program_demand_v4;mgimo_program_profiles,calculated_uncertainty_aware_scenario_ensemble,employer_linked_program_campaign_and_case_competitions,109,108.0,127.0,116.0,188.0,108.0,188.0,80.0
country_program_priority_evidence_v4,NER,Niger,Sub-Saharan Africa,digital_analytics,digital_analytics,Цифровая аналитика и Data/AI,english_plus_russian_preparatory_year,No broad Russian or English functional-language signal is available in CLDR.,494.4652025116648,494.4652025116648,160.9628794116347,471.67872675748697,1062.3091707573137,1.0,0.8166666666666667,27.0,2023,521.5055102083084,521.5055102083084,27.04030769664352,89.0013274889097,89.0013274889097,72.96473150246261,99.95376750000088,point_score multiplied by probability of positive structural gap,64.80558862801902,37.305588628019024,92.30558862801902,0.45,limited,False,20.863583103949352,"{""digital_finance_business_informatics"": 0.2254304863999341, ""economic_legal"": 0.141457209597731}",calculated_from_existing_mgimo_country_profile_scores,57.83576220146514,37.1936785476967,76.96065573742321,3,0,55.51911557362709,58.582166884637466,52.91157830087777,42.19889523191969,54.215346937252434,54.215346937252434,42.19889523191969,58.582166884637466,42.19889523191969,58.582166884637466,16.383271652717774,34.721417247271425,70.05380862289499,35.332391375623565,C_monitor_and_test,"{""academic_fit"": 42.19889523191969, ""balanced"": 55.51911557362709, ""labor_market"": 52.91157830087777, ""recruitment"": 58.582166884637466}","{""academic_fit"": 34.721417247271425, ""balanced"": 41.26484079752993, ""labor_market"": 38.62009357071102, ""recruitment"": 44.09715373931357}","{""academic_fit"": 47.73658334258412, ""balanced"": 67.05077924546762, ""labor_market"": 64.75562747768066, ""recruitment"": 70.05380862289499}","{""academic_fit"": {""country_opportunity"": 0.25, ""friendliness"": 0.15, ""labor_demand"": 0.15, ""program_fit"": 0.45}, ""balanced"": {""country_opportunity"": 0.3, ""friendliness"": 0.2, ""labor_demand"": 0.3, ""program_fit"": 0.2}, ""labor_market"": {""country_opportunity"": 0.2, ""friendliness"": 0.15, ""labor_demand"": 0.45, ""program_fit"": 0.2}, ""recruitment"": {""country_opportunity"": 0.4, ""friendliness"": 0.3, ""labor_demand"": 0.1, ""program_fit"": 0.2}}",uncertainty_adjusted_management_priority_index_not_predicted_student_count,not_identified_ex_ante,,,,"incremental qualified applications, offers and enrolments attributable to the recruitment intervention",requires_prospective_campaign_evaluation,24,pre_registered_country_program_campaign_with_matched_comparison_or_stepped_wedge_rollout,qualified_leads;applications;offers;enrolments;yield;cost_per_enrolment,regularized_relative_demand_signal_from_overlapping_queries_not_unique_vacancies,ppml_russia_inbound_structural_allocation_v3;friendliness_receptivity_ex_ante_v3;trudvsem_program_demand_v4;mgimo_program_profiles,calculated_uncertainty_aware_scenario_ensemble,targeted_digital_campaign_with_local_partner_validation,110,111.0,87.0,148.0,142.0,87.0,148.0,61.0
country_program_priority_evidence_v4,BRB,Barbados,Latin America & Caribbean,management_public,management_public,Управление и государственная политика,english_with_optional_russian_preparatory_module,CLDR indicates a material functional English-language environment.,4.888493575201069,4.888493575201069,0.6790261582998952,4.477979354785928,20.495411214628316,1.0,0.0,0.0,2023,5.332909213131059,5.332909213131059,0.4444156379299898,25.42896543863592,25.42896543863592,7.432398924964803,43.999985950642355,point_score multiplied by probability of positive structural gap,62.823126256796314,35.323126256796314,90.32312625679633,0.45,limited,False,61.55780635056829,"{""diplomatic_analytic"": 0.6132096462614525, ""economic_legal"": 0.6191306893720286}",calculated_from_existing_mgimo_country_profile_scores,95.82415369148119,86.55673351637238,99.07229069328204,2,3,54.74566114765984,46.11675989403532,63.64881778374005,53.47731753227315,54.1114893399665,54.1114893399665,46.11675989403532,63.64881778374005,46.11675989403532,63.64881778374005,17.53205788970473,24.411772127093553,75.82383532367543,51.41206319658187,C_monitor_and_test,"{""academic_fit"": 53.47731753227315, ""balanced"": 54.74566114765984, ""labor_market"": 63.64881778374005, ""recruitment"": 46.11675989403532}","{""academic_fit"": 36.380110016549644, ""balanced"": 33.6855607364028, ""labor_market"": 44.481859940182375, ""recruitment"": 24.411772127093553}","{""academic_fit"": 64.7802459528363, ""balanced"": 69.68012936851756, ""labor_market"": 75.82383532367543, ""recruitment"": 63.74197196029603}","{""academic_fit"": {""country_opportunity"": 0.25, ""friendliness"": 0.15, ""labor_demand"": 0.15, ""program_fit"": 0.45}, ""balanced"": {""country_opportunity"": 0.3, ""friendliness"": 0.2, ""labor_demand"": 0.3, ""program_fit"": 0.2}, ""labor_market"": {""country_opportunity"": 0.2, ""friendliness"": 0.15, ""labor_demand"": 0.45, ""program_fit"": 0.2}, ""recruitment"": {""country_opportunity"": 0.4, ""friendliness"": 0.3, ""labor_demand"": 0.1, ""program_fit"": 0.2}}",uncertainty_adjusted_management_priority_index_not_predicted_student_count,not_identified_ex_ante,,,,"incremental qualified applications, offers and enrolments attributable to the recruitment intervention",requires_prospective_campaign_evaluation,24,pre_registered_country_program_campaign_with_matched_comparison_or_stepped_wedge_rollout,qualified_leads;applications;offers;enrolments;yield;cost_per_enrolment,regularized_relative_demand_signal_from_overlapping_queries_not_unique_vacancies,ppml_russia_inbound_structural_allocation_v3;friendliness_receptivity_ex_ante_v3;trudvsem_program_demand_v4;mgimo_program_profiles,calculated_uncertainty_aware_scenario_ensemble,employer_linked_program_campaign_and_case_competitions,111,119.0,191.0,71.0,64.0,64.0,191.0,127.0
country_program_priority_evidence_v4,BHR,Bahrain,Middle East & North Africa,digital_analytics,digital_analytics,Цифровая аналитика и Data/AI,english_plus_russian_preparatory_year,No broad Russian or English functional-language signal is available in CLDR.,31.931660746639665,31.931660746639665,-47.546782251761556,18.08585022238453,211.7419000625797,0.6583333333333333,0.0,45.0,2023,120.50138463896643,120.50138463896643,88.56972389232676,50.11835563919724,32.99458412913818,0.0,76.87606628006898,point_score multiplied by probability of positive structural gap,63.790719388353246,36.290719388353246,91.29071938835325,0.45,limited,False,71.61968100932417,"{""digital_finance_business_informatics"": 0.7178915588189272, ""economic_legal"": 0.7094178151904993}",calculated_from_existing_mgimo_country_profile_scores,57.83576220146514,37.1936785476967,76.96065573742321,3,0,52.54209544330146,50.219382194588,55.23787758183494,56.64722488483016,53.8899865125682,53.8899865125682,50.219382194588,56.64722488483016,50.219382194588,56.64722488483016,6.427842690242159,9.944177573774004,80.01769810526145,70.07352053148745,C_monitor_and_test,"{""academic_fit"": 56.64722488483016, ""balanced"": 52.54209544330146, ""labor_market"": 55.23787758183494, ""recruitment"": 50.219382194588}","{""academic_fit"": 20.23913351251062, ""balanced"": 14.34851950686267, ""labor_market"": 20.678821181247436, ""recruitment"": 9.944177573774004}","{""academic_fit"": 76.65828633125517, ""balanced"": 78.68735491193262, ""labor_market"": 78.0347362812263, ""recruitment"": 80.01769810526145}","{""academic_fit"": {""country_opportunity"": 0.25, ""friendliness"": 0.15, ""labor_demand"": 0.15, ""program_fit"": 0.45}, ""balanced"": {""country_opportunity"": 0.3, ""friendliness"": 0.2, ""labor_demand"": 0.3, ""program_fit"": 0.2}, ""labor_market"": {""country_opportunity"": 0.2, ""friendliness"": 0.15, ""labor_demand"": 0.45, ""program_fit"": 0.2}, ""recruitment"": {""country_opportunity"": 0.4, ""friendliness"": 0.3, ""labor_demand"": 0.1, ""program_fit"": 0.2}}",uncertainty_adjusted_management_priority_index_not_predicted_student_count,not_identified_ex_ante,,,,"incremental qualified applications, offers and enrolments attributable to the recruitment intervention",requires_prospective_campaign_evaluation,24,pre_registered_country_program_campaign_with_matched_comparison_or_stepped_wedge_rollout,qualified_leads;applications;offers;enrolments;yield;cost_per_enrolment,regularized_relative_demand_signal_from_overlapping_queries_not_unique_vacancies,ppml_russia_inbound_structural_allocation_v3;friendliness_receptivity_ex_ante_v3;trudvsem_program_demand_v4;mgimo_program_profiles,calculated_uncertainty_aware_scenario_ensemble,targeted_digital_campaign_with_local_partner_validation,112,134.0,143.0,136.0,52.0,52.0,143.0,91.0
country_program_priority_evidence_v4,MRT,Mauritania,Sub-Saharan Africa,digital_analytics,digital_analytics,Цифровая аналитика и Data/AI,english_plus_russian_preparatory_year,No broad Russian or English functional-language signal is available in CLDR.,85.22891647622886,85.22891647622886,-22.40781741650686,76.3924060074627,255.80417385514824,0.9066666666666666,0.0,115.0,2023,181.52672596232594,181.52672596232594,96.29780948609708,63.92387350204404,57.95764530851993,0.0,79.57578351279251,point_score multiplied by probability of positive structural gap,63.88692361596967,36.38692361596967,91.38692361596968,0.45,limited,False,35.472982222606845,"{""digital_finance_business_informatics"": 0.380491830776165, ""economic_legal"": 0.2516817880256818}",calculated_from_existing_mgimo_country_profile_scores,57.83576220146514,37.1936785476967,76.96065573742321,3,0,54.02052147584588,54.56324951843944,53.745623766709826,47.69474351778202,53.883072621277854,53.883072621277854,47.69474351778202,54.56324951843944,47.69474351778202,54.56324951843944,6.868506000657419,8.671374625871216,70.70097389743577,62.02959927156456,C_monitor_and_test,"{""academic_fit"": 47.69474351778202, ""balanced"": 54.02052147584588, ""labor_market"": 53.745623766709826, ""recruitment"": 54.56324951843944}","{""academic_fit"": 14.851570557694775, ""balanced"": 12.508760401519908, ""labor_market"": 18.025072104730754, ""recruitment"": 8.671374625871216}","{""academic_fit"": 56.720458478026515, ""balanced"": 69.28177225252361, ""labor_market"": 68.46984300146788, ""recruitment"": 70.70097389743577}","{""academic_fit"": {""country_opportunity"": 0.25, ""friendliness"": 0.15, ""labor_demand"": 0.15, ""program_fit"": 0.45}, ""balanced"": {""country_opportunity"": 0.3, ""friendliness"": 0.2, ""labor_demand"": 0.3, ""program_fit"": 0.2}, ""labor_market"": {""country_opportunity"": 0.2, ""friendliness"": 0.15, ""labor_demand"": 0.45, ""program_fit"": 0.2}, ""recruitment"": {""country_opportunity"": 0.4, ""friendliness"": 0.3, ""labor_demand"": 0.1, ""program_fit"": 0.2}}",uncertainty_adjusted_management_priority_index_not_predicted_student_count,not_identified_ex_ante,,,,"incremental qualified applications, offers and enrolments attributable to the recruitment intervention",requires_prospective_campaign_evaluation,24,pre_registered_country_program_campaign_with_matched_comparison_or_stepped_wedge_rollout,qualified_leads;applications;offers;enrolments;yield;cost_per_enrolment,regularized_relative_demand_signal_from_overlapping_queries_not_unique_vacancies,ppml_russia_inbound_structural_allocation_v3;friendliness_receptivity_ex_ante_v3;trudvsem_program_demand_v4;mgimo_program_profiles,calculated_uncertainty_aware_scenario_ensemble,targeted_digital_campaign_with_local_partner_validation,113,123.0,110.0,143.0,107.0,107.0,143.0,36.0
country_program_priority_evidence_v4,WSM,Samoa,East Asia & Pacific,management_public,management_public,Управление и государственная политика,english_with_optional_russian_preparatory_module,CLDR indicates a material functional English-language environment.,8.188233849857886,8.188233849857886,1.1029210424256626,7.513847497798567,45.765539041974925,1.0,0.0,0.0,2023,8.286487221812092,8.286487221812092,0.09825337195420498,31.810208406227137,31.810208406227137,10.661050944931748,55.148385975815806,point_score multiplied by probability of positive structural gap,60.79980050541498,33.299800505414986,88.29980050541499,0.45,limited,False,50.92951042949976,"{""diplomatic_analytic"": 0.5123636069960922, ""economic_legal"": 0.5046923502433557}",calculated_from_existing_mgimo_country_profile_scores,95.82415369148119,86.55673351637238,99.07229069328204,2,3,55.918652324587335,47.97992451482508,63.72414247886506,51.661010118115854,53.78983122135159,53.78983122135159,47.97992451482508,63.72414247886506,47.97992451482508,63.72414247886506,15.744217964039983,26.319218058096833,76.1022906363409,49.78307257824406,C_monitor_and_test,"{""academic_fit"": 51.661010118115854, ""balanced"": 55.918652324587335, ""labor_market"": 63.72414247886506, ""recruitment"": 47.97992451482508}","{""academic_fit"": 35.96968411494745, ""balanced"": 35.361278914152564, ""labor_market"": 45.334940226456574, ""recruitment"": 26.319218058096833}","{""academic_fit"": 62.75148352763594, ""balanced"": 71.42116087850927, ""labor_market"": 76.1022906363409, ""recruitment"": 66.64735420011989}","{""academic_fit"": {""country_opportunity"": 0.25, ""friendliness"": 0.15, ""labor_demand"": 0.15, ""program_fit"": 0.45}, ""balanced"": {""country_opportunity"": 0.3, ""friendliness"": 0.2, ""labor_demand"": 0.3, ""program_fit"": 0.2}, ""labor_market"": {""country_opportunity"": 0.2, ""friendliness"": 0.15, ""labor_demand"": 0.45, ""program_fit"": 0.2}, ""recruitment"": {""country_opportunity"": 0.4, ""friendliness"": 0.3, ""labor_demand"": 0.1, ""program_fit"": 0.2}}",uncertainty_adjusted_management_priority_index_not_predicted_student_count,not_identified_ex_ante,,,,"incremental qualified applications, offers and enrolments attributable to the recruitment intervention",requires_prospective_campaign_evaluation,24,pre_registered_country_program_campaign_with_matched_comparison_or_stepped_wedge_rollout,qualified_leads;applications;offers;enrolments;yield;cost_per_enrolment,regularized_relative_demand_signal_from_overlapping_queries_not_unique_vacancies,ppml_russia_inbound_structural_allocation_v3;friendliness_receptivity_ex_ante_v3;trudvsem_program_demand_v4;mgimo_program_profiles,calculated_uncertainty_aware_scenario_ensemble,employer_linked_program_campaign_and_case_competitions,114,109.0,174.0,70.0,76.0,70.0,174.0,104.0
country_program_priority_evidence_v4,LSO,Lesotho,Sub-Saharan Africa,digital_analytics,digital_analytics,Цифровая аналитика и Data/AI,english_with_optional_russian_preparatory_module,CLDR indicates a material functional English-language environment.,52.13806068218432,52.13806068218432,16.867746505360522,48.154089086847904,117.87455280311231,1.0,0.0,4.0,2023,54.347518188702765,54.347518188702765,2.2094575065184467,56.98057440198765,56.98057440198765,41.34891601105692,68.52866963964306,point_score multiplied by probability of positive structural gap,63.89362799810429,36.39362799810429,91.3936279981043,0.45,limited,False,35.006196168584985,"{""digital_finance_business_informatics"": 0.3567222194791539, ""economic_legal"": 0.3234209305126337}",calculated_from_existing_mgimo_country_profile_scores,57.83576220146514,37.1936785476967,76.96065573742321,3,0,53.61319079735614,54.0619660092568,53.42930298449377,47.22212537229969,53.52124689092496,53.52124689092496,47.22212537229969,54.0619660092568,47.22212537229969,54.0619660092568,6.839840636957106,37.668413054821755,66.4813450207436,28.812931965921848,C_monitor_and_test,"{""academic_fit"": 47.22212537229969, ""balanced"": 53.61319079735614, ""labor_market"": 53.42930298449377, ""recruitment"": 54.0619660092568}","{""academic_fit"": 37.668413054821755, ""balanced"": 38.38519326760443, ""labor_market"": 38.0310525282184, ""recruitment"": 38.701644919137664}","{""academic_fit"": 54.35218293321788, ""balanced"": 66.11413190938359, ""labor_market"": 66.30971013384249, ""recruitment"": 66.4813450207436}","{""academic_fit"": {""country_opportunity"": 0.25, ""friendliness"": 0.15, ""labor_demand"": 0.15, ""program_fit"": 0.45}, ""balanced"": {""country_opportunity"": 0.3, ""friendliness"": 0.2, ""labor_demand"": 0.3, ""program_fit"": 0.2}, ""labor_market"": {""country_opportunity"": 0.2, ""friendliness"": 0.15, ""labor_demand"": 0.45, ""program_fit"": 0.2}, ""recruitment"": {""country_opportunity"": 0.4, ""friendliness"": 0.3, ""labor_demand"": 0.1, ""program_fit"": 0.2}}",uncertainty_adjusted_management_priority_index_not_predicted_student_count,not_identified_ex_ante,,,,"incremental qualified applications, offers and enrolments attributable to the recruitment intervention",requires_prospective_campaign_evaluation,24,pre_registered_country_program_campaign_with_matched_comparison_or_stepped_wedge_rollout,qualified_leads;applications;offers;enrolments;yield;cost_per_enrolment,regularized_relative_demand_signal_from_overlapping_queries_not_unique_vacancies,ppml_russia_inbound_structural_allocation_v3;friendliness_receptivity_ex_ante_v3;trudvsem_program_demand_v4;mgimo_program_profiles,calculated_uncertainty_aware_scenario_ensemble,targeted_digital_campaign_with_local_partner_validation,115,127.0,116.0,145.0,114.0,114.0,145.0,31.0
country_program_priority_evidence_v4,BRB,Barbados,Latin America & Caribbean,languages_regional,languages_regional,Иностранные языки и регионоведение,english_with_optional_russian_preparatory_module_plus_target_region_language,CLDR indicates a material functional English-language environment.,4.888493575201069,4.888493575201069,0.6790261582998952,4.477979354785928,20.495411214628316,1.0,0.0,0.0,2023,5.332909213131059,5.332909213131059,0.4444156379299898,25.42896543863592,25.42896543863592,7.432398924964803,43.999985950642355,point_score multiplied by probability of positive structural gap,62.823126256796314,35.323126256796314,90.32312625679633,0.45,limited,False,61.43938548835678,"{""diplomatic_analytic"": 0.6132096462614525, ""economic_legal"": 0.6191306893720286}",calculated_from_existing_mgimo_country_profile_scores,90.84379582436037,85.35385228314937,94.68543083289845,2,1,53.864788780556175,45.85649111421834,62.13059531218214,53.01017412184342,53.4374814511998,53.4374814511998,45.85649111421834,62.13059531218214,45.85649111421834,62.13059531218214,16.274104197963794,24.36878889289741,74.28148184715099,49.91269295425357,C_monitor_and_test,"{""academic_fit"": 53.01017412184342, ""balanced"": 53.864788780556175, ""labor_market"": 62.13059531218214, ""recruitment"": 45.85649111421834}","{""academic_fit"": 36.27375637830358, ""balanced"": 33.53334310094742, ""labor_market"": 44.18906725257419, ""recruitment"": 24.36878889289741}","{""academic_fit"": 64.29128229532293, ""balanced"": 68.72329322758773, ""labor_market"": 74.28148184715099, ""recruitment"": 63.43283391047269}","{""academic_fit"": {""country_opportunity"": 0.25, ""friendliness"": 0.15, ""labor_demand"": 0.15, ""program_fit"": 0.45}, ""balanced"": {""country_opportunity"": 0.3, ""friendliness"": 0.2, ""labor_demand"": 0.3, ""program_fit"": 0.2}, ""labor_market"": {""country_opportunity"": 0.2, ""friendliness"": 0.15, ""labor_demand"": 0.45, ""program_fit"": 0.2}, ""recruitment"": {""country_opportunity"": 0.4, ""friendliness"": 0.3, ""labor_demand"": 0.1, ""program_fit"": 0.2}}",uncertainty_adjusted_management_priority_index_not_predicted_student_count,not_identified_ex_ante,,,,"incremental qualified applications, offers and enrolments attributable to the recruitment intervention",requires_prospective_campaign_evaluation,24,pre_registered_country_program_campaign_with_matched_comparison_or_stepped_wedge_rollout,qualified_leads;applications;offers;enrolments;yield;cost_per_enrolment,regularized_relative_demand_signal_from_overlapping_queries_not_unique_vacancies,ppml_russia_inbound_structural_allocation_v3;friendliness_receptivity_ex_ante_v3;trudvsem_program_demand_v4;mgimo_program_profiles,calculated_uncertainty_aware_scenario_ensemble,employer_linked_program_campaign_and_case_competitions,116,125.0,195.0,85.0,67.0,67.0,195.0,128.0
country_program_priority_evidence_v4,ETH,Ethiopia,Sub-Saharan Africa,languages_regional,languages_regional,Иностранные языки и регионоведение,english_with_optional_russian_preparatory_module_plus_target_region_language,CLDR indicates a material functional English-language environment.,237.7109403385557,237.7109403385557,-35.614619859247085,228.87440356259805,1019.0662780931459,0.9166666666666666,0.24166666666666667,167.0,2023,372.4911624234543,372.4911624234543,134.78022208489858,78.52792581965551,71.98393200135088,0.0,99.35829806271671,point_score multiplied by probability of positive structural gap,64.18877950397808,36.68877950397808,91.6887795039781,0.45,limited,False,13.669595101573403,"{""diplomatic_analytic"": 0.1480573857866045, ""economic_legal"": 0.0912502119322522}",calculated_from_existing_mgimo_country_profile_scores,90.84379582436037,85.35385228314937,94.68543083289845,2,1,54.913603818759604,51.85731085319014,57.161820464499456,35.72374649415481,53.38545733597488,53.38545733597488,35.72374649415481,57.161820464499456,35.72374649415481,57.161820464499456,21.438073970344647,7.860570105335442,65.73191688150088,57.87134677616544,C_monitor_and_test,"{""academic_fit"": 35.72374649415481, ""balanced"": 54.913603818759604, ""labor_market"": 57.161820464499456, ""recruitment"": 51.85731085319014}","{""academic_fit"": 11.154262270702281, ""balanced"": 13.33795295515138, ""labor_market"": 21.713050130026087, ""recruitment"": 7.860570105335442}","{""academic_fit"": 41.03326285754981, ""balanced"": 65.62773497634318, ""labor_market"": 65.41955734298682, ""recruitment"": 65.73191688150088}","{""academic_fit"": {""country_opportunity"": 0.25, ""friendliness"": 0.15, ""labor_demand"": 0.15, ""program_fit"": 0.45}, ""balanced"": {""country_opportunity"": 0.3, ""friendliness"": 0.2, ""labor_demand"": 0.3, ""program_fit"": 0.2}, ""labor_market"": {""country_opportunity"": 0.2, ""friendliness"": 0.15, ""labor_demand"": 0.45, ""program_fit"": 0.2}, ""recruitment"": {""country_opportunity"": 0.4, ""friendliness"": 0.3, ""labor_demand"": 0.1, ""program_fit"": 0.2}}",uncertainty_adjusted_management_priority_index_not_predicted_student_count,not_identified_ex_ante,,,,"incremental qualified applications, offers and enrolments attributable to the recruitment intervention",requires_prospective_campaign_evaluation,24,pre_registered_country_program_campaign_with_matched_comparison_or_stepped_wedge_rollout,qualified_leads;applications;offers;enrolments;yield;cost_per_enrolment,regularized_relative_demand_signal_from_overlapping_queries_not_unique_vacancies,ppml_russia_inbound_structural_allocation_v3;friendliness_receptivity_ex_ante_v3;trudvsem_program_demand_v4;mgimo_program_profiles,calculated_uncertainty_aware_scenario_ensemble,employer_linked_program_campaign_and_case_competitions,117,116.0,135.0,123.0,199.0,116.0,199.0,83.0
country_program_priority_evidence_v4,BRA,Brazil,Latin America & Caribbean,management_public,management_public,Управление и государственная политика,english_plus_russian_preparatory_year,No broad Russian or English functional-language signal is available in CLDR.,85.43170022491807,85.43170022491807,-181.2820702477455,57.08296170262864,768.9202486279605,0.6316666666666667,0.145,227.0,2023,435.06583263095894,435.06583263095894,349.63413240604086,63.95756264482146,40.39986040397889,0.0,95.32328326858273,point_score multiplied by probability of positive structural gap,56.86413841445693,39.36413841445693,74.36413841445693,0.65,moderate,True,41.80083361905167,"{""diplomatic_analytic"": 0.4411029097198089, ""economic_legal"": 0.3833664758965783}",calculated_from_existing_mgimo_country_profile_scores,95.82415369148119,86.55673351637238,99.07229069328204,2,3,56.930598025052525,49.669506007427096,63.594995377422784,49.69821928094283,53.31440865299768,53.31440865299768,49.669506007427096,63.594995377422784,49.669506007427096,63.594995377422784,13.925489369995688,9.953979291339705,79.51174165656579,69.55776236522608,C_monitor_and_test,"{""academic_fit"": 49.69821928094283, ""balanced"": 56.930598025052525, ""labor_market"": 63.594995377422784, ""recruitment"": 49.669506007427096}","{""academic_fit"": 18.284155845259463, ""balanced"": 16.82112640478844, ""labor_market"": 27.34630937122704, ""recruitment"": 9.953979291339705}","{""academic_fit"": 64.17808217715532, ""balanced"": 78.09362003325701, ""labor_market"": 79.51174165656579, ""recruitment"": 75.62099518017789}","{""academic_fit"": {""country_opportunity"": 0.25, ""friendliness"": 0.15, ""labor_demand"": 0.15, ""program_fit"": 0.45}, ""balanced"": {""country_opportunity"": 0.3, ""friendliness"": 0.2, ""labor_demand"": 0.3, ""program_fit"": 0.2}, ""labor_market"": {""country_opportunity"": 0.2, ""friendliness"": 0.15, ""labor_demand"": 0.45, ""program_fit"": 0.2}, ""recruitment"": {""country_opportunity"": 0.4, ""friendliness"": 0.3, ""labor_demand"": 0.1, ""program_fit"": 0.2}}",uncertainty_adjusted_management_priority_index_not_predicted_student_count,not_identified_ex_ante,,,,"incremental qualified applications, offers and enrolments attributable to the recruitment intervention",requires_prospective_campaign_evaluation,24,pre_registered_country_program_campaign_with_matched_comparison_or_stepped_wedge_rollout,qualified_leads;applications;offers;enrolments;yield;cost_per_enrolment,regularized_relative_demand_signal_from_overlapping_queries_not_unique_vacancies,ppml_russia_inbound_structural_allocation_v3;friendliness_receptivity_ex_ante_v3;trudvsem_program_demand_v4;mgimo_program_profiles,calculated_uncertainty_aware_scenario_ensemble,employer_linked_program_campaign_and_case_competitions,118,99.0,153.0,72.0,97.0,72.0,153.0,81.0
country_program_priority_evidence_v4,SSD,South Sudan,Sub-Saharan Africa,languages_regional,languages_regional,Иностранные языки и регионоведение,english_with_optional_russian_preparatory_module_plus_target_region_language,CLDR indicates a material functional English-language environment.,145.8038150289941,145.8038150289941,28.26935251219569,134.16265092865444,357.8963315639507,1.0,0.03333333333333333,30.0,2023,173.579507025386,173.579507025386,27.775691996391892,71.55530915802296,71.55530915802296,48.42748670334425,84.37644680315596,point_score multiplied by probability of positive structural gap,63.54932278500491,36.04932278500491,91.04932278500492,0.45,limited,False,13.856360130515661,"{""diplomatic_analytic"": 0.1298144925089634, ""economic_legal"": 0.1735600364899294}",calculated_from_existing_mgimo_country_profile_scores,90.84379582436037,85.35385228314937,94.68543083289845,2,1,54.84728752589424,51.71318399562826,57.15459133931991,35.821827729934306,53.28023576076125,53.28023576076125,35.821827729934306,57.15459133931991,35.821827729934306,57.15459133931991,21.3327636093856,29.668162227848445,63.43258825078871,33.76442602294027,C_monitor_and_test,"{""academic_fit"": 35.821827729934306, ""balanced"": 54.84728752589424, ""labor_market"": 57.15459133931991, ""recruitment"": 51.71318399562826}","{""academic_fit"": 29.668162227848445, ""balanced"": 42.94298586407342, ""labor_market"": 47.369481278770294, ""recruitment"": 37.317348207305244}","{""academic_fit"": 39.59165859226857, ""balanced"": 62.59222607287932, ""labor_market"": 63.43258825078871, ""recruitment"": 61.6434733572073}","{""academic_fit"": {""country_opportunity"": 0.25, ""friendliness"": 0.15, ""labor_demand"": 0.15, ""program_fit"": 0.45}, ""balanced"": {""country_opportunity"": 0.3, ""friendliness"": 0.2, ""labor_demand"": 0.3, ""program_fit"": 0.2}, ""labor_market"": {""country_opportunity"": 0.2, ""friendliness"": 0.15, ""labor_demand"": 0.45, ""program_fit"": 0.2}, ""recruitment"": {""country_opportunity"": 0.4, ""friendliness"": 0.3, ""labor_demand"": 0.1, ""program_fit"": 0.2}}",uncertainty_adjusted_management_priority_index_not_predicted_student_count,not_identified_ex_ante,,,,"incremental qualified applications, offers and enrolments attributable to the recruitment intervention",requires_prospective_campaign_evaluation,24,pre_registered_country_program_campaign_with_matched_comparison_or_stepped_wedge_rollout,qualified_leads;applications;offers;enrolments;yield;cost_per_enrolment,regularized_relative_demand_signal_from_overlapping_queries_not_unique_vacancies,ppml_russia_inbound_structural_allocation_v3;friendliness_receptivity_ex_ante_v3;trudvsem_program_demand_v4;mgimo_program_profiles,calculated_uncertainty_aware_scenario_ensemble,employer_linked_program_campaign_and_case_competitions,119,118.0,137.0,124.0,197.0,118.0,197.0,79.0
country_program_priority_evidence_v4,ERI,Eritrea,Sub-Saharan Africa,digital_analytics,digital_analytics,Цифровая аналитика и Data/AI,english_with_optional_russian_preparatory_module,CLDR indicates a material functional English-language environment.,195.9947458691878,195.9947458691878,40.52980776177405,180.66371876455221,478.4797823562563,1.0,0.008333333333333333,53.0,2023,245.36928265380607,245.36928265380607,49.37453678461826,75.77310279482307,75.77310279482307,53.445446397693274,88.53096490236031,point_score multiplied by probability of positive structural gap,65.54245740648598,38.04245740648597,93.04245740648598,0.45,limited,False,23.187026771137003,"{""digital_finance_business_informatics"": 0.2648320578288627, ""economic_legal"": 0.1000231072413991}",calculated_from_existing_mgimo_country_profile_scores,57.83576220146514,37.1936785476967,76.96065573742321,3,0,54.1339893842274,56.282392364869494,52.38903392709129,42.51126718968803,53.26151165565935,53.26151165565935,42.51126718968803,56.282392364869494,42.51126718968803,56.282392364869494,13.771125175181467,33.75284852537772,68.29189569686194,34.53904717148422,C_monitor_and_test,"{""academic_fit"": 42.51126718968803, ""balanced"": 54.1339893842274, ""labor_market"": 52.38903392709129, ""recruitment"": 56.282392364869494}","{""academic_fit"": 33.75284852537772, ""balanced"": 38.55568893667154, ""labor_market"": 37.17185013170873, ""recruitment"": 40.035019176076666}","{""academic_fit"": 48.53599964161934, ""balanced"": 66.1019911415448, ""labor_market"": 64.58510041805175, ""recruitment"": 68.29189569686194}","{""academic_fit"": {""country_opportunity"": 0.25, ""friendliness"": 0.15, ""labor_demand"": 0.15, ""program_fit"": 0.45}, ""balanced"": {""country_opportunity"": 0.3, ""friendliness"": 0.2, ""labor_demand"": 0.3, ""program_fit"": 0.2}, ""labor_market"": {""country_opportunity"": 0.2, ""friendliness"": 0.15, ""labor_demand"": 0.45, ""program_fit"": 0.2}, ""recruitment"": {""country_opportunity"": 0.4, ""friendliness"": 0.3, ""labor_demand"": 0.1, ""program_fit"": 0.2}}",uncertainty_adjusted_management_priority_index_not_predicted_student_count,not_identified_ex_ante,,,,"incremental qualified applications, offers and enrolments attributable to the recruitment intervention",requires_prospective_campaign_evaluation,24,pre_registered_country_program_campaign_with_matched_comparison_or_stepped_wedge_rollout,qualified_leads;applications;offers;enrolments;yield;cost_per_enrolment,regularized_relative_demand_signal_from_overlapping_queries_not_unique_vacancies,ppml_russia_inbound_structural_allocation_v3;friendliness_receptivity_ex_ante_v3;trudvsem_program_demand_v4;mgimo_program_profiles,calculated_uncertainty_aware_scenario_ensemble,digital_recruitment_scholarship_and_olympiad,120,122.0,98.0,150.0,140.0,98.0,150.0,52.0
country_program_priority_evidence_v4,WSM,Samoa,East Asia & Pacific,languages_regional,languages_regional,Иностранные языки и регионоведение,english_with_optional_russian_preparatory_module_plus_target_region_language,CLDR indicates a material functional English-language environment.,8.188233849857886,8.188233849857886,1.1029210424256626,7.513847497798567,45.765539041974925,1.0,0.0,0.0,2023,8.286487221812092,8.286487221812092,0.09825337195420498,31.810208406227137,31.810208406227137,10.661050944931748,55.148385975815806,point_score multiplied by probability of positive structural gap,60.79980050541498,33.299800505414986,88.29980050541499,0.45,limited,False,51.08293556455449,"{""diplomatic_analytic"": 0.5123636069960922, ""economic_legal"": 0.5046923502433557}",calculated_from_existing_mgimo_country_profile_scores,90.84379582436037,85.35385228314937,94.68543083289845,2,1,55.07224437561301,47.755392305626074,62.264427158893795,51.321502527856524,53.19687345173477,53.19687345173477,47.755392305626074,62.264427158893795,47.755392305626074,62.264427158893795,14.509034853267721,26.298346551434598,74.6265497749352,48.3282032235006,C_monitor_and_test,"{""academic_fit"": 51.321502527856524, ""balanced"": 55.07224437561301, ""labor_market"": 62.264427158893795, ""recruitment"": 47.755392305626074}","{""academic_fit"": 35.94280779546201, ""balanced"": 35.23561521312961, ""labor_market"": 45.08019304686826, ""recruitment"": 26.298346551434598}","{""academic_fit"": 62.41375986944679, ""balanced"": 70.5087057451033, ""labor_market"": 74.6265497749352, ""recruitment"": 66.38842354808166}","{""academic_fit"": {""country_opportunity"": 0.25, ""friendliness"": 0.15, ""labor_demand"": 0.15, ""program_fit"": 0.45}, ""balanced"": {""country_opportunity"": 0.3, ""friendliness"": 0.2, ""labor_demand"": 0.3, ""program_fit"": 0.2}, ""labor_market"": {""country_opportunity"": 0.2, ""friendliness"": 0.15, ""labor_demand"": 0.45, ""program_fit"": 0.2}, ""recruitment"": {""country_opportunity"": 0.4, ""friendliness"": 0.3, ""labor_demand"": 0.1, ""program_fit"": 0.2}}",uncertainty_adjusted_management_priority_index_not_predicted_student_count,not_identified_ex_ante,,,,"incremental qualified applications, offers and enrolments attributable to the recruitment intervention",requires_prospective_campaign_evaluation,24,pre_registered_country_program_campaign_with_matched_comparison_or_stepped_wedge_rollout,qualified_leads;applications;offers;enrolments;yield;cost_per_enrolment,regularized_relative_demand_signal_from_overlapping_queries_not_unique_vacancies,ppml_russia_inbound_structural_allocation_v3;friendliness_receptivity_ex_ante_v3;trudvsem_program_demand_v4;mgimo_program_profiles,calculated_uncertainty_aware_scenario_ensemble,employer_linked_program_campaign_and_case_competitions,121,115.0,177.0,83.0,81.0,81.0,177.0,96.0
country_program_priority_evidence_v4,BRA,Brazil,Latin America & Caribbean,languages_regional,languages_regional,Иностранные языки и регионоведение,english_plus_russian_preparatory_year_plus_target_region_language,No broad Russian or English functional-language signal is available in CLDR.,85.43170022491807,85.43170022491807,-181.2820702477455,57.08296170262864,768.9202486279605,0.6316666666666667,0.145,227.0,2023,435.06583263095894,435.06583263095894,349.63413240604086,63.95756264482146,40.39986040397889,0.0,95.32328326858273,point_score multiplied by probability of positive structural gap,56.86413841445693,39.36413841445693,74.36413841445693,0.65,moderate,True,42.95556229551628,"{""diplomatic_analytic"": 0.4411029097198089, ""economic_legal"": 0.3833664758965783}",calculated_from_existing_mgimo_country_profile_scores,90.84379582436037,85.35385228314937,94.68543083289845,2,1,56.3349486479489,49.67167149773736,62.433116483695585,49.900336094411244,53.11764237118007,53.11764237118007,49.67167149773736,62.433116483695585,49.67167149773736,62.433116483695585,12.761444985958228,9.993284967899754,78.33989371719429,68.34660874929453,C_monitor_and_test,"{""academic_fit"": 49.900336094411244, ""balanced"": 56.3349486479489, ""labor_market"": 62.433116483695585, ""recruitment"": 49.67167149773736}","{""academic_fit"": 18.46615449550747, ""balanced"": 16.84089028428537, ""labor_market"": 27.321687498366053, ""recruitment"": 9.993284967899754}","{""academic_fit"": 64.51627091263525, ""balanced"": 77.46177959631063, ""labor_market"": 78.33989371719429, ""recruitment"": 75.68466769929478}","{""academic_fit"": {""country_opportunity"": 0.25, ""friendliness"": 0.15, ""labor_demand"": 0.15, ""program_fit"": 0.45}, ""balanced"": {""country_opportunity"": 0.3, ""friendliness"": 0.2, ""labor_demand"": 0.3, ""program_fit"": 0.2}, ""labor_market"": {""country_opportunity"": 0.2, ""friendliness"": 0.15, ""labor_demand"": 0.45, ""program_fit"": 0.2}, ""recruitment"": {""country_opportunity"": 0.4, ""friendliness"": 0.3, ""labor_demand"": 0.1, ""program_fit"": 0.2}}",uncertainty_adjusted_management_priority_index_not_predicted_student_count,not_identified_ex_ante,,,,"incremental qualified applications, offers and enrolments attributable to the recruitment intervention",requires_prospective_campaign_evaluation,24,pre_registered_country_program_campaign_with_matched_comparison_or_stepped_wedge_rollout,qualified_leads;applications;offers;enrolments;yield;cost_per_enrolment,regularized_relative_demand_signal_from_overlapping_queries_not_unique_vacancies,ppml_russia_inbound_structural_allocation_v3;friendliness_receptivity_ex_ante_v3;trudvsem_program_demand_v4;mgimo_program_profiles,calculated_uncertainty_aware_scenario_ensemble,employer_linked_program_campaign_and_case_competitions,122,106.0,152.0,82.0,96.0,82.0,152.0,70.0
country_program_priority_evidence_v4,ETH,Ethiopia,Sub-Saharan Africa,management_public,management_public,Управление и государственная политика,english_with_optional_russian_preparatory_module,CLDR indicates a material functional English-language environment.,237.7109403385557,237.7109403385557,-35.614619859247085,228.87440356259805,1019.0662780931459,0.9166666666666666,0.24166666666666667,167.0,2023,372.4911624234543,372.4911624234543,134.78022208489858,78.52792581965551,71.98393200135088,0.0,99.35829806271671,point_score multiplied by probability of positive structural gap,64.18877950397808,36.68877950397808,91.6887795039781,0.45,limited,False,12.533451624486357,"{""diplomatic_analytic"": 0.1480573857866045, ""economic_legal"": 0.0912502119322522}",calculated_from_existing_mgimo_country_profile_scores,95.82415369148119,86.55673351637238,99.07229069328204,2,3,54.89821216207594,51.29812246972739,57.60025279991504,34.72504227890958,53.09816731590166,53.09816731590166,34.72504227890958,57.60025279991504,34.72504227890958,57.60025279991504,22.875210521005464,7.745561710328236,65.68501474554851,57.93945303522028,C_monitor_and_test,"{""academic_fit"": 34.72504227890958, ""balanced"": 54.89821216207594, ""labor_market"": 57.60025279991504, ""recruitment"": 51.29812246972739}","{""academic_fit"": 10.779229749439532, ""balanced"": 13.179217375600105, ""labor_market"": 21.499207443181042, ""recruitment"": 7.745561710328236}","{""academic_fit"": 39.838406391129936, ""balanced"": 65.45245074324002, ""labor_market"": 65.68501474554851, ""recruitment"": 64.97124507467551}","{""academic_fit"": {""country_opportunity"": 0.25, ""friendliness"": 0.15, ""labor_demand"": 0.15, ""program_fit"": 0.45}, ""balanced"": {""country_opportunity"": 0.3, ""friendliness"": 0.2, ""labor_demand"": 0.3, ""program_fit"": 0.2}, ""labor_market"": {""country_opportunity"": 0.2, ""friendliness"": 0.15, ""labor_demand"": 0.45, ""program_fit"": 0.2}, ""recruitment"": {""country_opportunity"": 0.4, ""friendliness"": 0.3, ""labor_demand"": 0.1, ""program_fit"": 0.2}}",uncertainty_adjusted_management_priority_index_not_predicted_student_count,not_identified_ex_ante,,,,"incremental qualified applications, offers and enrolments attributable to the recruitment intervention",requires_prospective_campaign_evaluation,24,pre_registered_country_program_campaign_with_matched_comparison_or_stepped_wedge_rollout,qualified_leads;applications;offers;enrolments;yield;cost_per_enrolment,regularized_relative_demand_signal_from_overlapping_queries_not_unique_vacancies,ppml_russia_inbound_structural_allocation_v3;friendliness_receptivity_ex_ante_v3;trudvsem_program_demand_v4;mgimo_program_profiles,calculated_uncertainty_aware_scenario_ensemble,employer_linked_program_campaign_and_case_competitions,123,117.0,140.0,121.0,212.0,117.0,212.0,95.0
country_program_priority_evidence_v4,LCA,Saint Lucia,Latin America & Caribbean,digital_analytics,digital_analytics,Цифровая аналитика и Data/AI,english_with_optional_russian_preparatory_module,CLDR indicates a material functional English-language environment.,8.97353380351016,8.97353380351016,1.278101069562503,8.424937550566439,43.631870514869085,1.0,0.0,0.0,2023,9.140984349303544,9.140984349303544,0.16745054579338386,32.98644103938894,32.98644103938894,11.808651286546793,54.47862185424246,point_score multiplied by probability of positive structural gap,62.98961219976466,35.48961219976465,90.48961219976465,0.45,limited,False,65.52495526356516,"{""digital_finance_business_informatics"": 0.6610833999754473, ""economic_legal"": 0.6319141632764691}",calculated_from_existing_mgimo_country_profile_scores,57.83576220146514,37.1936785476967,76.96065573742321,3,0,51.49695640753676,49.15806753326589,54.1741027055795,54.35140106944678,52.83552955655813,52.83552955655813,49.15806753326589,54.35140106944678,49.15806753326589,54.35140106944678,5.193333536180887,26.92320937114366,71.55671794998821,44.633508578844555,C_monitor_and_test,"{""academic_fit"": 54.35140106944678, ""balanced"": 51.49695640753676, ""labor_market"": 54.1741027055795, ""recruitment"": 49.15806753326589}","{""academic_fit"": 36.687798596453, ""balanced"": 30.16878786596207, ""labor_market"": 33.72855860431086, ""recruitment"": 26.92320937114366}","{""academic_fit"": 67.61455573337615, ""balanced"": 69.71885500672154, ""labor_market"": 71.55671794998821, ""recruitment"": 68.47387323522047}","{""academic_fit"": {""country_opportunity"": 0.25, ""friendliness"": 0.15, ""labor_demand"": 0.15, ""program_fit"": 0.45}, ""balanced"": {""country_opportunity"": 0.3, ""friendliness"": 0.2, ""labor_demand"": 0.3, ""program_fit"": 0.2}, ""labor_market"": {""country_opportunity"": 0.2, ""friendliness"": 0.15, ""labor_demand"": 0.45, ""program_fit"": 0.2}, ""recruitment"": {""country_opportunity"": 0.4, ""friendliness"": 0.3, ""labor_demand"": 0.1, ""program_fit"": 0.2}}",uncertainty_adjusted_management_priority_index_not_predicted_student_count,not_identified_ex_ante,,,,"incremental qualified applications, offers and enrolments attributable to the recruitment intervention",requires_prospective_campaign_evaluation,24,pre_registered_country_program_campaign_with_matched_comparison_or_stepped_wedge_rollout,qualified_leads;applications;offers;enrolments;yield;cost_per_enrolment,regularized_relative_demand_signal_from_overlapping_queries_not_unique_vacancies,ppml_russia_inbound_structural_allocation_v3;friendliness_receptivity_ex_ante_v3;trudvsem_program_demand_v4;mgimo_program_profiles,calculated_uncertainty_aware_scenario_ensemble,targeted_digital_campaign_with_local_partner_validation,124,142.0,161.0,139.0,62.0,62.0,161.0,99.0
country_program_priority_evidence_v4,BFA,Burkina Faso,Sub-Saharan Africa,digital_analytics,digital_analytics,Цифровая аналитика и Data/AI,english_plus_russian_preparatory_year,No broad Russian or English functional-language signal is available in CLDR.,235.41478397807734,235.41478397807734,74.28192356188265,217.03767895358453,463.0755403403525,1.0,0.035,32.0,2023,272.4262376500111,272.4262376500111,37.011453671933765,78.38929933944887,78.38929933944887,61.97667856140877,88.06262468380872,point_score multiplied by probability of positive structural gap,64.97678479047427,37.47678479047427,92.47678479047427,0.45,limited,False,21.35799277861946,"{""digital_finance_business_informatics"": 0.2235377883627371, ""economic_legal"": 0.1737484854800246}",calculated_from_existing_mgimo_country_profile_scores,57.83576220146514,37.1936785476967,76.96065573742321,3,0,53.73588723659331,56.00817979384311,51.8519241728096,41.325561523999696,52.79390570470146,52.79390570470146,41.325561523999696,56.00817979384311,41.325561523999696,56.00817979384311,14.682618269843417,33.71295872124585,66.96410405212221,33.25114533087636,C_monitor_and_test,"{""academic_fit"": 41.325561523999696, ""balanced"": 53.73588723659331, ""labor_market"": 51.8519241728096, ""recruitment"": 56.00817979384311}","{""academic_fit"": 33.71295872124585, ""balanced"": 39.5326853227242, ""labor_market"": 37.590415392067214, ""recruitment"": 41.59066557250519}","{""academic_fit"": 46.74489098072293, ""balanced"": 64.8899192408706, ""labor_market"": 63.45324237936113, ""recruitment"": 66.96410405212221}","{""academic_fit"": {""country_opportunity"": 0.25, ""friendliness"": 0.15, ""labor_demand"": 0.15, ""program_fit"": 0.45}, ""balanced"": {""country_opportunity"": 0.3, ""friendliness"": 0.2, ""labor_demand"": 0.3, ""program_fit"": 0.2}, ""labor_market"": {""country_opportunity"": 0.2, ""friendliness"": 0.15, ""labor_demand"": 0.45, ""program_fit"": 0.2}, ""recruitment"": {""country_opportunity"": 0.4, ""friendliness"": 0.3, ""labor_demand"": 0.1, ""program_fit"": 0.2}}",uncertainty_adjusted_management_priority_index_not_predicted_student_count,not_identified_ex_ante,,,,"incremental qualified applications, offers and enrolments attributable to the recruitment intervention",requires_prospective_campaign_evaluation,24,pre_registered_country_program_campaign_with_matched_comparison_or_stepped_wedge_rollout,qualified_leads;applications;offers;enrolments;yield;cost_per_enrolment,regularized_relative_demand_signal_from_overlapping_queries_not_unique_vacancies,ppml_russia_inbound_structural_allocation_v3;friendliness_receptivity_ex_ante_v3;trudvsem_program_demand_v4;mgimo_program_profiles,calculated_uncertainty_aware_scenario_ensemble,targeted_digital_campaign_with_local_partner_validation,125,126.0,99.0,152.0,147.0,99.0,152.0,53.0
country_program_priority_evidence_v4,GMB,Gambia,Sub-Saharan Africa,management_public,management_public,Управление и государственная политика,english_with_optional_russian_preparatory_module,CLDR indicates a material functional English-language environment.,42.69652363829757,42.69652363829757,-6.9855662645274945,37.18342520940964,120.03035160888243,0.9383333333333334,0.0,47.0,2023,85.65008599969663,85.65008599969663,42.95356236139906,54.17485631691724,50.83407351070735,0.0,68.7864386427658,point_score multiplied by probability of positive structural gap,63.188717482898525,35.688717482898525,90.68871748289853,0.45,limited,False,23.069193212291754,"{""diplomatic_analytic"": 0.224927987576389, ""economic_legal"": 0.2393378489427103}",calculated_from_existing_mgimo_country_profile_scores,95.82415369148119,86.55673351637238,99.07229069328204,2,3,55.41692037237907,49.963522533310964,60.21510874671886,41.21036987192148,52.690221452845016,52.690221452845016,41.21036987192148,60.21510874671886,41.21036987192148,60.21510874671886,19.004738874797383,8.621039741138349,68.42483411481133,59.803794373672986,C_monitor_and_test,"{""academic_fit"": 41.21036987192148, ""balanced"": 55.41692037237907, ""labor_market"": 60.21510874671886, ""recruitment"": 49.963522533310964}","{""academic_fit"": 13.911040928054152, ""balanced"": 14.708361800919795, ""labor_market"": 24.025979952456243, ""recruitment"": 8.621039741138349}","{""academic_fit"": 47.06234204996573, ""balanced"": 65.7142530102414, ""labor_market"": 68.42483411481133, ""recruitment"": 62.83556155852398}","{""academic_fit"": {""country_opportunity"": 0.25, ""friendliness"": 0.15, ""labor_demand"": 0.15, ""program_fit"": 0.45}, ""balanced"": {""country_opportunity"": 0.3, ""friendliness"": 0.2, ""labor_demand"": 0.3, ""program_fit"": 0.2}, ""labor_market"": {""country_opportunity"": 0.2, ""friendliness"": 0.15, ""labor_demand"": 0.45, ""program_fit"": 0.2}, ""recruitment"": {""country_opportunity"": 0.4, ""friendliness"": 0.3, ""labor_demand"": 0.1, ""program_fit"": 0.2}}",uncertainty_adjusted_management_priority_index_not_predicted_student_count,not_identified_ex_ante,,,,"incremental qualified applications, offers and enrolments attributable to the recruitment intervention",requires_prospective_campaign_evaluation,24,pre_registered_country_program_campaign_with_matched_comparison_or_stepped_wedge_rollout,qualified_leads;applications;offers;enrolments;yield;cost_per_enrolment,regularized_relative_demand_signal_from_overlapping_queries_not_unique_vacancies,ppml_russia_inbound_structural_allocation_v3;friendliness_receptivity_ex_ante_v3;trudvsem_program_demand_v4;mgimo_program_profiles,calculated_uncertainty_aware_scenario_ensemble,employer_linked_program_campaign_and_case_competitions,126,112.0,148.0,97.0,150.0,97.0,150.0,53.0
country_program_priority_evidence_v4,COK,Cook Islands,,management_public,management_public,Управление и государственная политика,english_with_optional_russian_preparatory_module,CLDR indicates a material functional English-language environment.,9.385047583606324,9.385047583606324,0.5712077375165258,9.19715385279822,81.51010851340784,0.99,0.0033333333333333335,1.0,2023,10.252419450308775,10.252419450308775,0.8673718667024498,33.56633145335767,33.23066813882409,6.480507027515753,63.291594954977334,point_score multiplied by probability of positive structural gap,50.0,0.0,100.0,0.0,,,50.0,{},calculated_from_existing_mgimo_country_profile_scores,95.82415369148119,86.55673351637238,99.07229069328204,2,3,54.30332500816417,45.90164350186562,62.21626452070461,50.31785651262788,52.310590760396025,52.310590760396025,45.90164350186562,62.21626452070461,45.90164350186562,62.21626452070461,16.31462101883899,7.603158263579863,79.36206067653883,71.75890241295897,C_monitor_and_test,"{""academic_fit"": 50.31785651262788, ""balanced"": 54.30332500816417, ""labor_market"": 62.21626452070461, ""recruitment"": 45.90164350186562}","{""academic_fit"": 18.789334449717593, ""balanced"": 15.207535442692343, ""labor_market"": 24.322553448309417, ""recruitment"": 7.603158263579863}","{""academic_fit"": 65.58719198865634, ""balanced"": 75.96216752077687, ""labor_market"": 79.36206067653883, ""recruitment"": 72.74148078334444}","{""academic_fit"": {""country_opportunity"": 0.25, ""friendliness"": 0.15, ""labor_demand"": 0.15, ""program_fit"": 0.45}, ""balanced"": {""country_opportunity"": 0.3, ""friendliness"": 0.2, ""labor_demand"": 0.3, ""program_fit"": 0.2}, ""labor_market"": {""country_opportunity"": 0.2, ""friendliness"": 0.15, ""labor_demand"": 0.45, ""program_fit"": 0.2}, ""recruitment"": {""country_opportunity"": 0.4, ""friendliness"": 0.3, ""labor_demand"": 0.1, ""program_fit"": 0.2}}",uncertainty_adjusted_management_priority_index_not_predicted_student_count,not_identified_ex_ante,,,,"incremental qualified applications, offers and enrolments attributable to the recruitment intervention",requires_prospective_campaign_evaluation,24,pre_registered_country_program_campaign_with_matched_comparison_or_stepped_wedge_rollout,qualified_leads;applications;offers;enrolments;yield;cost_per_enrolment,regularized_relative_demand_signal_from_overlapping_queries_not_unique_vacancies,ppml_russia_inbound_structural_allocation_v3;friendliness_receptivity_ex_ante_v3;trudvsem_program_demand_v4;mgimo_program_profiles,calculated_uncertainty_aware_scenario_ensemble,employer_linked_program_campaign_and_case_competitions,127,121.0,194.0,84.0,90.0,84.0,194.0,110.0
country_program_priority_evidence_v4,MUS,Mauritius,Sub-Saharan Africa,digital_analytics,digital_analytics,Цифровая аналитика и Data/AI,english_with_optional_russian_preparatory_module,CLDR indicates a material functional English-language environment.,11.452155161881828,11.452155161881828,-5.561774968025375,8.604600126865996,53.16870874084784,0.82,0.0,13.0,2023,24.36121811949668,24.36121811949668,12.909062957614852,36.16984808379601,29.65927542871273,0.0,57.25609021239519,point_score multiplied by probability of positive structural gap,63.15330448715646,35.65330448715646,90.65330448715648,0.45,limited,False,69.81516120004328,"{""digital_finance_business_informatics"": 0.6924359416240076, ""economic_legal"": 0.7210142935061333}",calculated_from_existing_mgimo_country_profile_scores,57.83576220146514,37.1936785476967,76.96065573742321,3,0,50.58347524163705,47.803366065062136,53.7573350187395,54.501062872819816,52.17040513018827,52.17040513018827,47.803366065062136,54.501062872819816,47.803366065062136,54.501062872819816,6.69769680775768,9.843214860067553,73.1877387800111,63.34452391994355,C_monitor_and_test,"{""academic_fit"": 54.501062872819816, ""balanced"": 50.58347524163705, ""labor_market"": 53.7573350187395, ""recruitment"": 47.803366065062136}","{""academic_fit"": 19.959567726911576, ""balanced"": 14.227347832626025, ""labor_market"": 20.521873957302283, ""recruitment"": 9.843214860067553}","{""academic_fit"": 70.41648022992025, ""balanced"": 71.6635877218559, ""labor_market"": 73.1877387800111, ""recruitment"": 70.74119569222823}","{""academic_fit"": {""country_opportunity"": 0.25, ""friendliness"": 0.15, ""labor_demand"": 0.15, ""program_fit"": 0.45}, ""balanced"": {""country_opportunity"": 0.3, ""friendliness"": 0.2, ""labor_demand"": 0.3, ""program_fit"": 0.2}, ""labor_market"": {""country_opportunity"": 0.2, ""friendliness"": 0.15, ""labor_demand"": 0.45, ""program_fit"": 0.2}, ""recruitment"": {""country_opportunity"": 0.4, ""friendliness"": 0.3, ""labor_demand"": 0.1, ""program_fit"": 0.2}}",uncertainty_adjusted_management_priority_index_not_predicted_student_count,not_identified_ex_ante,,,,"incremental qualified applications, offers and enrolments attributable to the recruitment intervention",requires_prospective_campaign_evaluation,24,pre_registered_country_program_campaign_with_matched_comparison_or_stepped_wedge_rollout,qualified_leads;applications;offers;enrolments;yield;cost_per_enrolment,regularized_relative_demand_signal_from_overlapping_queries_not_unique_vacancies,ppml_russia_inbound_structural_allocation_v3;friendliness_receptivity_ex_ante_v3;trudvsem_program_demand_v4;mgimo_program_profiles,calculated_uncertainty_aware_scenario_ensemble,targeted_digital_campaign_with_local_partner_validation,128,150.0,176.0,142.0,60.0,60.0,176.0,116.0
country_program_priority_evidence_v4,PNG,Papua New Guinea,East Asia & Pacific,management_public,management_public,Управление и государственная политика,english_with_optional_russian_preparatory_module,CLDR indicates a material functional English-language environment.,25.183200459503766,25.183200459503766,2.443868362542755,21.851276343177602,137.80922318967646,0.9983333333333333,0.0,0.0,2023,26.80631140168923,26.80631140168923,1.6231109421854624,46.82942086685528,46.75137183207718,17.735666735589938,70.75218696096665,point_score multiplied by probability of positive structural gap,58.32402005653885,30.82402005653885,85.82402005653886,0.45,limited,False,27.80176323343038,"{""diplomatic_analytic"": 0.2627871381864911, ""economic_legal"": 0.3008633735560228}",calculated_from_existing_mgimo_country_profile_scores,95.82415369148119,86.55673351637238,99.07229069328204,2,3,55.169547862133996,48.94680239472748,60.67878376236523,43.255946157758146,52.05817512843073,52.05817512843073,43.255946157758146,60.67878376236523,43.255946157758146,60.67878376236523,17.422837604607082,27.649390959258234,70.74026492903556,43.09087396977733,C_monitor_and_test,"{""academic_fit"": 43.255946157758146, ""balanced"": 55.169547862133996, ""labor_market"": 60.67878376236523, ""recruitment"": 48.94680239472748}","{""academic_fit"": 30.714339973954267, ""balanced"": 35.694480073100934, ""labor_market"": 43.80662810035157, ""recruitment"": 27.649390959258234}","{""academic_fit"": 50.958783954856045, ""balanced"": 67.94149744391704, ""labor_market"": 70.74026492903556, ""recruitment"": 64.79177080103898}","{""academic_fit"": {""country_opportunity"": 0.25, ""friendliness"": 0.15, ""labor_demand"": 0.15, ""program_fit"": 0.45}, ""balanced"": {""country_opportunity"": 0.3, ""friendliness"": 0.2, ""labor_demand"": 0.3, ""program_fit"": 0.2}, ""labor_market"": {""country_opportunity"": 0.2, ""friendliness"": 0.15, ""labor_demand"": 0.45, ""program_fit"": 0.2}, ""recruitment"": {""country_opportunity"": 0.4, ""friendliness"": 0.3, ""labor_demand"": 0.1, ""program_fit"": 0.2}}",uncertainty_adjusted_management_priority_index_not_predicted_student_count,not_identified_ex_ante,,,,"incremental qualified applications, offers and enrolments attributable to the recruitment intervention",requires_prospective_campaign_evaluation,24,pre_registered_country_program_campaign_with_matched_comparison_or_stepped_wedge_rollout,qualified_leads;applications;offers;enrolments;yield;cost_per_enrolment,regularized_relative_demand_signal_from_overlapping_queries_not_unique_vacancies,ppml_russia_inbound_structural_allocation_v3;friendliness_receptivity_ex_ante_v3;trudvsem_program_demand_v4;mgimo_program_profiles,calculated_uncertainty_aware_scenario_ensemble,employer_linked_program_campaign_and_case_competitions,129,113.0,162.0,94.0,134.0,94.0,162.0,68.0
country_program_priority_evidence_v4,GMB,Gambia,Sub-Saharan Africa,languages_regional,languages_regional,Иностранные языки и регионоведение,english_with_optional_russian_preparatory_module_plus_target_region_language,CLDR indicates a material functional English-language environment.,42.69652363829757,42.69652363829757,-6.9855662645274945,37.18342520940964,120.03035160888243,0.9383333333333334,0.0,47.0,2023,85.65008599969663,85.65008599969663,42.95356236139906,54.17485631691724,50.83407351070735,0.0,68.7864386427658,point_score multiplied by probability of positive structural gap,63.188717482898525,35.688717482898525,90.68871748289853,0.45,limited,False,22.780995984965326,"{""diplomatic_analytic"": 0.224927987576389, ""economic_legal"": 0.2393378489427103}",calculated_from_existing_mgimo_country_profile_scores,90.84379582436037,85.35385228314937,94.68543083289845,2,1,54.414660416931014,49.58078085078254,58.6595771399106,40.66420232473153,51.99772063385677,51.99772063385677,40.66420232473153,58.6595771399106,40.66420232473153,58.6595771399106,17.995374815179076,8.588405965636086,66.89703100187366,58.30862503623757,C_monitor_and_test,"{""academic_fit"": 40.66420232473153, ""balanced"": 54.414660416931014, ""labor_market"": 58.6595771399106, ""recruitment"": 49.58078085078254}","{""academic_fit"": 13.807157567985989, ""balanced"": 14.612201591634816, ""labor_market"": 23.81942569500996, ""recruitment"": 8.588405965636086}","{""academic_fit"": 46.49424076205583, ""balanced"": 64.68042568532243, ""labor_market"": 66.89703100187366, ""recruitment"": 62.40399588556188}","{""academic_fit"": {""country_opportunity"": 0.25, ""friendliness"": 0.15, ""labor_demand"": 0.15, ""program_fit"": 0.45}, ""balanced"": {""country_opportunity"": 0.3, ""friendliness"": 0.2, ""labor_demand"": 0.3, ""program_fit"": 0.2}, ""labor_market"": {""country_opportunity"": 0.2, ""friendliness"": 0.15, ""labor_demand"": 0.45, ""program_fit"": 0.2}, ""recruitment"": {""country_opportunity"": 0.4, ""friendliness"": 0.3, ""labor_demand"": 0.1, ""program_fit"": 0.2}}",uncertainty_adjusted_management_priority_index_not_predicted_student_count,not_identified_ex_ante,,,,"incremental qualified applications, offers and enrolments attributable to the recruitment intervention",requires_prospective_campaign_evaluation,24,pre_registered_country_program_campaign_with_matched_comparison_or_stepped_wedge_rollout,qualified_leads;applications;offers;enrolments;yield;cost_per_enrolment,regularized_relative_demand_signal_from_overlapping_queries_not_unique_vacancies,ppml_russia_inbound_structural_allocation_v3;friendliness_receptivity_ex_ante_v3;trudvsem_program_demand_v4;mgimo_program_profiles,calculated_uncertainty_aware_scenario_ensemble,employer_linked_program_campaign_and_case_competitions,130,120.0,154.0,111.0,153.0,111.0,154.0,43.0
country_program_priority_evidence_v4,SYR,Syrian Arab Republic,Middle East & North Africa,digital_analytics,digital_analytics,Цифровая аналитика и Data/AI,english_plus_russian_preparatory_year,No broad Russian or English functional-language signal is available in CLDR.,2790.011825756514,2790.011825756514,-934.5274782324938,2519.8290835864873,8793.305652129202,0.8966666666666666,0.8566666666666667,3672.0,2023,6331.500059389364,6331.500059389364,3541.4882336328496,100.0,89.66666666666666,0.0,100.0,point_score multiplied by probability of positive structural gap,67.47725890252876,39.97725890252875,94.97725890252876,0.45,limited,False,15.769554576479084,"{""digital_finance_business_informatics"": 0.1774576884289665, ""economic_legal"": 0.0786469751080882}",calculated_from_existing_mgimo_country_profile_scores,57.83576220146514,37.1936785476967,76.96065573742321,3,0,53.18864359328165,56.388434826973956,50.552546747010105,37.74447495963736,51.870595170145876,51.870595170145876,37.74447495963736,56.388434826973956,37.74447495963736,56.388434826973956,18.643959867336598,7.630358650933894,67.01152975663204,59.38117110569815,C_monitor_and_test,"{""academic_fit"": 37.74447495963736, ""balanced"": 53.18864359328165, ""labor_market"": 50.552546747010105, ""recruitment"": 56.388434826973956}","{""academic_fit"": 10.61435166882133, ""balanced"": 10.906589284948105, ""labor_market"": 15.644458555557595, ""recruitment"": 7.630358650933894}","{""academic_fit"": 42.5500652884046, ""balanced"": 63.955169943651335, ""labor_market"": 61.67603202927686, ""recruitment"": 67.01152975663204}","{""academic_fit"": {""country_opportunity"": 0.25, ""friendliness"": 0.15, ""labor_demand"": 0.15, ""program_fit"": 0.45}, ""balanced"": {""country_opportunity"": 0.3, ""friendliness"": 0.2, ""labor_demand"": 0.3, ""program_fit"": 0.2}, ""labor_market"": {""country_opportunity"": 0.2, ""friendliness"": 0.15, ""labor_demand"": 0.45, ""program_fit"": 0.2}, ""recruitment"": {""country_opportunity"": 0.4, ""friendliness"": 0.3, ""labor_demand"": 0.1, ""program_fit"": 0.2}}",uncertainty_adjusted_management_priority_index_not_predicted_student_count,not_identified_ex_ante,,,,"incremental qualified applications, offers and enrolments attributable to the recruitment intervention",requires_prospective_campaign_evaluation,24,pre_registered_country_program_campaign_with_matched_comparison_or_stepped_wedge_rollout,qualified_leads;applications;offers;enrolments;yield;cost_per_enrolment,regularized_relative_demand_signal_from_overlapping_queries_not_unique_vacancies,ppml_russia_inbound_structural_allocation_v3;friendliness_receptivity_ex_ante_v3;trudvsem_program_demand_v4;mgimo_program_profiles,calculated_uncertainty_aware_scenario_ensemble,digital_recruitment_scholarship_and_olympiad,131,130.0,97.0,159.0,183.0,97.0,183.0,86.0
country_program_priority_evidence_v4,GMB,Gambia,Sub-Saharan Africa,digital_analytics,digital_analytics,Цифровая аналитика и Data/AI,english_with_optional_russian_preparatory_module,CLDR indicates a material functional English-language environment.,42.69652363829757,42.69652363829757,-6.9855662645274945,37.18342520940964,120.03035160888243,0.9383333333333334,0.0,47.0,2023,85.65008599969663,85.65008599969663,42.95356236139906,54.17485631691724,50.83407351070735,0.0,68.7864386427658,point_score multiplied by probability of positive structural gap,63.188717482898525,35.688717482898525,90.68871748289853,0.45,limited,False,35.49809963381982,"{""digital_finance_business_informatics"": 0.3838917831870701, ""economic_legal"": 0.2393378489427103}",calculated_from_existing_mgimo_country_profile_scores,57.83576220146514,37.1936785476967,76.96065573742321,3,0,51.86823067940806,51.66311173493009,52.3013829146019,46.12316351639631,51.76567120716908,51.76567120716908,46.12316351639631,52.3013829146019,46.12316351639631,52.3013829146019,6.1782193982055915,8.62365918993931,66.60754222659129,57.98388303665198,C_monitor_and_test,"{""academic_fit"": 46.12316351639631, ""balanced"": 51.86823067940806, ""labor_market"": 52.3013829146019, ""recruitment"": 51.66311173493009}","{""academic_fit"": 14.814221799962382, ""balanced"": 12.463402752070964, ""labor_market"": 17.976648477518104, ""recruitment"": 8.62365918993931}","{""academic_fit"": 54.672849052839034, ""balanced"": 66.2658559475704, ""labor_market"": 66.46273915885985, ""recruitment"": 66.60754222659129}","{""academic_fit"": {""country_opportunity"": 0.25, ""friendliness"": 0.15, ""labor_demand"": 0.15, ""program_fit"": 0.45}, ""balanced"": {""country_opportunity"": 0.3, ""friendliness"": 0.2, ""labor_demand"": 0.3, ""program_fit"": 0.2}, ""labor_market"": {""country_opportunity"": 0.2, ""friendliness"": 0.15, ""labor_demand"": 0.45, ""program_fit"": 0.2}, ""recruitment"": {""country_opportunity"": 0.4, ""friendliness"": 0.3, ""labor_demand"": 0.1, ""program_fit"": 0.2}}",uncertainty_adjusted_management_priority_index_not_predicted_student_count,not_identified_ex_ante,,,,"incremental qualified applications, offers and enrolments attributable to the recruitment intervention",requires_prospective_campaign_evaluation,24,pre_registered_country_program_campaign_with_matched_comparison_or_stepped_wedge_rollout,qualified_leads;applications;offers;enrolments;yield;cost_per_enrolment,regularized_relative_demand_signal_from_overlapping_queries_not_unique_vacancies,ppml_russia_inbound_structural_allocation_v3;friendliness_receptivity_ex_ante_v3;trudvsem_program_demand_v4;mgimo_program_profiles,calculated_uncertainty_aware_scenario_ensemble,targeted_digital_campaign_with_local_partner_validation,132,140.0,138.0,151.0,121.0,121.0,151.0,30.0
country_program_priority_evidence_v4,COK,Cook Islands,,languages_regional,languages_regional,Иностранные языки и регионоведение,english_with_optional_russian_preparatory_module_plus_target_region_language,CLDR indicates a material functional English-language environment.,9.385047583606324,9.385047583606324,0.5712077375165258,9.19715385279822,81.51010851340784,0.99,0.0033333333333333335,1.0,2023,10.252419450308775,10.252419450308775,0.8673718667024498,33.56633145335767,33.23066813882409,6.480507027515753,63.291594954977334,point_score multiplied by probability of positive structural gap,50.0,0.0,100.0,0.0,,,50.0,{},calculated_from_existing_mgimo_country_profile_scores,90.84379582436037,85.35385228314937,94.68543083289845,2,1,53.44982120836303,45.65988855522071,60.75523206516643,49.920858979181844,51.68534009377244,51.68534009377244,45.65988855522071,60.75523206516643,45.65988855522071,60.75523206516643,15.095343509945721,7.592647667991459,77.7772036917898,70.18455602379834,C_monitor_and_test,"{""academic_fit"": 49.920858979181844, ""balanced"": 53.44982120836303, ""labor_market"": 60.75523206516643, ""recruitment"": 45.65988855522071}","{""academic_fit"": 18.75038639253012, ""balanced"": 15.144553959891116, ""labor_market"": 24.171613474128524, ""recruitment"": 7.592647667991459}","{""academic_fit"": 65.14766192729552, ""balanced"": 74.94746382356114, ""labor_market"": 77.7772036917898, ""recruitment"": 72.4161338850629}","{""academic_fit"": {""country_opportunity"": 0.25, ""friendliness"": 0.15, ""labor_demand"": 0.15, ""program_fit"": 0.45}, ""balanced"": {""country_opportunity"": 0.3, ""friendliness"": 0.2, ""labor_demand"": 0.3, ""program_fit"": 0.2}, ""labor_market"": {""country_opportunity"": 0.2, ""friendliness"": 0.15, ""labor_demand"": 0.45, ""program_fit"": 0.2}, ""recruitment"": {""country_opportunity"": 0.4, ""friendliness"": 0.3, ""labor_demand"": 0.1, ""program_fit"": 0.2}}",uncertainty_adjusted_management_priority_index_not_predicted_student_count,not_identified_ex_ante,,,,"incremental qualified applications, offers and enrolments attributable to the recruitment intervention",requires_prospective_campaign_evaluation,24,pre_registered_country_program_campaign_with_matched_comparison_or_stepped_wedge_rollout,qualified_leads;applications;offers;enrolments;yield;cost_per_enrolment,regularized_relative_demand_signal_from_overlapping_queries_not_unique_vacancies,ppml_russia_inbound_structural_allocation_v3;friendliness_receptivity_ex_ante_v3;trudvsem_program_demand_v4;mgimo_program_profiles,calculated_uncertainty_aware_scenario_ensemble,employer_linked_program_campaign_and_case_competitions,133,128.0,197.0,93.0,95.0,93.0,197.0,104.0
country_program_priority_evidence_v4,UGA,Uganda,Sub-Saharan Africa,digital_analytics,digital_analytics,Цифровая аналитика и Data/AI,english_with_optional_russian_preparatory_module,CLDR indicates a material functional English-language environment.,243.71786376458914,243.71786376458914,30.848241576477772,229.01802169931238,628.9893447637004,1.0,0.09833333333333333,99.0,2023,330.2004674675871,330.2004674675871,86.48260370299793,78.88437024465559,78.88437024465559,49.638570683699605,92.44643962579326,point_score multiplied by probability of positive structural gap,64.20508339789163,36.70508339789163,91.70508339789163,0.45,limited,False,18.663104399900902,"{""digital_finance_business_informatics"": 0.1925002072270072, ""economic_legal"": 0.1631543910870162}",calculated_from_existing_mgimo_country_profile_scores,57.83576220146514,37.1936785476967,76.96065573742321,3,0,52.34754201319565,54.530859678327325,50.51056743621093,38.996528207558846,51.42905472470329,51.42905472470329,38.996528207558846,54.530859678327325,38.996528207558846,54.530859678327325,15.534331470768478,30.040083351682156,66.36708760985253,36.327004258170376,C_monitor_and_test,"{""academic_fit"": 38.996528207558846, ""balanced"": 52.34754201319565, ""labor_market"": 50.51056743621093, ""recruitment"": 54.530859678327325}","{""academic_fit"": 30.040083351682156, ""balanced"": 35.944372194293976, ""labor_market"": 34.96725065804989, ""recruitment"": 36.92502001149294}","{""academic_fit"": 44.59740706164598, ""balanced"": 64.05620800645238, ""labor_market"": 62.36358816698334, ""recruitment"": 66.36708760985253}","{""academic_fit"": {""country_opportunity"": 0.25, ""friendliness"": 0.15, ""labor_demand"": 0.15, ""program_fit"": 0.45}, ""balanced"": {""country_opportunity"": 0.3, ""friendliness"": 0.2, ""labor_demand"": 0.3, ""program_fit"": 0.2}, ""labor_market"": {""country_opportunity"": 0.2, ""friendliness"": 0.15, ""labor_demand"": 0.45, ""program_fit"": 0.2}, ""recruitment"": {""country_opportunity"": 0.4, ""friendliness"": 0.3, ""labor_demand"": 0.1, ""program_fit"": 0.2}}",uncertainty_adjusted_management_priority_index_not_predicted_student_count,not_identified_ex_ante,,,,"incremental qualified applications, offers and enrolments attributable to the recruitment intervention",requires_prospective_campaign_evaluation,24,pre_registered_country_program_campaign_with_matched_comparison_or_stepped_wedge_rollout,qualified_leads;applications;offers;enrolments;yield;cost_per_enrolment,regularized_relative_demand_signal_from_overlapping_queries_not_unique_vacancies,ppml_russia_inbound_structural_allocation_v3;friendliness_receptivity_ex_ante_v3;trudvsem_program_demand_v4;mgimo_program_profiles,calculated_uncertainty_aware_scenario_ensemble,targeted_digital_campaign_with_local_partner_validation,134,138.0,111.0,160.0,169.0,111.0,169.0,58.0
country_program_priority_evidence_v4,BRA,Brazil,Latin America & Caribbean,digital_analytics,digital_analytics,Цифровая аналитика и Data/AI,english_plus_russian_preparatory_year,No broad Russian or English functional-language signal is available in CLDR.,85.43170022491807,85.43170022491807,-181.2820702477455,57.08296170262864,768.9202486279605,0.6316666666666667,0.145,227.0,2023,435.06583263095894,435.06583263095894,349.63413240604086,63.95756264482146,40.39986040397889,0.0,95.32328326858273,point_score multiplied by probability of positive structural gap,56.86413841445693,39.36413841445693,74.36413841445693,0.65,moderate,True,53.27888861165585,"{""digital_finance_business_informatics"": 0.5701444886715535, ""economic_legal"": 0.3833664758965783}",calculated_from_existing_mgimo_country_profile_scores,57.83576220146514,37.1936785476967,76.96065573742321,3,0,51.413692050952974,49.55544175268874,53.29722989856865,51.32392984253534,51.36881094674416,51.36881094674416,49.55544175268874,53.29722989856865,49.55544175268874,53.29722989856865,3.7417881458799087,9.607329159367302,77.34536556479324,67.73803640542594,C_monitor_and_test,"{""academic_fit"": 51.32392984253534, ""balanced"": 51.413692050952974, ""labor_market"": 53.29722989856865, ""recruitment"": 49.55544175268874}","{""academic_fit"": 17.96638196445737, ""balanced"": 13.75312529258352, ""labor_market"": 19.742417799215794, ""recruitment"": 9.607329159367302}","{""academic_fit"": 68.79413350533301, ""balanced"": 75.98358697036633, ""labor_market"": 74.51946861293172, ""recruitment"": 77.34536556479324}","{""academic_fit"": {""country_opportunity"": 0.25, ""friendliness"": 0.15, ""labor_demand"": 0.15, ""program_fit"": 0.45}, ""balanced"": {""country_opportunity"": 0.3, ""friendliness"": 0.2, ""labor_demand"": 0.3, ""program_fit"": 0.2}, ""labor_market"": {""country_opportunity"": 0.2, ""friendliness"": 0.15, ""labor_demand"": 0.45, ""program_fit"": 0.2}, ""recruitment"": {""country_opportunity"": 0.4, ""friendliness"": 0.3, ""labor_demand"": 0.1, ""program_fit"": 0.2}}",uncertainty_adjusted_management_priority_index_not_predicted_student_count,not_identified_ex_ante,,,,"incremental qualified applications, offers and enrolments attributable to the recruitment intervention",requires_prospective_campaign_evaluation,24,pre_registered_country_program_campaign_with_matched_comparison_or_stepped_wedge_rollout,qualified_leads;applications;offers;enrolments;yield;cost_per_enrolment,regularized_relative_demand_signal_from_overlapping_queries_not_unique_vacancies,ppml_russia_inbound_structural_allocation_v3;friendliness_receptivity_ex_ante_v3;trudvsem_program_demand_v4;mgimo_program_profiles,calculated_uncertainty_aware_scenario_ensemble,targeted_digital_campaign_with_local_partner_validation,135,143.0,155.0,146.0,80.0,80.0,155.0,75.0
country_program_priority_evidence_v4,PNG,Papua New Guinea,East Asia & Pacific,languages_regional,languages_regional,Иностранные языки и регионоведение,english_with_optional_russian_preparatory_module_plus_target_region_language,CLDR indicates a material functional English-language environment.,25.183200459503766,25.183200459503766,2.443868362542755,21.851276343177602,137.80922318967646,0.9983333333333333,0.0,0.0,2023,26.80631140168923,26.80631140168923,1.6231109421854624,46.82942086685528,46.75137183207718,17.735666735589938,70.75218696096665,point_score multiplied by probability of positive structural gap,58.32402005653885,30.82402005653885,85.82402005653886,0.45,limited,False,27.040238526039744,"{""diplomatic_analytic"": 0.2627871381864911, ""economic_legal"": 0.3008633735560228}",calculated_from_existing_mgimo_country_profile_scores,90.84379582436037,85.35385228314937,94.68543083289845,2,1,54.012189752893846,48.42877262124715,58.937151824678836,42.400298659309875,51.2204811870705,51.2204811870705,42.400298659309875,58.937151824678836,42.400298659309875,58.937151824678836,16.53685316536896,27.463590288951373,68.95703770034078,41.493447411389404,C_monitor_and_test,"{""academic_fit"": 42.400298659309875, ""balanced"": 54.012189752893846, ""labor_market"": 58.937151824678836, ""recruitment"": 48.42877262124715}","{""academic_fit"": 30.28329968859988, ""balanced"": 35.35666027140047, ""labor_market"": 43.302086755973036, ""recruitment"": 27.463590288951373}","{""academic_fit"": 50.010596495048766, ""balanced"": 66.67564610333692, ""labor_market"": 68.95703770034078, ""recruitment"": 64.15722524709845}","{""academic_fit"": {""country_opportunity"": 0.25, ""friendliness"": 0.15, ""labor_demand"": 0.15, ""program_fit"": 0.45}, ""balanced"": {""country_opportunity"": 0.3, ""friendliness"": 0.2, ""labor_demand"": 0.3, ""program_fit"": 0.2}, ""labor_market"": {""country_opportunity"": 0.2, ""friendliness"": 0.15, ""labor_demand"": 0.45, ""program_fit"": 0.2}, ""recruitment"": {""country_opportunity"": 0.4, ""friendliness"": 0.3, ""labor_demand"": 0.1, ""program_fit"": 0.2}}",uncertainty_adjusted_management_priority_index_not_predicted_student_count,not_identified_ex_ante,,,,"incremental qualified applications, offers and enrolments attributable to the recruitment intervention",requires_prospective_campaign_evaluation,24,pre_registered_country_program_campaign_with_matched_comparison_or_stepped_wedge_rollout,qualified_leads;applications;offers;enrolments;yield;cost_per_enrolment,regularized_relative_demand_signal_from_overlapping_queries_not_unique_vacancies,ppml_russia_inbound_structural_allocation_v3;friendliness_receptivity_ex_ante_v3;trudvsem_program_demand_v4;mgimo_program_profiles,calculated_uncertainty_aware_scenario_ensemble,employer_linked_program_campaign_and_case_competitions,136,124.0,169.0,108.0,141.0,108.0,169.0,61.0
country_program_priority_evidence_v4,SRB,Serbia,Europe & Central Asia,international_economics,international_economics,Международная экономика и ВЭД,english_plus_russian_preparatory_year,No broad Russian or English functional-language signal is available in CLDR.,1862.9553713367163,1862.9553713367163,1003.314755628782,1669.0585884881532,2555.963289644219,1.0,1.0,360.0,2023,2193.7618868849218,2193.7618868849218,330.80651554820554,100.0,100.0,99.1351007594011,100.0,point_score multiplied by probability of positive structural gap,63.29199926677249,35.79199926677249,90.79199926677249,0.45,limited,False,54.44941305824869,"{""economic_legal"": 0.5462472873604773, ""energy_logistics"": 0.5392346602485153}",calculated_from_existing_mgimo_country_profile_scores,16.030923181431294,9.076141467743279,25.775050153533456,2,0,47.50696347144403,64.82722995469243,37.205146318108206,54.62882593194066,51.067894701692346,51.067894701692346,37.205146318108206,64.82722995469243,37.205146318108206,64.82722995469243,27.62208363658422,26.972469349855476,75.47463899905833,48.502169649202855,C_monitor_and_test,"{""academic_fit"": 54.62882593194066, ""balanced"": 47.50696347144403, ""labor_market"": 37.205146318108206, ""recruitment"": 64.82722995469243}","{""academic_fit"": 46.33786144958933, ""balanced"": 36.205360248038815, ""labor_market"": 26.972469349855476, ""recruitment"": 51.849908529550056}","{""academic_fit"": 61.67268650616094, ""balanced"": 58.429811165447845, ""labor_market"": 48.108481373406356, ""recruitment"": 75.47463899905833}","{""academic_fit"": {""country_opportunity"": 0.25, ""friendliness"": 0.15, ""labor_demand"": 0.15, ""program_fit"": 0.45}, ""balanced"": {""country_opportunity"": 0.3, ""friendliness"": 0.2, ""labor_demand"": 0.3, ""program_fit"": 0.2}, ""labor_market"": {""country_opportunity"": 0.2, ""friendliness"": 0.15, ""labor_demand"": 0.45, ""program_fit"": 0.2}, ""recruitment"": {""country_opportunity"": 0.4, ""friendliness"": 0.3, ""labor_demand"": 0.1, ""program_fit"": 0.2}}",uncertainty_adjusted_management_priority_index_not_predicted_student_count,not_identified_ex_ante,,,,"incremental qualified applications, offers and enrolments attributable to the recruitment intervention",requires_prospective_campaign_evaluation,24,pre_registered_country_program_campaign_with_matched_comparison_or_stepped_wedge_rollout,qualified_leads;applications;offers;enrolments;yield;cost_per_enrolment,regularized_relative_demand_signal_from_overlapping_queries_not_unique_vacancies,ppml_russia_inbound_structural_allocation_v3;friendliness_receptivity_ex_ante_v3;trudvsem_program_demand_v4;mgimo_program_profiles,calculated_uncertainty_aware_scenario_ensemble,targeted_digital_campaign_with_local_partner_validation,137,165.0,52.0,182.0,59.0,52.0,182.0,130.0
country_program_priority_evidence_v4,DJI,Djibouti,Middle East & North Africa,international_economics,international_economics,Международная экономика и ВЭД,english_plus_russian_preparatory_year,No broad Russian or English functional-language signal is available in CLDR.,239.3738803499215,239.3738803499215,50.49768958489623,219.45283508352134,743.5658002040125,1.0,0.18833333333333332,25.0,2023,271.61950240658797,271.61950240658797,32.24562205666646,78.62749291035662,78.62749291035662,56.530848916296335,94.84302000290357,point_score multiplied by probability of positive structural gap,63.19730844112152,35.69730844112152,90.69730844112152,0.45,limited,False,66.09250352029568,"{""economic_legal"": 0.5554859375124632, ""energy_logistics"": 0.9772423282744376}",calculated_from_existing_mgimo_country_profile_scores,16.030923181431294,9.076141467743279,25.775050153533456,2,0,45.94171035219124,61.20931335283603,36.84773036776559,56.07392251722426,51.00781643470775,51.00781643470775,36.84773036776559,61.20931335283603,36.84773036776559,61.20931335283603,24.361582985070434,25.070969549089455,76.75693551912136,51.6859659700319,C_monitor_and_test,"{""academic_fit"": 56.07392251722426, ""balanced"": 45.94171035219124, ""labor_market"": 36.84773036776559, ""recruitment"": 61.20931335283603}","{""academic_fit"": 43.938617806785714, ""balanced"": 31.834554732984827, ""labor_market"": 25.070969549089455, ""recruitment"": 43.12145715019262}","{""academic_fit"": 66.3109240336449, ""balanced"": 59.7409298832137, ""labor_market"": 49.449014851915024, ""recruitment"": 76.75693551912136}","{""academic_fit"": {""country_opportunity"": 0.25, ""friendliness"": 0.15, ""labor_demand"": 0.15, ""program_fit"": 0.45}, ""balanced"": {""country_opportunity"": 0.3, ""friendliness"": 0.2, ""labor_demand"": 0.3, ""program_fit"": 0.2}, ""labor_market"": {""country_opportunity"": 0.2, ""friendliness"": 0.15, ""labor_demand"": 0.45, ""program_fit"": 0.2}, ""recruitment"": {""country_opportunity"": 0.4, ""friendliness"": 0.3, ""labor_demand"": 0.1, ""program_fit"": 0.2}}",uncertainty_adjusted_management_priority_index_not_predicted_student_count,not_identified_ex_ante,,,,"incremental qualified applications, offers and enrolments attributable to the recruitment intervention",requires_prospective_campaign_evaluation,24,pre_registered_country_program_campaign_with_matched_comparison_or_stepped_wedge_rollout,qualified_leads;applications;offers;enrolments;yield;cost_per_enrolment,regularized_relative_demand_signal_from_overlapping_queries_not_unique_vacancies,ppml_russia_inbound_structural_allocation_v3;friendliness_receptivity_ex_ante_v3;trudvsem_program_demand_v4;mgimo_program_profiles,calculated_uncertainty_aware_scenario_ensemble,targeted_digital_campaign_with_local_partner_validation,138,177.0,69.0,183.0,56.0,56.0,183.0,127.0
country_program_priority_evidence_v4,TZA,"Tanzania, United Republic of",Sub-Saharan Africa,management_public,management_public,Управление и государственная политика,english_with_optional_russian_preparatory_module,CLDR indicates a material functional English-language environment.,110.72059909148331,110.72059909148331,-53.3958723614936,99.1973263020007,436.4097605295827,0.8316666666666667,0.0016666666666666668,175.0,2023,252.4946197191707,252.4946197191707,141.77402062768738,67.63847444358663,56.25266457891622,0.0,87.21388940881273,point_score multiplied by probability of positive structural gap,63.54559861270263,36.04559861270264,91.04559861270265,0.45,limited,False,15.765047041241829,"{""diplomatic_analytic"": 0.1601941190988638, ""economic_legal"": 0.15383499738275}",calculated_from_existing_mgimo_country_profile_scores,95.82415369148119,86.55673351637238,99.07229069328204,2,3,53.17000879129653,48.44357929453974,57.18621945202869,35.93248499769105,50.806794042918135,50.806794042918135,35.93248499769105,57.18621945202869,35.93248499769105,57.18621945202869,21.25373445433764,8.042841712611539,66.74345097182459,58.700609259213046,C_monitor_and_test,"{""academic_fit"": 35.93248499769105, ""balanced"": 53.17000879129653, ""labor_market"": 57.18621945202869, ""recruitment"": 48.44357929453974}","{""academic_fit"": 11.838991281862334, ""balanced"": 13.70862101322598, ""labor_market"": 22.382076302003046, ""recruitment"": 8.042841712611539}","{""academic_fit"": 42.431906794004234, ""balanced"": 65.63196851576217, ""labor_market"": 66.74345097182459, ""recruitment"": 64.26975759164144}","{""academic_fit"": {""country_opportunity"": 0.25, ""friendliness"": 0.15, ""labor_demand"": 0.15, ""program_fit"": 0.45}, ""balanced"": {""country_opportunity"": 0.3, ""friendliness"": 0.2, ""labor_demand"": 0.3, ""program_fit"": 0.2}, ""labor_market"": {""country_opportunity"": 0.2, ""friendliness"": 0.15, ""labor_demand"": 0.45, ""program_fit"": 0.2}, ""recruitment"": {""country_opportunity"": 0.4, ""friendliness"": 0.3, ""labor_demand"": 0.1, ""program_fit"": 0.2}}",uncertainty_adjusted_management_priority_index_not_predicted_student_count,not_identified_ex_ante,,,,"incremental qualified applications, offers and enrolments attributable to the recruitment intervention",requires_prospective_campaign_evaluation,24,pre_registered_country_program_campaign_with_matched_comparison_or_stepped_wedge_rollout,qualified_leads;applications;offers;enrolments;yield;cost_per_enrolment,regularized_relative_demand_signal_from_overlapping_queries_not_unique_vacancies,ppml_russia_inbound_structural_allocation_v3;friendliness_receptivity_ex_ante_v3;trudvsem_program_demand_v4;mgimo_program_profiles,calculated_uncertainty_aware_scenario_ensemble,employer_linked_program_campaign_and_case_competitions,139,131.0,168.0,122.0,195.0,122.0,195.0,73.0
country_program_priority_evidence_v4,COM,Comoros,Sub-Saharan Africa,management_public,management_public,Управление и государственная политика,english_plus_russian_preparatory_year,No broad Russian or English functional-language signal is available in CLDR.,62.71203980649686,62.71203980649686,5.010048404428561,56.4437042489474,197.3415730008163,0.99,0.0016666666666666668,27.0,2023,86.23551797335189,86.23551797335189,23.523478166855032,59.583423159682624,58.9875889280858,25.722016622918822,75.87082577977571,point_score multiplied by probability of positive structural gap,62.99280702509604,35.49280702509604,90.49280702509604,0.45,limited,False,14.548370203054883,"{""diplomatic_analytic"": 0.1530626083312581, ""economic_legal"": 0.134115342579485}",calculated_from_existing_mgimo_country_profile_scores,95.82415369148119,86.55673351637238,99.07229069328204,2,3,53.021909951221616,48.492869384037185,56.785862372040356,35.096951949564584,50.7573896676294,50.7573896676294,35.096951949564584,56.785862372040356,35.096951949564584,56.785862372040356,21.68891042247577,25.96143233543605,63.90240175511184,37.94096941967579,C_monitor_and_test,"{""academic_fit"": 35.096951949564584, ""balanced"": 53.021909951221616, ""labor_market"": 56.785862372040356, ""recruitment"": 48.492869384037185}","{""academic_fit"": 25.96143233543605, ""balanced"": 36.07486288377844, ""labor_market"": 42.43760197410145, ""recruitment"": 29.35313073814307}","{""academic_fit"": 39.594268556219525, ""balanced"": 61.96059896869712, ""labor_market"": 63.90240175511184, ""recruitment"": 59.80915808731776}","{""academic_fit"": {""country_opportunity"": 0.25, ""friendliness"": 0.15, ""labor_demand"": 0.15, ""program_fit"": 0.45}, ""balanced"": {""country_opportunity"": 0.3, ""friendliness"": 0.2, ""labor_demand"": 0.3, ""program_fit"": 0.2}, ""labor_market"": {""country_opportunity"": 0.2, ""friendliness"": 0.15, ""labor_demand"": 0.45, ""program_fit"": 0.2}, ""recruitment"": {""country_opportunity"": 0.4, ""friendliness"": 0.3, ""labor_demand"": 0.1, ""program_fit"": 0.2}}",uncertainty_adjusted_management_priority_index_not_predicted_student_count,not_identified_ex_ante,,,,"incremental qualified applications, offers and enrolments attributable to the recruitment intervention",requires_prospective_campaign_evaluation,24,pre_registered_country_program_campaign_with_matched_comparison_or_stepped_wedge_rollout,qualified_leads;applications;offers;enrolments;yield;cost_per_enrolment,regularized_relative_demand_signal_from_overlapping_queries_not_unique_vacancies,ppml_russia_inbound_structural_allocation_v3;friendliness_receptivity_ex_ante_v3;trudvsem_program_demand_v4;mgimo_program_profiles,calculated_uncertainty_aware_scenario_ensemble,employer_linked_program_campaign_and_case_competitions,140,132.0,166.0,127.0,208.0,127.0,208.0,81.0
country_program_priority_evidence_v4,COM,Comoros,Sub-Saharan Africa,languages_regional,languages_regional,Иностранные языки и регионоведение,english_plus_russian_preparatory_year_plus_target_region_language,No broad Russian or English functional-language signal is available in CLDR.,62.71203980649686,62.71203980649686,5.010048404428561,56.4437042489474,197.3415730008163,0.99,0.0016666666666666668,27.0,2023,86.23551797335189,86.23551797335189,23.523478166855032,59.583423159682624,58.9875889280858,25.722016622918822,75.87082577977571,point_score multiplied by probability of positive structural gap,62.99280702509604,35.49280702509604,90.49280702509604,0.45,limited,False,14.927315518090348,"{""diplomatic_analytic"": 0.1530626083312581, ""economic_legal"": 0.134115342579485}",calculated_from_existing_mgimo_country_profile_scores,90.84379582436037,85.35385228314937,94.68543083289845,2,1,52.44049040734884,48.47033666927528,55.720052811477686,35.19940223540064,50.45541353831206,50.45541353831206,35.19940223540064,55.720052811477686,35.19940223540064,55.720052811477686,20.520650576077045,26.18987612542916,62.92860617249497,36.738730047065815,C_monitor_and_test,"{""academic_fit"": 35.19940223540064, ""balanced"": 52.44049040734884, ""labor_market"": 55.720052811477686, ""recruitment"": 48.47033666927528}","{""academic_fit"": 26.18987612542916, ""balanced"": 36.09889272985335, ""labor_market"": 42.37784340605902, ""recruitment"": 29.454061388558898}","{""academic_fit"": 39.7574105686366, ""balanced"": 61.42805186284104, ""labor_market"": 62.92860617249497, ""recruitment"": 59.82909434122119}","{""academic_fit"": {""country_opportunity"": 0.25, ""friendliness"": 0.15, ""labor_demand"": 0.15, ""program_fit"": 0.45}, ""balanced"": {""country_opportunity"": 0.3, ""friendliness"": 0.2, ""labor_demand"": 0.3, ""program_fit"": 0.2}, ""labor_market"": {""country_opportunity"": 0.2, ""friendliness"": 0.15, ""labor_demand"": 0.45, ""program_fit"": 0.2}, ""recruitment"": {""country_opportunity"": 0.4, ""friendliness"": 0.3, ""labor_demand"": 0.1, ""program_fit"": 0.2}}",uncertainty_adjusted_management_priority_index_not_predicted_student_count,not_identified_ex_ante,,,,"incremental qualified applications, offers and enrolments attributable to the recruitment intervention",requires_prospective_campaign_evaluation,24,pre_registered_country_program_campaign_with_matched_comparison_or_stepped_wedge_rollout,qualified_leads;applications;offers;enrolments;yield;cost_per_enrolment,regularized_relative_demand_signal_from_overlapping_queries_not_unique_vacancies,ppml_russia_inbound_structural_allocation_v3;friendliness_receptivity_ex_ante_v3;trudvsem_program_demand_v4;mgimo_program_profiles,calculated_uncertainty_aware_scenario_ensemble,employer_linked_program_campaign_and_case_competitions,141,135.0,167.0,134.0,205.0,134.0,205.0,71.0
country_program_priority_evidence_v4,BLZ,Belize,Latin America & Caribbean,management_public,management_public,Управление и государственная политика,english_with_optional_russian_preparatory_module,CLDR indicates a material functional English-language environment.,6.894533153218362,6.894533153218362,1.0634033288584959,6.389389284185105,29.662294986961243,1.0,0.0,0.0,2023,7.018126241475589,7.018126241475589,0.12359308825722808,29.63371263927034,29.63371263927034,10.388967789483372,49.094301282291816,point_score multiplied by probability of positive structural gap,62.5769583728075,35.0769583728075,90.07695837280751,0.45,limited,False,43.33199639177382,"{""diplomatic_analytic"": 0.4184855279991432, ""economic_legal"": 0.4555716177956307}",calculated_from_existing_mgimo_country_profile_scores,95.82415369148119,86.55673351637238,99.07229069328204,2,3,53.37489535037293,45.613167587354646,61.15748848733956,47.49455614165042,50.43472574601168,50.43472574601168,45.613167587354646,61.15748848733956,45.613167587354646,61.15748848733956,15.544320899984918,25.645652875400504,72.28234855955071,46.63669568415021,C_monitor_and_test,"{""academic_fit"": 47.49455614165042, ""balanced"": 53.37489535037293, ""labor_market"": 61.15748848733956, ""recruitment"": 45.613167587354646}","{""academic_fit"": 33.554472629790624, ""balanced"": 34.36372554801362, ""labor_market"": 44.04876557413527, ""recruitment"": 25.645652875400504}","{""academic_fit"": 56.96483465435348, ""balanced"": 67.13274988626918, ""labor_market"": 72.28234855955071, ""recruitment"": 62.057082340450506}","{""academic_fit"": {""country_opportunity"": 0.25, ""friendliness"": 0.15, ""labor_demand"": 0.15, ""program_fit"": 0.45}, ""balanced"": {""country_opportunity"": 0.3, ""friendliness"": 0.2, ""labor_demand"": 0.3, ""program_fit"": 0.2}, ""labor_market"": {""country_opportunity"": 0.2, ""friendliness"": 0.15, ""labor_demand"": 0.45, ""program_fit"": 0.2}, ""recruitment"": {""country_opportunity"": 0.4, ""friendliness"": 0.3, ""labor_demand"": 0.1, ""program_fit"": 0.2}}",uncertainty_adjusted_management_priority_index_not_predicted_student_count,not_identified_ex_ante,,,,"incremental qualified applications, offers and enrolments attributable to the recruitment intervention",requires_prospective_campaign_evaluation,24,pre_registered_country_program_campaign_with_matched_comparison_or_stepped_wedge_rollout,qualified_leads;applications;offers;enrolments;yield;cost_per_enrolment,regularized_relative_demand_signal_from_overlapping_queries_not_unique_vacancies,ppml_russia_inbound_structural_allocation_v3;friendliness_receptivity_ex_ante_v3;trudvsem_program_demand_v4;mgimo_program_profiles,calculated_uncertainty_aware_scenario_ensemble,employer_linked_program_campaign_and_case_competitions,142,129.0,199.0,91.0,108.0,91.0,199.0,108.0
country_program_priority_evidence_v4,TLS,Timor-Leste,East Asia & Pacific,digital_analytics,digital_analytics,Цифровая аналитика и Data/AI,english_plus_russian_preparatory_year,No broad Russian or English functional-language signal is available in CLDR.,27.276727630199744,27.276727630199744,4.729599494410095,24.742779437199516,119.73734598660553,1.0,0.0,0.0,2023,27.40775645015645,27.40775645015645,0.1310288199567067,47.932649446427455,47.932649446427455,25.036636946785155,68.75167479870697,point_score multiplied by probability of positive structural gap,62.59343089263013,35.09343089263013,90.09343089263014,0.45,limited,False,34.58228046432254,"{""digital_finance_business_informatics"": 0.3328833661790746, ""economic_legal"": 0.3975805584998281}",calculated_from_existing_mgimo_country_profile_scores,57.83576220146514,37.1936785476967,76.96065573742321,3,0,50.626728906896155,50.090191216116466,51.3683468480953,44.88400017006658,50.35846006150631,50.35846006150631,44.88400017006658,51.3683468480953,44.88400017006658,51.3683468480953,6.4843466780287216,31.44755863861846,66.12731725926861,34.67975862065015,C_monitor_and_test,"{""academic_fit"": 44.88400017006658, ""balanced"": 50.626728906896155, ""labor_market"": 51.3683468480953, ""recruitment"": 50.090191216116466}","{""academic_fit"": 33.00220795936896, ""balanced"": 32.86123853948803, ""labor_market"": 34.241497860106925, ""recruitment"": 31.44755863861846}","{""academic_fit"": 53.99168333029405, ""balanced"": 65.83424066732847, ""labor_market"": 66.05464096400016, ""recruitment"": 66.12731725926861}","{""academic_fit"": {""country_opportunity"": 0.25, ""friendliness"": 0.15, ""labor_demand"": 0.15, ""program_fit"": 0.45}, ""balanced"": {""country_opportunity"": 0.3, ""friendliness"": 0.2, ""labor_demand"": 0.3, ""program_fit"": 0.2}, ""labor_market"": {""country_opportunity"": 0.2, ""friendliness"": 0.15, ""labor_demand"": 0.45, ""program_fit"": 0.2}, ""recruitment"": {""country_opportunity"": 0.4, ""friendliness"": 0.3, ""labor_demand"": 0.1, ""program_fit"": 0.2}}",uncertainty_adjusted_management_priority_index_not_predicted_student_count,not_identified_ex_ante,,,,"incremental qualified applications, offers and enrolments attributable to the recruitment intervention",requires_prospective_campaign_evaluation,24,pre_registered_country_program_campaign_with_matched_comparison_or_stepped_wedge_rollout,qualified_leads;applications;offers;enrolments;yield;cost_per_enrolment,regularized_relative_demand_signal_from_overlapping_queries_not_unique_vacancies,ppml_russia_inbound_structural_allocation_v3;friendliness_receptivity_ex_ante_v3;trudvsem_program_demand_v4;mgimo_program_profiles,calculated_uncertainty_aware_scenario_ensemble,targeted_digital_campaign_with_local_partner_validation,143,149.0,146.0,155.0,129.0,129.0,155.0,26.0
country_program_priority_evidence_v4,TZA,"Tanzania, United Republic of",Sub-Saharan Africa,languages_regional,languages_regional,Иностранные языки и регионоведение,english_with_optional_russian_preparatory_module_plus_target_region_language,CLDR indicates a material functional English-language environment.,110.72059909148331,110.72059909148331,-53.3958723614936,99.1973263020007,436.4097605295827,0.8316666666666667,0.0016666666666666668,175.0,2023,252.4946197191707,252.4946197191707,141.77402062768738,67.63847444358663,56.25266457891622,0.0,87.21388940881273,point_score multiplied by probability of positive structural gap,63.54559861270263,36.04559861270264,91.04559861270265,0.45,limited,False,15.892229475564108,"{""diplomatic_analytic"": 0.1601941190988638, ""economic_legal"": 0.15383499738275}",calculated_from_existing_mgimo_country_profile_scores,90.84379582436037,85.35385228314937,94.68543083289845,2,1,52.4134812185188,48.26132871450818,55.927779570812156,35.77042979820104,50.33740496651349,50.33740496651349,35.77042979820104,55.927779570812156,35.77042979820104,55.927779570812156,20.157349772611113,8.043872486317696,65.50953041896796,57.46565793265026,C_monitor_and_test,"{""academic_fit"": 35.77042979820104, ""balanced"": 52.4134812185188, ""labor_market"": 55.927779570812156, ""recruitment"": 48.26132871450818}","{""academic_fit"": 11.854698521521085, ""balanced"": 13.672497700917758, ""labor_market"": 22.27682461310673, ""recruitment"": 8.043872486317696}","{""academic_fit"": 42.291134244347475, ""balanced"": 64.85320780591725, ""labor_market"": 65.50953041896796, ""recruitment"": 64.07908454823017}","{""academic_fit"": {""country_opportunity"": 0.25, ""friendliness"": 0.15, ""labor_demand"": 0.15, ""program_fit"": 0.45}, ""balanced"": {""country_opportunity"": 0.3, ""friendliness"": 0.2, ""labor_demand"": 0.3, ""program_fit"": 0.2}, ""labor_market"": {""country_opportunity"": 0.2, ""friendliness"": 0.15, ""labor_demand"": 0.45, ""program_fit"": 0.2}, ""recruitment"": {""country_opportunity"": 0.4, ""friendliness"": 0.3, ""labor_demand"": 0.1, ""program_fit"": 0.2}}",uncertainty_adjusted_management_priority_index_not_predicted_student_count,not_identified_ex_ante,,,,"incremental qualified applications, offers and enrolments attributable to the recruitment intervention",requires_prospective_campaign_evaluation,24,pre_registered_country_program_campaign_with_matched_comparison_or_stepped_wedge_rollout,qualified_leads;applications;offers;enrolments;yield;cost_per_enrolment,regularized_relative_demand_signal_from_overlapping_queries_not_unique_vacancies,ppml_russia_inbound_structural_allocation_v3;friendliness_receptivity_ex_ante_v3;trudvsem_program_demand_v4;mgimo_program_profiles,calculated_uncertainty_aware_scenario_ensemble,employer_linked_program_campaign_and_case_competitions,144,136.0,170.0,131.0,198.0,131.0,198.0,67.0
country_program_priority_evidence_v4,ETH,Ethiopia,Sub-Saharan Africa,digital_analytics,digital_analytics,Цифровая аналитика и Data/AI,english_with_optional_russian_preparatory_module,CLDR indicates a material functional English-language environment.,237.7109403385557,237.7109403385557,-35.614619859247085,228.87440356259805,1019.0662780931459,0.9166666666666666,0.24166666666666667,167.0,2023,372.4911624234543,372.4911624234543,134.78022208489858,78.52792581965551,71.98393200135088,0.0,99.35829806271671,point_score multiplied by probability of positive structural gap,64.18877950397808,36.68877950397808,91.6887795039781,0.45,limited,False,18.627601946603555,"{""digital_finance_business_informatics"": 0.2100324713494814, ""economic_legal"": 0.0912502119322522}",calculated_from_existing_mgimo_country_profile_scores,57.83576220146514,37.1936785476967,76.96065573742321,3,0,50.926899548755046,52.57254130287649,49.586342558366034,38.093233115972716,50.256621053560536,50.256621053560536,38.093233115972716,52.57254130287649,38.093233115972716,52.57254130287649,14.479308186903772,7.679179964040957,68.2604405773877,60.58126061334674,C_monitor_and_test,"{""academic_fit"": 38.093233115972716, ""balanced"": 50.926899548755046, ""labor_market"": 49.586342558366034, ""recruitment"": 52.57254130287649}","{""academic_fit"": 11.251214887092278, ""balanced"": 11.068580701912655, ""labor_market"": 15.943367450272875, ""recruitment"": 7.679179964040957}","{""academic_fit"": 45.36204279579935, ""balanced"": 65.41632442670794, ""labor_market"": 63.235473398477296, ""recruitment"": 68.2604405773877}","{""academic_fit"": {""country_opportunity"": 0.25, ""friendliness"": 0.15, ""labor_demand"": 0.15, ""program_fit"": 0.45}, ""balanced"": {""country_opportunity"": 0.3, ""friendliness"": 0.2, ""labor_demand"": 0.3, ""program_fit"": 0.2}, ""labor_market"": {""country_opportunity"": 0.2, ""friendliness"": 0.15, ""labor_demand"": 0.45, ""program_fit"": 0.2}, ""recruitment"": {""country_opportunity"": 0.4, ""friendliness"": 0.3, ""labor_demand"": 0.1, ""program_fit"": 0.2}}",uncertainty_adjusted_management_priority_index_not_predicted_student_count,not_identified_ex_ante,,,,"incremental qualified applications, offers and enrolments attributable to the recruitment intervention",requires_prospective_campaign_evaluation,24,pre_registered_country_program_campaign_with_matched_comparison_or_stepped_wedge_rollout,qualified_leads;applications;offers;enrolments;yield;cost_per_enrolment,regularized_relative_demand_signal_from_overlapping_queries_not_unique_vacancies,ppml_russia_inbound_structural_allocation_v3;friendliness_receptivity_ex_ante_v3;trudvsem_program_demand_v4;mgimo_program_profiles,calculated_uncertainty_aware_scenario_ensemble,targeted_digital_campaign_with_local_partner_validation,145,147.0,129.0,163.0,179.0,129.0,179.0,50.0
country_program_priority_evidence_v4,LAO,Lao People's Democratic Republic,East Asia & Pacific,management_public,management_public,Управление и государственная политика,english_plus_russian_preparatory_year,No broad Russian or English functional-language signal is available in CLDR.,92.70603216073496,92.70603216073496,-103.52934988646821,73.58943798814195,919.2357729117649,0.665,0.058333333333333334,143.0,2023,238.70371074383857,238.70371074383857,145.9976785831036,65.11653896019372,43.30249840852883,0.0,97.88113822851341,point_score multiplied by probability of positive structural gap,64.29911104031498,36.79911104031498,91.799111040315,0.45,limited,False,22.532201750977652,"{""diplomatic_analytic"": 0.2136136524123482, ""economic_legal"": 0.242884565155919}",calculated_from_existing_mgimo_country_profile_scores,95.82415369148119,86.55673351637238,99.07229069328204,2,3,52.81000044211541,46.95187907284863,58.24056000861838,39.32488679364924,49.88093975748202,49.88093975748202,39.32488679364924,58.24056000861838,39.32488679364924,58.24056000861838,18.91567321496914,8.659335567585149,73.16554822843715,64.506212660852,C_monitor_and_test,"{""academic_fit"": 39.32488679364924, ""balanced"": 52.81000044211541, ""labor_market"": 58.24056000861838, ""recruitment"": 46.95187907284863}","{""academic_fit"": 13.832237914419416, ""balanced"": 14.72971423530697, ""labor_market"": 24.02501539875836, ""recruitment"": 8.659335567585149}","{""academic_fit"": 50.91946036272715, ""balanced"": 72.80280147804383, ""labor_market"": 73.16554822843715, ""recruitment"": 72.16906030932302}","{""academic_fit"": {""country_opportunity"": 0.25, ""friendliness"": 0.15, ""labor_demand"": 0.15, ""program_fit"": 0.45}, ""balanced"": {""country_opportunity"": 0.3, ""friendliness"": 0.2, ""labor_demand"": 0.3, ""program_fit"": 0.2}, ""labor_market"": {""country_opportunity"": 0.2, ""friendliness"": 0.15, ""labor_demand"": 0.45, ""program_fit"": 0.2}, ""recruitment"": {""country_opportunity"": 0.4, ""friendliness"": 0.3, ""labor_demand"": 0.1, ""program_fit"": 0.2}}",uncertainty_adjusted_management_priority_index_not_predicted_student_count,not_identified_ex_ante,,,,"incremental qualified applications, offers and enrolments attributable to the recruitment intervention",requires_prospective_campaign_evaluation,24,pre_registered_country_program_campaign_with_matched_comparison_or_stepped_wedge_rollout,qualified_leads;applications;offers;enrolments;yield;cost_per_enrolment,regularized_relative_demand_signal_from_overlapping_queries_not_unique_vacancies,ppml_russia_inbound_structural_allocation_v3;friendliness_receptivity_ex_ante_v3;trudvsem_program_demand_v4;mgimo_program_profiles,calculated_uncertainty_aware_scenario_ensemble,employer_linked_program_campaign_and_case_competitions,146,133.0,185.0,115.0,161.0,115.0,185.0,70.0
country_program_priority_evidence_v4,LAO,Lao People's Democratic Republic,East Asia & Pacific,digital_analytics,digital_analytics,Цифровая аналитика и Data/AI,english_plus_russian_preparatory_year,No broad Russian or English functional-language signal is available in CLDR.,92.70603216073496,92.70603216073496,-103.52934988646821,73.58943798814195,919.2357729117649,0.665,0.058333333333333334,143.0,2023,238.70371074383857,238.70371074383857,145.9976785831036,65.11653896019372,43.30249840852883,0.0,97.88113822851341,point_score multiplied by probability of positive structural gap,64.29911104031498,36.79911104031498,91.799111040315,0.45,limited,False,38.03404708025079,"{""digital_finance_business_informatics"": 0.4147044472141551, ""economic_legal"": 0.242884565155919}",calculated_from_existing_mgimo_country_profile_scores,57.83576220146514,37.1936785476967,76.96065573742321,3,0,50.3233654069229,49.42821750541665,51.50242749792283,45.82659510338745,49.87579145616978,49.87579145616978,45.82659510338745,51.50242749792283,45.82659510338745,51.50242749792283,5.675832394535384,8.818829927805602,77.88672061477213,69.06789068696654,C_monitor_and_test,"{""academic_fit"": 45.82659510338745, ""balanced"": 50.3233654069229, ""labor_market"": 51.50242749792283, ""recruitment"": 49.42821750541665}","{""academic_fit"": 15.337310122613774, ""balanced"": 12.70752890855448, ""labor_market"": 18.3014605629072, ""recruitment"": 8.818829927805602}","{""academic_fit"": 61.591317910919365, ""balanced"": 74.74338937473163, ""labor_market"": 72.35450452011479, ""recruitment"": 77.88672061477213}","{""academic_fit"": {""country_opportunity"": 0.25, ""friendliness"": 0.15, ""labor_demand"": 0.15, ""program_fit"": 0.45}, ""balanced"": {""country_opportunity"": 0.3, ""friendliness"": 0.2, ""labor_demand"": 0.3, ""program_fit"": 0.2}, ""labor_market"": {""country_opportunity"": 0.2, ""friendliness"": 0.15, ""labor_demand"": 0.45, ""program_fit"": 0.2}, ""recruitment"": {""country_opportunity"": 0.4, ""friendliness"": 0.3, ""labor_demand"": 0.1, ""program_fit"": 0.2}}",uncertainty_adjusted_management_priority_index_not_predicted_student_count,not_identified_ex_ante,,,,"incremental qualified applications, offers and enrolments attributable to the recruitment intervention",requires_prospective_campaign_evaluation,24,pre_registered_country_program_campaign_with_matched_comparison_or_stepped_wedge_rollout,qualified_leads;applications;offers;enrolments;yield;cost_per_enrolment,regularized_relative_demand_signal_from_overlapping_queries_not_unique_vacancies,ppml_russia_inbound_structural_allocation_v3;friendliness_receptivity_ex_ante_v3;trudvsem_program_demand_v4;mgimo_program_profiles,calculated_uncertainty_aware_scenario_ensemble,targeted_digital_campaign_with_local_partner_validation,147,151.0,158.0,154.0,126.0,126.0,158.0,32.0
country_program_priority_evidence_v4,BLZ,Belize,Latin America & Caribbean,languages_regional,languages_regional,Иностранные языки и регионоведение,english_with_optional_russian_preparatory_module_plus_target_region_language,CLDR indicates a material functional English-language environment.,6.894533153218362,6.894533153218362,1.0634033288584959,6.389389284185105,29.662294986961243,1.0,0.0,0.0,2023,7.018126241475589,7.018126241475589,0.12359308825722808,29.63371263927034,29.63371263927034,10.388967789483372,49.094301282291816,point_score multiplied by probability of positive structural gap,62.5769583728075,35.0769583728075,90.07695837280751,0.45,limited,False,42.59027459584407,"{""diplomatic_analytic"": 0.4184855279991432, ""economic_legal"": 0.4555716177956307}",calculated_from_existing_mgimo_country_profile_scores,90.84379582436037,85.35385228314937,94.68543083289845,2,1,52.35899887794806,45.22007801772911,59.520128070301645,46.76342293127328,49.561210904610675,49.561210904610675,45.22007801772911,59.520128070301645,45.22007801772911,59.520128070301645,14.300050052572537,25.523923793692344,70.60022857584792,45.076304782155574,C_monitor_and_test,"{""academic_fit"": 46.76342293127328, ""balanced"": 52.35899887794806, ""labor_market"": 59.520128070301645, ""recruitment"": 45.22007801772911}","{""academic_fit"": 33.23164075309789, ""balanced"": 34.10612304792983, ""labor_market"": 43.62793724797934, ""recruitment"": 25.523923793692344}","{""academic_fit"": 56.15509670915034, ""balanced"": 66.01285148356641, ""labor_market"": 70.60022857584792, ""recruitment"": 61.57139789070546}","{""academic_fit"": {""country_opportunity"": 0.25, ""friendliness"": 0.15, ""labor_demand"": 0.15, ""program_fit"": 0.45}, ""balanced"": {""country_opportunity"": 0.3, ""friendliness"": 0.2, ""labor_demand"": 0.3, ""program_fit"": 0.2}, ""labor_market"": {""country_opportunity"": 0.2, ""friendliness"": 0.15, ""labor_demand"": 0.45, ""program_fit"": 0.2}, ""recruitment"": {""country_opportunity"": 0.4, ""friendliness"": 0.3, ""labor_demand"": 0.1, ""program_fit"": 0.2}}",uncertainty_adjusted_management_priority_index_not_predicted_student_count,not_identified_ex_ante,,,,"incremental qualified applications, offers and enrolments attributable to the recruitment intervention",requires_prospective_campaign_evaluation,24,pre_registered_country_program_campaign_with_matched_comparison_or_stepped_wedge_rollout,qualified_leads;applications;offers;enrolments;yield;cost_per_enrolment,regularized_relative_demand_signal_from_overlapping_queries_not_unique_vacancies,ppml_russia_inbound_structural_allocation_v3;friendliness_receptivity_ex_ante_v3;trudvsem_program_demand_v4;mgimo_program_profiles,calculated_uncertainty_aware_scenario_ensemble,employer_linked_program_campaign_and_case_competitions,148,137.0,203.0,103.0,117.0,103.0,203.0,100.0
country_program_priority_evidence_v4,COM,Comoros,Sub-Saharan Africa,digital_analytics,digital_analytics,Цифровая аналитика и Data/AI,english_plus_russian_preparatory_year,No broad Russian or English functional-language signal is available in CLDR.,62.71203980649686,62.71203980649686,5.010048404428561,56.4437042489474,197.3415730008163,0.99,0.0016666666666666668,27.0,2023,86.23551797335189,86.23551797335189,23.523478166855032,59.583423159682624,58.9875889280858,25.722016622918822,75.87082577977571,point_score multiplied by probability of positive structural gap,62.99280702509604,35.49280702509604,90.49280702509604,0.45,limited,False,22.570197442567334,"{""digital_finance_business_informatics"": 0.2485986323872204, ""economic_legal"": 0.134115342579485}",calculated_from_existing_mgimo_country_profile_scores,57.83576220146514,37.1936785476967,76.96065573742321,3,0,49.62360825479246,50.13942159521855,49.319861528417746,39.27564345703926,49.4717348916051,49.4717348916051,39.27564345703926,50.13942159521855,39.27564345703926,50.13942159521855,10.863778138179292,27.643256068762756,63.395659316267086,35.75240324750433,C_monitor_and_test,"{""academic_fit"": 39.27564345703926, ""balanced"": 49.62360825479246, ""labor_market"": 49.319861528417746, ""recruitment"": 50.13942159521855}","{""academic_fit"": 27.643256068762756, ""balanced"": 30.56686789112505, ""labor_market"": 31.75063217124958, ""recruitment"": 29.360286711932858}","{""academic_fit"": 45.99089142100259, ""balanced"": 62.47694276324268, ""labor_market"": 62.06626193912679, ""recruitment"": 63.395659316267086}","{""academic_fit"": {""country_opportunity"": 0.25, ""friendliness"": 0.15, ""labor_demand"": 0.15, ""program_fit"": 0.45}, ""balanced"": {""country_opportunity"": 0.3, ""friendliness"": 0.2, ""labor_demand"": 0.3, ""program_fit"": 0.2}, ""labor_market"": {""country_opportunity"": 0.2, ""friendliness"": 0.15, ""labor_demand"": 0.45, ""program_fit"": 0.2}, ""recruitment"": {""country_opportunity"": 0.4, ""friendliness"": 0.3, ""labor_demand"": 0.1, ""program_fit"": 0.2}}",uncertainty_adjusted_management_priority_index_not_predicted_student_count,not_identified_ex_ante,,,,"incremental qualified applications, offers and enrolments attributable to the recruitment intervention",requires_prospective_campaign_evaluation,24,pre_registered_country_program_campaign_with_matched_comparison_or_stepped_wedge_rollout,qualified_leads;applications;offers;enrolments;yield;cost_per_enrolment,regularized_relative_demand_signal_from_overlapping_queries_not_unique_vacancies,ppml_russia_inbound_structural_allocation_v3;friendliness_receptivity_ex_ante_v3;trudvsem_program_demand_v4;mgimo_program_profiles,calculated_uncertainty_aware_scenario_ensemble,targeted_digital_campaign_with_local_partner_validation,149,154.0,145.0,165.0,163.0,145.0,165.0,20.0
country_program_priority_evidence_v4,ERI,Eritrea,Sub-Saharan Africa,management_public,management_public,Управление и государственная политика,english_with_optional_russian_preparatory_module,CLDR indicates a material functional English-language environment.,195.9947458691878,195.9947458691878,40.52980776177405,180.66371876455221,478.4797823562563,1.0,0.008333333333333333,53.0,2023,245.36928265380607,245.36928265380607,49.37453678461826,75.77310279482307,75.77310279482307,53.445446397693274,88.53096490236031,point_score multiplied by probability of positive structural gap,65.54245740648598,38.04245740648597,93.04245740648598,0.45,limited,False,7.4755105353529725,"{""diplomatic_analytic"": 0.0579097707616168, ""economic_legal"": 0.1000231072413991}",calculated_from_existing_mgimo_country_profile_scores,95.82415369148119,86.55673351637238,99.07229069328204,2,3,50.96703950458183,47.96489063715212,53.15096000174025,28.577084687393384,49.46596507086697,49.46596507086697,28.577084687393384,53.15096000174025,28.577084687393384,53.15096000174025,24.573875314346868,23.84611653455348,58.59307311590863,34.74695658135515,C_monitor_and_test,"{""academic_fit"": 28.577084687393384, ""balanced"": 50.96703950458183, ""labor_market"": 53.15096000174025, ""recruitment"": 47.96489063715212}","{""academic_fit"": 23.84611653455348, ""balanced"": 40.09540116177062, ""labor_market"": 43.77891380484427, ""recruitment"": 35.268462198318645}","{""academic_fit"": 31.433464815785495, ""balanced"": 57.76472703952362, ""labor_market"": 58.59307311590863, ""recruitment"": 56.771409997782165}","{""academic_fit"": {""country_opportunity"": 0.25, ""friendliness"": 0.15, ""labor_demand"": 0.15, ""program_fit"": 0.45}, ""balanced"": {""country_opportunity"": 0.3, ""friendliness"": 0.2, ""labor_demand"": 0.3, ""program_fit"": 0.2}, ""labor_market"": {""country_opportunity"": 0.2, ""friendliness"": 0.15, ""labor_demand"": 0.45, ""program_fit"": 0.2}, ""recruitment"": {""country_opportunity"": 0.4, ""friendliness"": 0.3, ""labor_demand"": 0.1, ""program_fit"": 0.2}}",uncertainty_adjusted_management_priority_index_not_predicted_student_count,not_identified_ex_ante,,,,"incremental qualified applications, offers and enrolments attributable to the recruitment intervention",requires_prospective_campaign_evaluation,24,pre_registered_country_program_campaign_with_matched_comparison_or_stepped_wedge_rollout,qualified_leads;applications;offers;enrolments;yield;cost_per_enrolment,regularized_relative_demand_signal_from_overlapping_queries_not_unique_vacancies,ppml_russia_inbound_structural_allocation_v3;friendliness_receptivity_ex_ante_v3;trudvsem_program_demand_v4;mgimo_program_profiles,calculated_uncertainty_aware_scenario_ensemble,employer_linked_program_campaign_and_case_competitions,150,146.0,175.0,147.0,248.0,146.0,248.0,102.0
country_program_priority_evidence_v4,BLZ,Belize,Latin America & Caribbean,digital_analytics,digital_analytics,Цифровая аналитика и Data/AI,english_with_optional_russian_preparatory_module,CLDR indicates a material functional English-language environment.,6.894533153218362,6.894533153218362,1.0634033288584959,6.389389284185105,29.662294986961243,1.0,0.0,0.0,2023,7.018126241475589,7.018126241475589,0.12359308825722808,29.63371263927034,29.63371263927034,10.388967789483372,49.094301282291816,point_score multiplied by probability of positive structural gap,62.5769583728075,35.0769583728075,90.07695837280751,0.45,limited,False,57.788670270385154,"{""digital_finance_business_informatics"": 0.6084654739309068, ""economic_legal"": 0.4555716177956307}",calculated_from_existing_mgimo_country_profile_scores,57.83576220146514,37.1936785476967,76.96065573742321,3,0,48.63507706878006,45.91676360680614,51.71432557424136,50.04397990590807,49.33952848734407,49.33952848734407,45.91676360680614,51.71432557424136,45.91676360680614,51.71432557424136,5.797561967435215,24.974639206332345,68.35184842382529,43.37720921749295,C_monitor_and_test,"{""academic_fit"": 50.04397990590807, ""balanced"": 48.63507706878006, ""labor_market"": 51.71432557424136, ""recruitment"": 45.91676360680614}","{""academic_fit"": 33.64070314324113, ""balanced"": 28.34823946289326, ""labor_market"": 32.08594862070078, ""recruitment"": 24.974639206332345}","{""academic_fit"": 62.30177844000494, ""balanced"": 65.90497495806049, ""labor_market"": 68.35184842382529, ""recruitment"": 64.04169041781634}","{""academic_fit"": {""country_opportunity"": 0.25, ""friendliness"": 0.15, ""labor_demand"": 0.15, ""program_fit"": 0.45}, ""balanced"": {""country_opportunity"": 0.3, ""friendliness"": 0.2, ""labor_demand"": 0.3, ""program_fit"": 0.2}, ""labor_market"": {""country_opportunity"": 0.2, ""friendliness"": 0.15, ""labor_demand"": 0.45, ""program_fit"": 0.2}, ""recruitment"": {""country_opportunity"": 0.4, ""friendliness"": 0.3, ""labor_demand"": 0.1, ""program_fit"": 0.2}}",uncertainty_adjusted_management_priority_index_not_predicted_student_count,not_identified_ex_ante,,,,"incremental qualified applications, offers and enrolments attributable to the recruitment intervention",requires_prospective_campaign_evaluation,24,pre_registered_country_program_campaign_with_matched_comparison_or_stepped_wedge_rollout,qualified_leads;applications;offers;enrolments;yield;cost_per_enrolment,regularized_relative_demand_signal_from_overlapping_queries_not_unique_vacancies,ppml_russia_inbound_structural_allocation_v3;friendliness_receptivity_ex_ante_v3;trudvsem_program_demand_v4;mgimo_program_profiles,calculated_uncertainty_aware_scenario_ensemble,targeted_digital_campaign_with_local_partner_validation,151,160.0,193.0,153.0,93.0,93.0,193.0,100.0
country_program_priority_evidence_v4,LAO,Lao People's Democratic Republic,East Asia & Pacific,languages_regional,languages_regional,Иностранные языки и регионоведение,english_plus_russian_preparatory_year_plus_target_region_language,No broad Russian or English functional-language signal is available in CLDR.,92.70603216073496,92.70603216073496,-103.52934988646821,73.58943798814195,919.2357729117649,0.665,0.058333333333333334,143.0,2023,238.70371074383857,238.70371074383857,145.9976785831036,65.11653896019372,43.30249840852883,0.0,97.88113822851341,point_score multiplied by probability of positive structural gap,64.29911104031498,36.79911104031498,91.799111040315,0.45,limited,False,21.946783496106235,"{""diplomatic_analytic"": 0.2136136524123482, ""economic_legal"": 0.242884565155919}",calculated_from_existing_mgimo_country_profile_scores,90.84379582436037,85.35385228314937,94.68543083289845,2,1,51.71873056055135,46.469868169481295,56.5870618635854,38.574833750949416,49.094299365016326,49.094299365016326,38.574833750949416,56.5870618635854,38.574833750949416,56.5870618635854,18.01222811263598,8.603905611323738,71.48519382738942,62.881288216065684,C_monitor_and_test,"{""academic_fit"": 38.574833750949416, ""balanced"": 51.71873056055135, ""labor_market"": 56.5870618635854, ""recruitment"": 46.469868169481295}","{""academic_fit"": 13.647966246354018, ""balanced"": 14.594990680068442, ""labor_market"": 23.755927989521933, ""recruitment"": 8.603905611323738}","{""academic_fit"": 50.00808838652302, ""balanced"": 71.46930109481545, ""labor_market"": 71.34406835729892, ""recruitment"": 71.48519382738942}","{""academic_fit"": {""country_opportunity"": 0.25, ""friendliness"": 0.15, ""labor_demand"": 0.15, ""program_fit"": 0.45}, ""balanced"": {""country_opportunity"": 0.3, ""friendliness"": 0.2, ""labor_demand"": 0.3, ""program_fit"": 0.2}, ""labor_market"": {""country_opportunity"": 0.2, ""friendliness"": 0.15, ""labor_demand"": 0.45, ""program_fit"": 0.2}, ""recruitment"": {""country_opportunity"": 0.4, ""friendliness"": 0.3, ""labor_demand"": 0.1, ""program_fit"": 0.2}}",uncertainty_adjusted_management_priority_index_not_predicted_student_count,not_identified_ex_ante,,,,"incremental qualified applications, offers and enrolments attributable to the recruitment intervention",requires_prospective_campaign_evaluation,24,pre_registered_country_program_campaign_with_matched_comparison_or_stepped_wedge_rollout,qualified_leads;applications;offers;enrolments;yield;cost_per_enrolment,regularized_relative_demand_signal_from_overlapping_queries_not_unique_vacancies,ppml_russia_inbound_structural_allocation_v3;friendliness_receptivity_ex_ante_v3;trudvsem_program_demand_v4;mgimo_program_profiles,calculated_uncertainty_aware_scenario_ensemble,employer_linked_program_campaign_and_case_competitions,152,141.0,189.0,129.0,171.0,129.0,189.0,60.0
country_program_priority_evidence_v4,OMN,Oman,Middle East & North Africa,international_economics,international_economics,Международная экономика и ВЭД,english_plus_russian_preparatory_year,No broad Russian or English functional-language signal is available in CLDR.,502.2737759432396,502.2737759432396,181.76656300783029,459.8299838341703,1134.6745046002259,1.0,0.7316666666666667,24.0,2023,525.6770071533053,525.6770071533053,23.403231210065687,89.22560124148004,89.22560124148004,74.69789611085542,100.0,point_score multiplied by probability of positive structural gap,64.2690828943247,36.76908289432469,91.7690828943247,0.45,limited,False,52.524836236649875,"{""economic_legal"": 0.5513638206161292, ""energy_logistics"": 0.4469019876176071}",calculated_from_existing_mgimo_country_profile_scores,16.030923181431294,9.076141467743279,25.775050153533456,2,0,45.74057188366697,61.80984886803148,36.20086640112445,52.390535040821476,49.065553462244225,49.065553462244225,36.20086640112445,61.80984886803148,36.20086640112445,61.80984886803148,25.60898246690703,25.42490499422025,75.18171934272131,49.75681434850106,C_monitor_and_test,"{""academic_fit"": 52.390535040821476, ""balanced"": 45.74057188366697, ""labor_market"": 36.20086640112445, ""recruitment"": 61.80984886803148}","{""academic_fit"": 42.69372900705174, ""balanced"": 33.23000473858972, ""labor_market"": 25.42490499422025, ""recruitment"": 46.39739277892548}","{""academic_fit"": 60.79654637756361, ""balanced"": 58.141448637566604, ""labor_market"": 47.84571970918264, ""recruitment"": 75.18171934272131}","{""academic_fit"": {""country_opportunity"": 0.25, ""friendliness"": 0.15, ""labor_demand"": 0.15, ""program_fit"": 0.45}, ""balanced"": {""country_opportunity"": 0.3, ""friendliness"": 0.2, ""labor_demand"": 0.3, ""program_fit"": 0.2}, ""labor_market"": {""country_opportunity"": 0.2, ""friendliness"": 0.15, ""labor_demand"": 0.45, ""program_fit"": 0.2}, ""recruitment"": {""country_opportunity"": 0.4, ""friendliness"": 0.3, ""labor_demand"": 0.1, ""program_fit"": 0.2}}",uncertainty_adjusted_management_priority_index_not_predicted_student_count,not_identified_ex_ante,,,,"incremental qualified applications, offers and enrolments attributable to the recruitment intervention",requires_prospective_campaign_evaluation,24,pre_registered_country_program_campaign_with_matched_comparison_or_stepped_wedge_rollout,qualified_leads;applications;offers;enrolments;yield;cost_per_enrolment,regularized_relative_demand_signal_from_overlapping_queries_not_unique_vacancies,ppml_russia_inbound_structural_allocation_v3;friendliness_receptivity_ex_ante_v3;trudvsem_program_demand_v4;mgimo_program_profiles,calculated_uncertainty_aware_scenario_ensemble,targeted_digital_campaign_with_local_partner_validation,153,178.0,67.0,184.0,72.0,67.0,184.0,117.0
country_program_priority_evidence_v4,KEN,Kenya,Sub-Saharan Africa,management_public,management_public,Управление и государственная политика,english_with_optional_russian_preparatory_module,CLDR indicates a material functional English-language environment.,57.95554402040611,57.95554402040611,-105.13678389310432,49.25463425603044,369.53835592208605,0.6566666666666666,0.0,169.0,2023,255.7427077748814,255.7427077748814,197.7871637544753,58.47060294014146,38.39569593069289,0.0,84.83430276480973,point_score multiplied by probability of positive structural gap,61.338628797860984,43.83862879786099,78.83862879786099,0.65,moderate,True,26.739700011668667,"{""diplomatic_analytic"": 0.2554120693812451, ""economic_legal"": 0.285374396219849}",calculated_from_existing_mgimo_country_profile_scores,95.82415369148119,86.55673351637238,99.07229069328204,2,3,52.20116232455464,45.656649053179905,58.38415375373137,40.836428824390104,48.928905688867275,48.928905688867275,40.836428824390104,58.38415375373137,40.836428824390104,58.38415375373137,17.547724929341264,9.419408467549168,71.86283461836108,62.44342615081191,C_monitor_and_test,"{""academic_fit"": 40.836428824390104, ""balanced"": 52.20116232455464, ""labor_market"": 58.38415375373137, ""recruitment"": 45.656649053179905}","{""academic_fit"": 15.281489922661432, ""balanced"": 15.751296553086524, ""labor_market"": 25.472825741874345, ""recruitment"": 9.419408467549168}","{""academic_fit"": 51.74503389735068, ""balanced"": 69.97356640818172, ""labor_market"": 71.86283461836108, ""recruitment"": 67.36877286589456}","{""academic_fit"": {""country_opportunity"": 0.25, ""friendliness"": 0.15, ""labor_demand"": 0.15, ""program_fit"": 0.45}, ""balanced"": {""country_opportunity"": 0.3, ""friendliness"": 0.2, ""labor_demand"": 0.3, ""program_fit"": 0.2}, ""labor_market"": {""country_opportunity"": 0.2, ""friendliness"": 0.15, ""labor_demand"": 0.45, ""program_fit"": 0.2}, ""recruitment"": {""country_opportunity"": 0.4, ""friendliness"": 0.3, ""labor_demand"": 0.1, ""program_fit"": 0.2}}",uncertainty_adjusted_management_priority_index_not_predicted_student_count,not_identified_ex_ante,,,,"incremental qualified applications, offers and enrolments attributable to the recruitment intervention",requires_prospective_campaign_evaluation,24,pre_registered_country_program_campaign_with_matched_comparison_or_stepped_wedge_rollout,qualified_leads;applications;offers;enrolments;yield;cost_per_enrolment,regularized_relative_demand_signal_from_overlapping_queries_not_unique_vacancies,ppml_russia_inbound_structural_allocation_v3;friendliness_receptivity_ex_ante_v3;trudvsem_program_demand_v4;mgimo_program_profiles,calculated_uncertainty_aware_scenario_ensemble,employer_linked_program_campaign_and_case_competitions,154,139.0,198.0,114.0,152.0,114.0,198.0,84.0
country_program_priority_evidence_v4,BRB,Barbados,Latin America & Caribbean,digital_analytics,digital_analytics,Цифровая аналитика и Data/AI,english_with_optional_russian_preparatory_module,CLDR indicates a material functional English-language environment.,4.888493575201069,4.888493575201069,0.6790261582998952,4.477979354785928,20.495411214628316,1.0,0.0,0.0,2023,5.332909213131059,5.332909213131059,0.4444156379299898,25.42896543863592,25.42896543863592,7.432398924964803,43.999985950642355,point_score multiplied by probability of positive structural gap,62.823126256796314,35.323126256796314,90.32312625679633,0.45,limited,False,63.04903841433324,"{""digital_finance_business_informatics"": 0.6333303078361582, ""economic_legal"": 0.6191306893720286}",calculated_from_existing_mgimo_country_profile_scores,57.83576220146514,37.1936785476967,76.96065573742321,3,0,47.36889216243358,44.08296270434986,51.10725029923147,50.155927030012705,48.762409596223144,48.762409596223144,44.08296270434986,51.10725029923147,44.08296270434986,51.10725029923147,7.024287594881606,22.57437429713162,68.08551200160532,45.511137704473704,C_monitor_and_test,"{""academic_fit"": 50.155927030012705, ""balanced"": 47.36889216243358, ""labor_market"": 51.10725029923147, ""recruitment"": 44.08296270434986}","{""academic_fit"": 32.465589635847955, ""balanced"": 26.387641970463633, ""labor_market"": 30.767699888563794, ""recruitment"": 22.57437429713162}","{""academic_fit"": 63.063901478822096, ""balanced"": 64.95665635927126, ""labor_market"": 68.08551200160532, ""recruitment"": 62.46372500579128}","{""academic_fit"": {""country_opportunity"": 0.25, ""friendliness"": 0.15, ""labor_demand"": 0.15, ""program_fit"": 0.45}, ""balanced"": {""country_opportunity"": 0.3, ""friendliness"": 0.2, ""labor_demand"": 0.3, ""program_fit"": 0.2}, ""labor_market"": {""country_opportunity"": 0.2, ""friendliness"": 0.15, ""labor_demand"": 0.45, ""program_fit"": 0.2}, ""recruitment"": {""country_opportunity"": 0.4, ""friendliness"": 0.3, ""labor_demand"": 0.1, ""program_fit"": 0.2}}",uncertainty_adjusted_management_priority_index_not_predicted_student_count,not_identified_ex_ante,,,,"incremental qualified applications, offers and enrolments attributable to the recruitment intervention",requires_prospective_campaign_evaluation,24,pre_registered_country_program_campaign_with_matched_comparison_or_stepped_wedge_rollout,qualified_leads;applications;offers;enrolments;yield;cost_per_enrolment,regularized_relative_demand_signal_from_overlapping_queries_not_unique_vacancies,ppml_russia_inbound_structural_allocation_v3;friendliness_receptivity_ex_ante_v3;trudvsem_program_demand_v4;mgimo_program_profiles,calculated_uncertainty_aware_scenario_ensemble,targeted_digital_campaign_with_local_partner_validation,155,167.0,220.0,156.0,91.0,91.0,220.0,129.0
country_program_priority_evidence_v4,BDI,Burundi,Sub-Saharan Africa,management_public,management_public,Управление и государственная политика,english_with_optional_russian_preparatory_module,CLDR indicates a material functional English-language environment.,115.83485200969926,115.83485200969926,-40.58184297189573,93.74825770443982,343.0268859657819,0.9016666666666666,0.0,132.0,2023,263.81046575474204,263.81046575474204,147.97561374504278,68.28044190972848,61.566198455271845,0.0,83.7695685415752,point_score multiplied by probability of positive structural gap,65.48109903285359,37.98109903285359,92.98109903285359,0.45,limited,False,10.234608225753336,"{""diplomatic_analytic"": 0.0968219268580822, ""economic_legal"": 0.1106323153567101}",calculated_from_existing_mgimo_country_profile_scores,95.82415369148119,86.55673351637238,99.07229069328204,2,3,50.70221050215263,46.74486909397022,53.970390966539625,30.818885030946713,48.723539798061424,48.723539798061424,30.818885030946713,53.970390966539625,30.818885030946713,53.970390966539625,23.151505935592912,7.538334274777379,61.310592567184464,53.77225829240709,C_monitor_and_test,"{""academic_fit"": 30.818885030946713, ""balanced"": 50.70221050215263, ""labor_market"": 53.970390966539625, ""recruitment"": 46.74486909397022}","{""academic_fit"": 9.96325487344039, ""balanced"": 12.783444605278065, ""labor_market"": 20.818461061139956, ""recruitment"": 7.538334274777379}","{""academic_fit"": 35.195962231197704, ""balanced"": 60.112454407218486, ""labor_market"": 61.310592567184464, ""recruitment"": 58.752958680460196}","{""academic_fit"": {""country_opportunity"": 0.25, ""friendliness"": 0.15, ""labor_demand"": 0.15, ""program_fit"": 0.45}, ""balanced"": {""country_opportunity"": 0.3, ""friendliness"": 0.2, ""labor_demand"": 0.3, ""program_fit"": 0.2}, ""labor_market"": {""country_opportunity"": 0.2, ""friendliness"": 0.15, ""labor_demand"": 0.45, ""program_fit"": 0.2}, ""recruitment"": {""country_opportunity"": 0.4, ""friendliness"": 0.3, ""labor_demand"": 0.1, ""program_fit"": 0.2}}",uncertainty_adjusted_management_priority_index_not_predicted_student_count,not_identified_ex_ante,,,,"incremental qualified applications, offers and enrolments attributable to the recruitment intervention",requires_prospective_campaign_evaluation,24,pre_registered_country_program_campaign_with_matched_comparison_or_stepped_wedge_rollout,qualified_leads;applications;offers;enrolments;yield;cost_per_enrolment,regularized_relative_demand_signal_from_overlapping_queries_not_unique_vacancies,ppml_russia_inbound_structural_allocation_v3;friendliness_receptivity_ex_ante_v3;trudvsem_program_demand_v4;mgimo_program_profiles,calculated_uncertainty_aware_scenario_ensemble,employer_linked_program_campaign_and_case_competitions,156,148.0,187.0,141.0,234.0,141.0,234.0,93.0
country_program_priority_evidence_v4,BLR,Belarus,Europe & Central Asia,international_economics,international_economics,Международная экономика и ВЭД,russian_or_bilingual_russian_english,CLDR indicates a material functional Russian-language environment.,30445.19890863655,30445.19890863655,6973.544032391695,27907.71738493421,62381.01638589323,1.0,1.0,9369.0,2023,40657.59366868813,40657.59366868813,10212.394760051584,100.0,100.0,100.0,100.0,point_score multiplied by probability of positive structural gap,68.04837138372176,48.048371383721744,88.04837138372174,0.6,limited,False,44.763212138104244,"{""economic_legal"": 0.3898746629698579, ""energy_logistics"": 0.6209044966145962}",calculated_from_existing_mgimo_country_profile_scores,16.030923181431294,9.076141467743279,25.775050153533456,2,0,46.374632742285314,63.735342890672584,36.18898499351319,50.646581747485634,48.51060724488548,48.51060724488548,36.18898499351319,63.735342890672584,36.18898499351319,63.735342890672584,27.546357897159396,27.147028887505563,71.97328072167622,44.826251834170655,C_monitor_and_test,"{""academic_fit"": 50.646581747485634, ""balanced"": 46.374632742285314, ""labor_market"": 36.18898499351319, ""recruitment"": 63.735342890672584}","{""academic_fit"": 44.47123823614035, ""balanced"": 36.9991318249809, ""labor_market"": 27.147028887505563, ""recruitment"": 54.579214223850315}","{""academic_fit"": 56.31120693896818, ""balanced"": 55.888521723743665, ""labor_market"": 46.085969704950685, ""recruitment"": 71.97328072167622}","{""academic_fit"": {""country_opportunity"": 0.25, ""friendliness"": 0.15, ""labor_demand"": 0.15, ""program_fit"": 0.45}, ""balanced"": {""country_opportunity"": 0.3, ""friendliness"": 0.2, ""labor_demand"": 0.3, ""program_fit"": 0.2}, ""labor_market"": {""country_opportunity"": 0.2, ""friendliness"": 0.15, ""labor_demand"": 0.45, ""program_fit"": 0.2}, ""recruitment"": {""country_opportunity"": 0.4, ""friendliness"": 0.3, ""labor_demand"": 0.1, ""program_fit"": 0.2}}",uncertainty_adjusted_management_priority_index_not_predicted_student_count,not_identified_ex_ante,,,,"incremental qualified applications, offers and enrolments attributable to the recruitment intervention",requires_prospective_campaign_evaluation,24,pre_registered_country_program_campaign_with_matched_comparison_or_stepped_wedge_rollout,qualified_leads;applications;offers;enrolments;yield;cost_per_enrolment,regularized_relative_demand_signal_from_overlapping_queries_not_unique_vacancies,ppml_russia_inbound_structural_allocation_v3;friendliness_receptivity_ex_ante_v3;trudvsem_program_demand_v4;mgimo_program_profiles,calculated_uncertainty_aware_scenario_ensemble,russian_language_track_alumni_and_school_network,157,175.0,57.0,185.0,85.0,57.0,185.0,128.0
country_program_priority_evidence_v4,SSD,South Sudan,Sub-Saharan Africa,digital_analytics,digital_analytics,Цифровая аналитика и Data/AI,english_with_optional_russian_preparatory_module,CLDR indicates a material functional English-language environment.,145.8038150289941,145.8038150289941,28.26935251219569,134.16265092865444,357.8963315639507,1.0,0.03333333333333333,30.0,2023,173.579507025386,173.579507025386,27.775691996391892,71.55530915802296,71.55530915802296,48.42748670334425,84.37644680315596,point_score multiplied by probability of positive structural gap,63.54932278500491,36.04932278500491,91.04932278500492,0.45,limited,False,15.655283558461155,"{""digital_finance_business_informatics"": 0.1523010353582821, ""economic_legal"": 0.1735600364899294}",calculated_from_existing_mgimo_country_profile_scores,57.83576220146514,37.1936785476967,76.96065573742321,3,0,49.09763181280871,50.60440894303543,47.8569754851235,35.27559116135234,48.4773036489661,48.4773036489661,35.27559116135234,50.60440894303543,35.27559116135234,50.60440894303543,15.328817781683092,27.63662060255135,61.78997089099546,34.153350288444116,C_monitor_and_test,"{""academic_fit"": 35.27559116135234, ""balanced"": 49.09763181280871, ""labor_market"": 47.8569754851235, ""recruitment"": 50.60440894303543}","{""academic_fit"": 27.63662060255135, ""balanced"": 34.397992081911106, ""labor_market"": 33.573448255831856, ""recruitment"": 35.1892227747137}","{""academic_fit"": 40.41996856542833, ""balanced"": 60.22228362203796, ""labor_market"": 59.18391699375547, ""recruitment"": 61.78997089099546}","{""academic_fit"": {""country_opportunity"": 0.25, ""friendliness"": 0.15, ""labor_demand"": 0.15, ""program_fit"": 0.45}, ""balanced"": {""country_opportunity"": 0.3, ""friendliness"": 0.2, ""labor_demand"": 0.3, ""program_fit"": 0.2}, ""labor_market"": {""country_opportunity"": 0.2, ""friendliness"": 0.15, ""labor_demand"": 0.45, ""program_fit"": 0.2}, ""recruitment"": {""country_opportunity"": 0.4, ""friendliness"": 0.3, ""labor_demand"": 0.1, ""program_fit"": 0.2}}",uncertainty_adjusted_management_priority_index_not_predicted_student_count,not_identified_ex_ante,,,,"incremental qualified applications, offers and enrolments attributable to the recruitment intervention",requires_prospective_campaign_evaluation,24,pre_registered_country_program_campaign_with_matched_comparison_or_stepped_wedge_rollout,qualified_leads;applications;offers;enrolments;yield;cost_per_enrolment,regularized_relative_demand_signal_from_overlapping_queries_not_unique_vacancies,ppml_russia_inbound_structural_allocation_v3;friendliness_receptivity_ex_ante_v3;trudvsem_program_demand_v4;mgimo_program_profiles,calculated_uncertainty_aware_scenario_ensemble,targeted_digital_campaign_with_local_partner_validation,158,158.0,141.0,170.0,204.0,141.0,204.0,63.0
country_program_priority_evidence_v4,TZA,"Tanzania, United Republic of",Sub-Saharan Africa,digital_analytics,digital_analytics,Цифровая аналитика и Data/AI,english_with_optional_russian_preparatory_module,CLDR indicates a material functional English-language environment.,110.72059909148331,110.72059909148331,-53.3958723614936,99.1973263020007,436.4097605295827,0.8316666666666667,0.0016666666666666668,175.0,2023,252.4946197191707,252.4946197191707,141.77402062768738,67.63847444358663,56.25266457891622,0.0,87.21388940881273,point_score multiplied by probability of positive structural gap,63.54559861270263,36.04559861270264,91.04559861270265,0.45,limited,False,20.79916506707102,"{""digital_finance_business_informatics"": 0.2215308139927002, ""economic_legal"": 0.15383499738275}",calculated_from_existing_mgimo_country_profile_scores,57.83576220146514,37.1936785476967,76.96065573742321,3,0,48.25819246342319,48.57457483936314,48.16641871497095,37.52767783839788,48.21230558919707,48.21230558919707,37.52767783839788,48.57457483936314,37.52767783839788,48.57457483936314,11.04689700096526,7.80165483521065,66.0647571393921,58.26310230418145,C_monitor_and_test,"{""academic_fit"": 37.52767783839788, ""balanced"": 48.25819246342319, ""labor_market"": 48.16641871497095, ""recruitment"": 48.57457483936314}","{""academic_fit"": 11.764833330464807, ""balanced"": 11.264485703247173, ""labor_market"": 16.2395226988772, ""recruitment"": 7.80165483521065}","{""academic_fit"": 45.99838483873862, ""balanced"": 64.17870354033836, ""labor_market"": 62.86637428646008, ""recruitment"": 66.0647571393921}","{""academic_fit"": {""country_opportunity"": 0.25, ""friendliness"": 0.15, ""labor_demand"": 0.15, ""program_fit"": 0.45}, ""balanced"": {""country_opportunity"": 0.3, ""friendliness"": 0.2, ""labor_demand"": 0.3, ""program_fit"": 0.2}, ""labor_market"": {""country_opportunity"": 0.2, ""friendliness"": 0.15, ""labor_demand"": 0.45, ""program_fit"": 0.2}, ""recruitment"": {""country_opportunity"": 0.4, ""friendliness"": 0.3, ""labor_demand"": 0.1, ""program_fit"": 0.2}}",uncertainty_adjusted_management_priority_index_not_predicted_student_count,not_identified_ex_ante,,,,"incremental qualified applications, offers and enrolments attributable to the recruitment intervention",requires_prospective_campaign_evaluation,24,pre_registered_country_program_campaign_with_matched_comparison_or_stepped_wedge_rollout,qualified_leads;applications;offers;enrolments;yield;cost_per_enrolment,regularized_relative_demand_signal_from_overlapping_queries_not_unique_vacancies,ppml_russia_inbound_structural_allocation_v3;friendliness_receptivity_ex_ante_v3;trudvsem_program_demand_v4;mgimo_program_profiles,calculated_uncertainty_aware_scenario_ensemble,targeted_digital_campaign_with_local_partner_validation,159,161.0,165.0,168.0,185.0,161.0,185.0,24.0
country_program_priority_evidence_v4,FJI,Fiji,East Asia & Pacific,digital_analytics,digital_analytics,Цифровая аналитика и Data/AI,english_with_optional_russian_preparatory_module,CLDR indicates a material functional English-language environment.,7.627020882740514,7.627020882740514,1.2039860349869458,6.669231625580992,43.267269859997896,1.0,0.0,0.0,2023,7.627020882740514,7.627020882740514,0.0,30.906289889035474,30.906289889035474,11.334283146520756,54.36097719416004,point_score multiplied by probability of positive structural gap,61.005519145266774,33.505519145266774,88.50551914526677,0.45,limited,False,52.57016453517394,"{""digital_finance_business_informatics"": 0.5402722670001181, ""economic_legal"": 0.4674191587582244}",calculated_from_existing_mgimo_country_profile_scores,57.83576220146514,37.1936785476967,76.96065573742321,3,0,48.08444404632198,45.46811897828748,50.98491018812704,48.302966532340605,48.19370528933129,48.19370528933129,45.46811897828748,50.98491018812704,45.46811897828748,50.98491018812704,5.51679120983956,24.973217893912807,68.26929399737661,43.296076103463804,C_monitor_and_test,"{""academic_fit"": 48.302966532340605, ""balanced"": 48.08444404632198, ""labor_market"": 50.98491018812704, ""recruitment"": 45.46811897828748}","{""academic_fit"": 32.6929758739996, ""balanced"": 28.247014715714165, ""labor_market"": 31.78816508725062, ""recruitment"": 24.973217893912807}","{""academic_fit"": 61.10175705285179, ""balanced"": 66.42888373737355, ""labor_market"": 68.26929399737661, ""recruitment"": 65.08594491888384}","{""academic_fit"": {""country_opportunity"": 0.25, ""friendliness"": 0.15, ""labor_demand"": 0.15, ""program_fit"": 0.45}, ""balanced"": {""country_opportunity"": 0.3, ""friendliness"": 0.2, ""labor_demand"": 0.3, ""program_fit"": 0.2}, ""labor_market"": {""country_opportunity"": 0.2, ""friendliness"": 0.15, ""labor_demand"": 0.45, ""program_fit"": 0.2}, ""recruitment"": {""country_opportunity"": 0.4, ""friendliness"": 0.3, ""labor_demand"": 0.1, ""program_fit"": 0.2}}",uncertainty_adjusted_management_priority_index_not_predicted_student_count,not_identified_ex_ante,,,,"incremental qualified applications, offers and enrolments attributable to the recruitment intervention",requires_prospective_campaign_evaluation,24,pre_registered_country_program_campaign_with_matched_comparison_or_stepped_wedge_rollout,qualified_leads;applications;offers;enrolments;yield;cost_per_enrolment,regularized_relative_demand_signal_from_overlapping_queries_not_unique_vacancies,ppml_russia_inbound_structural_allocation_v3;friendliness_receptivity_ex_ante_v3;trudvsem_program_demand_v4;mgimo_program_profiles,calculated_uncertainty_aware_scenario_ensemble,targeted_digital_campaign_with_local_partner_validation,160,162.0,202.0,157.0,102.0,102.0,202.0,100.0
country_program_priority_evidence_v4,KEN,Kenya,Sub-Saharan Africa,languages_regional,languages_regional,Иностранные языки и регионоведение,english_with_optional_russian_preparatory_module_plus_target_region_language,CLDR indicates a material functional English-language environment.,57.95554402040611,57.95554402040611,-105.13678389310432,49.25463425603044,369.53835592208605,0.6566666666666666,0.0,169.0,2023,255.7427077748814,255.7427077748814,197.7871637544753,58.47060294014146,38.39569593069289,0.0,84.83430276480973,point_score multiplied by probability of positive structural gap,61.338628797860984,43.83862879786099,78.83862879786099,0.65,moderate,True,26.140453474896592,"{""diplomatic_analytic"": 0.2554120693812451, ""economic_legal"": 0.285374396219849}",calculated_from_existing_mgimo_country_profile_scores,90.84379582436037,85.35385228314937,94.68543083289845,2,1,51.15676528171813,45.21824607311595,56.764629726703674,40.118027872349685,48.187505677417036,48.187505677417036,40.118027872349685,56.764629726703674,40.118027872349685,56.764629726703674,16.64660185435399,9.36539102320317,70.1207900811862,60.75539905798303,C_monitor_and_test,"{""academic_fit"": 40.118027872349685, ""balanced"": 51.15676528171813, ""labor_market"": 56.764629726703674, ""recruitment"": 45.21824607311595}","{""academic_fit"": 15.10067730689455, ""balanced"": 15.617698183239165, ""labor_market"": 25.204417622525206, ""recruitment"": 9.36539102320317}","{""academic_fit"": 50.895615985291876, ""balanced"": 68.73796492927217, ""labor_market"": 70.1207900811862, ""recruitment"": 66.77515459623012}","{""academic_fit"": {""country_opportunity"": 0.25, ""friendliness"": 0.15, ""labor_demand"": 0.15, ""program_fit"": 0.45}, ""balanced"": {""country_opportunity"": 0.3, ""friendliness"": 0.2, ""labor_demand"": 0.3, ""program_fit"": 0.2}, ""labor_market"": {""country_opportunity"": 0.2, ""friendliness"": 0.15, ""labor_demand"": 0.45, ""program_fit"": 0.2}, ""recruitment"": {""country_opportunity"": 0.4, ""friendliness"": 0.3, ""labor_demand"": 0.1, ""program_fit"": 0.2}}",uncertainty_adjusted_management_priority_index_not_predicted_student_count,not_identified_ex_ante,,,,"incremental qualified applications, offers and enrolments attributable to the recruitment intervention",requires_prospective_campaign_evaluation,24,pre_registered_country_program_campaign_with_matched_comparison_or_stepped_wedge_rollout,qualified_leads;applications;offers;enrolments;yield;cost_per_enrolment,regularized_relative_demand_signal_from_overlapping_queries_not_unique_vacancies,ppml_russia_inbound_structural_allocation_v3;friendliness_receptivity_ex_ante_v3;trudvsem_program_demand_v4;mgimo_program_profiles,calculated_uncertainty_aware_scenario_ensemble,employer_linked_program_campaign_and_case_competitions,161,144.0,204.0,128.0,159.0,128.0,204.0,76.0
country_program_priority_evidence_v4,BDI,Burundi,Sub-Saharan Africa,languages_regional,languages_regional,Иностранные языки и регионоведение,english_with_optional_russian_preparatory_module_plus_target_region_language,CLDR indicates a material functional English-language environment.,115.83485200969926,115.83485200969926,-40.58184297189573,93.74825770443982,343.0268859657819,0.9016666666666666,0.0,132.0,2023,263.81046575474204,263.81046575474204,147.97561374504278,68.28044190972848,61.566198455271845,0.0,83.7695685415752,point_score multiplied by probability of positive structural gap,65.48109903285359,37.98109903285359,92.98109903285359,0.45,limited,False,9.95840045578078,"{""diplomatic_analytic"": 0.0968219268580822, ""economic_legal"": 0.1106323153567101}",calculated_from_existing_mgimo_country_profile_scores,90.84379582436037,85.35385228314937,94.68543083289845,2,1,49.657468453946144,46.267752773909955,52.44126541558963,30.23514081023238,47.96261061392805,47.96261061392805,30.23514081023238,52.44126541558963,30.23514081023238,52.44126541558963,22.206124605357253,7.4905284019765626,59.78782429711479,52.29729589513823,C_monitor_and_test,"{""academic_fit"": 30.23514081023238, ""balanced"": 49.657468453946144, ""labor_market"": 52.44126541558963, ""recruitment"": 46.267752773909955}","{""academic_fit"": 9.83184947059259, ""balanced"": 12.667280584222468, ""labor_market"": 20.586520254631388, ""recruitment"": 7.4905284019765626}","{""academic_fit"": 34.570669874083535, ""balanced"": 59.01493053996829, ""labor_market"": 59.78782429711479, ""recruitment"": 58.1997053829431}","{""academic_fit"": {""country_opportunity"": 0.25, ""friendliness"": 0.15, ""labor_demand"": 0.15, ""program_fit"": 0.45}, ""balanced"": {""country_opportunity"": 0.3, ""friendliness"": 0.2, ""labor_demand"": 0.3, ""program_fit"": 0.2}, ""labor_market"": {""country_opportunity"": 0.2, ""friendliness"": 0.15, ""labor_demand"": 0.45, ""program_fit"": 0.2}, ""recruitment"": {""country_opportunity"": 0.4, ""friendliness"": 0.3, ""labor_demand"": 0.1, ""program_fit"": 0.2}}",uncertainty_adjusted_management_priority_index_not_predicted_student_count,not_identified_ex_ante,,,,"incremental qualified applications, offers and enrolments attributable to the recruitment intervention",requires_prospective_campaign_evaluation,24,pre_registered_country_program_campaign_with_matched_comparison_or_stepped_wedge_rollout,qualified_leads;applications;offers;enrolments;yield;cost_per_enrolment,regularized_relative_demand_signal_from_overlapping_queries_not_unique_vacancies,ppml_russia_inbound_structural_allocation_v3;friendliness_receptivity_ex_ante_v3;trudvsem_program_demand_v4;mgimo_program_profiles,calculated_uncertainty_aware_scenario_ensemble,employer_linked_program_campaign_and_case_competitions,162,153.0,190.0,149.0,239.0,149.0,239.0,90.0
country_program_priority_evidence_v4,ERI,Eritrea,Sub-Saharan Africa,languages_regional,languages_regional,Иностранные языки и регионоведение,english_with_optional_russian_preparatory_module_plus_target_region_language,CLDR indicates a material functional English-language environment.,195.9947458691878,195.9947458691878,40.52980776177405,180.66371876455221,478.4797823562563,1.0,0.008333333333333333,53.0,2023,245.36928265380607,245.36928265380607,49.37453678461826,75.77310279482307,75.77310279482307,53.445446397693274,88.53096490236031,point_score multiplied by probability of positive structural gap,65.54245740648598,38.04245740648597,93.04245740648598,0.45,limited,False,6.633243805757326,"{""diplomatic_analytic"": 0.0579097707616168, ""economic_legal"": 0.1000231072413991}",calculated_from_existing_mgimo_country_profile_scores,90.84379582436037,85.35385228314937,94.68543083289845,2,1,49.12673429339291,46.72386099816033,50.82758998501723,27.04719976947575,47.925297645776624,47.925297645776624,27.04719976947575,50.82758998501723,27.04719976947575,50.82758998501723,23.780390215541477,22.701834667179877,56.23339691017789,33.53156224299801,C_monitor_and_test,"{""academic_fit"": 27.04719976947575, ""balanced"": 49.12673429339291, ""labor_market"": 50.82758998501723, ""recruitment"": 46.72386099816033}","{""academic_fit"": 22.701834667179877, ""balanced"": 39.10217057002639, ""labor_market"": 42.60593591093944, ""recruitment"": 34.490095220863395}","{""academic_fit"": 29.78629734765208, ""balanced"": 55.81243511429626, ""labor_market"": 56.23339691017789, ""recruitment"": 55.346674495108935}","{""academic_fit"": {""country_opportunity"": 0.25, ""friendliness"": 0.15, ""labor_demand"": 0.15, ""program_fit"": 0.45}, ""balanced"": {""country_opportunity"": 0.3, ""friendliness"": 0.2, ""labor_demand"": 0.3, ""program_fit"": 0.2}, ""labor_market"": {""country_opportunity"": 0.2, ""friendliness"": 0.15, ""labor_demand"": 0.45, ""program_fit"": 0.2}, ""recruitment"": {""country_opportunity"": 0.4, ""friendliness"": 0.3, ""labor_demand"": 0.1, ""program_fit"": 0.2}}",uncertainty_adjusted_management_priority_index_not_predicted_student_count,not_identified_ex_ante,,,,"incremental qualified applications, offers and enrolments attributable to the recruitment intervention",requires_prospective_campaign_evaluation,24,pre_registered_country_program_campaign_with_matched_comparison_or_stepped_wedge_rollout,qualified_leads;applications;offers;enrolments;yield;cost_per_enrolment,regularized_relative_demand_signal_from_overlapping_queries_not_unique_vacancies,ppml_russia_inbound_structural_allocation_v3;friendliness_receptivity_ex_ante_v3;trudvsem_program_demand_v4;mgimo_program_profiles,calculated_uncertainty_aware_scenario_ensemble,employer_linked_program_campaign_and_case_competitions,163,157.0,188.0,158.0,253.0,157.0,253.0,96.0
country_program_priority_evidence_v4,QAT,Qatar,Middle East & North Africa,international_economics,international_economics,Международная экономика и ВЭД,english_plus_russian_preparatory_year,No broad Russian or English functional-language signal is available in CLDR.,181.741219289879,181.741219289879,63.374058751366526,164.42780274329073,405.2775387971988,1.0,0.05,7.0,2023,188.09570631430216,188.09570631430216,6.354487024423151,74.69590716206966,74.69590716206966,59.73168254284648,86.15493872150051,point_score multiplied by probability of positive structural gap,63.28068332224216,35.780683322242155,90.78068332224217,0.45,limited,False,56.97724406194236,"{""economic_legal"": 0.6188656221964999, ""energy_logistics"": 0.4224928958881947}",calculated_from_existing_mgimo_country_profile_scores,16.030923181431294,9.076141467743279,25.775050153533456,2,0,43.95815065239089,58.278325310360636,35.43348571984337,51.85736343129054,47.90775704184071,47.90775704184071,35.43348571984337,58.278325310360636,35.43348571984337,58.278325310360636,22.844839590517267,24.622865153492462,71.7869258415187,47.16406068802623,C_monitor_and_test,"{""academic_fit"": 51.85736343129054, ""balanced"": 43.95815065239089, ""labor_market"": 35.43348571984337, ""recruitment"": 58.278325310360636}","{""academic_fit"": 41.719151530036456, ""balanced"": 31.438872992401674, ""labor_market"": 24.622865153492462, ""recruitment"": 42.82640588067157}","{""academic_fit"": 60.64426948891084, ""balanced"": 56.40103653713084, ""labor_market"": 47.1280928041186, ""recruitment"": 71.7869258415187}","{""academic_fit"": {""country_opportunity"": 0.25, ""friendliness"": 0.15, ""labor_demand"": 0.15, ""program_fit"": 0.45}, ""balanced"": {""country_opportunity"": 0.3, ""friendliness"": 0.2, ""labor_demand"": 0.3, ""program_fit"": 0.2}, ""labor_market"": {""country_opportunity"": 0.2, ""friendliness"": 0.15, ""labor_demand"": 0.45, ""program_fit"": 0.2}, ""recruitment"": {""country_opportunity"": 0.4, ""friendliness"": 0.3, ""labor_demand"": 0.1, ""program_fit"": 0.2}}",uncertainty_adjusted_management_priority_index_not_predicted_student_count,not_identified_ex_ante,,,,"incremental qualified applications, offers and enrolments attributable to the recruitment intervention",requires_prospective_campaign_evaluation,24,pre_registered_country_program_campaign_with_matched_comparison_or_stepped_wedge_rollout,qualified_leads;applications;offers;enrolments;yield;cost_per_enrolment,regularized_relative_demand_signal_from_overlapping_queries_not_unique_vacancies,ppml_russia_inbound_structural_allocation_v3;friendliness_receptivity_ex_ante_v3;trudvsem_program_demand_v4;mgimo_program_profiles,calculated_uncertainty_aware_scenario_ensemble,targeted_digital_campaign_with_local_partner_validation,164,186.0,89.0,188.0,74.0,74.0,188.0,114.0
country_program_priority_evidence_v4,THA,Thailand,East Asia & Pacific,international_economics,international_economics,Международная экономика и ВЭД,english_with_optional_russian_preparatory_module,CLDR indicates a material functional English-language environment.,222.9823261229627,222.9823261229627,-35.88656602940428,196.96835921580674,897.5067334467701,0.915,0.12,130.0,2023,362.23276640299105,362.23276640299105,139.25044028002836,77.61451665790797,71.0172827419858,0.0,97.53841789027449,point_score multiplied by probability of positive structural gap,63.36552884934288,35.86552884934287,90.86552884934288,0.45,limited,False,58.44062476632954,"{""economic_legal"": 0.5880162963394429, ""energy_logistics"": 0.5735761016348528}",calculated_from_existing_mgimo_country_profile_scores,16.030923181431294,9.076141467743279,25.775050153533456,2,0,43.53398708284424,57.43674412026406,35.264508267004295,51.8034940734683,47.668740578156275,47.668740578156275,35.264508267004295,57.43674412026406,35.264508267004295,57.43674412026406,22.172235853259764,8.333181968960714,75.79775390822029,67.46457193925957,C_monitor_and_test,"{""academic_fit"": 51.8034940734683, ""balanced"": 43.53398708284424, ""labor_market"": 35.264508267004295, ""recruitment"": 57.43674412026406}","{""academic_fit"": 15.118313590401725, ""balanced"": 9.221629509235967, ""labor_market"": 10.888568432534084, ""recruitment"": 8.333181968960714}","{""academic_fit"": 63.24846178587207, ""balanced"": 58.820211077555776, ""labor_market"": 48.54761901814532, ""recruitment"": 75.79775390822029}","{""academic_fit"": {""country_opportunity"": 0.25, ""friendliness"": 0.15, ""labor_demand"": 0.15, ""program_fit"": 0.45}, ""balanced"": {""country_opportunity"": 0.3, ""friendliness"": 0.2, ""labor_demand"": 0.3, ""program_fit"": 0.2}, ""labor_market"": {""country_opportunity"": 0.2, ""friendliness"": 0.15, ""labor_demand"": 0.45, ""program_fit"": 0.2}, ""recruitment"": {""country_opportunity"": 0.4, ""friendliness"": 0.3, ""labor_demand"": 0.1, ""program_fit"": 0.2}}",uncertainty_adjusted_management_priority_index_not_predicted_student_count,not_identified_ex_ante,,,,"incremental qualified applications, offers and enrolments attributable to the recruitment intervention",requires_prospective_campaign_evaluation,24,pre_registered_country_program_campaign_with_matched_comparison_or_stepped_wedge_rollout,qualified_leads;applications;offers;enrolments;yield;cost_per_enrolment,regularized_relative_demand_signal_from_overlapping_queries_not_unique_vacancies,ppml_russia_inbound_structural_allocation_v3;friendliness_receptivity_ex_ante_v3;trudvsem_program_demand_v4;mgimo_program_profiles,calculated_uncertainty_aware_scenario_ensemble,targeted_digital_campaign_with_local_partner_validation,165,189.0,93.0,189.0,75.0,75.0,189.0,114.0
country_program_priority_evidence_v4,SLB,Solomon Islands,East Asia & Pacific,digital_analytics,digital_analytics,Цифровая аналитика и Data/AI,english_with_optional_russian_preparatory_module,CLDR indicates a material functional English-language environment.,28.254208583079443,28.254208583079443,3.3084598312829843,25.323468557890585,167.42941979665304,1.0,0.0,0.0,2023,28.254208583079443,28.254208583079443,0.0,48.420064074677036,48.420064074677036,20.94813681084757,73.52622850777395,point_score multiplied by probability of positive structural gap,63.665778860050914,36.165778860050914,91.16577886005092,0.45,limited,False,24.753031472546922,"{""digital_finance_business_informatics"": 0.2426035313809478, ""economic_legal"": 0.2672374481035547}",calculated_from_existing_mgimo_country_profile_scores,57.83576220146514,37.1936785476967,76.96065573742321,3,0,47.757612447970494,47.37749689449928,48.36873824694807,39.00089721980009,47.56755467123489,47.56755467123489,39.00089721980009,48.36873824694807,39.00089721980009,48.36873824694807,9.367841027147982,27.461294859374025,63.874338138284635,36.41304327891061,C_monitor_and_test,"{""academic_fit"": 39.00089721980009, ""balanced"": 47.757612447970494, ""labor_market"": 48.36873824694807, ""recruitment"": 47.37749689449928}","{""academic_fit"": 27.461294859374025, ""balanced"": 29.436738497541775, ""labor_market"": 31.155984944475346, ""recruitment"": 27.77445090558578}","{""academic_fit"": 47.54397081523585, ""balanced"": 63.09771404837677, ""labor_market"": 62.85438028908783, ""recruitment"": 63.874338138284635}","{""academic_fit"": {""country_opportunity"": 0.25, ""friendliness"": 0.15, ""labor_demand"": 0.15, ""program_fit"": 0.45}, ""balanced"": {""country_opportunity"": 0.3, ""friendliness"": 0.2, ""labor_demand"": 0.3, ""program_fit"": 0.2}, ""labor_market"": {""country_opportunity"": 0.2, ""friendliness"": 0.15, ""labor_demand"": 0.45, ""program_fit"": 0.2}, ""recruitment"": {""country_opportunity"": 0.4, ""friendliness"": 0.3, ""labor_demand"": 0.1, ""program_fit"": 0.2}}",uncertainty_adjusted_management_priority_index_not_predicted_student_count,not_identified_ex_ante,,,,"incremental qualified applications, offers and enrolments attributable to the recruitment intervention",requires_prospective_campaign_evaluation,24,pre_registered_country_program_campaign_with_matched_comparison_or_stepped_wedge_rollout,qualified_leads;applications;offers;enrolments;yield;cost_per_enrolment,regularized_relative_demand_signal_from_overlapping_queries_not_unique_vacancies,ppml_russia_inbound_structural_allocation_v3;friendliness_receptivity_ex_ante_v3;trudvsem_program_demand_v4;mgimo_program_profiles,calculated_uncertainty_aware_scenario_ensemble,targeted_digital_campaign_with_local_partner_validation,166,163.0,183.0,167.0,168.0,163.0,183.0,20.0
country_program_priority_evidence_v4,KWT,Kuwait,Middle East & North Africa,international_economics,international_economics,Международная экономика и ВЭД,english_plus_russian_preparatory_year,No broad Russian or English functional-language signal is available in CLDR.,426.5126688777632,426.5126688777632,166.10656193694516,401.9018406801363,914.5455521053923,1.0,0.6533333333333333,8.0,2023,432.95179611668044,432.95179611668044,6.439127238917247,86.88564352408495,86.88564352408495,73.41313797911597,97.8078518624332,point_score multiplied by probability of positive structural gap,63.39358801580428,35.893588015804276,90.89358801580428,0.45,limited,False,48.89788976434625,"{""economic_legal"": 0.572805525069912, ""energy_logistics"": 0.2374990153641142}",calculated_from_existing_mgimo_country_profile_scores,16.030923181431294,9.076141467743279,25.775050153533456,2,0,44.62830835646347,60.067401282585166,35.437430843646084,50.32771506171566,47.478011709089564,47.478011709089564,35.437430843646084,60.067401282585166,35.437430843646084,60.067401282585166,24.629970438939083,24.89717289777279,73.27743132315192,48.380258425379125,C_monitor_and_test,"{""academic_fit"": 50.32771506171566, ""balanced"": 44.62830835646347, ""labor_market"": 35.437430843646084, ""recruitment"": 60.067401282585166}","{""academic_fit"": 41.045427575641305, ""balanced"": 32.44654086946916, ""labor_market"": 24.89717289777279, ""recruitment"": 45.12005323915284}","{""academic_fit"": 58.501337664681664, ""balanced"": 56.84714117615543, ""labor_market"": 46.90560768016676, ""recruitment"": 73.27743132315192}","{""academic_fit"": {""country_opportunity"": 0.25, ""friendliness"": 0.15, ""labor_demand"": 0.15, ""program_fit"": 0.45}, ""balanced"": {""country_opportunity"": 0.3, ""friendliness"": 0.2, ""labor_demand"": 0.3, ""program_fit"": 0.2}, ""labor_market"": {""country_opportunity"": 0.2, ""friendliness"": 0.15, ""labor_demand"": 0.45, ""program_fit"": 0.2}, ""recruitment"": {""country_opportunity"": 0.4, ""friendliness"": 0.3, ""labor_demand"": 0.1, ""program_fit"": 0.2}}",uncertainty_adjusted_management_priority_index_not_predicted_student_count,not_identified_ex_ante,,,,"incremental qualified applications, offers and enrolments attributable to the recruitment intervention",requires_prospective_campaign_evaluation,24,pre_registered_country_program_campaign_with_matched_comparison_or_stepped_wedge_rollout,qualified_leads;applications;offers;enrolments;yield;cost_per_enrolment,regularized_relative_demand_signal_from_overlapping_queries_not_unique_vacancies,ppml_russia_inbound_structural_allocation_v3;friendliness_receptivity_ex_ante_v3;trudvsem_program_demand_v4;mgimo_program_profiles,calculated_uncertainty_aware_scenario_ensemble,targeted_digital_campaign_with_local_partner_validation,167,181.0,78.0,187.0,89.0,78.0,187.0,109.0
country_program_priority_evidence_v4,SUR,Suriname,Latin America & Caribbean,digital_analytics,digital_analytics,Цифровая аналитика и Data/AI,english_plus_russian_preparatory_year,No broad Russian or English functional-language signal is available in CLDR.,10.509553920338357,10.509553920338357,-3.51557237617404,9.34758708115846,85.72819051484383,0.845,0.0,7.0,2023,16.594214208509936,16.594214208509936,6.084660288171579,35.0408731843896,29.609537840809214,0.0,64.00667757120095,point_score multiplied by probability of positive structural gap,62.23617269496816,34.73617269496816,89.73617269496816,0.45,limited,False,51.33425929274791,"{""digital_finance_business_informatics"": 0.5400599427561531, ""economic_legal"": 0.4064731936127829}",calculated_from_existing_mgimo_country_profile_scores,57.83576220146514,37.1936785476967,76.96065573742321,3,0,47.454609598122275,44.774666837073035,50.47666536002694,47.44468857205282,47.44964908508754,47.44964908508754,44.774666837073035,50.47666536002694,44.774666837073035,50.47666536002694,5.701998522953907,9.195331761114282,70.31346053451944,61.118128773405154,C_monitor_and_test,"{""academic_fit"": 47.44468857205282, ""balanced"": 47.454609598122275, ""labor_market"": 50.47666536002694, ""recruitment"": 44.774666837073035}","{""academic_fit"": 17.353908051767696, ""balanced"": 13.32462197607309, ""labor_market"": 19.244127170352364, ""recruitment"": 9.195331761114282}","{""academic_fit"": 63.0696246810779, ""balanced"": 69.573198541018, ""labor_market"": 70.31346053451944, ""recruitment"": 69.36505196501784}","{""academic_fit"": {""country_opportunity"": 0.25, ""friendliness"": 0.15, ""labor_demand"": 0.15, ""program_fit"": 0.45}, ""balanced"": {""country_opportunity"": 0.3, ""friendliness"": 0.2, ""labor_demand"": 0.3, ""program_fit"": 0.2}, ""labor_market"": {""country_opportunity"": 0.2, ""friendliness"": 0.15, ""labor_demand"": 0.45, ""program_fit"": 0.2}, ""recruitment"": {""country_opportunity"": 0.4, ""friendliness"": 0.3, ""labor_demand"": 0.1, ""program_fit"": 0.2}}",uncertainty_adjusted_management_priority_index_not_predicted_student_count,not_identified_ex_ante,,,,"incremental qualified applications, offers and enrolments attributable to the recruitment intervention",requires_prospective_campaign_evaluation,24,pre_registered_country_program_campaign_with_matched_comparison_or_stepped_wedge_rollout,qualified_leads;applications;offers;enrolments;yield;cost_per_enrolment,regularized_relative_demand_signal_from_overlapping_queries_not_unique_vacancies,ppml_russia_inbound_structural_allocation_v3;friendliness_receptivity_ex_ante_v3;trudvsem_program_demand_v4;mgimo_program_profiles,calculated_uncertainty_aware_scenario_ensemble,targeted_digital_campaign_with_local_partner_validation,168,166.0,209.0,161.0,111.0,111.0,209.0,98.0
country_program_priority_evidence_v4,SAU,Saudi Arabia,Middle East & North Africa,international_economics,international_economics,Международная экономика и ВЭД,english_plus_russian_preparatory_year,No broad Russian or English functional-language signal is available in CLDR.,1026.3129269398264,1026.3129269398264,284.272999661452,949.7248809518235,2573.4925989010617,1.0,0.925,162.0,2023,1177.466179032725,1177.466179032725,151.1532520928985,99.4598271878937,99.4598271878937,81.08363336162641,100.0,point_score multiplied by probability of positive structural gap,64.23914038531943,36.73914038531942,91.73914038531943,0.45,limited,False,43.105326264628744,"{""economic_legal"": 0.4987242174521772, ""energy_logistics"": 0.2280403982286184}",calculated_from_existing_mgimo_country_profile_scores,16.030923181431294,9.076141467743279,25.775050153533456,2,0,45.440977497139635,62.065476321332206,35.580229037363694,49.32415609584871,47.382566796494174,47.382566796494174,35.580229037363694,62.065476321332206,35.580229037363694,62.065476321332206,26.485247283968512,24.855892633731305,72.31981935397587,47.46392672024457,C_monitor_and_test,"{""academic_fit"": 49.32415609584871, ""balanced"": 45.440977497139635, ""labor_market"": 35.580229037363694, ""recruitment"": 62.065476321332206}","{""academic_fit"": 39.92791899437505, ""balanced"": 32.749183993939056, ""labor_market"": 24.855892633731305, ""recruitment"": 46.09422203850479}","{""academic_fit"": 55.72228806642999, ""balanced"": 55.930016477228286, ""labor_market"": 46.026632423615865, ""recruitment"": 72.31981935397587}","{""academic_fit"": {""country_opportunity"": 0.25, ""friendliness"": 0.15, ""labor_demand"": 0.15, ""program_fit"": 0.45}, ""balanced"": {""country_opportunity"": 0.3, ""friendliness"": 0.2, ""labor_demand"": 0.3, ""program_fit"": 0.2}, ""labor_market"": {""country_opportunity"": 0.2, ""friendliness"": 0.15, ""labor_demand"": 0.45, ""program_fit"": 0.2}, ""recruitment"": {""country_opportunity"": 0.4, ""friendliness"": 0.3, ""labor_demand"": 0.1, ""program_fit"": 0.2}}",uncertainty_adjusted_management_priority_index_not_predicted_student_count,not_identified_ex_ante,,,,"incremental qualified applications, offers and enrolments attributable to the recruitment intervention",requires_prospective_campaign_evaluation,24,pre_registered_country_program_campaign_with_matched_comparison_or_stepped_wedge_rollout,qualified_leads;applications;offers;enrolments;yield;cost_per_enrolment,regularized_relative_demand_signal_from_overlapping_queries_not_unique_vacancies,ppml_russia_inbound_structural_allocation_v3;friendliness_receptivity_ex_ante_v3;trudvsem_program_demand_v4;mgimo_program_profiles,calculated_uncertainty_aware_scenario_ensemble,targeted_digital_campaign_with_local_partner_validation,169,179.0,66.0,186.0,98.0,66.0,186.0,120.0
country_program_priority_evidence_v4,SUR,Suriname,Latin America & Caribbean,management_public,management_public,Управление и государственная политика,english_plus_russian_preparatory_year,No broad Russian or English functional-language signal is available in CLDR.,10.509553920338357,10.509553920338357,-3.51557237617404,9.34758708115846,85.72819051484383,0.845,0.0,7.0,2023,16.594214208509936,16.594214208509936,6.084660288171579,35.0408731843896,29.609537840809214,0.0,64.00667757120095,point_score multiplied by probability of positive structural gap,62.23617269496816,34.73617269496816,89.73617269496816,0.45,limited,False,34.537521782965754,"{""diplomatic_analytic"": 0.3046432339742406, ""economic_legal"": 0.4064731936127829}",calculated_from_existing_mgimo_country_profile_scores,95.82415369148119,86.55673351637238,99.07229069328204,2,3,50.998959316710256,43.55588144062115,58.455437376798,42.95309126843369,47.2774203786657,47.2774203786657,42.95309126843369,58.455437376798,42.95309126843369,58.455437376798,15.502346108364314,9.24650099111776,72.81417697407791,63.567675982960154,C_monitor_and_test,"{""academic_fit"": 42.95309126843369, ""balanced"": 50.998959316710256, ""labor_market"": 58.455437376798, ""recruitment"": 43.55588144062115}","{""academic_fit"": 16.511916247164987, ""balanced"": 15.817015015933391, ""labor_market"": 25.870960784467584, ""recruitment"": 9.24650099111776}","{""academic_fit"": 55.00997858977801, ""balanced"": 69.39907608384885, ""labor_market"": 72.81417697407791, ""recruitment"": 65.82104350199137}","{""academic_fit"": {""country_opportunity"": 0.25, ""friendliness"": 0.15, ""labor_demand"": 0.15, ""program_fit"": 0.45}, ""balanced"": {""country_opportunity"": 0.3, ""friendliness"": 0.2, ""labor_demand"": 0.3, ""program_fit"": 0.2}, ""labor_market"": {""country_opportunity"": 0.2, ""friendliness"": 0.15, ""labor_demand"": 0.45, ""program_fit"": 0.2}, ""recruitment"": {""country_opportunity"": 0.4, ""friendliness"": 0.3, ""labor_demand"": 0.1, ""program_fit"": 0.2}}",uncertainty_adjusted_management_priority_index_not_predicted_student_count,not_identified_ex_ante,,,,"incremental qualified applications, offers and enrolments attributable to the recruitment intervention",requires_prospective_campaign_evaluation,24,pre_registered_country_program_campaign_with_matched_comparison_or_stepped_wedge_rollout,qualified_leads;applications;offers;enrolments;yield;cost_per_enrolment,regularized_relative_demand_signal_from_overlapping_queries_not_unique_vacancies,ppml_russia_inbound_structural_allocation_v3;friendliness_receptivity_ex_ante_v3;trudvsem_program_demand_v4;mgimo_program_profiles,calculated_uncertainty_aware_scenario_ensemble,employer_linked_program_campaign_and_case_competitions,170,145.0,226.0,113.0,136.0,113.0,226.0,113.0
country_program_priority_evidence_v4,TGO,Togo,Sub-Saharan Africa,management_public,management_public,Управление и государственная политика,english_plus_russian_preparatory_year,No broad Russian or English functional-language signal is available in CLDR.,27.54025528774936,27.54025528774936,-21.434754805039717,21.559190490696373,102.7599583186691,0.7766666666666666,0.0,66.0,2023,81.65433936165209,81.65433936165209,54.11408407390273,48.06569520962609,37.33102327947626,0.0,66.57827509124455,point_score multiplied by probability of positive structural gap,63.080246193426106,35.5802461934261,90.5802461934261,0.45,limited,False,21.491462999638326,"{""diplomatic_analytic"": 0.2090227586663389, ""economic_legal"": 0.2237524369914499}",calculated_from_existing_mgimo_country_profile_scores,95.82415369148119,86.55673351637238,99.07229069328204,2,3,49.92145544556935,43.66344068130038,55.910521758792164,37.057863676789154,46.79244806343486,46.79244806343486,37.057863676789154,55.910521758792164,37.057863676789154,55.910521758792164,18.85265808200301,8.497381359986008,67.05869342367973,58.56131206369372,C_monitor_and_test,"{""academic_fit"": 37.057863676789154, ""balanced"": 49.92145544556935, ""labor_market"": 55.910521758792164, ""recruitment"": 43.66344068130038}","{""academic_fit"": 13.487051632070058, ""balanced"": 14.501681332556771, ""labor_market"": 23.691876435718438, ""recruitment"": 8.497381359986008}","{""academic_fit"": 45.27471410994909, ""balanced"": 64.19169030848036, ""labor_market"": 67.05869342367973, ""recruitment"": 61.175416446842725}","{""academic_fit"": {""country_opportunity"": 0.25, ""friendliness"": 0.15, ""labor_demand"": 0.15, ""program_fit"": 0.45}, ""balanced"": {""country_opportunity"": 0.3, ""friendliness"": 0.2, ""labor_demand"": 0.3, ""program_fit"": 0.2}, ""labor_market"": {""country_opportunity"": 0.2, ""friendliness"": 0.15, ""labor_demand"": 0.45, ""program_fit"": 0.2}, ""recruitment"": {""country_opportunity"": 0.4, ""friendliness"": 0.3, ""labor_demand"": 0.1, ""program_fit"": 0.2}}",uncertainty_adjusted_management_priority_index_not_predicted_student_count,not_identified_ex_ante,,,,"incremental qualified applications, offers and enrolments attributable to the recruitment intervention",requires_prospective_campaign_evaluation,24,pre_registered_country_program_campaign_with_matched_comparison_or_stepped_wedge_rollout,qualified_leads;applications;offers;enrolments;yield;cost_per_enrolment,regularized_relative_demand_signal_from_overlapping_queries_not_unique_vacancies,ppml_russia_inbound_structural_allocation_v3;friendliness_receptivity_ex_ante_v3;trudvsem_program_demand_v4;mgimo_program_profiles,calculated_uncertainty_aware_scenario_ensemble,employer_linked_program_campaign_and_case_competitions,171,152.0,223.0,132.0,189.0,132.0,223.0,91.0
country_program_priority_evidence_v4,COK,Cook Islands,,digital_analytics,digital_analytics,Цифровая аналитика и Data/AI,english_with_optional_russian_preparatory_module,CLDR indicates a material functional English-language environment.,9.385047583606324,9.385047583606324,0.5712077375165258,9.19715385279822,81.51010851340784,0.99,0.0033333333333333335,1.0,2023,10.252419450308775,10.252419450308775,0.8673718667024498,33.56633145335767,33.23066813882409,6.480507027515753,63.291594954977334,point_score multiplied by probability of positive structural gap,50.0,0.0,100.0,0.0,,,50.0,{},calculated_from_existing_mgimo_country_profile_scores,57.83576220146514,37.1936785476967,76.96065573742321,3,0,46.76529999867126,43.67108711990772,49.722148451452604,46.6950434120103,46.73017170534078,46.73017170534078,43.67108711990772,49.722148451452604,43.67108711990772,49.722148451452604,6.0510613315448865,6.9978434794449775,70.94769688401314,63.94985340456816,C_monitor_and_test,"{""academic_fit"": 46.6950434120103, ""balanced"": 46.76529999867126, ""labor_market"": 49.722148451452604, ""recruitment"": 43.67108711990772}","{""academic_fit"": 16.59077553477465, ""balanced"": 11.856852536746723, ""labor_market"": 16.744610059742566, ""recruitment"": 6.9978434794449775}","{""academic_fit"": 63.17616859962612, ""balanced"": 70.47999120093029, ""labor_market"": 70.92766700439623, ""recruitment"": 70.94769688401314}","{""academic_fit"": {""country_opportunity"": 0.25, ""friendliness"": 0.15, ""labor_demand"": 0.15, ""program_fit"": 0.45}, ""balanced"": {""country_opportunity"": 0.3, ""friendliness"": 0.2, ""labor_demand"": 0.3, ""program_fit"": 0.2}, ""labor_market"": {""country_opportunity"": 0.2, ""friendliness"": 0.15, ""labor_demand"": 0.45, ""program_fit"": 0.2}, ""recruitment"": {""country_opportunity"": 0.4, ""friendliness"": 0.3, ""labor_demand"": 0.1, ""program_fit"": 0.2}}",uncertainty_adjusted_management_priority_index_not_predicted_student_count,not_identified_ex_ante,,,,"incremental qualified applications, offers and enrolments attributable to the recruitment intervention",requires_prospective_campaign_evaluation,24,pre_registered_country_program_campaign_with_matched_comparison_or_stepped_wedge_rollout,qualified_leads;applications;offers;enrolments;yield;cost_per_enrolment,regularized_relative_demand_signal_from_overlapping_queries_not_unique_vacancies,ppml_russia_inbound_structural_allocation_v3;friendliness_receptivity_ex_ante_v3;trudvsem_program_demand_v4;mgimo_program_profiles,calculated_uncertainty_aware_scenario_ensemble,targeted_digital_campaign_with_local_partner_validation,172,169.0,222.0,162.0,118.0,118.0,222.0,104.0
country_program_priority_evidence_v4,BDI,Burundi,Sub-Saharan Africa,digital_analytics,digital_analytics,Цифровая аналитика и Data/AI,english_with_optional_russian_preparatory_module,CLDR indicates a material functional English-language environment.,115.83485200969926,115.83485200969926,-40.58184297189573,93.74825770443982,343.0268859657819,0.9016666666666666,0.0,132.0,2023,263.81046575474204,263.81046575474204,147.97561374504278,68.28044190972848,61.566198455271845,0.0,83.7695685415752,point_score multiplied by probability of positive structural gap,65.48109903285359,37.98109903285359,92.98109903285359,0.45,limited,False,14.689887123534826,"{""digital_finance_business_informatics"": 0.1559655102050078, ""economic_legal"": 0.1106323153567101}",calculated_from_existing_mgimo_country_profile_scores,57.83576220146514,37.1936785476967,76.96065573742321,3,0,46.68061549599276,47.54579272417147,46.11199318913117,33.23865356199188,46.39630434256196,46.39630434256196,33.23865356199188,47.54579272417147,33.23865356199188,47.54579272417147,14.307139162179588,7.417506964317207,61.26300328109877,53.84549631678156,C_monitor_and_test,"{""academic_fit"": 33.23865356199188, ""balanced"": 46.68061549599276, ""labor_market"": 46.11199318913117, ""recruitment"": 47.54579272417147}","{""academic_fit"": 10.22431874084901, ""balanced"": 10.655426863440386, ""labor_market"": 15.322402687779507, ""recruitment"": 7.417506964317207}","{""academic_fit"": 39.40079079612914, ""balanced"": 59.62732558932441, ""labor_market"": 58.58017031760999, ""recruitment"": 61.26300328109877}","{""academic_fit"": {""country_opportunity"": 0.25, ""friendliness"": 0.15, ""labor_demand"": 0.15, ""program_fit"": 0.45}, ""balanced"": {""country_opportunity"": 0.3, ""friendliness"": 0.2, ""labor_demand"": 0.3, ""program_fit"": 0.2}, ""labor_market"": {""country_opportunity"": 0.2, ""friendliness"": 0.15, ""labor_demand"": 0.45, ""program_fit"": 0.2}, ""recruitment"": {""country_opportunity"": 0.4, ""friendliness"": 0.3, ""labor_demand"": 0.1, ""program_fit"": 0.2}}",uncertainty_adjusted_management_priority_index_not_predicted_student_count,not_identified_ex_ante,,,,"incremental qualified applications, offers and enrolments attributable to the recruitment intervention",requires_prospective_campaign_evaluation,24,pre_registered_country_program_campaign_with_matched_comparison_or_stepped_wedge_rollout,qualified_leads;applications;offers;enrolments;yield;cost_per_enrolment,regularized_relative_demand_signal_from_overlapping_queries_not_unique_vacancies,ppml_russia_inbound_structural_allocation_v3;friendliness_receptivity_ex_ante_v3;trudvsem_program_demand_v4;mgimo_program_profiles,calculated_uncertainty_aware_scenario_ensemble,digital_recruitment_scholarship_and_olympiad,173,171.0,182.0,173.0,221.0,171.0,221.0,50.0
country_program_priority_evidence_v4,SUR,Suriname,Latin America & Caribbean,languages_regional,languages_regional,Иностранные языки и регионоведение,english_plus_russian_preparatory_year_plus_target_region_language,No broad Russian or English functional-language signal is available in CLDR.,10.509553920338357,10.509553920338357,-3.51557237617404,9.34758708115846,85.72819051484383,0.845,0.0,7.0,2023,16.594214208509936,16.594214208509936,6.084660288171579,35.0408731843896,29.609537840809214,0.0,64.00667757120095,point_score multiplied by probability of positive structural gap,62.23617269496816,34.73617269496816,89.73617269496816,0.45,limited,False,32.50092259019491,"{""diplomatic_analytic"": 0.3046432339742406, ""economic_legal"": 0.4064731936127829}",calculated_from_existing_mgimo_country_profile_scores,90.84379582436037,85.35385228314937,94.68543083289845,2,1,49.608383320350384,42.81809527190696,56.412921531102114,41.49737972135472,46.21323929612868,46.21323929612868,41.49737972135472,56.412921531102114,41.49737972135472,56.412921531102114,14.915541809747396,9.125371686522861,70.52275335356607,61.39738166704321,C_monitor_and_test,"{""academic_fit"": 41.49737972135472, ""balanced"": 49.608383320350384, ""labor_market"": 56.412921531102114, ""recruitment"": 42.81809527190696}","{""academic_fit"": 16.045846552979814, ""balanced"": 15.566683742547763, ""labor_market"": 25.408729968833104, ""recruitment"": 9.125371686522861}","{""academic_fit"": 53.20930728967068, ""balanced"": 67.66860243523602, ""labor_market"": 70.52275335356607, ""recruitment"": 64.75777021434801}","{""academic_fit"": {""country_opportunity"": 0.25, ""friendliness"": 0.15, ""labor_demand"": 0.15, ""program_fit"": 0.45}, ""balanced"": {""country_opportunity"": 0.3, ""friendliness"": 0.2, ""labor_demand"": 0.3, ""program_fit"": 0.2}, ""labor_market"": {""country_opportunity"": 0.2, ""friendliness"": 0.15, ""labor_demand"": 0.45, ""program_fit"": 0.2}, ""recruitment"": {""country_opportunity"": 0.4, ""friendliness"": 0.3, ""labor_demand"": 0.1, ""program_fit"": 0.2}}",uncertainty_adjusted_management_priority_index_not_predicted_student_count,not_identified_ex_ante,,,,"incremental qualified applications, offers and enrolments attributable to the recruitment intervention",requires_prospective_campaign_evaluation,24,pre_registered_country_program_campaign_with_matched_comparison_or_stepped_wedge_rollout,qualified_leads;applications;offers;enrolments;yield;cost_per_enrolment,regularized_relative_demand_signal_from_overlapping_queries_not_unique_vacancies,ppml_russia_inbound_structural_allocation_v3;friendliness_receptivity_ex_ante_v3;trudvsem_program_demand_v4;mgimo_program_profiles,calculated_uncertainty_aware_scenario_ensemble,employer_linked_program_campaign_and_case_competitions,174,155.0,230.0,130.0,145.0,130.0,230.0,100.0
country_program_priority_evidence_v4,MWI,Malawi,Sub-Saharan Africa,digital_analytics,digital_analytics,Цифровая аналитика и Data/AI,english_with_optional_russian_preparatory_module,CLDR indicates a material functional English-language environment.,175.3896349696009,175.3896349696009,37.56691793470767,168.62297920994422,485.49570564787916,1.0,0.10333333333333333,23.0,2023,205.45525745831037,205.45525745831037,30.06562248870947,74.18853744953509,74.18853744953509,52.383875876972816,88.73930663135795,point_score multiplied by probability of positive structural gap,61.02799195229347,33.52799195229347,88.52799195229348,0.45,limited,False,11.918578295445535,"{""digital_finance_business_informatics"": 0.1099156711912838, ""economic_legal"": 0.1562662300071415}",calculated_from_existing_mgimo_country_profile_scores,57.83576220146514,37.1936785476967,76.96065573742321,3,0,46.792583203587256,48.20839584141757,45.538495578585305,31.55713197741142,46.165539391086284,46.165539391086284,31.55713197741142,48.20839584141757,31.55713197741142,48.20839584141757,16.65126386400615,24.865786363024036,59.41414555684089,34.54835919381686,C_monitor_and_test,"{""academic_fit"": 31.55713197741142, ""balanced"": 46.792583203587256, ""labor_market"": 45.538495578585305, ""recruitment"": 48.20839584141757}","{""academic_fit"": 24.865786363024036, ""balanced"": 32.98954396812647, ""labor_market"": 32.064572871030386, ""recruitment"": 33.770396269161324}","{""academic_fit"": 36.3534872543497, ""balanced"": 57.77910325303351, ""labor_market"": 56.57908328131025, ""recruitment"": 59.41414555684089}","{""academic_fit"": {""country_opportunity"": 0.25, ""friendliness"": 0.15, ""labor_demand"": 0.15, ""program_fit"": 0.45}, ""balanced"": {""country_opportunity"": 0.3, ""friendliness"": 0.2, ""labor_demand"": 0.3, ""program_fit"": 0.2}, ""labor_market"": {""country_opportunity"": 0.2, ""friendliness"": 0.15, ""labor_demand"": 0.45, ""program_fit"": 0.2}, ""recruitment"": {""country_opportunity"": 0.4, ""friendliness"": 0.3, ""labor_demand"": 0.1, ""program_fit"": 0.2}}",uncertainty_adjusted_management_priority_index_not_predicted_student_count,not_identified_ex_ante,,,,"incremental qualified applications, offers and enrolments attributable to the recruitment intervention",requires_prospective_campaign_evaluation,24,pre_registered_country_program_campaign_with_matched_comparison_or_stepped_wedge_rollout,qualified_leads;applications;offers;enrolments;yield;cost_per_enrolment,regularized_relative_demand_signal_from_overlapping_queries_not_unique_vacancies,ppml_russia_inbound_structural_allocation_v3;friendliness_receptivity_ex_ante_v3;trudvsem_program_demand_v4;mgimo_program_profiles,calculated_uncertainty_aware_scenario_ensemble,targeted_digital_campaign_with_local_partner_validation,175,168.0,171.0,175.0,232.0,168.0,232.0,64.0
country_program_priority_evidence_v4,TGO,Togo,Sub-Saharan Africa,languages_regional,languages_regional,Иностранные языки и регионоведение,english_plus_russian_preparatory_year_plus_target_region_language,No broad Russian or English functional-language signal is available in CLDR.,27.54025528774936,27.54025528774936,-21.434754805039717,21.559190490696373,102.7599583186691,0.7766666666666666,0.0,66.0,2023,81.65433936165209,81.65433936165209,54.11408407390273,48.06569520962609,37.33102327947626,0.0,66.57827509124455,point_score multiplied by probability of positive structural gap,63.080246193426106,35.5802461934261,90.5802461934261,0.45,limited,False,21.19686943313611,"{""diplomatic_analytic"": 0.2090227586663389, ""economic_legal"": 0.2237524369914499}",calculated_from_existing_mgimo_country_profile_scores,90.84379582436037,85.35385228314937,94.68543083289845,2,1,49.007424254034085,43.319094595914095,54.453788611961926,36.54799916260162,46.163259424974086,46.163259424974086,36.54799916260162,54.453788611961926,36.54799916260162,54.453788611961926,17.905789449360306,8.463288208204107,65.54646591349162,57.08317770528751,C_monitor_and_test,"{""academic_fit"": 36.54799916260162, ""balanced"": 49.007424254034085, ""labor_market"": 54.453788611961926, ""recruitment"": 43.319094595914095}","{""academic_fit"": 13.379477533467462, ""balanced"": 14.403592016691114, ""labor_market"": 23.48284641488531, ""recruitment"": 8.463288208204107}","{""academic_fit"": 44.70528034449346, ""balanced"": 63.167430145921266, ""labor_market"": 65.54646591349162, ""recruitment"": 60.74141941106564}","{""academic_fit"": {""country_opportunity"": 0.25, ""friendliness"": 0.15, ""labor_demand"": 0.15, ""program_fit"": 0.45}, ""balanced"": {""country_opportunity"": 0.3, ""friendliness"": 0.2, ""labor_demand"": 0.3, ""program_fit"": 0.2}, ""labor_market"": {""country_opportunity"": 0.2, ""friendliness"": 0.15, ""labor_demand"": 0.45, ""program_fit"": 0.2}, ""recruitment"": {""country_opportunity"": 0.4, ""friendliness"": 0.3, ""labor_demand"": 0.1, ""program_fit"": 0.2}}",uncertainty_adjusted_management_priority_index_not_predicted_student_count,not_identified_ex_ante,,,,"incremental qualified applications, offers and enrolments attributable to the recruitment intervention",requires_prospective_campaign_evaluation,24,pre_registered_country_program_campaign_with_matched_comparison_or_stepped_wedge_rollout,qualified_leads;applications;offers;enrolments;yield;cost_per_enrolment,regularized_relative_demand_signal_from_overlapping_queries_not_unique_vacancies,ppml_russia_inbound_structural_allocation_v3;friendliness_receptivity_ex_ante_v3;trudvsem_program_demand_v4;mgimo_program_profiles,calculated_uncertainty_aware_scenario_ensemble,employer_linked_program_campaign_and_case_competitions,176,159.0,227.0,138.0,191.0,138.0,227.0,89.0
country_program_priority_evidence_v4,PNG,Papua New Guinea,East Asia & Pacific,digital_analytics,digital_analytics,Цифровая аналитика и Data/AI,english_with_optional_russian_preparatory_module,CLDR indicates a material functional English-language environment.,25.183200459503766,25.183200459503766,2.443868362542755,21.851276343177602,137.80922318967646,0.9983333333333333,0.0,0.0,2023,26.80631140168923,26.80631140168923,1.6231109421854624,46.82942086685528,46.75137183207718,17.735666735589938,70.75218696096665,point_score multiplied by probability of positive structural gap,58.32402005653885,30.82402005653885,85.82402005653886,0.45,limited,False,25.168262238483624,"{""digital_finance_business_informatics"": 0.2393874345920396, ""economic_legal"": 0.3008633735560228}",calculated_from_existing_mgimo_country_profile_scores,57.83576220146514,37.1936785476967,76.96065573742321,3,0,46.60879644626401,45.68369825448229,47.572281732077414,38.44630265592636,46.146247350373145,46.146247350373145,38.44630265592636,47.572281732077414,38.44630265592636,47.572281732077414,9.125979076151054,24.964732946236598,62.02125964574482,37.056526699508225,C_monitor_and_test,"{""academic_fit"": 38.44630265592636, ""balanced"": 46.60879644626401, ""labor_market"": 47.572281732077414, ""recruitment"": 45.68369825448229}","{""academic_fit"": 25.975061894875168, ""balanced"": 27.301267054804747, ""labor_market"": 29.58536006736955, ""recruitment"": 24.964732946236598}","{""academic_fit"": 47.01250746783714, ""balanced"": 61.84075294894066, ""labor_market"": 62.02125964574482, ""recruitment"": 61.993645475636626}","{""academic_fit"": {""country_opportunity"": 0.25, ""friendliness"": 0.15, ""labor_demand"": 0.15, ""program_fit"": 0.45}, ""balanced"": {""country_opportunity"": 0.3, ""friendliness"": 0.2, ""labor_demand"": 0.3, ""program_fit"": 0.2}, ""labor_market"": {""country_opportunity"": 0.2, ""friendliness"": 0.15, ""labor_demand"": 0.45, ""program_fit"": 0.2}, ""recruitment"": {""country_opportunity"": 0.4, ""friendliness"": 0.3, ""labor_demand"": 0.1, ""program_fit"": 0.2}}",uncertainty_adjusted_management_priority_index_not_predicted_student_count,not_identified_ex_ante,,,,"incremental qualified applications, offers and enrolments attributable to the recruitment intervention",requires_prospective_campaign_evaluation,24,pre_registered_country_program_campaign_with_matched_comparison_or_stepped_wedge_rollout,qualified_leads;applications;offers;enrolments;yield;cost_per_enrolment,regularized_relative_demand_signal_from_overlapping_queries_not_unique_vacancies,ppml_russia_inbound_structural_allocation_v3;friendliness_receptivity_ex_ante_v3;trudvsem_program_demand_v4;mgimo_program_profiles,calculated_uncertainty_aware_scenario_ensemble,targeted_digital_campaign_with_local_partner_validation,177,174.0,196.0,171.0,175.0,171.0,196.0,25.0
country_program_priority_evidence_v4,BIH,Bosnia and Herzegovina,Europe & Central Asia,international_economics,international_economics,Международная экономика и ВЭД,english_with_optional_russian_preparatory_module,CLDR indicates a material functional English-language environment.,476.02545396448784,476.02545396448784,100.21274267780932,430.9251875292698,1327.387180204779,1.0,0.6616666666666666,74.0,2023,545.5627494733623,545.5627494733623,69.53729550887442,88.45736179088952,88.45736179088952,66.22178952691061,100.0,point_score multiplied by probability of positive structural gap,59.629219773256196,32.129219773256196,87.12921977325621,0.45,limited,False,45.57082058851057,"{""economic_legal"": 0.4641741250007679, ""energy_logistics"": 0.4303104485381194}",calculated_from_existing_mgimo_country_profile_scores,16.030923181431294,9.076141467743279,25.775050153533456,2,0,43.72140231701746,58.59711733489623,34.76034705999137,48.564835703049404,46.14311901003343,46.14311901003343,34.76034705999137,58.59711733489623,34.76034705999137,58.59711733489623,23.836770274904865,23.6765006512347,72.0010716899801,48.32457103874539,C_monitor_and_test,"{""academic_fit"": 48.564835703049404, ""balanced"": 43.72140231701746, ""labor_market"": 34.76034705999137, ""recruitment"": 58.59711733489623}","{""academic_fit"": 38.17097154521867, ""balanced"": 30.379802326290566, ""labor_market"": 23.6765006512347, ""recruitment"": 41.37120972701162}","{""academic_fit"": 56.66798275439564, ""balanced"": 55.968141961344905, ""labor_market"": 46.17557367077695, ""recruitment"": 72.0010716899801}","{""academic_fit"": {""country_opportunity"": 0.25, ""friendliness"": 0.15, ""labor_demand"": 0.15, ""program_fit"": 0.45}, ""balanced"": {""country_opportunity"": 0.3, ""friendliness"": 0.2, ""labor_demand"": 0.3, ""program_fit"": 0.2}, ""labor_market"": {""country_opportunity"": 0.2, ""friendliness"": 0.15, ""labor_demand"": 0.45, ""program_fit"": 0.2}, ""recruitment"": {""country_opportunity"": 0.4, ""friendliness"": 0.3, ""labor_demand"": 0.1, ""program_fit"": 0.2}}",uncertainty_adjusted_management_priority_index_not_predicted_student_count,not_identified_ex_ante,,,,"incremental qualified applications, offers and enrolments attributable to the recruitment intervention",requires_prospective_campaign_evaluation,24,pre_registered_country_program_campaign_with_matched_comparison_or_stepped_wedge_rollout,qualified_leads;applications;offers;enrolments;yield;cost_per_enrolment,regularized_relative_demand_signal_from_overlapping_queries_not_unique_vacancies,ppml_russia_inbound_structural_allocation_v3;friendliness_receptivity_ex_ante_v3;trudvsem_program_demand_v4;mgimo_program_profiles,calculated_uncertainty_aware_scenario_ensemble,targeted_digital_campaign_with_local_partner_validation,178,188.0,86.0,192.0,100.0,86.0,192.0,106.0
country_program_priority_evidence_v4,TUR,Türkiye,Europe & Central Asia,international_economics,international_economics,Международная экономика и ВЭД,english_plus_russian_preparatory_year,No broad Russian or English functional-language signal is available in CLDR.,6271.814851981322,6271.814851981322,2042.3232068749053,5788.136878229314,13356.513997275884,1.0,0.9983333333333333,911.0,2023,7040.885969507942,7040.885969507942,769.0711175266194,100.0,100.0,100.0,100.0,point_score multiplied by probability of positive structural gap,62.29229519979871,34.7922951997987,89.7922951997987,0.45,limited,False,39.76507692893148,"{""economic_legal"": 0.4342788573486635, ""energy_logistics"": 0.2877665051112688}",calculated_from_existing_mgimo_country_profile_scores,16.030923181431294,9.076141467743279,25.775050153533456,2,0,44.532217097113865,60.67278096377221,34.90280786143525,47.454460977170385,45.99333903714212,45.99333903714212,34.90280786143525,60.67278096377221,34.90280786143525,60.67278096377221,25.769973102336962,25.3017990303902,70.7379641827959,45.43616515240571,C_monitor_and_test,"{""academic_fit"": 47.454460977170385, ""balanced"": 44.532217097113865, ""labor_market"": 34.90280786143525, ""recruitment"": 60.67278096377221}","{""academic_fit"": 40.267184092961735, ""balanced"": 33.94523958144173, ""labor_market"": 25.3017990303902, ""recruitment"": 48.52115376162801}","{""academic_fit"": 53.6112067107131, ""balanced"": 54.82284616893982, ""labor_market"": 45.16339024579346, ""recruitment"": 70.7379641827959}","{""academic_fit"": {""country_opportunity"": 0.25, ""friendliness"": 0.15, ""labor_demand"": 0.15, ""program_fit"": 0.45}, ""balanced"": {""country_opportunity"": 0.3, ""friendliness"": 0.2, ""labor_demand"": 0.3, ""program_fit"": 0.2}, ""labor_market"": {""country_opportunity"": 0.2, ""friendliness"": 0.15, ""labor_demand"": 0.45, ""program_fit"": 0.2}, ""recruitment"": {""country_opportunity"": 0.4, ""friendliness"": 0.3, ""labor_demand"": 0.1, ""program_fit"": 0.2}}",uncertainty_adjusted_management_priority_index_not_predicted_student_count,not_identified_ex_ante,,,,"incremental qualified applications, offers and enrolments attributable to the recruitment intervention",requires_prospective_campaign_evaluation,24,pre_registered_country_program_campaign_with_matched_comparison_or_stepped_wedge_rollout,qualified_leads;applications;offers;enrolments;yield;cost_per_enrolment,regularized_relative_demand_signal_from_overlapping_queries_not_unique_vacancies,ppml_russia_inbound_structural_allocation_v3;friendliness_receptivity_ex_ante_v3;trudvsem_program_demand_v4;mgimo_program_profiles,calculated_uncertainty_aware_scenario_ensemble,targeted_digital_campaign_with_local_partner_validation,179,183.0,72.0,191.0,110.0,72.0,191.0,119.0
country_program_priority_evidence_v4,KEN,Kenya,Sub-Saharan Africa,digital_analytics,digital_analytics,Цифровая аналитика и Data/AI,english_with_optional_russian_preparatory_module,CLDR indicates a material functional English-language environment.,57.95554402040611,57.95554402040611,-105.13678389310432,49.25463425603044,369.53835592208605,0.6566666666666666,0.0,169.0,2023,255.7427077748814,255.7427077748814,197.7871637544753,58.47060294014146,38.39569593069289,0.0,84.83430276480973,point_score multiplied by probability of positive structural gap,61.338628797860984,43.83862879786099,78.83862879786099,0.65,moderate,True,32.775340194297634,"{""digital_finance_business_informatics"": 0.3383481533737582, ""economic_legal"": 0.285374396219849}",calculated_from_existing_mgimo_country_profile_scores,57.83576220146514,37.1936785476967,76.96065573742321,3,0,46.76027643218359,45.18241032598773,48.53337996890189,41.40668802633458,45.97134337908566,45.97134337908566,41.40668802633458,48.53337996890189,41.40668802633458,48.53337996890189,7.126691942567312,9.017650898543684,68.34620349003447,59.328552591490784,C_monitor_and_test,"{""academic_fit"": 41.40668802633458, ""balanced"": 46.76027643218359, ""labor_market"": 48.53337996890189, ""recruitment"": 45.18241032598773}","{""academic_fit"": 14.74331271800591, ""balanced"": 12.773987410879586, ""labor_market"": 18.240745792384487, ""recruitment"": 9.017650898543684}","{""academic_fit"": 54.459921310730785, ""balanced"": 67.53083141740926, ""labor_market"": 66.80464758573703, ""recruitment"": 68.34620349003447}","{""academic_fit"": {""country_opportunity"": 0.25, ""friendliness"": 0.15, ""labor_demand"": 0.15, ""program_fit"": 0.45}, ""balanced"": {""country_opportunity"": 0.3, ""friendliness"": 0.2, ""labor_demand"": 0.3, ""program_fit"": 0.2}, ""labor_market"": {""country_opportunity"": 0.2, ""friendliness"": 0.15, ""labor_demand"": 0.45, ""program_fit"": 0.2}, ""recruitment"": {""country_opportunity"": 0.4, ""friendliness"": 0.3, ""labor_demand"": 0.1, ""program_fit"": 0.2}}",uncertainty_adjusted_management_priority_index_not_predicted_student_count,not_identified_ex_ante,,,,"incremental qualified applications, offers and enrolments attributable to the recruitment intervention",requires_prospective_campaign_evaluation,24,pre_registered_country_program_campaign_with_matched_comparison_or_stepped_wedge_rollout,qualified_leads;applications;offers;enrolments;yield;cost_per_enrolment,regularized_relative_demand_signal_from_overlapping_queries_not_unique_vacancies,ppml_russia_inbound_structural_allocation_v3;friendliness_receptivity_ex_ante_v3;trudvsem_program_demand_v4;mgimo_program_profiles,calculated_uncertainty_aware_scenario_ensemble,targeted_digital_campaign_with_local_partner_validation,180,170.0,205.0,166.0,146.0,146.0,205.0,59.0
country_program_priority_evidence_v4,AZE,Azerbaijan,Europe & Central Asia,international_economics,international_economics,Международная экономика и ВЭД,english_plus_russian_preparatory_year,No broad Russian or English functional-language signal is available in CLDR.,15116.55996574624,15116.55996574624,8152.10522003389,13587.33892593225,18211.214328846352,1.0,1.0,5965.0,2023,22566.206974708322,22566.206974708322,7449.6470089620825,100.0,100.0,100.0,100.0,point_score multiplied by probability of positive structural gap,65.98981332659201,38.489813326592014,93.48981332659201,0.45,limited,False,38.08209914077158,"{""economic_legal"": 0.3640387582139859, ""energy_logistics"": 0.4311676909889055}",calculated_from_existing_mgimo_country_profile_scores,16.030923181431294,9.076141467743279,25.775050153533456,2,0,44.662581869553556,61.19686877670165,34.90575033523418,46.96086201642722,45.81172194299039,45.81172194299039,34.90575033523418,61.19686877670165,34.90575033523418,61.19686877670165,26.291118441467468,25.462066897545704,70.98903601029785,45.52696911275215,C_monitor_and_test,"{""academic_fit"": 46.96086201642722, ""balanced"": 44.662581869553556, ""labor_market"": 34.90575033523418, ""recruitment"": 61.19686877670165}","{""academic_fit"": 40.09737268970153, ""balanced"": 34.328585421630734, ""labor_market"": 25.462066897545704, ""recruitment"": 49.55388424504998}","{""academic_fit"": 52.919570310675354, ""balanced"": 54.79825145110091, ""labor_market"": 45.05311854288877, ""recruitment"": 70.98903601029785}","{""academic_fit"": {""country_opportunity"": 0.25, ""friendliness"": 0.15, ""labor_demand"": 0.15, ""program_fit"": 0.45}, ""balanced"": {""country_opportunity"": 0.3, ""friendliness"": 0.2, ""labor_demand"": 0.3, ""program_fit"": 0.2}, ""labor_market"": {""country_opportunity"": 0.2, ""friendliness"": 0.15, ""labor_demand"": 0.45, ""program_fit"": 0.2}, ""recruitment"": {""country_opportunity"": 0.4, ""friendliness"": 0.3, ""labor_demand"": 0.1, ""program_fit"": 0.2}}",uncertainty_adjusted_management_priority_index_not_predicted_student_count,not_identified_ex_ante,,,,"incremental qualified applications, offers and enrolments attributable to the recruitment intervention",requires_prospective_campaign_evaluation,24,pre_registered_country_program_campaign_with_matched_comparison_or_stepped_wedge_rollout,qualified_leads;applications;offers;enrolments;yield;cost_per_enrolment,regularized_relative_demand_signal_from_overlapping_queries_not_unique_vacancies,ppml_russia_inbound_structural_allocation_v3;friendliness_receptivity_ex_ante_v3;trudvsem_program_demand_v4;mgimo_program_profiles,calculated_uncertainty_aware_scenario_ensemble,digital_recruitment_scholarship_and_olympiad,181,180.0,71.0,190.0,115.0,71.0,190.0,119.0
country_program_priority_evidence_v4,PHL,Philippines,East Asia & Pacific,international_economics,international_economics,Международная экономика и ВЭД,english_with_optional_russian_preparatory_module,CLDR indicates a material functional English-language environment.,484.6717004001166,484.6717004001166,143.8475030575797,449.92736014501145,1267.60317230366,1.0,0.835,17.0,2023,506.4046398544305,506.4046398544305,21.732939454313914,88.71499361028283,88.71499361028283,71.3628978535519,100.0,point_score multiplied by probability of positive structural gap,63.19143211840076,35.691432118400755,90.69143211840075,0.45,limited,False,42.988507569781525,"{""economic_legal"": 0.4269975819619459, ""energy_logistics"": 0.4385475569054232}",calculated_from_existing_mgimo_country_profile_scores,16.030923181431294,9.076141467743279,25.775050153533456,2,0,43.759550363700804,59.00100678455852,34.68152797783296,47.77545419440596,45.76750227905338,45.76750227905338,34.68152797783296,59.00100678455852,34.68152797783296,59.00100678455852,24.319478806725563,24.12219237386969,72.03551698129156,47.91332460742187,C_monitor_and_test,"{""academic_fit"": 47.77545419440596, ""balanced"": 43.759550363700804, ""labor_market"": 34.68152797783296, ""recruitment"": 59.00100678455852}","{""academic_fit"": 38.480358029417246, ""balanced"": 31.340250712934708, ""labor_market"": 24.12219237386969, ""recruitment"": 43.43618522986388}","{""academic_fit"": 55.56105446917482, ""balanced"": 55.77347739566301, ""labor_market"": 45.92389250819507, ""recruitment"": 72.03551698129156}","{""academic_fit"": {""country_opportunity"": 0.25, ""friendliness"": 0.15, ""labor_demand"": 0.15, ""program_fit"": 0.45}, ""balanced"": {""country_opportunity"": 0.3, ""friendliness"": 0.2, ""labor_demand"": 0.3, ""program_fit"": 0.2}, ""labor_market"": {""country_opportunity"": 0.2, ""friendliness"": 0.15, ""labor_demand"": 0.45, ""program_fit"": 0.2}, ""recruitment"": {""country_opportunity"": 0.4, ""friendliness"": 0.3, ""labor_demand"": 0.1, ""program_fit"": 0.2}}",uncertainty_adjusted_management_priority_index_not_predicted_student_count,not_identified_ex_ante,,,,"incremental qualified applications, offers and enrolments attributable to the recruitment intervention",requires_prospective_campaign_evaluation,24,pre_registered_country_program_campaign_with_matched_comparison_or_stepped_wedge_rollout,qualified_leads;applications;offers;enrolments;yield;cost_per_enrolment,regularized_relative_demand_signal_from_overlapping_queries_not_unique_vacancies,ppml_russia_inbound_structural_allocation_v3;friendliness_receptivity_ex_ante_v3;trudvsem_program_demand_v4;mgimo_program_profiles,calculated_uncertainty_aware_scenario_ensemble,targeted_digital_campaign_with_local_partner_validation,182,187.0,85.0,193.0,106.0,85.0,193.0,108.0
country_program_priority_evidence_v4,WSM,Samoa,East Asia & Pacific,digital_analytics,digital_analytics,Цифровая аналитика и Data/AI,english_with_optional_russian_preparatory_module,CLDR indicates a material functional English-language environment.,8.188233849857886,8.188233849857886,1.1029210424256626,7.513847497798567,45.765539041974925,1.0,0.0,0.0,2023,8.286487221812092,8.286487221812092,0.09825337195420498,31.810208406227137,31.810208406227137,10.661050944931748,55.148385975815806,point_score multiplied by probability of positive structural gap,60.79980050541498,33.299800505414986,88.29980050541499,0.45,limited,False,43.26977924542791,"{""digital_finance_business_informatics"": 0.41469915300701, ""economic_legal"": 0.5046923502433557}",calculated_from_existing_mgimo_country_profile_scores,57.83576220146514,37.1936785476967,76.96065573742321,3,0,46.64366032478669,44.21442214430475,49.327440233949666,44.61937188906081,45.63151610692375,45.63151610692375,44.21442214430475,49.327440233949666,44.21442214430475,49.327440233949666,5.1130180896449176,23.462906052517678,65.87780094602874,42.41489489351106,C_monitor_and_test,"{""academic_fit"": 44.61937188906081, ""balanced"": 46.64366032478669, ""labor_market"": 49.327440233949666, ""recruitment"": 44.21442214430475}","{""academic_fit"": 29.559958646102075, ""balanced"": 26.704052348727252, ""labor_market"": 30.22995808477034, ""recruitment"": 23.462906052517678}","{""academic_fit"": 56.25616871751858, ""balanced"": 64.18507059968218, ""labor_market"": 65.87780094602874, ""recruitment"": 62.961882292043114}","{""academic_fit"": {""country_opportunity"": 0.25, ""friendliness"": 0.15, ""labor_demand"": 0.15, ""program_fit"": 0.45}, ""balanced"": {""country_opportunity"": 0.3, ""friendliness"": 0.2, ""labor_demand"": 0.3, ""program_fit"": 0.2}, ""labor_market"": {""country_opportunity"": 0.2, ""friendliness"": 0.15, ""labor_demand"": 0.45, ""program_fit"": 0.2}, ""recruitment"": {""country_opportunity"": 0.4, ""friendliness"": 0.3, ""labor_demand"": 0.1, ""program_fit"": 0.2}}",uncertainty_adjusted_management_priority_index_not_predicted_student_count,not_identified_ex_ante,,,,"incremental qualified applications, offers and enrolments attributable to the recruitment intervention",requires_prospective_campaign_evaluation,24,pre_registered_country_program_campaign_with_matched_comparison_or_stepped_wedge_rollout,qualified_leads;applications;offers;enrolments;yield;cost_per_enrolment,regularized_relative_demand_signal_from_overlapping_queries_not_unique_vacancies,ppml_russia_inbound_structural_allocation_v3;friendliness_receptivity_ex_ante_v3;trudvsem_program_demand_v4;mgimo_program_profiles,calculated_uncertainty_aware_scenario_ensemble,targeted_digital_campaign_with_local_partner_validation,183,173.0,217.0,164.0,132.0,132.0,217.0,85.0
country_program_priority_evidence_v4,TGO,Togo,Sub-Saharan Africa,digital_analytics,digital_analytics,Цифровая аналитика и Data/AI,english_plus_russian_preparatory_year,No broad Russian or English functional-language signal is available in CLDR.,27.54025528774936,27.54025528774936,-21.434754805039717,21.559190490696373,102.7599583186691,0.7766666666666666,0.0,66.0,2023,81.65433936165209,81.65433936165209,54.11408407390273,48.06569520962609,37.33102327947626,0.0,66.57827509124455,point_score multiplied by probability of positive structural gap,63.080246193426106,35.5802461934261,90.5802461934261,0.45,limited,False,31.417447498881014,"{""digital_finance_business_informatics"": 0.3367799844881502, ""economic_legal"": 0.2237524369914499}",calculated_from_existing_mgimo_country_profile_scores,57.83576220146514,37.1936785476967,76.96065573742321,3,0,46.25266519675265,44.69263335159546,48.07194793590009,40.53885985899448,45.47264927417406,45.47264927417406,40.53885985899448,48.07194793590009,40.53885985899448,48.07194793590009,7.533088076905614,8.414097216018984,64.47777589568425,56.06367867966526,C_monitor_and_test,"{""academic_fit"": 40.53885985899448, ""balanced"": 46.25266519675265, ""labor_market"": 48.07194793590009, ""recruitment"": 44.69263335159546}","{""academic_fit"": 14.03830941582544, ""balanced"": 12.164133024025595, ""labor_market"": 17.547593005185764, ""recruitment"": 8.414097216018984}","{""academic_fit"": 51.40820766984796, ""balanced"": 64.076609906245, ""labor_market"": 64.47777589568425, ""recruitment"": 64.19265238833933}","{""academic_fit"": {""country_opportunity"": 0.25, ""friendliness"": 0.15, ""labor_demand"": 0.15, ""program_fit"": 0.45}, ""balanced"": {""country_opportunity"": 0.3, ""friendliness"": 0.2, ""labor_demand"": 0.3, ""program_fit"": 0.2}, ""labor_market"": {""country_opportunity"": 0.2, ""friendliness"": 0.15, ""labor_demand"": 0.45, ""program_fit"": 0.2}, ""recruitment"": {""country_opportunity"": 0.4, ""friendliness"": 0.3, ""labor_demand"": 0.1, ""program_fit"": 0.2}}",uncertainty_adjusted_management_priority_index_not_predicted_student_count,not_identified_ex_ante,,,,"incremental qualified applications, offers and enrolments attributable to the recruitment intervention",requires_prospective_campaign_evaluation,24,pre_registered_country_program_campaign_with_matched_comparison_or_stepped_wedge_rollout,qualified_leads;applications;offers;enrolments;yield;cost_per_enrolment,regularized_relative_demand_signal_from_overlapping_queries_not_unique_vacancies,ppml_russia_inbound_structural_allocation_v3;friendliness_receptivity_ex_ante_v3;trudvsem_program_demand_v4;mgimo_program_profiles,calculated_uncertainty_aware_scenario_ensemble,targeted_digital_campaign_with_local_partner_validation,184,176.0,211.0,169.0,155.0,155.0,211.0,56.0
country_program_priority_evidence_v4,PRK,"Korea, Democratic People's Republic of",East Asia & Pacific,international_economics,international_economics,Международная экономика и ВЭД,english_plus_russian_preparatory_year,No broad Russian or English functional-language signal is available in CLDR.,1024.2065489485078,1024.2065489485078,-0.7712516888885251,905.3765112032339,5975.747172344155,0.9733333333333334,0.8183333333333334,136.0,2023,1150.3121619755332,1150.3121619755332,126.10561302702531,99.43038981322665,96.77891275154062,0.0,100.0,point_score multiplied by probability of positive structural gap,70.01277546029631,42.51277546029631,97.51277546029631,0.45,limited,False,35.34484957403892,"{""economic_legal"": 0.3191664799966621, ""energy_logistics"": 0.4562945429715703}",calculated_from_existing_mgimo_country_profile_scores,16.030923181431294,9.076141467743279,25.775050153533456,2,0,44.104156132283606,60.58847869013274,34.48052745520405,45.48052013190939,44.792338132096496,44.792338132096496,34.48052745520405,60.58847869013274,34.48052745520405,60.58847869013274,26.10795123492869,7.937462064464111,70.8461976870298,62.908735622565686,C_monitor_and_test,"{""academic_fit"": 45.48052013190939, ""balanced"": 44.104156132283606, ""labor_market"": 34.48052745520405, ""recruitment"": 60.58847869013274}","{""academic_fit"": 12.421229228610772, ""balanced"": 8.639305574358342, ""labor_market"": 10.116776008126056, ""recruitment"": 7.937462064464111}","{""academic_fit"": 51.53967681313362, ""balanced"": 54.46044834872987, ""labor_market"": 44.682142697731045, ""recruitment"": 70.8461976870298}","{""academic_fit"": {""country_opportunity"": 0.25, ""friendliness"": 0.15, ""labor_demand"": 0.15, ""program_fit"": 0.45}, ""balanced"": {""country_opportunity"": 0.3, ""friendliness"": 0.2, ""labor_demand"": 0.3, ""program_fit"": 0.2}, ""labor_market"": {""country_opportunity"": 0.2, ""friendliness"": 0.15, ""labor_demand"": 0.45, ""program_fit"": 0.2}, ""recruitment"": {""country_opportunity"": 0.4, ""friendliness"": 0.3, ""labor_demand"": 0.1, ""program_fit"": 0.2}}",uncertainty_adjusted_management_priority_index_not_predicted_student_count,not_identified_ex_ante,,,,"incremental qualified applications, offers and enrolments attributable to the recruitment intervention",requires_prospective_campaign_evaluation,24,pre_registered_country_program_campaign_with_matched_comparison_or_stepped_wedge_rollout,qualified_leads;applications;offers;enrolments;yield;cost_per_enrolment,regularized_relative_demand_signal_from_overlapping_queries_not_unique_vacancies,ppml_russia_inbound_structural_allocation_v3;friendliness_receptivity_ex_ante_v3;trudvsem_program_demand_v4;mgimo_program_profiles,calculated_uncertainty_aware_scenario_ensemble,digital_recruitment_scholarship_and_olympiad,185,185.0,74.0,194.0,127.0,74.0,194.0,120.0
country_program_priority_evidence_v4,TCD,Chad,Sub-Saharan Africa,digital_analytics,digital_analytics,Цифровая аналитика и Data/AI,english_plus_russian_preparatory_year,No broad Russian or English functional-language signal is available in CLDR.,249.21689641807836,249.21689641807836,-179.25725322112535,239.29088126939223,1145.3485649413915,0.8116666666666666,0.3416666666666667,411.0,2023,624.4313090311822,624.4313090311822,375.21441261310383,79.20308789517168,64.286506341581,0.0,100.0,point_score multiplied by probability of positive structural gap,63.776472473292976,36.276472473292976,91.27647247329298,0.45,limited,False,11.019553167178277,"{""digital_finance_business_informatics"": 0.1237002389393255, ""economic_legal"": 0.0561767026016118}",calculated_from_existing_mgimo_country_profile_scores,57.83576220146514,37.1936785476967,76.96065573742321,3,0,44.594283807598934,45.49618581218879,43.92099735391524,29.681991093763145,44.257640580757084,44.257640580757084,29.681991093763145,45.49618581218879,29.681991093763145,45.49618581218879,15.814194718425647,6.938824159853481,61.95832720460547,55.019503044751985,C_monitor_and_test,"{""academic_fit"": 29.681991093763145, ""balanced"": 44.594283807598934, ""labor_market"": 43.92099735391524, ""recruitment"": 45.49618581218879}","{""academic_fit"": 9.008289111391466, ""balanced"": 10.012457805852545, ""labor_market"": 14.430044879414936, ""recruitment"": 6.938824159853481}","{""academic_fit"": 36.412767243783534, ""balanced"": 59.365420004791616, ""labor_market"": 57.36251452438965, ""recruitment"": 61.95832720460547}","{""academic_fit"": {""country_opportunity"": 0.25, ""friendliness"": 0.15, ""labor_demand"": 0.15, ""program_fit"": 0.45}, ""balanced"": {""country_opportunity"": 0.3, ""friendliness"": 0.2, ""labor_demand"": 0.3, ""program_fit"": 0.2}, ""labor_market"": {""country_opportunity"": 0.2, ""friendliness"": 0.15, ""labor_demand"": 0.45, ""program_fit"": 0.2}, ""recruitment"": {""country_opportunity"": 0.4, ""friendliness"": 0.3, ""labor_demand"": 0.1, ""program_fit"": 0.2}}",uncertainty_adjusted_management_priority_index_not_predicted_student_count,not_identified_ex_ante,,,,"incremental qualified applications, offers and enrolments attributable to the recruitment intervention",requires_prospective_campaign_evaluation,24,pre_registered_country_program_campaign_with_matched_comparison_or_stepped_wedge_rollout,qualified_leads;applications;offers;enrolments;yield;cost_per_enrolment,regularized_relative_demand_signal_from_overlapping_queries_not_unique_vacancies,ppml_russia_inbound_structural_allocation_v3;friendliness_receptivity_ex_ante_v3;trudvsem_program_demand_v4;mgimo_program_profiles,calculated_uncertainty_aware_scenario_ensemble,targeted_digital_campaign_with_local_partner_validation,186,182.0,201.0,178.0,243.0,178.0,243.0,65.0
country_program_priority_evidence_v4,BRN,Brunei Darussalam,East Asia & Pacific,international_economics,international_economics,Международная экономика и ВЭД,english_plus_russian_preparatory_year,No broad Russian or English functional-language signal is available in CLDR.,27.68292137188877,27.68292137188877,1.6687296160728595,24.97722746958047,147.35972419963497,0.9916666666666667,0.0,5.0,2023,30.898809810727528,30.898809810727528,3.2158884388387574,48.13721061073633,47.7360671889802,14.078474158191256,71.70651739694688,point_score multiplied by probability of positive structural gap,63.74656018971629,36.24656018971629,91.24656018971629,0.45,limited,False,62.485027355216125,"{""economic_legal"": 0.6246512907093391, ""energy_logistics"": 0.625447222080628}",calculated_from_existing_mgimo_country_profile_scores,16.030923181431294,9.076141467743279,25.775050153533456,2,0,39.28102661912064,49.870291842475844,33.07673814186799,48.44082933074565,43.86092797493315,43.86092797493315,33.07673814186799,49.870291842475844,33.07673814186799,49.870291842475844,16.793553700607852,19.01208330597877,68.09266141192568,49.080578105946906,C_monitor_and_test,"{""academic_fit"": 48.44082933074565, ""balanced"": 39.28102661912064, ""labor_market"": 33.07673814186799, ""recruitment"": 49.870291842475844}","{""academic_fit"": 30.734569142021424, ""balanced"": 21.13127093096504, ""labor_market"": 19.01208330597877, ""recruitment"": 25.073278448539398}","{""academic_fit"": 60.419360314484294, ""balanced"": 54.449514943084964, ""labor_market"": 46.31788455122407, ""recruitment"": 68.09266141192568}","{""academic_fit"": {""country_opportunity"": 0.25, ""friendliness"": 0.15, ""labor_demand"": 0.15, ""program_fit"": 0.45}, ""balanced"": {""country_opportunity"": 0.3, ""friendliness"": 0.2, ""labor_demand"": 0.3, ""program_fit"": 0.2}, ""labor_market"": {""country_opportunity"": 0.2, ""friendliness"": 0.15, ""labor_demand"": 0.45, ""program_fit"": 0.2}, ""recruitment"": {""country_opportunity"": 0.4, ""friendliness"": 0.3, ""labor_demand"": 0.1, ""program_fit"": 0.2}}",uncertainty_adjusted_management_priority_index_not_predicted_student_count,not_identified_ex_ante,,,,"incremental qualified applications, offers and enrolments attributable to the recruitment intervention",requires_prospective_campaign_evaluation,24,pre_registered_country_program_campaign_with_matched_comparison_or_stepped_wedge_rollout,qualified_leads;applications;offers;enrolments;yield;cost_per_enrolment,regularized_relative_demand_signal_from_overlapping_queries_not_unique_vacancies,ppml_russia_inbound_structural_allocation_v3;friendliness_receptivity_ex_ante_v3;trudvsem_program_demand_v4;mgimo_program_profiles,calculated_uncertainty_aware_scenario_ensemble,targeted_digital_campaign_with_local_partner_validation,187,203.0,151.0,196.0,101.0,101.0,203.0,102.0
country_program_priority_evidence_v4,VUT,Vanuatu,East Asia & Pacific,management_public,management_public,Управление и государственная политика,english_with_optional_russian_preparatory_module,CLDR indicates a material functional English-language environment.,4.967309658328945,4.967309658328945,-0.10409060066543437,4.161207116498346,39.15077959959014,0.9616666666666667,0.0,1.0,2023,5.639762568074264,5.639762568074264,0.6724529097453192,25.619660815621298,24.637573817689148,0.0,52.961111844171505,point_score multiplied by probability of positive structural gap,61.771839752769495,34.271839752769495,89.2718397527695,0.45,limited,False,32.012078219096566,"{""diplomatic_analytic"": 0.3079983886154681, ""economic_legal"": 0.338304372554212}",calculated_from_existing_mgimo_country_profile_scores,95.82415369148119,86.55673351637238,99.07229069328204,2,3,47.57999157828933,39.89254990632142,55.53234102757371,39.70662110474664,43.73627074230538,43.73627074230538,39.70662110474664,55.53234102757371,39.70662110474664,55.53234102757371,15.82571992282707,9.075500566412174,69.07222559072837,59.99672502431619,C_monitor_and_test,"{""academic_fit"": 39.70662110474664, ""balanced"": 47.57999157828933, ""labor_market"": 55.53234102757371, ""recruitment"": 39.89254990632142}","{""academic_fit"": 15.94186272926782, ""balanced"": 15.544819628151627, ""labor_market"": 25.442378788516496, ""recruitment"": 9.075500566412174}","{""academic_fit"": 50.75531859823664, ""balanced"": 64.60142191799535, ""labor_market"": 69.07222559072837, ""recruitment"": 60.10943243416166}","{""academic_fit"": {""country_opportunity"": 0.25, ""friendliness"": 0.15, ""labor_demand"": 0.15, ""program_fit"": 0.45}, ""balanced"": {""country_opportunity"": 0.3, ""friendliness"": 0.2, ""labor_demand"": 0.3, ""program_fit"": 0.2}, ""labor_market"": {""country_opportunity"": 0.2, ""friendliness"": 0.15, ""labor_demand"": 0.45, ""program_fit"": 0.2}, ""recruitment"": {""country_opportunity"": 0.4, ""friendliness"": 0.3, ""labor_demand"": 0.1, ""program_fit"": 0.2}}",uncertainty_adjusted_management_priority_index_not_predicted_student_count,not_identified_ex_ante,,,,"incremental qualified applications, offers and enrolments attributable to the recruitment intervention",requires_prospective_campaign_evaluation,24,pre_registered_country_program_campaign_with_matched_comparison_or_stepped_wedge_rollout,qualified_leads;applications;offers;enrolments;yield;cost_per_enrolment,regularized_relative_demand_signal_from_overlapping_queries_not_unique_vacancies,ppml_russia_inbound_structural_allocation_v3;friendliness_receptivity_ex_ante_v3;trudvsem_program_demand_v4;mgimo_program_profiles,calculated_uncertainty_aware_scenario_ensemble,employer_linked_program_campaign_and_case_competitions,188,164.0,246.0,135.0,160.0,135.0,246.0,111.0
country_program_priority_evidence_v4,BTN,Bhutan,South Asia,international_economics,international_economics,Международная экономика и ВЭД,english_plus_russian_preparatory_year,No broad Russian or English functional-language signal is available in CLDR.,140.10751376544923,140.10751376544923,27.40457878184346,132.0229178729953,521.452014387838,1.0,0.06333333333333334,0.0,2023,140.10751376544923,140.10751376544923,0.0,70.98771126558162,70.98771126558162,47.99735110755962,89.76198788555648,point_score multiplied by probability of positive structural gap,63.21573955610894,35.715739556108936,90.71573955610894,0.45,limited,False,44.33373882987636,"{""economic_legal"": 0.4402058302836045, ""energy_logistics"": 0.4527320623442408}",calculated_from_existing_mgimo_country_profile_scores,16.030923181431294,9.076141467743279,25.775050153533456,2,0,41.2135664737376,54.360387751965824,33.39012277122054,45.83686027650591,43.52521337512175,43.52521337512175,33.39012277122054,54.360387751965824,33.39012277122054,54.360387751965824,20.970264980745284,22.449553703605794,69.44335979311923,46.993806089513434,C_monitor_and_test,"{""academic_fit"": 45.83686027650591, ""balanced"": 41.2135664737376, ""labor_market"": 33.39012277122054, ""recruitment"": 54.360387751965824}","{""academic_fit"": 35.38616102511667, ""balanced"": 28.05262120241869, ""labor_market"": 22.449553703605794, ""recruitment"": 37.39530540308613}","{""academic_fit"": 54.83659033166855, ""balanced"": 54.34279805639866, ""labor_market"": 45.22607998200734, ""recruitment"": 69.44335979311923}","{""academic_fit"": {""country_opportunity"": 0.25, ""friendliness"": 0.15, ""labor_demand"": 0.15, ""program_fit"": 0.45}, ""balanced"": {""country_opportunity"": 0.3, ""friendliness"": 0.2, ""labor_demand"": 0.3, ""program_fit"": 0.2}, ""labor_market"": {""country_opportunity"": 0.2, ""friendliness"": 0.15, ""labor_demand"": 0.45, ""program_fit"": 0.2}, ""recruitment"": {""country_opportunity"": 0.4, ""friendliness"": 0.3, ""labor_demand"": 0.1, ""program_fit"": 0.2}}",uncertainty_adjusted_management_priority_index_not_predicted_student_count,not_identified_ex_ante,,,,"incremental qualified applications, offers and enrolments attributable to the recruitment intervention",requires_prospective_campaign_evaluation,24,pre_registered_country_program_campaign_with_matched_comparison_or_stepped_wedge_rollout,qualified_leads;applications;offers;enrolments;yield;cost_per_enrolment,regularized_relative_demand_signal_from_overlapping_queries_not_unique_vacancies,ppml_russia_inbound_structural_allocation_v3;friendliness_receptivity_ex_ante_v3;trudvsem_program_demand_v4;mgimo_program_profiles,calculated_uncertainty_aware_scenario_ensemble,targeted_digital_campaign_with_local_partner_validation,189,194.0,114.0,195.0,125.0,114.0,195.0,81.0
country_program_priority_evidence_v4,VUT,Vanuatu,East Asia & Pacific,languages_regional,languages_regional,Иностранные языки и регионоведение,english_with_optional_russian_preparatory_module_plus_target_region_language,CLDR indicates a material functional English-language environment.,4.967309658328945,4.967309658328945,-0.10409060066543437,4.161207116498346,39.15077959959014,0.9616666666666667,0.0,1.0,2023,5.639762568074264,5.639762568074264,0.6724529097453192,25.619660815621298,24.637573817689148,0.0,52.961111844171505,point_score multiplied by probability of positive structural gap,61.771839752769495,34.271839752769495,89.2718397527695,0.45,limited,False,31.405958540321688,"{""diplomatic_analytic"": 0.3079983886154681, ""economic_legal"": 0.338304372554212}",calculated_from_existing_mgimo_country_profile_scores,90.84379582436037,85.35385228314937,94.68543083289845,2,1,46.658910813463486,39.53564330456164,54.02765711915599,39.06620744381007,43.09727705901256,43.09727705901256,39.06620744381007,54.02765711915599,39.06620744381007,54.02765711915599,14.961449675345918,9.029427309099054,67.44243469190548,58.41300738280642,C_monitor_and_test,"{""academic_fit"": 39.06620744381007, ""balanced"": 46.658910813463486, ""labor_market"": 54.02765711915599, ""recruitment"": 39.53564330456164}","{""academic_fit"": 15.77670456517571, ""balanced"": 15.423173285720654, ""labor_market"": 25.19095255301825, ""recruitment"": 9.029427309099054}","{""academic_fit"": 49.99651783085305, ""balanced"": 63.502682486562534, ""labor_market"": 67.44243469190548, ""recruitment"": 59.619211257724146}","{""academic_fit"": {""country_opportunity"": 0.25, ""friendliness"": 0.15, ""labor_demand"": 0.15, ""program_fit"": 0.45}, ""balanced"": {""country_opportunity"": 0.3, ""friendliness"": 0.2, ""labor_demand"": 0.3, ""program_fit"": 0.2}, ""labor_market"": {""country_opportunity"": 0.2, ""friendliness"": 0.15, ""labor_demand"": 0.45, ""program_fit"": 0.2}, ""recruitment"": {""country_opportunity"": 0.4, ""friendliness"": 0.3, ""labor_demand"": 0.1, ""program_fit"": 0.2}}",uncertainty_adjusted_management_priority_index_not_predicted_student_count,not_identified_ex_ante,,,,"incremental qualified applications, offers and enrolments attributable to the recruitment intervention",requires_prospective_campaign_evaluation,24,pre_registered_country_program_campaign_with_matched_comparison_or_stepped_wedge_rollout,qualified_leads;applications;offers;enrolments;yield;cost_per_enrolment,regularized_relative_demand_signal_from_overlapping_queries_not_unique_vacancies,ppml_russia_inbound_structural_allocation_v3;friendliness_receptivity_ex_ante_v3;trudvsem_program_demand_v4;mgimo_program_profiles,calculated_uncertainty_aware_scenario_ensemble,employer_linked_program_campaign_and_case_competitions,190,172.0,248.0,140.0,167.0,140.0,248.0,108.0
country_program_priority_evidence_v4,TCD,Chad,Sub-Saharan Africa,management_public,management_public,Управление и государственная политика,english_plus_russian_preparatory_year,No broad Russian or English functional-language signal is available in CLDR.,249.21689641807836,249.21689641807836,-179.25725322112535,239.29088126939223,1145.3485649413915,0.8116666666666666,0.3416666666666667,411.0,2023,624.4313090311822,624.4313090311822,375.21441261310383,79.20308789517168,64.286506341581,0.0,100.0,point_score multiplied by probability of positive structural gap,63.776472473292976,36.276472473292976,91.27647247329298,0.45,limited,False,4.629993047102682,"{""diplomatic_analytic"": 0.0397154157173035, ""economic_legal"": 0.0561767026016118}",calculated_from_existing_mgimo_country_profile_scores,95.82415369148119,86.55673351637238,99.07229069328204,2,3,44.494445441753065,41.089714968789856,47.22262742213152,22.73647691446639,42.79208020527146,42.79208020527146,22.73647691446639,47.22262742213152,22.73647691446639,47.22262742213152,24.486150507665126,6.477979887888194,55.15048661671672,48.67250672882852,C_monitor_and_test,"{""academic_fit"": 22.73647691446639, ""balanced"": 44.494445441753065, ""labor_market"": 47.22262742213152, ""recruitment"": 41.089714968789856}","{""academic_fit"": 7.252133937376877, ""balanced"": 11.034534700626633, ""labor_market"": 18.01049781508102, ""recruitment"": 6.477979887888194}","{""academic_fit"": 26.871891033584312, ""balanced"": 54.978002814621085, ""labor_market"": 55.15048661671672, ""recruitment"": 54.584259976081576}","{""academic_fit"": {""country_opportunity"": 0.25, ""friendliness"": 0.15, ""labor_demand"": 0.15, ""program_fit"": 0.45}, ""balanced"": {""country_opportunity"": 0.3, ""friendliness"": 0.2, ""labor_demand"": 0.3, ""program_fit"": 0.2}, ""labor_market"": {""country_opportunity"": 0.2, ""friendliness"": 0.15, ""labor_demand"": 0.45, ""program_fit"": 0.2}, ""recruitment"": {""country_opportunity"": 0.4, ""friendliness"": 0.3, ""labor_demand"": 0.1, ""program_fit"": 0.2}}",uncertainty_adjusted_management_priority_index_not_predicted_student_count,not_identified_ex_ante,,,,"incremental qualified applications, offers and enrolments attributable to the recruitment intervention",requires_prospective_campaign_evaluation,24,pre_registered_country_program_campaign_with_matched_comparison_or_stepped_wedge_rollout,qualified_leads;applications;offers;enrolments;yield;cost_per_enrolment,regularized_relative_demand_signal_from_overlapping_queries_not_unique_vacancies,ppml_russia_inbound_structural_allocation_v3;friendliness_receptivity_ex_ante_v3;trudvsem_program_demand_v4;mgimo_program_profiles,calculated_uncertainty_aware_scenario_ensemble,employer_linked_program_campaign_and_case_competitions,191,184.0,238.0,172.0,273.0,172.0,273.0,101.0
country_program_priority_evidence_v4,KHM,Cambodia,East Asia & Pacific,international_economics,international_economics,Международная экономика и ВЭД,english_plus_russian_preparatory_year,No broad Russian or English functional-language signal is available in CLDR.,167.55416672419764,167.55416672419764,-15.859729091382542,148.0692865032078,878.291230563737,0.9433333333333334,0.05,70.0,2023,225.2250074192524,225.2250074192524,57.67084069505476,73.53684719994229,69.36975919194556,0.0,97.22836472831446,point_score multiplied by probability of positive structural gap,64.09164215514153,36.59164215514152,91.59164215514153,0.45,limited,False,42.46795784360376,"{""economic_legal"": 0.314695709463807, ""energy_logistics"": 0.7546311853527297}",calculated_from_existing_mgimo_country_profile_scores,16.030923181431294,9.076141467743279,25.775050153533456,2,0,40.70097338910241,53.63500026073621,33.02749658920753,44.814216910915974,42.757595150009195,42.757595150009195,33.02749658920753,53.63500026073621,33.02749658920753,53.63500026073621,20.607503671528683,7.8735264114110945,71.27739263232161,63.403866220910515,C_monitor_and_test,"{""academic_fit"": 44.814216910915974, ""balanced"": 40.70097338910241, ""labor_market"": 33.02749658920753, ""recruitment"": 53.63500026073621}","{""academic_fit"": 13.170813983387642, ""balanced"": 8.695989568781235, ""labor_market"": 10.257902897710562, ""recruitment"": 7.8735264114110945}","{""academic_fit"": 54.96159447469663, ""balanced"": 55.286232158158775, ""labor_market"": 45.627246020309194, ""recruitment"": 71.27739263232161}","{""academic_fit"": {""country_opportunity"": 0.25, ""friendliness"": 0.15, ""labor_demand"": 0.15, ""program_fit"": 0.45}, ""balanced"": {""country_opportunity"": 0.3, ""friendliness"": 0.2, ""labor_demand"": 0.3, ""program_fit"": 0.2}, ""labor_market"": {""country_opportunity"": 0.2, ""friendliness"": 0.15, ""labor_demand"": 0.45, ""program_fit"": 0.2}, ""recruitment"": {""country_opportunity"": 0.4, ""friendliness"": 0.3, ""labor_demand"": 0.1, ""program_fit"": 0.2}}",uncertainty_adjusted_management_priority_index_not_predicted_student_count,not_identified_ex_ante,,,,"incremental qualified applications, offers and enrolments attributable to the recruitment intervention",requires_prospective_campaign_evaluation,24,pre_registered_country_program_campaign_with_matched_comparison_or_stepped_wedge_rollout,qualified_leads;applications;offers;enrolments;yield;cost_per_enrolment,regularized_relative_demand_signal_from_overlapping_queries_not_unique_vacancies,ppml_russia_inbound_structural_allocation_v3;friendliness_receptivity_ex_ante_v3;trudvsem_program_demand_v4;mgimo_program_profiles,calculated_uncertainty_aware_scenario_ensemble,targeted_digital_campaign_with_local_partner_validation,192,197.0,120.0,197.0,130.0,120.0,197.0,77.0
country_program_priority_evidence_v4,CAF,Central African Republic,Sub-Saharan Africa,digital_analytics,digital_analytics,Цифровая аналитика и Data/AI,english_plus_russian_preparatory_year,No broad Russian or English functional-language signal is available in CLDR.,123.42054049774369,123.42054049774369,22.46126247028651,113.99879700913861,284.0596213959581,1.0,0.0,54.0,2023,164.05831834064435,164.05831834064435,40.63777784290066,69.18265901550751,69.18265901550751,45.25510066467768,81.07290157844957,point_score multiplied by probability of positive structural gap,64.13768093741794,36.63768093741794,91.63768093741795,0.45,limited,False,7.697308546667049,"{""digital_finance_business_informatics"": 0.086609201049834, ""economic_legal"": 0.0384286231340165}",calculated_from_existing_mgimo_country_profile_scores,57.83576220146514,37.1936785476967,76.96065573742321,3,0,42.764502192115025,43.970495046814726,41.803729805020694,26.1505198760274,42.284115998567856,42.284115998567856,26.1505198760274,43.970495046814726,26.1505198760274,43.970495046814726,17.819975170787327,20.339200634753507,53.51300846946305,33.17380783470955,C_monitor_and_test,"{""academic_fit"": 26.1505198760274, ""balanced"": 42.764502192115025, ""labor_market"": 41.803729805020694, ""recruitment"": 43.970495046814726}","{""academic_fit"": 20.339200634753507, ""balanced"": 29.70472312276019, ""labor_market"": 29.16265943301155, ""recruitment"": 30.234685791533156}","{""academic_fit"": 29.905511962421894, ""balanced"": 52.328190587894454, ""labor_market"": 51.61283062416793, ""recruitment"": 53.51300846946305}","{""academic_fit"": {""country_opportunity"": 0.25, ""friendliness"": 0.15, ""labor_demand"": 0.15, ""program_fit"": 0.45}, ""balanced"": {""country_opportunity"": 0.3, ""friendliness"": 0.2, ""labor_demand"": 0.3, ""program_fit"": 0.2}, ""labor_market"": {""country_opportunity"": 0.2, ""friendliness"": 0.15, ""labor_demand"": 0.45, ""program_fit"": 0.2}, ""recruitment"": {""country_opportunity"": 0.4, ""friendliness"": 0.3, ""labor_demand"": 0.1, ""program_fit"": 0.2}}",uncertainty_adjusted_management_priority_index_not_predicted_student_count,not_identified_ex_ante,,,,"incremental qualified applications, offers and enrolments attributable to the recruitment intervention",requires_prospective_campaign_evaluation,24,pre_registered_country_program_campaign_with_matched_comparison_or_stepped_wedge_rollout,qualified_leads;applications;offers;enrolments;yield;cost_per_enrolment,regularized_relative_demand_signal_from_overlapping_queries_not_unique_vacancies,ppml_russia_inbound_structural_allocation_v3;friendliness_receptivity_ex_ante_v3;trudvsem_program_demand_v4;mgimo_program_profiles,calculated_uncertainty_aware_scenario_ensemble,targeted_digital_campaign_with_local_partner_validation,193,192.0,221.0,180.0,256.0,180.0,256.0,76.0
country_program_priority_evidence_v4,TCD,Chad,Sub-Saharan Africa,languages_regional,languages_regional,Иностранные языки и регионоведение,english_plus_russian_preparatory_year_plus_target_region_language,No broad Russian or English functional-language signal is available in CLDR.,249.21689641807836,249.21689641807836,-179.25725322112535,239.29088126939223,1145.3485649413915,0.8116666666666666,0.3416666666666667,411.0,2023,624.4313090311822,624.4313090311822,375.21441261310383,79.20308789517168,64.286506341581,0.0,100.0,point_score multiplied by probability of positive structural gap,63.776472473292976,36.276472473292976,91.27647247329298,0.45,limited,False,4.300767309416516,"{""diplomatic_analytic"": 0.0397154157173035, ""economic_legal"": 0.0561767026016118}",calculated_from_existing_mgimo_country_profile_scores,90.84379582436037,85.35385228314937,94.68543083289845,2,1,43.27048958558264,40.3836822854098,45.561296625806996,21.95366254631224,41.827085935496214,41.827085935496214,21.95366254631224,45.561296625806996,21.95366254631224,45.561296625806996,23.607634079494755,6.391532303134609,53.68918366608799,47.29765136295338,C_monitor_and_test,"{""academic_fit"": 21.95366254631224, ""balanced"": 43.27048958558264, ""labor_market"": 45.561296625806996, ""recruitment"": 40.3836822854098}","{""academic_fit"": 7.043500307851653, ""balanced"": 10.857200317422645, ""labor_market"": 17.68432011705409, ""recruitment"": 6.391532303134609}","{""academic_fit"": 25.977773319581125, ""balanced"": 53.59382183842649, ""labor_market"": 53.40167927528111, ""recruitment"": 53.68918366608799}","{""academic_fit"": {""country_opportunity"": 0.25, ""friendliness"": 0.15, ""labor_demand"": 0.15, ""program_fit"": 0.45}, ""balanced"": {""country_opportunity"": 0.3, ""friendliness"": 0.2, ""labor_demand"": 0.3, ""program_fit"": 0.2}, ""labor_market"": {""country_opportunity"": 0.2, ""friendliness"": 0.15, ""labor_demand"": 0.45, ""program_fit"": 0.2}, ""recruitment"": {""country_opportunity"": 0.4, ""friendliness"": 0.3, ""labor_demand"": 0.1, ""program_fit"": 0.2}}",uncertainty_adjusted_management_priority_index_not_predicted_student_count,not_identified_ex_ante,,,,"incremental qualified applications, offers and enrolments attributable to the recruitment intervention",requires_prospective_campaign_evaluation,24,pre_registered_country_program_campaign_with_matched_comparison_or_stepped_wedge_rollout,qualified_leads;applications;offers;enrolments;yield;cost_per_enrolment,regularized_relative_demand_signal_from_overlapping_queries_not_unique_vacancies,ppml_russia_inbound_structural_allocation_v3;friendliness_receptivity_ex_ante_v3;trudvsem_program_demand_v4;mgimo_program_profiles,calculated_uncertainty_aware_scenario_ensemble,employer_linked_program_campaign_and_case_competitions,194,190.0,242.0,174.0,277.0,174.0,277.0,103.0
country_program_priority_evidence_v4,CAF,Central African Republic,Sub-Saharan Africa,management_public,management_public,Управление и государственная политика,english_plus_russian_preparatory_year,No broad Russian or English functional-language signal is available in CLDR.,123.42054049774369,123.42054049774369,22.46126247028651,113.99879700913861,284.0596213959581,1.0,0.0,54.0,2023,164.05831834064435,164.05831834064435,40.63777784290066,69.18265901550751,69.18265901550751,45.25510066467768,81.07290157844957,point_score multiplied by probability of positive structural gap,64.13768093741794,36.63768093741794,91.63768093741795,0.45,limited,False,3.341215712234366,"{""diplomatic_analytic"": 0.0300678464478951, ""economic_legal"": 0.0384286231340165}",calculated_from_existing_mgimo_country_profile_scores,95.82415369148119,86.55673351637238,99.07229069328204,2,3,43.21469143472687,40.21989065169665,45.52127066962349,20.612638934366704,41.71729104321176,41.71729104321176,20.612638934366704,45.52127066962349,20.612638934366704,45.52127066962349,24.908631735256787,16.849247499323354,50.25742539475727,33.408177895433916,C_monitor_and_test,"{""academic_fit"": 20.612638934366704, ""balanced"": 43.21469143472687, ""labor_market"": 45.52127066962349, ""recruitment"": 40.21989065169665}","{""academic_fit"": 16.849247499323354, ""balanced"": 33.155854501142365, ""labor_market"": 36.86434755429335, ""recruitment"": 28.587788711427738}","{""academic_fit"": 22.71009313288228, ""balanced"": 49.08090058128805, ""labor_market"": 50.25742539475727, ""recruitment"": 47.74726511536441}","{""academic_fit"": {""country_opportunity"": 0.25, ""friendliness"": 0.15, ""labor_demand"": 0.15, ""program_fit"": 0.45}, ""balanced"": {""country_opportunity"": 0.3, ""friendliness"": 0.2, ""labor_demand"": 0.3, ""program_fit"": 0.2}, ""labor_market"": {""country_opportunity"": 0.2, ""friendliness"": 0.15, ""labor_demand"": 0.45, ""program_fit"": 0.2}, ""recruitment"": {""country_opportunity"": 0.4, ""friendliness"": 0.3, ""labor_demand"": 0.1, ""program_fit"": 0.2}}",uncertainty_adjusted_management_priority_index_not_predicted_student_count,not_identified_ex_ante,,,,"incremental qualified applications, offers and enrolments attributable to the recruitment intervention",requires_prospective_campaign_evaluation,24,pre_registered_country_program_campaign_with_matched_comparison_or_stepped_wedge_rollout,qualified_leads;applications;offers;enrolments;yield;cost_per_enrolment,regularized_relative_demand_signal_from_overlapping_queries_not_unique_vacancies,ppml_russia_inbound_structural_allocation_v3;friendliness_receptivity_ex_ante_v3;trudvsem_program_demand_v4;mgimo_program_profiles,calculated_uncertainty_aware_scenario_ensemble,employer_linked_program_campaign_and_case_competitions,195,191.0,243.0,176.0,282.0,176.0,282.0,106.0
country_program_priority_evidence_v4,IDN,Indonesia,East Asia & Pacific,international_economics,international_economics,Международная экономика и ВЭД,english_plus_russian_preparatory_year,No broad Russian or English functional-language signal is available in CLDR.,663.2562933239036,663.2562933239036,-101.0798443457751,590.7454114815195,2173.447978739426,0.93,0.7383333333333333,556.0,2023,1173.2003318727418,1173.2003318727418,509.9440385488382,93.20608366583559,86.6816578092271,0.0,100.0,point_score multiplied by probability of positive structural gap,62.392570439499806,44.892570439499806,79.89257043949979,0.65,moderate,True,32.621264169604345,"{""economic_legal"": 0.3291049607346231, ""energy_logistics"": 0.3175356845803043}",calculated_from_existing_mgimo_country_profile_scores,16.030923181431294,9.076141467743279,25.775050153533456,2,0,41.08215238360238,55.19506671079733,32.65473203757822,42.01202494553043,41.5470886645664,41.5470886645664,32.65473203757822,55.19506671079733,32.65473203757822,55.19506671079733,22.540334673219107,7.940604665947973,65.74694891711181,57.806344251163836,C_monitor_and_test,"{""academic_fit"": 42.01202494553043, ""balanced"": 41.08215238360238, ""labor_market"": 32.65473203757822, ""recruitment"": 55.19506671079733}","{""academic_fit"": 12.08955846093697, ""balanced"": 8.596827006637408, ""labor_market"": 10.04026572189166, ""recruitment"": 7.940604665947973}","{""academic_fit"": 48.314904621306, ""balanced"": 51.54643817670595, ""labor_market"": 42.710104693017264, ""recruitment"": 65.74694891711181}","{""academic_fit"": {""country_opportunity"": 0.25, ""friendliness"": 0.15, ""labor_demand"": 0.15, ""program_fit"": 0.45}, ""balanced"": {""country_opportunity"": 0.3, ""friendliness"": 0.2, ""labor_demand"": 0.3, ""program_fit"": 0.2}, ""labor_market"": {""country_opportunity"": 0.2, ""friendliness"": 0.15, ""labor_demand"": 0.45, ""program_fit"": 0.2}, ""recruitment"": {""country_opportunity"": 0.4, ""friendliness"": 0.3, ""labor_demand"": 0.1, ""program_fit"": 0.2}}",uncertainty_adjusted_management_priority_index_not_predicted_student_count,not_identified_ex_ante,,,,"incremental qualified applications, offers and enrolments attributable to the recruitment intervention",requires_prospective_campaign_evaluation,24,pre_registered_country_program_campaign_with_matched_comparison_or_stepped_wedge_rollout,qualified_leads;applications;offers;enrolments;yield;cost_per_enrolment,regularized_relative_demand_signal_from_overlapping_queries_not_unique_vacancies,ppml_russia_inbound_structural_allocation_v3;friendliness_receptivity_ex_ante_v3;trudvsem_program_demand_v4;mgimo_program_profiles,calculated_uncertainty_aware_scenario_ensemble,targeted_digital_campaign_with_local_partner_validation,196,195.0,106.0,198.0,143.0,106.0,198.0,92.0
country_program_priority_evidence_v4,CAF,Central African Republic,Sub-Saharan Africa,languages_regional,languages_regional,Иностранные языки и регионоведение,english_plus_russian_preparatory_year_plus_target_region_language,No broad Russian or English functional-language signal is available in CLDR.,123.42054049774369,123.42054049774369,22.46126247028651,113.99879700913861,284.0596213959581,1.0,0.0,54.0,2023,164.05831834064435,164.05831834064435,40.63777784290066,69.18265901550751,69.18265901550751,45.25510066467768,81.07290157844957,point_score multiplied by probability of positive structural gap,64.13768093741794,36.63768093741794,91.63768093741795,0.45,limited,False,3.1740001785119385,"{""diplomatic_analytic"": 0.0300678464478951, ""economic_legal"": 0.0384286231340165}",calculated_from_existing_mgimo_country_profile_scores,90.84379582436037,85.35385228314937,94.68543083289845,2,1,42.20262551845722,39.69499178673318,44.10444358196273,20.091714895947867,40.948808652595204,40.948808652595204,20.091714895947867,44.10444358196273,20.091714895947867,44.10444358196273,24.01272868601486,16.51972556217479,48.86836906137903,32.348643499204236,C_monitor_and_test,"{""academic_fit"": 20.091714895947867, ""balanced"": 42.20262551845722, ""labor_market"": 44.10444358196273, ""recruitment"": 39.69499178673318}","{""academic_fit"": 16.51972556217479, ""balanced"": 32.760166036071546, ""labor_market"": 36.34889775175103, ""recruitment"": 28.32487484563063}","{""academic_fit"": 22.162676398345187, ""balanced"": 48.04634274510203, ""labor_market"": 48.86836906137903, ""recruitment"": 47.16175066688193}","{""academic_fit"": {""country_opportunity"": 0.25, ""friendliness"": 0.15, ""labor_demand"": 0.15, ""program_fit"": 0.45}, ""balanced"": {""country_opportunity"": 0.3, ""friendliness"": 0.2, ""labor_demand"": 0.3, ""program_fit"": 0.2}, ""labor_market"": {""country_opportunity"": 0.2, ""friendliness"": 0.15, ""labor_demand"": 0.45, ""program_fit"": 0.2}, ""recruitment"": {""country_opportunity"": 0.4, ""friendliness"": 0.3, ""labor_demand"": 0.1, ""program_fit"": 0.2}}",uncertainty_adjusted_management_priority_index_not_predicted_student_count,not_identified_ex_ante,,,,"incremental qualified applications, offers and enrolments attributable to the recruitment intervention",requires_prospective_campaign_evaluation,24,pre_registered_country_program_campaign_with_matched_comparison_or_stepped_wedge_rollout,qualified_leads;applications;offers;enrolments;yield;cost_per_enrolment,regularized_relative_demand_signal_from_overlapping_queries_not_unique_vacancies,ppml_russia_inbound_structural_allocation_v3;friendliness_receptivity_ex_ante_v3;trudvsem_program_demand_v4;mgimo_program_profiles,calculated_uncertainty_aware_scenario_ensemble,employer_linked_program_campaign_and_case_competitions,197,193.0,247.0,177.0,286.0,177.0,286.0,109.0
country_program_priority_evidence_v4,LBY,Libya,Middle East & North Africa,international_economics,international_economics,Международная экономика и ВЭД,english_plus_russian_preparatory_year,No broad Russian or English functional-language signal is available in CLDR.,287.10959005626876,287.10959005626876,43.57381763289008,261.54223974197225,841.9215487717062,0.9983333333333333,0.23666666666666666,65.0,2023,349.4553508380682,349.4553508380682,62.345760781799484,81.22554093396256,81.09016503240595,54.459954567457025,96.6225118599619,point_score multiplied by probability of positive structural gap,63.668003184761545,36.168003184761545,91.16800318476155,0.45,limited,False,31.221305518521937,"{""economic_legal"": 0.2450806223159346, ""energy_logistics"": 0.5136103537930736}",calculated_from_existing_mgimo_country_profile_scores,16.030923181431294,9.076141467743279,25.775050153533456,2,0,40.096266756197885,53.623401429743325,32.049855936824514,40.663519450006596,40.37989310310224,40.37989310310224,32.049855936824514,53.623401429743325,32.049855936824514,53.623401429743325,21.57354549291881,21.533318022116728,66.8766217704175,45.34330374830077,C_monitor_and_test,"{""academic_fit"": 40.663519450006596, ""balanced"": 40.096266756197885, ""labor_market"": 32.049855936824514, ""recruitment"": 53.623401429743325}","{""academic_fit"": 31.358655658716806, ""balanced"": 27.259835356102275, ""labor_market"": 21.533318022116728, ""recruitment"": 36.83657564832617}","{""academic_fit"": 47.92665305896838, ""balanced"": 51.92869035712899, ""labor_market"": 42.89265279702856, ""recruitment"": 66.8766217704175}","{""academic_fit"": {""country_opportunity"": 0.25, ""friendliness"": 0.15, ""labor_demand"": 0.15, ""program_fit"": 0.45}, ""balanced"": {""country_opportunity"": 0.3, ""friendliness"": 0.2, ""labor_demand"": 0.3, ""program_fit"": 0.2}, ""labor_market"": {""country_opportunity"": 0.2, ""friendliness"": 0.15, ""labor_demand"": 0.45, ""program_fit"": 0.2}, ""recruitment"": {""country_opportunity"": 0.4, ""friendliness"": 0.3, ""labor_demand"": 0.1, ""program_fit"": 0.2}}",uncertainty_adjusted_management_priority_index_not_predicted_student_count,not_identified_ex_ante,,,,"incremental qualified applications, offers and enrolments attributable to the recruitment intervention",requires_prospective_campaign_evaluation,24,pre_registered_country_program_campaign_with_matched_comparison_or_stepped_wedge_rollout,qualified_leads;applications;offers;enrolments;yield;cost_per_enrolment,regularized_relative_demand_signal_from_overlapping_queries_not_unique_vacancies,ppml_russia_inbound_structural_allocation_v3;friendliness_receptivity_ex_ante_v3;trudvsem_program_demand_v4;mgimo_program_profiles,calculated_uncertainty_aware_scenario_ensemble,targeted_digital_campaign_with_local_partner_validation,198,199.0,121.0,201.0,154.0,121.0,201.0,80.0
country_program_priority_evidence_v4,SOM,Somalia,Sub-Saharan Africa,international_economics,international_economics,Международная экономика и ВЭД,english_plus_russian_preparatory_year,No broad Russian or English functional-language signal is available in CLDR.,371.0254596523729,371.0254596523729,42.66027797003462,328.91435243682554,1012.8978610218408,0.9933333333333333,0.49,149.0,2023,525.0011129523125,525.0011129523125,153.97565329993958,84.89174852253903,84.32580353238878,54.16295460832174,99.27130559080285,point_score multiplied by probability of positive structural gap,65.6844914965029,38.18449149650291,93.18449149650291,0.45,limited,False,29.637646775887283,"{""economic_legal"": 0.1887501510730246, ""energy_logistics"": 0.6192554178164175}",calculated_from_existing_mgimo_country_profile_scores,16.030923181431294,9.076141467743279,25.775050153533456,2,0,40.4045476528767,54.41180513601401,32.122304648761855,40.32302547406592,40.36378656347131,40.36378656347131,32.122304648761855,54.41180513601401,32.122304648761855,54.41180513601401,22.289500487252155,21.463906050621194,67.35459414757288,45.89068809695169,C_monitor_and_test,"{""academic_fit"": 40.32302547406592, ""balanced"": 40.4045476528767, ""labor_market"": 32.122304648761855, ""recruitment"": 54.41180513601401}","{""academic_fit"": 30.85792427980996, ""balanced"": 27.229212610853192, ""labor_market"": 21.463906050621194, ""recruitment"": 36.970251519365696}","{""academic_fit"": 47.319939357124206, ""balanced"": 52.04723653853935, ""labor_market"": 42.82926116638853, ""recruitment"": 67.35459414757288}","{""academic_fit"": {""country_opportunity"": 0.25, ""friendliness"": 0.15, ""labor_demand"": 0.15, ""program_fit"": 0.45}, ""balanced"": {""country_opportunity"": 0.3, ""friendliness"": 0.2, ""labor_demand"": 0.3, ""program_fit"": 0.2}, ""labor_market"": {""country_opportunity"": 0.2, ""friendliness"": 0.15, ""labor_demand"": 0.45, ""program_fit"": 0.2}, ""recruitment"": {""country_opportunity"": 0.4, ""friendliness"": 0.3, ""labor_demand"": 0.1, ""program_fit"": 0.2}}",uncertainty_adjusted_management_priority_index_not_predicted_student_count,not_identified_ex_ante,,,,"incremental qualified applications, offers and enrolments attributable to the recruitment intervention",requires_prospective_campaign_evaluation,24,pre_registered_country_program_campaign_with_matched_comparison_or_stepped_wedge_rollout,qualified_leads;applications;offers;enrolments;yield;cost_per_enrolment,regularized_relative_demand_signal_from_overlapping_queries_not_unique_vacancies,ppml_russia_inbound_structural_allocation_v3;friendliness_receptivity_ex_ante_v3;trudvsem_program_demand_v4;mgimo_program_profiles,calculated_uncertainty_aware_scenario_ensemble,digital_recruitment_scholarship_and_olympiad,199,198.0,112.0,199.0,158.0,112.0,199.0,87.0
country_program_priority_evidence_v4,BHR,Bahrain,Middle East & North Africa,international_economics,international_economics,Международная экономика и ВЭД,english_plus_russian_preparatory_year,No broad Russian or English functional-language signal is available in CLDR.,31.931660746639665,31.931660746639665,-47.546782251761556,18.08585022238453,211.7419000625797,0.6583333333333333,0.0,45.0,2023,120.50138463896643,120.50138463896643,88.56972389232676,50.11835563919724,32.99458412913818,0.0,76.87606628006898,point_score multiplied by probability of positive structural gap,63.790719388353246,36.290719388353246,91.29071938835325,0.45,limited,False,69.67568621630222,"{""economic_legal"": 0.7094178151904993, ""energy_logistics"": 0.6587740030805909}",calculated_from_existing_mgimo_country_profile_scores,16.030923181431294,9.076141467743279,25.775050153533456,2,0,36.02712199983185,44.12392987163124,31.448409457685532,46.46385329537352,40.07552593573155,40.07552593573155,31.448409457685532,46.46385329537352,31.448409457685532,46.46385329537352,15.015443837687986,8.656499077852791,71.51788689762706,62.86138781977427,C_monitor_and_test,"{""academic_fit"": 46.46385329537352, ""balanced"": 36.02712199983185, ""labor_market"": 31.448409457685532, ""recruitment"": 44.12392987163124}","{""academic_fit"": 16.37134626260708, ""balanced"": 9.568438331809368, ""labor_market"": 11.291591615510677, ""recruitment"": 8.656499077852791}","{""academic_fit"": 64.51109173734437, ""balanced"": 56.794270943943005, ""labor_market"": 47.98061062904959, ""recruitment"": 71.51788689762706}","{""academic_fit"": {""country_opportunity"": 0.25, ""friendliness"": 0.15, ""labor_demand"": 0.15, ""program_fit"": 0.45}, ""balanced"": {""country_opportunity"": 0.3, ""friendliness"": 0.2, ""labor_demand"": 0.3, ""program_fit"": 0.2}, ""labor_market"": {""country_opportunity"": 0.2, ""friendliness"": 0.15, ""labor_demand"": 0.45, ""program_fit"": 0.2}, ""recruitment"": {""country_opportunity"": 0.4, ""friendliness"": 0.3, ""labor_demand"": 0.1, ""program_fit"": 0.2}}",uncertainty_adjusted_management_priority_index_not_predicted_student_count,not_identified_ex_ante,,,,"incremental qualified applications, offers and enrolments attributable to the recruitment intervention",requires_prospective_campaign_evaluation,24,pre_registered_country_program_campaign_with_matched_comparison_or_stepped_wedge_rollout,qualified_leads;applications;offers;enrolments;yield;cost_per_enrolment,regularized_relative_demand_signal_from_overlapping_queries_not_unique_vacancies,ppml_russia_inbound_structural_allocation_v3;friendliness_receptivity_ex_ante_v3;trudvsem_program_demand_v4;mgimo_program_profiles,calculated_uncertainty_aware_scenario_ensemble,targeted_digital_campaign_with_local_partner_validation,200,213.0,218.0,203.0,119.0,119.0,218.0,99.0
country_program_priority_evidence_v4,NPL,Nepal,South Asia,international_economics,international_economics,Международная экономика и ВЭД,english_plus_russian_preparatory_year,No broad Russian or English functional-language signal is available in CLDR.,1075.5996140261825,1075.5996140261825,286.4172296092276,998.3002316758184,2764.8976282259064,1.0,0.99,94.0,2023,1174.2304663495102,1174.2304663495102,98.6308523233276,100.0,100.0,81.19103317197752,100.0,point_score multiplied by probability of positive structural gap,63.8663064372496,36.3663064372496,91.3663064372496,0.45,limited,False,25.319411259116897,"{""economic_legal"": 0.2549315980723572, ""energy_logistics"": 0.2479816561476043}",calculated_from_existing_mgimo_country_profile_scores,16.030923181431294,9.076141467743279,25.775050153533456,2,0,41.00204928279879,56.00050967028191,32.09653836562876,39.11756836181581,40.0598088223073,40.0598088223073,32.09653836562876,56.00050967028191,32.09653836562876,56.00050967028191,23.903971304653147,22.389953375968762,65.14626360785032,42.75631023188156,C_monitor_and_test,"{""academic_fit"": 39.11756836181581, ""balanced"": 41.00204928279879, ""labor_market"": 32.09653836562876, ""recruitment"": 56.00050967028191}","{""academic_fit"": 31.613689020743042, ""balanced"": 29.489370594634106, ""labor_market"": 22.389953375968762, ""recruitment"": 41.47029389051035}","{""academic_fit"": 44.14381131652902, ""balanced"": 50.40249970705191, ""labor_market"": 41.48621402116256, ""recruitment"": 65.14626360785032}","{""academic_fit"": {""country_opportunity"": 0.25, ""friendliness"": 0.15, ""labor_demand"": 0.15, ""program_fit"": 0.45}, ""balanced"": {""country_opportunity"": 0.3, ""friendliness"": 0.2, ""labor_demand"": 0.3, ""program_fit"": 0.2}, ""labor_market"": {""country_opportunity"": 0.2, ""friendliness"": 0.15, ""labor_demand"": 0.45, ""program_fit"": 0.2}, ""recruitment"": {""country_opportunity"": 0.4, ""friendliness"": 0.3, ""labor_demand"": 0.1, ""program_fit"": 0.2}}",uncertainty_adjusted_management_priority_index_not_predicted_student_count,not_identified_ex_ante,,,,"incremental qualified applications, offers and enrolments attributable to the recruitment intervention",requires_prospective_campaign_evaluation,24,pre_registered_country_program_campaign_with_matched_comparison_or_stepped_wedge_rollout,qualified_leads;applications;offers;enrolments;yield;cost_per_enrolment,regularized_relative_demand_signal_from_overlapping_queries_not_unique_vacancies,ppml_russia_inbound_structural_allocation_v3;friendliness_receptivity_ex_ante_v3;trudvsem_program_demand_v4;mgimo_program_profiles,calculated_uncertainty_aware_scenario_ensemble,targeted_digital_campaign_with_local_partner_validation,201,196.0,100.0,200.0,166.0,100.0,200.0,100.0
country_program_priority_evidence_v4,NIC,Nicaragua,Latin America & Caribbean,international_economics,international_economics,Международная экономика и ВЭД,english_plus_russian_preparatory_year,No broad Russian or English functional-language signal is available in CLDR.,173.43749072652136,173.43749072652136,29.668119610456475,161.8210225585733,557.5759363219272,1.0,0.09,23.0,2023,188.79623730333554,188.79623730333554,15.35874657681419,74.02892266253048,74.02892266253048,49.09702550030215,90.72087968129118,point_score multiplied by probability of positive structural gap,67.31861142770944,39.81861142770944,94.81861142770944,0.45,limited,False,31.84534707732412,"{""economic_legal"": 0.2675094535566602, ""energy_logistics"": 0.4712855224229842}",calculated_from_existing_mgimo_country_profile_scores,16.030923181431294,9.076141467743279,25.775050153533456,2,0,39.61149864311707,52.789847781766156,31.86083691100659,40.43576108976335,40.02362986644022,40.02362986644022,31.86083691100659,52.789847781766156,31.86083691100659,52.789847781766156,20.929010870759566,21.480626054229823,66.2473747918616,44.76674873763178,C_monitor_and_test,"{""academic_fit"": 40.43576108976335, ""balanced"": 39.61149864311707, ""labor_market"": 31.86083691100659, ""recruitment"": 52.789847781766156}","{""academic_fit"": 31.27286850457029, ""balanced"": 27.044372036914293, ""labor_market"": 21.480626054229823, ""recruitment"": 36.516157127126554}","{""academic_fit"": 47.87248137733373, ""balanced"": 51.561188948428395, ""labor_market"": 42.772353980895836, ""recruitment"": 66.2473747918616}","{""academic_fit"": {""country_opportunity"": 0.25, ""friendliness"": 0.15, ""labor_demand"": 0.15, ""program_fit"": 0.45}, ""balanced"": {""country_opportunity"": 0.3, ""friendliness"": 0.2, ""labor_demand"": 0.3, ""program_fit"": 0.2}, ""labor_market"": {""country_opportunity"": 0.2, ""friendliness"": 0.15, ""labor_demand"": 0.45, ""program_fit"": 0.2}, ""recruitment"": {""country_opportunity"": 0.4, ""friendliness"": 0.3, ""labor_demand"": 0.1, ""program_fit"": 0.2}}",uncertainty_adjusted_management_priority_index_not_predicted_student_count,not_identified_ex_ante,,,,"incremental qualified applications, offers and enrolments attributable to the recruitment intervention",requires_prospective_campaign_evaluation,24,pre_registered_country_program_campaign_with_matched_comparison_or_stepped_wedge_rollout,qualified_leads;applications;offers;enrolments;yield;cost_per_enrolment,regularized_relative_demand_signal_from_overlapping_queries_not_unique_vacancies,ppml_russia_inbound_structural_allocation_v3;friendliness_receptivity_ex_ante_v3;trudvsem_program_demand_v4;mgimo_program_profiles,calculated_uncertainty_aware_scenario_ensemble,digital_recruitment_scholarship_and_olympiad,202,200.0,125.0,202.0,156.0,125.0,202.0,77.0
country_program_priority_evidence_v4,LSO,Lesotho,Sub-Saharan Africa,international_economics,international_economics,Международная экономика и ВЭД,english_with_optional_russian_preparatory_module,CLDR indicates a material functional English-language environment.,52.13806068218432,52.13806068218432,16.867746505360522,48.154089086847904,117.87455280311231,1.0,0.0,4.0,2023,54.347518188702765,54.347518188702765,2.2094575065184467,56.98057440198765,56.98057440198765,41.34891601105692,68.52866963964306,point_score multiplied by probability of positive structural gap,63.89362799810429,36.39362799810429,91.3936279981043,0.45,limited,False,39.414588881742866,"{""economic_legal"": 0.3234209305126337, ""energy_logistics"": 0.6063207637318133}",calculated_from_existing_mgimo_country_profile_scores,16.030923181431294,9.076141467743279,25.775050153533456,2,0,37.82534355948497,48.87465447783667,31.298985127053662,41.30070505873104,39.563024309108,39.563024309108,31.298985127053662,48.87465447783667,31.298985127053662,48.87465447783667,17.57566935078301,21.367650659144672,61.13887775277003,39.771227093625356,D_insufficient_or_unstable_evidence,"{""academic_fit"": 41.30070505873104, ""balanced"": 37.82534355948497, ""labor_market"": 31.298985127053662, ""recruitment"": 48.87465447783667}","{""academic_fit"": 32.48965907084293, ""balanced"": 26.338239731885736, ""labor_market"": 21.367650659144672, ""recruitment"": 34.665054331278434}","{""academic_fit"": 48.771670109872346, ""balanced"": 49.100162249699636, ""labor_market"": 41.951160394439654, ""recruitment"": 61.13887775277003}","{""academic_fit"": {""country_opportunity"": 0.25, ""friendliness"": 0.15, ""labor_demand"": 0.15, ""program_fit"": 0.45}, ""balanced"": {""country_opportunity"": 0.3, ""friendliness"": 0.2, ""labor_demand"": 0.3, ""program_fit"": 0.2}, ""labor_market"": {""country_opportunity"": 0.2, ""friendliness"": 0.15, ""labor_demand"": 0.45, ""program_fit"": 0.2}, ""recruitment"": {""country_opportunity"": 0.4, ""friendliness"": 0.3, ""labor_demand"": 0.1, ""program_fit"": 0.2}}",uncertainty_adjusted_management_priority_index_not_predicted_student_count,not_identified_ex_ante,,,,"incremental qualified applications, offers and enrolments attributable to the recruitment intervention",requires_prospective_campaign_evaluation,24,pre_registered_country_program_campaign_with_matched_comparison_or_stepped_wedge_rollout,qualified_leads;applications;offers;enrolments;yield;cost_per_enrolment,regularized_relative_demand_signal_from_overlapping_queries_not_unique_vacancies,ppml_russia_inbound_structural_allocation_v3;friendliness_receptivity_ex_ante_v3;trudvsem_program_demand_v4;mgimo_program_profiles,calculated_uncertainty_aware_scenario_ensemble,targeted_digital_campaign_with_local_partner_validation,203,209.0,164.0,204.0,149.0,149.0,209.0,60.0
country_program_priority_evidence_v4,MUS,Mauritius,Sub-Saharan Africa,international_economics,international_economics,Международная экономика и ВЭД,english_with_optional_russian_preparatory_module,CLDR indicates a material functional English-language environment.,11.452155161881828,11.452155161881828,-5.561774968025375,8.604600126865996,53.16870874084784,0.82,0.0,13.0,2023,24.36121811949668,24.36121811949668,12.909062957614852,36.16984808379601,29.65927542871273,0.0,57.25609021239519,point_score multiplied by probability of positive structural gap,63.15330448715646,35.65330448715646,90.65330448715648,0.45,limited,False,71.95095111073147,"{""economic_legal"": 0.7210142935061333, ""energy_logistics"": 0.7149951639108585}",calculated_from_existing_mgimo_country_profile_scores,16.030923181431294,9.076141467743279,25.775050153533456,2,0,35.080732036800846,42.481427426646555,30.95545811118884,45.86185453391969,38.7810797317237,38.7810797317237,30.95545811118884,45.86185453391969,30.95545811118884,45.86185453391969,14.90639642273085,8.666588653790463,63.949745310128705,55.28315665633824,D_insufficient_or_unstable_evidence,"{""academic_fit"": 45.86185453391969, ""balanced"": 35.080732036800846, ""labor_market"": 30.95545811118884, ""recruitment"": 42.481427426646555}","{""academic_fit"": 16.56355927268426, ""balanced"": 9.59612113854945, ""labor_market"": 11.334025970723312, ""recruitment"": 8.666588653790463}","{""academic_fit"": 60.79385091940202, ""balanced"": 52.316168705393636, ""labor_market"": 45.514935931722036, ""recruitment"": 63.949745310128705}","{""academic_fit"": {""country_opportunity"": 0.25, ""friendliness"": 0.15, ""labor_demand"": 0.15, ""program_fit"": 0.45}, ""balanced"": {""country_opportunity"": 0.3, ""friendliness"": 0.2, ""labor_demand"": 0.3, ""program_fit"": 0.2}, ""labor_market"": {""country_opportunity"": 0.2, ""friendliness"": 0.15, ""labor_demand"": 0.45, ""program_fit"": 0.2}, ""recruitment"": {""country_opportunity"": 0.4, ""friendliness"": 0.3, ""labor_demand"": 0.1, ""program_fit"": 0.2}}",uncertainty_adjusted_management_priority_index_not_predicted_student_count,not_identified_ex_ante,,,,"incremental qualified applications, offers and enrolments attributable to the recruitment intervention",requires_prospective_campaign_evaluation,24,pre_registered_country_program_campaign_with_matched_comparison_or_stepped_wedge_rollout,qualified_leads;applications;offers;enrolments;yield;cost_per_enrolment,regularized_relative_demand_signal_from_overlapping_queries_not_unique_vacancies,ppml_russia_inbound_structural_allocation_v3;friendliness_receptivity_ex_ante_v3;trudvsem_program_demand_v4;mgimo_program_profiles,calculated_uncertainty_aware_scenario_ensemble,targeted_digital_campaign_with_local_partner_validation,204,216.0,233.0,206.0,124.0,124.0,233.0,109.0
country_program_priority_evidence_v4,LCA,Saint Lucia,Latin America & Caribbean,international_economics,international_economics,Международная экономика и ВЭД,english_with_optional_russian_preparatory_module,CLDR indicates a material functional English-language environment.,8.97353380351016,8.97353380351016,1.278101069562503,8.424937550566439,43.631870514869085,1.0,0.0,0.0,2023,9.140984349303544,9.140984349303544,0.16745054579338386,32.98644103938894,32.98644103938894,11.808651286546793,54.47862185424246,point_score multiplied by probability of positive structural gap,62.98961219976466,35.48961219976465,90.48961219976465,0.45,limited,False,57.5152693379665,"{""economic_legal"": 0.6319141632764691, ""energy_logistics"": 0.4048682836892526}",calculated_from_existing_mgimo_country_profile_scores,16.030923181431294,9.076141467743279,25.775050153533456,2,0,34.60330073725334,42.32640721752416,30.225062872324997,42.59693414140885,38.46485397738875,38.46485397738875,30.225062872324997,42.59693414140885,30.225062872324997,42.59693414140885,12.371871269083854,18.04849322859182,59.97459154477173,41.9260983161799,D_insufficient_or_unstable_evidence,"{""academic_fit"": 42.59693414140885, ""balanced"": 34.60330073725334, ""labor_market"": 30.225062872324997, ""recruitment"": 42.32640721752416}","{""academic_fit"": 28.356011653407144, ""balanced"": 19.71540100982521, ""labor_market"": 18.04849322859182, ""recruitment"": 22.967516061818056}","{""academic_fit"": 54.36839318990807, ""balanced"": 49.31324848549853, ""labor_market"": 43.116351182769655, ""recruitment"": 59.97459154477173}","{""academic_fit"": {""country_opportunity"": 0.25, ""friendliness"": 0.15, ""labor_demand"": 0.15, ""program_fit"": 0.45}, ""balanced"": {""country_opportunity"": 0.3, ""friendliness"": 0.2, ""labor_demand"": 0.3, ""program_fit"": 0.2}, ""labor_market"": {""country_opportunity"": 0.2, ""friendliness"": 0.15, ""labor_demand"": 0.45, ""program_fit"": 0.2}, ""recruitment"": {""country_opportunity"": 0.4, ""friendliness"": 0.3, ""labor_demand"": 0.1, ""program_fit"": 0.2}}",uncertainty_adjusted_management_priority_index_not_predicted_student_count,not_identified_ex_ante,,,,"incremental qualified applications, offers and enrolments attributable to the recruitment intervention",requires_prospective_campaign_evaluation,24,pre_registered_country_program_campaign_with_matched_comparison_or_stepped_wedge_rollout,qualified_leads;applications;offers;enrolments;yield;cost_per_enrolment,regularized_relative_demand_signal_from_overlapping_queries_not_unique_vacancies,ppml_russia_inbound_structural_allocation_v3;friendliness_receptivity_ex_ante_v3;trudvsem_program_demand_v4;mgimo_program_profiles,calculated_uncertainty_aware_scenario_ensemble,targeted_digital_campaign_with_local_partner_validation,205,219.0,234.0,211.0,139.0,139.0,234.0,95.0
country_program_priority_evidence_v4,TKM,Turkmenistan,Europe & Central Asia,international_economics,international_economics,Международная экономика и ВЭД,english_plus_russian_preparatory_year,No broad Russian or English functional-language signal is available in CLDR.,20899.09774144761,20899.09774144761,-4225.610016350272,18289.21137341857,44948.6283143665,0.9066666666666666,0.9,35170.0,2023,53201.18925250277,53201.18925250277,32302.09151105516,100.0,90.66666666666666,0.0,100.0,point_score multiplied by probability of positive structural gap,63.19659916820704,43.19659916820703,83.19659916820703,0.6,limited,False,24.267526912572656,"{""economic_legal"": 0.2080590071115178, ""energy_logistics"": 0.3465240551683529}",calculated_from_existing_mgimo_country_profile_scores,16.030923181431294,9.076141467743279,25.775050153533456,2,0,39.421075321426436,53.26637899443679,31.175788767707402,37.42805417296854,38.424564747197486,38.424564747197486,31.175788767707402,53.26637899443679,31.175788767707402,53.26637899443679,22.09059022672939,7.415445630316146,62.846503058013944,55.431057427697795,D_insufficient_or_unstable_evidence,"{""academic_fit"": 37.42805417296854, ""balanced"": 39.421075321426436, ""labor_market"": 31.175788767707402, ""recruitment"": 53.26637899443679}","{""academic_fit"": 10.571444258741895, ""balanced"": 8.058555866266232, ""labor_market"": 9.429353486820446, ""recruitment"": 7.415445630316146}","{""academic_fit"": 42.743091239400776, ""balanced"": 49.07559611746845, ""labor_market"": 40.581515609078764, ""recruitment"": 62.846503058013944}","{""academic_fit"": {""country_opportunity"": 0.25, ""friendliness"": 0.15, ""labor_demand"": 0.15, ""program_fit"": 0.45}, ""balanced"": {""country_opportunity"": 0.3, ""friendliness"": 0.2, ""labor_demand"": 0.3, ""program_fit"": 0.2}, ""labor_market"": {""country_opportunity"": 0.2, ""friendliness"": 0.15, ""labor_demand"": 0.45, ""program_fit"": 0.2}, ""recruitment"": {""country_opportunity"": 0.4, ""friendliness"": 0.3, ""labor_demand"": 0.1, ""program_fit"": 0.2}}",uncertainty_adjusted_management_priority_index_not_predicted_student_count,not_identified_ex_ante,,,,"incremental qualified applications, offers and enrolments attributable to the recruitment intervention",requires_prospective_campaign_evaluation,24,pre_registered_country_program_campaign_with_matched_comparison_or_stepped_wedge_rollout,qualified_leads;applications;offers;enrolments;yield;cost_per_enrolment,regularized_relative_demand_signal_from_overlapping_queries_not_unique_vacancies,ppml_russia_inbound_structural_allocation_v3;friendliness_receptivity_ex_ante_v3;trudvsem_program_demand_v4;mgimo_program_profiles,calculated_uncertainty_aware_scenario_ensemble,targeted_digital_campaign_with_local_partner_validation,206,201.0,122.0,205.0,187.0,122.0,205.0,83.0
country_program_priority_evidence_v4,MRT,Mauritania,Sub-Saharan Africa,international_economics,international_economics,Международная экономика и ВЭД,english_plus_russian_preparatory_year,No broad Russian or English functional-language signal is available in CLDR.,85.22891647622886,85.22891647622886,-22.40781741650686,76.3924060074627,255.80417385514824,0.9066666666666666,0.0,115.0,2023,181.52672596232594,181.52672596232594,96.29780948609708,63.92387350204404,57.95764530851993,0.0,79.57578351279251,point_score multiplied by probability of positive structural gap,63.88692361596967,36.38692361596967,91.38692361596968,0.45,limited,False,33.2433769053992,"{""economic_legal"": 0.2516817880256818, ""energy_logistics"": 0.5746897121389226}",calculated_from_existing_mgimo_country_profile_scores,16.030923181431294,9.076141467743279,25.775050153533456,2,0,36.77552457003423,47.597152263840854,30.379647653770174,38.49305928304138,37.634291926537806,37.634291926537806,30.379647653770174,47.597152263840854,30.379647653770174,47.597152263840854,17.21750461007068,7.494441747017043,62.738183389332825,55.24374164231578,D_insufficient_or_unstable_evidence,"{""academic_fit"": 38.49305928304138, ""balanced"": 36.77552457003423, ""labor_market"": 30.379647653770174, ""recruitment"": 47.597152263840854}","{""academic_fit"": 11.820618142861536, ""balanced"": 8.281827232889432, ""labor_market"": 9.77201935207663, ""recruitment"": 7.494441747017043}","{""academic_fit"": 46.96673216605303, ""balanced"": 49.647398163067024, ""labor_market"": 41.797957359660614, ""recruitment"": 62.738183389332825}","{""academic_fit"": {""country_opportunity"": 0.25, ""friendliness"": 0.15, ""labor_demand"": 0.15, ""program_fit"": 0.45}, ""balanced"": {""country_opportunity"": 0.3, ""friendliness"": 0.2, ""labor_demand"": 0.3, ""program_fit"": 0.2}, ""labor_market"": {""country_opportunity"": 0.2, ""friendliness"": 0.15, ""labor_demand"": 0.45, ""program_fit"": 0.2}, ""recruitment"": {""country_opportunity"": 0.4, ""friendliness"": 0.3, ""labor_demand"": 0.1, ""program_fit"": 0.2}}",uncertainty_adjusted_management_priority_index_not_predicted_student_count,not_identified_ex_ante,,,,"incremental qualified applications, offers and enrolments attributable to the recruitment intervention",requires_prospective_campaign_evaluation,24,pre_registered_country_program_campaign_with_matched_comparison_or_stepped_wedge_rollout,qualified_leads;applications;offers;enrolments;yield;cost_per_enrolment,regularized_relative_demand_signal_from_overlapping_queries_not_unique_vacancies,ppml_russia_inbound_structural_allocation_v3;friendliness_receptivity_ex_ante_v3;trudvsem_program_demand_v4;mgimo_program_profiles,calculated_uncertainty_aware_scenario_ensemble,targeted_digital_campaign_with_local_partner_validation,207,212.0,179.0,210.0,173.0,173.0,212.0,39.0
country_program_priority_evidence_v4,VUT,Vanuatu,East Asia & Pacific,digital_analytics,digital_analytics,Цифровая аналитика и Data/AI,english_with_optional_russian_preparatory_module,CLDR indicates a material functional English-language environment.,4.967309658328945,4.967309658328945,-0.10409060066543437,4.161207116498346,39.15077959959014,0.9616666666666667,0.0,1.0,2023,5.639762568074264,5.639762568074264,0.6724529097453192,25.619660815621298,24.637573817689148,0.0,52.961111844171505,point_score multiplied by probability of positive structural gap,61.771839752769495,34.271839752769495,89.2718397527695,0.45,limited,False,24.871004399710333,"{""digital_finance_business_informatics"": 0.2263114618578262, ""economic_legal"": 0.338304372554212}",calculated_from_existing_mgimo_country_profile_scores,57.83576220146514,37.1936785476967,76.96065573742321,3,0,39.02561430124042,36.14811450677398,42.26880991324952,33.01982549902849,37.5868644040072,37.5868644040072,33.01982549902849,42.26880991324952,33.01982549902849,42.26880991324952,9.248984414221027,7.955525403478244,58.79417133254773,50.838645929069486,D_insufficient_or_unstable_evidence,"{""academic_fit"": 33.01982549902849, ""balanced"": 39.02561430124042, ""labor_market"": 42.26880991324952, ""recruitment"": 36.14811450677398}","{""academic_fit"": 12.614137097423676, ""balanced"": 11.543150374106705, ""labor_market"": 16.682136519626123, ""recruitment"": 7.955525403478244}","{""academic_fit"": 43.8105792733267, ""balanced"": 57.08718848601219, ""labor_market"": 58.79417133254773, ""recruitment"": 55.83761711654196}","{""academic_fit"": {""country_opportunity"": 0.25, ""friendliness"": 0.15, ""labor_demand"": 0.15, ""program_fit"": 0.45}, ""balanced"": {""country_opportunity"": 0.3, ""friendliness"": 0.2, ""labor_demand"": 0.3, ""program_fit"": 0.2}, ""labor_market"": {""country_opportunity"": 0.2, ""friendliness"": 0.15, ""labor_demand"": 0.45, ""program_fit"": 0.2}, ""recruitment"": {""country_opportunity"": 0.4, ""friendliness"": 0.3, ""labor_demand"": 0.1, ""program_fit"": 0.2}}",uncertainty_adjusted_management_priority_index_not_predicted_student_count,not_identified_ex_ante,,,,"incremental qualified applications, offers and enrolments attributable to the recruitment intervention",requires_prospective_campaign_evaluation,24,pre_registered_country_program_campaign_with_matched_comparison_or_stepped_wedge_rollout,qualified_leads;applications;offers;enrolments;yield;cost_per_enrolment,regularized_relative_demand_signal_from_overlapping_queries_not_unique_vacancies,ppml_russia_inbound_structural_allocation_v3;friendliness_receptivity_ex_ante_v3;trudvsem_program_demand_v4;mgimo_program_profiles,calculated_uncertainty_aware_scenario_ensemble,targeted_digital_campaign_with_local_partner_validation,208,204.0,266.0,179.0,223.0,179.0,266.0,87.0
country_program_priority_evidence_v4,PAK,Pakistan,Middle East & North Africa,international_economics,international_economics,Международная экономика и ВЭД,english_with_optional_russian_preparatory_module,CLDR indicates a material functional English-language environment.,11806.213649600293,11806.213649600293,3534.5364509578976,11024.532333639392,28349.029150718372,1.0,1.0,636.0,2023,12249.822004136931,12249.822004136931,443.6083545366385,100.0,100.0,100.0,100.0,point_score multiplied by probability of positive structural gap,66.37628425283746,38.876284252837465,93.87628425283748,0.45,limited,False,19.691437938138133,"{""economic_legal"": 0.1959135532055026, ""energy_logistics"": 0.1999168579090176}",calculated_from_existing_mgimo_country_profile_scores,16.030923181431294,9.076141467743279,25.775050153533456,2,0,39.37368306692905,53.98103984437641,30.76339625080813,35.304215006400746,37.3389490366649,37.3389490366649,30.76339625080813,53.98103984437641,30.76339625080813,53.98103984437641,23.217643593568283,22.453841534257172,62.58721688273927,40.1333753484821,D_insufficient_or_unstable_evidence,"{""academic_fit"": 35.304215006400746, ""balanced"": 39.37368306692905, ""labor_market"": 30.76339625080813, ""recruitment"": 53.98103984437641}","{""academic_fit"": 30.162415157402496, ""balanced"": 30.287566899448148, ""labor_market"": 22.453841534257172, ""recruitment"": 43.76320709482446}","{""academic_fit"": 39.77388067468291, ""balanced"": 48.29295656078441, ""labor_market"": 39.696600578029596, ""recruitment"": 62.58721688273927}","{""academic_fit"": {""country_opportunity"": 0.25, ""friendliness"": 0.15, ""labor_demand"": 0.15, ""program_fit"": 0.45}, ""balanced"": {""country_opportunity"": 0.3, ""friendliness"": 0.2, ""labor_demand"": 0.3, ""program_fit"": 0.2}, ""labor_market"": {""country_opportunity"": 0.2, ""friendliness"": 0.15, ""labor_demand"": 0.45, ""program_fit"": 0.2}, ""recruitment"": {""country_opportunity"": 0.4, ""friendliness"": 0.3, ""labor_demand"": 0.1, ""program_fit"": 0.2}}",uncertainty_adjusted_management_priority_index_not_predicted_student_count,not_identified_ex_ante,,,,"incremental qualified applications, offers and enrolments attributable to the recruitment intervention",requires_prospective_campaign_evaluation,24,pre_registered_country_program_campaign_with_matched_comparison_or_stepped_wedge_rollout,qualified_leads;applications;offers;enrolments;yield;cost_per_enrolment,regularized_relative_demand_signal_from_overlapping_queries_not_unique_vacancies,ppml_russia_inbound_structural_allocation_v3;friendliness_receptivity_ex_ante_v3;trudvsem_program_demand_v4;mgimo_program_profiles,calculated_uncertainty_aware_scenario_ensemble,digital_recruitment_scholarship_and_olympiad,209,202.0,117.0,207.0,203.0,117.0,207.0,90.0
country_program_priority_evidence_v4,NER,Niger,Sub-Saharan Africa,international_economics,international_economics,Международная экономика и ВЭД,english_plus_russian_preparatory_year,No broad Russian or English functional-language signal is available in CLDR.,494.4652025116648,494.4652025116648,160.9628794116347,471.67872675748697,1062.3091707573137,1.0,0.8166666666666667,27.0,2023,521.5055102083084,521.5055102083084,27.04030769664352,89.0013274889097,89.0013274889097,72.96473150246261,99.95376750000088,point_score multiplied by probability of positive structural gap,64.80558862801902,37.305588628019024,92.30558862801902,0.45,limited,False,22.03938436910126,"{""economic_legal"": 0.141457209597731, ""energy_logistics"": 0.4572037459708574}",calculated_from_existing_mgimo_country_profile_scores,16.030923181431294,9.076141467743279,25.775050153533456,2,0,38.67866602805436,52.296788350842384,30.60688879171757,35.873842067122105,37.27625404758823,37.27625404758823,30.60688879171757,52.296788350842384,30.60688879171757,52.296788350842384,21.689899559124814,21.4264130919824,63.616114357924204,42.18970126594181,D_insufficient_or_unstable_evidence,"{""academic_fit"": 35.873842067122105, ""balanced"": 38.67866602805436, ""labor_market"": 30.60688879171757, ""recruitment"": 52.296788350842384}","{""academic_fit"": 29.109191861045993, ""balanced"": 27.9589534326883, ""labor_market"": 21.4264130919824, ""recruitment"": 39.00234701520116}","{""academic_fit"": 41.63579322811705, ""balanced"": 49.17112886372866, ""labor_market"": 40.454057448881386, ""recruitment"": 63.616114357924204}","{""academic_fit"": {""country_opportunity"": 0.25, ""friendliness"": 0.15, ""labor_demand"": 0.15, ""program_fit"": 0.45}, ""balanced"": {""country_opportunity"": 0.3, ""friendliness"": 0.2, ""labor_demand"": 0.3, ""program_fit"": 0.2}, ""labor_market"": {""country_opportunity"": 0.2, ""friendliness"": 0.15, ""labor_demand"": 0.45, ""program_fit"": 0.2}, ""recruitment"": {""country_opportunity"": 0.4, ""friendliness"": 0.3, ""labor_demand"": 0.1, ""program_fit"": 0.2}}",uncertainty_adjusted_management_priority_index_not_predicted_student_count,not_identified_ex_ante,,,,"incremental qualified applications, offers and enrolments attributable to the recruitment intervention",requires_prospective_campaign_evaluation,24,pre_registered_country_program_campaign_with_matched_comparison_or_stepped_wedge_rollout,qualified_leads;applications;offers;enrolments;yield;cost_per_enrolment,regularized_relative_demand_signal_from_overlapping_queries_not_unique_vacancies,ppml_russia_inbound_structural_allocation_v3;friendliness_receptivity_ex_ante_v3;trudvsem_program_demand_v4;mgimo_program_profiles,calculated_uncertainty_aware_scenario_ensemble,targeted_digital_campaign_with_local_partner_validation,210,205.0,132.0,208.0,196.0,132.0,208.0,76.0
country_program_priority_evidence_v4,BGD,Bangladesh,South Asia,international_economics,international_economics,Международная экономика и ВЭД,english_plus_russian_preparatory_year,No broad Russian or English functional-language signal is available in CLDR.,463.77351122663737,463.77351122663737,-163.85613125144286,400.79882642102916,1588.8601853091898,0.885,0.5616666666666666,541.0,2023,949.34745736248,949.34745736248,485.5739461358426,88.08417939205468,77.9544987619684,0.0,100.0,point_score multiplied by probability of positive structural gap,63.580875490726164,36.08087549072616,91.08087549072617,0.45,limited,False,24.680874176418975,"{""economic_legal"": 0.244784616132352, ""energy_logistics"": 0.2528811186597031}",calculated_from_existing_mgimo_country_profile_scores,16.030923181431294,9.076141467743279,25.775050153533456,2,0,37.86220422699068,50.432016854201656,30.38426518026297,36.353696361376414,37.107950294183546,37.107950294183546,30.38426518026297,50.432016854201656,30.38426518026297,50.432016854201656,20.047751673938684,7.057891964020356,64.76688316148605,57.70899119746569,D_insufficient_or_unstable_evidence,"{""academic_fit"": 36.353696361376414, ""balanced"": 37.86220422699068, ""labor_market"": 30.38426518026297, ""recruitment"": 50.432016854201656}","{""academic_fit"": 10.372171115065575, ""balanced"": 7.805825881765808, ""labor_market"": 9.21415469061908, ""recruitment"": 7.057891964020356}","{""academic_fit"": 43.63835198314431, ""balanced"": 50.12449092072052, ""labor_market"": 41.26377050527859, ""recruitment"": 64.76688316148605}","{""academic_fit"": {""country_opportunity"": 0.25, ""friendliness"": 0.15, ""labor_demand"": 0.15, ""program_fit"": 0.45}, ""balanced"": {""country_opportunity"": 0.3, ""friendliness"": 0.2, ""labor_demand"": 0.3, ""program_fit"": 0.2}, ""labor_market"": {""country_opportunity"": 0.2, ""friendliness"": 0.15, ""labor_demand"": 0.45, ""program_fit"": 0.2}, ""recruitment"": {""country_opportunity"": 0.4, ""friendliness"": 0.3, ""labor_demand"": 0.1, ""program_fit"": 0.2}}",uncertainty_adjusted_management_priority_index_not_predicted_student_count,not_identified_ex_ante,,,,"incremental qualified applications, offers and enrolments attributable to the recruitment intervention",requires_prospective_campaign_evaluation,24,pre_registered_country_program_campaign_with_matched_comparison_or_stepped_wedge_rollout,qualified_leads;applications;offers;enrolments;yield;cost_per_enrolment,regularized_relative_demand_signal_from_overlapping_queries_not_unique_vacancies,ppml_russia_inbound_structural_allocation_v3;friendliness_receptivity_ex_ante_v3;trudvsem_program_demand_v4;mgimo_program_profiles,calculated_uncertainty_aware_scenario_ensemble,targeted_digital_campaign_with_local_partner_validation,211,208.0,142.0,209.0,194.0,142.0,209.0,67.0
country_program_priority_evidence_v4,TLS,Timor-Leste,East Asia & Pacific,international_economics,international_economics,Международная экономика и ВЭД,english_plus_russian_preparatory_year,No broad Russian or English functional-language signal is available in CLDR.,27.276727630199744,27.276727630199744,4.729599494410095,24.742779437199516,119.73734598660553,1.0,0.0,0.0,2023,27.40775645015645,27.40775645015645,0.1310288199567067,47.932649446427455,47.932649446427455,25.036636946785155,68.75167479870697,point_score multiplied by probability of positive structural gap,62.59343089263013,35.09343089263013,90.09343089263014,0.45,limited,False,35.694299000076775,"{""economic_legal"": 0.3975805584998281, ""energy_logistics"": 0.2350302845035867}",calculated_from_existing_mgimo_country_profile_scores,16.030923181431294,9.076141467743279,25.775050153533456,2,0,35.11816967927427,44.52309367805745,29.586058760351964,37.787246254938864,36.45270796710656,36.45270796710656,29.586058760351964,44.52309367805745,29.586058760351964,44.52309367805745,14.937034917705486,18.915244659618896,59.79148617670597,40.87624151708708,D_insufficient_or_unstable_evidence,"{""academic_fit"": 37.787246254938864, ""balanced"": 35.11816967927427, ""labor_market"": 29.586058760351964, ""recruitment"": 44.52309367805745}","{""academic_fit"": 27.400127227544868, ""balanced"": 22.16908260649182, ""labor_market"": 18.915244659618896, ""recruitment"": 27.694286184357953}","{""academic_fit"": 46.635781300023766, ""balanced"": 48.07078752313586, ""labor_market"": 41.0876179710756, ""recruitment"": 59.79148617670597}","{""academic_fit"": {""country_opportunity"": 0.25, ""friendliness"": 0.15, ""labor_demand"": 0.15, ""program_fit"": 0.45}, ""balanced"": {""country_opportunity"": 0.3, ""friendliness"": 0.2, ""labor_demand"": 0.3, ""program_fit"": 0.2}, ""labor_market"": {""country_opportunity"": 0.2, ""friendliness"": 0.15, ""labor_demand"": 0.45, ""program_fit"": 0.2}, ""recruitment"": {""country_opportunity"": 0.4, ""friendliness"": 0.3, ""labor_demand"": 0.1, ""program_fit"": 0.2}}",uncertainty_adjusted_management_priority_index_not_predicted_student_count,not_identified_ex_ante,,,,"incremental qualified applications, offers and enrolments attributable to the recruitment intervention",requires_prospective_campaign_evaluation,24,pre_registered_country_program_campaign_with_matched_comparison_or_stepped_wedge_rollout,qualified_leads;applications;offers;enrolments;yield;cost_per_enrolment,regularized_relative_demand_signal_from_overlapping_queries_not_unique_vacancies,ppml_russia_inbound_structural_allocation_v3;friendliness_receptivity_ex_ante_v3;trudvsem_program_demand_v4;mgimo_program_profiles,calculated_uncertainty_aware_scenario_ensemble,targeted_digital_campaign_with_local_partner_validation,212,215.0,212.0,216.0,182.0,182.0,216.0,34.0
country_program_priority_evidence_v4,PNG,Papua New Guinea,East Asia & Pacific,international_economics,international_economics,Международная экономика и ВЭД,english_with_optional_russian_preparatory_module,CLDR indicates a material functional English-language environment.,25.183200459503766,25.183200459503766,2.443868362542755,21.851276343177602,137.80922318967646,0.9983333333333333,0.0,0.0,2023,26.80631140168923,26.80631140168923,1.6231109421854624,46.82942086685528,46.75137183207718,17.735666735589938,70.75218696096665,point_score multiplied by probability of positive structural gap,58.32402005653885,30.82402005653885,85.82402005653886,0.45,limited,False,37.76887474592143,"{""economic_legal"": 0.3008633735560228, ""energy_logistics"": 0.6081648691687889}",calculated_from_existing_mgimo_country_profile_scores,16.030923181431294,9.076141467743279,25.775050153533456,2,0,34.76070634852263,43.6578754393288,29.458742716398973,38.09893555025195,36.42982094938729,36.42982094938729,29.458742716398973,43.6578754393288,29.458742716398973,43.6578754393288,14.199132722929825,17.571335343602527,60.26627081968312,42.694935476080595,D_insufficient_or_unstable_evidence,"{""academic_fit"": 38.09893555025195, ""balanced"": 34.76070634852263, ""labor_market"": 29.458742716398973, ""recruitment"": 43.6578754393288}","{""academic_fit"": 25.38462469923044, ""balanced"": 19.802284511901895, ""labor_market"": 17.571335343602527, ""recruitment"": 23.637354249798292}","{""academic_fit"": 47.798071827625485, ""balanced"": 48.54817113207218, ""labor_market"": 41.477914241102084, ""recruitment"": 60.26627081968312}","{""academic_fit"": {""country_opportunity"": 0.25, ""friendliness"": 0.15, ""labor_demand"": 0.15, ""program_fit"": 0.45}, ""balanced"": {""country_opportunity"": 0.3, ""friendliness"": 0.2, ""labor_demand"": 0.3, ""program_fit"": 0.2}, ""labor_market"": {""country_opportunity"": 0.2, ""friendliness"": 0.15, ""labor_demand"": 0.45, ""program_fit"": 0.2}, ""recruitment"": {""country_opportunity"": 0.4, ""friendliness"": 0.3, ""labor_demand"": 0.1, ""program_fit"": 0.2}}",uncertainty_adjusted_management_priority_index_not_predicted_student_count,not_identified_ex_ante,,,,"incremental qualified applications, offers and enrolments attributable to the recruitment intervention",requires_prospective_campaign_evaluation,24,pre_registered_country_program_campaign_with_matched_comparison_or_stepped_wedge_rollout,qualified_leads;applications;offers;enrolments;yield;cost_per_enrolment,regularized_relative_demand_signal_from_overlapping_queries_not_unique_vacancies,ppml_russia_inbound_structural_allocation_v3;friendliness_receptivity_ex_ante_v3;trudvsem_program_demand_v4;mgimo_program_profiles,calculated_uncertainty_aware_scenario_ensemble,targeted_digital_campaign_with_local_partner_validation,213,217.0,224.0,217.0,178.0,178.0,224.0,46.0
country_program_priority_evidence_v4,BFA,Burkina Faso,Sub-Saharan Africa,international_economics,international_economics,Международная экономика и ВЭД,english_plus_russian_preparatory_year,No broad Russian or English functional-language signal is available in CLDR.,235.41478397807734,235.41478397807734,74.28192356188265,217.03767895358453,463.0755403403525,1.0,0.035,32.0,2023,272.4262376500111,272.4262376500111,37.011453671933765,78.38929933944887,78.38929933944887,61.97667856140877,88.06262468380872,point_score multiplied by probability of positive structural gap,64.97678479047427,37.47678479047427,92.47678479047427,0.45,limited,False,22.46249979535932,"{""economic_legal"": 0.1737484854800246, ""energy_logistics"": 0.377254535374299}",calculated_from_existing_mgimo_country_profile_scores,16.030923181431294,9.076141467743279,25.775050153533456,2,0,37.40518093269704,49.95735464729543,29.968964276207842,35.06565421951423,36.23541757610563,36.23541757610563,29.968964276207842,49.95735464729543,29.968964276207842,49.95735464729543,19.98839037108759,20.837790358396674,60.759730317939564,39.92193995954289,D_insufficient_or_unstable_evidence,"{""academic_fit"": 35.06565421951423, ""balanced"": 37.40518093269704, ""labor_market"": 29.968964276207842, ""recruitment"": 49.95735464729543}","{""academic_fit"": 28.21083530922189, ""balanced"": 26.76303979673133, ""labor_market"": 20.837790358396674, ""recruitment"": 36.75483193490094}","{""academic_fit"": 40.69452975159845, ""balanced"": 47.54687414932249, ""labor_market"": 39.607440392187456, ""recruitment"": 60.759730317939564}","{""academic_fit"": {""country_opportunity"": 0.25, ""friendliness"": 0.15, ""labor_demand"": 0.15, ""program_fit"": 0.45}, ""balanced"": {""country_opportunity"": 0.3, ""friendliness"": 0.2, ""labor_demand"": 0.3, ""program_fit"": 0.2}, ""labor_market"": {""country_opportunity"": 0.2, ""friendliness"": 0.15, ""labor_demand"": 0.45, ""program_fit"": 0.2}, ""recruitment"": {""country_opportunity"": 0.4, ""friendliness"": 0.3, ""labor_demand"": 0.1, ""program_fit"": 0.2}}",uncertainty_adjusted_management_priority_index_not_predicted_student_count,not_identified_ex_ante,,,,"incremental qualified applications, offers and enrolments attributable to the recruitment intervention",requires_prospective_campaign_evaluation,24,pre_registered_country_program_campaign_with_matched_comparison_or_stepped_wedge_rollout,qualified_leads;applications;offers;enrolments;yield;cost_per_enrolment,regularized_relative_demand_signal_from_overlapping_queries_not_unique_vacancies,ppml_russia_inbound_structural_allocation_v3;friendliness_receptivity_ex_ante_v3;trudvsem_program_demand_v4;mgimo_program_profiles,calculated_uncertainty_aware_scenario_ensemble,targeted_digital_campaign_with_local_partner_validation,214,210.0,149.0,213.0,210.0,149.0,213.0,64.0
country_program_priority_evidence_v4,VEN,"Venezuela, Bolivarian Republic of",Latin America & Caribbean,international_economics,international_economics,Международная экономика и ВЭД,english_plus_russian_preparatory_year,No broad Russian or English functional-language signal is available in CLDR.,735.3116014831353,735.3116014831353,140.5942067213212,668.9637176868814,1953.146147813945,0.9983333333333333,0.885,153.0,2023,886.8145213958945,886.8145213958945,151.5029199127592,94.6831340853919,94.52532886191624,71.03709420528718,100.0,point_score multiplied by probability of positive structural gap,66.4158160638801,38.9158160638801,93.91581606388011,0.45,limited,False,18.754320227539914,"{""economic_legal"": 0.1495755465702976, ""energy_logistics"": 0.3014461693907038}",calculated_from_existing_mgimo_country_profile_scores,16.030923181431294,9.076141467743279,25.775050153533456,2,0,38.368111437958305,52.31314361432652,30.14436969256728,34.10014296892271,36.23412720344051,36.23412720344051,30.14436969256728,52.31314361432652,30.14436969256728,52.31314361432652,22.16877392175924,20.795839101476233,62.01749192452621,41.22165282304998,D_insufficient_or_unstable_evidence,"{""academic_fit"": 34.10014296892271, ""balanced"": 38.368111437958305, ""labor_market"": 30.14436969256728, ""recruitment"": 52.31314361432652}","{""academic_fit"": 27.150729531453432, ""balanced"": 27.120343095043587, ""labor_market"": 20.795839101476233, ""recruitment"": 37.88841590616948}","{""academic_fit"": 38.95536176542031, ""balanced"": 47.85135734086407, ""labor_market"": 39.33278866542595, ""recruitment"": 62.01749192452621}","{""academic_fit"": {""country_opportunity"": 0.25, ""friendliness"": 0.15, ""labor_demand"": 0.15, ""program_fit"": 0.45}, ""balanced"": {""country_opportunity"": 0.3, ""friendliness"": 0.2, ""labor_demand"": 0.3, ""program_fit"": 0.2}, ""labor_market"": {""country_opportunity"": 0.2, ""friendliness"": 0.15, ""labor_demand"": 0.45, ""program_fit"": 0.2}, ""recruitment"": {""country_opportunity"": 0.4, ""friendliness"": 0.3, ""labor_demand"": 0.1, ""program_fit"": 0.2}}",uncertainty_adjusted_management_priority_index_not_predicted_student_count,not_identified_ex_ante,,,,"incremental qualified applications, offers and enrolments attributable to the recruitment intervention",requires_prospective_campaign_evaluation,24,pre_registered_country_program_campaign_with_matched_comparison_or_stepped_wedge_rollout,qualified_leads;applications;offers;enrolments;yield;cost_per_enrolment,regularized_relative_demand_signal_from_overlapping_queries_not_unique_vacancies,ppml_russia_inbound_structural_allocation_v3;friendliness_receptivity_ex_ante_v3;trudvsem_program_demand_v4;mgimo_program_profiles,calculated_uncertainty_aware_scenario_ensemble,digital_recruitment_scholarship_and_olympiad,215,206.0,131.0,212.0,216.0,131.0,216.0,85.0
country_program_priority_evidence_v4,WSM,Samoa,East Asia & Pacific,international_economics,international_economics,Международная экономика и ВЭД,english_with_optional_russian_preparatory_module,CLDR indicates a material functional English-language environment.,8.188233849857886,8.188233849857886,1.1029210424256626,7.513847497798567,45.765539041974925,1.0,0.0,0.0,2023,8.286487221812092,8.286487221812092,0.09825337195420498,31.810208406227137,31.810208406227137,10.661050944931748,55.148385975815806,point_score multiplied by probability of positive structural gap,60.79980050541498,33.299800505414986,88.29980050541499,0.45,limited,False,49.084979775206826,"{""economic_legal"": 0.5046923502433557, ""energy_logistics"": 0.4493221402782059}",calculated_from_existing_mgimo_country_profile_scores,16.030923181431294,9.076141467743279,25.775050153533456,2,0,32.96034092001717,40.03535310903183,28.941908825982456,39.16363904250736,36.061989981262265,36.061989981262265,28.941908825982456,40.03535310903183,28.941908825982456,40.03535310903183,11.093444283049376,17.011547406588303,57.99401991271264,40.98247250612434,D_insufficient_or_unstable_evidence,"{""academic_fit"": 39.16363904250736, ""balanced"": 32.96034092001717, ""labor_market"": 28.941908825982456, ""recruitment"": 40.03535310903183}","{""academic_fit"": 25.586996114950228, ""balanced"": 18.35219563986198, ""labor_market"": 17.011547406588303, ""recruitment"": 21.049030999341277}","{""academic_fit"": 50.6603795092065, ""balanced"": 47.74308688619679, ""labor_market"": 41.74397361509462, ""recruitment"": 57.99401991271264}","{""academic_fit"": {""country_opportunity"": 0.25, ""friendliness"": 0.15, ""labor_demand"": 0.15, ""program_fit"": 0.45}, ""balanced"": {""country_opportunity"": 0.3, ""friendliness"": 0.2, ""labor_demand"": 0.3, ""program_fit"": 0.2}, ""labor_market"": {""country_opportunity"": 0.2, ""friendliness"": 0.15, ""labor_demand"": 0.45, ""program_fit"": 0.2}, ""recruitment"": {""country_opportunity"": 0.4, ""friendliness"": 0.3, ""labor_demand"": 0.1, ""program_fit"": 0.2}}",uncertainty_adjusted_management_priority_index_not_predicted_student_count,not_identified_ex_ante,,,,"incremental qualified applications, offers and enrolments attributable to the recruitment intervention",requires_prospective_campaign_evaluation,24,pre_registered_country_program_campaign_with_matched_comparison_or_stepped_wedge_rollout,qualified_leads;applications;offers;enrolments;yield;cost_per_enrolment,regularized_relative_demand_signal_from_overlapping_queries_not_unique_vacancies,ppml_russia_inbound_structural_allocation_v3;friendliness_receptivity_ex_ante_v3;trudvsem_program_demand_v4;mgimo_program_profiles,calculated_uncertainty_aware_scenario_ensemble,targeted_digital_campaign_with_local_partner_validation,216,226.0,245.0,219.0,165.0,165.0,245.0,80.0
country_program_priority_evidence_v4,UGA,Uganda,Sub-Saharan Africa,international_economics,international_economics,Международная экономика и ВЭД,english_with_optional_russian_preparatory_module,CLDR indicates a material functional English-language environment.,243.71786376458914,243.71786376458914,30.848241576477772,229.01802169931238,628.9893447637004,1.0,0.09833333333333333,99.0,2023,330.2004674675871,330.2004674675871,86.48260370299793,78.88437024465559,78.88437024465559,49.638570683699605,92.44643962579326,point_score multiplied by probability of positive structural gap,64.20508339789163,36.70508339789163,91.70508339789163,0.45,limited,False,21.338856318629134,"{""economic_legal"": 0.1631543910870162, ""energy_logistics"": 0.3640910794841168}",calculated_from_existing_mgimo_country_profile_scores,16.030923181431294,9.076141467743279,25.775050153533456,2,0,37.02176381834398,49.4178440958078,29.66078084949393,34.29252370768735,35.65714376301567,35.65714376301567,29.66078084949393,49.4178440958078,29.66078084949393,49.4178440958078,19.757063246313873,19.69379904803431,61.181484550192565,41.48768550215826,D_insufficient_or_unstable_evidence,"{""academic_fit"": 34.29252370768735, ""balanced"": 37.02176381834398, ""labor_market"": 29.66078084949393, ""recruitment"": 49.4178440958078}","{""academic_fit"": 26.05136782866874, ""balanced"": 24.723132868045354, ""labor_market"": 19.69379904803431, ""recruitment"": 33.153759753668375}","{""academic_fit"": 40.23664978054363, ""balanced"": 47.686938166199525, ""labor_market"": 39.55009483344927, ""recruitment"": 61.181484550192565}","{""academic_fit"": {""country_opportunity"": 0.25, ""friendliness"": 0.15, ""labor_demand"": 0.15, ""program_fit"": 0.45}, ""balanced"": {""country_opportunity"": 0.3, ""friendliness"": 0.2, ""labor_demand"": 0.3, ""program_fit"": 0.2}, ""labor_market"": {""country_opportunity"": 0.2, ""friendliness"": 0.15, ""labor_demand"": 0.45, ""program_fit"": 0.2}, ""recruitment"": {""country_opportunity"": 0.4, ""friendliness"": 0.3, ""labor_demand"": 0.1, ""program_fit"": 0.2}}",uncertainty_adjusted_management_priority_index_not_predicted_student_count,not_identified_ex_ante,,,,"incremental qualified applications, offers and enrolments attributable to the recruitment intervention",requires_prospective_campaign_evaluation,24,pre_registered_country_program_campaign_with_matched_comparison_or_stepped_wedge_rollout,qualified_leads;applications;offers;enrolments;yield;cost_per_enrolment,regularized_relative_demand_signal_from_overlapping_queries_not_unique_vacancies,ppml_russia_inbound_structural_allocation_v3;friendliness_receptivity_ex_ante_v3;trudvsem_program_demand_v4;mgimo_program_profiles,calculated_uncertainty_aware_scenario_ensemble,targeted_digital_campaign_with_local_partner_validation,217,211.0,159.0,215.0,215.0,159.0,215.0,56.0
country_program_priority_evidence_v4,SLB,Solomon Islands,East Asia & Pacific,international_economics,international_economics,Международная экономика и ВЭД,english_with_optional_russian_preparatory_module,CLDR indicates a material functional English-language environment.,28.254208583079443,28.254208583079443,3.3084598312829843,25.323468557890585,167.42941979665304,1.0,0.0,0.0,2023,28.254208583079443,28.254208583079443,0.0,48.420064074677036,48.420064074677036,20.94813681084757,73.52622850777395,point_score multiplied by probability of positive structural gap,63.665778860050914,36.165778860050914,91.16577886005092,0.45,limited,False,32.413418357918964,"{""economic_legal"": 0.2672374481035547, ""energy_logistics"": 0.4948243900060942}",calculated_from_existing_mgimo_country_profile_scores,16.030923181431294,9.076141467743279,25.775050153533456,2,0,34.6848769972552,44.09103588716851,29.167676271645565,36.40874980141203,35.546813399333615,35.546813399333615,29.167676271645565,44.09103588716851,29.167676271645565,44.09103588716851,14.923359615522944,18.01964541163877,60.468668258488414,42.449022846849644,D_insufficient_or_unstable_evidence,"{""academic_fit"": 36.40874980141203, ""balanced"": 34.6848769972552, ""labor_market"": 29.167676271645565, ""recruitment"": 44.09103588716851}","{""academic_fit"": 25.281804802255003, ""balanced"": 20.79213230793989, ""labor_market"": 18.01964541163877, ""recruitment"": 25.60909720085281}","{""academic_fit"": 45.5370947684928, ""balanced"": 48.237920610734264, ""labor_market"": 40.934427717328205, ""recruitment"": 60.468668258488414}","{""academic_fit"": {""country_opportunity"": 0.25, ""friendliness"": 0.15, ""labor_demand"": 0.15, ""program_fit"": 0.45}, ""balanced"": {""country_opportunity"": 0.3, ""friendliness"": 0.2, ""labor_demand"": 0.3, ""program_fit"": 0.2}, ""labor_market"": {""country_opportunity"": 0.2, ""friendliness"": 0.15, ""labor_demand"": 0.45, ""program_fit"": 0.2}, ""recruitment"": {""country_opportunity"": 0.4, ""friendliness"": 0.3, ""labor_demand"": 0.1, ""program_fit"": 0.2}}",uncertainty_adjusted_management_priority_index_not_predicted_student_count,not_identified_ex_ante,,,,"incremental qualified applications, offers and enrolments attributable to the recruitment intervention",requires_prospective_campaign_evaluation,24,pre_registered_country_program_campaign_with_matched_comparison_or_stepped_wedge_rollout,qualified_leads;applications;offers;enrolments;yield;cost_per_enrolment,regularized_relative_demand_signal_from_overlapping_queries_not_unique_vacancies,ppml_russia_inbound_structural_allocation_v3;friendliness_receptivity_ex_ante_v3;trudvsem_program_demand_v4;mgimo_program_profiles,calculated_uncertainty_aware_scenario_ensemble,targeted_digital_campaign_with_local_partner_validation,218,218.0,219.0,218.0,193.0,193.0,219.0,26.0
country_program_priority_evidence_v4,MLI,Mali,Sub-Saharan Africa,international_economics,international_economics,Международная экономика и ВЭД,english_plus_russian_preparatory_year,No broad Russian or English functional-language signal is available in CLDR.,784.3979453296448,784.3979453296448,268.8487015801145,725.5983064700426,1402.6719095326164,1.0,0.98,196.0,2023,965.5455456755742,965.5455456755742,181.14760034592936,95.60874724951063,95.60874724951063,80.28641203932513,100.0,point_score multiplied by probability of positive structural gap,66.36127576000781,38.86127576000782,93.86127576000783,0.45,limited,False,17.254271994154006,"{""economic_legal"": 0.1152378012270832, ""energy_logistics"": 0.3444574760849107}",calculated_from_existing_mgimo_country_profile_scores,16.030923181431294,9.076141467743279,25.775050153533456,2,0,37.88872426749595,51.71362954736561,29.735383970181427,32.99848837145139,35.44360631947367,35.44360631947367,29.735383970181427,51.71362954736561,29.735383970181427,51.71362954736561,21.978245577184186,20.966223690994656,61.03511916364839,40.068895472653736,D_insufficient_or_unstable_evidence,"{""academic_fit"": 32.99848837145139, ""balanced"": 37.88872426749595, ""labor_market"": 29.735383970181427, ""recruitment"": 51.71362954736561}","{""academic_fit"": 27.000634203250673, ""balanced"": 27.67294829998963, ""labor_market"": 20.966223690994656, ""recruitment"": 39.12492295204713}","{""academic_fit"": 37.592039693092815, ""balanced"": 47.09608665977407, ""labor_market"": 38.71308494130498, ""recruitment"": 61.03511916364839}","{""academic_fit"": {""country_opportunity"": 0.25, ""friendliness"": 0.15, ""labor_demand"": 0.15, ""program_fit"": 0.45}, ""balanced"": {""country_opportunity"": 0.3, ""friendliness"": 0.2, ""labor_demand"": 0.3, ""program_fit"": 0.2}, ""labor_market"": {""country_opportunity"": 0.2, ""friendliness"": 0.15, ""labor_demand"": 0.45, ""program_fit"": 0.2}, ""recruitment"": {""country_opportunity"": 0.4, ""friendliness"": 0.3, ""labor_demand"": 0.1, ""program_fit"": 0.2}}",uncertainty_adjusted_management_priority_index_not_predicted_student_count,not_identified_ex_ante,,,,"incremental qualified applications, offers and enrolments attributable to the recruitment intervention",requires_prospective_campaign_evaluation,24,pre_registered_country_program_campaign_with_matched_comparison_or_stepped_wedge_rollout,qualified_leads;applications;offers;enrolments;yield;cost_per_enrolment,regularized_relative_demand_signal_from_overlapping_queries_not_unique_vacancies,ppml_russia_inbound_structural_allocation_v3;friendliness_receptivity_ex_ante_v3;trudvsem_program_demand_v4;mgimo_program_profiles,calculated_uncertainty_aware_scenario_ensemble,digital_recruitment_scholarship_and_olympiad,219,207.0,136.0,214.0,224.0,136.0,224.0,88.0
country_program_priority_evidence_v4,COK,Cook Islands,,international_economics,international_economics,Международная экономика и ВЭД,english_with_optional_russian_preparatory_module,CLDR indicates a material functional English-language environment.,9.385047583606324,9.385047583606324,0.5712077375165258,9.19715385279822,81.51010851340784,0.99,0.0033333333333333335,1.0,2023,10.252419450308775,10.252419450308775,0.8673718667024498,33.56633145335767,33.23066813882409,6.480507027515753,63.291594954977334,point_score multiplied by probability of positive structural gap,50.0,0.0,100.0,0.0,,,50.0,{},calculated_from_existing_mgimo_country_profile_scores,16.030923181431294,9.076141467743279,25.775050153533456,2,0,32.24057409420135,38.579241402962985,28.462198855549236,38.771294757848224,35.40990774858217,35.40990774858217,28.462198855549236,38.771294757848224,28.462198855549236,38.771294757848224,10.309095902298989,6.12483651829765,63.7563994374584,57.63156291916075,D_insufficient_or_unstable_evidence,"{""academic_fit"": 38.771294757848224, ""balanced"": 32.24057409420135, ""labor_market"": 28.462198855549236, ""recruitment"": 38.579241402962985}","{""academic_fit"": 13.585076949635605, ""balanced"": 7.94987406344832, ""labor_market"": 9.193085172997842, ""recruitment"": 6.12483651829765}","{""academic_fit"": 53.81848962601734, ""balanced"": 51.14724950761875, ""labor_market"": 43.84805555810692, ""recruitment"": 63.7563994374584}","{""academic_fit"": {""country_opportunity"": 0.25, ""friendliness"": 0.15, ""labor_demand"": 0.15, ""program_fit"": 0.45}, ""balanced"": {""country_opportunity"": 0.3, ""friendliness"": 0.2, ""labor_demand"": 0.3, ""program_fit"": 0.2}, ""labor_market"": {""country_opportunity"": 0.2, ""friendliness"": 0.15, ""labor_demand"": 0.45, ""program_fit"": 0.2}, ""recruitment"": {""country_opportunity"": 0.4, ""friendliness"": 0.3, ""labor_demand"": 0.1, ""program_fit"": 0.2}}",uncertainty_adjusted_management_priority_index_not_predicted_student_count,not_identified_ex_ante,,,,"incremental qualified applications, offers and enrolments attributable to the recruitment intervention",requires_prospective_campaign_evaluation,24,pre_registered_country_program_campaign_with_matched_comparison_or_stepped_wedge_rollout,qualified_leads;applications;offers;enrolments;yield;cost_per_enrolment,regularized_relative_demand_signal_from_overlapping_queries_not_unique_vacancies,ppml_russia_inbound_structural_allocation_v3;friendliness_receptivity_ex_ante_v3;trudvsem_program_demand_v4;mgimo_program_profiles,calculated_uncertainty_aware_scenario_ensemble,targeted_digital_campaign_with_local_partner_validation,220,231.0,257.0,223.0,170.0,170.0,257.0,87.0
country_program_priority_evidence_v4,FJI,Fiji,East Asia & Pacific,international_economics,international_economics,Международная экономика и ВЭД,english_with_optional_russian_preparatory_module,CLDR indicates a material functional English-language environment.,7.627020882740514,7.627020882740514,1.2039860349869458,6.669231625580992,43.267269859997896,1.0,0.0,0.0,2023,7.627020882740514,7.627020882740514,0.0,30.906289889035474,30.906289889035474,11.334283146520756,54.36097719416004,point_score multiplied by probability of positive structural gap,61.005519145266774,33.505519145266774,88.50551914526677,0.45,limited,False,46.76447283191683,"{""economic_legal"": 0.4674191587582244, ""energy_logistics"": 0.4683214370019999}",calculated_from_existing_mgimo_country_profile_scores,16.030923181431294,9.076141467743279,25.775050153533456,2,0,32.39813737815033,39.25573110024412,28.523093335347543,38.0886191848521,35.243378281501215,35.243378281501215,28.523093335347543,39.25573110024412,28.523093335347543,39.25573110024412,10.732637764896577,17.056428851413276,57.162221308193416,40.10579245678014,D_insufficient_or_unstable_evidence,"{""academic_fit"": 38.0886191848521, ""balanced"": 32.39813737815033, ""labor_market"": 28.523093335347543, ""recruitment"": 39.25573110024412}","{""academic_fit"": 25.423291263659685, ""balanced"": 18.509717403554948, ""labor_market"": 17.056428851413276, ""recruitment"": 21.361964300153343}","{""academic_fit"": 49.432642205349424, ""balanced"": 47.11398065538363, ""labor_market"": 41.24739044466521, ""recruitment"": 57.162221308193416}","{""academic_fit"": {""country_opportunity"": 0.25, ""friendliness"": 0.15, ""labor_demand"": 0.15, ""program_fit"": 0.45}, ""balanced"": {""country_opportunity"": 0.3, ""friendliness"": 0.2, ""labor_demand"": 0.3, ""program_fit"": 0.2}, ""labor_market"": {""country_opportunity"": 0.2, ""friendliness"": 0.15, ""labor_demand"": 0.45, ""program_fit"": 0.2}, ""recruitment"": {""country_opportunity"": 0.4, ""friendliness"": 0.3, ""labor_demand"": 0.1, ""program_fit"": 0.2}}",uncertainty_adjusted_management_priority_index_not_predicted_student_count,not_identified_ex_ante,,,,"incremental qualified applications, offers and enrolments attributable to the recruitment intervention",requires_prospective_campaign_evaluation,24,pre_registered_country_program_campaign_with_matched_comparison_or_stepped_wedge_rollout,qualified_leads;applications;offers;enrolments;yield;cost_per_enrolment,regularized_relative_demand_signal_from_overlapping_queries_not_unique_vacancies,ppml_russia_inbound_structural_allocation_v3;friendliness_receptivity_ex_ante_v3;trudvsem_program_demand_v4;mgimo_program_profiles,calculated_uncertainty_aware_scenario_ensemble,targeted_digital_campaign_with_local_partner_validation,221,230.0,251.0,221.0,180.0,180.0,251.0,71.0
country_program_priority_evidence_v4,BLZ,Belize,Latin America & Caribbean,international_economics,international_economics,Международная экономика и ВЭД,english_with_optional_russian_preparatory_module,CLDR indicates a material functional English-language environment.,6.894533153218362,6.894533153218362,1.0634033288584959,6.389389284185105,29.662294986961243,1.0,0.0,0.0,2023,7.018126241475589,7.018126241475589,0.12359308825722808,29.63371263927034,29.63371263927034,10.388967789483372,49.094301282291816,point_score multiplied by probability of positive structural gap,62.5769583728075,35.0769583728075,90.07695837280751,0.45,limited,False,46.87755459266166,"{""economic_legal"": 0.4555716177956307, ""energy_logistics"": 0.5083873303195743}",calculated_from_existing_mgimo_country_profile_scores,16.030923181431294,9.076141467743279,25.775050153533456,2,0,32.18076136344853,38.93127390737848,28.411691646193056,37.88511477721936,35.03293807033394,35.03293807033394,28.411691646193056,38.93127390737848,28.411691646193056,38.93127390737848,10.519582261185427,16.907087248089432,55.235200198204446,38.32811295011501,D_insufficient_or_unstable_evidence,"{""academic_fit"": 37.88511477721936, ""balanced"": 32.18076136344853, ""labor_market"": 28.411691646193056, ""recruitment"": 38.93127390737848}","{""academic_fit"": 25.115262703141987, ""balanced"": 18.24250977360965, ""labor_market"": 16.907087248089432, ""recruitment"": 20.979598102545715}","{""academic_fit"": 48.39003217228577, ""balanced"": 45.90313074379918, ""labor_market"": 40.55576450196254, ""recruitment"": 55.235200198204446}","{""academic_fit"": {""country_opportunity"": 0.25, ""friendliness"": 0.15, ""labor_demand"": 0.15, ""program_fit"": 0.45}, ""balanced"": {""country_opportunity"": 0.3, ""friendliness"": 0.2, ""labor_demand"": 0.3, ""program_fit"": 0.2}, ""labor_market"": {""country_opportunity"": 0.2, ""friendliness"": 0.15, ""labor_demand"": 0.45, ""program_fit"": 0.2}, ""recruitment"": {""country_opportunity"": 0.4, ""friendliness"": 0.3, ""labor_demand"": 0.1, ""program_fit"": 0.2}}",uncertainty_adjusted_management_priority_index_not_predicted_student_count,not_identified_ex_ante,,,,"incremental qualified applications, offers and enrolments attributable to the recruitment intervention",requires_prospective_campaign_evaluation,24,pre_registered_country_program_campaign_with_matched_comparison_or_stepped_wedge_rollout,qualified_leads;applications;offers;enrolments;yield;cost_per_enrolment,regularized_relative_demand_signal_from_overlapping_queries_not_unique_vacancies,ppml_russia_inbound_structural_allocation_v3;friendliness_receptivity_ex_ante_v3;trudvsem_program_demand_v4;mgimo_program_profiles,calculated_uncertainty_aware_scenario_ensemble,targeted_digital_campaign_with_local_partner_validation,222,232.0,253.0,224.0,181.0,181.0,253.0,72.0
country_program_priority_evidence_v4,BRB,Barbados,Latin America & Caribbean,international_economics,international_economics,Международная экономика и ВЭД,english_with_optional_russian_preparatory_module,CLDR indicates a material functional English-language environment.,4.888493575201069,4.888493575201069,0.6790261582998952,4.477979354785928,20.495411214628316,1.0,0.0,0.0,2023,5.332909213131059,5.332909213131059,0.4444156379299898,25.42896543863592,25.42896543863592,7.432398924964803,43.999985950642355,point_score multiplied by probability of positive structural gap,62.823126256796314,35.323126256796314,90.32312625679633,0.45,limited,False,54.967178855106816,"{""economic_legal"": 0.6191306893720286, ""energy_logistics"": 0.3412950860881866}",calculated_from_existing_mgimo_country_profile_scores,16.030923181431294,9.076141467743279,25.775050153533456,2,0,31.787504159841145,37.906581073119014,28.476410086432036,39.19233545390271,34.84704261648008,34.84704261648008,28.476410086432036,39.19233545390271,28.476410086432036,39.19233545390271,10.715925367470671,16.44240860922235,54.63834311162765,38.195934502405294,D_insufficient_or_unstable_evidence,"{""academic_fit"": 39.19233545390271, ""balanced"": 31.787504159841145, ""labor_market"": 28.476410086432036, ""recruitment"": 37.906581073119014}","{""academic_fit"": 25.0183158412073, ""balanced"": 17.221682314737485, ""labor_market"": 16.44240860922235, ""recruitment"": 19.232252792248563}","{""academic_fit"": 50.55899323728605, ""balanced"": 45.884316292421005, ""labor_market"": 40.970713992436664, ""recruitment"": 54.63834311162765}","{""academic_fit"": {""country_opportunity"": 0.25, ""friendliness"": 0.15, ""labor_demand"": 0.15, ""program_fit"": 0.45}, ""balanced"": {""country_opportunity"": 0.3, ""friendliness"": 0.2, ""labor_demand"": 0.3, ""program_fit"": 0.2}, ""labor_market"": {""country_opportunity"": 0.2, ""friendliness"": 0.15, ""labor_demand"": 0.45, ""program_fit"": 0.2}, ""recruitment"": {""country_opportunity"": 0.4, ""friendliness"": 0.3, ""labor_demand"": 0.1, ""program_fit"": 0.2}}",uncertainty_adjusted_management_priority_index_not_predicted_student_count,not_identified_ex_ante,,,,"incremental qualified applications, offers and enrolments attributable to the recruitment intervention",requires_prospective_campaign_evaluation,24,pre_registered_country_program_campaign_with_matched_comparison_or_stepped_wedge_rollout,qualified_leads;applications;offers;enrolments;yield;cost_per_enrolment,regularized_relative_demand_signal_from_overlapping_queries_not_unique_vacancies,ppml_russia_inbound_structural_allocation_v3;friendliness_receptivity_ex_ante_v3;trudvsem_program_demand_v4;mgimo_program_profiles,calculated_uncertainty_aware_scenario_ensemble,targeted_digital_campaign_with_local_partner_validation,223,234.0,261.0,222.0,164.0,164.0,261.0,97.0
country_program_priority_evidence_v4,ERI,Eritrea,Sub-Saharan Africa,international_economics,international_economics,Международная экономика и ВЭД,english_with_optional_russian_preparatory_module,CLDR indicates a material functional English-language environment.,195.9947458691878,195.9947458691878,40.52980776177405,180.66371876455221,478.4797823562563,1.0,0.008333333333333333,53.0,2023,245.36928265380607,245.36928265380607,49.37453678461826,75.77310279482307,75.77310279482307,53.445446397693274,88.53096490236031,point_score multiplied by probability of positive structural gap,65.54245740648598,38.04245740648597,93.04245740648598,0.45,limited,False,18.679376108581287,"{""economic_legal"": 0.1000231072413991, ""energy_logistics"": 0.4471057226190541}",calculated_from_existing_mgimo_country_profile_scores,16.030923181431294,9.076141467743279,25.775050153533456,2,0,35.8125168285296,47.710942758102874,28.77694725822314,32.168925131820195,33.9907209801749,33.9907209801749,28.77694725822314,47.710942758102874,28.77694725822314,47.710942758102874,18.933995499879735,19.58331416402432,58.88984584123005,39.306531677205726,D_insufficient_or_unstable_evidence,"{""academic_fit"": 32.168925131820195, ""balanced"": 35.8125168285296, ""labor_market"": 28.77694725822314, ""recruitment"": 47.710942758102874}","{""academic_fit"": 25.18829806406078, ""balanced"": 24.80647561715437, ""labor_market"": 19.58331416402432, ""recruitment"": 33.62451941113487}","{""academic_fit"": 37.68210700326387, ""balanced"": 46.031672281625845, ""labor_market"": 38.313583309188786, ""recruitment"": 58.88984584123005}","{""academic_fit"": {""country_opportunity"": 0.25, ""friendliness"": 0.15, ""labor_demand"": 0.15, ""program_fit"": 0.45}, ""balanced"": {""country_opportunity"": 0.3, ""friendliness"": 0.2, ""labor_demand"": 0.3, ""program_fit"": 0.2}, ""labor_market"": {""country_opportunity"": 0.2, ""friendliness"": 0.15, ""labor_demand"": 0.45, ""program_fit"": 0.2}, ""recruitment"": {""country_opportunity"": 0.4, ""friendliness"": 0.3, ""labor_demand"": 0.1, ""program_fit"": 0.2}}",uncertainty_adjusted_management_priority_index_not_predicted_student_count,not_identified_ex_ante,,,,"incremental qualified applications, offers and enrolments attributable to the recruitment intervention",requires_prospective_campaign_evaluation,24,pre_registered_country_program_campaign_with_matched_comparison_or_stepped_wedge_rollout,qualified_leads;applications;offers;enrolments;yield;cost_per_enrolment,regularized_relative_demand_signal_from_overlapping_queries_not_unique_vacancies,ppml_russia_inbound_structural_allocation_v3;friendliness_receptivity_ex_ante_v3;trudvsem_program_demand_v4;mgimo_program_profiles,calculated_uncertainty_aware_scenario_ensemble,digital_recruitment_scholarship_and_olympiad,224,214.0,178.0,220.0,227.0,178.0,227.0,49.0
country_program_priority_evidence_v4,BRA,Brazil,Latin America & Caribbean,international_economics,international_economics,Международная экономика и ВЭД,english_plus_russian_preparatory_year,No broad Russian or English functional-language signal is available in CLDR.,85.43170022491807,85.43170022491807,-181.2820702477455,57.08296170262864,768.9202486279605,0.6316666666666667,0.145,227.0,2023,435.06583263095894,435.06583263095894,349.63413240604086,63.95756264482146,40.39986040397889,0.0,95.32328326858273,point_score multiplied by probability of positive structural gap,56.86413841445693,39.36413841445693,74.36413841445693,0.65,moderate,True,34.19109057676963,"{""economic_legal"": 0.3833664758965783, ""energy_logistics"": 0.2175441953810505}",calculated_from_existing_mgimo_country_profile_scores,16.030923181431294,9.076141467743279,25.775050153533456,2,0,32.50260647143832,40.14314446844228,27.975867082291384,35.064707799765394,33.78365713560186,33.78365713560186,27.975867082291384,40.14314446844228,27.975867082291384,40.14314446844228,12.167277386150896,7.710691063881578,63.73531451301629,56.024623449134715,D_insufficient_or_unstable_evidence,"{""academic_fit"": 35.064707799765394, ""balanced"": 32.50260647143832, ""labor_market"": 27.975867082291384, ""recruitment"": 40.14314446844228}","{""academic_fit"": 12.10505715470829, ""balanced"": 8.455758788077473, ""labor_market"": 9.93909724387029, ""recruitment"": 7.710691063881578}","{""academic_fit"": 48.221467950812446, ""balanced"": 50.5634373762034, ""labor_market"": 42.24397427920037, ""recruitment"": 63.73531451301629}","{""academic_fit"": {""country_opportunity"": 0.25, ""friendliness"": 0.15, ""labor_demand"": 0.15, ""program_fit"": 0.45}, ""balanced"": {""country_opportunity"": 0.3, ""friendliness"": 0.2, ""labor_demand"": 0.3, ""program_fit"": 0.2}, ""labor_market"": {""country_opportunity"": 0.2, ""friendliness"": 0.15, ""labor_demand"": 0.45, ""program_fit"": 0.2}, ""recruitment"": {""country_opportunity"": 0.4, ""friendliness"": 0.3, ""labor_demand"": 0.1, ""program_fit"": 0.2}}",uncertainty_adjusted_management_priority_index_not_predicted_student_count,not_identified_ex_ante,,,,"incremental qualified applications, offers and enrolments attributable to the recruitment intervention",requires_prospective_campaign_evaluation,24,pre_registered_country_program_campaign_with_matched_comparison_or_stepped_wedge_rollout,qualified_leads;applications;offers;enrolments;yield;cost_per_enrolment,regularized_relative_demand_signal_from_overlapping_queries_not_unique_vacancies,ppml_russia_inbound_structural_allocation_v3;friendliness_receptivity_ex_ante_v3;trudvsem_program_demand_v4;mgimo_program_profiles,calculated_uncertainty_aware_scenario_ensemble,targeted_digital_campaign_with_local_partner_validation,225,229.0,244.0,226.0,211.0,211.0,244.0,33.0
country_program_priority_evidence_v4,GMB,Gambia,Sub-Saharan Africa,international_economics,international_economics,Международная экономика и ВЭД,english_with_optional_russian_preparatory_module,CLDR indicates a material functional English-language environment.,42.69652363829757,42.69652363829757,-6.9855662645274945,37.18342520940964,120.03035160888243,0.9383333333333334,0.0,47.0,2023,85.65008599969663,85.65008599969663,42.95356236139906,54.17485631691724,50.83407351070735,0.0,68.7864386427658,point_score multiplied by probability of positive structural gap,63.188717482898525,35.688717482898525,90.68871748289853,0.45,limited,False,26.43680755137251,"{""economic_legal"": 0.2393378489427103, ""energy_logistics"": 0.3394587552267694}",calculated_from_existing_mgimo_country_profile_scores,16.030923181431294,9.076141467743279,25.775050153533456,2,0,33.774827562302065,43.107506887811994,28.27772065700899,33.6811649450939,33.72799625369798,33.72799625369798,28.27772065700899,43.107506887811994,28.27772065700899,43.107506887811994,14.829786230803002,7.129097041876125,56.535541298113735,49.40644425623761,D_insufficient_or_unstable_evidence,"{""academic_fit"": 33.6811649450939, ""balanced"": 33.774827562302065, ""labor_market"": 28.27772065700899, ""recruitment"": 43.107506887811994}","{""academic_fit"": 10.668485073036662, ""balanced"": 7.892964047886878, ""labor_market"": 9.321968617400858, ""recruitment"": 7.129097041876125}","{""academic_fit"": 40.96174253578377, ""balanced"": 45.42123305495525, ""labor_market"": 38.80838457743829, ""recruitment"": 56.535541298113735}","{""academic_fit"": {""country_opportunity"": 0.25, ""friendliness"": 0.15, ""labor_demand"": 0.15, ""program_fit"": 0.45}, ""balanced"": {""country_opportunity"": 0.3, ""friendliness"": 0.2, ""labor_demand"": 0.3, ""program_fit"": 0.2}, ""labor_market"": {""country_opportunity"": 0.2, ""friendliness"": 0.15, ""labor_demand"": 0.45, ""program_fit"": 0.2}, ""recruitment"": {""country_opportunity"": 0.4, ""friendliness"": 0.3, ""labor_demand"": 0.1, ""program_fit"": 0.2}}",uncertainty_adjusted_management_priority_index_not_predicted_student_count,not_identified_ex_ante,,,,"incremental qualified applications, offers and enrolments attributable to the recruitment intervention",requires_prospective_campaign_evaluation,24,pre_registered_country_program_campaign_with_matched_comparison_or_stepped_wedge_rollout,qualified_leads;applications;offers;enrolments;yield;cost_per_enrolment,regularized_relative_demand_signal_from_overlapping_queries_not_unique_vacancies,ppml_russia_inbound_structural_allocation_v3;friendliness_receptivity_ex_ante_v3;trudvsem_program_demand_v4;mgimo_program_profiles,calculated_uncertainty_aware_scenario_ensemble,targeted_digital_campaign_with_local_partner_validation,226,223.0,229.0,225.0,218.0,218.0,229.0,11.0
country_program_priority_evidence_v4,LAO,Lao People's Democratic Republic,East Asia & Pacific,international_economics,international_economics,Международная экономика и ВЭД,english_plus_russian_preparatory_year,No broad Russian or English functional-language signal is available in CLDR.,92.70603216073496,92.70603216073496,-103.52934988646821,73.58943798814195,919.2357729117649,0.665,0.058333333333333334,143.0,2023,238.70371074383857,238.70371074383857,145.9976785831036,65.11653896019372,43.30249840852883,0.0,97.88113822851341,point_score multiplied by probability of positive structural gap,64.29911104031498,36.79911104031498,91.799111040315,0.45,limited,False,28.319003088927797,"{""economic_legal"": 0.242884565155919, ""energy_logistics"": 0.4041064280893548}",calculated_from_existing_mgimo_country_profile_scores,16.030923181431294,9.076141467743279,25.775050153533456,2,0,32.763466268836716,41.235926155270036,27.841163814357934,33.45219651577471,33.10783139230571,33.10783139230571,27.841163814357934,41.235926155270036,27.841163814357934,41.235926155270036,13.394762340912102,7.2892419779564355,66.09825937107516,58.80901739311872,D_insufficient_or_unstable_evidence,"{""academic_fit"": 33.45219651577471, ""balanced"": 32.763466268836716, ""labor_market"": 27.841163814357934, ""recruitment"": 41.235926155270036}","{""academic_fit"": 11.041094888030493, ""balanced"": 8.046241441660264, ""labor_market"": 9.488839905538834, ""recruitment"": 7.2892419779564355}","{""academic_fit"": 46.12806600337598, ""balanced"": 51.223630286707, ""labor_market"": 42.24169745389458, ""recruitment"": 66.09825937107516}","{""academic_fit"": {""country_opportunity"": 0.25, ""friendliness"": 0.15, ""labor_demand"": 0.15, ""program_fit"": 0.45}, ""balanced"": {""country_opportunity"": 0.3, ""friendliness"": 0.2, ""labor_demand"": 0.3, ""program_fit"": 0.2}, ""labor_market"": {""country_opportunity"": 0.2, ""friendliness"": 0.15, ""labor_demand"": 0.45, ""program_fit"": 0.2}, ""recruitment"": {""country_opportunity"": 0.4, ""friendliness"": 0.3, ""labor_demand"": 0.1, ""program_fit"": 0.2}}",uncertainty_adjusted_management_priority_index_not_predicted_student_count,not_identified_ex_ante,,,,"incremental qualified applications, offers and enrolments attributable to the recruitment intervention",requires_prospective_campaign_evaluation,24,pre_registered_country_program_campaign_with_matched_comparison_or_stepped_wedge_rollout,qualified_leads;applications;offers;enrolments;yield;cost_per_enrolment,regularized_relative_demand_signal_from_overlapping_queries_not_unique_vacancies,ppml_russia_inbound_structural_allocation_v3;friendliness_receptivity_ex_ante_v3;trudvsem_program_demand_v4;mgimo_program_profiles,calculated_uncertainty_aware_scenario_ensemble,targeted_digital_campaign_with_local_partner_validation,227,227.0,237.0,228.0,220.0,220.0,237.0,17.0
country_program_priority_evidence_v4,SUR,Suriname,Latin America & Caribbean,international_economics,international_economics,Международная экономика и ВЭД,english_plus_russian_preparatory_year,No broad Russian or English functional-language signal is available in CLDR.,10.509553920338357,10.509553920338357,-3.51557237617404,9.34758708115846,85.72819051484383,0.845,0.0,7.0,2023,16.594214208509936,16.594214208509936,6.084660288171579,35.0408731843896,29.609537840809214,0.0,64.00667757120095,point_score multiplied by probability of positive structural gap,62.23617269496816,34.73617269496816,89.73617269496816,0.45,limited,False,39.42300853144201,"{""economic_legal"": 0.4064731936127829, ""energy_logistics"": 0.3575007604193313}",calculated_from_existing_mgimo_country_profile_scores,16.030923181431294,9.076141467743279,25.775050153533456,2,0,31.0689057037938,37.56302453195689,27.439597045624915,35.071655726688064,33.07028071524093,33.07028071524093,27.439597045624915,37.56302453195689,27.439597045624915,37.56302453195689,10.123427486331977,7.643041011619614,59.196319730408064,51.55327871878845,D_insufficient_or_unstable_evidence,"{""academic_fit"": 35.071655726688064, ""balanced"": 31.0689057037938, ""labor_market"": 27.439597045624915, ""recruitment"": 37.56302453195689}","{""academic_fit"": 12.650912599585576, ""balanced"": 8.484265243564261, ""labor_market"": 10.033511988892045, ""recruitment"": 7.643041011619614}","{""academic_fit"": 47.832999590335326, ""balanced"": 47.9476054706331, ""labor_market"": 41.28018616944743, ""recruitment"": 59.196319730408064}","{""academic_fit"": {""country_opportunity"": 0.25, ""friendliness"": 0.15, ""labor_demand"": 0.15, ""program_fit"": 0.45}, ""balanced"": {""country_opportunity"": 0.3, ""friendliness"": 0.2, ""labor_demand"": 0.3, ""program_fit"": 0.2}, ""labor_market"": {""country_opportunity"": 0.2, ""friendliness"": 0.15, ""labor_demand"": 0.45, ""program_fit"": 0.2}, ""recruitment"": {""country_opportunity"": 0.4, ""friendliness"": 0.3, ""labor_demand"": 0.1, ""program_fit"": 0.2}}",uncertainty_adjusted_management_priority_index_not_predicted_student_count,not_identified_ex_ante,,,,"incremental qualified applications, offers and enrolments attributable to the recruitment intervention",requires_prospective_campaign_evaluation,24,pre_registered_country_program_campaign_with_matched_comparison_or_stepped_wedge_rollout,qualified_leads;applications;offers;enrolments;yield;cost_per_enrolment,regularized_relative_demand_signal_from_overlapping_queries_not_unique_vacancies,ppml_russia_inbound_structural_allocation_v3;friendliness_receptivity_ex_ante_v3;trudvsem_program_demand_v4;mgimo_program_profiles,calculated_uncertainty_aware_scenario_ensemble,targeted_digital_campaign_with_local_partner_validation,228,238.0,264.0,231.0,209.0,209.0,264.0,55.0
country_program_priority_evidence_v4,ETH,Ethiopia,Sub-Saharan Africa,international_economics,international_economics,Международная экономика и ВЭД,english_with_optional_russian_preparatory_module,CLDR indicates a material functional English-language environment.,237.7109403385557,237.7109403385557,-35.614619859247085,228.87440356259805,1019.0662780931459,0.9166666666666666,0.24166666666666667,167.0,2023,372.4911624234543,372.4911624234543,134.78022208489858,78.52792581965551,71.98393200135088,0.0,99.35829806271671,point_score multiplied by probability of positive structural gap,64.18877950397808,36.68877950397808,91.6887795039781,0.45,limited,False,16.843765894918917,"{""economic_legal"": 0.0912502119322522, ""energy_logistics"": 0.4}",calculated_from_existing_mgimo_country_profile_scores,16.030923181431294,9.076141467743279,25.775050153533456,2,0,34.446899165697495,45.566167941039566,27.84867225267853,30.301632664054353,32.37426591487592,32.37426591487592,27.84867225267853,45.566167941039566,27.84867225267853,45.566167941039566,17.717495688361037,6.594304195825849,60.18363612058818,53.589331924762334,D_insufficient_or_unstable_evidence,"{""academic_fit"": 30.301632664054353, ""balanced"": 34.446899165697495, ""labor_market"": 27.84867225267853, ""recruitment"": 45.566167941039566}","{""academic_fit"": 8.82619479767366, ""balanced"": 7.281261375508002, ""labor_market"": 8.587962827830339, ""recruitment"": 6.594304195825849}","{""academic_fit"": 37.02111538362851, ""balanced"": 46.57645562189432, ""labor_market"": 38.35476211459572, ""recruitment"": 60.18363612058818}","{""academic_fit"": {""country_opportunity"": 0.25, ""friendliness"": 0.15, ""labor_demand"": 0.15, ""program_fit"": 0.45}, ""balanced"": {""country_opportunity"": 0.3, ""friendliness"": 0.2, ""labor_demand"": 0.3, ""program_fit"": 0.2}, ""labor_market"": {""country_opportunity"": 0.2, ""friendliness"": 0.15, ""labor_demand"": 0.45, ""program_fit"": 0.2}, ""recruitment"": {""country_opportunity"": 0.4, ""friendliness"": 0.3, ""labor_demand"": 0.1, ""program_fit"": 0.2}}",uncertainty_adjusted_management_priority_index_not_predicted_student_count,not_identified_ex_ante,,,,"incremental qualified applications, offers and enrolments attributable to the recruitment intervention",requires_prospective_campaign_evaluation,24,pre_registered_country_program_campaign_with_matched_comparison_or_stepped_wedge_rollout,qualified_leads;applications;offers;enrolments;yield;cost_per_enrolment,regularized_relative_demand_signal_from_overlapping_queries_not_unique_vacancies,ppml_russia_inbound_structural_allocation_v3;friendliness_receptivity_ex_ante_v3;trudvsem_program_demand_v4;mgimo_program_profiles,calculated_uncertainty_aware_scenario_ensemble,targeted_digital_campaign_with_local_partner_validation,229,220.0,200.0,227.0,238.0,200.0,238.0,38.0
country_program_priority_evidence_v4,KEN,Kenya,Sub-Saharan Africa,international_economics,international_economics,Международная экономика и ВЭД,english_with_optional_russian_preparatory_module,CLDR indicates a material functional English-language environment.,57.95554402040611,57.95554402040611,-105.13678389310432,49.25463425603044,369.53835592208605,0.6566666666666666,0.0,169.0,2023,255.7427077748814,255.7427077748814,197.7871637544753,58.47060294014146,38.39569593069289,0.0,84.83430276480973,point_score multiplied by probability of positive structural gap,61.338628797860984,43.83862879786099,78.83862879786099,0.65,moderate,True,28.763542389513695,"{""economic_legal"": 0.285374396219849, ""energy_logistics"": 0.2944185069210008}",calculated_from_existing_mgimo_country_profile_scores,16.030923181431294,9.076141467743279,25.775050153533456,2,0,31.432077676687125,38.91760028957307,27.087946163896902,32.478668319373725,31.955372998030427,31.955372998030427,27.087946163896902,38.91760028957307,27.087946163896902,38.91760028957307,11.829654125676171,7.695567865892302,59.88483448913596,52.18926662324366,D_insufficient_or_unstable_evidence,"{""academic_fit"": 32.478668319373725, ""balanced"": 31.432077676687125, ""labor_market"": 27.087946163896902, ""recruitment"": 38.91760028957307}","{""academic_fit"": 11.404564126464441, ""balanced"": 8.350919388532152, ""labor_market"": 9.764405659260763, ""recruitment"": 7.695567865892302}","{""academic_fit"": 43.82717015674045, ""balanced"": 47.783231483205306, ""labor_market"": 40.26783857673788, ""recruitment"": 59.88483448913596}","{""academic_fit"": {""country_opportunity"": 0.25, ""friendliness"": 0.15, ""labor_demand"": 0.15, ""program_fit"": 0.45}, ""balanced"": {""country_opportunity"": 0.3, ""friendliness"": 0.2, ""labor_demand"": 0.3, ""program_fit"": 0.2}, ""labor_market"": {""country_opportunity"": 0.2, ""friendliness"": 0.15, ""labor_demand"": 0.45, ""program_fit"": 0.2}, ""recruitment"": {""country_opportunity"": 0.4, ""friendliness"": 0.3, ""labor_demand"": 0.1, ""program_fit"": 0.2}}",uncertainty_adjusted_management_priority_index_not_predicted_student_count,not_identified_ex_ante,,,,"incremental qualified applications, offers and enrolments attributable to the recruitment intervention",requires_prospective_campaign_evaluation,24,pre_registered_country_program_campaign_with_matched_comparison_or_stepped_wedge_rollout,qualified_leads;applications;offers;enrolments;yield;cost_per_enrolment,regularized_relative_demand_signal_from_overlapping_queries_not_unique_vacancies,ppml_russia_inbound_structural_allocation_v3;friendliness_receptivity_ex_ante_v3;trudvsem_program_demand_v4;mgimo_program_profiles,calculated_uncertainty_aware_scenario_ensemble,targeted_digital_campaign_with_local_partner_validation,230,235.0,254.0,234.0,225.0,225.0,254.0,29.0
country_program_priority_evidence_v4,TZA,"Tanzania, United Republic of",Sub-Saharan Africa,international_economics,international_economics,Международная экономика и ВЭД,english_with_optional_russian_preparatory_module,CLDR indicates a material functional English-language environment.,110.72059909148331,110.72059909148331,-53.3958723614936,99.1973263020007,436.4097605295827,0.8316666666666667,0.0016666666666666668,175.0,2023,252.4946197191707,252.4946197191707,141.77402062768738,67.63847444358663,56.25266457891622,0.0,87.21388940881273,point_score multiplied by probability of positive structural gap,63.54559861270263,36.04559861270264,91.04559861270265,0.45,limited,False,19.93168299307579,"{""economic_legal"": 0.15383499738275, ""energy_logistics"": 0.3357623275747815}",calculated_from_existing_mgimo_country_profile_scores,16.030923181431294,9.076141467743279,25.775050153533456,2,0,33.00068469949726,42.56391295767031,27.348642689232104,30.595330052367864,31.798007375932563,31.798007375932563,27.348642689232104,42.56391295767031,27.348642689232104,42.56391295767031,15.215270268438207,6.773137101536148,58.888186690851526,52.115049589315376,D_insufficient_or_unstable_evidence,"{""academic_fit"": 30.595330052367864, ""balanced"": 33.00068469949726, ""labor_market"": 27.348642689232104, ""recruitment"": 42.56391295767031}","{""academic_fit"": 9.458997793315486, ""balanced"": 7.491608198292157, ""labor_market"": 8.843666645304168, ""recruitment"": 6.773137101536148}","{""academic_fit"": 38.47554088450766, ""balanced"": 46.19768788661507, ""labor_market"": 38.550137903058186, ""recruitment"": 58.888186690851526}","{""academic_fit"": {""country_opportunity"": 0.25, ""friendliness"": 0.15, ""labor_demand"": 0.15, ""program_fit"": 0.45}, ""balanced"": {""country_opportunity"": 0.3, ""friendliness"": 0.2, ""labor_demand"": 0.3, ""program_fit"": 0.2}, ""labor_market"": {""country_opportunity"": 0.2, ""friendliness"": 0.15, ""labor_demand"": 0.45, ""program_fit"": 0.2}, ""recruitment"": {""country_opportunity"": 0.4, ""friendliness"": 0.3, ""labor_demand"": 0.1, ""program_fit"": 0.2}}",uncertainty_adjusted_management_priority_index_not_predicted_student_count,not_identified_ex_ante,,,,"incremental qualified applications, offers and enrolments attributable to the recruitment intervention",requires_prospective_campaign_evaluation,24,pre_registered_country_program_campaign_with_matched_comparison_or_stepped_wedge_rollout,qualified_leads;applications;offers;enrolments;yield;cost_per_enrolment,regularized_relative_demand_signal_from_overlapping_queries_not_unique_vacancies,ppml_russia_inbound_structural_allocation_v3;friendliness_receptivity_ex_ante_v3;trudvsem_program_demand_v4;mgimo_program_profiles,calculated_uncertainty_aware_scenario_ensemble,targeted_digital_campaign_with_local_partner_validation,231,225.0,232.0,232.0,236.0,225.0,236.0,11.0
country_program_priority_evidence_v4,MWI,Malawi,Sub-Saharan Africa,international_economics,international_economics,Международная экономика и ВЭД,english_with_optional_russian_preparatory_module,CLDR indicates a material functional English-language environment.,175.3896349696009,175.3896349696009,37.56691793470767,168.62297920994422,485.49570564787916,1.0,0.10333333333333333,23.0,2023,205.45525745831037,205.45525745831037,30.06562248870947,74.18853744953509,74.18853744953509,52.383875876972816,88.73930663135795,point_score multiplied by probability of positive structural gap,61.02799195229347,33.52799195229347,88.52799195229348,0.45,limited,False,15.859931687627304,"{""economic_legal"": 0.1562662300071415, ""energy_logistics"": 0.1655985774836677}",calculated_from_existing_mgimo_country_profile_scores,16.030923181431294,9.076141467743279,25.775050153533456,2,0,34.02391469693825,44.91698310674293,27.493210647911347,29.5376225880911,31.780768642514673,31.780768642514673,27.493210647911347,44.91698310674293,27.493210647911347,44.91698310674293,17.423772458831586,18.56692240298255,56.31233743838058,37.74541503539803,D_insufficient_or_unstable_evidence,"{""academic_fit"": 29.5376225880911, ""balanced"": 34.02391469693825, ""labor_market"": 27.493210647911347, ""recruitment"": 44.91698310674293}","{""academic_fit"": 22.95282276665317, ""balanced"": 23.32895901917816, ""labor_market"": 18.56692240298255, ""recruitment"": 31.17415219466009}","{""academic_fit"": 34.911040183086, ""balanced"": 44.22373896267092, ""labor_market"": 36.89086076931537, ""recruitment"": 56.31233743838058}","{""academic_fit"": {""country_opportunity"": 0.25, ""friendliness"": 0.15, ""labor_demand"": 0.15, ""program_fit"": 0.45}, ""balanced"": {""country_opportunity"": 0.3, ""friendliness"": 0.2, ""labor_demand"": 0.3, ""program_fit"": 0.2}, ""labor_market"": {""country_opportunity"": 0.2, ""friendliness"": 0.15, ""labor_demand"": 0.45, ""program_fit"": 0.2}, ""recruitment"": {""country_opportunity"": 0.4, ""friendliness"": 0.3, ""labor_demand"": 0.1, ""program_fit"": 0.2}}",uncertainty_adjusted_management_priority_index_not_predicted_student_count,not_identified_ex_ante,,,,"incremental qualified applications, offers and enrolments attributable to the recruitment intervention",requires_prospective_campaign_evaluation,24,pre_registered_country_program_campaign_with_matched_comparison_or_stepped_wedge_rollout,qualified_leads;applications;offers;enrolments;yield;cost_per_enrolment,regularized_relative_demand_signal_from_overlapping_queries_not_unique_vacancies,ppml_russia_inbound_structural_allocation_v3;friendliness_receptivity_ex_ante_v3;trudvsem_program_demand_v4;mgimo_program_profiles,calculated_uncertainty_aware_scenario_ensemble,targeted_digital_campaign_with_local_partner_validation,232,221.0,206.0,230.0,244.0,206.0,244.0,38.0
country_program_priority_evidence_v4,SSD,South Sudan,Sub-Saharan Africa,international_economics,international_economics,Международная экономика и ВЭД,english_with_optional_russian_preparatory_module,CLDR indicates a material functional English-language environment.,145.8038150289941,145.8038150289941,28.26935251219569,134.16265092865444,357.8963315639507,1.0,0.03333333333333333,30.0,2023,173.579507025386,173.579507025386,27.775691996391892,71.55530915802296,71.55530915802296,48.42748670334425,84.37644680315596,point_score multiplied by probability of positive structural gap,63.54932278500491,36.04932278500491,91.04932278500492,0.45,limited,False,15.969836615771666,"{""economic_legal"": 0.1735600364899294, ""energy_logistics"": 0.1181133551610784}",calculated_from_existing_mgimo_country_profile_scores,16.030923181431294,9.076141467743279,25.775050153533456,2,0,33.975410490178035,44.871766109909,27.497229401148047,29.537270139353893,31.756340314765964,31.756340314765964,27.497229401148047,44.871766109909,27.497229401148047,44.871766109909,17.37453670876095,18.501516205775214,55.735075988704175,37.233559782928964,D_insufficient_or_unstable_evidence,"{""academic_fit"": 29.537270139353893, ""balanced"": 33.975410490178035, ""labor_market"": 27.497229401148047, ""recruitment"": 44.871766109909}","{""academic_fit"": 22.821116351772375, ""balanced"": 23.149896223346968, ""labor_market"": 18.501516205775214, ""recruitment"": 30.914702920293212}","{""academic_fit"": 34.724078261000564, ""balanced"": 43.86708627198084, ""labor_market"": 36.72514297288755, ""recruitment"": 55.735075988704175}","{""academic_fit"": {""country_opportunity"": 0.25, ""friendliness"": 0.15, ""labor_demand"": 0.15, ""program_fit"": 0.45}, ""balanced"": {""country_opportunity"": 0.3, ""friendliness"": 0.2, ""labor_demand"": 0.3, ""program_fit"": 0.2}, ""labor_market"": {""country_opportunity"": 0.2, ""friendliness"": 0.15, ""labor_demand"": 0.45, ""program_fit"": 0.2}, ""recruitment"": {""country_opportunity"": 0.4, ""friendliness"": 0.3, ""labor_demand"": 0.1, ""program_fit"": 0.2}}",uncertainty_adjusted_management_priority_index_not_predicted_student_count,not_identified_ex_ante,,,,"incremental qualified applications, offers and enrolments attributable to the recruitment intervention",requires_prospective_campaign_evaluation,24,pre_registered_country_program_campaign_with_matched_comparison_or_stepped_wedge_rollout,qualified_leads;applications;offers;enrolments;yield;cost_per_enrolment,regularized_relative_demand_signal_from_overlapping_queries_not_unique_vacancies,ppml_russia_inbound_structural_allocation_v3;friendliness_receptivity_ex_ante_v3;trudvsem_program_demand_v4;mgimo_program_profiles,calculated_uncertainty_aware_scenario_ensemble,targeted_digital_campaign_with_local_partner_validation,233,222.0,207.0,229.0,245.0,207.0,245.0,38.0
country_program_priority_evidence_v4,TGO,Togo,Sub-Saharan Africa,international_economics,international_economics,Международная экономика и ВЭД,english_plus_russian_preparatory_year,No broad Russian or English functional-language signal is available in CLDR.,27.54025528774936,27.54025528774936,-21.434754805039717,21.559190490696373,102.7599583186691,0.7766666666666666,0.0,66.0,2023,81.65433936165209,81.65433936165209,54.11408407390273,48.06569520962609,37.33102327947626,0.0,66.57827509124455,point_score multiplied by probability of positive structural gap,63.080246193426106,35.5802461934261,90.5802461934261,0.45,limited,False,28.270924683015707,"{""economic_legal"": 0.2237524369914499, ""energy_logistics"": 0.4595796763462785}",calculated_from_existing_mgimo_country_profile_scores,16.030923181431294,9.076141467743279,25.775050153533456,2,0,31.242611611978216,38.68362374281964,26.961360822043527,32.14822378365037,31.695417697814293,31.695417697814293,26.961360822043527,38.68362374281964,26.961360822043527,38.68362374281964,11.722262920776114,7.215548123237167,56.52002261224855,49.30447448901138,D_insufficient_or_unstable_evidence,"{""academic_fit"": 32.14822378365037, ""balanced"": 31.242611611978216, ""labor_market"": 26.961360822043527, ""recruitment"": 38.68362374281964}","{""academic_fit"": 10.978832449769719, ""balanced"": 7.991043896884953, ""labor_market"": 9.439202944773816, ""recruitment"": 7.215548123237167}","{""academic_fit"": 41.82699031252343, ""balanced"": 45.560396462856104, ""labor_market"": 39.05496365616251, ""recruitment"": 56.52002261224855}","{""academic_fit"": {""country_opportunity"": 0.25, ""friendliness"": 0.15, ""labor_demand"": 0.15, ""program_fit"": 0.45}, ""balanced"": {""country_opportunity"": 0.3, ""friendliness"": 0.2, ""labor_demand"": 0.3, ""program_fit"": 0.2}, ""labor_market"": {""country_opportunity"": 0.2, ""friendliness"": 0.15, ""labor_demand"": 0.45, ""program_fit"": 0.2}, ""recruitment"": {""country_opportunity"": 0.4, ""friendliness"": 0.3, ""labor_demand"": 0.1, ""program_fit"": 0.2}}",uncertainty_adjusted_management_priority_index_not_predicted_student_count,not_identified_ex_ante,,,,"incremental qualified applications, offers and enrolments attributable to the recruitment intervention",requires_prospective_campaign_evaluation,24,pre_registered_country_program_campaign_with_matched_comparison_or_stepped_wedge_rollout,qualified_leads;applications;offers;enrolments;yield;cost_per_enrolment,regularized_relative_demand_signal_from_overlapping_queries_not_unique_vacancies,ppml_russia_inbound_structural_allocation_v3;friendliness_receptivity_ex_ante_v3;trudvsem_program_demand_v4;mgimo_program_profiles,calculated_uncertainty_aware_scenario_ensemble,targeted_digital_campaign_with_local_partner_validation,234,236.0,256.0,235.0,228.0,228.0,256.0,28.0
country_program_priority_evidence_v4,ARE,United Arab Emirates,Middle East & North Africa,legal_public,legal_public,Международное право и комплаенс,english_with_optional_russian_preparatory_module,CLDR indicates a material functional English-language environment.,422.2036215977997,422.2036215977997,152.4241827480876,386.14354791454286,893.5732988371658,1.0,0.585,81.0,2023,467.78144244204356,467.78144244204356,45.5778208442438,86.74034870599367,86.74034870599367,72.18794126743218,97.47549294327301,point_score multiplied by probability of positive structural gap,63.640581482835266,36.14058148283527,91.14058148283529,0.45,limited,False,78.3500168308776,"{""diplomatic_analytic"": 0.7604462803960823, ""economic_legal"": 0.793380405985645}",calculated_from_existing_mgimo_country_profile_scores,0.10086213539062265,0.051117223385315574,0.18544352358538052,1,1,21.536184783362607,50.140959811216234,11.339228596389582,41.12542073070811,31.330802757035357,31.330802757035357,11.339228596389582,50.140959811216234,11.339228596389582,50.140959811216234,38.80173121482665,9.85589936571179,58.8359361079005,48.98003674218871,D_insufficient_or_unstable_evidence,"{""academic_fit"": 41.12542073070811, ""balanced"": 21.536184783362607, ""labor_market"": 11.339228596389582, ""recruitment"": 50.140959811216234}","{""academic_fit"": 35.91779331954861, ""balanced"": 18.0046621166614, ""labor_market"": 9.85589936571179, ""recruitment"": 39.30823720402758}","{""academic_fit"": 45.13948502147382, ""balanced"": 24.47039220300574, ""labor_market"": 12.652248016118516, ""recruitment"": 58.8359361079005}","{""academic_fit"": {""country_opportunity"": 0.25, ""friendliness"": 0.15, ""labor_demand"": 0.15, ""program_fit"": 0.45}, ""balanced"": {""country_opportunity"": 0.3, ""friendliness"": 0.2, ""labor_demand"": 0.3, ""program_fit"": 0.2}, ""labor_market"": {""country_opportunity"": 0.2, ""friendliness"": 0.15, ""labor_demand"": 0.45, ""program_fit"": 0.2}, ""recruitment"": {""country_opportunity"": 0.4, ""friendliness"": 0.3, ""labor_demand"": 0.1, ""program_fit"": 0.2}}",uncertainty_adjusted_management_priority_index_not_predicted_student_count,not_identified_ex_ante,,,,"incremental qualified applications, offers and enrolments attributable to the recruitment intervention",requires_prospective_campaign_evaluation,24,pre_registered_country_program_campaign_with_matched_comparison_or_stepped_wedge_rollout,qualified_leads;applications;offers;enrolments;yield;cost_per_enrolment,regularized_relative_demand_signal_from_overlapping_queries_not_unique_vacancies,ppml_russia_inbound_structural_allocation_v3;friendliness_receptivity_ex_ante_v3;trudvsem_program_demand_v4;mgimo_program_profiles,calculated_uncertainty_aware_scenario_ensemble,targeted_digital_campaign_with_local_partner_validation,235,241.0,144.0,241.0,151.0,144.0,241.0,97.0
country_program_priority_evidence_v4,BDI,Burundi,Sub-Saharan Africa,international_economics,international_economics,Международная экономика и ВЭД,english_with_optional_russian_preparatory_module,CLDR indicates a material functional English-language environment.,115.83485200969926,115.83485200969926,-40.58184297189573,93.74825770443982,343.0268859657819,0.9016666666666666,0.0,132.0,2023,263.81046575474204,263.81046575474204,147.97561374504278,68.28044190972848,61.566198455271845,0.0,83.7695685415752,point_score multiplied by probability of positive structural gap,65.48109903285359,37.98109903285359,92.98109903285359,0.45,limited,False,16.95352603411044,"{""economic_legal"": 0.1106323153567101, ""energy_logistics"": 0.3462440952942872}",calculated_from_existing_mgimo_country_profile_scores,16.030923181431294,9.076141467743279,25.775050153533456,2,0,33.06142761973514,43.14969801680118,27.116800440137794,29.32387876826611,31.192653194000627,31.192653194000627,27.116800440137794,43.14969801680118,27.116800440137794,43.14969801680118,16.032897576663387,6.6695145885596,56.55744105977809,49.88792647121849,D_insufficient_or_unstable_evidence,"{""academic_fit"": 29.32387876826611, ""balanced"": 33.06142761973514, ""labor_market"": 27.116800440137794, ""recruitment"": 43.14969801680118}","{""academic_fit"": 8.895457041347383, ""balanced"": 7.339520201128252, ""labor_market"": 8.642096364300244, ""recruitment"": 6.6695145885596}","{""academic_fit"": 35.66330858040494, ""balanced"": 44.45368430604997, ""labor_market"": 37.20414100380151, ""recruitment"": 56.55744105977809}","{""academic_fit"": {""country_opportunity"": 0.25, ""friendliness"": 0.15, ""labor_demand"": 0.15, ""program_fit"": 0.45}, ""balanced"": {""country_opportunity"": 0.3, ""friendliness"": 0.2, ""labor_demand"": 0.3, ""program_fit"": 0.2}, ""labor_market"": {""country_opportunity"": 0.2, ""friendliness"": 0.15, ""labor_demand"": 0.45, ""program_fit"": 0.2}, ""recruitment"": {""country_opportunity"": 0.4, ""friendliness"": 0.3, ""labor_demand"": 0.1, ""program_fit"": 0.2}}",uncertainty_adjusted_management_priority_index_not_predicted_student_count,not_identified_ex_ante,,,,"incremental qualified applications, offers and enrolments attributable to the recruitment intervention",requires_prospective_campaign_evaluation,24,pre_registered_country_program_campaign_with_matched_comparison_or_stepped_wedge_rollout,qualified_leads;applications;offers;enrolments;yield;cost_per_enrolment,regularized_relative_demand_signal_from_overlapping_queries_not_unique_vacancies,ppml_russia_inbound_structural_allocation_v3;friendliness_receptivity_ex_ante_v3;trudvsem_program_demand_v4;mgimo_program_profiles,calculated_uncertainty_aware_scenario_ensemble,digital_recruitment_scholarship_and_olympiad,236,224.0,228.0,233.0,246.0,224.0,246.0,22.0
country_program_priority_evidence_v4,COM,Comoros,Sub-Saharan Africa,international_economics,international_economics,Международная экономика и ВЭД,english_plus_russian_preparatory_year,No broad Russian or English functional-language signal is available in CLDR.,62.71203980649686,62.71203980649686,5.010048404428561,56.4437042489474,197.3415730008163,0.99,0.0016666666666666668,27.0,2023,86.23551797335189,86.23551797335189,23.523478166855032,59.583423159682624,58.9875889280858,25.722016622918822,75.87082577977571,point_score multiplied by probability of positive structural gap,62.99280702509604,35.49280702509604,90.49280702509604,0.45,limited,False,16.264909995839535,"{""economic_legal"": 0.134115342579485, ""energy_logistics"": 0.2482503720951265}",calculated_from_existing_mgimo_country_profile_scores,16.030923181431294,9.076141467743279,25.775050153533456,2,0,32.14604891003244,41.61972630171509,26.527763125547878,28.34805873584151,30.247053822936977,30.247053822936977,26.527763125547878,41.61972630171509,26.527763125547878,41.61972630171509,15.091963176167212,16.379432168098006,53.530983612594405,37.1515514444964,D_insufficient_or_unstable_evidence,"{""academic_fit"": 28.34805873584151, ""balanced"": 32.14604891003244, ""labor_market"": 26.527763125547878, ""recruitment"": 41.61972630171509}","{""academic_fit"": 19.676375687768584, ""balanced"": 19.25759238093658, ""labor_market"": 16.379432168098006, ""recruitment"": 24.14631092838749}","{""academic_fit"": 34.057325727147635, ""balanced"": 42.60263214386376, ""labor_market"": 36.053752568227424, ""recruitment"": 53.530983612594405}","{""academic_fit"": {""country_opportunity"": 0.25, ""friendliness"": 0.15, ""labor_demand"": 0.15, ""program_fit"": 0.45}, ""balanced"": {""country_opportunity"": 0.3, ""friendliness"": 0.2, ""labor_demand"": 0.3, ""program_fit"": 0.2}, ""labor_market"": {""country_opportunity"": 0.2, ""friendliness"": 0.15, ""labor_demand"": 0.45, ""program_fit"": 0.2}, ""recruitment"": {""country_opportunity"": 0.4, ""friendliness"": 0.3, ""labor_demand"": 0.1, ""program_fit"": 0.2}}",uncertainty_adjusted_management_priority_index_not_predicted_student_count,not_identified_ex_ante,,,,"incremental qualified applications, offers and enrolments attributable to the recruitment intervention",requires_prospective_campaign_evaluation,24,pre_registered_country_program_campaign_with_matched_comparison_or_stepped_wedge_rollout,qualified_leads;applications;offers;enrolments;yield;cost_per_enrolment,regularized_relative_demand_signal_from_overlapping_queries_not_unique_vacancies,ppml_russia_inbound_structural_allocation_v3;friendliness_receptivity_ex_ante_v3;trudvsem_program_demand_v4;mgimo_program_profiles,calculated_uncertainty_aware_scenario_ensemble,targeted_digital_campaign_with_local_partner_validation,237,233.0,236.0,236.0,250.0,233.0,250.0,17.0
country_program_priority_evidence_v4,SYR,Syrian Arab Republic,Middle East & North Africa,international_economics,international_economics,Международная экономика и ВЭД,english_plus_russian_preparatory_year,No broad Russian or English functional-language signal is available in CLDR.,2790.011825756514,2790.011825756514,-934.5274782324938,2519.8290835864873,8793.305652129202,0.8966666666666666,0.8566666666666667,3672.0,2023,6331.500059389364,6331.500059389364,3541.4882336328496,100.0,89.66666666666666,0.0,100.0,point_score multiplied by probability of positive structural gap,67.47725890252876,39.97725890252875,94.97725890252876,0.45,limited,False,8.31024797766754,"{""economic_legal"": 0.0786469751080882, ""energy_logistics"": 0.096468993782437}",calculated_from_existing_mgimo_country_profile_scores,16.030923181431294,9.076141467743279,25.775050153533456,2,0,32.597620636920766,44.28306423330213,25.724654253492947,24.0486545556257,29.161137445206855,29.161137445206855,24.0486545556257,44.28306423330213,24.0486545556257,44.28306423330213,20.234409677676428,5.936947010071428,53.53316954250179,47.59622253243036,D_insufficient_or_unstable_evidence,"{""academic_fit"": 24.0486545556257, ""balanced"": 32.597620636920766, ""labor_market"": 25.724654253492947, ""recruitment"": 44.28306423330213}","{""academic_fit"": 6.669399951948277, ""balanced"": 6.500813899554974, ""labor_market"": 7.6354515692586125, ""recruitment"": 5.936947010071428}","{""academic_fit"": 27.814824675641404, ""balanced"": 41.259127942256804, ""labor_market"": 33.89526501777093, ""recruitment"": 53.53316954250179}","{""academic_fit"": {""country_opportunity"": 0.25, ""friendliness"": 0.15, ""labor_demand"": 0.15, ""program_fit"": 0.45}, ""balanced"": {""country_opportunity"": 0.3, ""friendliness"": 0.2, ""labor_demand"": 0.3, ""program_fit"": 0.2}, ""labor_market"": {""country_opportunity"": 0.2, ""friendliness"": 0.15, ""labor_demand"": 0.45, ""program_fit"": 0.2}, ""recruitment"": {""country_opportunity"": 0.4, ""friendliness"": 0.3, ""labor_demand"": 0.1, ""program_fit"": 0.2}}",uncertainty_adjusted_management_priority_index_not_predicted_student_count,not_identified_ex_ante,,,,"incremental qualified applications, offers and enrolments attributable to the recruitment intervention",requires_prospective_campaign_evaluation,24,pre_registered_country_program_campaign_with_matched_comparison_or_stepped_wedge_rollout,qualified_leads;applications;offers;enrolments;yield;cost_per_enrolment,regularized_relative_demand_signal_from_overlapping_queries_not_unique_vacancies,ppml_russia_inbound_structural_allocation_v3;friendliness_receptivity_ex_ante_v3;trudvsem_program_demand_v4;mgimo_program_profiles,calculated_uncertainty_aware_scenario_ensemble,digital_recruitment_scholarship_and_olympiad,238,228.0,216.0,237.0,267.0,216.0,267.0,51.0
country_program_priority_evidence_v4,VUT,Vanuatu,East Asia & Pacific,international_economics,international_economics,Международная экономика и ВЭД,english_with_optional_russian_preparatory_module,CLDR indicates a material functional English-language environment.,4.967309658328945,4.967309658328945,-0.10409060066543437,4.161207116498346,39.15077959959014,0.9616666666666667,0.0,1.0,2023,5.639762568074264,5.639762568074264,0.6724529097453192,25.619660815621298,24.637573817689148,0.0,52.961111844171505,point_score multiplied by probability of positive structural gap,61.771839752769495,34.271839752769495,89.2718397527695,0.45,limited,False,30.75715821249953,"{""economic_legal"": 0.338304372554212, ""energy_logistics"": 0.2153732108373452}",calculated_from_existing_mgimo_country_profile_scores,16.030923181431294,9.076141467743279,25.775050153533456,2,0,28.03073324151662,33.269861926719756,25.208340223690488,30.066096635521504,29.048414938519063,29.048414938519063,25.208340223690488,33.269861926719756,25.208340223690488,33.269861926719756,8.061521703029268,7.254455352790496,52.27788702954648,45.02343167675598,D_insufficient_or_unstable_evidence,"{""academic_fit"": 30.066096635521504, ""balanced"": 28.03073324151662, ""labor_market"": 25.208340223690488, ""recruitment"": 33.269861926719756}","{""academic_fit"": 11.327021276364023, ""balanced"": 8.06344916226611, ""labor_market"": 9.542091681670051, ""recruitment"": 7.254455352790496}","{""academic_fit"": 40.927948025280614, ""balanced"": 43.16192107059179, ""labor_market"": 37.86819514953466, ""recruitment"": 52.27788702954648}","{""academic_fit"": {""country_opportunity"": 0.25, ""friendliness"": 0.15, ""labor_demand"": 0.15, ""program_fit"": 0.45}, ""balanced"": {""country_opportunity"": 0.3, ""friendliness"": 0.2, ""labor_demand"": 0.3, ""program_fit"": 0.2}, ""labor_market"": {""country_opportunity"": 0.2, ""friendliness"": 0.15, ""labor_demand"": 0.45, ""program_fit"": 0.2}, ""recruitment"": {""country_opportunity"": 0.4, ""friendliness"": 0.3, ""labor_demand"": 0.1, ""program_fit"": 0.2}}",uncertainty_adjusted_management_priority_index_not_predicted_student_count,not_identified_ex_ante,,,,"incremental qualified applications, offers and enrolments attributable to the recruitment intervention",requires_prospective_campaign_evaluation,24,pre_registered_country_program_campaign_with_matched_comparison_or_stepped_wedge_rollout,qualified_leads;applications;offers;enrolments;yield;cost_per_enrolment,regularized_relative_demand_signal_from_overlapping_queries_not_unique_vacancies,ppml_russia_inbound_structural_allocation_v3;friendliness_receptivity_ex_ante_v3;trudvsem_program_demand_v4;mgimo_program_profiles,calculated_uncertainty_aware_scenario_ensemble,targeted_digital_campaign_with_local_partner_validation,239,240.0,277.0,239.0,240.0,239.0,277.0,38.0
country_program_priority_evidence_v4,SRB,Serbia,Europe & Central Asia,legal_public,legal_public,Международное право и комплаенс,english_plus_russian_preparatory_year,No broad Russian or English functional-language signal is available in CLDR.,1862.9553713367163,1862.9553713367163,1003.314755628782,1669.0585884881532,2555.963289644219,1.0,1.0,360.0,2023,2193.7618868849218,2193.7618868849218,330.80651554820554,100.0,100.0,99.1351007594011,100.0,point_score multiplied by probability of positive structural gap,63.29199926677249,35.79199926677249,90.79199926677249,0.45,limited,False,55.3127690765987,"{""diplomatic_analytic"": 0.5691819653788429, ""economic_legal"": 0.5462472873604773}",calculated_from_existing_mgimo_country_profile_scores,0.10086213539062265,0.051117223385315574,0.18544352358538052,1,1,20.95307085186087,49.448022156197645,10.880970622319111,36.47670047563902,28.714885663749946,28.714885663749946,10.880970622319111,49.448022156197645,10.880970622319111,49.448022156197645,38.567051533878534,9.78415439997787,55.43168597045586,45.64753157047799,D_insufficient_or_unstable_evidence,"{""academic_fit"": 36.47670047563902, ""balanced"": 20.95307085186087, ""labor_market"": 10.880970622319111, ""recruitment"": 49.448022156197645}","{""academic_fit"": 33.24367207284259, ""balanced"": 18.434099527875674, ""labor_market"": 9.78415439997787, ""recruitment"": 41.4883029034817}","{""academic_fit"": 38.90764295752211, ""balanced"": 23.004968416752774, ""labor_market"": 11.866739062607065, ""recruitment"": 55.43168597045586}","{""academic_fit"": {""country_opportunity"": 0.25, ""friendliness"": 0.15, ""labor_demand"": 0.15, ""program_fit"": 0.45}, ""balanced"": {""country_opportunity"": 0.3, ""friendliness"": 0.2, ""labor_demand"": 0.3, ""program_fit"": 0.2}, ""labor_market"": {""country_opportunity"": 0.2, ""friendliness"": 0.15, ""labor_demand"": 0.45, ""program_fit"": 0.2}, ""recruitment"": {""country_opportunity"": 0.4, ""friendliness"": 0.3, ""labor_demand"": 0.1, ""program_fit"": 0.2}}",uncertainty_adjusted_management_priority_index_not_predicted_student_count,not_identified_ex_ante,,,,"incremental qualified applications, offers and enrolments attributable to the recruitment intervention",requires_prospective_campaign_evaluation,24,pre_registered_country_program_campaign_with_matched_comparison_or_stepped_wedge_rollout,qualified_leads;applications;offers;enrolments;yield;cost_per_enrolment,regularized_relative_demand_signal_from_overlapping_queries_not_unique_vacancies,ppml_russia_inbound_structural_allocation_v3;friendliness_receptivity_ex_ante_v3;trudvsem_program_demand_v4;mgimo_program_profiles,calculated_uncertainty_aware_scenario_ensemble,targeted_digital_campaign_with_local_partner_validation,240,242.0,157.0,242.0,192.0,157.0,242.0,85.0
country_program_priority_evidence_v4,TCD,Chad,Sub-Saharan Africa,international_economics,international_economics,Международная экономика и ВЭД,english_plus_russian_preparatory_year,No broad Russian or English functional-language signal is available in CLDR.,249.21689641807836,249.21689641807836,-179.25725322112535,239.29088126939223,1145.3485649413915,0.8116666666666666,0.3416666666666667,411.0,2023,624.4313090311822,624.4313090311822,375.21441261310383,79.20308789517168,64.286506341581,0.0,100.0,point_score multiplied by probability of positive structural gap,63.776472473292976,36.276472473292976,91.27647247329298,0.45,limited,False,11.732221360891652,"{""economic_legal"": 0.0561767026016118, ""energy_logistics"": 0.3007587466308307}",calculated_from_existing_mgimo_country_profile_scores,16.030923181431294,9.076141467743279,25.775050153533456,2,0,31.100072885674283,40.65723510541363,25.43278545929996,25.292379369665667,28.266429172487122,28.266429172487122,25.292379369665667,40.65723510541363,25.292379369665667,40.65723510541363,15.364855735747966,6.143549053652683,56.323331648571504,50.17978259491882,D_insufficient_or_unstable_evidence,"{""academic_fit"": 25.292379369665667, ""balanced"": 31.100072885674283, ""labor_market"": 25.43278545929996, ""recruitment"": 40.65723510541363}","{""academic_fit"": 7.569982353190542, ""balanced"": 6.791015172555603, ""labor_market"": 8.014143209516378, ""recruitment"": 6.143549053652683}","{""academic_fit"": 31.83384097875102, ""balanced"": 43.58059538810318, ""labor_market"": 35.872861150588605, ""recruitment"": 56.323331648571504}","{""academic_fit"": {""country_opportunity"": 0.25, ""friendliness"": 0.15, ""labor_demand"": 0.15, ""program_fit"": 0.45}, ""balanced"": {""country_opportunity"": 0.3, ""friendliness"": 0.2, ""labor_demand"": 0.3, ""program_fit"": 0.2}, ""labor_market"": {""country_opportunity"": 0.2, ""friendliness"": 0.15, ""labor_demand"": 0.45, ""program_fit"": 0.2}, ""recruitment"": {""country_opportunity"": 0.4, ""friendliness"": 0.3, ""labor_demand"": 0.1, ""program_fit"": 0.2}}",uncertainty_adjusted_management_priority_index_not_predicted_student_count,not_identified_ex_ante,,,,"incremental qualified applications, offers and enrolments attributable to the recruitment intervention",requires_prospective_campaign_evaluation,24,pre_registered_country_program_campaign_with_matched_comparison_or_stepped_wedge_rollout,qualified_leads;applications;offers;enrolments;yield;cost_per_enrolment,regularized_relative_demand_signal_from_overlapping_queries_not_unique_vacancies,ppml_russia_inbound_structural_allocation_v3;friendliness_receptivity_ex_ante_v3;trudvsem_program_demand_v4;mgimo_program_profiles,calculated_uncertainty_aware_scenario_ensemble,targeted_digital_campaign_with_local_partner_validation,241,237.0,241.0,238.0,261.0,237.0,261.0,24.0
country_program_priority_evidence_v4,SAU,Saudi Arabia,Middle East & North Africa,legal_public,legal_public,Международное право и комплаенс,english_plus_russian_preparatory_year,No broad Russian or English functional-language signal is available in CLDR.,1026.3129269398264,1026.3129269398264,284.272999661452,949.7248809518235,2573.4925989010617,1.0,0.925,162.0,2023,1177.466179032725,1177.466179032725,151.1532520928985,99.4598271878937,99.4598271878937,81.08363336162641,100.0,point_score multiplied by probability of positive structural gap,64.23914038531943,36.73914038531942,91.73914038531943,0.45,limited,False,51.5549507377597,"{""diplomatic_analytic"": 0.5548085172035764, ""economic_legal"": 0.4987242174521772}",calculated_from_existing_mgimo_country_profile_scores,0.10086213539062265,0.051117223385315574,0.18544352358538052,1,1,20.692864178070288,48.87919963486665,10.743749977968317,35.39069102117531,28.041777599622797,28.041777599622797,10.743749977968317,48.87919963486665,10.743749977968317,48.87919963486665,38.13544965689833,9.309245561751736,54.83993218123252,45.53068661948078,D_insufficient_or_unstable_evidence,"{""academic_fit"": 35.39069102117531, ""balanced"": 20.692864178070288, ""labor_market"": 10.743749977968317, ""recruitment"": 48.87919963486665}","{""academic_fit"": 30.78118801289237, ""balanced"": 17.21599274220387, ""labor_market"": 9.309245561751736, ""recruitment"": 38.0808556376414}","{""academic_fit"": 37.77519325369497, ""balanced"": 22.736030266596345, ""labor_market"": 11.721993555865344, ""recruitment"": 54.83993218123252}","{""academic_fit"": {""country_opportunity"": 0.25, ""friendliness"": 0.15, ""labor_demand"": 0.15, ""program_fit"": 0.45}, ""balanced"": {""country_opportunity"": 0.3, ""friendliness"": 0.2, ""labor_demand"": 0.3, ""program_fit"": 0.2}, ""labor_market"": {""country_opportunity"": 0.2, ""friendliness"": 0.15, ""labor_demand"": 0.45, ""program_fit"": 0.2}, ""recruitment"": {""country_opportunity"": 0.4, ""friendliness"": 0.3, ""labor_demand"": 0.1, ""program_fit"": 0.2}}",uncertainty_adjusted_management_priority_index_not_predicted_student_count,not_identified_ex_ante,,,,"incremental qualified applications, offers and enrolments attributable to the recruitment intervention",requires_prospective_campaign_evaluation,24,pre_registered_country_program_campaign_with_matched_comparison_or_stepped_wedge_rollout,qualified_leads;applications;offers;enrolments;yield;cost_per_enrolment,regularized_relative_demand_signal_from_overlapping_queries_not_unique_vacancies,ppml_russia_inbound_structural_allocation_v3;friendliness_receptivity_ex_ante_v3;trudvsem_program_demand_v4;mgimo_program_profiles,calculated_uncertainty_aware_scenario_ensemble,targeted_digital_campaign_with_local_partner_validation,242,243.0,163.0,243.0,202.0,163.0,243.0,80.0
country_program_priority_evidence_v4,KWT,Kuwait,Middle East & North Africa,legal_public,legal_public,Международное право и комплаенс,english_plus_russian_preparatory_year,No broad Russian or English functional-language signal is available in CLDR.,426.5126688777632,426.5126688777632,166.10656193694516,401.9018406801363,914.5455521053923,1.0,0.6533333333333333,8.0,2023,432.95179611668044,432.95179611668044,6.439127238917247,86.88564352408495,86.88564352408495,73.41313797911597,97.8078518624332,point_score multiplied by probability of positive structural gap,63.39358801580428,35.893588015804276,90.89358801580428,0.45,limited,False,55.970432848474935,"{""diplomatic_analytic"": 0.5291348697860369, ""economic_legal"": 0.572805525069912}",calculated_from_existing_mgimo_country_profile_scores,0.10086213539062265,0.051117223385315574,0.18544352358538052,1,1,20.149873146579345,46.90312569497138,10.609583412633759,35.4231132781157,27.786493212347523,27.786493212347523,10.609583412633759,46.90312569497138,10.609583412633759,46.90312569497138,36.29354228233762,9.245365958802498,55.093296946800244,45.84793098799774,D_insufficient_or_unstable_evidence,"{""academic_fit"": 35.4231132781157, ""balanced"": 20.149873146579345, ""labor_market"": 10.609583412633759, ""recruitment"": 46.90312569497138}","{""academic_fit"": 31.040136434867776, ""balanced"": 16.911765195319106, ""labor_market"": 9.245365958802498, ""recruitment"": 36.95887651945175}","{""academic_fit"": 38.90394887440631, ""balanced"": 22.91222522002091, ""labor_market"": 11.844207129872263, ""recruitment"": 55.093296946800244}","{""academic_fit"": {""country_opportunity"": 0.25, ""friendliness"": 0.15, ""labor_demand"": 0.15, ""program_fit"": 0.45}, ""balanced"": {""country_opportunity"": 0.3, ""friendliness"": 0.2, ""labor_demand"": 0.3, ""program_fit"": 0.2}, ""labor_market"": {""country_opportunity"": 0.2, ""friendliness"": 0.15, ""labor_demand"": 0.45, ""program_fit"": 0.2}, ""recruitment"": {""country_opportunity"": 0.4, ""friendliness"": 0.3, ""labor_demand"": 0.1, ""program_fit"": 0.2}}",uncertainty_adjusted_management_priority_index_not_predicted_student_count,not_identified_ex_ante,,,,"incremental qualified applications, offers and enrolments attributable to the recruitment intervention",requires_prospective_campaign_evaluation,24,pre_registered_country_program_campaign_with_matched_comparison_or_stepped_wedge_rollout,qualified_leads;applications;offers;enrolments;yield;cost_per_enrolment,regularized_relative_demand_signal_from_overlapping_queries_not_unique_vacancies,ppml_russia_inbound_structural_allocation_v3;friendliness_receptivity_ex_ante_v3;trudvsem_program_demand_v4;mgimo_program_profiles,calculated_uncertainty_aware_scenario_ensemble,targeted_digital_campaign_with_local_partner_validation,243,246.0,186.0,244.0,201.0,186.0,246.0,60.0
country_program_priority_evidence_v4,OMN,Oman,Middle East & North Africa,legal_public,legal_public,Международное право и комплаенс,english_plus_russian_preparatory_year,No broad Russian or English functional-language signal is available in CLDR.,502.2737759432396,502.2737759432396,181.76656300783029,459.8299838341703,1134.6745046002259,1.0,0.7316666666666667,24.0,2023,525.6770071533053,525.6770071533053,23.403231210065687,89.22560124148004,89.22560124148004,74.69789611085542,100.0,point_score multiplied by probability of positive structural gap,64.2690828943247,36.76908289432469,91.7690828943247,0.45,limited,False,53.8254482092014,"{""diplomatic_analytic"": 0.507666025535745, ""economic_legal"": 0.5513638206161292}",calculated_from_existing_mgimo_country_profile_scores,0.10086213539062265,0.051117223385315574,0.18544352358538052,1,1,20.20856065327226,47.22723554729598,10.605397924684967,35.117138866635436,27.66284975995385,27.66284975995385,10.605397924684967,47.22723554729598,10.605397924684967,47.22723554729598,36.62183762261102,9.238581847688986,55.31114891880784,46.072567071118854,D_insufficient_or_unstable_evidence,"{""academic_fit"": 35.117138866635436, ""balanced"": 20.20856065327226, ""labor_market"": 10.605397924684967, ""recruitment"": 47.22723554729598}","{""academic_fit"": 30.747492423403656, ""balanced"": 16.948171138753608, ""labor_market"": 9.238581847688986, ""recruitment"": 37.18901153140649}","{""academic_fit"": 38.502911870480375, ""balanced"": 22.93065127218088, ""labor_market"": 11.822143302708447, ""recruitment"": 55.31114891880784}","{""academic_fit"": {""country_opportunity"": 0.25, ""friendliness"": 0.15, ""labor_demand"": 0.15, ""program_fit"": 0.45}, ""balanced"": {""country_opportunity"": 0.3, ""friendliness"": 0.2, ""labor_demand"": 0.3, ""program_fit"": 0.2}, ""labor_market"": {""country_opportunity"": 0.2, ""friendliness"": 0.15, ""labor_demand"": 0.45, ""program_fit"": 0.2}, ""recruitment"": {""country_opportunity"": 0.4, ""friendliness"": 0.3, ""labor_demand"": 0.1, ""program_fit"": 0.2}}",uncertainty_adjusted_management_priority_index_not_predicted_student_count,not_identified_ex_ante,,,,"incremental qualified applications, offers and enrolments attributable to the recruitment intervention",requires_prospective_campaign_evaluation,24,pre_registered_country_program_campaign_with_matched_comparison_or_stepped_wedge_rollout,qualified_leads;applications;offers;enrolments;yield;cost_per_enrolment,regularized_relative_demand_signal_from_overlapping_queries_not_unique_vacancies,ppml_russia_inbound_structural_allocation_v3;friendliness_receptivity_ex_ante_v3;trudvsem_program_demand_v4;mgimo_program_profiles,calculated_uncertainty_aware_scenario_ensemble,targeted_digital_campaign_with_local_partner_validation,244,244.0,184.0,245.0,206.0,184.0,245.0,61.0
country_program_priority_evidence_v4,QAT,Qatar,Middle East & North Africa,legal_public,legal_public,Международное право и комплаенс,english_plus_russian_preparatory_year,No broad Russian or English functional-language signal is available in CLDR.,181.741219289879,181.741219289879,63.374058751366526,164.42780274329073,405.2775387971988,1.0,0.05,7.0,2023,188.09570631430216,188.09570631430216,6.354487024423151,74.69590716206966,74.69590716206966,59.73168254284648,86.15493872150051,point_score multiplied by probability of positive structural gap,63.28068332224216,35.780683322242155,90.78068332224217,0.45,limited,False,59.692594853706424,"{""diplomatic_analytic"": 0.545733376665048, ""economic_legal"": 0.6188656221964999}",calculated_from_existing_mgimo_country_profile_scores,0.10086213539062265,0.051117223385315574,0.18544352358538052,1,1,19.505786395081692,44.72312741581608,10.425866031472575,35.10183384624314,27.303810120662416,27.303810120662416,10.425866031472575,44.72312741581608,10.425866031472575,44.72312741581608,34.29726138434351,8.986173875546275,53.043972468785064,44.057798593238786,D_insufficient_or_unstable_evidence,"{""academic_fit"": 35.10183384624314, ""balanced"": 19.505786395081692, ""labor_market"": 10.425866031472575, ""recruitment"": 44.72312741581608}","{""academic_fit"": 30.34129856024132, ""balanced"": 16.104589738903247, ""labor_market"": 8.986173875546275, ""recruitment"": 34.47648217165671}","{""academic_fit"": 38.78443932000508, ""balanced"": 22.341271472356382, ""labor_market"": 11.695620060068123, ""recruitment"": 53.043972468785064}","{""academic_fit"": {""country_opportunity"": 0.25, ""friendliness"": 0.15, ""labor_demand"": 0.15, ""program_fit"": 0.45}, ""balanced"": {""country_opportunity"": 0.3, ""friendliness"": 0.2, ""labor_demand"": 0.3, ""program_fit"": 0.2}, ""labor_market"": {""country_opportunity"": 0.2, ""friendliness"": 0.15, ""labor_demand"": 0.45, ""program_fit"": 0.2}, ""recruitment"": {""country_opportunity"": 0.4, ""friendliness"": 0.3, ""labor_demand"": 0.1, ""program_fit"": 0.2}}",uncertainty_adjusted_management_priority_index_not_predicted_student_count,not_identified_ex_ante,,,,"incremental qualified applications, offers and enrolments attributable to the recruitment intervention",requires_prospective_campaign_evaluation,24,pre_registered_country_program_campaign_with_matched_comparison_or_stepped_wedge_rollout,qualified_leads;applications;offers;enrolments;yield;cost_per_enrolment,regularized_relative_demand_signal_from_overlapping_queries_not_unique_vacancies,ppml_russia_inbound_structural_allocation_v3;friendliness_receptivity_ex_ante_v3;trudvsem_program_demand_v4;mgimo_program_profiles,calculated_uncertainty_aware_scenario_ensemble,targeted_digital_campaign_with_local_partner_validation,245,248.0,210.0,247.0,207.0,207.0,248.0,41.0
country_program_priority_evidence_v4,TUR,Türkiye,Europe & Central Asia,legal_public,legal_public,Международное право и комплаенс,english_plus_russian_preparatory_year,No broad Russian or English functional-language signal is available in CLDR.,6271.814851981322,6271.814851981322,2042.3232068749053,5788.136878229314,13356.513997275884,1.0,0.9983333333333333,911.0,2023,7040.885969507942,7040.885969507942,769.0711175266194,100.0,100.0,100.0,100.0,point_score multiplied by probability of positive structural gap,62.29229519979871,34.7922951997987,89.7922951997987,0.45,limited,False,46.46078713831556,"{""diplomatic_analytic"": 0.5353755707969705, ""economic_legal"": 0.4342788573486635}",calculated_from_existing_mgimo_country_profile_scores,0.10086213539062265,0.051117223385315574,0.18544352358538052,1,1,20.185154363308104,47.56118974747525,10.490406939159564,33.695527381988185,26.940340872648143,26.940340872648143,10.490406939159564,47.56118974747525,10.490406939159564,47.56118974747525,37.070782808315684,9.432381095538018,53.392093325494216,43.959712229956196,D_insufficient_or_unstable_evidence,"{""academic_fit"": 33.695527381988185, ""balanced"": 20.185154363308104, ""labor_market"": 10.490406939159564, ""recruitment"": 47.56118974747525}","{""academic_fit"": 30.7203243226988, ""balanced"": 17.762139686250737, ""labor_market"": 9.432381095538018, ""recruitment"": 39.90029833368991}","{""academic_fit"": 35.96658225496084, ""balanced"": 22.18278577903201, ""labor_market"": 11.448896474542817, ""recruitment"": 53.392093325494216}","{""academic_fit"": {""country_opportunity"": 0.25, ""friendliness"": 0.15, ""labor_demand"": 0.15, ""program_fit"": 0.45}, ""balanced"": {""country_opportunity"": 0.3, ""friendliness"": 0.2, ""labor_demand"": 0.3, ""program_fit"": 0.2}, ""labor_market"": {""country_opportunity"": 0.2, ""friendliness"": 0.15, ""labor_demand"": 0.45, ""program_fit"": 0.2}, ""recruitment"": {""country_opportunity"": 0.4, ""friendliness"": 0.3, ""labor_demand"": 0.1, ""program_fit"": 0.2}}",uncertainty_adjusted_management_priority_index_not_predicted_student_count,not_identified_ex_ante,,,,"incremental qualified applications, offers and enrolments attributable to the recruitment intervention",requires_prospective_campaign_evaluation,24,pre_registered_country_program_campaign_with_matched_comparison_or_stepped_wedge_rollout,qualified_leads;applications;offers;enrolments;yield;cost_per_enrolment,regularized_relative_demand_signal_from_overlapping_queries_not_unique_vacancies,ppml_russia_inbound_structural_allocation_v3;friendliness_receptivity_ex_ante_v3;trudvsem_program_demand_v4;mgimo_program_profiles,calculated_uncertainty_aware_scenario_ensemble,targeted_digital_campaign_with_local_partner_validation,246,245.0,181.0,246.0,217.0,181.0,246.0,65.0
country_program_priority_evidence_v4,THA,Thailand,East Asia & Pacific,legal_public,legal_public,Международное право и комплаенс,english_with_optional_russian_preparatory_module,CLDR indicates a material functional English-language environment.,222.9823261229627,222.9823261229627,-35.88656602940428,196.96835921580674,897.5067334467701,0.915,0.12,130.0,2023,362.23276640299105,362.23276640299105,139.25044028002836,77.61451665790797,71.0172827419858,0.0,97.53841789027449,point_score multiplied by probability of positive structural gap,63.36552884934288,35.86552884934287,90.86552884934288,0.45,limited,False,58.28130023557962,"{""diplomatic_analytic"": 0.5706719830606207, ""economic_legal"": 0.5880162963394429}",calculated_from_existing_mgimo_country_profile_scores,0.10086213539062265,0.051117223385315574,0.18544352358538052,1,1,19.131267241322288,43.652202257515995,10.276076726172223,34.30905251704041,26.720159879181352,26.720159879181352,10.276076726172223,43.652202257515995,10.276076726172223,43.652202257515995,33.376125531343774,3.9354849795568034,55.467458236838254,51.53197325728145,D_insufficient_or_unstable_evidence,"{""academic_fit"": 34.30905251704041, ""balanced"": 19.131267241322288, ""labor_market"": 10.276076726172223, ""recruitment"": 43.652202257515995}","{""academic_fit"": 10.758019907621508, ""balanced"": 4.6782304322903885, ""labor_market"": 3.9354849795568034, ""recruitment"": 6.643752206368434}","{""academic_fit"": 39.5774686837785, ""balanced"": 23.07483595819852, ""labor_market"": 11.931706585700775, ""recruitment"": 55.467458236838254}","{""academic_fit"": {""country_opportunity"": 0.25, ""friendliness"": 0.15, ""labor_demand"": 0.15, ""program_fit"": 0.45}, ""balanced"": {""country_opportunity"": 0.3, ""friendliness"": 0.2, ""labor_demand"": 0.3, ""program_fit"": 0.2}, ""labor_market"": {""country_opportunity"": 0.2, ""friendliness"": 0.15, ""labor_demand"": 0.45, ""program_fit"": 0.2}, ""recruitment"": {""country_opportunity"": 0.4, ""friendliness"": 0.3, ""labor_demand"": 0.1, ""program_fit"": 0.2}}",uncertainty_adjusted_management_priority_index_not_predicted_student_count,not_identified_ex_ante,,,,"incremental qualified applications, offers and enrolments attributable to the recruitment intervention",requires_prospective_campaign_evaluation,24,pre_registered_country_program_campaign_with_matched_comparison_or_stepped_wedge_rollout,qualified_leads;applications;offers;enrolments;yield;cost_per_enrolment,regularized_relative_demand_signal_from_overlapping_queries_not_unique_vacancies,ppml_russia_inbound_structural_allocation_v3;friendliness_receptivity_ex_ante_v3;trudvsem_program_demand_v4;mgimo_program_profiles,calculated_uncertainty_aware_scenario_ensemble,targeted_digital_campaign_with_local_partner_validation,247,253.0,225.0,250.0,214.0,214.0,253.0,39.0
country_program_priority_evidence_v4,DJI,Djibouti,Middle East & North Africa,legal_public,legal_public,Международное право и комплаенс,english_plus_russian_preparatory_year,No broad Russian or English functional-language signal is available in CLDR.,239.3738803499215,239.3738803499215,50.49768958489623,219.45283508352134,743.5658002040125,1.0,0.18833333333333332,25.0,2023,271.61950240658797,271.61950240658797,32.24562205666646,78.62749291035662,78.62749291035662,56.530848916296335,94.84302000290357,point_score multiplied by probability of positive structural gap,63.19730844112152,35.69730844112152,90.69730844112152,0.45,limited,False,52.732763946046376,"{""diplomatic_analytic"": 0.4616249440057987, ""economic_legal"": 0.5554859375124632}",calculated_from_existing_mgimo_country_profile_scores,0.10086213539062265,0.051117223385315574,0.18544352358538052,1,1,19.32273595424297,44.52254880339571,10.276528102087825,33.64646798626261,26.48460197025279,26.48460197025279,10.276528102087825,44.52254880339571,10.276528102087825,44.52254880339571,34.246020701307884,8.672509200605127,53.758324139577454,45.08581493897233,D_insufficient_or_unstable_evidence,"{""academic_fit"": 33.64646798626261, ""balanced"": 19.32273595424297, ""labor_market"": 10.276528102087825, ""recruitment"": 44.52254880339571}","{""academic_fit"": 28.32723972234025, ""balanced"": 15.456775006410295, ""labor_market"": 8.672509200605127, ""recruitment"": 32.90350433317912}","{""academic_fit"": 37.59343399922971, ""balanced"": 22.430047197969913, ""labor_market"": 11.631572695342518, ""recruitment"": 53.758324139577454}","{""academic_fit"": {""country_opportunity"": 0.25, ""friendliness"": 0.15, ""labor_demand"": 0.15, ""program_fit"": 0.45}, ""balanced"": {""country_opportunity"": 0.3, ""friendliness"": 0.2, ""labor_demand"": 0.3, ""program_fit"": 0.2}, ""labor_market"": {""country_opportunity"": 0.2, ""friendliness"": 0.15, ""labor_demand"": 0.45, ""program_fit"": 0.2}, ""recruitment"": {""country_opportunity"": 0.4, ""friendliness"": 0.3, ""labor_demand"": 0.1, ""program_fit"": 0.2}}",uncertainty_adjusted_management_priority_index_not_predicted_student_count,not_identified_ex_ante,,,,"incremental qualified applications, offers and enrolments attributable to the recruitment intervention",requires_prospective_campaign_evaluation,24,pre_registered_country_program_campaign_with_matched_comparison_or_stepped_wedge_rollout,qualified_leads;applications;offers;enrolments;yield;cost_per_enrolment,regularized_relative_demand_signal_from_overlapping_queries_not_unique_vacancies,ppml_russia_inbound_structural_allocation_v3;friendliness_receptivity_ex_ante_v3;trudvsem_program_demand_v4;mgimo_program_profiles,calculated_uncertainty_aware_scenario_ensemble,targeted_digital_campaign_with_local_partner_validation,248,250.0,213.0,249.0,219.0,213.0,250.0,37.0
country_program_priority_evidence_v4,CAF,Central African Republic,Sub-Saharan Africa,international_economics,international_economics,Международная экономика и ВЭД,english_plus_russian_preparatory_year,No broad Russian or English functional-language signal is available in CLDR.,123.42054049774369,123.42054049774369,22.46126247028651,113.99879700913861,284.0596213959581,1.0,0.0,54.0,2023,164.05831834064435,164.05831834064435,40.63777784290066,69.18265901550751,69.18265901550751,45.25510066467768,81.07290157844957,point_score multiplied by probability of positive structural gap,64.13768093741794,36.63768093741794,91.63768093741795,0.45,limited,False,7.217047785588555,"{""economic_legal"": 0.0384286231340165, ""energy_logistics"": 0.1733960420214927}",calculated_from_existing_mgimo_country_profile_scores,16.030923181431294,9.076141467743279,25.775050153533456,2,0,29.149334889489353,38.40495166301082,23.65918508824659,21.16502417436562,26.40425998886797,26.40425998886797,21.16502417436562,38.40495166301082,21.16502417436562,38.40495166301082,17.2399274886452,15.829950564852558,47.54567697391687,31.71572640906431,D_insufficient_or_unstable_evidence,"{""academic_fit"": 21.16502417436562, ""balanced"": 29.149334889489353, ""labor_market"": 23.65918508824659, ""recruitment"": 38.40495166301082}","{""academic_fit"": 16.23409998317429, ""balanced"": 19.69166895379346, ""labor_market"": 15.829950564852558, ""recruitment"": 26.16386643649962}","{""academic_fit"": 24.83295399161438, ""balanced"": 37.54553938241542, ""labor_market"": 31.547033668325376, ""recruitment"": 47.54567697391687}","{""academic_fit"": {""country_opportunity"": 0.25, ""friendliness"": 0.15, ""labor_demand"": 0.15, ""program_fit"": 0.45}, ""balanced"": {""country_opportunity"": 0.3, ""friendliness"": 0.2, ""labor_demand"": 0.3, ""program_fit"": 0.2}, ""labor_market"": {""country_opportunity"": 0.2, ""friendliness"": 0.15, ""labor_demand"": 0.45, ""program_fit"": 0.2}, ""recruitment"": {""country_opportunity"": 0.4, ""friendliness"": 0.3, ""labor_demand"": 0.1, ""program_fit"": 0.2}}",uncertainty_adjusted_management_priority_index_not_predicted_student_count,not_identified_ex_ante,,,,"incremental qualified applications, offers and enrolments attributable to the recruitment intervention",requires_prospective_campaign_evaluation,24,pre_registered_country_program_campaign_with_matched_comparison_or_stepped_wedge_rollout,qualified_leads;applications;offers;enrolments;yield;cost_per_enrolment,regularized_relative_demand_signal_from_overlapping_queries_not_unique_vacancies,ppml_russia_inbound_structural_allocation_v3;friendliness_receptivity_ex_ante_v3;trudvsem_program_demand_v4;mgimo_program_profiles,calculated_uncertainty_aware_scenario_ensemble,targeted_digital_campaign_with_local_partner_validation,249,239.0,258.0,240.0,281.0,239.0,281.0,42.0
country_program_priority_evidence_v4,BLR,Belarus,Europe & Central Asia,legal_public,legal_public,Международное право и комплаенс,russian_or_bilingual_russian_english,CLDR indicates a material functional Russian-language environment.,30445.19890863655,30445.19890863655,6973.544032391695,27907.71738493421,62381.01638589323,1.0,1.0,9369.0,2023,40657.59366868813,40657.59366868813,10212.394760051584,100.0,100.0,100.0,100.0,point_score multiplied by probability of positive structural gap,68.04837138372176,48.048371383721744,88.04837138372174,0.6,limited,False,40.65940941828194,"{""diplomatic_analytic"": 0.4456061003463963, ""economic_legal"": 0.3898746629698579}",calculated_from_existing_mgimo_country_profile_scores,0.10086213539062265,0.051117223385315574,0.18544352358538052,1,1,20.010974028311434,47.562987206554936,10.354719985121843,32.193101935791816,26.102037982051627,26.102037982051627,10.354719985121843,47.562987206554936,10.354719985121843,47.562987206554936,37.20826722143309,9.634345798361547,51.71608953255006,42.08174373418851,D_insufficient_or_unstable_evidence,"{""academic_fit"": 32.193101935791816, ""balanced"": 20.010974028311434, ""labor_market"": 10.354719985121843, ""recruitment"": 47.562987206554936}","{""academic_fit"": 30.37184887656828, ""balanced"": 18.430534240071054, ""labor_market"": 9.634345798361547, ""recruitment"": 42.72698913181458}","{""academic_fit"": 33.81862110861216, ""balanced"": 21.52817012897095, ""labor_market"": 11.121818685055203, ""recruitment"": 51.71608953255006}","{""academic_fit"": {""country_opportunity"": 0.25, ""friendliness"": 0.15, ""labor_demand"": 0.15, ""program_fit"": 0.45}, ""balanced"": {""country_opportunity"": 0.3, ""friendliness"": 0.2, ""labor_demand"": 0.3, ""program_fit"": 0.2}, ""labor_market"": {""country_opportunity"": 0.2, ""friendliness"": 0.15, ""labor_demand"": 0.45, ""program_fit"": 0.2}, ""recruitment"": {""country_opportunity"": 0.4, ""friendliness"": 0.3, ""labor_demand"": 0.1, ""program_fit"": 0.2}}",uncertainty_adjusted_management_priority_index_not_predicted_student_count,not_identified_ex_ante,,,,"incremental qualified applications, offers and enrolments attributable to the recruitment intervention",requires_prospective_campaign_evaluation,24,pre_registered_country_program_campaign_with_matched_comparison_or_stepped_wedge_rollout,qualified_leads;applications;offers;enrolments;yield;cost_per_enrolment,regularized_relative_demand_signal_from_overlapping_queries_not_unique_vacancies,ppml_russia_inbound_structural_allocation_v3;friendliness_receptivity_ex_ante_v3;trudvsem_program_demand_v4;mgimo_program_profiles,calculated_uncertainty_aware_scenario_ensemble,russian_language_track_alumni_and_school_network,250,247.0,180.0,248.0,226.0,180.0,248.0,68.0
country_program_priority_evidence_v4,BIH,Bosnia and Herzegovina,Europe & Central Asia,legal_public,legal_public,Международное право и комплаенс,english_with_optional_russian_preparatory_module,CLDR indicates a material functional English-language environment.,476.02545396448784,476.02545396448784,100.21274267780932,430.9251875292698,1327.387180204779,1.0,0.6616666666666666,74.0,2023,545.5627494733623,545.5627494733623,69.53729550887442,88.45736179088952,88.45736179088952,66.22178952691061,100.0,point_score multiplied by probability of positive structural gap,59.629219773256196,32.129219773256196,87.12921977325621,0.45,limited,False,45.123300340197815,"{""diplomatic_analytic"": 0.421037053004802, ""economic_legal"": 0.4641741250007679}",calculated_from_existing_mgimo_country_profile_scores,0.10086213539062265,0.051117223385315574,0.18544352358538052,1,1,19.186855434490152,44.47203706923128,10.115050046382072,32.06336166773628,25.625108551113215,25.625108551113215,10.115050046382072,44.47203706923128,10.115050046382072,44.47203706923128,34.356987022849204,8.54553810479377,52.61569547053252,44.07015736573875,D_insufficient_or_unstable_evidence,"{""academic_fit"": 32.06336166773628, ""balanced"": 19.186855434490152, ""labor_market"": 10.115050046382072, ""recruitment"": 44.47203706923128}","{""academic_fit"": 27.076945243265776, ""balanced"": 15.390520565475194, ""labor_market"": 8.54553810479377, ""recruitment"": 32.93784692217338}","{""academic_fit"": 35.348684623589996, ""balanced"": 21.9253916078222, ""labor_market"": 11.332907802150393, ""recruitment"": 52.61569547053252}","{""academic_fit"": {""country_opportunity"": 0.25, ""friendliness"": 0.15, ""labor_demand"": 0.15, ""program_fit"": 0.45}, ""balanced"": {""country_opportunity"": 0.3, ""friendliness"": 0.2, ""labor_demand"": 0.3, ""program_fit"": 0.2}, ""labor_market"": {""country_opportunity"": 0.2, ""friendliness"": 0.15, ""labor_demand"": 0.45, ""program_fit"": 0.2}, ""recruitment"": {""country_opportunity"": 0.4, ""friendliness"": 0.3, ""labor_demand"": 0.1, ""program_fit"": 0.2}}",uncertainty_adjusted_management_priority_index_not_predicted_student_count,not_identified_ex_ante,,,,"incremental qualified applications, offers and enrolments attributable to the recruitment intervention",requires_prospective_campaign_evaluation,24,pre_registered_country_program_campaign_with_matched_comparison_or_stepped_wedge_rollout,qualified_leads;applications;offers;enrolments;yield;cost_per_enrolment,regularized_relative_demand_signal_from_overlapping_queries_not_unique_vacancies,ppml_russia_inbound_structural_allocation_v3;friendliness_receptivity_ex_ante_v3;trudvsem_program_demand_v4;mgimo_program_profiles,calculated_uncertainty_aware_scenario_ensemble,targeted_digital_campaign_with_local_partner_validation,251,252.0,214.0,251.0,229.0,214.0,252.0,38.0
country_program_priority_evidence_v4,PHL,Philippines,East Asia & Pacific,legal_public,legal_public,Международное право и комплаенс,english_with_optional_russian_preparatory_module,CLDR indicates a material functional English-language environment.,484.6717004001166,484.6717004001166,143.8475030575797,449.92736014501145,1267.60317230366,1.0,0.835,17.0,2023,506.4046398544305,506.4046398544305,21.732939454313914,88.71499361028283,88.71499361028283,71.3628978535519,100.0,point_score multiplied by probability of positive structural gap,63.19143211840076,35.691432118400755,90.69143211840075,0.45,limited,False,42.808538488575046,"{""diplomatic_analytic"": 0.430623591707961, ""economic_legal"": 0.4269975819619459}",calculated_from_existing_mgimo_country_profile_scores,0.10086213539062265,0.051117223385315574,0.18544352358538052,1,1,19.22494834569028,44.82835518607491,10.103335282451448,31.62116219914029,25.423055272415283,25.423055272415283,10.103335282451448,44.82835518607491,10.103335282451448,44.82835518607491,34.72501990362346,8.716081596888753,52.69939656073402,43.983314963845274,D_insufficient_or_unstable_evidence,"{""academic_fit"": 31.62116219914029, ""balanced"": 19.22494834569028, ""labor_market"": 10.103335282451448, ""recruitment"": 44.82835518607491}","{""academic_fit"": 27.364746562445642, ""balanced"": 15.894740525274875, ""labor_market"": 8.716081596888753, ""recruitment"": 34.62033560195668}","{""academic_fit"": 34.74496331389988, ""balanced"": 21.873425586028787, ""labor_market"": 11.283669524418432, ""recruitment"": 52.69939656073402}","{""academic_fit"": {""country_opportunity"": 0.25, ""friendliness"": 0.15, ""labor_demand"": 0.15, ""program_fit"": 0.45}, ""balanced"": {""country_opportunity"": 0.3, ""friendliness"": 0.2, ""labor_demand"": 0.3, ""program_fit"": 0.2}, ""labor_market"": {""country_opportunity"": 0.2, ""friendliness"": 0.15, ""labor_demand"": 0.45, ""program_fit"": 0.2}, ""recruitment"": {""country_opportunity"": 0.4, ""friendliness"": 0.3, ""labor_demand"": 0.1, ""program_fit"": 0.2}}",uncertainty_adjusted_management_priority_index_not_predicted_student_count,not_identified_ex_ante,,,,"incremental qualified applications, offers and enrolments attributable to the recruitment intervention",requires_prospective_campaign_evaluation,24,pre_registered_country_program_campaign_with_matched_comparison_or_stepped_wedge_rollout,qualified_leads;applications;offers;enrolments;yield;cost_per_enrolment,regularized_relative_demand_signal_from_overlapping_queries_not_unique_vacancies,ppml_russia_inbound_structural_allocation_v3;friendliness_receptivity_ex_ante_v3;trudvsem_program_demand_v4;mgimo_program_profiles,calculated_uncertainty_aware_scenario_ensemble,targeted_digital_campaign_with_local_partner_validation,252,251.0,208.0,252.0,231.0,208.0,252.0,44.0
country_program_priority_evidence_v4,AZE,Azerbaijan,Europe & Central Asia,legal_public,legal_public,Международное право и комплаенс,english_plus_russian_preparatory_year,No broad Russian or English functional-language signal is available in CLDR.,15116.55996574624,15116.55996574624,8152.10522003389,13587.33892593225,18211.214328846352,1.0,1.0,5965.0,2023,22566.206974708322,22566.206974708322,7449.6470089620825,100.0,100.0,100.0,100.0,point_score multiplied by probability of positive structural gap,65.98981332659201,38.489813326592014,93.48981332659201,0.45,limited,False,36.08588400615176,"{""diplomatic_analytic"": 0.3534390310390914, ""economic_legal"": 0.3640387582139859}",calculated_from_existing_mgimo_country_profile_scores,0.10086213539062265,0.051117223385315574,0.18544352358538052,1,1,19.432935055494735,46.04949019379108,10.070841564283537,30.413339572015825,24.92313731375528,24.92313731375528,10.070841564283537,46.04949019379108,10.070841564283537,46.04949019379108,35.978648629507546,9.11172090721777,51.43425894572302,42.32253803850526,D_insufficient_or_unstable_evidence,"{""academic_fit"": 30.413339572015825, ""balanced"": 19.432935055494735, ""labor_market"": 10.070841564283537, ""recruitment"": 46.04949019379108}","{""academic_fit"": 27.90122624208039, ""balanced"": 17.242853064211562, ""labor_market"": 9.11172090721777, ""recruitment"": 39.11645978801195}","{""academic_fit"": 32.381184756945366, ""balanced"": 21.284233962812525, ""labor_market"": 10.96323611238862, ""recruitment"": 51.43425894572302}","{""academic_fit"": {""country_opportunity"": 0.25, ""friendliness"": 0.15, ""labor_demand"": 0.15, ""program_fit"": 0.45}, ""balanced"": {""country_opportunity"": 0.3, ""friendliness"": 0.2, ""labor_demand"": 0.3, ""program_fit"": 0.2}, ""labor_market"": {""country_opportunity"": 0.2, ""friendliness"": 0.15, ""labor_demand"": 0.45, ""program_fit"": 0.2}, ""recruitment"": {""country_opportunity"": 0.4, ""friendliness"": 0.3, ""labor_demand"": 0.1, ""program_fit"": 0.2}}",uncertainty_adjusted_management_priority_index_not_predicted_student_count,not_identified_ex_ante,,,,"incremental qualified applications, offers and enrolments attributable to the recruitment intervention",requires_prospective_campaign_evaluation,24,pre_registered_country_program_campaign_with_matched_comparison_or_stepped_wedge_rollout,qualified_leads;applications;offers;enrolments;yield;cost_per_enrolment,regularized_relative_demand_signal_from_overlapping_queries_not_unique_vacancies,ppml_russia_inbound_structural_allocation_v3;friendliness_receptivity_ex_ante_v3;trudvsem_program_demand_v4;mgimo_program_profiles,calculated_uncertainty_aware_scenario_ensemble,digital_recruitment_scholarship_and_olympiad,253,249.0,192.0,253.0,237.0,192.0,253.0,61.0
country_program_priority_evidence_v4,BRN,Brunei Darussalam,East Asia & Pacific,legal_public,legal_public,Международное право и комплаенс,english_plus_russian_preparatory_year,No broad Russian or English functional-language signal is available in CLDR.,27.68292137188877,27.68292137188877,1.6687296160728595,24.97722746958047,147.35972419963497,0.9916666666666667,0.0,5.0,2023,30.898809810727528,30.898809810727528,3.2158884388387574,48.13721061073633,47.7360671889802,14.078474158191256,71.70651739694688,point_score multiplied by probability of positive structural gap,63.74656018971629,36.24656018971629,91.24656018971629,0.45,limited,False,59.95216882506791,"{""diplomatic_analytic"": 0.5408859491804724, ""economic_legal"": 0.6246512907093391}",calculated_from_existing_mgimo_country_profile_scores,0.10086213539062265,0.051117223385315574,0.18544352358538052,1,1,17.13147762603079,37.614470674113065,9.565526527972427,31.537612670936845,24.33454514848382,24.33454514848382,9.565526527972427,37.614470674113065,9.565526527972427,37.614470674113065,28.048944146140638,6.819521176390762,49.451439367568604,42.63191819117784,D_insufficient_or_unstable_evidence,"{""academic_fit"": 31.537612670936845, ""balanced"": 17.13147762603079, ""labor_market"": 9.565526527972427, ""recruitment"": 37.614470674113065}","{""academic_fit"": 21.49926917891477, ""balanced"": 10.6388885066853, ""labor_market"": 6.819521176390762, ""recruitment"": 19.838570894657586}","{""academic_fit"": 37.165650863323386, ""balanced"": 21.198384164707292, ""labor_market"": 11.297440046405303, ""recruitment"": 49.451439367568604}","{""academic_fit"": {""country_opportunity"": 0.25, ""friendliness"": 0.15, ""labor_demand"": 0.15, ""program_fit"": 0.45}, ""balanced"": {""country_opportunity"": 0.3, ""friendliness"": 0.2, ""labor_demand"": 0.3, ""program_fit"": 0.2}, ""labor_market"": {""country_opportunity"": 0.2, ""friendliness"": 0.15, ""labor_demand"": 0.45, ""program_fit"": 0.2}, ""recruitment"": {""country_opportunity"": 0.4, ""friendliness"": 0.3, ""labor_demand"": 0.1, ""program_fit"": 0.2}}",uncertainty_adjusted_management_priority_index_not_predicted_student_count,not_identified_ex_ante,,,,"incremental qualified applications, offers and enrolments attributable to the recruitment intervention",requires_prospective_campaign_evaluation,24,pre_registered_country_program_campaign_with_matched_comparison_or_stepped_wedge_rollout,qualified_leads;applications;offers;enrolments;yield;cost_per_enrolment,regularized_relative_demand_signal_from_overlapping_queries_not_unique_vacancies,ppml_russia_inbound_structural_allocation_v3;friendliness_receptivity_ex_ante_v3;trudvsem_program_demand_v4;mgimo_program_profiles,calculated_uncertainty_aware_scenario_ensemble,targeted_digital_campaign_with_local_partner_validation,254,259.0,262.0,257.0,233.0,233.0,262.0,29.0
country_program_priority_evidence_v4,BTN,Bhutan,South Asia,legal_public,legal_public,Международное право и комплаенс,english_plus_russian_preparatory_year,No broad Russian or English functional-language signal is available in CLDR.,140.10751376544923,140.10751376544923,27.40457878184346,132.0229178729953,521.452014387838,1.0,0.06333333333333334,0.0,2023,140.10751376544923,140.10751376544923,0.0,70.98771126558162,70.98771126558162,47.99735110755962,89.76198788555648,point_score multiplied by probability of positive structural gap,63.21573955610894,35.715739556108936,90.71573955610894,0.45,limited,False,42.54924074858373,"{""diplomatic_analytic"": 0.3911610876243805, ""economic_legal"": 0.4402058302836045}",calculated_from_existing_mgimo_country_profile_scores,0.10086213539062265,0.051117223385315574,0.18544352358538052,1,1,17.9763051462783,41.005662247025455,9.657227461605633,29.849746392910582,23.91302576959444,23.91302576959444,9.657227461605633,41.005662247025455,9.657227461605633,41.005662247025455,31.348434785419823,8.05341584437769,50.43796919162151,42.38455334724382,D_insufficient_or_unstable_evidence,"{""academic_fit"": 29.849746392910582, ""balanced"": 17.9763051462783, ""labor_market"": 9.657227461605633, ""recruitment"": 41.005662247025455}","{""academic_fit"": 24.759311063541585, ""balanced"": 14.125125857554252, ""labor_market"": 8.05341584437769, ""recruitment"": 29.591336724233884}","{""academic_fit"": 33.73996297327484, ""balanced"": 21.159187086005744, ""labor_market"": 11.03236229279202, ""recruitment"": 50.43796919162151}","{""academic_fit"": {""country_opportunity"": 0.25, ""friendliness"": 0.15, ""labor_demand"": 0.15, ""program_fit"": 0.45}, ""balanced"": {""country_opportunity"": 0.3, ""friendliness"": 0.2, ""labor_demand"": 0.3, ""program_fit"": 0.2}, ""labor_market"": {""country_opportunity"": 0.2, ""friendliness"": 0.15, ""labor_demand"": 0.45, ""program_fit"": 0.2}, ""recruitment"": {""country_opportunity"": 0.4, ""friendliness"": 0.3, ""labor_demand"": 0.1, ""program_fit"": 0.2}}",uncertainty_adjusted_management_priority_index_not_predicted_student_count,not_identified_ex_ante,,,,"incremental qualified applications, offers and enrolments attributable to the recruitment intervention",requires_prospective_campaign_evaluation,24,pre_registered_country_program_campaign_with_matched_comparison_or_stepped_wedge_rollout,qualified_leads;applications;offers;enrolments;yield;cost_per_enrolment,regularized_relative_demand_signal_from_overlapping_queries_not_unique_vacancies,ppml_russia_inbound_structural_allocation_v3;friendliness_receptivity_ex_ante_v3;trudvsem_program_demand_v4;mgimo_program_profiles,calculated_uncertainty_aware_scenario_ensemble,targeted_digital_campaign_with_local_partner_validation,255,257.0,239.0,255.0,242.0,239.0,257.0,18.0
country_program_priority_evidence_v4,IDN,Indonesia,East Asia & Pacific,legal_public,legal_public,Международное право и комплаенс,english_plus_russian_preparatory_year,No broad Russian or English functional-language signal is available in CLDR.,663.2562933239036,663.2562933239036,-101.0798443457751,590.7454114815195,2173.447978739426,0.93,0.7383333333333333,556.0,2023,1173.2003318727418,1173.2003318727418,509.9440385488382,93.20608366583559,86.6816578092271,0.0,100.0,point_score multiplied by probability of positive structural gap,62.392570439499806,44.892570439499806,79.89257043949979,0.65,moderate,True,34.05372360044155,"{""diplomatic_analytic"": 0.3672125449672645, ""economic_legal"": 0.3291049607346231}",calculated_from_existing_mgimo_country_profile_scores,0.10086213539062265,0.051117223385315574,0.18544352358538052,1,1,18.214851553266175,42.32273847552738,9.600476369496302,28.385848453123792,23.300350003194986,23.300350003194986,9.600476369496302,42.32273847552738,9.600476369496302,42.32273847552738,32.72226210603108,3.6612537866502355,48.54166680351735,44.88041301686712,D_insufficient_or_unstable_evidence,"{""academic_fit"": 28.385848453123792, ""balanced"": 18.214851553266175, ""labor_market"": 9.600476369496302, ""recruitment"": 42.32273847552738}","{""academic_fit"": 8.776432714590715, ""balanced"": 4.400168221222572, ""labor_market"": 3.6612537866502355, ""recruitment"": 6.387240778764839}","{""academic_fit"": 30.84308184689421, ""balanced"": 20.401770486752525, ""labor_market"": 10.590645195158647, ""recruitment"": 48.54166680351735}","{""academic_fit"": {""country_opportunity"": 0.25, ""friendliness"": 0.15, ""labor_demand"": 0.15, ""program_fit"": 0.45}, ""balanced"": {""country_opportunity"": 0.3, ""friendliness"": 0.2, ""labor_demand"": 0.3, ""program_fit"": 0.2}, ""labor_market"": {""country_opportunity"": 0.2, ""friendliness"": 0.15, ""labor_demand"": 0.45, ""program_fit"": 0.2}, ""recruitment"": {""country_opportunity"": 0.4, ""friendliness"": 0.3, ""labor_demand"": 0.1, ""program_fit"": 0.2}}",uncertainty_adjusted_management_priority_index_not_predicted_student_count,not_identified_ex_ante,,,,"incremental qualified applications, offers and enrolments attributable to the recruitment intervention",requires_prospective_campaign_evaluation,24,pre_registered_country_program_campaign_with_matched_comparison_or_stepped_wedge_rollout,qualified_leads;applications;offers;enrolments;yield;cost_per_enrolment,regularized_relative_demand_signal_from_overlapping_queries_not_unique_vacancies,ppml_russia_inbound_structural_allocation_v3;friendliness_receptivity_ex_ante_v3;trudvsem_program_demand_v4;mgimo_program_profiles,calculated_uncertainty_aware_scenario_ensemble,targeted_digital_campaign_with_local_partner_validation,256,255.0,235.0,256.0,249.0,235.0,256.0,21.0
country_program_priority_evidence_v4,PRK,"Korea, Democratic People's Republic of",East Asia & Pacific,legal_public,legal_public,Международное право и комплаенс,english_plus_russian_preparatory_year,No broad Russian or English functional-language signal is available in CLDR.,1024.2065489485078,1024.2065489485078,-0.7712516888885251,905.3765112032339,5975.747172344155,0.9733333333333334,0.8183333333333334,136.0,2023,1150.3121619755332,1150.3121619755332,126.10561302702531,99.43038981322665,96.77891275154062,0.0,100.0,point_score multiplied by probability of positive structural gap,70.01277546029631,42.51277546029631,97.51277546029631,0.45,limited,False,29.307422047455155,"{""diplomatic_analytic"": 0.2321922815896271, ""economic_legal"": 0.3191664799966621}",calculated_from_existing_mgimo_country_profile_scores,0.10086213539062265,0.051117223385315574,0.18544352358538052,1,1,18.700325431327062,44.428407502671476,9.694329119311638,27.79056580378021,23.245445617553635,23.245445617553635,9.694329119311638,44.428407502671476,9.694329119311638,44.428407502671476,34.73407838335984,3.527962514574976,50.02105282796142,46.493090313386446,D_insufficient_or_unstable_evidence,"{""academic_fit"": 27.79056580378021, ""balanced"": 18.700325431327062, ""labor_market"": 9.694329119311638, ""recruitment"": 44.428407502671476}","{""academic_fit"": 8.154847905030113, ""balanced"": 4.228702460343378, ""labor_market"": 3.527962514574976, ""recruitment"": 6.105743791161687}","{""academic_fit"": 29.755142309955612, ""balanced"": 20.613304047973084, ""labor_market"": 10.595537046850428, ""recruitment"": 50.02105282796142}","{""academic_fit"": {""country_opportunity"": 0.25, ""friendliness"": 0.15, ""labor_demand"": 0.15, ""program_fit"": 0.45}, ""balanced"": {""country_opportunity"": 0.3, ""friendliness"": 0.2, ""labor_demand"": 0.3, ""program_fit"": 0.2}, ""labor_market"": {""country_opportunity"": 0.2, ""friendliness"": 0.15, ""labor_demand"": 0.45, ""program_fit"": 0.2}, ""recruitment"": {""country_opportunity"": 0.4, ""friendliness"": 0.3, ""labor_demand"": 0.1, ""program_fit"": 0.2}}",uncertainty_adjusted_management_priority_index_not_predicted_student_count,not_identified_ex_ante,,,,"incremental qualified applications, offers and enrolments attributable to the recruitment intervention",requires_prospective_campaign_evaluation,24,pre_registered_country_program_campaign_with_matched_comparison_or_stepped_wedge_rollout,qualified_leads;applications;offers;enrolments;yield;cost_per_enrolment,regularized_relative_demand_signal_from_overlapping_queries_not_unique_vacancies,ppml_russia_inbound_structural_allocation_v3;friendliness_receptivity_ex_ante_v3;trudvsem_program_demand_v4;mgimo_program_profiles,calculated_uncertainty_aware_scenario_ensemble,digital_recruitment_scholarship_and_olympiad,257,254.0,215.0,254.0,251.0,215.0,254.0,39.0
country_program_priority_evidence_v4,BHR,Bahrain,Middle East & North Africa,legal_public,legal_public,Международное право и комплаенс,english_plus_russian_preparatory_year,No broad Russian or English functional-language signal is available in CLDR.,31.931660746639665,31.931660746639665,-47.546782251761556,18.08585022238453,211.7419000625797,0.6583333333333333,0.0,45.0,2023,120.50138463896643,120.50138463896643,88.56972389232676,50.11835563919724,32.99458412913818,0.0,76.87606628006898,point_score multiplied by probability of positive structural gap,63.790719388353246,36.290719388353246,91.29071938835325,0.45,limited,False,68.93974067825513,"{""diplomatic_analytic"": 0.6426831204973397, ""economic_legal"": 0.7094178151904993}",calculated_from_existing_mgimo_country_profile_scores,0.10086213539062265,0.051117223385315574,0.18544352358538052,1,1,15.807703821450659,33.48223628097591,9.14981086726286,30.66505357529375,23.236378698372206,23.236378698372206,9.14981086726286,33.48223628097591,9.14981086726286,33.48223628097591,24.332425413713054,4.074802487217137,52.254118810355386,48.17931632313825,D_insufficient_or_unstable_evidence,"{""academic_fit"": 30.66505357529375, ""balanced"": 15.807703821450659, ""labor_market"": 9.14981086726286, ""recruitment"": 33.48223628097591}","{""academic_fit"": 11.608930769934373, ""balanced"": 4.8466195275233135, ""labor_market"": 4.074802487217137, ""recruitment"": 6.890786171025293}","{""academic_fit"": 40.22640952613344, ""balanced"": 22.24541429178165, ""labor_market"": 11.774007995750832, ""recruitment"": 52.254118810355386}","{""academic_fit"": {""country_opportunity"": 0.25, ""friendliness"": 0.15, ""labor_demand"": 0.15, ""program_fit"": 0.45}, ""balanced"": {""country_opportunity"": 0.3, ""friendliness"": 0.2, ""labor_demand"": 0.3, ""program_fit"": 0.2}, ""labor_market"": {""country_opportunity"": 0.2, ""friendliness"": 0.15, ""labor_demand"": 0.45, ""program_fit"": 0.2}, ""recruitment"": {""country_opportunity"": 0.4, ""friendliness"": 0.3, ""labor_demand"": 0.1, ""program_fit"": 0.2}}",uncertainty_adjusted_management_priority_index_not_predicted_student_count,not_identified_ex_ante,,,,"incremental qualified applications, offers and enrolments attributable to the recruitment intervention",requires_prospective_campaign_evaluation,24,pre_registered_country_program_campaign_with_matched_comparison_or_stepped_wedge_rollout,qualified_leads;applications;offers;enrolments;yield;cost_per_enrolment,regularized_relative_demand_signal_from_overlapping_queries_not_unique_vacancies,ppml_russia_inbound_structural_allocation_v3;friendliness_receptivity_ex_ante_v3;trudvsem_program_demand_v4;mgimo_program_profiles,calculated_uncertainty_aware_scenario_ensemble,targeted_digital_campaign_with_local_partner_validation,258,268.0,276.0,259.0,235.0,235.0,276.0,41.0
country_program_priority_evidence_v4,MUS,Mauritius,Sub-Saharan Africa,legal_public,legal_public,Международное право и комплаенс,english_with_optional_russian_preparatory_module,CLDR indicates a material functional English-language environment.,11.452155161881828,11.452155161881828,-5.561774968025375,8.604600126865996,53.16870874084784,0.82,0.0,13.0,2023,24.36121811949668,24.36121811949668,12.909062957614852,36.16984808379601,29.65927542871273,0.0,57.25609021239519,point_score multiplied by probability of positive structural gap,63.15330448715646,35.65330448715646,90.65330448715648,0.45,limited,False,69.95018569252139,"{""diplomatic_analytic"": 0.6493061715697352, ""economic_legal"": 0.7210142935061333}",calculated_from_existing_mgimo_country_profile_scores,0.10086213539062265,0.051117223385315574,0.18544352358538052,1,1,15.339160305088043,32.12425696026436,8.97520518739615,30.032465317501156,22.6858128112946,22.6858128112946,8.97520518739615,32.12425696026436,8.97520518739615,32.12425696026436,23.149051772868212,4.075954452764701,46.56272538708791,42.48677093432321,D_insufficient_or_unstable_evidence,"{""academic_fit"": 30.032465317501156, ""balanced"": 15.339160305088043, ""labor_market"": 8.97520518739615, ""recruitment"": 32.12425696026436}","{""academic_fit"": 11.653928806640591, ""balanced"": 4.843812305319124, ""labor_market"": 4.075954452764701, ""recruitment"": 6.874931718708756}","{""academic_fit"": 37.61381641701632, ""balanced"": 20.420464646472507, ""labor_market"": 11.130283085405907, ""recruitment"": 46.56272538708791}","{""academic_fit"": {""country_opportunity"": 0.25, ""friendliness"": 0.15, ""labor_demand"": 0.15, ""program_fit"": 0.45}, ""balanced"": {""country_opportunity"": 0.3, ""friendliness"": 0.2, ""labor_demand"": 0.3, ""program_fit"": 0.2}, ""labor_market"": {""country_opportunity"": 0.2, ""friendliness"": 0.15, ""labor_demand"": 0.45, ""program_fit"": 0.2}, ""recruitment"": {""country_opportunity"": 0.4, ""friendliness"": 0.3, ""labor_demand"": 0.1, ""program_fit"": 0.2}}",uncertainty_adjusted_management_priority_index_not_predicted_student_count,not_identified_ex_ante,,,,"incremental qualified applications, offers and enrolments attributable to the recruitment intervention",requires_prospective_campaign_evaluation,24,pre_registered_country_program_campaign_with_matched_comparison_or_stepped_wedge_rollout,qualified_leads;applications;offers;enrolments;yield;cost_per_enrolment,regularized_relative_demand_signal_from_overlapping_queries_not_unique_vacancies,ppml_russia_inbound_structural_allocation_v3;friendliness_receptivity_ex_ante_v3;trudvsem_program_demand_v4;mgimo_program_profiles,calculated_uncertainty_aware_scenario_ensemble,targeted_digital_campaign_with_local_partner_validation,259,273.0,280.0,262.0,241.0,241.0,280.0,39.0
country_program_priority_evidence_v4,NPL,Nepal,South Asia,legal_public,legal_public,Международное право и комплаенс,english_plus_russian_preparatory_year,No broad Russian or English functional-language signal is available in CLDR.,1075.5996140261825,1075.5996140261825,286.4172296092276,998.3002316758184,2764.8976282259064,1.0,0.99,94.0,2023,1174.2304663495102,1174.2304663495102,98.6308523233276,100.0,100.0,81.19103317197752,100.0,point_score multiplied by probability of positive structural gap,63.8663064372496,36.3663064372496,91.3663064372496,0.45,limited,False,25.53176971260127,"{""diplomatic_analytic"": 0.2562185949178756, ""economic_legal"": 0.2549315980723572}",calculated_from_existing_mgimo_country_profile_scores,0.10086213539062265,0.051117223385315574,0.18544352358538052,1,1,18.05726602828754,42.652006212840114,9.373004825492709,26.032542363660678,22.04490419597411,22.04490419597411,9.373004825492709,42.652006212840114,9.373004825492709,42.652006212840114,33.27900138734741,8.109830965335185,47.77520723535112,39.66537627001593,D_insufficient_or_unstable_evidence,"{""academic_fit"": 26.032542363660678, ""balanced"": 18.05726602828754, ""labor_market"": 9.373004825492709, ""recruitment"": 42.652006212840114}","{""academic_fit"": 22.60472527681258, ""balanced"": 14.99238001697706, ""labor_market"": 8.109830965335185, ""recruitment"": 33.13376689141886}","{""academic_fit"": 27.756387063372667, ""balanced"": 19.81505390520192, ""labor_market"": 10.218086436677511, ""recruitment"": 47.77520723535112}","{""academic_fit"": {""country_opportunity"": 0.25, ""friendliness"": 0.15, ""labor_demand"": 0.15, ""program_fit"": 0.45}, ""balanced"": {""country_opportunity"": 0.3, ""friendliness"": 0.2, ""labor_demand"": 0.3, ""program_fit"": 0.2}, ""labor_market"": {""country_opportunity"": 0.2, ""friendliness"": 0.15, ""labor_demand"": 0.45, ""program_fit"": 0.2}, ""recruitment"": {""country_opportunity"": 0.4, ""friendliness"": 0.3, ""labor_demand"": 0.1, ""program_fit"": 0.2}}",uncertainty_adjusted_management_priority_index_not_predicted_student_count,not_identified_ex_ante,,,,"incremental qualified applications, offers and enrolments attributable to the recruitment intervention",requires_prospective_campaign_evaluation,24,pre_registered_country_program_campaign_with_matched_comparison_or_stepped_wedge_rollout,qualified_leads;applications;offers;enrolments;yield;cost_per_enrolment,regularized_relative_demand_signal_from_overlapping_queries_not_unique_vacancies,ppml_russia_inbound_structural_allocation_v3;friendliness_receptivity_ex_ante_v3;trudvsem_program_demand_v4;mgimo_program_profiles,calculated_uncertainty_aware_scenario_ensemble,targeted_digital_campaign_with_local_partner_validation,260,256.0,231.0,258.0,258.0,231.0,258.0,27.0
country_program_priority_evidence_v4,LCA,Saint Lucia,Latin America & Caribbean,legal_public,legal_public,Международное право и комплаенс,english_with_optional_russian_preparatory_module,CLDR indicates a material functional English-language environment.,8.97353380351016,8.97353380351016,1.278101069562503,8.424937550566439,43.631870514869085,1.0,0.0,0.0,2023,9.140984349303544,9.140984349303544,0.16745054579338386,32.98644103938894,32.98644103938894,11.808651286546793,54.47862185424246,point_score multiplied by probability of positive structural gap,62.98961219976466,35.48961219976465,90.48961219976465,0.45,limited,False,59.389070297671495,"{""diplomatic_analytic"": 0.5051692956106223, ""economic_legal"": 0.6319141632764691}",calculated_from_existing_mgimo_country_profile_scores,0.10086213539062265,0.051117223385315574,0.18544352358538052,1,1,15.311007792506226,32.38908709832116,8.868040643072838,28.649210930583557,21.98010936154489,21.98010936154489,8.868040643072838,32.38908709832116,8.868040643072838,32.38908709832116,23.521046455248324,6.56809432561872,44.189611507051566,37.62151718143285,D_insufficient_or_unstable_evidence,"{""academic_fit"": 28.649210930583557, ""balanced"": 15.311007792506226, ""labor_market"": 8.868040643072838, ""recruitment"": 32.38908709832116}","{""academic_fit"": 20.49079419719656, ""balanced"": 10.070487874833224, ""labor_market"": 6.56809432561872, ""recruitment"": 18.436884942033537}","{""academic_fit"": 34.54849991214256, ""balanced"": 19.478100936945577, ""labor_market"": 10.669586447892327, ""recruitment"": 44.189611507051566}","{""academic_fit"": {""country_opportunity"": 0.25, ""friendliness"": 0.15, ""labor_demand"": 0.15, ""program_fit"": 0.45}, ""balanced"": {""country_opportunity"": 0.3, ""friendliness"": 0.2, ""labor_demand"": 0.3, ""program_fit"": 0.2}, ""labor_market"": {""country_opportunity"": 0.2, ""friendliness"": 0.15, ""labor_demand"": 0.45, ""program_fit"": 0.2}, ""recruitment"": {""country_opportunity"": 0.4, ""friendliness"": 0.3, ""labor_demand"": 0.1, ""program_fit"": 0.2}}",uncertainty_adjusted_management_priority_index_not_predicted_student_count,not_identified_ex_ante,,,,"incremental qualified applications, offers and enrolments attributable to the recruitment intervention",requires_prospective_campaign_evaluation,24,pre_registered_country_program_campaign_with_matched_comparison_or_stepped_wedge_rollout,qualified_leads;applications;offers;enrolments;yield;cost_per_enrolment,regularized_relative_demand_signal_from_overlapping_queries_not_unique_vacancies,ppml_russia_inbound_structural_allocation_v3;friendliness_receptivity_ex_ante_v3;trudvsem_program_demand_v4;mgimo_program_profiles,calculated_uncertainty_aware_scenario_ensemble,targeted_digital_campaign_with_local_partner_validation,261,274.0,279.0,265.0,247.0,247.0,279.0,32.0
country_program_priority_evidence_v4,KHM,Cambodia,East Asia & Pacific,legal_public,legal_public,Международное право и комплаенс,english_plus_russian_preparatory_year,No broad Russian or English functional-language signal is available in CLDR.,167.55416672419764,167.55416672419764,-15.859729091382542,148.0692865032078,878.291230563737,0.9433333333333334,0.05,70.0,2023,225.2250074192524,225.2250074192524,57.67084069505476,73.53684719994229,69.36975919194556,0.0,97.22836472831446,point_score multiplied by probability of positive structural gap,64.09164215514153,36.59164215514152,91.59164215514153,0.45,limited,False,31.16516633500227,"{""diplomatic_analytic"": 0.3045488890845261, ""economic_legal"": 0.314695709463807}",calculated_from_existing_mgimo_country_profile_scores,0.10086213539062265,0.051117223385315574,0.18544352358538052,1,1,16.849869121436154,38.40087093980445,9.066540464021736,25.95000689154372,21.399938006489936,21.399938006489936,9.066540464021736,38.40087093980445,9.066540464021736,38.40087093980445,29.334330475782714,3.492709776195798,49.13717394074813,45.64446416455233,D_insufficient_or_unstable_evidence,"{""academic_fit"": 25.95000689154372, ""balanced"": 16.849869121436154, ""labor_market"": 9.066540464021736, ""recruitment"": 38.40087093980445}","{""academic_fit"": 8.194332919100248, ""balanced"": 4.155941175925598, ""labor_market"": 3.492709776195798, ""recruitment"": 5.913550244381211}","{""academic_fit"": 30.069718587620812, ""balanced"": 20.431745888277156, ""labor_market"": 10.564168705459203, ""recruitment"": 49.13717394074813}","{""academic_fit"": {""country_opportunity"": 0.25, ""friendliness"": 0.15, ""labor_demand"": 0.15, ""program_fit"": 0.45}, ""balanced"": {""country_opportunity"": 0.3, ""friendliness"": 0.2, ""labor_demand"": 0.3, ""program_fit"": 0.2}, ""labor_market"": {""country_opportunity"": 0.2, ""friendliness"": 0.15, ""labor_demand"": 0.45, ""program_fit"": 0.2}, ""recruitment"": {""country_opportunity"": 0.4, ""friendliness"": 0.3, ""labor_demand"": 0.1, ""program_fit"": 0.2}}",uncertainty_adjusted_management_priority_index_not_predicted_student_count,not_identified_ex_ante,,,,"incremental qualified applications, offers and enrolments attributable to the recruitment intervention",requires_prospective_campaign_evaluation,24,pre_registered_country_program_campaign_with_matched_comparison_or_stepped_wedge_rollout,qualified_leads;applications;offers;enrolments;yield;cost_per_enrolment,regularized_relative_demand_signal_from_overlapping_queries_not_unique_vacancies,ppml_russia_inbound_structural_allocation_v3;friendliness_receptivity_ex_ante_v3;trudvsem_program_demand_v4;mgimo_program_profiles,calculated_uncertainty_aware_scenario_ensemble,targeted_digital_campaign_with_local_partner_validation,262,261.0,259.0,260.0,259.0,259.0,261.0,2.0
country_program_priority_evidence_v4,LBY,Libya,Middle East & North Africa,legal_public,legal_public,Международное право и комплаенс,english_plus_russian_preparatory_year,No broad Russian or English functional-language signal is available in CLDR.,287.10959005626876,287.10959005626876,43.57381763289008,261.54223974197225,841.9215487717062,0.9983333333333333,0.23666666666666666,65.0,2023,349.4553508380682,349.4553508380682,62.345760781799484,81.22554093396256,81.09016503240595,54.459954567457025,96.6225118599619,point_score multiplied by probability of positive structural gap,63.668003184761545,36.168003184761545,91.16800318476155,0.45,limited,False,26.545454596443058,"{""diplomatic_analytic"": 0.3129937011442545, ""economic_legal"": 0.2450806223159346}",calculated_from_existing_mgimo_country_profile_scores,0.10086213539062265,0.051117223385315574,0.18544352358538052,1,1,17.085737281383203,39.51711176657179,9.055867902603596,25.126803362465978,21.10627032192459,21.10627032192459,9.055867902603596,39.51711176657179,9.055867902603596,39.51711176657179,30.461243863968193,7.546627606690621,47.45377280681783,39.90714520012721,D_insufficient_or_unstable_evidence,"{""academic_fit"": 25.126803362465978, ""balanced"": 17.085737281383203, ""labor_market"": 9.055867902603596, ""recruitment"": 39.51711176657179}","{""academic_fit"": 20.81943961920551, ""balanced"": 13.409471436993833, ""labor_market"": 7.546627606690621, ""recruitment"": 28.47713558303947}","{""academic_fit"": 27.980647007134397, ""balanced"": 19.753038248349135, ""labor_market"": 10.221909419806522, ""recruitment"": 47.45377280681783}","{""academic_fit"": {""country_opportunity"": 0.25, ""friendliness"": 0.15, ""labor_demand"": 0.15, ""program_fit"": 0.45}, ""balanced"": {""country_opportunity"": 0.3, ""friendliness"": 0.2, ""labor_demand"": 0.3, ""program_fit"": 0.2}, ""labor_market"": {""country_opportunity"": 0.2, ""friendliness"": 0.15, ""labor_demand"": 0.45, ""program_fit"": 0.2}, ""recruitment"": {""country_opportunity"": 0.4, ""friendliness"": 0.3, ""labor_demand"": 0.1, ""program_fit"": 0.2}}",uncertainty_adjusted_management_priority_index_not_predicted_student_count,not_identified_ex_ante,,,,"incremental qualified applications, offers and enrolments attributable to the recruitment intervention",requires_prospective_campaign_evaluation,24,pre_registered_country_program_campaign_with_matched_comparison_or_stepped_wedge_rollout,qualified_leads;applications;offers;enrolments;yield;cost_per_enrolment,regularized_relative_demand_signal_from_overlapping_queries_not_unique_vacancies,ppml_russia_inbound_structural_allocation_v3;friendliness_receptivity_ex_ante_v3;trudvsem_program_demand_v4;mgimo_program_profiles,calculated_uncertainty_aware_scenario_ensemble,targeted_digital_campaign_with_local_partner_validation,263,260.0,249.0,261.0,262.0,249.0,262.0,13.0
country_program_priority_evidence_v4,TLS,Timor-Leste,East Asia & Pacific,legal_public,legal_public,Международное право и комплаенс,english_plus_russian_preparatory_year,No broad Russian or English functional-language signal is available in CLDR.,27.276727630199744,27.276727630199744,4.729599494410095,24.742779437199516,119.73734598660553,1.0,0.0,0.0,2023,27.40775645015645,27.40775645015645,0.1310288199567067,47.932649446427455,47.932649446427455,25.036636946785155,68.75167479870697,point_score multiplied by probability of positive structural gap,62.59343089263013,35.09343089263013,90.09343089263014,0.45,limited,False,39.867565925752515,"{""diplomatic_analytic"": 0.4012308943588184, ""economic_legal"": 0.3975805584998281}",calculated_from_existing_mgimo_country_profile_scores,0.10086213539062265,0.051117223385315574,0.18544352358538052,1,1,15.777432521374331,34.59320840735185,8.813852648673961,26.30089544987049,21.039163985622412,21.039163985622412,8.813852648673961,34.59320840735185,8.813852648673961,34.59320840735185,25.77935575867789,6.989218239223223,44.731188885013424,37.741970645790204,D_insufficient_or_unstable_evidence,"{""academic_fit"": 26.30089544987049, ""balanced"": 15.777432521374331, ""labor_market"": 8.813852648673961, ""recruitment"": 34.59320840735185}","{""academic_fit"": 20.49071879005758, ""balanced"": 11.497696108353935, ""labor_market"": 6.989218239223223, ""recruitment"": 22.572616370452224}","{""academic_fit"": 30.668527369885094, ""balanced"": 19.27890862453994, ""labor_market"": 10.323685320922916, ""recruitment"": 44.731188885013424}","{""academic_fit"": {""country_opportunity"": 0.25, ""friendliness"": 0.15, ""labor_demand"": 0.15, ""program_fit"": 0.45}, ""balanced"": {""country_opportunity"": 0.3, ""friendliness"": 0.2, ""labor_demand"": 0.3, ""program_fit"": 0.2}, ""labor_market"": {""country_opportunity"": 0.2, ""friendliness"": 0.15, ""labor_demand"": 0.45, ""program_fit"": 0.2}, ""recruitment"": {""country_opportunity"": 0.4, ""friendliness"": 0.3, ""labor_demand"": 0.1, ""program_fit"": 0.2}}",uncertainty_adjusted_management_priority_index_not_predicted_student_count,not_identified_ex_ante,,,,"incremental qualified applications, offers and enrolments attributable to the recruitment intervention",requires_prospective_campaign_evaluation,24,pre_registered_country_program_campaign_with_matched_comparison_or_stepped_wedge_rollout,qualified_leads;applications;offers;enrolments;yield;cost_per_enrolment,regularized_relative_demand_signal_from_overlapping_queries_not_unique_vacancies,ppml_russia_inbound_structural_allocation_v3;friendliness_receptivity_ex_ante_v3;trudvsem_program_demand_v4;mgimo_program_profiles,calculated_uncertainty_aware_scenario_ensemble,targeted_digital_campaign_with_local_partner_validation,264,269.0,271.0,267.0,255.0,255.0,271.0,16.0
country_program_priority_evidence_v4,BRB,Barbados,Latin America & Caribbean,legal_public,legal_public,Международное право и комплаенс,english_with_optional_russian_preparatory_module,CLDR indicates a material functional English-language environment.,4.888493575201069,4.888493575201069,0.6790261582998952,4.477979354785928,20.495411214628316,1.0,0.0,0.0,2023,5.332909213131059,5.332909213131059,0.4444156379299898,25.42896543863592,25.42896543863592,7.432398924964803,43.999985950642355,point_score multiplied by probability of positive structural gap,62.823126256796314,35.323126256796314,90.32312625679633,0.45,limited,False,61.73543764388558,"{""diplomatic_analytic"": 0.6132096462614525, ""economic_legal"": 0.6191306893720286}",calculated_from_existing_mgimo_country_profile_scores,0.10086213539062265,0.051117223385315574,0.18544352358538052,1,1,14.29949685264712,29.490354507152894,8.49422531285813,27.3581129051923,20.828804878919712,20.828804878919712,8.49422531285813,29.490354507152894,8.49422531285813,29.490354507152894,20.996129194294763,6.083337941918692,40.9287500641529,34.84541212223421,D_insufficient_or_unstable_evidence,"{""academic_fit"": 27.3581129051923, ""balanced"": 14.29949685264712, ""labor_market"": 8.49422531285813, ""recruitment"": 29.490354507152894}","{""academic_fit"": 18.763868797485618, ""balanced"": 8.943315370410126, ""labor_market"": 6.083337941918692, ""recruitment"": 15.695738396214725}","{""academic_fit"": 33.345081708169076, ""balanced"": 18.425757053198023, ""labor_market"": 10.307591401101584, ""recruitment"": 40.9287500641529}","{""academic_fit"": {""country_opportunity"": 0.25, ""friendliness"": 0.15, ""labor_demand"": 0.15, ""program_fit"": 0.45}, ""balanced"": {""country_opportunity"": 0.3, ""friendliness"": 0.2, ""labor_demand"": 0.3, ""program_fit"": 0.2}, ""labor_market"": {""country_opportunity"": 0.2, ""friendliness"": 0.15, ""labor_demand"": 0.45, ""program_fit"": 0.2}, ""recruitment"": {""country_opportunity"": 0.4, ""friendliness"": 0.3, ""labor_demand"": 0.1, ""program_fit"": 0.2}}",uncertainty_adjusted_management_priority_index_not_predicted_student_count,not_identified_ex_ante,,,,"incremental qualified applications, offers and enrolments attributable to the recruitment intervention",requires_prospective_campaign_evaluation,24,pre_registered_country_program_campaign_with_matched_comparison_or_stepped_wedge_rollout,qualified_leads;applications;offers;enrolments;yield;cost_per_enrolment,regularized_relative_demand_signal_from_overlapping_queries_not_unique_vacancies,ppml_russia_inbound_structural_allocation_v3;friendliness_receptivity_ex_ante_v3;trudvsem_program_demand_v4;mgimo_program_profiles,calculated_uncertainty_aware_scenario_ensemble,targeted_digital_campaign_with_local_partner_validation,265,286.0,292.0,272.0,252.0,252.0,292.0,40.0
country_program_priority_evidence_v4,NIC,Nicaragua,Latin America & Caribbean,legal_public,legal_public,Международное право и комплаенс,english_plus_russian_preparatory_year,No broad Russian or English functional-language signal is available in CLDR.,173.43749072652136,173.43749072652136,29.668119610456475,161.8210225585733,557.5759363219272,1.0,0.09,23.0,2023,188.79623730333554,188.79623730333554,15.35874657681419,74.02892266253048,74.02892266253048,49.09702550030215,90.72087968129118,point_score multiplied by probability of positive structural gap,67.31861142770944,39.81861142770944,94.81861142770944,0.45,limited,False,26.372182082579442,"{""diplomatic_analytic"": 0.254884011120441, ""economic_legal"": 0.2675094535566602}",calculated_from_existing_mgimo_country_profile_scores,0.10086213539062265,0.051117223385315574,0.18544352358538052,1,1,16.793329520778492,38.704993345107354,8.956677301846868,24.701074055573056,20.747201788175772,20.747201788175772,8.956677301846868,38.704993345107354,8.956677301846868,38.704993345107354,29.748316043260488,7.489876401036188,46.768220275350785,39.2783438743146,D_insufficient_or_unstable_evidence,"{""academic_fit"": 24.701074055573056, ""balanced"": 16.793329520778492, ""labor_market"": 8.956677301846868, ""recruitment"": 38.704993345107354}","{""academic_fit"": 20.525665985821842, ""balanced"": 13.235827044379386, ""labor_market"": 7.489876401036188, ""recruitment"": 28.085869251683548}","{""academic_fit"": 27.630231862896014, ""balanced"": 19.51350161816665, ""labor_market"": 10.141402606204258, ""recruitment"": 46.768220275350785}","{""academic_fit"": {""country_opportunity"": 0.25, ""friendliness"": 0.15, ""labor_demand"": 0.15, ""program_fit"": 0.45}, ""balanced"": {""country_opportunity"": 0.3, ""friendliness"": 0.2, ""labor_demand"": 0.3, ""program_fit"": 0.2}, ""labor_market"": {""country_opportunity"": 0.2, ""friendliness"": 0.15, ""labor_demand"": 0.45, ""program_fit"": 0.2}, ""recruitment"": {""country_opportunity"": 0.4, ""friendliness"": 0.3, ""labor_demand"": 0.1, ""program_fit"": 0.2}}",uncertainty_adjusted_management_priority_index_not_predicted_student_count,not_identified_ex_ante,,,,"incremental qualified applications, offers and enrolments attributable to the recruitment intervention",requires_prospective_campaign_evaluation,24,pre_registered_country_program_campaign_with_matched_comparison_or_stepped_wedge_rollout,qualified_leads;applications;offers;enrolments;yield;cost_per_enrolment,regularized_relative_demand_signal_from_overlapping_queries_not_unique_vacancies,ppml_russia_inbound_structural_allocation_v3;friendliness_receptivity_ex_ante_v3;trudvsem_program_demand_v4;mgimo_program_profiles,calculated_uncertainty_aware_scenario_ensemble,digital_recruitment_scholarship_and_olympiad,266,262.0,255.0,263.0,265.0,255.0,265.0,10.0
country_program_priority_evidence_v4,LSO,Lesotho,Sub-Saharan Africa,legal_public,legal_public,Международное право и комплаенс,english_with_optional_russian_preparatory_module,CLDR indicates a material functional English-language environment.,52.13806068218432,52.13806068218432,16.867746505360522,48.154089086847904,117.87455280311231,1.0,0.0,4.0,2023,54.347518188702765,54.347518188702765,2.2094575065184467,56.98057440198765,56.98057440198765,41.34891601105692,68.52866963964306,point_score multiplied by probability of positive structural gap,63.89362799810429,36.39362799810429,91.3936279981043,0.45,limited,False,31.968055427898523,"{""diplomatic_analytic"": 0.3109530097338055, ""economic_legal"": 0.3234209305126337}",calculated_from_existing_mgimo_country_profile_scores,0.10086213539062265,0.051117223385315574,0.18544352358538052,1,1,15.967699019294876,35.681590755897666,8.761206645247963,24.988000284433035,20.477849651863956,20.477849651863956,8.761206645247963,35.681590755897666,8.761206645247963,35.681590755897666,26.920384110649703,7.418710283590004,42.97773794848687,35.55902766489687,D_insufficient_or_unstable_evidence,"{""academic_fit"": 24.988000284433035, ""balanced"": 15.967699019294876, ""labor_market"": 8.761206645247963, ""recruitment"": 35.681590755897666}","{""academic_fit"": 21.120223679717384, ""balanced"": 12.835265259349493, ""labor_market"": 7.418710283590004, ""recruitment"": 26.54841562760909}","{""academic_fit"": 27.87982470249966, ""balanced"": 18.50287151677637, ""labor_market"": 9.904276824023048, ""recruitment"": 42.97773794848687}","{""academic_fit"": {""country_opportunity"": 0.25, ""friendliness"": 0.15, ""labor_demand"": 0.15, ""program_fit"": 0.45}, ""balanced"": {""country_opportunity"": 0.3, ""friendliness"": 0.2, ""labor_demand"": 0.3, ""program_fit"": 0.2}, ""labor_market"": {""country_opportunity"": 0.2, ""friendliness"": 0.15, ""labor_demand"": 0.45, ""program_fit"": 0.2}, ""recruitment"": {""country_opportunity"": 0.4, ""friendliness"": 0.3, ""labor_demand"": 0.1, ""program_fit"": 0.2}}",uncertainty_adjusted_management_priority_index_not_predicted_student_count,not_identified_ex_ante,,,,"incremental qualified applications, offers and enrolments attributable to the recruitment intervention",requires_prospective_campaign_evaluation,24,pre_registered_country_program_campaign_with_matched_comparison_or_stepped_wedge_rollout,qualified_leads;applications;offers;enrolments;yield;cost_per_enrolment,regularized_relative_demand_signal_from_overlapping_queries_not_unique_vacancies,ppml_russia_inbound_structural_allocation_v3;friendliness_receptivity_ex_ante_v3;trudvsem_program_demand_v4;mgimo_program_profiles,calculated_uncertainty_aware_scenario_ensemble,targeted_digital_campaign_with_local_partner_validation,267,267.0,269.0,268.0,263.0,263.0,269.0,6.0
country_program_priority_evidence_v4,WSM,Samoa,East Asia & Pacific,legal_public,legal_public,Международное право и комплаенс,english_with_optional_russian_preparatory_module,CLDR indicates a material functional English-language environment.,8.188233849857886,8.188233849857886,1.1029210424256626,7.513847497798567,45.765539041974925,1.0,0.0,0.0,2023,8.286487221812092,8.286487221812092,0.09825337195420498,31.810208406227137,31.810208406227137,10.661050944931748,55.148385975815806,point_score multiplied by probability of positive structural gap,60.79980050541498,33.299800505414986,88.29980050541499,0.45,limited,False,50.69937272691766,"{""diplomatic_analytic"": 0.5123636069960922, ""economic_legal"": 0.5046923502433557}",calculated_from_existing_mgimo_country_profile_scores,0.10086213539062265,0.051117223385315574,0.18544352358538052,1,1,14.584638619475227,30.63717321244475,8.491909558637392,26.34251571318401,20.463577166329618,20.463577166329618,8.491909558637392,30.63717321244475,8.491909558637392,30.63717321244475,22.14526365380736,6.19098821374726,42.73205956424657,36.54107135049931,D_insufficient_or_unstable_evidence,"{""academic_fit"": 26.34251571318401, ""balanced"": 14.584638619475227, ""labor_market"": 8.491909558637392, ""recruitment"": 30.63717321244475}","{""academic_fit"": 18.491529495515465, ""balanced"": 9.374554825817292, ""labor_market"": 6.19098821374726, ""recruitment"": 16.89753487767387}","{""academic_fit"": 32.195192203201074, ""balanced"": 18.85867699879334, ""labor_market"": 10.33039910428025, ""recruitment"": 42.73205956424657}","{""academic_fit"": {""country_opportunity"": 0.25, ""friendliness"": 0.15, ""labor_demand"": 0.15, ""program_fit"": 0.45}, ""balanced"": {""country_opportunity"": 0.3, ""friendliness"": 0.2, ""labor_demand"": 0.3, ""program_fit"": 0.2}, ""labor_market"": {""country_opportunity"": 0.2, ""friendliness"": 0.15, ""labor_demand"": 0.45, ""program_fit"": 0.2}, ""recruitment"": {""country_opportunity"": 0.4, ""friendliness"": 0.3, ""labor_demand"": 0.1, ""program_fit"": 0.2}}",uncertainty_adjusted_management_priority_index_not_predicted_student_count,not_identified_ex_ante,,,,"incremental qualified applications, offers and enrolments attributable to the recruitment intervention",requires_prospective_campaign_evaluation,24,pre_registered_country_program_campaign_with_matched_comparison_or_stepped_wedge_rollout,qualified_leads;applications;offers;enrolments;yield;cost_per_enrolment,regularized_relative_demand_signal_from_overlapping_queries_not_unique_vacancies,ppml_russia_inbound_structural_allocation_v3;friendliness_receptivity_ex_ante_v3;trudvsem_program_demand_v4;mgimo_program_profiles,calculated_uncertainty_aware_scenario_ensemble,targeted_digital_campaign_with_local_partner_validation,268,282.0,288.0,273.0,254.0,254.0,288.0,34.0
country_program_priority_evidence_v4,BGD,Bangladesh,South Asia,legal_public,legal_public,Международное право и комплаенс,english_plus_russian_preparatory_year,No broad Russian or English functional-language signal is available in CLDR.,463.77351122663737,463.77351122663737,-163.85613125144286,400.79882642102916,1588.8601853091898,0.885,0.5616666666666666,541.0,2023,949.34745736248,949.34745736248,485.5739461358426,88.08417939205468,77.9544987619684,0.0,100.0,point_score multiplied by probability of positive structural gap,63.580875490726164,36.08087549072616,91.08087549072617,0.45,limited,False,24.354449097593562,"{""diplomatic_analytic"": 0.240650865610964, ""economic_legal"": 0.244784616132352}",calculated_from_existing_mgimo_country_profile_scores,0.10086213539062265,0.051117223385315574,0.18544352358538052,1,1,16.605164873898083,38.25116670271075,8.836092380758522,23.967501110462948,20.286332992180515,20.286332992180515,8.836092380758522,38.25116670271075,8.836092380758522,38.25116670271075,29.415074321952225,3.3235711269026655,47.299541427432516,43.97597030052985,D_insufficient_or_unstable_evidence,"{""academic_fit"": 23.967501110462948, ""balanced"": 16.605164873898083, ""labor_market"": 8.836092380758522, ""recruitment"": 38.25116670271075}","{""academic_fit"": 7.34722223517482, ""balanced"": 3.9519805958763183, ""labor_market"": 3.3235711269026655, ""recruitment"": 5.615644036480513}","{""academic_fit"": 27.18259385790786, ""balanced"": 19.62384127806903, ""labor_market"": 10.121049372116664, ""recruitment"": 47.299541427432516}","{""academic_fit"": {""country_opportunity"": 0.25, ""friendliness"": 0.15, ""labor_demand"": 0.15, ""program_fit"": 0.45}, ""balanced"": {""country_opportunity"": 0.3, ""friendliness"": 0.2, ""labor_demand"": 0.3, ""program_fit"": 0.2}, ""labor_market"": {""country_opportunity"": 0.2, ""friendliness"": 0.15, ""labor_demand"": 0.45, ""program_fit"": 0.2}, ""recruitment"": {""country_opportunity"": 0.4, ""friendliness"": 0.3, ""labor_demand"": 0.1, ""program_fit"": 0.2}}",uncertainty_adjusted_management_priority_index_not_predicted_student_count,not_identified_ex_ante,,,,"incremental qualified applications, offers and enrolments attributable to the recruitment intervention",requires_prospective_campaign_evaluation,24,pre_registered_country_program_campaign_with_matched_comparison_or_stepped_wedge_rollout,qualified_leads;applications;offers;enrolments;yield;cost_per_enrolment,regularized_relative_demand_signal_from_overlapping_queries_not_unique_vacancies,ppml_russia_inbound_structural_allocation_v3;friendliness_receptivity_ex_ante_v3;trudvsem_program_demand_v4;mgimo_program_profiles,calculated_uncertainty_aware_scenario_ensemble,targeted_digital_campaign_with_local_partner_validation,269,265.0,260.0,266.0,268.0,260.0,268.0,8.0
country_program_priority_evidence_v4,FJI,Fiji,East Asia & Pacific,legal_public,legal_public,Международное право и комплаенс,english_with_optional_russian_preparatory_module,CLDR indicates a material functional English-language environment.,7.627020882740514,7.627020882740514,1.2039860349869458,6.669231625580992,43.267269859997896,1.0,0.0,0.0,2023,7.627020882740514,7.627020882740514,0.0,30.906289889035474,30.906289889035474,11.334283146520756,54.36097719416004,point_score multiplied by probability of positive structural gap,61.005519145266774,33.505519145266774,88.50551914526677,0.45,limited,False,50.27040440090859,"{""diplomatic_analytic"": 0.5850354429277626, ""economic_legal"": 0.4674191587582244}",calculated_from_existing_mgimo_country_profile_scores,0.10086213539062265,0.051117223385315574,0.18544352358538052,1,1,14.448435273066393,30.27644608092219,8.434738227238633,26.074274276876885,20.26135477497164,20.26135477497164,8.434738227238633,30.27644608092219,8.434738227238633,30.27644608092219,21.84170785368356,6.256062244294955,42.449883760956254,36.1938215166613,D_insufficient_or_unstable_evidence,"{""academic_fit"": 26.074274276876885, ""balanced"": 14.448435273066393, ""labor_market"": 8.434738227238633, ""recruitment"": 30.27644608092219}","{""academic_fit"": 18.699418301432562, ""balanced"": 9.529260687084506, ""labor_market"": 6.256062244294955, ""recruitment"": 17.283401758191204}","{""academic_fit"": 31.972691705907668, ""balanced"": 18.75630657351018, ""labor_market"": 10.287659638434096, ""recruitment"": 42.449883760956254}","{""academic_fit"": {""country_opportunity"": 0.25, ""friendliness"": 0.15, ""labor_demand"": 0.15, ""program_fit"": 0.45}, ""balanced"": {""country_opportunity"": 0.3, ""friendliness"": 0.2, ""labor_demand"": 0.3, ""program_fit"": 0.2}, ""labor_market"": {""country_opportunity"": 0.2, ""friendliness"": 0.15, ""labor_demand"": 0.45, ""program_fit"": 0.2}, ""recruitment"": {""country_opportunity"": 0.4, ""friendliness"": 0.3, ""labor_demand"": 0.1, ""program_fit"": 0.2}}",uncertainty_adjusted_management_priority_index_not_predicted_student_count,not_identified_ex_ante,,,,"incremental qualified applications, offers and enrolments attributable to the recruitment intervention",requires_prospective_campaign_evaluation,24,pre_registered_country_program_campaign_with_matched_comparison_or_stepped_wedge_rollout,qualified_leads;applications;offers;enrolments;yield;cost_per_enrolment,regularized_relative_demand_signal_from_overlapping_queries_not_unique_vacancies,ppml_russia_inbound_structural_allocation_v3;friendliness_receptivity_ex_ante_v3;trudvsem_program_demand_v4;mgimo_program_profiles,calculated_uncertainty_aware_scenario_ensemble,targeted_digital_campaign_with_local_partner_validation,270,285.0,289.0,274.0,257.0,257.0,289.0,32.0
country_program_priority_evidence_v4,PAK,Pakistan,Middle East & North Africa,legal_public,legal_public,Международное право и комплаенс,english_with_optional_russian_preparatory_module,CLDR indicates a material functional English-language environment.,11806.213649600293,11806.213649600293,3534.5364509578976,11024.532333639392,28349.029150718372,1.0,1.0,636.0,2023,12249.822004136931,12249.822004136931,443.6083545366385,100.0,100.0,100.0,100.0,point_score multiplied by probability of positive structural gap,66.37628425283746,38.876284252837465,93.87628425283748,0.45,limited,False,19.377300134435544,"{""diplomatic_analytic"": 0.1887783803350121, ""economic_legal"": 0.1959135532055026}",calculated_from_existing_mgimo_country_profile_scores,0.10086213539062265,0.051117223385315574,0.18544352358538052,1,1,17.259398583119086,40.92247711312096,8.941864988714695,23.24935758734943,20.254378085234258,20.254378085234258,8.941864988714695,40.92247711312096,8.941864988714695,40.92247711312096,31.980612124406267,8.095104332458154,45.68481717644827,37.589712843990114,D_insufficient_or_unstable_evidence,"{""academic_fit"": 23.24935758734943, ""balanced"": 17.259398583119086, ""labor_market"": 8.941864988714695, ""recruitment"": 40.92247711312096}","{""academic_fit"": 21.341740454399233, ""balanced"": 15.32648798685488, ""labor_market"": 8.095104332458154, ""recruitment"": 34.80294733694229}","{""academic_fit"": 24.747466157654515, ""balanced"": 18.897317541178946, ""labor_market"": 9.731779725145165, ""recruitment"": 45.68481717644827}","{""academic_fit"": {""country_opportunity"": 0.25, ""friendliness"": 0.15, ""labor_demand"": 0.15, ""program_fit"": 0.45}, ""balanced"": {""country_opportunity"": 0.3, ""friendliness"": 0.2, ""labor_demand"": 0.3, ""program_fit"": 0.2}, ""labor_market"": {""country_opportunity"": 0.2, ""friendliness"": 0.15, ""labor_demand"": 0.45, ""program_fit"": 0.2}, ""recruitment"": {""country_opportunity"": 0.4, ""friendliness"": 0.3, ""labor_demand"": 0.1, ""program_fit"": 0.2}}",uncertainty_adjusted_management_priority_index_not_predicted_student_count,not_identified_ex_ante,,,,"incremental qualified applications, offers and enrolments attributable to the recruitment intervention",requires_prospective_campaign_evaluation,24,pre_registered_country_program_campaign_with_matched_comparison_or_stepped_wedge_rollout,qualified_leads;applications;offers;enrolments;yield;cost_per_enrolment,regularized_relative_demand_signal_from_overlapping_queries_not_unique_vacancies,ppml_russia_inbound_structural_allocation_v3;friendliness_receptivity_ex_ante_v3;trudvsem_program_demand_v4;mgimo_program_profiles,calculated_uncertainty_aware_scenario_ensemble,digital_recruitment_scholarship_and_olympiad,271,258.0,240.0,264.0,269.0,240.0,269.0,29.0
country_program_priority_evidence_v4,COK,Cook Islands,,legal_public,legal_public,Международное право и комплаенс,english_with_optional_russian_preparatory_module,CLDR indicates a material functional English-language environment.,9.385047583606324,9.385047583606324,0.5712077375165258,9.19715385279822,81.51010851340784,0.99,0.0033333333333333335,1.0,2023,10.252419450308775,10.252419450308775,0.8673718667024498,33.56633145335767,33.23066813882409,6.480507027515753,63.291594954977334,point_score multiplied by probability of positive structural gap,50.0,0.0,100.0,0.0,,,50.0,{},calculated_from_existing_mgimo_country_profile_scores,0.10086213539062265,0.051117223385315574,0.18544352358538052,1,1,14.175917913981777,29.33615273969276,8.29833729982887,25.70896044250085,19.942439178241315,19.942439178241315,8.29833729982887,29.33615273969276,8.29833729982887,29.33615273969276,21.03781543986389,3.3244659340277116,46.68085913340119,43.35639319937348,D_insufficient_or_unstable_evidence,"{""academic_fit"": 25.70896044250085, ""balanced"": 14.175917913981777, ""labor_market"": 8.29833729982887, ""recruitment"": 29.33615273969276}","{""academic_fit"": 9.678668987252987, ""balanced"": 4.035220932127087, ""labor_market"": 3.3244659340277116, ""recruitment"": 4.88573818865142}","{""academic_fit"": 33.717401057859405, ""balanced"": 20.07555020363288, ""labor_market"": 10.782466021475257, ""recruitment"": 46.68085913340119}","{""academic_fit"": {""country_opportunity"": 0.25, ""friendliness"": 0.15, ""labor_demand"": 0.15, ""program_fit"": 0.45}, ""balanced"": {""country_opportunity"": 0.3, ""friendliness"": 0.2, ""labor_demand"": 0.3, ""program_fit"": 0.2}, ""labor_market"": {""country_opportunity"": 0.2, ""friendliness"": 0.15, ""labor_demand"": 0.45, ""program_fit"": 0.2}, ""recruitment"": {""country_opportunity"": 0.4, ""friendliness"": 0.3, ""labor_demand"": 0.1, ""program_fit"": 0.2}}",uncertainty_adjusted_management_priority_index_not_predicted_student_count,not_identified_ex_ante,,,,"incremental qualified applications, offers and enrolments attributable to the recruitment intervention",requires_prospective_campaign_evaluation,24,pre_registered_country_program_campaign_with_matched_comparison_or_stepped_wedge_rollout,qualified_leads;applications;offers;enrolments;yield;cost_per_enrolment,regularized_relative_demand_signal_from_overlapping_queries_not_unique_vacancies,ppml_russia_inbound_structural_allocation_v3;friendliness_receptivity_ex_ante_v3;trudvsem_program_demand_v4;mgimo_program_profiles,calculated_uncertainty_aware_scenario_ensemble,targeted_digital_campaign_with_local_partner_validation,272,287.0,294.0,278.0,260.0,260.0,294.0,34.0
country_program_priority_evidence_v4,BRA,Brazil,Latin America & Caribbean,legal_public,legal_public,Международное право и комплаенс,english_plus_russian_preparatory_year,No broad Russian or English functional-language signal is available in CLDR.,85.43170022491807,85.43170022491807,-181.2820702477455,57.08296170262864,768.9202486279605,0.6316666666666667,0.145,227.0,2023,435.06583263095894,435.06583263095894,349.63413240604086,63.95756264482146,40.39986040397889,0.0,95.32328326858273,point_score multiplied by probability of positive structural gap,56.86413841445693,39.36413841445693,74.36413841445693,0.65,moderate,True,40.068740604354744,"{""diplomatic_analytic"": 0.4411029097198089, ""economic_legal"": 0.3833664758965783}",calculated_from_existing_mgimo_country_profile_scores,0.10086213539062265,0.051117223385315574,0.18544352358538052,1,1,14.739486196851132,31.48303517910463,8.41243889438583,24.924693845980848,19.83209002141599,19.83209002141599,8.41243889438583,31.48303517910463,8.41243889438583,31.48303517910463,23.0705962847188,3.7070058795477383,48.129452642366886,44.42244676281915,D_insufficient_or_unstable_evidence,"{""academic_fit"": 24.924693845980848, ""balanced"": 14.739486196851132, ""labor_market"": 8.41243889438583, ""recruitment"": 31.48303517910463}","{""academic_fit"": 9.244975730841125, ""balanced"": 4.426652050392886, ""labor_market"": 3.7070058795477383, ""recruitment"": 6.343730498611058}","{""academic_fit"": 32.38533620151189, ""balanced"": 20.469040943553395, ""labor_market"": 10.71391657269707, ""recruitment"": 48.129452642366886}","{""academic_fit"": {""country_opportunity"": 0.25, ""friendliness"": 0.15, ""labor_demand"": 0.15, ""program_fit"": 0.45}, ""balanced"": {""country_opportunity"": 0.3, ""friendliness"": 0.2, ""labor_demand"": 0.3, ""program_fit"": 0.2}, ""labor_market"": {""country_opportunity"": 0.2, ""friendliness"": 0.15, ""labor_demand"": 0.45, ""program_fit"": 0.2}, ""recruitment"": {""country_opportunity"": 0.4, ""friendliness"": 0.3, ""labor_demand"": 0.1, ""program_fit"": 0.2}}",uncertainty_adjusted_management_priority_index_not_predicted_student_count,not_identified_ex_ante,,,,"incremental qualified applications, offers and enrolments attributable to the recruitment intervention",requires_prospective_campaign_evaluation,24,pre_registered_country_program_campaign_with_matched_comparison_or_stepped_wedge_rollout,qualified_leads;applications;offers;enrolments;yield;cost_per_enrolment,regularized_relative_demand_signal_from_overlapping_queries_not_unique_vacancies,ppml_russia_inbound_structural_allocation_v3;friendliness_receptivity_ex_ante_v3;trudvsem_program_demand_v4;mgimo_program_profiles,calculated_uncertainty_aware_scenario_ensemble,targeted_digital_campaign_with_local_partner_validation,273,280.0,285.0,275.0,264.0,264.0,285.0,21.0
country_program_priority_evidence_v4,TKM,Turkmenistan,Europe & Central Asia,legal_public,legal_public,Международное право и комплаенс,english_plus_russian_preparatory_year,No broad Russian or English functional-language signal is available in CLDR.,20899.09774144761,20899.09774144761,-4225.610016350272,18289.21137341857,44948.6283143665,0.9066666666666666,0.9,35170.0,2023,53201.18925250277,53201.18925250277,32302.09151105516,100.0,90.66666666666666,0.0,100.0,point_score multiplied by probability of positive structural gap,63.19659916820704,43.19659916820703,83.19659916820703,0.6,limited,False,20.007408907787227,"{""diplomatic_analytic"": 0.1814426136660327, ""economic_legal"": 0.2080590071115178}",calculated_from_existing_mgimo_country_profile_scores,0.10086213539062265,0.051117223385315574,0.18544352358538052,1,1,16.704706148488526,39.03593621021743,8.759958233931258,22.839460942627866,19.772083545558196,19.772083545558196,8.759958233931258,39.03593621021743,8.759958233931258,39.03593621021743,30.27597797628617,3.286279294396828,44.34637502409892,41.06009572970209,D_insufficient_or_unstable_evidence,"{""academic_fit"": 22.839460942627866, ""balanced"": 16.704706148488526, ""labor_market"": 8.759958233931258, ""recruitment"": 39.03593621021743}","{""academic_fit"": 6.931101312876057, ""balanced"": 3.9420873226534434, ""labor_market"": 3.286279294396828, ""recruitment"": 5.700788055410099}","{""academic_fit"": 24.643529155660413, ""balanced"": 18.564049025155356, ""labor_market"": 9.617406482811068, ""recruitment"": 44.34637502409892}","{""academic_fit"": {""country_opportunity"": 0.25, ""friendliness"": 0.15, ""labor_demand"": 0.15, ""program_fit"": 0.45}, ""balanced"": {""country_opportunity"": 0.3, ""friendliness"": 0.2, ""labor_demand"": 0.3, ""program_fit"": 0.2}, ""labor_market"": {""country_opportunity"": 0.2, ""friendliness"": 0.15, ""labor_demand"": 0.45, ""program_fit"": 0.2}, ""recruitment"": {""country_opportunity"": 0.4, ""friendliness"": 0.3, ""labor_demand"": 0.1, ""program_fit"": 0.2}}",uncertainty_adjusted_management_priority_index_not_predicted_student_count,not_identified_ex_ante,,,,"incremental qualified applications, offers and enrolments attributable to the recruitment intervention",requires_prospective_campaign_evaluation,24,pre_registered_country_program_campaign_with_matched_comparison_or_stepped_wedge_rollout,qualified_leads;applications;offers;enrolments;yield;cost_per_enrolment,regularized_relative_demand_signal_from_overlapping_queries_not_unique_vacancies,ppml_russia_inbound_structural_allocation_v3;friendliness_receptivity_ex_ante_v3;trudvsem_program_demand_v4;mgimo_program_profiles,calculated_uncertainty_aware_scenario_ensemble,targeted_digital_campaign_with_local_partner_validation,274,263.0,252.0,269.0,271.0,252.0,271.0,19.0
country_program_priority_evidence_v4,VEN,"Venezuela, Bolivarian Republic of",Latin America & Caribbean,legal_public,legal_public,Международное право и комплаенс,english_plus_russian_preparatory_year,No broad Russian or English functional-language signal is available in CLDR.,735.3116014831353,735.3116014831353,140.5942067213212,668.9637176868814,1953.146147813945,0.9983333333333333,0.885,153.0,2023,886.8145213958945,886.8145213958945,151.5029199127592,94.6831340853919,94.52532886191624,71.03709420528718,100.0,point_score multiplied by probability of positive structural gap,66.4158160638801,38.9158160638801,93.91581606388011,0.45,limited,False,17.76240759098134,"{""diplomatic_analytic"": 0.2430706443686836, ""economic_legal"": 0.1495755465702976}",calculated_from_existing_mgimo_country_profile_scores,0.10086213539062265,0.051117223385315574,0.18544352358538052,1,1,16.697218923007036,39.37182882614738,8.698695681320311,22.093388321498672,19.395303622252854,19.395303622252854,8.698695681320311,39.37182882614738,8.698695681320311,39.37182882614738,30.67313314482707,7.443245562644892,44.94222313325621,37.49897757061132,D_insufficient_or_unstable_evidence,"{""academic_fit"": 22.093388321498672, ""balanced"": 16.697218923007036, ""labor_market"": 8.698695681320311, ""recruitment"": 39.37182882614738}","{""academic_fit"": 18.900224043530866, ""balanced"": 13.624718671969102, ""labor_market"": 7.443245562644892, ""recruitment"": 29.913513966465228}","{""academic_fit"": 23.846340594314366, ""balanced"": 18.589372468800246, ""labor_market"": 9.572994135946463, ""recruitment"": 44.94222313325621}","{""academic_fit"": {""country_opportunity"": 0.25, ""friendliness"": 0.15, ""labor_demand"": 0.15, ""program_fit"": 0.45}, ""balanced"": {""country_opportunity"": 0.3, ""friendliness"": 0.2, ""labor_demand"": 0.3, ""program_fit"": 0.2}, ""labor_market"": {""country_opportunity"": 0.2, ""friendliness"": 0.15, ""labor_demand"": 0.45, ""program_fit"": 0.2}, ""recruitment"": {""country_opportunity"": 0.4, ""friendliness"": 0.3, ""labor_demand"": 0.1, ""program_fit"": 0.2}}",uncertainty_adjusted_management_priority_index_not_predicted_student_count,not_identified_ex_ante,,,,"incremental qualified applications, offers and enrolments attributable to the recruitment intervention",requires_prospective_campaign_evaluation,24,pre_registered_country_program_campaign_with_matched_comparison_or_stepped_wedge_rollout,qualified_leads;applications;offers;enrolments;yield;cost_per_enrolment,regularized_relative_demand_signal_from_overlapping_queries_not_unique_vacancies,ppml_russia_inbound_structural_allocation_v3;friendliness_receptivity_ex_ante_v3;trudvsem_program_demand_v4;mgimo_program_profiles,calculated_uncertainty_aware_scenario_ensemble,digital_recruitment_scholarship_and_olympiad,275,264.0,250.0,270.0,276.0,250.0,276.0,26.0
country_program_priority_evidence_v4,BLZ,Belize,Latin America & Caribbean,legal_public,legal_public,Международное право и комплаенс,english_with_optional_russian_preparatory_module,CLDR indicates a material functional English-language environment.,6.894533153218362,6.894533153218362,1.0634033288584959,6.389389284185105,29.662294986961243,1.0,0.0,0.0,2023,7.018126241475589,7.018126241475589,0.12359308825722808,29.63371263927034,29.63371263927034,10.388967789483372,49.094301282291816,point_score multiplied by probability of positive structural gap,62.5769583728075,35.0769583728075,90.07695837280751,0.45,limited,False,44.444579085668444,"{""diplomatic_analytic"": 0.4184855279991432, ""economic_legal"": 0.4555716177956307}",calculated_from_existing_mgimo_country_profile_scores,0.10086213539062265,0.051117223385315574,0.18544352358538052,1,1,14.002796041711226,29.296660231605248,8.197657180539125,24.538633559977114,19.27071480084417,19.27071480084417,8.197657180539125,29.296660231605248,8.197657180539125,29.296660231605248,21.099003051066124,6.050613640024303,40.02220526089831,33.97159162087401,D_insufficient_or_unstable_evidence,"{""academic_fit"": 24.538633559977114, ""balanced"": 14.002796041711226, ""labor_market"": 8.197657180539125, ""recruitment"": 29.296660231605248}","{""academic_fit"": 17.478284970391158, ""balanced"": 9.163506272283595, ""labor_market"": 6.050613640024303, ""recruitment"": 16.561622412839792}","{""academic_fit"": 29.613248665312653, ""balanced"": 17.83025295454564, ""labor_market"": 9.86939148890196, ""recruitment"": 40.02220526089831}","{""academic_fit"": {""country_opportunity"": 0.25, ""friendliness"": 0.15, ""labor_demand"": 0.15, ""program_fit"": 0.45}, ""balanced"": {""country_opportunity"": 0.3, ""friendliness"": 0.2, ""labor_demand"": 0.3, ""program_fit"": 0.2}, ""labor_market"": {""country_opportunity"": 0.2, ""friendliness"": 0.15, ""labor_demand"": 0.45, ""program_fit"": 0.2}, ""recruitment"": {""country_opportunity"": 0.4, ""friendliness"": 0.3, ""labor_demand"": 0.1, ""program_fit"": 0.2}}",uncertainty_adjusted_management_priority_index_not_predicted_student_count,not_identified_ex_ante,,,,"incremental qualified applications, offers and enrolments attributable to the recruitment intervention",requires_prospective_campaign_evaluation,24,pre_registered_country_program_campaign_with_matched_comparison_or_stepped_wedge_rollout,qualified_leads;applications;offers;enrolments;yield;cost_per_enrolment,regularized_relative_demand_signal_from_overlapping_queries_not_unique_vacancies,ppml_russia_inbound_structural_allocation_v3;friendliness_receptivity_ex_ante_v3;trudvsem_program_demand_v4;mgimo_program_profiles,calculated_uncertainty_aware_scenario_ensemble,targeted_digital_campaign_with_local_partner_validation,276,288.0,295.0,281.0,266.0,266.0,295.0,29.0
country_program_priority_evidence_v4,SLB,Solomon Islands,East Asia & Pacific,legal_public,legal_public,Международное право и комплаенс,english_with_optional_russian_preparatory_module,CLDR indicates a material functional English-language environment.,28.254208583079443,28.254208583079443,3.3084598312829843,25.323468557890585,167.42941979665304,1.0,0.0,0.0,2023,28.254208583079443,28.254208583079443,0.0,48.420064074677036,48.420064074677036,20.94813681084757,73.52622850777395,point_score multiplied by probability of positive structural gap,63.665778860050914,36.165778860050914,91.16577886005092,0.45,limited,False,29.565325845182898,"{""diplomatic_analytic"": 0.3619568159311356, ""economic_legal"": 0.2672374481035547}",calculated_from_existing_mgimo_country_profile_scores,0.10086213539062265,0.051117223385315574,0.18544352358538052,1,1,14.981324334939686,32.93528312196702,8.35383879477666,23.193625090458372,19.087474712699027,19.087474712699027,8.35383879477666,32.93528312196702,8.35383879477666,32.93528312196702,24.581444327190358,6.4013042333015,43.49177031544569,37.09046608214419,D_insufficient_or_unstable_evidence,"{""academic_fit"": 23.193625090458372, ""balanced"": 14.981324334939686, ""labor_market"": 8.35383879477666, ""recruitment"": 32.93528312196702}","{""academic_fit"": 17.304149677528752, ""balanced"": 10.36734911043552, ""labor_market"": 6.4013042333015, ""recruitment"": 20.067421947553115}","{""academic_fit"": 27.407950453820934, ""balanced"": 18.599247574242415, ""labor_market"": 9.888219681400708, ""recruitment"": 43.49177031544569}","{""academic_fit"": {""country_opportunity"": 0.25, ""friendliness"": 0.15, ""labor_demand"": 0.15, ""program_fit"": 0.45}, ""balanced"": {""country_opportunity"": 0.3, ""friendliness"": 0.2, ""labor_demand"": 0.3, ""program_fit"": 0.2}, ""labor_market"": {""country_opportunity"": 0.2, ""friendliness"": 0.15, ""labor_demand"": 0.45, ""program_fit"": 0.2}, ""recruitment"": {""country_opportunity"": 0.4, ""friendliness"": 0.3, ""labor_demand"": 0.1, ""program_fit"": 0.2}}",uncertainty_adjusted_management_priority_index_not_predicted_student_count,not_identified_ex_ante,,,,"incremental qualified applications, offers and enrolments attributable to the recruitment intervention",requires_prospective_campaign_evaluation,24,pre_registered_country_program_campaign_with_matched_comparison_or_stepped_wedge_rollout,qualified_leads;applications;offers;enrolments;yield;cost_per_enrolment,regularized_relative_demand_signal_from_overlapping_queries_not_unique_vacancies,ppml_russia_inbound_structural_allocation_v3;friendliness_receptivity_ex_ante_v3;trudvsem_program_demand_v4;mgimo_program_profiles,calculated_uncertainty_aware_scenario_ensemble,targeted_digital_campaign_with_local_partner_validation,277,277.0,278.0,276.0,270.0,270.0,278.0,8.0
country_program_priority_evidence_v4,SOM,Somalia,Sub-Saharan Africa,legal_public,legal_public,Международное право и комплаенс,english_plus_russian_preparatory_year,No broad Russian or English functional-language signal is available in CLDR.,371.0254596523729,371.0254596523729,42.66027797003462,328.91435243682554,1012.8978610218408,0.9933333333333333,0.49,149.0,2023,525.0011129523125,525.0011129523125,153.97565329993958,84.89174852253903,84.32580353238878,54.16295460832174,99.27130559080285,point_score multiplied by probability of positive structural gap,65.6844914965029,38.18449149650291,93.18449149650291,0.45,limited,False,17.99024877414766,"{""diplomatic_analytic"": 0.1592579399678645, ""economic_legal"": 0.1887501510730246}",calculated_from_existing_mgimo_country_profile_scores,0.10086213539062265,0.051117223385315574,0.18544352358538052,1,1,16.144839134553298,37.60084962605211,8.511074290946233,21.56012050791458,18.85247982123394,18.85247982123394,8.511074290946233,37.60084962605211,8.511074290946233,37.60084962605211,29.089775335105877,7.05382062864975,44.816437486474086,37.762616857824334,D_insufficient_or_unstable_evidence,"{""academic_fit"": 21.56012050791458, ""balanced"": 16.144839134553298, ""labor_market"": 8.511074290946233, ""recruitment"": 37.60084962605211}","{""academic_fit"": 17.727361686849687, ""balanced"": 12.560218706305182, ""labor_market"": 7.05382062864975, ""recruitment"": 26.80051531708078}","{""academic_fit"": 23.905103471080405, ""balanced"": 18.565125864585976, ""labor_market"": 9.57113388430675, ""recruitment"": 44.816437486474086}","{""academic_fit"": {""country_opportunity"": 0.25, ""friendliness"": 0.15, ""labor_demand"": 0.15, ""program_fit"": 0.45}, ""balanced"": {""country_opportunity"": 0.3, ""friendliness"": 0.2, ""labor_demand"": 0.3, ""program_fit"": 0.2}, ""labor_market"": {""country_opportunity"": 0.2, ""friendliness"": 0.15, ""labor_demand"": 0.45, ""program_fit"": 0.2}, ""recruitment"": {""country_opportunity"": 0.4, ""friendliness"": 0.3, ""labor_demand"": 0.1, ""program_fit"": 0.2}}",uncertainty_adjusted_management_priority_index_not_predicted_student_count,not_identified_ex_ante,,,,"incremental qualified applications, offers and enrolments attributable to the recruitment intervention",requires_prospective_campaign_evaluation,24,pre_registered_country_program_campaign_with_matched_comparison_or_stepped_wedge_rollout,qualified_leads;applications;offers;enrolments;yield;cost_per_enrolment,regularized_relative_demand_signal_from_overlapping_queries_not_unique_vacancies,ppml_russia_inbound_structural_allocation_v3;friendliness_receptivity_ex_ante_v3;trudvsem_program_demand_v4;mgimo_program_profiles,calculated_uncertainty_aware_scenario_ensemble,digital_recruitment_scholarship_and_olympiad,278,266.0,263.0,271.0,278.0,263.0,278.0,15.0
country_program_priority_evidence_v4,MRT,Mauritania,Sub-Saharan Africa,legal_public,legal_public,Международное право и комплаенс,english_plus_russian_preparatory_year,No broad Russian or English functional-language signal is available in CLDR.,85.22891647622886,85.22891647622886,-22.40781741650686,76.3924060074627,255.80417385514824,0.9066666666666666,0.0,115.0,2023,181.52672596232594,181.52672596232594,96.29780948609708,63.92387350204404,57.95764530851993,0.0,79.57578351279251,point_score multiplied by probability of positive structural gap,63.88692361596967,36.38692361596967,91.38692361596968,0.45,limited,False,24.16605315690909,"{""diplomatic_analytic"": 0.2182775998370455, ""economic_legal"": 0.2516817880256818}",calculated_from_existing_mgimo_country_profile_scores,0.10086213539062265,0.051117223385315574,0.18544352358538052,1,1,15.203899992040185,34.031269384388736,8.328236934807421,22.221019260420388,18.712459626230284,18.712459626230284,8.328236934807421,34.031269384388736,8.328236934807421,34.031269384388736,25.703032449581315,3.3227114369192194,43.19114343286938,39.86843199595016,D_insufficient_or_unstable_evidence,"{""academic_fit"": 22.221019260420388, ""balanced"": 15.203899992040185, ""labor_market"": 8.328236934807421, ""recruitment"": 34.031269384388736}","{""academic_fit"": 7.331638751180912, ""balanced"": 3.9525824683090245, ""labor_market"": 3.3227114369192194, ""recruitment"": 5.621117745960209}","{""academic_fit"": 25.616527985986977, ""balanced"": 18.322695784285653, ""labor_market"": 9.66430265514528, ""recruitment"": 43.19114343286938}","{""academic_fit"": {""country_opportunity"": 0.25, ""friendliness"": 0.15, ""labor_demand"": 0.15, ""program_fit"": 0.45}, ""balanced"": {""country_opportunity"": 0.3, ""friendliness"": 0.2, ""labor_demand"": 0.3, ""program_fit"": 0.2}, ""labor_market"": {""country_opportunity"": 0.2, ""friendliness"": 0.15, ""labor_demand"": 0.45, ""program_fit"": 0.2}, ""recruitment"": {""country_opportunity"": 0.4, ""friendliness"": 0.3, ""labor_demand"": 0.1, ""program_fit"": 0.2}}",uncertainty_adjusted_management_priority_index_not_predicted_student_count,not_identified_ex_ante,,,,"incremental qualified applications, offers and enrolments attributable to the recruitment intervention",requires_prospective_campaign_evaluation,24,pre_registered_country_program_campaign_with_matched_comparison_or_stepped_wedge_rollout,qualified_leads;applications;offers;enrolments;yield;cost_per_enrolment,regularized_relative_demand_signal_from_overlapping_queries_not_unique_vacancies,ppml_russia_inbound_structural_allocation_v3;friendliness_receptivity_ex_ante_v3;trudvsem_program_demand_v4;mgimo_program_profiles,calculated_uncertainty_aware_scenario_ensemble,targeted_digital_campaign_with_local_partner_validation,279,275.0,274.0,277.0,275.0,274.0,277.0,3.0
country_program_priority_evidence_v4,PNG,Papua New Guinea,East Asia & Pacific,legal_public,legal_public,Международное право и комплаенс,english_with_optional_russian_preparatory_module,CLDR indicates a material functional English-language environment.,25.183200459503766,25.183200459503766,2.443868362542755,21.851276343177602,137.80922318967646,0.9983333333333333,0.0,0.0,2023,26.80631140168923,26.80631140168923,1.6231109421854624,46.82942086685528,46.75137183207718,17.735666735589938,70.75218696096665,point_score multiplied by probability of positive structural gap,58.32402005653885,30.82402005653885,85.82402005653886,0.45,limited,False,28.944050294516327,"{""diplomatic_analytic"": 0.2627871381864911, ""economic_legal"": 0.3008633735560228}",calculated_from_existing_mgimo_country_profile_scores,0.10086213539062265,0.051117223385315574,0.18544352358538052,1,1,14.51451356670887,31.526629384901344,8.156471290064973,22.491030789919147,18.502772178314007,18.502772178314007,8.156471290064973,31.526629384901344,8.156471290064973,31.526629384901344,23.37015809483637,6.034354776534303,41.90393871389416,35.86958393735986,D_insufficient_or_unstable_evidence,"{""academic_fit"": 22.491030789919147, ""balanced"": 14.51451356670887, ""labor_market"": 8.156471290064973, ""recruitment"": 31.526629384901344}","{""academic_fit"": 16.10076783618277, ""balanced"": 9.545261579607594, ""labor_market"": 6.034354776534303, ""recruitment"": 17.906059492513343}","{""academic_fit"": 26.659700752354503, ""balanced"": 18.096038696651352, ""labor_market"": 9.68612652570949, ""recruitment"": 41.90393871389416}","{""academic_fit"": {""country_opportunity"": 0.25, ""friendliness"": 0.15, ""labor_demand"": 0.15, ""program_fit"": 0.45}, ""balanced"": {""country_opportunity"": 0.3, ""friendliness"": 0.2, ""labor_demand"": 0.3, ""program_fit"": 0.2}, ""labor_market"": {""country_opportunity"": 0.2, ""friendliness"": 0.15, ""labor_demand"": 0.45, ""program_fit"": 0.2}, ""recruitment"": {""country_opportunity"": 0.4, ""friendliness"": 0.3, ""labor_demand"": 0.1, ""program_fit"": 0.2}}",uncertainty_adjusted_management_priority_index_not_predicted_student_count,not_identified_ex_ante,,,,"incremental qualified applications, offers and enrolments attributable to the recruitment intervention",requires_prospective_campaign_evaluation,24,pre_registered_country_program_campaign_with_matched_comparison_or_stepped_wedge_rollout,qualified_leads;applications;offers;enrolments;yield;cost_per_enrolment,regularized_relative_demand_signal_from_overlapping_queries_not_unique_vacancies,ppml_russia_inbound_structural_allocation_v3;friendliness_receptivity_ex_ante_v3;trudvsem_program_demand_v4;mgimo_program_profiles,calculated_uncertainty_aware_scenario_ensemble,targeted_digital_campaign_with_local_partner_validation,280,284.0,283.0,282.0,274.0,274.0,284.0,10.0
country_program_priority_evidence_v4,SUR,Suriname,Latin America & Caribbean,legal_public,legal_public,Международное право и комплаенс,english_plus_russian_preparatory_year,No broad Russian or English functional-language signal is available in CLDR.,10.509553920338357,10.509553920338357,-3.51557237617404,9.34758708115846,85.72819051484383,0.845,0.0,7.0,2023,16.594214208509936,16.594214208509936,6.084660288171579,35.0408731843896,29.609537840809214,0.0,64.00667757120095,point_score multiplied by probability of positive structural gap,62.23617269496816,34.73617269496816,89.73617269496816,0.45,limited,False,37.592420572122016,"{""diplomatic_analytic"": 0.3046432339742406, ""economic_legal"": 0.4064731936127829}",calculated_from_existing_mgimo_country_profile_scores,0.10086213539062265,0.051117223385315574,0.18544352358538052,1,1,13.534713195734582,28.29988726397852,7.926382780569755,22.775792869254204,18.155253032494393,18.155253032494393,7.926382780569755,28.29988726397852,7.926382780569755,28.29988726397852,20.373504483408766,3.594911922124627,42.94221499030748,39.34730306818285,D_insufficient_or_unstable_evidence,"{""academic_fit"": 22.775792869254204, ""balanced"": 13.534713195734582, ""labor_market"": 7.926382780569755, ""recruitment"": 28.29988726397852}","{""academic_fit"": 8.82710745382463, ""balanced"": 4.26673807515052, ""labor_market"": 3.594911922124627, ""recruitment"": 6.040551018309269}","{""academic_fit"": 29.348994445554162, ""balanced"": 18.646046927126687, ""labor_market"": 10.057362025161707, ""recruitment"": 42.94221499030748}","{""academic_fit"": {""country_opportunity"": 0.25, ""friendliness"": 0.15, ""labor_demand"": 0.15, ""program_fit"": 0.45}, ""balanced"": {""country_opportunity"": 0.3, ""friendliness"": 0.2, ""labor_demand"": 0.3, ""program_fit"": 0.2}, ""labor_market"": {""country_opportunity"": 0.2, ""friendliness"": 0.15, ""labor_demand"": 0.45, ""program_fit"": 0.2}, ""recruitment"": {""country_opportunity"": 0.4, ""friendliness"": 0.3, ""labor_demand"": 0.1, ""program_fit"": 0.2}}",uncertainty_adjusted_management_priority_index_not_predicted_student_count,not_identified_ex_ante,,,,"incremental qualified applications, offers and enrolments attributable to the recruitment intervention",requires_prospective_campaign_evaluation,24,pre_registered_country_program_campaign_with_matched_comparison_or_stepped_wedge_rollout,qualified_leads;applications;offers;enrolments;yield;cost_per_enrolment,regularized_relative_demand_signal_from_overlapping_queries_not_unique_vacancies,ppml_russia_inbound_structural_allocation_v3;friendliness_receptivity_ex_ante_v3;trudvsem_program_demand_v4;mgimo_program_profiles,calculated_uncertainty_aware_scenario_ensemble,targeted_digital_campaign_with_local_partner_validation,281,295.0,296.0,287.0,272.0,272.0,296.0,24.0
country_program_priority_evidence_v4,BFA,Burkina Faso,Sub-Saharan Africa,legal_public,legal_public,Международное право и комплаенс,english_plus_russian_preparatory_year,No broad Russian or English functional-language signal is available in CLDR.,235.41478397807734,235.41478397807734,74.28192356188265,217.03767895358453,463.0755403403525,1.0,0.035,32.0,2023,272.4262376500111,272.4262376500111,37.011453671933765,78.38929933944887,78.38929933944887,61.97667856140877,88.06262468380872,point_score multiplied by probability of positive structural gap,64.97678479047427,37.47678479047427,92.47678479047427,0.45,limited,False,16.649008443452463,"{""diplomatic_analytic"": 0.149553815328358, ""economic_legal"": 0.1737484854800246}",calculated_from_existing_mgimo_country_profile_scores,0.10086213539062265,0.051117223385315574,0.18544352358538052,1,1,15.536364041102448,35.885426621632426,8.25398308874653,20.45558341882079,17.99597372996162,17.99597372996162,8.25398308874653,35.885426621632426,8.25398308874653,35.885426621632426,27.631443532885896,7.118385003820005,42.02426253308913,34.90587752926913,D_insufficient_or_unstable_evidence,"{""academic_fit"": 20.45558341882079, ""balanced"": 15.536364041102448, ""labor_market"": 8.25398308874653, ""recruitment"": 35.885426621632426}","{""academic_fit"": 17.681747851681788, ""balanced"": 12.832513048074054, ""labor_market"": 7.118385003820005, ""recruitment"": 27.696145791814114}","{""academic_fit"": 22.42922841297659, ""balanced"": 17.62935198893408, ""labor_market"": 9.20054898651222, ""recruitment"": 42.02426253308913}","{""academic_fit"": {""country_opportunity"": 0.25, ""friendliness"": 0.15, ""labor_demand"": 0.15, ""program_fit"": 0.45}, ""balanced"": {""country_opportunity"": 0.3, ""friendliness"": 0.2, ""labor_demand"": 0.3, ""program_fit"": 0.2}, ""labor_market"": {""country_opportunity"": 0.2, ""friendliness"": 0.15, ""labor_demand"": 0.45, ""program_fit"": 0.2}, ""recruitment"": {""country_opportunity"": 0.4, ""friendliness"": 0.3, ""labor_demand"": 0.1, ""program_fit"": 0.2}}",uncertainty_adjusted_management_priority_index_not_predicted_student_count,not_identified_ex_ante,,,,"incremental qualified applications, offers and enrolments attributable to the recruitment intervention",requires_prospective_campaign_evaluation,24,pre_registered_country_program_campaign_with_matched_comparison_or_stepped_wedge_rollout,qualified_leads;applications;offers;enrolments;yield;cost_per_enrolment,regularized_relative_demand_signal_from_overlapping_queries_not_unique_vacancies,ppml_russia_inbound_structural_allocation_v3;friendliness_receptivity_ex_ante_v3;trudvsem_program_demand_v4;mgimo_program_profiles,calculated_uncertainty_aware_scenario_ensemble,targeted_digital_campaign_with_local_partner_validation,282,271.0,267.0,279.0,284.0,267.0,284.0,17.0
country_program_priority_evidence_v4,GMB,Gambia,Sub-Saharan Africa,legal_public,legal_public,Международное право и комплаенс,english_with_optional_russian_preparatory_module,CLDR indicates a material functional English-language environment.,42.69652363829757,42.69652363829757,-6.9855662645274945,37.18342520940964,120.03035160888243,0.9383333333333334,0.0,47.0,2023,85.65008599969663,85.65008599969663,42.95356236139906,54.17485631691724,50.83407351070735,0.0,68.7864386427658,point_score multiplied by probability of positive structural gap,63.188717482898525,35.688717482898525,90.68871748289853,0.45,limited,False,23.50148905328139,"{""diplomatic_analytic"": 0.224927987576389, ""economic_legal"": 0.2393378489427103}",calculated_from_existing_mgimo_country_profile_scores,0.10086213539062265,0.051117223385315574,0.18544352358538052,1,1,14.518219027530286,32.046024551041526,8.060070030858272,21.225006002031773,17.871612514781027,17.871612514781027,8.060070030858272,32.046024551041526,8.060070030858272,32.046024551041526,23.985954520183256,3.295641933650306,40.46768796293037,37.17204602928006,D_insufficient_or_unstable_evidence,"{""academic_fit"": 21.225006002031773, ""balanced"": 14.518219027530286, ""labor_market"": 8.060070030858272, ""recruitment"": 32.046024551041526}","{""academic_fit"": 7.2234187840405415, ""balanced"": 3.916687967853209, ""labor_market"": 3.295641933650306, ""recruitment"": 5.5595801597779575}","{""academic_fit"": 24.388636211402673, ""balanced"": 17.429136567608865, ""labor_market"": 9.32964469500142, ""recruitment"": 40.46768796293037}","{""academic_fit"": {""country_opportunity"": 0.25, ""friendliness"": 0.15, ""labor_demand"": 0.15, ""program_fit"": 0.45}, ""balanced"": {""country_opportunity"": 0.3, ""friendliness"": 0.2, ""labor_demand"": 0.3, ""program_fit"": 0.2}, ""labor_market"": {""country_opportunity"": 0.2, ""friendliness"": 0.15, ""labor_demand"": 0.45, ""program_fit"": 0.2}, ""recruitment"": {""country_opportunity"": 0.4, ""friendliness"": 0.3, ""labor_demand"": 0.1, ""program_fit"": 0.2}}",uncertainty_adjusted_management_priority_index_not_predicted_student_count,not_identified_ex_ante,,,,"incremental qualified applications, offers and enrolments attributable to the recruitment intervention",requires_prospective_campaign_evaluation,24,pre_registered_country_program_campaign_with_matched_comparison_or_stepped_wedge_rollout,qualified_leads;applications;offers;enrolments;yield;cost_per_enrolment,regularized_relative_demand_signal_from_overlapping_queries_not_unique_vacancies,ppml_russia_inbound_structural_allocation_v3;friendliness_receptivity_ex_ante_v3;trudvsem_program_demand_v4;mgimo_program_profiles,calculated_uncertainty_aware_scenario_ensemble,targeted_digital_campaign_with_local_partner_validation,283,283.0,281.0,284.0,279.0,279.0,284.0,5.0
country_program_priority_evidence_v4,NER,Niger,Sub-Saharan Africa,legal_public,legal_public,Международное право и комплаенс,english_plus_russian_preparatory_year,No broad Russian or English functional-language signal is available in CLDR.,494.4652025116648,494.4652025116648,160.9628794116347,471.67872675748697,1062.3091707573137,1.0,0.8166666666666667,27.0,2023,521.5055102083084,521.5055102083084,27.04030769664352,89.0013274889097,89.0013274889097,72.96473150246261,99.95376750000088,point_score multiplied by probability of positive structural gap,64.80558862801902,37.305588628019024,92.30558862801902,0.45,limited,False,14.12830230701671,"{""diplomatic_analytic"": 0.1408765878391847, ""economic_legal"": 0.141457209597731}",calculated_from_existing_mgimo_country_profile_scores,0.10086213539062265,0.051117223385315574,0.18544352358538052,1,1,15.63449203477629,36.55849914038052,8.203622834752606,19.685470503770432,17.65998126927336,17.65998126927336,8.203622834752606,36.55849914038052,8.203622834752606,36.55849914038052,28.35487630562791,7.123180374078189,42.819940693009265,35.69676031893108,D_insufficient_or_unstable_evidence,"{""academic_fit"": 19.685470503770432, ""balanced"": 15.63449203477629, ""labor_market"": 8.203622834752606, ""recruitment"": 36.55849914038052}","{""academic_fit"": 17.16237467371676, ""balanced"": 13.046434685846005, ""labor_market"": 7.123180374078189, ""recruitment"": 28.60159788121177}","{""academic_fit"": 21.586544386787683, ""balanced"": 17.74267985511276, ""labor_market"": 9.145210590433244, ""recruitment"": 42.819940693009265}","{""academic_fit"": {""country_opportunity"": 0.25, ""friendliness"": 0.15, ""labor_demand"": 0.15, ""program_fit"": 0.45}, ""balanced"": {""country_opportunity"": 0.3, ""friendliness"": 0.2, ""labor_demand"": 0.3, ""program_fit"": 0.2}, ""labor_market"": {""country_opportunity"": 0.2, ""friendliness"": 0.15, ""labor_demand"": 0.45, ""program_fit"": 0.2}, ""recruitment"": {""country_opportunity"": 0.4, ""friendliness"": 0.3, ""labor_demand"": 0.1, ""program_fit"": 0.2}}",uncertainty_adjusted_management_priority_index_not_predicted_student_count,not_identified_ex_ante,,,,"incremental qualified applications, offers and enrolments attributable to the recruitment intervention",requires_prospective_campaign_evaluation,24,pre_registered_country_program_campaign_with_matched_comparison_or_stepped_wedge_rollout,qualified_leads;applications;offers;enrolments;yield;cost_per_enrolment,regularized_relative_demand_signal_from_overlapping_queries_not_unique_vacancies,ppml_russia_inbound_structural_allocation_v3;friendliness_receptivity_ex_ante_v3;trudvsem_program_demand_v4;mgimo_program_profiles,calculated_uncertainty_aware_scenario_ensemble,targeted_digital_campaign_with_local_partner_validation,284,270.0,265.0,280.0,288.0,265.0,288.0,23.0
country_program_priority_evidence_v4,UGA,Uganda,Sub-Saharan Africa,legal_public,legal_public,Международное право и комплаенс,english_with_optional_russian_preparatory_module,CLDR indicates a material functional English-language environment.,243.71786376458914,243.71786376458914,30.848241576477772,229.01802169931238,628.9893447637004,1.0,0.09833333333333333,99.0,2023,330.2004674675871,330.2004674675871,86.48260370299793,78.88437024465559,78.88437024465559,49.638570683699605,92.44643962579326,point_score multiplied by probability of positive structural gap,64.20508339789163,36.70508339789163,91.70508339789163,0.45,limited,False,15.64402197692229,"{""diplomatic_analytic"": 0.1407738200277052, ""economic_legal"": 0.1631543910870162}",calculated_from_existing_mgimo_country_profile_scores,0.10086213539062265,0.051117223385315574,0.18544352358538052,1,1,15.347759964157131,35.43012940151457,8.153511425577713,19.918767610261373,17.633263787209252,17.633263787209252,8.153511425577713,35.43012940151457,8.153511425577713,35.43012940151457,27.27661797593686,6.714745773762462,42.23519828956838,35.52045251580592,D_insufficient_or_unstable_evidence,"{""academic_fit"": 19.918767610261373, ""balanced"": 15.347759964157131, ""labor_market"": 8.153511425577713, ""recruitment"": 35.43012940151457}","{""academic_fit"": 16.258215318324368, ""balanced"": 11.831778775546725, ""labor_market"": 6.714745773762462, ""recruitment"": 24.9349180273248}","{""academic_fit"": 22.081735568208902, ""balanced"": 17.64753615617851, ""labor_market"": 9.169692185918997, ""recruitment"": 42.23519828956838}","{""academic_fit"": {""country_opportunity"": 0.25, ""friendliness"": 0.15, ""labor_demand"": 0.15, ""program_fit"": 0.45}, ""balanced"": {""country_opportunity"": 0.3, ""friendliness"": 0.2, ""labor_demand"": 0.3, ""program_fit"": 0.2}, ""labor_market"": {""country_opportunity"": 0.2, ""friendliness"": 0.15, ""labor_demand"": 0.45, ""program_fit"": 0.2}, ""recruitment"": {""country_opportunity"": 0.4, ""friendliness"": 0.3, ""labor_demand"": 0.1, ""program_fit"": 0.2}}",uncertainty_adjusted_management_priority_index_not_predicted_student_count,not_identified_ex_ante,,,,"incremental qualified applications, offers and enrolments attributable to the recruitment intervention",requires_prospective_campaign_evaluation,24,pre_registered_country_program_campaign_with_matched_comparison_or_stepped_wedge_rollout,qualified_leads;applications;offers;enrolments;yield;cost_per_enrolment,regularized_relative_demand_signal_from_overlapping_queries_not_unique_vacancies,ppml_russia_inbound_structural_allocation_v3;friendliness_receptivity_ex_ante_v3;trudvsem_program_demand_v4;mgimo_program_profiles,calculated_uncertainty_aware_scenario_ensemble,targeted_digital_campaign_with_local_partner_validation,285,272.0,270.0,283.0,287.0,270.0,287.0,17.0
country_program_priority_evidence_v4,KEN,Kenya,Sub-Saharan Africa,legal_public,legal_public,Международное право и комплаенс,english_with_optional_russian_preparatory_module,CLDR indicates a material functional English-language environment.,57.95554402040611,57.95554402040611,-105.13678389310432,49.25463425603044,369.53835592208605,0.6566666666666666,0.0,169.0,2023,255.7427077748814,255.7427077748814,197.7871637544753,58.47060294014146,38.39569593069289,0.0,84.83430276480973,point_score multiplied by probability of positive structural gap,61.338628797860984,43.83862879786099,78.83862879786099,0.65,moderate,True,27.63856981682678,"{""diplomatic_analytic"": 0.2554120693812451, ""economic_legal"": 0.285374396219849}",calculated_from_existing_mgimo_country_profile_scores,0.10086213539062265,0.051117223385315574,0.18544352358538052,1,1,13.71433815757786,29.366275520610547,7.837039829597349,21.166177996774245,17.440258077176054,17.440258077176054,7.837039829597349,29.366275520610547,7.837039829597349,29.366275520610547,21.5292356910132,3.503964991547374,43.50961621778846,40.005651226241085,D_insufficient_or_unstable_evidence,"{""academic_fit"": 21.166177996774245, ""balanced"": 13.71433815757786, ""labor_market"": 7.837039829597349, ""recruitment"": 29.366275520610547}","{""academic_fit"": 7.985502393674857, ""balanced"": 4.206246321187764, ""labor_market"": 3.503964991547374, ""recruitment"": 6.091576513514334}","{""academic_fit"": 26.985845803172552, ""balanced"": 18.611185204075095, ""labor_market"": 9.82606017218373, ""recruitment"": 43.50961621778846}","{""academic_fit"": {""country_opportunity"": 0.25, ""friendliness"": 0.15, ""labor_demand"": 0.15, ""program_fit"": 0.45}, ""balanced"": {""country_opportunity"": 0.3, ""friendliness"": 0.2, ""labor_demand"": 0.3, ""program_fit"": 0.2}, ""labor_market"": {""country_opportunity"": 0.2, ""friendliness"": 0.15, ""labor_demand"": 0.45, ""program_fit"": 0.2}, ""recruitment"": {""country_opportunity"": 0.4, ""friendliness"": 0.3, ""labor_demand"": 0.1, ""program_fit"": 0.2}}",uncertainty_adjusted_management_priority_index_not_predicted_student_count,not_identified_ex_ante,,,,"incremental qualified applications, offers and enrolments attributable to the recruitment intervention",requires_prospective_campaign_evaluation,24,pre_registered_country_program_campaign_with_matched_comparison_or_stepped_wedge_rollout,qualified_leads;applications;offers;enrolments;yield;cost_per_enrolment,regularized_relative_demand_signal_from_overlapping_queries_not_unique_vacancies,ppml_russia_inbound_structural_allocation_v3;friendliness_receptivity_ex_ante_v3;trudvsem_program_demand_v4;mgimo_program_profiles,calculated_uncertainty_aware_scenario_ensemble,targeted_digital_campaign_with_local_partner_validation,286,293.0,293.0,289.0,280.0,280.0,293.0,13.0
country_program_priority_evidence_v4,SSD,South Sudan,Sub-Saharan Africa,legal_public,legal_public,Международное право и комплаенс,english_with_optional_russian_preparatory_module,CLDR indicates a material functional English-language environment.,145.8038150289941,145.8038150289941,28.26935251219569,134.16265092865444,357.8963315639507,1.0,0.03333333333333333,30.0,2023,173.579507025386,173.579507025386,27.775691996391892,71.55530915802296,71.55530915802296,48.42748670334425,84.37644680315596,point_score multiplied by probability of positive structural gap,63.54932278500491,36.04932278500491,91.04932278500492,0.45,limited,False,16.04363732956396,"{""diplomatic_analytic"": 0.1298144925089634, ""economic_legal"": 0.1735600364899294}",calculated_from_existing_mgimo_country_profile_scores,0.10086213539062265,0.051117223385315574,0.18544352358538052,1,1,14.951682303706788,34.15069625378422,8.023955221970308,19.624230986128214,17.2879566449175,17.2879566449175,8.023955221970308,34.15069625378422,8.023955221970308,34.15069625378422,26.12674103181391,6.69645335971251,40.84327699859565,34.146823638883134,D_insufficient_or_unstable_evidence,"{""academic_fit"": 19.624230986128214, ""balanced"": 14.951682303706788, ""labor_market"": 8.023955221970308, ""recruitment"": 34.15069625378422}","{""academic_fit"": 16.290653264179056, ""balanced"": 11.760696483846159, ""labor_market"": 6.69645335971251, ""recruitment"": 24.681849038206657}","{""academic_fit"": 21.7972343336374, ""balanced"": 17.232999921356896, ""labor_market"": 9.038745925228179, ""recruitment"": 40.84327699859565}","{""academic_fit"": {""country_opportunity"": 0.25, ""friendliness"": 0.15, ""labor_demand"": 0.15, ""program_fit"": 0.45}, ""balanced"": {""country_opportunity"": 0.3, ""friendliness"": 0.2, ""labor_demand"": 0.3, ""program_fit"": 0.2}, ""labor_market"": {""country_opportunity"": 0.2, ""friendliness"": 0.15, ""labor_demand"": 0.45, ""program_fit"": 0.2}, ""recruitment"": {""country_opportunity"": 0.4, ""friendliness"": 0.3, ""labor_demand"": 0.1, ""program_fit"": 0.2}}",uncertainty_adjusted_management_priority_index_not_predicted_student_count,not_identified_ex_ante,,,,"incremental qualified applications, offers and enrolments attributable to the recruitment intervention",requires_prospective_campaign_evaluation,24,pre_registered_country_program_campaign_with_matched_comparison_or_stepped_wedge_rollout,qualified_leads;applications;offers;enrolments;yield;cost_per_enrolment,regularized_relative_demand_signal_from_overlapping_queries_not_unique_vacancies,ppml_russia_inbound_structural_allocation_v3;friendliness_receptivity_ex_ante_v3;trudvsem_program_demand_v4;mgimo_program_profiles,calculated_uncertainty_aware_scenario_ensemble,targeted_digital_campaign_with_local_partner_validation,287,278.0,273.0,285.0,289.0,273.0,289.0,16.0
country_program_priority_evidence_v4,LAO,Lao People's Democratic Republic,East Asia & Pacific,legal_public,legal_public,Международное право и комплаенс,english_plus_russian_preparatory_year,No broad Russian or English functional-language signal is available in CLDR.,92.70603216073496,92.70603216073496,-103.52934988646821,73.58943798814195,919.2357729117649,0.665,0.058333333333333334,143.0,2023,238.70371074383857,238.70371074383857,145.9976785831036,65.11653896019372,43.30249840852883,0.0,97.88113822851341,point_score multiplied by probability of positive structural gap,64.29911104031498,36.79911104031498,91.799111040315,0.45,limited,False,23.410329133284772,"{""diplomatic_analytic"": 0.2136136524123482, ""economic_legal"": 0.242884565155919}",calculated_from_existing_mgimo_country_profile_scores,0.10086213539062265,0.051117223385315574,0.18544352358538052,1,1,13.887470612149116,30.2280488116147,7.825190297007952,20.42630663764101,17.15688862489506,17.15688862489506,7.825190297007952,30.2280488116147,7.825190297007952,30.2280488116147,22.40285851460675,3.307947511183406,46.65411630259417,43.34616879141076,D_insufficient_or_unstable_evidence,"{""academic_fit"": 20.42630663764101, ""balanced"": 13.887470612149116, ""labor_market"": 7.825190297007952, ""recruitment"": 30.2280488116147}","{""academic_fit"": 7.243636907304997, ""balanced"": 3.937177696439048, ""labor_market"": 3.307947511183406, ""recruitment"": 5.605352698660695}","{""academic_fit"": 26.61208052783069, ""balanced"": 19.382081438882025, ""labor_market"": 10.013686892928025, ""recruitment"": 46.65411630259417}","{""academic_fit"": {""country_opportunity"": 0.25, ""friendliness"": 0.15, ""labor_demand"": 0.15, ""program_fit"": 0.45}, ""balanced"": {""country_opportunity"": 0.3, ""friendliness"": 0.2, ""labor_demand"": 0.3, ""program_fit"": 0.2}, ""labor_market"": {""country_opportunity"": 0.2, ""friendliness"": 0.15, ""labor_demand"": 0.45, ""program_fit"": 0.2}, ""recruitment"": {""country_opportunity"": 0.4, ""friendliness"": 0.3, ""labor_demand"": 0.1, ""program_fit"": 0.2}}",uncertainty_adjusted_management_priority_index_not_predicted_student_count,not_identified_ex_ante,,,,"incremental qualified applications, offers and enrolments attributable to the recruitment intervention",requires_prospective_campaign_evaluation,24,pre_registered_country_program_campaign_with_matched_comparison_or_stepped_wedge_rollout,qualified_leads;applications;offers;enrolments;yield;cost_per_enrolment,regularized_relative_demand_signal_from_overlapping_queries_not_unique_vacancies,ppml_russia_inbound_structural_allocation_v3;friendliness_receptivity_ex_ante_v3;trudvsem_program_demand_v4;mgimo_program_profiles,calculated_uncertainty_aware_scenario_ensemble,targeted_digital_campaign_with_local_partner_validation,288,290.0,290.0,290.0,285.0,285.0,290.0,5.0
country_program_priority_evidence_v4,MWI,Malawi,Sub-Saharan Africa,legal_public,legal_public,Международное право и комплаенс,english_with_optional_russian_preparatory_module,CLDR indicates a material functional English-language environment.,175.3896349696009,175.3896349696009,37.56691793470767,168.62297920994422,485.49570564787916,1.0,0.10333333333333333,23.0,2023,205.45525745831037,205.45525745831037,30.06562248870947,74.18853744953509,74.18853744953509,52.383875876972816,88.73930663135795,point_score multiplied by probability of positive structural gap,61.02799195229347,33.52799195229347,88.52799195229348,0.45,limited,False,15.446378592846763,"{""diplomatic_analytic"": 0.1502580830782287, ""economic_legal"": 0.1562662300071415}",calculated_from_existing_mgimo_country_profile_scores,0.10086213539062265,0.051117223385315574,0.18544352358538052,1,1,14.885917189598525,33.98622652391604,7.976107322890493,19.36851219801872,17.12721469380862,17.12721469380862,7.976107322890493,33.98622652391604,7.976107322890493,33.98622652391604,26.010119201025546,6.681029973565078,41.02622020151595,34.345190227950866,D_insufficient_or_unstable_evidence,"{""academic_fit"": 19.36851219801872, ""balanced"": 14.885917189598525, ""labor_market"": 7.976107322890493, ""recruitment"": 33.98622652391604}","{""academic_fit"": 16.170972940786797, ""balanced"": 11.782713656848266, ""labor_market"": 6.681029973565078, ""recruitment"": 24.74418964294008}","{""academic_fit"": 21.628773266648256, ""balanced"": 17.272035622482214, ""labor_market"": 9.026709001781017, ""recruitment"": 41.02622020151595}","{""academic_fit"": {""country_opportunity"": 0.25, ""friendliness"": 0.15, ""labor_demand"": 0.15, ""program_fit"": 0.45}, ""balanced"": {""country_opportunity"": 0.3, ""friendliness"": 0.2, ""labor_demand"": 0.3, ""program_fit"": 0.2}, ""labor_market"": {""country_opportunity"": 0.2, ""friendliness"": 0.15, ""labor_demand"": 0.45, ""program_fit"": 0.2}, ""recruitment"": {""country_opportunity"": 0.4, ""friendliness"": 0.3, ""labor_demand"": 0.1, ""program_fit"": 0.2}}",uncertainty_adjusted_management_priority_index_not_predicted_student_count,not_identified_ex_ante,,,,"incremental qualified applications, offers and enrolments attributable to the recruitment intervention",requires_prospective_campaign_evaluation,24,pre_registered_country_program_campaign_with_matched_comparison_or_stepped_wedge_rollout,qualified_leads;applications;offers;enrolments;yield;cost_per_enrolment,regularized_relative_demand_signal_from_overlapping_queries_not_unique_vacancies,ppml_russia_inbound_structural_allocation_v3;friendliness_receptivity_ex_ante_v3;trudvsem_program_demand_v4;mgimo_program_profiles,calculated_uncertainty_aware_scenario_ensemble,targeted_digital_campaign_with_local_partner_validation,289,279.0,275.0,286.0,290.0,275.0,290.0,15.0
country_program_priority_evidence_v4,VUT,Vanuatu,East Asia & Pacific,legal_public,legal_public,Международное право и комплаенс,english_with_optional_russian_preparatory_module,CLDR indicates a material functional English-language environment.,4.967309658328945,4.967309658328945,-0.10409060066543437,4.161207116498346,39.15077959959014,0.9616666666666667,0.0,1.0,2023,5.639762568074264,5.639762568074264,0.6724529097453192,25.619660815621298,24.637573817689148,0.0,52.961111844171505,point_score multiplied by probability of positive structural gap,61.771839752769495,34.271839752769495,89.2718397527695,0.45,limited,False,32.92125773725888,"{""diplomatic_analytic"": 0.3079983886154681, ""economic_legal"": 0.338304372554212}",calculated_from_existing_mgimo_country_profile_scores,0.10086213539062265,0.051117223385315574,0.18544352358538052,1,1,12.488461647877317,25.63459944496243,7.447198834772682,20.53690063993964,16.512681143908477,16.512681143908477,7.447198834772682,25.63459944496243,7.447198834772682,25.63459944496243,18.187400610189748,3.496473580586959,38.78458477381265,35.28811119322569,D_insufficient_or_unstable_evidence,"{""academic_fit"": 20.53690063993964, ""balanced"": 12.488461647877317, ""labor_market"": 7.447198834772682, ""recruitment"": 25.63459944496243}","{""academic_fit"": 8.312906428002261, ""balanced"": 4.147190488678058, ""labor_market"": 3.496473580586959, ""recruitment"": 5.8636300873761265}","{""academic_fit"": 26.413514985247623, ""balanced"": 17.166114366844734, ""labor_market"": 9.435576243011095, ""recruitment"": 38.78458477381265}","{""academic_fit"": {""country_opportunity"": 0.25, ""friendliness"": 0.15, ""labor_demand"": 0.15, ""program_fit"": 0.45}, ""balanced"": {""country_opportunity"": 0.3, ""friendliness"": 0.2, ""labor_demand"": 0.3, ""program_fit"": 0.2}, ""labor_market"": {""country_opportunity"": 0.2, ""friendliness"": 0.15, ""labor_demand"": 0.45, ""program_fit"": 0.2}, ""recruitment"": {""country_opportunity"": 0.4, ""friendliness"": 0.3, ""labor_demand"": 0.1, ""program_fit"": 0.2}}",uncertainty_adjusted_management_priority_index_not_predicted_student_count,not_identified_ex_ante,,,,"incremental qualified applications, offers and enrolments attributable to the recruitment intervention",requires_prospective_campaign_evaluation,24,pre_registered_country_program_campaign_with_matched_comparison_or_stepped_wedge_rollout,qualified_leads;applications;offers;enrolments;yield;cost_per_enrolment,regularized_relative_demand_signal_from_overlapping_queries_not_unique_vacancies,ppml_russia_inbound_structural_allocation_v3;friendliness_receptivity_ex_ante_v3;trudvsem_program_demand_v4;mgimo_program_profiles,calculated_uncertainty_aware_scenario_ensemble,targeted_digital_campaign_with_local_partner_validation,290,298.0,300.0,296.0,283.0,283.0,300.0,17.0
country_program_priority_evidence_v4,MLI,Mali,Sub-Saharan Africa,legal_public,legal_public,Международное право и комплаенс,english_plus_russian_preparatory_year,No broad Russian or English functional-language signal is available in CLDR.,784.3979453296448,784.3979453296448,268.8487015801145,725.5983064700426,1402.6719095326164,1.0,0.98,196.0,2023,965.5455456755742,965.5455456755742,181.14760034592936,95.60874724951063,95.60874724951063,80.28641203932513,100.0,point_score multiplied by probability of positive structural gap,66.36127576000781,38.86127576000782,93.86127576000783,0.45,limited,False,10.403020790457843,"{""diplomatic_analytic"": 0.077879156818734, ""economic_legal"": 0.1152378012270832}",calculated_from_existing_mgimo_country_profile_scores,0.10086213539062265,0.051117223385315574,0.18544352358538052,1,1,15.163151899704502,35.79196764790124,7.8909131881348875,17.705703482377423,16.434427691040963,16.434427691040963,7.8909131881348875,35.79196764790124,7.8909131881348875,35.79196764790124,27.90105445976635,6.9009979440710385,40.67484757226799,33.773849628196956,D_insufficient_or_unstable_evidence,"{""academic_fit"": 17.705703482377423, ""balanced"": 15.163151899704502, ""labor_market"": 7.8909131881348875, ""recruitment"": 35.79196764790124}","{""academic_fit"": 15.565835232923634, ""balanced"": 12.784789455497316, ""labor_market"": 6.9009979440710385, ""recruitment"": 28.406665981812985}","{""academic_fit"": 19.05738932646027, ""balanced"": 16.82523250154744, ""labor_market"": 8.66476161913278, ""recruitment"": 40.67484757226799}","{""academic_fit"": {""country_opportunity"": 0.25, ""friendliness"": 0.15, ""labor_demand"": 0.15, ""program_fit"": 0.45}, ""balanced"": {""country_opportunity"": 0.3, ""friendliness"": 0.2, ""labor_demand"": 0.3, ""program_fit"": 0.2}, ""labor_market"": {""country_opportunity"": 0.2, ""friendliness"": 0.15, ""labor_demand"": 0.45, ""program_fit"": 0.2}, ""recruitment"": {""country_opportunity"": 0.4, ""friendliness"": 0.3, ""labor_demand"": 0.1, ""program_fit"": 0.2}}",uncertainty_adjusted_management_priority_index_not_predicted_student_count,not_identified_ex_ante,,,,"incremental qualified applications, offers and enrolments attributable to the recruitment intervention",requires_prospective_campaign_evaluation,24,pre_registered_country_program_campaign_with_matched_comparison_or_stepped_wedge_rollout,qualified_leads;applications;offers;enrolments;yield;cost_per_enrolment,regularized_relative_demand_signal_from_overlapping_queries_not_unique_vacancies,ppml_russia_inbound_structural_allocation_v3;friendliness_receptivity_ex_ante_v3;trudvsem_program_demand_v4;mgimo_program_profiles,calculated_uncertainty_aware_scenario_ensemble,digital_recruitment_scholarship_and_olympiad,291,276.0,268.0,288.0,293.0,268.0,293.0,25.0
country_program_priority_evidence_v4,TGO,Togo,Sub-Saharan Africa,legal_public,legal_public,Международное право и комплаенс,english_plus_russian_preparatory_year,No broad Russian or English functional-language signal is available in CLDR.,27.54025528774936,27.54025528774936,-21.434754805039717,21.559190490696373,102.7599583186691,0.7766666666666666,0.0,66.0,2023,81.65433936165209,81.65433936165209,54.11408407390273,48.06569520962609,37.33102327947626,0.0,66.57827509124455,point_score multiplied by probability of positive structural gap,63.080246193426106,35.5802461934261,90.5802461934261,0.45,limited,False,21.93335334939166,"{""diplomatic_analytic"": 0.2090227586663389, ""economic_legal"": 0.2237524369914499}",calculated_from_existing_mgimo_country_profile_scores,0.10086213539062265,0.051117223385315574,0.18544352358538052,1,1,13.082838409440194,28.01449827904453,7.486359312883439,19.100520341193434,16.091679375316815,16.091679375316815,7.486359312883439,28.01449827904453,7.486359312883439,28.01449827904453,20.52813896616109,3.2508890744135424,39.41155845261956,36.160669378206016,D_insufficient_or_unstable_evidence,"{""academic_fit"": 19.100520341193434, ""balanced"": 13.082838409440194, ""labor_market"": 7.486359312883439, ""recruitment"": 28.01449827904453}","{""academic_fit"": 7.008477700407033, ""balanced"": 3.8629297409725836, ""labor_market"": 3.2508890744135424, ""recruitment"": 5.481649224184829}","{""academic_fit"": 23.479735822248113, ""balanced"": 17.030950680478295, ""labor_market"": 9.14640064183067, ""recruitment"": 39.41155845261956}","{""academic_fit"": {""country_opportunity"": 0.25, ""friendliness"": 0.15, ""labor_demand"": 0.15, ""program_fit"": 0.45}, ""balanced"": {""country_opportunity"": 0.3, ""friendliness"": 0.2, ""labor_demand"": 0.3, ""program_fit"": 0.2}, ""labor_market"": {""country_opportunity"": 0.2, ""friendliness"": 0.15, ""labor_demand"": 0.45, ""program_fit"": 0.2}, ""recruitment"": {""country_opportunity"": 0.4, ""friendliness"": 0.3, ""labor_demand"": 0.1, ""program_fit"": 0.2}}",uncertainty_adjusted_management_priority_index_not_predicted_student_count,not_identified_ex_ante,,,,"incremental qualified applications, offers and enrolments attributable to the recruitment intervention",requires_prospective_campaign_evaluation,24,pre_registered_country_program_campaign_with_matched_comparison_or_stepped_wedge_rollout,qualified_leads;applications;offers;enrolments;yield;cost_per_enrolment,regularized_relative_demand_signal_from_overlapping_queries_not_unique_vacancies,ppml_russia_inbound_structural_allocation_v3;friendliness_receptivity_ex_ante_v3;trudvsem_program_demand_v4;mgimo_program_profiles,calculated_uncertainty_aware_scenario_ensemble,targeted_digital_campaign_with_local_partner_validation,292,297.0,297.0,294.0,291.0,291.0,297.0,6.0
country_program_priority_evidence_v4,TZA,"Tanzania, United Republic of",Sub-Saharan Africa,legal_public,legal_public,Международное право и комплаенс,english_with_optional_russian_preparatory_module,CLDR indicates a material functional English-language environment.,110.72059909148331,110.72059909148331,-53.3958723614936,99.1973263020007,436.4097605295827,0.8316666666666667,0.0016666666666666668,175.0,2023,252.4946197191707,252.4946197191707,141.77402062768738,67.63847444358663,56.25266457891622,0.0,87.21388940881273,point_score multiplied by probability of positive structural gap,63.54559861270263,36.04559861270264,91.04559861270265,0.45,limited,False,15.574273389758414,"{""diplomatic_analytic"": 0.1601941190988638, ""economic_legal"": 0.15383499738275}",calculated_from_existing_mgimo_country_profile_scores,0.10086213539062265,0.051117223385315574,0.18544352358538052,1,1,13.84833126957155,30.889941846100278,7.609996937016426,18.26471968934771,16.05652547945963,16.05652547945963,7.609996937016426,30.889941846100278,7.609996937016426,30.889941846100278,23.279944909083852,3.052242512002549,41.14994972613816,38.09770721413561,D_insufficient_or_unstable_evidence,"{""academic_fit"": 18.26471968934771, ""balanced"": 13.84833126957155, ""labor_market"": 7.609996937016426, ""recruitment"": 30.889941846100278}","{""academic_fit"": 6.067116241486855, ""balanced"": 3.6291773767405533, ""labor_market"": 3.052242512002549, ""recruitment"": 5.156459679265691}","{""academic_fit"": 21.701561170763593, ""balanced"": 17.30579213201551, ""labor_market"": 9.047316111285312, ""recruitment"": 41.14994972613816}","{""academic_fit"": {""country_opportunity"": 0.25, ""friendliness"": 0.15, ""labor_demand"": 0.15, ""program_fit"": 0.45}, ""balanced"": {""country_opportunity"": 0.3, ""friendliness"": 0.2, ""labor_demand"": 0.3, ""program_fit"": 0.2}, ""labor_market"": {""country_opportunity"": 0.2, ""friendliness"": 0.15, ""labor_demand"": 0.45, ""program_fit"": 0.2}, ""recruitment"": {""country_opportunity"": 0.4, ""friendliness"": 0.3, ""labor_demand"": 0.1, ""program_fit"": 0.2}}",uncertainty_adjusted_management_priority_index_not_predicted_student_count,not_identified_ex_ante,,,,"incremental qualified applications, offers and enrolments attributable to the recruitment intervention",requires_prospective_campaign_evaluation,24,pre_registered_country_program_campaign_with_matched_comparison_or_stepped_wedge_rollout,qualified_leads;applications;offers;enrolments;yield;cost_per_enrolment,regularized_relative_demand_signal_from_overlapping_queries_not_unique_vacancies,ppml_russia_inbound_structural_allocation_v3;friendliness_receptivity_ex_ante_v3;trudvsem_program_demand_v4;mgimo_program_profiles,calculated_uncertainty_aware_scenario_ensemble,targeted_digital_campaign_with_local_partner_validation,293,291.0,286.0,292.0,292.0,286.0,292.0,6.0
country_program_priority_evidence_v4,COM,Comoros,Sub-Saharan Africa,legal_public,legal_public,Международное право и комплаенс,english_plus_russian_preparatory_year,No broad Russian or English functional-language signal is available in CLDR.,62.71203980649686,62.71203980649686,5.010048404428561,56.4437042489474,197.3415730008163,0.99,0.0016666666666666668,27.0,2023,86.23551797335189,86.23551797335189,23.523478166855032,59.583423159682624,58.9875889280858,25.722016622918822,75.87082577977571,point_score multiplied by probability of positive structural gap,62.99280702509604,35.49280702509604,90.49280702509604,0.45,limited,False,13.979952230501691,"{""diplomatic_analytic"": 0.1530626083312581, ""economic_legal"": 0.134115342579485}",calculated_from_existing_mgimo_country_profile_scores,0.10086213539062265,0.051117223385315574,0.18544352358538052,1,1,13.738687537151458,30.76223717833495,7.5178297742113624,17.634099418841423,15.68639347799644,15.68639347799644,7.5178297742113624,30.76223717833495,7.5178297742113624,30.76223717833495,23.244407404123585,5.757430008064683,38.09688815852166,32.33945815045698,D_insufficient_or_unstable_evidence,"{""academic_fit"": 17.634099418841423, ""balanced"": 13.738687537151458, ""labor_market"": 7.5178297742113624, ""recruitment"": 30.76223717833495}","{""academic_fit"": 13.150867130927274, ""balanced"": 9.501196075454724, ""labor_market"": 5.757430008064683, ""recruitment"": 18.722149129129782}","{""academic_fit"": 20.01653400501494, ""balanced"": 16.253647124948692, ""labor_market"": 8.617622284014855, ""recruitment"": 38.09688815852166}","{""academic_fit"": {""country_opportunity"": 0.25, ""friendliness"": 0.15, ""labor_demand"": 0.15, ""program_fit"": 0.45}, ""balanced"": {""country_opportunity"": 0.3, ""friendliness"": 0.2, ""labor_demand"": 0.3, ""program_fit"": 0.2}, ""labor_market"": {""country_opportunity"": 0.2, ""friendliness"": 0.15, ""labor_demand"": 0.45, ""program_fit"": 0.2}, ""recruitment"": {""country_opportunity"": 0.4, ""friendliness"": 0.3, ""labor_demand"": 0.1, ""program_fit"": 0.2}}",uncertainty_adjusted_management_priority_index_not_predicted_student_count,not_identified_ex_ante,,,,"incremental qualified applications, offers and enrolments attributable to the recruitment intervention",requires_prospective_campaign_evaluation,24,pre_registered_country_program_campaign_with_matched_comparison_or_stepped_wedge_rollout,qualified_leads;applications;offers;enrolments;yield;cost_per_enrolment,regularized_relative_demand_signal_from_overlapping_queries_not_unique_vacancies,ppml_russia_inbound_structural_allocation_v3;friendliness_receptivity_ex_ante_v3;trudvsem_program_demand_v4;mgimo_program_profiles,calculated_uncertainty_aware_scenario_ensemble,targeted_digital_campaign_with_local_partner_validation,294,292.0,287.0,293.0,294.0,287.0,294.0,7.0
country_program_priority_evidence_v4,SYR,Syrian Arab Republic,Middle East & North Africa,legal_public,legal_public,Международное право и комплаенс,english_plus_russian_preparatory_year,No broad Russian or English functional-language signal is available in CLDR.,2790.011825756514,2790.011825756514,-934.5274782324938,2519.8290835864873,8793.305652129202,0.8966666666666666,0.8566666666666667,3672.0,2023,6331.500059389364,6331.500059389364,3541.4882336328496,100.0,89.66666666666666,0.0,100.0,point_score multiplied by probability of positive structural gap,67.47725890252876,39.97725890252875,94.97725890252876,0.45,limited,False,9.314238903319422,"{""diplomatic_analytic"": 0.1269650215251083, ""economic_legal"": 0.0786469751080882}",calculated_from_existing_mgimo_country_profile_scores,0.10086213539062265,0.051117223385315574,0.18544352358538052,1,1,14.629500970785902,34.37022117974988,7.655390853289434,16.698565627437805,15.664033299111853,15.664033299111853,7.655390853289434,34.37022117974988,7.655390853289434,34.37022117974988,26.71483032646045,2.818321395666157,40.00674357410758,37.18842217844143,D_insufficient_or_unstable_evidence,"{""academic_fit"": 16.698565627437805, ""balanced"": 14.629500970785902, ""labor_market"": 7.655390853289434, ""recruitment"": 34.37022117974988}","{""academic_fit"": 4.9757032197103, ""balanced"": 3.3679837698308157, ""labor_market"": 2.818321395666157, ""recruitment"": 4.83385979761619}","{""academic_fit"": 18.247908105119823, ""balanced"": 16.529526178575605, ""labor_market"": 8.507500443015756, ""recruitment"": 40.00674357410758}","{""academic_fit"": {""country_opportunity"": 0.25, ""friendliness"": 0.15, ""labor_demand"": 0.15, ""program_fit"": 0.45}, ""balanced"": {""country_opportunity"": 0.3, ""friendliness"": 0.2, ""labor_demand"": 0.3, ""program_fit"": 0.2}, ""labor_market"": {""country_opportunity"": 0.2, ""friendliness"": 0.15, ""labor_demand"": 0.45, ""program_fit"": 0.2}, ""recruitment"": {""country_opportunity"": 0.4, ""friendliness"": 0.3, ""labor_demand"": 0.1, ""program_fit"": 0.2}}",uncertainty_adjusted_management_priority_index_not_predicted_student_count,not_identified_ex_ante,,,,"incremental qualified applications, offers and enrolments attributable to the recruitment intervention",requires_prospective_campaign_evaluation,24,pre_registered_country_program_campaign_with_matched_comparison_or_stepped_wedge_rollout,qualified_leads;applications;offers;enrolments;yield;cost_per_enrolment,regularized_relative_demand_signal_from_overlapping_queries_not_unique_vacancies,ppml_russia_inbound_structural_allocation_v3;friendliness_receptivity_ex_ante_v3;trudvsem_program_demand_v4;mgimo_program_profiles,calculated_uncertainty_aware_scenario_ensemble,digital_recruitment_scholarship_and_olympiad,295,281.0,272.0,291.0,296.0,272.0,296.0,24.0
country_program_priority_evidence_v4,ETH,Ethiopia,Sub-Saharan Africa,legal_public,legal_public,Международное право и комплаенс,english_with_optional_russian_preparatory_module,CLDR indicates a material functional English-language environment.,237.7109403385557,237.7109403385557,-35.614619859247085,228.87440356259805,1019.0662780931459,0.9166666666666666,0.24166666666666667,167.0,2023,372.4911624234543,372.4911624234543,134.78022208489858,78.52792581965551,71.98393200135088,0.0,99.35829806271671,point_score multiplied by probability of positive structural gap,64.18877950397808,36.68877950397808,91.6887795039781,0.45,limited,False,10.829236408855788,"{""diplomatic_analytic"": 0.1480573857866045, ""economic_legal"": 0.0912502119322522}",calculated_from_existing_mgimo_country_profile_scores,0.10086213539062265,0.051117223385315574,0.18544352358538052,1,1,13.950590664853143,31.914351192926603,7.478614854897349,16.699436943929896,15.32501380439152,15.32501380439152,7.478614854897349,31.914351192926603,7.478614854897349,31.914351192926603,24.435736338029255,2.8605187454503924,40.58705307747777,37.72653433202738,D_insufficient_or_unstable_evidence,"{""academic_fit"": 16.699436943929896, ""balanced"": 13.950590664853143, ""labor_market"": 7.478614854897349, ""recruitment"": 31.914351192926603}","{""academic_fit"": 5.2262313434531995, ""balanced"": 3.4041424784199683, ""labor_market"": 2.8605187454503924, ""recruitment"": 4.845054937475451}","{""academic_fit"": 19.276743695616986, ""balanced"": 16.838587110877256, ""labor_market"": 8.687225427356218, ""recruitment"": 40.58705307747777}","{""academic_fit"": {""country_opportunity"": 0.25, ""friendliness"": 0.15, ""labor_demand"": 0.15, ""program_fit"": 0.45}, ""balanced"": {""country_opportunity"": 0.3, ""friendliness"": 0.2, ""labor_demand"": 0.3, ""program_fit"": 0.2}, ""labor_market"": {""country_opportunity"": 0.2, ""friendliness"": 0.15, ""labor_demand"": 0.45, ""program_fit"": 0.2}, ""recruitment"": {""country_opportunity"": 0.4, ""friendliness"": 0.3, ""labor_demand"": 0.1, ""program_fit"": 0.2}}",uncertainty_adjusted_management_priority_index_not_predicted_student_count,not_identified_ex_ante,,,,"incremental qualified applications, offers and enrolments attributable to the recruitment intervention",requires_prospective_campaign_evaluation,24,pre_registered_country_program_campaign_with_matched_comparison_or_stepped_wedge_rollout,qualified_leads;applications;offers;enrolments;yield;cost_per_enrolment,regularized_relative_demand_signal_from_overlapping_queries_not_unique_vacancies,ppml_russia_inbound_structural_allocation_v3;friendliness_receptivity_ex_ante_v3;trudvsem_program_demand_v4;mgimo_program_profiles,calculated_uncertainty_aware_scenario_ensemble,targeted_digital_campaign_with_local_partner_validation,296,289.0,282.0,295.0,295.0,282.0,295.0,13.0
country_program_priority_evidence_v4,BDI,Burundi,Sub-Saharan Africa,legal_public,legal_public,Международное право и комплаенс,english_with_optional_russian_preparatory_module,CLDR indicates a material functional English-language environment.,115.83485200969926,115.83485200969926,-40.58184297189573,93.74825770443982,343.0268859657819,0.9016666666666666,0.0,132.0,2023,263.81046575474204,263.81046575474204,147.97561374504278,68.28044190972848,61.566198455271845,0.0,83.7695685415752,point_score multiplied by probability of positive structural gap,65.48109903285359,37.98109903285359,92.98109903285359,0.45,limited,False,10.648919880712175,"{""diplomatic_analytic"": 0.0968219268580822, ""economic_legal"": 0.1106323153567101}",calculated_from_existing_mgimo_country_profile_scores,0.10086213539062265,0.051117223385315574,0.18544352358538052,1,1,13.332058375521688,30.09223298082509,7.250838973246913,16.005040708670407,14.668549542096049,14.668549542096049,7.250838973246913,30.09223298082509,7.250838973246913,30.09223298082509,22.841394007578177,2.8662026181163136,37.97799120787163,35.11178858975532,D_insufficient_or_unstable_evidence,"{""academic_fit"": 16.005040708670407, ""balanced"": 13.332058375521688, ""labor_market"": 7.250838973246913, ""recruitment"": 30.09223298082509}","{""academic_fit"": 5.216544989023425, ""balanced"": 3.4166612289712206, ""labor_market"": 2.8662026181163136, ""recruitment"": 4.879295233580529}","{""academic_fit"": 18.39100124449627, ""balanced"": 16.00221547645092, ""labor_market"": 8.390468689240748, ""recruitment"": 37.97799120787163}","{""academic_fit"": {""country_opportunity"": 0.25, ""friendliness"": 0.15, ""labor_demand"": 0.15, ""program_fit"": 0.45}, ""balanced"": {""country_opportunity"": 0.3, ""friendliness"": 0.2, ""labor_demand"": 0.3, ""program_fit"": 0.2}, ""labor_market"": {""country_opportunity"": 0.2, ""friendliness"": 0.15, ""labor_demand"": 0.45, ""program_fit"": 0.2}, ""recruitment"": {""country_opportunity"": 0.4, ""friendliness"": 0.3, ""labor_demand"": 0.1, ""program_fit"": 0.2}}",uncertainty_adjusted_management_priority_index_not_predicted_student_count,not_identified_ex_ante,,,,"incremental qualified applications, offers and enrolments attributable to the recruitment intervention",requires_prospective_campaign_evaluation,24,pre_registered_country_program_campaign_with_matched_comparison_or_stepped_wedge_rollout,qualified_leads;applications;offers;enrolments;yield;cost_per_enrolment,regularized_relative_demand_signal_from_overlapping_queries_not_unique_vacancies,ppml_russia_inbound_structural_allocation_v3;friendliness_receptivity_ex_ante_v3;trudvsem_program_demand_v4;mgimo_program_profiles,calculated_uncertainty_aware_scenario_ensemble,digital_recruitment_scholarship_and_olympiad,297,296.0,291.0,298.0,297.0,291.0,298.0,7.0
country_program_priority_evidence_v4,ERI,Eritrea,Sub-Saharan Africa,legal_public,legal_public,Международное право и комплаенс,english_with_optional_russian_preparatory_module,CLDR indicates a material functional English-language environment.,195.9947458691878,195.9947458691878,40.52980776177405,180.66371876455221,478.4797823562563,1.0,0.008333333333333333,53.0,2023,245.36928265380607,245.36928265380607,49.37453678461826,75.77310279482307,75.77310279482307,53.445446397693274,88.53096490236031,point_score multiplied by probability of positive structural gap,65.54245740648598,38.04245740648597,93.04245740648598,0.45,limited,False,8.73891062974644,"{""diplomatic_analytic"": 0.0579097707616168, ""economic_legal"": 0.1000231072413991}",calculated_from_existing_mgimo_country_profile_scores,0.10086213539062265,0.051117223385315574,0.18544352358538052,1,1,13.679904877616131,31.518626480733708,7.288986848344869,15.543017505176095,14.611461191396113,14.611461191396113,7.288986848344869,31.518626480733708,7.288986848344869,31.518626480733708,24.22963963238884,6.152428924699033,37.45892293826774,31.306494013568706,D_insufficient_or_unstable_evidence,"{""academic_fit"": 15.543017505176095, ""balanced"": 13.679904877616131, ""labor_market"": 7.288986848344869, ""recruitment"": 31.518626480733708}","{""academic_fit"": 13.076060846716395, ""balanced"": 10.938857024410368, ""labor_market"": 6.152428924699033, ""recruitment"": 23.301913527925432}","{""academic_fit"": 17.202134512190188, ""balanced"": 15.696460668566777, ""labor_market"": 8.185031241889607, ""recruitment"": 37.45892293826774}","{""academic_fit"": {""country_opportunity"": 0.25, ""friendliness"": 0.15, ""labor_demand"": 0.15, ""program_fit"": 0.45}, ""balanced"": {""country_opportunity"": 0.3, ""friendliness"": 0.2, ""labor_demand"": 0.3, ""program_fit"": 0.2}, ""labor_market"": {""country_opportunity"": 0.2, ""friendliness"": 0.15, ""labor_demand"": 0.45, ""program_fit"": 0.2}, ""recruitment"": {""country_opportunity"": 0.4, ""friendliness"": 0.3, ""labor_demand"": 0.1, ""program_fit"": 0.2}}",uncertainty_adjusted_management_priority_index_not_predicted_student_count,not_identified_ex_ante,,,,"incremental qualified applications, offers and enrolments attributable to the recruitment intervention",requires_prospective_campaign_evaluation,24,pre_registered_country_program_campaign_with_matched_comparison_or_stepped_wedge_rollout,qualified_leads;applications;offers;enrolments;yield;cost_per_enrolment,regularized_relative_demand_signal_from_overlapping_queries_not_unique_vacancies,ppml_russia_inbound_structural_allocation_v3;friendliness_receptivity_ex_ante_v3;trudvsem_program_demand_v4;mgimo_program_profiles,calculated_uncertainty_aware_scenario_ensemble,digital_recruitment_scholarship_and_olympiad,298,294.0,284.0,297.0,298.0,284.0,298.0,14.0
country_program_priority_evidence_v4,TCD,Chad,Sub-Saharan Africa,legal_public,legal_public,Международное право и комплаенс,english_plus_russian_preparatory_year,No broad Russian or English functional-language signal is available in CLDR.,249.21689641807836,249.21689641807836,-179.25725322112535,239.29088126939223,1145.3485649413915,0.8116666666666666,0.3416666666666667,411.0,2023,624.4313090311822,624.4313090311822,375.21441261310383,79.20308789517168,64.286506341581,0.0,100.0,point_score multiplied by probability of positive structural gap,63.776472473292976,36.276472473292976,91.27647247329298,0.45,limited,False,5.123831653631931,"{""diplomatic_analytic"": 0.0397154157173035, ""economic_legal"": 0.0561767026016118}",calculated_from_existing_mgimo_country_profile_scores,0.10086213539062265,0.051117223385315574,0.18544352358538052,1,1,11.812277542081077,26.70614041337608,6.405313272439941,12.064726388800175,11.938501965440626,11.938501965440626,6.405313272439941,26.70614041337608,6.405313272439941,26.70614041337608,20.30082714093614,2.503464945471968,35.62273059353366,33.11926564806169,D_insufficient_or_unstable_evidence,"{""academic_fit"": 12.064726388800175, ""balanced"": 11.812277542081077, ""labor_market"": 6.405313272439941, ""recruitment"": 26.70614041337608}","{""academic_fit"": 3.8797342584621237, ""balanced"": 2.977594695715236, ""labor_market"": 2.503464945471968, ""recruitment"": 4.233297912512514}","{""academic_fit"": 14.347135731868937, ""balanced"": 14.776179026083103, ""labor_market"": 7.620045910972584, ""recruitment"": 35.62273059353366}","{""academic_fit"": {""country_opportunity"": 0.25, ""friendliness"": 0.15, ""labor_demand"": 0.15, ""program_fit"": 0.45}, ""balanced"": {""country_opportunity"": 0.3, ""friendliness"": 0.2, ""labor_demand"": 0.3, ""program_fit"": 0.2}, ""labor_market"": {""country_opportunity"": 0.2, ""friendliness"": 0.15, ""labor_demand"": 0.45, ""program_fit"": 0.2}, ""recruitment"": {""country_opportunity"": 0.4, ""friendliness"": 0.3, ""labor_demand"": 0.1, ""program_fit"": 0.2}}",uncertainty_adjusted_management_priority_index_not_predicted_student_count,not_identified_ex_ante,,,,"incremental qualified applications, offers and enrolments attributable to the recruitment intervention",requires_prospective_campaign_evaluation,24,pre_registered_country_program_campaign_with_matched_comparison_or_stepped_wedge_rollout,qualified_leads;applications;offers;enrolments;yield;cost_per_enrolment,regularized_relative_demand_signal_from_overlapping_queries_not_unique_vacancies,ppml_russia_inbound_structural_allocation_v3;friendliness_receptivity_ex_ante_v3;trudvsem_program_demand_v4;mgimo_program_profiles,calculated_uncertainty_aware_scenario_ensemble,targeted_digital_campaign_with_local_partner_validation,299,299.0,298.0,299.0,299.0,298.0,299.0,1.0
country_program_priority_evidence_v4,CAF,Central African Republic,Sub-Saharan Africa,legal_public,legal_public,Международное право и комплаенс,english_plus_russian_preparatory_year,No broad Russian or English functional-language signal is available in CLDR.,123.42054049774369,123.42054049774369,22.46126247028651,113.99879700913861,284.0596213959581,1.0,0.0,54.0,2023,164.05831834064435,164.05831834064435,40.63777784290066,69.18265901550751,69.18265901550751,45.25510066467768,81.07290157844957,point_score multiplied by probability of positive structural gap,64.13768093741794,36.63768093741794,91.63768093741795,0.45,limited,False,3.592039012818008,"{""diplomatic_analytic"": 0.0300678464478951, ""economic_legal"": 0.0384286231340165}",calculated_from_existing_mgimo_country_profile_scores,0.10086213539062265,0.051117223385315574,0.18544352358538052,1,1,11.408670160994818,25.99528891210682,6.140169612234922,10.80123390251381,11.104952031754314,11.104952031754314,6.140169612234922,25.99528891210682,6.140169612234922,25.99528891210682,19.855119299871898,5.0956326673839865,30.987321942130876,25.891689274746888,D_insufficient_or_unstable_evidence,"{""academic_fit"": 10.80123390251381, ""balanced"": 11.408670160994818, ""labor_market"": 6.140169612234922, ""recruitment"": 25.99528891210682}","{""academic_fit"": 8.901478377092456, ""balanced"": 8.897081034826627, ""labor_market"": 5.0956326673839865, ""recruitment"": 18.5778548056419}","{""academic_fit"": 11.973782377738344, ""balanced"": 13.117814092083632, ""labor_market"": 6.905326843705654, ""recruitment"": 30.987321942130876}","{""academic_fit"": {""country_opportunity"": 0.25, ""friendliness"": 0.15, ""labor_demand"": 0.15, ""program_fit"": 0.45}, ""balanced"": {""country_opportunity"": 0.3, ""friendliness"": 0.2, ""labor_demand"": 0.3, ""program_fit"": 0.2}, ""labor_market"": {""country_opportunity"": 0.2, ""friendliness"": 0.15, ""labor_demand"": 0.45, ""program_fit"": 0.2}, ""recruitment"": {""country_opportunity"": 0.4, ""friendliness"": 0.3, ""labor_demand"": 0.1, ""program_fit"": 0.2}}",uncertainty_adjusted_management_priority_index_not_predicted_student_count,not_identified_ex_ante,,,,"incremental qualified applications, offers and enrolments attributable to the recruitment intervention",requires_prospective_campaign_evaluation,24,pre_registered_country_program_campaign_with_matched_comparison_or_stepped_wedge_rollout,qualified_leads;applications;offers;enrolments;yield;cost_per_enrolment,regularized_relative_demand_signal_from_overlapping_queries_not_unique_vacancies,ppml_russia_inbound_structural_allocation_v3;friendliness_receptivity_ex_ante_v3;trudvsem_program_demand_v4;mgimo_program_profiles,calculated_uncertainty_aware_scenario_ensemble,targeted_digital_campaign_with_local_partner_validation,300,300.0,299.0,300.0,300.0,299.0,300.0,1.0
