iso3,country,macroregion,program_group,teaching_language,recruitment_instrument,expected_effect_type,expected_effect_value,expected_effect_unit,evidence_basis,source_key,source_title,source_url_or_file,retrieved_at,source_period,raw_value,unit,observation_status,license_or_terms,sha256_or_etag,transform_script
UKR,Ukraine,,digital_analytics,aggregate_all_languages,verified_inbound_plus_program_market_review,modelled_directional_priority,14324.055393934537,students_modelled_gap,"UIS latest actual, PPML 2026 potential, Trudvsem keyword count for program market signal",unesco_uis_opri_202602;ppml_russia_inbound_uis_opri_wpp_distance_v1;trudvsem_open_data_api,"UIS observed flow, PPML model, Работа России vacancy keyword count",docs/data/mgimo_platform2_payload.json,2026-06-18T14:59:14+00:00,actual=2023;potential=2026;vacancy=2026-06-18,"{""gap_abs"": 14324.055393934537, ""keyword"": ""SQL"", ""vacancies_found"": 736}",management_signal,calculated,See component source passports,9c9dbefb1431eedb,scripts/build_platform2_artifacts.py::build_country_program_matrix
UKR,Ukraine,,digital_analytics,aggregate_all_languages,verified_inbound_plus_program_market_review,modelled_directional_priority,14324.055393934537,students_modelled_gap,"UIS latest actual, PPML 2026 potential, Trudvsem keyword count for program market signal",unesco_uis_opri_202602;ppml_russia_inbound_uis_opri_wpp_distance_v1;trudvsem_open_data_api,"UIS observed flow, PPML model, Работа России vacancy keyword count",docs/data/mgimo_platform2_payload.json,2026-06-18T14:59:14+00:00,actual=2023;potential=2026;vacancy=2026-06-18,"{""gap_abs"": 14324.055393934537, ""keyword"": ""Python"", ""vacancies_found"": 425}",management_signal,calculated,See component source passports,9c9dbefb1431eedb,scripts/build_platform2_artifacts.py::build_country_program_matrix
UKR,Ukraine,,digital_analytics,aggregate_all_languages,verified_inbound_plus_program_market_review,modelled_directional_priority,14324.055393934537,students_modelled_gap,"UIS latest actual, PPML 2026 potential, Trudvsem keyword count for program market signal",unesco_uis_opri_202602;ppml_russia_inbound_uis_opri_wpp_distance_v1;trudvsem_open_data_api,"UIS observed flow, PPML model, Работа России vacancy keyword count",docs/data/mgimo_platform2_payload.json,2026-06-18T14:59:14+00:00,actual=2023;potential=2026;vacancy=2026-06-18,"{""gap_abs"": 14324.055393934537, ""keyword"": ""аналитик"", ""vacancies_found"": 1636}",management_signal,calculated,See component source passports,9c9dbefb1431eedb,scripts/build_platform2_artifacts.py::build_country_program_matrix
UKR,Ukraine,,international_economics,aggregate_all_languages,verified_inbound_plus_program_market_review,modelled_directional_priority,14324.055393934537,students_modelled_gap,"UIS latest actual, PPML 2026 potential, Trudvsem keyword count for program market signal",unesco_uis_opri_202602;ppml_russia_inbound_uis_opri_wpp_distance_v1;trudvsem_open_data_api,"UIS observed flow, PPML model, Работа России vacancy keyword count",docs/data/mgimo_platform2_payload.json,2026-06-18T14:59:14+00:00,actual=2023;potential=2026;vacancy=2026-06-18,"{""gap_abs"": 14324.055393934537, ""keyword"": ""международная экономика"", ""vacancies_found"": 140}",management_signal,calculated,See component source passports,f8377d01af5951b3,scripts/build_platform2_artifacts.py::build_country_program_matrix
UKR,Ukraine,,international_economics,aggregate_all_languages,verified_inbound_plus_program_market_review,modelled_directional_priority,14324.055393934537,students_modelled_gap,"UIS latest actual, PPML 2026 potential, Trudvsem keyword count for program market signal",unesco_uis_opri_202602;ppml_russia_inbound_uis_opri_wpp_distance_v1;trudvsem_open_data_api,"UIS observed flow, PPML model, Работа России vacancy keyword count",docs/data/mgimo_platform2_payload.json,2026-06-18T14:59:14+00:00,actual=2023;potential=2026;vacancy=2026-06-18,"{""gap_abs"": 14324.055393934537, ""keyword"": ""финансовый аналитик"", ""vacancies_found"": 251}",management_signal,calculated,See component source passports,f8377d01af5951b3,scripts/build_platform2_artifacts.py::build_country_program_matrix
UKR,Ukraine,,management_public,aggregate_all_languages,verified_inbound_plus_program_market_review,modelled_directional_priority,14324.055393934537,students_modelled_gap,"UIS latest actual, PPML 2026 potential, Trudvsem keyword count for program market signal",unesco_uis_opri_202602;ppml_russia_inbound_uis_opri_wpp_distance_v1;trudvsem_open_data_api,"UIS observed flow, PPML model, Работа России vacancy keyword count",docs/data/mgimo_platform2_payload.json,2026-06-18T14:59:14+00:00,actual=2023;potential=2026;vacancy=2026-06-18,"{""gap_abs"": 14324.055393934537, ""keyword"": ""управление проектами"", ""vacancies_found"": 2949}",management_signal,calculated,See component source passports,928777d3315e05aa,scripts/build_platform2_artifacts.py::build_country_program_matrix
UKR,Ukraine,,management_public,aggregate_all_languages,verified_inbound_plus_program_market_review,modelled_directional_priority,14324.055393934537,students_modelled_gap,"UIS latest actual, PPML 2026 potential, Trudvsem keyword count for program market signal",unesco_uis_opri_202602;ppml_russia_inbound_uis_opri_wpp_distance_v1;trudvsem_open_data_api,"UIS observed flow, PPML model, Работа России vacancy keyword count",docs/data/mgimo_platform2_payload.json,2026-06-18T14:59:14+00:00,actual=2023;potential=2026;vacancy=2026-06-18,"{""gap_abs"": 14324.055393934537, ""keyword"": ""государственное управление"", ""vacancies_found"": 10885}",management_signal,calculated,See component source passports,928777d3315e05aa,scripts/build_platform2_artifacts.py::build_country_program_matrix
UKR,Ukraine,,languages_regional,aggregate_all_languages,verified_inbound_plus_program_market_review,modelled_directional_priority,14324.055393934537,students_modelled_gap,"UIS latest actual, PPML 2026 potential, Trudvsem keyword count for program market signal",unesco_uis_opri_202602;ppml_russia_inbound_uis_opri_wpp_distance_v1;trudvsem_open_data_api,"UIS observed flow, PPML model, Работа России vacancy keyword count",docs/data/mgimo_platform2_payload.json,2026-06-18T14:59:14+00:00,actual=2023;potential=2026;vacancy=2026-06-18,"{""gap_abs"": 14324.055393934537, ""keyword"": ""английский язык"", ""vacancies_found"": 4211}",management_signal,calculated,See component source passports,4a36fc04e0aed958,scripts/build_platform2_artifacts.py::build_country_program_matrix
UKR,Ukraine,,languages_regional,aggregate_all_languages,verified_inbound_plus_program_market_review,modelled_directional_priority,14324.055393934537,students_modelled_gap,"UIS latest actual, PPML 2026 potential, Trudvsem keyword count for program market signal",unesco_uis_opri_202602;ppml_russia_inbound_uis_opri_wpp_distance_v1;trudvsem_open_data_api,"UIS observed flow, PPML model, Работа России vacancy keyword count",docs/data/mgimo_platform2_payload.json,2026-06-18T14:59:14+00:00,actual=2023;potential=2026;vacancy=2026-06-18,"{""gap_abs"": 14324.055393934537, ""keyword"": ""китайский язык"", ""vacancies_found"": 2809}",management_signal,calculated,See component source passports,4a36fc04e0aed958,scripts/build_platform2_artifacts.py::build_country_program_matrix
UKR,Ukraine,,legal_public,aggregate_all_languages,verified_inbound_plus_program_market_review,modelled_directional_priority,14324.055393934537,students_modelled_gap,"UIS latest actual, PPML 2026 potential, Trudvsem keyword count for program market signal",unesco_uis_opri_202602;ppml_russia_inbound_uis_opri_wpp_distance_v1;trudvsem_open_data_api,"UIS observed flow, PPML model, Работа России vacancy keyword count",docs/data/mgimo_platform2_payload.json,2026-06-18T14:59:14+00:00,actual=2023;potential=2026;vacancy=2026-06-18,"{""gap_abs"": 14324.055393934537, ""keyword"": ""юрист международное право"", ""vacancies_found"": 1}",management_signal,calculated,See component source passports,b6697c49761b2270,scripts/build_platform2_artifacts.py::build_country_program_matrix
TUR,Türkiye,,digital_analytics,aggregate_all_languages,verified_inbound_plus_program_market_review,modelled_directional_priority,8766.644878406214,students_modelled_gap,"UIS latest actual, PPML 2026 potential, Trudvsem keyword count for program market signal",unesco_uis_opri_202602;ppml_russia_inbound_uis_opri_wpp_distance_v1;trudvsem_open_data_api,"UIS observed flow, PPML model, Работа России vacancy keyword count",docs/data/mgimo_platform2_payload.json,2026-06-18T14:59:14+00:00,actual=2023;potential=2026;vacancy=2026-06-18,"{""gap_abs"": 8766.644878406214, ""keyword"": ""SQL"", ""vacancies_found"": 736}",management_signal,calculated,See component source passports,a10f6c358e73c049,scripts/build_platform2_artifacts.py::build_country_program_matrix
TUR,Türkiye,,digital_analytics,aggregate_all_languages,verified_inbound_plus_program_market_review,modelled_directional_priority,8766.644878406214,students_modelled_gap,"UIS latest actual, PPML 2026 potential, Trudvsem keyword count for program market signal",unesco_uis_opri_202602;ppml_russia_inbound_uis_opri_wpp_distance_v1;trudvsem_open_data_api,"UIS observed flow, PPML model, Работа России vacancy keyword count",docs/data/mgimo_platform2_payload.json,2026-06-18T14:59:14+00:00,actual=2023;potential=2026;vacancy=2026-06-18,"{""gap_abs"": 8766.644878406214, ""keyword"": ""Python"", ""vacancies_found"": 425}",management_signal,calculated,See component source passports,a10f6c358e73c049,scripts/build_platform2_artifacts.py::build_country_program_matrix
TUR,Türkiye,,digital_analytics,aggregate_all_languages,verified_inbound_plus_program_market_review,modelled_directional_priority,8766.644878406214,students_modelled_gap,"UIS latest actual, PPML 2026 potential, Trudvsem keyword count for program market signal",unesco_uis_opri_202602;ppml_russia_inbound_uis_opri_wpp_distance_v1;trudvsem_open_data_api,"UIS observed flow, PPML model, Работа России vacancy keyword count",docs/data/mgimo_platform2_payload.json,2026-06-18T14:59:14+00:00,actual=2023;potential=2026;vacancy=2026-06-18,"{""gap_abs"": 8766.644878406214, ""keyword"": ""аналитик"", ""vacancies_found"": 1636}",management_signal,calculated,See component source passports,a10f6c358e73c049,scripts/build_platform2_artifacts.py::build_country_program_matrix
TUR,Türkiye,,international_economics,aggregate_all_languages,verified_inbound_plus_program_market_review,modelled_directional_priority,8766.644878406214,students_modelled_gap,"UIS latest actual, PPML 2026 potential, Trudvsem keyword count for program market signal",unesco_uis_opri_202602;ppml_russia_inbound_uis_opri_wpp_distance_v1;trudvsem_open_data_api,"UIS observed flow, PPML model, Работа России vacancy keyword count",docs/data/mgimo_platform2_payload.json,2026-06-18T14:59:14+00:00,actual=2023;potential=2026;vacancy=2026-06-18,"{""gap_abs"": 8766.644878406214, ""keyword"": ""международная экономика"", ""vacancies_found"": 140}",management_signal,calculated,See component source passports,1dd77bc74966f47d,scripts/build_platform2_artifacts.py::build_country_program_matrix
TUR,Türkiye,,international_economics,aggregate_all_languages,verified_inbound_plus_program_market_review,modelled_directional_priority,8766.644878406214,students_modelled_gap,"UIS latest actual, PPML 2026 potential, Trudvsem keyword count for program market signal",unesco_uis_opri_202602;ppml_russia_inbound_uis_opri_wpp_distance_v1;trudvsem_open_data_api,"UIS observed flow, PPML model, Работа России vacancy keyword count",docs/data/mgimo_platform2_payload.json,2026-06-18T14:59:14+00:00,actual=2023;potential=2026;vacancy=2026-06-18,"{""gap_abs"": 8766.644878406214, ""keyword"": ""финансовый аналитик"", ""vacancies_found"": 251}",management_signal,calculated,See component source passports,1dd77bc74966f47d,scripts/build_platform2_artifacts.py::build_country_program_matrix
TUR,Türkiye,,management_public,aggregate_all_languages,verified_inbound_plus_program_market_review,modelled_directional_priority,8766.644878406214,students_modelled_gap,"UIS latest actual, PPML 2026 potential, Trudvsem keyword count for program market signal",unesco_uis_opri_202602;ppml_russia_inbound_uis_opri_wpp_distance_v1;trudvsem_open_data_api,"UIS observed flow, PPML model, Работа России vacancy keyword count",docs/data/mgimo_platform2_payload.json,2026-06-18T14:59:14+00:00,actual=2023;potential=2026;vacancy=2026-06-18,"{""gap_abs"": 8766.644878406214, ""keyword"": ""управление проектами"", ""vacancies_found"": 2949}",management_signal,calculated,See component source passports,53dbe9a0b4a25a61,scripts/build_platform2_artifacts.py::build_country_program_matrix
TUR,Türkiye,,management_public,aggregate_all_languages,verified_inbound_plus_program_market_review,modelled_directional_priority,8766.644878406214,students_modelled_gap,"UIS latest actual, PPML 2026 potential, Trudvsem keyword count for program market signal",unesco_uis_opri_202602;ppml_russia_inbound_uis_opri_wpp_distance_v1;trudvsem_open_data_api,"UIS observed flow, PPML model, Работа России vacancy keyword count",docs/data/mgimo_platform2_payload.json,2026-06-18T14:59:14+00:00,actual=2023;potential=2026;vacancy=2026-06-18,"{""gap_abs"": 8766.644878406214, ""keyword"": ""государственное управление"", ""vacancies_found"": 10885}",management_signal,calculated,See component source passports,53dbe9a0b4a25a61,scripts/build_platform2_artifacts.py::build_country_program_matrix
TUR,Türkiye,,languages_regional,aggregate_all_languages,verified_inbound_plus_program_market_review,modelled_directional_priority,8766.644878406214,students_modelled_gap,"UIS latest actual, PPML 2026 potential, Trudvsem keyword count for program market signal",unesco_uis_opri_202602;ppml_russia_inbound_uis_opri_wpp_distance_v1;trudvsem_open_data_api,"UIS observed flow, PPML model, Работа России vacancy keyword count",docs/data/mgimo_platform2_payload.json,2026-06-18T14:59:14+00:00,actual=2023;potential=2026;vacancy=2026-06-18,"{""gap_abs"": 8766.644878406214, ""keyword"": ""английский язык"", ""vacancies_found"": 4211}",management_signal,calculated,See component source passports,126700e2eaa51289,scripts/build_platform2_artifacts.py::build_country_program_matrix
TUR,Türkiye,,languages_regional,aggregate_all_languages,verified_inbound_plus_program_market_review,modelled_directional_priority,8766.644878406214,students_modelled_gap,"UIS latest actual, PPML 2026 potential, Trudvsem keyword count for program market signal",unesco_uis_opri_202602;ppml_russia_inbound_uis_opri_wpp_distance_v1;trudvsem_open_data_api,"UIS observed flow, PPML model, Работа России vacancy keyword count",docs/data/mgimo_platform2_payload.json,2026-06-18T14:59:14+00:00,actual=2023;potential=2026;vacancy=2026-06-18,"{""gap_abs"": 8766.644878406214, ""keyword"": ""китайский язык"", ""vacancies_found"": 2809}",management_signal,calculated,See component source passports,126700e2eaa51289,scripts/build_platform2_artifacts.py::build_country_program_matrix
TUR,Türkiye,,legal_public,aggregate_all_languages,verified_inbound_plus_program_market_review,modelled_directional_priority,8766.644878406214,students_modelled_gap,"UIS latest actual, PPML 2026 potential, Trudvsem keyword count for program market signal",unesco_uis_opri_202602;ppml_russia_inbound_uis_opri_wpp_distance_v1;trudvsem_open_data_api,"UIS observed flow, PPML model, Работа России vacancy keyword count",docs/data/mgimo_platform2_payload.json,2026-06-18T14:59:14+00:00,actual=2023;potential=2026;vacancy=2026-06-18,"{""gap_abs"": 8766.644878406214, ""keyword"": ""юрист международное право"", ""vacancies_found"": 1}",management_signal,calculated,See component source passports,3ff545ed929b107e,scripts/build_platform2_artifacts.py::build_country_program_matrix
POL,Poland,,digital_analytics,aggregate_all_languages,verified_inbound_plus_program_market_review,modelled_directional_priority,8495.791330275892,students_modelled_gap,"UIS latest actual, PPML 2026 potential, Trudvsem keyword count for program market signal",unesco_uis_opri_202602;ppml_russia_inbound_uis_opri_wpp_distance_v1;trudvsem_open_data_api,"UIS observed flow, PPML model, Работа России vacancy keyword count",docs/data/mgimo_platform2_payload.json,2026-06-18T14:59:14+00:00,actual=2023;potential=2026;vacancy=2026-06-18,"{""gap_abs"": 8495.791330275892, ""keyword"": ""SQL"", ""vacancies_found"": 736}",management_signal,calculated,See component source passports,6e286e6efbd43ebc,scripts/build_platform2_artifacts.py::build_country_program_matrix
POL,Poland,,digital_analytics,aggregate_all_languages,verified_inbound_plus_program_market_review,modelled_directional_priority,8495.791330275892,students_modelled_gap,"UIS latest actual, PPML 2026 potential, Trudvsem keyword count for program market signal",unesco_uis_opri_202602;ppml_russia_inbound_uis_opri_wpp_distance_v1;trudvsem_open_data_api,"UIS observed flow, PPML model, Работа России vacancy keyword count",docs/data/mgimo_platform2_payload.json,2026-06-18T14:59:14+00:00,actual=2023;potential=2026;vacancy=2026-06-18,"{""gap_abs"": 8495.791330275892, ""keyword"": ""Python"", ""vacancies_found"": 425}",management_signal,calculated,See component source passports,6e286e6efbd43ebc,scripts/build_platform2_artifacts.py::build_country_program_matrix
POL,Poland,,digital_analytics,aggregate_all_languages,verified_inbound_plus_program_market_review,modelled_directional_priority,8495.791330275892,students_modelled_gap,"UIS latest actual, PPML 2026 potential, Trudvsem keyword count for program market signal",unesco_uis_opri_202602;ppml_russia_inbound_uis_opri_wpp_distance_v1;trudvsem_open_data_api,"UIS observed flow, PPML model, Работа России vacancy keyword count",docs/data/mgimo_platform2_payload.json,2026-06-18T14:59:14+00:00,actual=2023;potential=2026;vacancy=2026-06-18,"{""gap_abs"": 8495.791330275892, ""keyword"": ""аналитик"", ""vacancies_found"": 1636}",management_signal,calculated,See component source passports,6e286e6efbd43ebc,scripts/build_platform2_artifacts.py::build_country_program_matrix
POL,Poland,,international_economics,aggregate_all_languages,verified_inbound_plus_program_market_review,modelled_directional_priority,8495.791330275892,students_modelled_gap,"UIS latest actual, PPML 2026 potential, Trudvsem keyword count for program market signal",unesco_uis_opri_202602;ppml_russia_inbound_uis_opri_wpp_distance_v1;trudvsem_open_data_api,"UIS observed flow, PPML model, Работа России vacancy keyword count",docs/data/mgimo_platform2_payload.json,2026-06-18T14:59:14+00:00,actual=2023;potential=2026;vacancy=2026-06-18,"{""gap_abs"": 8495.791330275892, ""keyword"": ""международная экономика"", ""vacancies_found"": 140}",management_signal,calculated,See component source passports,3bf461003507f838,scripts/build_platform2_artifacts.py::build_country_program_matrix
POL,Poland,,international_economics,aggregate_all_languages,verified_inbound_plus_program_market_review,modelled_directional_priority,8495.791330275892,students_modelled_gap,"UIS latest actual, PPML 2026 potential, Trudvsem keyword count for program market signal",unesco_uis_opri_202602;ppml_russia_inbound_uis_opri_wpp_distance_v1;trudvsem_open_data_api,"UIS observed flow, PPML model, Работа России vacancy keyword count",docs/data/mgimo_platform2_payload.json,2026-06-18T14:59:14+00:00,actual=2023;potential=2026;vacancy=2026-06-18,"{""gap_abs"": 8495.791330275892, ""keyword"": ""финансовый аналитик"", ""vacancies_found"": 251}",management_signal,calculated,See component source passports,3bf461003507f838,scripts/build_platform2_artifacts.py::build_country_program_matrix
POL,Poland,,management_public,aggregate_all_languages,verified_inbound_plus_program_market_review,modelled_directional_priority,8495.791330275892,students_modelled_gap,"UIS latest actual, PPML 2026 potential, Trudvsem keyword count for program market signal",unesco_uis_opri_202602;ppml_russia_inbound_uis_opri_wpp_distance_v1;trudvsem_open_data_api,"UIS observed flow, PPML model, Работа России vacancy keyword count",docs/data/mgimo_platform2_payload.json,2026-06-18T14:59:14+00:00,actual=2023;potential=2026;vacancy=2026-06-18,"{""gap_abs"": 8495.791330275892, ""keyword"": ""управление проектами"", ""vacancies_found"": 2949}",management_signal,calculated,See component source passports,c154b7330a449b4d,scripts/build_platform2_artifacts.py::build_country_program_matrix
POL,Poland,,management_public,aggregate_all_languages,verified_inbound_plus_program_market_review,modelled_directional_priority,8495.791330275892,students_modelled_gap,"UIS latest actual, PPML 2026 potential, Trudvsem keyword count for program market signal",unesco_uis_opri_202602;ppml_russia_inbound_uis_opri_wpp_distance_v1;trudvsem_open_data_api,"UIS observed flow, PPML model, Работа России vacancy keyword count",docs/data/mgimo_platform2_payload.json,2026-06-18T14:59:14+00:00,actual=2023;potential=2026;vacancy=2026-06-18,"{""gap_abs"": 8495.791330275892, ""keyword"": ""государственное управление"", ""vacancies_found"": 10885}",management_signal,calculated,See component source passports,c154b7330a449b4d,scripts/build_platform2_artifacts.py::build_country_program_matrix
POL,Poland,,languages_regional,aggregate_all_languages,verified_inbound_plus_program_market_review,modelled_directional_priority,8495.791330275892,students_modelled_gap,"UIS latest actual, PPML 2026 potential, Trudvsem keyword count for program market signal",unesco_uis_opri_202602;ppml_russia_inbound_uis_opri_wpp_distance_v1;trudvsem_open_data_api,"UIS observed flow, PPML model, Работа России vacancy keyword count",docs/data/mgimo_platform2_payload.json,2026-06-18T14:59:14+00:00,actual=2023;potential=2026;vacancy=2026-06-18,"{""gap_abs"": 8495.791330275892, ""keyword"": ""английский язык"", ""vacancies_found"": 4211}",management_signal,calculated,See component source passports,dc248544fd2a8535,scripts/build_platform2_artifacts.py::build_country_program_matrix
POL,Poland,,languages_regional,aggregate_all_languages,verified_inbound_plus_program_market_review,modelled_directional_priority,8495.791330275892,students_modelled_gap,"UIS latest actual, PPML 2026 potential, Trudvsem keyword count for program market signal",unesco_uis_opri_202602;ppml_russia_inbound_uis_opri_wpp_distance_v1;trudvsem_open_data_api,"UIS observed flow, PPML model, Работа России vacancy keyword count",docs/data/mgimo_platform2_payload.json,2026-06-18T14:59:14+00:00,actual=2023;potential=2026;vacancy=2026-06-18,"{""gap_abs"": 8495.791330275892, ""keyword"": ""китайский язык"", ""vacancies_found"": 2809}",management_signal,calculated,See component source passports,dc248544fd2a8535,scripts/build_platform2_artifacts.py::build_country_program_matrix
POL,Poland,,legal_public,aggregate_all_languages,verified_inbound_plus_program_market_review,modelled_directional_priority,8495.791330275892,students_modelled_gap,"UIS latest actual, PPML 2026 potential, Trudvsem keyword count for program market signal",unesco_uis_opri_202602;ppml_russia_inbound_uis_opri_wpp_distance_v1;trudvsem_open_data_api,"UIS observed flow, PPML model, Работа России vacancy keyword count",docs/data/mgimo_platform2_payload.json,2026-06-18T14:59:14+00:00,actual=2023;potential=2026;vacancy=2026-06-18,"{""gap_abs"": 8495.791330275892, ""keyword"": ""юрист международное право"", ""vacancies_found"": 1}",management_signal,calculated,See component source passports,b97da9146a4ab0ef,scripts/build_platform2_artifacts.py::build_country_program_matrix
DEU,Germany,,digital_analytics,aggregate_all_languages,verified_inbound_plus_program_market_review,modelled_directional_priority,6863.873087546688,students_modelled_gap,"UIS latest actual, PPML 2026 potential, Trudvsem keyword count for program market signal",unesco_uis_opri_202602;ppml_russia_inbound_uis_opri_wpp_distance_v1;trudvsem_open_data_api,"UIS observed flow, PPML model, Работа России vacancy keyword count",docs/data/mgimo_platform2_payload.json,2026-06-18T14:59:14+00:00,actual=2023;potential=2026;vacancy=2026-06-18,"{""gap_abs"": 6863.873087546688, ""keyword"": ""SQL"", ""vacancies_found"": 736}",management_signal,calculated,See component source passports,caf02494343c5693,scripts/build_platform2_artifacts.py::build_country_program_matrix
DEU,Germany,,digital_analytics,aggregate_all_languages,verified_inbound_plus_program_market_review,modelled_directional_priority,6863.873087546688,students_modelled_gap,"UIS latest actual, PPML 2026 potential, Trudvsem keyword count for program market signal",unesco_uis_opri_202602;ppml_russia_inbound_uis_opri_wpp_distance_v1;trudvsem_open_data_api,"UIS observed flow, PPML model, Работа России vacancy keyword count",docs/data/mgimo_platform2_payload.json,2026-06-18T14:59:14+00:00,actual=2023;potential=2026;vacancy=2026-06-18,"{""gap_abs"": 6863.873087546688, ""keyword"": ""Python"", ""vacancies_found"": 425}",management_signal,calculated,See component source passports,caf02494343c5693,scripts/build_platform2_artifacts.py::build_country_program_matrix
DEU,Germany,,digital_analytics,aggregate_all_languages,verified_inbound_plus_program_market_review,modelled_directional_priority,6863.873087546688,students_modelled_gap,"UIS latest actual, PPML 2026 potential, Trudvsem keyword count for program market signal",unesco_uis_opri_202602;ppml_russia_inbound_uis_opri_wpp_distance_v1;trudvsem_open_data_api,"UIS observed flow, PPML model, Работа России vacancy keyword count",docs/data/mgimo_platform2_payload.json,2026-06-18T14:59:14+00:00,actual=2023;potential=2026;vacancy=2026-06-18,"{""gap_abs"": 6863.873087546688, ""keyword"": ""аналитик"", ""vacancies_found"": 1636}",management_signal,calculated,See component source passports,caf02494343c5693,scripts/build_platform2_artifacts.py::build_country_program_matrix
DEU,Germany,,international_economics,aggregate_all_languages,verified_inbound_plus_program_market_review,modelled_directional_priority,6863.873087546688,students_modelled_gap,"UIS latest actual, PPML 2026 potential, Trudvsem keyword count for program market signal",unesco_uis_opri_202602;ppml_russia_inbound_uis_opri_wpp_distance_v1;trudvsem_open_data_api,"UIS observed flow, PPML model, Работа России vacancy keyword count",docs/data/mgimo_platform2_payload.json,2026-06-18T14:59:14+00:00,actual=2023;potential=2026;vacancy=2026-06-18,"{""gap_abs"": 6863.873087546688, ""keyword"": ""международная экономика"", ""vacancies_found"": 140}",management_signal,calculated,See component source passports,ce13c8a6a4af382e,scripts/build_platform2_artifacts.py::build_country_program_matrix
DEU,Germany,,international_economics,aggregate_all_languages,verified_inbound_plus_program_market_review,modelled_directional_priority,6863.873087546688,students_modelled_gap,"UIS latest actual, PPML 2026 potential, Trudvsem keyword count for program market signal",unesco_uis_opri_202602;ppml_russia_inbound_uis_opri_wpp_distance_v1;trudvsem_open_data_api,"UIS observed flow, PPML model, Работа России vacancy keyword count",docs/data/mgimo_platform2_payload.json,2026-06-18T14:59:14+00:00,actual=2023;potential=2026;vacancy=2026-06-18,"{""gap_abs"": 6863.873087546688, ""keyword"": ""финансовый аналитик"", ""vacancies_found"": 251}",management_signal,calculated,See component source passports,ce13c8a6a4af382e,scripts/build_platform2_artifacts.py::build_country_program_matrix
DEU,Germany,,management_public,aggregate_all_languages,verified_inbound_plus_program_market_review,modelled_directional_priority,6863.873087546688,students_modelled_gap,"UIS latest actual, PPML 2026 potential, Trudvsem keyword count for program market signal",unesco_uis_opri_202602;ppml_russia_inbound_uis_opri_wpp_distance_v1;trudvsem_open_data_api,"UIS observed flow, PPML model, Работа России vacancy keyword count",docs/data/mgimo_platform2_payload.json,2026-06-18T14:59:14+00:00,actual=2023;potential=2026;vacancy=2026-06-18,"{""gap_abs"": 6863.873087546688, ""keyword"": ""управление проектами"", ""vacancies_found"": 2949}",management_signal,calculated,See component source passports,301ab0dc2e49539a,scripts/build_platform2_artifacts.py::build_country_program_matrix
DEU,Germany,,management_public,aggregate_all_languages,verified_inbound_plus_program_market_review,modelled_directional_priority,6863.873087546688,students_modelled_gap,"UIS latest actual, PPML 2026 potential, Trudvsem keyword count for program market signal",unesco_uis_opri_202602;ppml_russia_inbound_uis_opri_wpp_distance_v1;trudvsem_open_data_api,"UIS observed flow, PPML model, Работа России vacancy keyword count",docs/data/mgimo_platform2_payload.json,2026-06-18T14:59:14+00:00,actual=2023;potential=2026;vacancy=2026-06-18,"{""gap_abs"": 6863.873087546688, ""keyword"": ""государственное управление"", ""vacancies_found"": 10885}",management_signal,calculated,See component source passports,301ab0dc2e49539a,scripts/build_platform2_artifacts.py::build_country_program_matrix
DEU,Germany,,languages_regional,aggregate_all_languages,verified_inbound_plus_program_market_review,modelled_directional_priority,6863.873087546688,students_modelled_gap,"UIS latest actual, PPML 2026 potential, Trudvsem keyword count for program market signal",unesco_uis_opri_202602;ppml_russia_inbound_uis_opri_wpp_distance_v1;trudvsem_open_data_api,"UIS observed flow, PPML model, Работа России vacancy keyword count",docs/data/mgimo_platform2_payload.json,2026-06-18T14:59:14+00:00,actual=2023;potential=2026;vacancy=2026-06-18,"{""gap_abs"": 6863.873087546688, ""keyword"": ""английский язык"", ""vacancies_found"": 4211}",management_signal,calculated,See component source passports,eaecba3c14640647,scripts/build_platform2_artifacts.py::build_country_program_matrix
DEU,Germany,,languages_regional,aggregate_all_languages,verified_inbound_plus_program_market_review,modelled_directional_priority,6863.873087546688,students_modelled_gap,"UIS latest actual, PPML 2026 potential, Trudvsem keyword count for program market signal",unesco_uis_opri_202602;ppml_russia_inbound_uis_opri_wpp_distance_v1;trudvsem_open_data_api,"UIS observed flow, PPML model, Работа России vacancy keyword count",docs/data/mgimo_platform2_payload.json,2026-06-18T14:59:14+00:00,actual=2023;potential=2026;vacancy=2026-06-18,"{""gap_abs"": 6863.873087546688, ""keyword"": ""китайский язык"", ""vacancies_found"": 2809}",management_signal,calculated,See component source passports,eaecba3c14640647,scripts/build_platform2_artifacts.py::build_country_program_matrix
DEU,Germany,,legal_public,aggregate_all_languages,verified_inbound_plus_program_market_review,modelled_directional_priority,6863.873087546688,students_modelled_gap,"UIS latest actual, PPML 2026 potential, Trudvsem keyword count for program market signal",unesco_uis_opri_202602;ppml_russia_inbound_uis_opri_wpp_distance_v1;trudvsem_open_data_api,"UIS observed flow, PPML model, Работа России vacancy keyword count",docs/data/mgimo_platform2_payload.json,2026-06-18T14:59:14+00:00,actual=2023;potential=2026;vacancy=2026-06-18,"{""gap_abs"": 6863.873087546688, ""keyword"": ""юрист международное право"", ""vacancies_found"": 1}",management_signal,calculated,See component source passports,6dd56799de1c5480,scripts/build_platform2_artifacts.py::build_country_program_matrix
PAK,Pakistan,,digital_analytics,aggregate_all_languages,verified_inbound_plus_program_market_review,modelled_directional_priority,6563.369952620911,students_modelled_gap,"UIS latest actual, PPML 2026 potential, Trudvsem keyword count for program market signal",unesco_uis_opri_202602;ppml_russia_inbound_uis_opri_wpp_distance_v1;trudvsem_open_data_api,"UIS observed flow, PPML model, Работа России vacancy keyword count",docs/data/mgimo_platform2_payload.json,2026-06-18T14:59:14+00:00,actual=2023;potential=2026;vacancy=2026-06-18,"{""gap_abs"": 6563.369952620911, ""keyword"": ""SQL"", ""vacancies_found"": 736}",management_signal,calculated,See component source passports,db8e4eff82839a4e,scripts/build_platform2_artifacts.py::build_country_program_matrix
PAK,Pakistan,,digital_analytics,aggregate_all_languages,verified_inbound_plus_program_market_review,modelled_directional_priority,6563.369952620911,students_modelled_gap,"UIS latest actual, PPML 2026 potential, Trudvsem keyword count for program market signal",unesco_uis_opri_202602;ppml_russia_inbound_uis_opri_wpp_distance_v1;trudvsem_open_data_api,"UIS observed flow, PPML model, Работа России vacancy keyword count",docs/data/mgimo_platform2_payload.json,2026-06-18T14:59:14+00:00,actual=2023;potential=2026;vacancy=2026-06-18,"{""gap_abs"": 6563.369952620911, ""keyword"": ""Python"", ""vacancies_found"": 425}",management_signal,calculated,See component source passports,db8e4eff82839a4e,scripts/build_platform2_artifacts.py::build_country_program_matrix
PAK,Pakistan,,digital_analytics,aggregate_all_languages,verified_inbound_plus_program_market_review,modelled_directional_priority,6563.369952620911,students_modelled_gap,"UIS latest actual, PPML 2026 potential, Trudvsem keyword count for program market signal",unesco_uis_opri_202602;ppml_russia_inbound_uis_opri_wpp_distance_v1;trudvsem_open_data_api,"UIS observed flow, PPML model, Работа России vacancy keyword count",docs/data/mgimo_platform2_payload.json,2026-06-18T14:59:14+00:00,actual=2023;potential=2026;vacancy=2026-06-18,"{""gap_abs"": 6563.369952620911, ""keyword"": ""аналитик"", ""vacancies_found"": 1636}",management_signal,calculated,See component source passports,db8e4eff82839a4e,scripts/build_platform2_artifacts.py::build_country_program_matrix
PAK,Pakistan,,international_economics,aggregate_all_languages,verified_inbound_plus_program_market_review,modelled_directional_priority,6563.369952620911,students_modelled_gap,"UIS latest actual, PPML 2026 potential, Trudvsem keyword count for program market signal",unesco_uis_opri_202602;ppml_russia_inbound_uis_opri_wpp_distance_v1;trudvsem_open_data_api,"UIS observed flow, PPML model, Работа России vacancy keyword count",docs/data/mgimo_platform2_payload.json,2026-06-18T14:59:14+00:00,actual=2023;potential=2026;vacancy=2026-06-18,"{""gap_abs"": 6563.369952620911, ""keyword"": ""международная экономика"", ""vacancies_found"": 140}",management_signal,calculated,See component source passports,5affe1c26220c482,scripts/build_platform2_artifacts.py::build_country_program_matrix
PAK,Pakistan,,international_economics,aggregate_all_languages,verified_inbound_plus_program_market_review,modelled_directional_priority,6563.369952620911,students_modelled_gap,"UIS latest actual, PPML 2026 potential, Trudvsem keyword count for program market signal",unesco_uis_opri_202602;ppml_russia_inbound_uis_opri_wpp_distance_v1;trudvsem_open_data_api,"UIS observed flow, PPML model, Работа России vacancy keyword count",docs/data/mgimo_platform2_payload.json,2026-06-18T14:59:14+00:00,actual=2023;potential=2026;vacancy=2026-06-18,"{""gap_abs"": 6563.369952620911, ""keyword"": ""финансовый аналитик"", ""vacancies_found"": 251}",management_signal,calculated,See component source passports,5affe1c26220c482,scripts/build_platform2_artifacts.py::build_country_program_matrix
PAK,Pakistan,,management_public,aggregate_all_languages,verified_inbound_plus_program_market_review,modelled_directional_priority,6563.369952620911,students_modelled_gap,"UIS latest actual, PPML 2026 potential, Trudvsem keyword count for program market signal",unesco_uis_opri_202602;ppml_russia_inbound_uis_opri_wpp_distance_v1;trudvsem_open_data_api,"UIS observed flow, PPML model, Работа России vacancy keyword count",docs/data/mgimo_platform2_payload.json,2026-06-18T14:59:14+00:00,actual=2023;potential=2026;vacancy=2026-06-18,"{""gap_abs"": 6563.369952620911, ""keyword"": ""управление проектами"", ""vacancies_found"": 2949}",management_signal,calculated,See component source passports,2ca96e37bd0152fe,scripts/build_platform2_artifacts.py::build_country_program_matrix
PAK,Pakistan,,management_public,aggregate_all_languages,verified_inbound_plus_program_market_review,modelled_directional_priority,6563.369952620911,students_modelled_gap,"UIS latest actual, PPML 2026 potential, Trudvsem keyword count for program market signal",unesco_uis_opri_202602;ppml_russia_inbound_uis_opri_wpp_distance_v1;trudvsem_open_data_api,"UIS observed flow, PPML model, Работа России vacancy keyword count",docs/data/mgimo_platform2_payload.json,2026-06-18T14:59:14+00:00,actual=2023;potential=2026;vacancy=2026-06-18,"{""gap_abs"": 6563.369952620911, ""keyword"": ""государственное управление"", ""vacancies_found"": 10885}",management_signal,calculated,See component source passports,2ca96e37bd0152fe,scripts/build_platform2_artifacts.py::build_country_program_matrix
PAK,Pakistan,,languages_regional,aggregate_all_languages,verified_inbound_plus_program_market_review,modelled_directional_priority,6563.369952620911,students_modelled_gap,"UIS latest actual, PPML 2026 potential, Trudvsem keyword count for program market signal",unesco_uis_opri_202602;ppml_russia_inbound_uis_opri_wpp_distance_v1;trudvsem_open_data_api,"UIS observed flow, PPML model, Работа России vacancy keyword count",docs/data/mgimo_platform2_payload.json,2026-06-18T14:59:14+00:00,actual=2023;potential=2026;vacancy=2026-06-18,"{""gap_abs"": 6563.369952620911, ""keyword"": ""английский язык"", ""vacancies_found"": 4211}",management_signal,calculated,See component source passports,9c69e66038eba325,scripts/build_platform2_artifacts.py::build_country_program_matrix
PAK,Pakistan,,languages_regional,aggregate_all_languages,verified_inbound_plus_program_market_review,modelled_directional_priority,6563.369952620911,students_modelled_gap,"UIS latest actual, PPML 2026 potential, Trudvsem keyword count for program market signal",unesco_uis_opri_202602;ppml_russia_inbound_uis_opri_wpp_distance_v1;trudvsem_open_data_api,"UIS observed flow, PPML model, Работа России vacancy keyword count",docs/data/mgimo_platform2_payload.json,2026-06-18T14:59:14+00:00,actual=2023;potential=2026;vacancy=2026-06-18,"{""gap_abs"": 6563.369952620911, ""keyword"": ""китайский язык"", ""vacancies_found"": 2809}",management_signal,calculated,See component source passports,9c69e66038eba325,scripts/build_platform2_artifacts.py::build_country_program_matrix
PAK,Pakistan,,legal_public,aggregate_all_languages,verified_inbound_plus_program_market_review,modelled_directional_priority,6563.369952620911,students_modelled_gap,"UIS latest actual, PPML 2026 potential, Trudvsem keyword count for program market signal",unesco_uis_opri_202602;ppml_russia_inbound_uis_opri_wpp_distance_v1;trudvsem_open_data_api,"UIS observed flow, PPML model, Работа России vacancy keyword count",docs/data/mgimo_platform2_payload.json,2026-06-18T14:59:14+00:00,actual=2023;potential=2026;vacancy=2026-06-18,"{""gap_abs"": 6563.369952620911, ""keyword"": ""юрист международное право"", ""vacancies_found"": 1}",management_signal,calculated,See component source passports,5baf9fe546088481,scripts/build_platform2_artifacts.py::build_country_program_matrix
ROU,Romania,,digital_analytics,aggregate_all_languages,verified_inbound_plus_program_market_review,modelled_directional_priority,4923.832644372151,students_modelled_gap,"UIS latest actual, PPML 2026 potential, Trudvsem keyword count for program market signal",unesco_uis_opri_202602;ppml_russia_inbound_uis_opri_wpp_distance_v1;trudvsem_open_data_api,"UIS observed flow, PPML model, Работа России vacancy keyword count",docs/data/mgimo_platform2_payload.json,2026-06-18T14:59:14+00:00,actual=2023;potential=2026;vacancy=2026-06-18,"{""gap_abs"": 4923.832644372151, ""keyword"": ""SQL"", ""vacancies_found"": 736}",management_signal,calculated,See component source passports,c854b7b1928e7448,scripts/build_platform2_artifacts.py::build_country_program_matrix
ROU,Romania,,digital_analytics,aggregate_all_languages,verified_inbound_plus_program_market_review,modelled_directional_priority,4923.832644372151,students_modelled_gap,"UIS latest actual, PPML 2026 potential, Trudvsem keyword count for program market signal",unesco_uis_opri_202602;ppml_russia_inbound_uis_opri_wpp_distance_v1;trudvsem_open_data_api,"UIS observed flow, PPML model, Работа России vacancy keyword count",docs/data/mgimo_platform2_payload.json,2026-06-18T14:59:14+00:00,actual=2023;potential=2026;vacancy=2026-06-18,"{""gap_abs"": 4923.832644372151, ""keyword"": ""Python"", ""vacancies_found"": 425}",management_signal,calculated,See component source passports,c854b7b1928e7448,scripts/build_platform2_artifacts.py::build_country_program_matrix
ROU,Romania,,digital_analytics,aggregate_all_languages,verified_inbound_plus_program_market_review,modelled_directional_priority,4923.832644372151,students_modelled_gap,"UIS latest actual, PPML 2026 potential, Trudvsem keyword count for program market signal",unesco_uis_opri_202602;ppml_russia_inbound_uis_opri_wpp_distance_v1;trudvsem_open_data_api,"UIS observed flow, PPML model, Работа России vacancy keyword count",docs/data/mgimo_platform2_payload.json,2026-06-18T14:59:14+00:00,actual=2023;potential=2026;vacancy=2026-06-18,"{""gap_abs"": 4923.832644372151, ""keyword"": ""аналитик"", ""vacancies_found"": 1636}",management_signal,calculated,See component source passports,c854b7b1928e7448,scripts/build_platform2_artifacts.py::build_country_program_matrix
ROU,Romania,,international_economics,aggregate_all_languages,verified_inbound_plus_program_market_review,modelled_directional_priority,4923.832644372151,students_modelled_gap,"UIS latest actual, PPML 2026 potential, Trudvsem keyword count for program market signal",unesco_uis_opri_202602;ppml_russia_inbound_uis_opri_wpp_distance_v1;trudvsem_open_data_api,"UIS observed flow, PPML model, Работа России vacancy keyword count",docs/data/mgimo_platform2_payload.json,2026-06-18T14:59:14+00:00,actual=2023;potential=2026;vacancy=2026-06-18,"{""gap_abs"": 4923.832644372151, ""keyword"": ""международная экономика"", ""vacancies_found"": 140}",management_signal,calculated,See component source passports,354a905ec4ec4c5d,scripts/build_platform2_artifacts.py::build_country_program_matrix
ROU,Romania,,international_economics,aggregate_all_languages,verified_inbound_plus_program_market_review,modelled_directional_priority,4923.832644372151,students_modelled_gap,"UIS latest actual, PPML 2026 potential, Trudvsem keyword count for program market signal",unesco_uis_opri_202602;ppml_russia_inbound_uis_opri_wpp_distance_v1;trudvsem_open_data_api,"UIS observed flow, PPML model, Работа России vacancy keyword count",docs/data/mgimo_platform2_payload.json,2026-06-18T14:59:14+00:00,actual=2023;potential=2026;vacancy=2026-06-18,"{""gap_abs"": 4923.832644372151, ""keyword"": ""финансовый аналитик"", ""vacancies_found"": 251}",management_signal,calculated,See component source passports,354a905ec4ec4c5d,scripts/build_platform2_artifacts.py::build_country_program_matrix
ROU,Romania,,management_public,aggregate_all_languages,verified_inbound_plus_program_market_review,modelled_directional_priority,4923.832644372151,students_modelled_gap,"UIS latest actual, PPML 2026 potential, Trudvsem keyword count for program market signal",unesco_uis_opri_202602;ppml_russia_inbound_uis_opri_wpp_distance_v1;trudvsem_open_data_api,"UIS observed flow, PPML model, Работа России vacancy keyword count",docs/data/mgimo_platform2_payload.json,2026-06-18T14:59:14+00:00,actual=2023;potential=2026;vacancy=2026-06-18,"{""gap_abs"": 4923.832644372151, ""keyword"": ""управление проектами"", ""vacancies_found"": 2949}",management_signal,calculated,See component source passports,7a1ef1f97c4a555c,scripts/build_platform2_artifacts.py::build_country_program_matrix
ROU,Romania,,management_public,aggregate_all_languages,verified_inbound_plus_program_market_review,modelled_directional_priority,4923.832644372151,students_modelled_gap,"UIS latest actual, PPML 2026 potential, Trudvsem keyword count for program market signal",unesco_uis_opri_202602;ppml_russia_inbound_uis_opri_wpp_distance_v1;trudvsem_open_data_api,"UIS observed flow, PPML model, Работа России vacancy keyword count",docs/data/mgimo_platform2_payload.json,2026-06-18T14:59:14+00:00,actual=2023;potential=2026;vacancy=2026-06-18,"{""gap_abs"": 4923.832644372151, ""keyword"": ""государственное управление"", ""vacancies_found"": 10885}",management_signal,calculated,See component source passports,7a1ef1f97c4a555c,scripts/build_platform2_artifacts.py::build_country_program_matrix
ROU,Romania,,languages_regional,aggregate_all_languages,verified_inbound_plus_program_market_review,modelled_directional_priority,4923.832644372151,students_modelled_gap,"UIS latest actual, PPML 2026 potential, Trudvsem keyword count for program market signal",unesco_uis_opri_202602;ppml_russia_inbound_uis_opri_wpp_distance_v1;trudvsem_open_data_api,"UIS observed flow, PPML model, Работа России vacancy keyword count",docs/data/mgimo_platform2_payload.json,2026-06-18T14:59:14+00:00,actual=2023;potential=2026;vacancy=2026-06-18,"{""gap_abs"": 4923.832644372151, ""keyword"": ""английский язык"", ""vacancies_found"": 4211}",management_signal,calculated,See component source passports,fb233b5def929b07,scripts/build_platform2_artifacts.py::build_country_program_matrix
ROU,Romania,,languages_regional,aggregate_all_languages,verified_inbound_plus_program_market_review,modelled_directional_priority,4923.832644372151,students_modelled_gap,"UIS latest actual, PPML 2026 potential, Trudvsem keyword count for program market signal",unesco_uis_opri_202602;ppml_russia_inbound_uis_opri_wpp_distance_v1;trudvsem_open_data_api,"UIS observed flow, PPML model, Работа России vacancy keyword count",docs/data/mgimo_platform2_payload.json,2026-06-18T14:59:14+00:00,actual=2023;potential=2026;vacancy=2026-06-18,"{""gap_abs"": 4923.832644372151, ""keyword"": ""китайский язык"", ""vacancies_found"": 2809}",management_signal,calculated,See component source passports,fb233b5def929b07,scripts/build_platform2_artifacts.py::build_country_program_matrix
ROU,Romania,,legal_public,aggregate_all_languages,verified_inbound_plus_program_market_review,modelled_directional_priority,4923.832644372151,students_modelled_gap,"UIS latest actual, PPML 2026 potential, Trudvsem keyword count for program market signal",unesco_uis_opri_202602;ppml_russia_inbound_uis_opri_wpp_distance_v1;trudvsem_open_data_api,"UIS observed flow, PPML model, Работа России vacancy keyword count",docs/data/mgimo_platform2_payload.json,2026-06-18T14:59:14+00:00,actual=2023;potential=2026;vacancy=2026-06-18,"{""gap_abs"": 4923.832644372151, ""keyword"": ""юрист международное право"", ""vacancies_found"": 1}",management_signal,calculated,See component source passports,fed59936f764ee94,scripts/build_platform2_artifacts.py::build_country_program_matrix
GBR,United Kingdom,,digital_analytics,aggregate_all_languages,verified_inbound_plus_program_market_review,modelled_directional_priority,4792.377420332822,students_modelled_gap,"UIS latest actual, PPML 2026 potential, Trudvsem keyword count for program market signal",unesco_uis_opri_202602;ppml_russia_inbound_uis_opri_wpp_distance_v1;trudvsem_open_data_api,"UIS observed flow, PPML model, Работа России vacancy keyword count",docs/data/mgimo_platform2_payload.json,2026-06-18T14:59:14+00:00,actual=2023;potential=2026;vacancy=2026-06-18,"{""gap_abs"": 4792.377420332822, ""keyword"": ""SQL"", ""vacancies_found"": 736}",management_signal,calculated,See component source passports,509fa271def78e5d,scripts/build_platform2_artifacts.py::build_country_program_matrix
GBR,United Kingdom,,digital_analytics,aggregate_all_languages,verified_inbound_plus_program_market_review,modelled_directional_priority,4792.377420332822,students_modelled_gap,"UIS latest actual, PPML 2026 potential, Trudvsem keyword count for program market signal",unesco_uis_opri_202602;ppml_russia_inbound_uis_opri_wpp_distance_v1;trudvsem_open_data_api,"UIS observed flow, PPML model, Работа России vacancy keyword count",docs/data/mgimo_platform2_payload.json,2026-06-18T14:59:14+00:00,actual=2023;potential=2026;vacancy=2026-06-18,"{""gap_abs"": 4792.377420332822, ""keyword"": ""Python"", ""vacancies_found"": 425}",management_signal,calculated,See component source passports,509fa271def78e5d,scripts/build_platform2_artifacts.py::build_country_program_matrix
GBR,United Kingdom,,digital_analytics,aggregate_all_languages,verified_inbound_plus_program_market_review,modelled_directional_priority,4792.377420332822,students_modelled_gap,"UIS latest actual, PPML 2026 potential, Trudvsem keyword count for program market signal",unesco_uis_opri_202602;ppml_russia_inbound_uis_opri_wpp_distance_v1;trudvsem_open_data_api,"UIS observed flow, PPML model, Работа России vacancy keyword count",docs/data/mgimo_platform2_payload.json,2026-06-18T14:59:14+00:00,actual=2023;potential=2026;vacancy=2026-06-18,"{""gap_abs"": 4792.377420332822, ""keyword"": ""аналитик"", ""vacancies_found"": 1636}",management_signal,calculated,See component source passports,509fa271def78e5d,scripts/build_platform2_artifacts.py::build_country_program_matrix
GBR,United Kingdom,,international_economics,aggregate_all_languages,verified_inbound_plus_program_market_review,modelled_directional_priority,4792.377420332822,students_modelled_gap,"UIS latest actual, PPML 2026 potential, Trudvsem keyword count for program market signal",unesco_uis_opri_202602;ppml_russia_inbound_uis_opri_wpp_distance_v1;trudvsem_open_data_api,"UIS observed flow, PPML model, Работа России vacancy keyword count",docs/data/mgimo_platform2_payload.json,2026-06-18T14:59:14+00:00,actual=2023;potential=2026;vacancy=2026-06-18,"{""gap_abs"": 4792.377420332822, ""keyword"": ""международная экономика"", ""vacancies_found"": 140}",management_signal,calculated,See component source passports,d3b19b3b8fcbb29d,scripts/build_platform2_artifacts.py::build_country_program_matrix
GBR,United Kingdom,,international_economics,aggregate_all_languages,verified_inbound_plus_program_market_review,modelled_directional_priority,4792.377420332822,students_modelled_gap,"UIS latest actual, PPML 2026 potential, Trudvsem keyword count for program market signal",unesco_uis_opri_202602;ppml_russia_inbound_uis_opri_wpp_distance_v1;trudvsem_open_data_api,"UIS observed flow, PPML model, Работа России vacancy keyword count",docs/data/mgimo_platform2_payload.json,2026-06-18T14:59:14+00:00,actual=2023;potential=2026;vacancy=2026-06-18,"{""gap_abs"": 4792.377420332822, ""keyword"": ""финансовый аналитик"", ""vacancies_found"": 251}",management_signal,calculated,See component source passports,d3b19b3b8fcbb29d,scripts/build_platform2_artifacts.py::build_country_program_matrix
GBR,United Kingdom,,management_public,aggregate_all_languages,verified_inbound_plus_program_market_review,modelled_directional_priority,4792.377420332822,students_modelled_gap,"UIS latest actual, PPML 2026 potential, Trudvsem keyword count for program market signal",unesco_uis_opri_202602;ppml_russia_inbound_uis_opri_wpp_distance_v1;trudvsem_open_data_api,"UIS observed flow, PPML model, Работа России vacancy keyword count",docs/data/mgimo_platform2_payload.json,2026-06-18T14:59:14+00:00,actual=2023;potential=2026;vacancy=2026-06-18,"{""gap_abs"": 4792.377420332822, ""keyword"": ""управление проектами"", ""vacancies_found"": 2949}",management_signal,calculated,See component source passports,093c271bca091c82,scripts/build_platform2_artifacts.py::build_country_program_matrix
GBR,United Kingdom,,management_public,aggregate_all_languages,verified_inbound_plus_program_market_review,modelled_directional_priority,4792.377420332822,students_modelled_gap,"UIS latest actual, PPML 2026 potential, Trudvsem keyword count for program market signal",unesco_uis_opri_202602;ppml_russia_inbound_uis_opri_wpp_distance_v1;trudvsem_open_data_api,"UIS observed flow, PPML model, Работа России vacancy keyword count",docs/data/mgimo_platform2_payload.json,2026-06-18T14:59:14+00:00,actual=2023;potential=2026;vacancy=2026-06-18,"{""gap_abs"": 4792.377420332822, ""keyword"": ""государственное управление"", ""vacancies_found"": 10885}",management_signal,calculated,See component source passports,093c271bca091c82,scripts/build_platform2_artifacts.py::build_country_program_matrix
GBR,United Kingdom,,languages_regional,aggregate_all_languages,verified_inbound_plus_program_market_review,modelled_directional_priority,4792.377420332822,students_modelled_gap,"UIS latest actual, PPML 2026 potential, Trudvsem keyword count for program market signal",unesco_uis_opri_202602;ppml_russia_inbound_uis_opri_wpp_distance_v1;trudvsem_open_data_api,"UIS observed flow, PPML model, Работа России vacancy keyword count",docs/data/mgimo_platform2_payload.json,2026-06-18T14:59:14+00:00,actual=2023;potential=2026;vacancy=2026-06-18,"{""gap_abs"": 4792.377420332822, ""keyword"": ""английский язык"", ""vacancies_found"": 4211}",management_signal,calculated,See component source passports,97476654114a16e7,scripts/build_platform2_artifacts.py::build_country_program_matrix
GBR,United Kingdom,,languages_regional,aggregate_all_languages,verified_inbound_plus_program_market_review,modelled_directional_priority,4792.377420332822,students_modelled_gap,"UIS latest actual, PPML 2026 potential, Trudvsem keyword count for program market signal",unesco_uis_opri_202602;ppml_russia_inbound_uis_opri_wpp_distance_v1;trudvsem_open_data_api,"UIS observed flow, PPML model, Работа России vacancy keyword count",docs/data/mgimo_platform2_payload.json,2026-06-18T14:59:14+00:00,actual=2023;potential=2026;vacancy=2026-06-18,"{""gap_abs"": 4792.377420332822, ""keyword"": ""китайский язык"", ""vacancies_found"": 2809}",management_signal,calculated,See component source passports,97476654114a16e7,scripts/build_platform2_artifacts.py::build_country_program_matrix
GBR,United Kingdom,,legal_public,aggregate_all_languages,verified_inbound_plus_program_market_review,modelled_directional_priority,4792.377420332822,students_modelled_gap,"UIS latest actual, PPML 2026 potential, Trudvsem keyword count for program market signal",unesco_uis_opri_202602;ppml_russia_inbound_uis_opri_wpp_distance_v1;trudvsem_open_data_api,"UIS observed flow, PPML model, Работа России vacancy keyword count",docs/data/mgimo_platform2_payload.json,2026-06-18T14:59:14+00:00,actual=2023;potential=2026;vacancy=2026-06-18,"{""gap_abs"": 4792.377420332822, ""keyword"": ""юрист международное право"", ""vacancies_found"": 1}",management_signal,calculated,See component source passports,e7dea252358ebc3c,scripts/build_platform2_artifacts.py::build_country_program_matrix
ITA,Italy,,digital_analytics,aggregate_all_languages,verified_inbound_plus_program_market_review,modelled_directional_priority,4545.996780782073,students_modelled_gap,"UIS latest actual, PPML 2026 potential, Trudvsem keyword count for program market signal",unesco_uis_opri_202602;ppml_russia_inbound_uis_opri_wpp_distance_v1;trudvsem_open_data_api,"UIS observed flow, PPML model, Работа России vacancy keyword count",docs/data/mgimo_platform2_payload.json,2026-06-18T14:59:14+00:00,actual=2023;potential=2026;vacancy=2026-06-18,"{""gap_abs"": 4545.996780782073, ""keyword"": ""SQL"", ""vacancies_found"": 736}",management_signal,calculated,See component source passports,615c3fa18cc3026c,scripts/build_platform2_artifacts.py::build_country_program_matrix
ITA,Italy,,digital_analytics,aggregate_all_languages,verified_inbound_plus_program_market_review,modelled_directional_priority,4545.996780782073,students_modelled_gap,"UIS latest actual, PPML 2026 potential, Trudvsem keyword count for program market signal",unesco_uis_opri_202602;ppml_russia_inbound_uis_opri_wpp_distance_v1;trudvsem_open_data_api,"UIS observed flow, PPML model, Работа России vacancy keyword count",docs/data/mgimo_platform2_payload.json,2026-06-18T14:59:14+00:00,actual=2023;potential=2026;vacancy=2026-06-18,"{""gap_abs"": 4545.996780782073, ""keyword"": ""Python"", ""vacancies_found"": 425}",management_signal,calculated,See component source passports,615c3fa18cc3026c,scripts/build_platform2_artifacts.py::build_country_program_matrix
ITA,Italy,,digital_analytics,aggregate_all_languages,verified_inbound_plus_program_market_review,modelled_directional_priority,4545.996780782073,students_modelled_gap,"UIS latest actual, PPML 2026 potential, Trudvsem keyword count for program market signal",unesco_uis_opri_202602;ppml_russia_inbound_uis_opri_wpp_distance_v1;trudvsem_open_data_api,"UIS observed flow, PPML model, Работа России vacancy keyword count",docs/data/mgimo_platform2_payload.json,2026-06-18T14:59:14+00:00,actual=2023;potential=2026;vacancy=2026-06-18,"{""gap_abs"": 4545.996780782073, ""keyword"": ""аналитик"", ""vacancies_found"": 1636}",management_signal,calculated,See component source passports,615c3fa18cc3026c,scripts/build_platform2_artifacts.py::build_country_program_matrix
ITA,Italy,,international_economics,aggregate_all_languages,verified_inbound_plus_program_market_review,modelled_directional_priority,4545.996780782073,students_modelled_gap,"UIS latest actual, PPML 2026 potential, Trudvsem keyword count for program market signal",unesco_uis_opri_202602;ppml_russia_inbound_uis_opri_wpp_distance_v1;trudvsem_open_data_api,"UIS observed flow, PPML model, Работа России vacancy keyword count",docs/data/mgimo_platform2_payload.json,2026-06-18T14:59:14+00:00,actual=2023;potential=2026;vacancy=2026-06-18,"{""gap_abs"": 4545.996780782073, ""keyword"": ""международная экономика"", ""vacancies_found"": 140}",management_signal,calculated,See component source passports,39392695f8b051ee,scripts/build_platform2_artifacts.py::build_country_program_matrix
ITA,Italy,,international_economics,aggregate_all_languages,verified_inbound_plus_program_market_review,modelled_directional_priority,4545.996780782073,students_modelled_gap,"UIS latest actual, PPML 2026 potential, Trudvsem keyword count for program market signal",unesco_uis_opri_202602;ppml_russia_inbound_uis_opri_wpp_distance_v1;trudvsem_open_data_api,"UIS observed flow, PPML model, Работа России vacancy keyword count",docs/data/mgimo_platform2_payload.json,2026-06-18T14:59:14+00:00,actual=2023;potential=2026;vacancy=2026-06-18,"{""gap_abs"": 4545.996780782073, ""keyword"": ""финансовый аналитик"", ""vacancies_found"": 251}",management_signal,calculated,See component source passports,39392695f8b051ee,scripts/build_platform2_artifacts.py::build_country_program_matrix
ITA,Italy,,management_public,aggregate_all_languages,verified_inbound_plus_program_market_review,modelled_directional_priority,4545.996780782073,students_modelled_gap,"UIS latest actual, PPML 2026 potential, Trudvsem keyword count for program market signal",unesco_uis_opri_202602;ppml_russia_inbound_uis_opri_wpp_distance_v1;trudvsem_open_data_api,"UIS observed flow, PPML model, Работа России vacancy keyword count",docs/data/mgimo_platform2_payload.json,2026-06-18T14:59:14+00:00,actual=2023;potential=2026;vacancy=2026-06-18,"{""gap_abs"": 4545.996780782073, ""keyword"": ""управление проектами"", ""vacancies_found"": 2949}",management_signal,calculated,See component source passports,38cca115a4aa00ce,scripts/build_platform2_artifacts.py::build_country_program_matrix
ITA,Italy,,management_public,aggregate_all_languages,verified_inbound_plus_program_market_review,modelled_directional_priority,4545.996780782073,students_modelled_gap,"UIS latest actual, PPML 2026 potential, Trudvsem keyword count for program market signal",unesco_uis_opri_202602;ppml_russia_inbound_uis_opri_wpp_distance_v1;trudvsem_open_data_api,"UIS observed flow, PPML model, Работа России vacancy keyword count",docs/data/mgimo_platform2_payload.json,2026-06-18T14:59:14+00:00,actual=2023;potential=2026;vacancy=2026-06-18,"{""gap_abs"": 4545.996780782073, ""keyword"": ""государственное управление"", ""vacancies_found"": 10885}",management_signal,calculated,See component source passports,38cca115a4aa00ce,scripts/build_platform2_artifacts.py::build_country_program_matrix
ITA,Italy,,languages_regional,aggregate_all_languages,verified_inbound_plus_program_market_review,modelled_directional_priority,4545.996780782073,students_modelled_gap,"UIS latest actual, PPML 2026 potential, Trudvsem keyword count for program market signal",unesco_uis_opri_202602;ppml_russia_inbound_uis_opri_wpp_distance_v1;trudvsem_open_data_api,"UIS observed flow, PPML model, Работа России vacancy keyword count",docs/data/mgimo_platform2_payload.json,2026-06-18T14:59:14+00:00,actual=2023;potential=2026;vacancy=2026-06-18,"{""gap_abs"": 4545.996780782073, ""keyword"": ""английский язык"", ""vacancies_found"": 4211}",management_signal,calculated,See component source passports,1b761a9809703878,scripts/build_platform2_artifacts.py::build_country_program_matrix
ITA,Italy,,languages_regional,aggregate_all_languages,verified_inbound_plus_program_market_review,modelled_directional_priority,4545.996780782073,students_modelled_gap,"UIS latest actual, PPML 2026 potential, Trudvsem keyword count for program market signal",unesco_uis_opri_202602;ppml_russia_inbound_uis_opri_wpp_distance_v1;trudvsem_open_data_api,"UIS observed flow, PPML model, Работа России vacancy keyword count",docs/data/mgimo_platform2_payload.json,2026-06-18T14:59:14+00:00,actual=2023;potential=2026;vacancy=2026-06-18,"{""gap_abs"": 4545.996780782073, ""keyword"": ""китайский язык"", ""vacancies_found"": 2809}",management_signal,calculated,See component source passports,1b761a9809703878,scripts/build_platform2_artifacts.py::build_country_program_matrix
ITA,Italy,,legal_public,aggregate_all_languages,verified_inbound_plus_program_market_review,modelled_directional_priority,4545.996780782073,students_modelled_gap,"UIS latest actual, PPML 2026 potential, Trudvsem keyword count for program market signal",unesco_uis_opri_202602;ppml_russia_inbound_uis_opri_wpp_distance_v1;trudvsem_open_data_api,"UIS observed flow, PPML model, Работа России vacancy keyword count",docs/data/mgimo_platform2_payload.json,2026-06-18T14:59:14+00:00,actual=2023;potential=2026;vacancy=2026-06-18,"{""gap_abs"": 4545.996780782073, ""keyword"": ""юрист международное право"", ""vacancies_found"": 1}",management_signal,calculated,See component source passports,53e02ffb2e5977ea,scripts/build_platform2_artifacts.py::build_country_program_matrix
FIN,Finland,,digital_analytics,aggregate_all_languages,verified_inbound_plus_program_market_review,modelled_directional_priority,4116.297826181774,students_modelled_gap,"UIS latest actual, PPML 2026 potential, Trudvsem keyword count for program market signal",unesco_uis_opri_202602;ppml_russia_inbound_uis_opri_wpp_distance_v1;trudvsem_open_data_api,"UIS observed flow, PPML model, Работа России vacancy keyword count",docs/data/mgimo_platform2_payload.json,2026-06-18T14:59:14+00:00,actual=2023;potential=2026;vacancy=2026-06-18,"{""gap_abs"": 4116.297826181774, ""keyword"": ""SQL"", ""vacancies_found"": 736}",management_signal,calculated,See component source passports,41d601a0312b681f,scripts/build_platform2_artifacts.py::build_country_program_matrix
FIN,Finland,,digital_analytics,aggregate_all_languages,verified_inbound_plus_program_market_review,modelled_directional_priority,4116.297826181774,students_modelled_gap,"UIS latest actual, PPML 2026 potential, Trudvsem keyword count for program market signal",unesco_uis_opri_202602;ppml_russia_inbound_uis_opri_wpp_distance_v1;trudvsem_open_data_api,"UIS observed flow, PPML model, Работа России vacancy keyword count",docs/data/mgimo_platform2_payload.json,2026-06-18T14:59:14+00:00,actual=2023;potential=2026;vacancy=2026-06-18,"{""gap_abs"": 4116.297826181774, ""keyword"": ""Python"", ""vacancies_found"": 425}",management_signal,calculated,See component source passports,41d601a0312b681f,scripts/build_platform2_artifacts.py::build_country_program_matrix
FIN,Finland,,digital_analytics,aggregate_all_languages,verified_inbound_plus_program_market_review,modelled_directional_priority,4116.297826181774,students_modelled_gap,"UIS latest actual, PPML 2026 potential, Trudvsem keyword count for program market signal",unesco_uis_opri_202602;ppml_russia_inbound_uis_opri_wpp_distance_v1;trudvsem_open_data_api,"UIS observed flow, PPML model, Работа России vacancy keyword count",docs/data/mgimo_platform2_payload.json,2026-06-18T14:59:14+00:00,actual=2023;potential=2026;vacancy=2026-06-18,"{""gap_abs"": 4116.297826181774, ""keyword"": ""аналитик"", ""vacancies_found"": 1636}",management_signal,calculated,See component source passports,41d601a0312b681f,scripts/build_platform2_artifacts.py::build_country_program_matrix
FIN,Finland,,international_economics,aggregate_all_languages,verified_inbound_plus_program_market_review,modelled_directional_priority,4116.297826181774,students_modelled_gap,"UIS latest actual, PPML 2026 potential, Trudvsem keyword count for program market signal",unesco_uis_opri_202602;ppml_russia_inbound_uis_opri_wpp_distance_v1;trudvsem_open_data_api,"UIS observed flow, PPML model, Работа России vacancy keyword count",docs/data/mgimo_platform2_payload.json,2026-06-18T14:59:14+00:00,actual=2023;potential=2026;vacancy=2026-06-18,"{""gap_abs"": 4116.297826181774, ""keyword"": ""международная экономика"", ""vacancies_found"": 140}",management_signal,calculated,See component source passports,ba174ac5817e9a8f,scripts/build_platform2_artifacts.py::build_country_program_matrix
FIN,Finland,,international_economics,aggregate_all_languages,verified_inbound_plus_program_market_review,modelled_directional_priority,4116.297826181774,students_modelled_gap,"UIS latest actual, PPML 2026 potential, Trudvsem keyword count for program market signal",unesco_uis_opri_202602;ppml_russia_inbound_uis_opri_wpp_distance_v1;trudvsem_open_data_api,"UIS observed flow, PPML model, Работа России vacancy keyword count",docs/data/mgimo_platform2_payload.json,2026-06-18T14:59:14+00:00,actual=2023;potential=2026;vacancy=2026-06-18,"{""gap_abs"": 4116.297826181774, ""keyword"": ""финансовый аналитик"", ""vacancies_found"": 251}",management_signal,calculated,See component source passports,ba174ac5817e9a8f,scripts/build_platform2_artifacts.py::build_country_program_matrix
FIN,Finland,,management_public,aggregate_all_languages,verified_inbound_plus_program_market_review,modelled_directional_priority,4116.297826181774,students_modelled_gap,"UIS latest actual, PPML 2026 potential, Trudvsem keyword count for program market signal",unesco_uis_opri_202602;ppml_russia_inbound_uis_opri_wpp_distance_v1;trudvsem_open_data_api,"UIS observed flow, PPML model, Работа России vacancy keyword count",docs/data/mgimo_platform2_payload.json,2026-06-18T14:59:14+00:00,actual=2023;potential=2026;vacancy=2026-06-18,"{""gap_abs"": 4116.297826181774, ""keyword"": ""управление проектами"", ""vacancies_found"": 2949}",management_signal,calculated,See component source passports,7e5ab2cd5ab630a6,scripts/build_platform2_artifacts.py::build_country_program_matrix
FIN,Finland,,management_public,aggregate_all_languages,verified_inbound_plus_program_market_review,modelled_directional_priority,4116.297826181774,students_modelled_gap,"UIS latest actual, PPML 2026 potential, Trudvsem keyword count for program market signal",unesco_uis_opri_202602;ppml_russia_inbound_uis_opri_wpp_distance_v1;trudvsem_open_data_api,"UIS observed flow, PPML model, Работа России vacancy keyword count",docs/data/mgimo_platform2_payload.json,2026-06-18T14:59:14+00:00,actual=2023;potential=2026;vacancy=2026-06-18,"{""gap_abs"": 4116.297826181774, ""keyword"": ""государственное управление"", ""vacancies_found"": 10885}",management_signal,calculated,See component source passports,7e5ab2cd5ab630a6,scripts/build_platform2_artifacts.py::build_country_program_matrix
FIN,Finland,,languages_regional,aggregate_all_languages,verified_inbound_plus_program_market_review,modelled_directional_priority,4116.297826181774,students_modelled_gap,"UIS latest actual, PPML 2026 potential, Trudvsem keyword count for program market signal",unesco_uis_opri_202602;ppml_russia_inbound_uis_opri_wpp_distance_v1;trudvsem_open_data_api,"UIS observed flow, PPML model, Работа России vacancy keyword count",docs/data/mgimo_platform2_payload.json,2026-06-18T14:59:14+00:00,actual=2023;potential=2026;vacancy=2026-06-18,"{""gap_abs"": 4116.297826181774, ""keyword"": ""английский язык"", ""vacancies_found"": 4211}",management_signal,calculated,See component source passports,8576fc7f9bf3a491,scripts/build_platform2_artifacts.py::build_country_program_matrix
FIN,Finland,,languages_regional,aggregate_all_languages,verified_inbound_plus_program_market_review,modelled_directional_priority,4116.297826181774,students_modelled_gap,"UIS latest actual, PPML 2026 potential, Trudvsem keyword count for program market signal",unesco_uis_opri_202602;ppml_russia_inbound_uis_opri_wpp_distance_v1;trudvsem_open_data_api,"UIS observed flow, PPML model, Работа России vacancy keyword count",docs/data/mgimo_platform2_payload.json,2026-06-18T14:59:14+00:00,actual=2023;potential=2026;vacancy=2026-06-18,"{""gap_abs"": 4116.297826181774, ""keyword"": ""китайский язык"", ""vacancies_found"": 2809}",management_signal,calculated,See component source passports,8576fc7f9bf3a491,scripts/build_platform2_artifacts.py::build_country_program_matrix
FIN,Finland,,legal_public,aggregate_all_languages,verified_inbound_plus_program_market_review,modelled_directional_priority,4116.297826181774,students_modelled_gap,"UIS latest actual, PPML 2026 potential, Trudvsem keyword count for program market signal",unesco_uis_opri_202602;ppml_russia_inbound_uis_opri_wpp_distance_v1;trudvsem_open_data_api,"UIS observed flow, PPML model, Работа России vacancy keyword count",docs/data/mgimo_platform2_payload.json,2026-06-18T14:59:14+00:00,actual=2023;potential=2026;vacancy=2026-06-18,"{""gap_abs"": 4116.297826181774, ""keyword"": ""юрист международное право"", ""vacancies_found"": 1}",management_signal,calculated,See component source passports,70932efd5a0cbf4c,scripts/build_platform2_artifacts.py::build_country_program_matrix
SWE,Sweden,,digital_analytics,aggregate_all_languages,verified_inbound_plus_program_market_review,modelled_directional_priority,3405.4185049329312,students_modelled_gap,"UIS latest actual, PPML 2026 potential, Trudvsem keyword count for program market signal",unesco_uis_opri_202602;ppml_russia_inbound_uis_opri_wpp_distance_v1;trudvsem_open_data_api,"UIS observed flow, PPML model, Работа России vacancy keyword count",docs/data/mgimo_platform2_payload.json,2026-06-18T14:59:14+00:00,actual=2023;potential=2026;vacancy=2026-06-18,"{""gap_abs"": 3405.4185049329312, ""keyword"": ""SQL"", ""vacancies_found"": 736}",management_signal,calculated,See component source passports,8148b125460c673b,scripts/build_platform2_artifacts.py::build_country_program_matrix
SWE,Sweden,,digital_analytics,aggregate_all_languages,verified_inbound_plus_program_market_review,modelled_directional_priority,3405.4185049329312,students_modelled_gap,"UIS latest actual, PPML 2026 potential, Trudvsem keyword count for program market signal",unesco_uis_opri_202602;ppml_russia_inbound_uis_opri_wpp_distance_v1;trudvsem_open_data_api,"UIS observed flow, PPML model, Работа России vacancy keyword count",docs/data/mgimo_platform2_payload.json,2026-06-18T14:59:14+00:00,actual=2023;potential=2026;vacancy=2026-06-18,"{""gap_abs"": 3405.4185049329312, ""keyword"": ""Python"", ""vacancies_found"": 425}",management_signal,calculated,See component source passports,8148b125460c673b,scripts/build_platform2_artifacts.py::build_country_program_matrix
SWE,Sweden,,digital_analytics,aggregate_all_languages,verified_inbound_plus_program_market_review,modelled_directional_priority,3405.4185049329312,students_modelled_gap,"UIS latest actual, PPML 2026 potential, Trudvsem keyword count for program market signal",unesco_uis_opri_202602;ppml_russia_inbound_uis_opri_wpp_distance_v1;trudvsem_open_data_api,"UIS observed flow, PPML model, Работа России vacancy keyword count",docs/data/mgimo_platform2_payload.json,2026-06-18T14:59:14+00:00,actual=2023;potential=2026;vacancy=2026-06-18,"{""gap_abs"": 3405.4185049329312, ""keyword"": ""аналитик"", ""vacancies_found"": 1636}",management_signal,calculated,See component source passports,8148b125460c673b,scripts/build_platform2_artifacts.py::build_country_program_matrix
SWE,Sweden,,international_economics,aggregate_all_languages,verified_inbound_plus_program_market_review,modelled_directional_priority,3405.4185049329312,students_modelled_gap,"UIS latest actual, PPML 2026 potential, Trudvsem keyword count for program market signal",unesco_uis_opri_202602;ppml_russia_inbound_uis_opri_wpp_distance_v1;trudvsem_open_data_api,"UIS observed flow, PPML model, Работа России vacancy keyword count",docs/data/mgimo_platform2_payload.json,2026-06-18T14:59:14+00:00,actual=2023;potential=2026;vacancy=2026-06-18,"{""gap_abs"": 3405.4185049329312, ""keyword"": ""международная экономика"", ""vacancies_found"": 140}",management_signal,calculated,See component source passports,c1b57288910d56c5,scripts/build_platform2_artifacts.py::build_country_program_matrix
SWE,Sweden,,international_economics,aggregate_all_languages,verified_inbound_plus_program_market_review,modelled_directional_priority,3405.4185049329312,students_modelled_gap,"UIS latest actual, PPML 2026 potential, Trudvsem keyword count for program market signal",unesco_uis_opri_202602;ppml_russia_inbound_uis_opri_wpp_distance_v1;trudvsem_open_data_api,"UIS observed flow, PPML model, Работа России vacancy keyword count",docs/data/mgimo_platform2_payload.json,2026-06-18T14:59:14+00:00,actual=2023;potential=2026;vacancy=2026-06-18,"{""gap_abs"": 3405.4185049329312, ""keyword"": ""финансовый аналитик"", ""vacancies_found"": 251}",management_signal,calculated,See component source passports,c1b57288910d56c5,scripts/build_platform2_artifacts.py::build_country_program_matrix
SWE,Sweden,,management_public,aggregate_all_languages,verified_inbound_plus_program_market_review,modelled_directional_priority,3405.4185049329312,students_modelled_gap,"UIS latest actual, PPML 2026 potential, Trudvsem keyword count for program market signal",unesco_uis_opri_202602;ppml_russia_inbound_uis_opri_wpp_distance_v1;trudvsem_open_data_api,"UIS observed flow, PPML model, Работа России vacancy keyword count",docs/data/mgimo_platform2_payload.json,2026-06-18T14:59:14+00:00,actual=2023;potential=2026;vacancy=2026-06-18,"{""gap_abs"": 3405.4185049329312, ""keyword"": ""управление проектами"", ""vacancies_found"": 2949}",management_signal,calculated,See component source passports,be5d46db0b0a49ff,scripts/build_platform2_artifacts.py::build_country_program_matrix
SWE,Sweden,,management_public,aggregate_all_languages,verified_inbound_plus_program_market_review,modelled_directional_priority,3405.4185049329312,students_modelled_gap,"UIS latest actual, PPML 2026 potential, Trudvsem keyword count for program market signal",unesco_uis_opri_202602;ppml_russia_inbound_uis_opri_wpp_distance_v1;trudvsem_open_data_api,"UIS observed flow, PPML model, Работа России vacancy keyword count",docs/data/mgimo_platform2_payload.json,2026-06-18T14:59:14+00:00,actual=2023;potential=2026;vacancy=2026-06-18,"{""gap_abs"": 3405.4185049329312, ""keyword"": ""государственное управление"", ""vacancies_found"": 10885}",management_signal,calculated,See component source passports,be5d46db0b0a49ff,scripts/build_platform2_artifacts.py::build_country_program_matrix
SWE,Sweden,,languages_regional,aggregate_all_languages,verified_inbound_plus_program_market_review,modelled_directional_priority,3405.4185049329312,students_modelled_gap,"UIS latest actual, PPML 2026 potential, Trudvsem keyword count for program market signal",unesco_uis_opri_202602;ppml_russia_inbound_uis_opri_wpp_distance_v1;trudvsem_open_data_api,"UIS observed flow, PPML model, Работа России vacancy keyword count",docs/data/mgimo_platform2_payload.json,2026-06-18T14:59:14+00:00,actual=2023;potential=2026;vacancy=2026-06-18,"{""gap_abs"": 3405.4185049329312, ""keyword"": ""английский язык"", ""vacancies_found"": 4211}",management_signal,calculated,See component source passports,c0e67be800c8957a,scripts/build_platform2_artifacts.py::build_country_program_matrix
SWE,Sweden,,languages_regional,aggregate_all_languages,verified_inbound_plus_program_market_review,modelled_directional_priority,3405.4185049329312,students_modelled_gap,"UIS latest actual, PPML 2026 potential, Trudvsem keyword count for program market signal",unesco_uis_opri_202602;ppml_russia_inbound_uis_opri_wpp_distance_v1;trudvsem_open_data_api,"UIS observed flow, PPML model, Работа России vacancy keyword count",docs/data/mgimo_platform2_payload.json,2026-06-18T14:59:14+00:00,actual=2023;potential=2026;vacancy=2026-06-18,"{""gap_abs"": 3405.4185049329312, ""keyword"": ""китайский язык"", ""vacancies_found"": 2809}",management_signal,calculated,See component source passports,c0e67be800c8957a,scripts/build_platform2_artifacts.py::build_country_program_matrix
SWE,Sweden,,legal_public,aggregate_all_languages,verified_inbound_plus_program_market_review,modelled_directional_priority,3405.4185049329312,students_modelled_gap,"UIS latest actual, PPML 2026 potential, Trudvsem keyword count for program market signal",unesco_uis_opri_202602;ppml_russia_inbound_uis_opri_wpp_distance_v1;trudvsem_open_data_api,"UIS observed flow, PPML model, Работа России vacancy keyword count",docs/data/mgimo_platform2_payload.json,2026-06-18T14:59:14+00:00,actual=2023;potential=2026;vacancy=2026-06-18,"{""gap_abs"": 3405.4185049329312, ""keyword"": ""юрист международное право"", ""vacancies_found"": 1}",management_signal,calculated,See component source passports,83b10be8688a014f,scripts/build_platform2_artifacts.py::build_country_program_matrix
LTU,Lithuania,,digital_analytics,aggregate_all_languages,verified_inbound_plus_program_market_review,modelled_directional_priority,3188.5757380549035,students_modelled_gap,"UIS latest actual, PPML 2026 potential, Trudvsem keyword count for program market signal",unesco_uis_opri_202602;ppml_russia_inbound_uis_opri_wpp_distance_v1;trudvsem_open_data_api,"UIS observed flow, PPML model, Работа России vacancy keyword count",docs/data/mgimo_platform2_payload.json,2026-06-18T14:59:14+00:00,actual=2023;potential=2026;vacancy=2026-06-18,"{""gap_abs"": 3188.5757380549035, ""keyword"": ""SQL"", ""vacancies_found"": 736}",management_signal,calculated,See component source passports,3656871a71a88be5,scripts/build_platform2_artifacts.py::build_country_program_matrix
LTU,Lithuania,,digital_analytics,aggregate_all_languages,verified_inbound_plus_program_market_review,modelled_directional_priority,3188.5757380549035,students_modelled_gap,"UIS latest actual, PPML 2026 potential, Trudvsem keyword count for program market signal",unesco_uis_opri_202602;ppml_russia_inbound_uis_opri_wpp_distance_v1;trudvsem_open_data_api,"UIS observed flow, PPML model, Работа России vacancy keyword count",docs/data/mgimo_platform2_payload.json,2026-06-18T14:59:14+00:00,actual=2023;potential=2026;vacancy=2026-06-18,"{""gap_abs"": 3188.5757380549035, ""keyword"": ""Python"", ""vacancies_found"": 425}",management_signal,calculated,See component source passports,3656871a71a88be5,scripts/build_platform2_artifacts.py::build_country_program_matrix
LTU,Lithuania,,digital_analytics,aggregate_all_languages,verified_inbound_plus_program_market_review,modelled_directional_priority,3188.5757380549035,students_modelled_gap,"UIS latest actual, PPML 2026 potential, Trudvsem keyword count for program market signal",unesco_uis_opri_202602;ppml_russia_inbound_uis_opri_wpp_distance_v1;trudvsem_open_data_api,"UIS observed flow, PPML model, Работа России vacancy keyword count",docs/data/mgimo_platform2_payload.json,2026-06-18T14:59:14+00:00,actual=2023;potential=2026;vacancy=2026-06-18,"{""gap_abs"": 3188.5757380549035, ""keyword"": ""аналитик"", ""vacancies_found"": 1636}",management_signal,calculated,See component source passports,3656871a71a88be5,scripts/build_platform2_artifacts.py::build_country_program_matrix
LTU,Lithuania,,international_economics,aggregate_all_languages,verified_inbound_plus_program_market_review,modelled_directional_priority,3188.5757380549035,students_modelled_gap,"UIS latest actual, PPML 2026 potential, Trudvsem keyword count for program market signal",unesco_uis_opri_202602;ppml_russia_inbound_uis_opri_wpp_distance_v1;trudvsem_open_data_api,"UIS observed flow, PPML model, Работа России vacancy keyword count",docs/data/mgimo_platform2_payload.json,2026-06-18T14:59:14+00:00,actual=2023;potential=2026;vacancy=2026-06-18,"{""gap_abs"": 3188.5757380549035, ""keyword"": ""международная экономика"", ""vacancies_found"": 140}",management_signal,calculated,See component source passports,5236d7c8cf9d5677,scripts/build_platform2_artifacts.py::build_country_program_matrix
LTU,Lithuania,,international_economics,aggregate_all_languages,verified_inbound_plus_program_market_review,modelled_directional_priority,3188.5757380549035,students_modelled_gap,"UIS latest actual, PPML 2026 potential, Trudvsem keyword count for program market signal",unesco_uis_opri_202602;ppml_russia_inbound_uis_opri_wpp_distance_v1;trudvsem_open_data_api,"UIS observed flow, PPML model, Работа России vacancy keyword count",docs/data/mgimo_platform2_payload.json,2026-06-18T14:59:14+00:00,actual=2023;potential=2026;vacancy=2026-06-18,"{""gap_abs"": 3188.5757380549035, ""keyword"": ""финансовый аналитик"", ""vacancies_found"": 251}",management_signal,calculated,See component source passports,5236d7c8cf9d5677,scripts/build_platform2_artifacts.py::build_country_program_matrix
LTU,Lithuania,,management_public,aggregate_all_languages,verified_inbound_plus_program_market_review,modelled_directional_priority,3188.5757380549035,students_modelled_gap,"UIS latest actual, PPML 2026 potential, Trudvsem keyword count for program market signal",unesco_uis_opri_202602;ppml_russia_inbound_uis_opri_wpp_distance_v1;trudvsem_open_data_api,"UIS observed flow, PPML model, Работа России vacancy keyword count",docs/data/mgimo_platform2_payload.json,2026-06-18T14:59:14+00:00,actual=2023;potential=2026;vacancy=2026-06-18,"{""gap_abs"": 3188.5757380549035, ""keyword"": ""управление проектами"", ""vacancies_found"": 2949}",management_signal,calculated,See component source passports,6263a7e9ac7f365b,scripts/build_platform2_artifacts.py::build_country_program_matrix
LTU,Lithuania,,management_public,aggregate_all_languages,verified_inbound_plus_program_market_review,modelled_directional_priority,3188.5757380549035,students_modelled_gap,"UIS latest actual, PPML 2026 potential, Trudvsem keyword count for program market signal",unesco_uis_opri_202602;ppml_russia_inbound_uis_opri_wpp_distance_v1;trudvsem_open_data_api,"UIS observed flow, PPML model, Работа России vacancy keyword count",docs/data/mgimo_platform2_payload.json,2026-06-18T14:59:14+00:00,actual=2023;potential=2026;vacancy=2026-06-18,"{""gap_abs"": 3188.5757380549035, ""keyword"": ""государственное управление"", ""vacancies_found"": 10885}",management_signal,calculated,See component source passports,6263a7e9ac7f365b,scripts/build_platform2_artifacts.py::build_country_program_matrix
LTU,Lithuania,,languages_regional,aggregate_all_languages,verified_inbound_plus_program_market_review,modelled_directional_priority,3188.5757380549035,students_modelled_gap,"UIS latest actual, PPML 2026 potential, Trudvsem keyword count for program market signal",unesco_uis_opri_202602;ppml_russia_inbound_uis_opri_wpp_distance_v1;trudvsem_open_data_api,"UIS observed flow, PPML model, Работа России vacancy keyword count",docs/data/mgimo_platform2_payload.json,2026-06-18T14:59:14+00:00,actual=2023;potential=2026;vacancy=2026-06-18,"{""gap_abs"": 3188.5757380549035, ""keyword"": ""английский язык"", ""vacancies_found"": 4211}",management_signal,calculated,See component source passports,96f957a1ef025c3f,scripts/build_platform2_artifacts.py::build_country_program_matrix
LTU,Lithuania,,languages_regional,aggregate_all_languages,verified_inbound_plus_program_market_review,modelled_directional_priority,3188.5757380549035,students_modelled_gap,"UIS latest actual, PPML 2026 potential, Trudvsem keyword count for program market signal",unesco_uis_opri_202602;ppml_russia_inbound_uis_opri_wpp_distance_v1;trudvsem_open_data_api,"UIS observed flow, PPML model, Работа России vacancy keyword count",docs/data/mgimo_platform2_payload.json,2026-06-18T14:59:14+00:00,actual=2023;potential=2026;vacancy=2026-06-18,"{""gap_abs"": 3188.5757380549035, ""keyword"": ""китайский язык"", ""vacancies_found"": 2809}",management_signal,calculated,See component source passports,96f957a1ef025c3f,scripts/build_platform2_artifacts.py::build_country_program_matrix
LTU,Lithuania,,legal_public,aggregate_all_languages,verified_inbound_plus_program_market_review,modelled_directional_priority,3188.5757380549035,students_modelled_gap,"UIS latest actual, PPML 2026 potential, Trudvsem keyword count for program market signal",unesco_uis_opri_202602;ppml_russia_inbound_uis_opri_wpp_distance_v1;trudvsem_open_data_api,"UIS observed flow, PPML model, Работа России vacancy keyword count",docs/data/mgimo_platform2_payload.json,2026-06-18T14:59:14+00:00,actual=2023;potential=2026;vacancy=2026-06-18,"{""gap_abs"": 3188.5757380549035, ""keyword"": ""юрист международное право"", ""vacancies_found"": 1}",management_signal,calculated,See component source passports,24cab71f59cdbfcc,scripts/build_platform2_artifacts.py::build_country_program_matrix
ETH,Ethiopia,,digital_analytics,aggregate_all_languages,verified_inbound_plus_program_market_review,modelled_directional_priority,2945.7122783892487,students_modelled_gap,"UIS latest actual, PPML 2026 potential, Trudvsem keyword count for program market signal",unesco_uis_opri_202602;ppml_russia_inbound_uis_opri_wpp_distance_v1;trudvsem_open_data_api,"UIS observed flow, PPML model, Работа России vacancy keyword count",docs/data/mgimo_platform2_payload.json,2026-06-18T14:59:14+00:00,actual=2023;potential=2026;vacancy=2026-06-18,"{""gap_abs"": 2945.7122783892487, ""keyword"": ""SQL"", ""vacancies_found"": 736}",management_signal,calculated,See component source passports,553b83552f517147,scripts/build_platform2_artifacts.py::build_country_program_matrix
ETH,Ethiopia,,digital_analytics,aggregate_all_languages,verified_inbound_plus_program_market_review,modelled_directional_priority,2945.7122783892487,students_modelled_gap,"UIS latest actual, PPML 2026 potential, Trudvsem keyword count for program market signal",unesco_uis_opri_202602;ppml_russia_inbound_uis_opri_wpp_distance_v1;trudvsem_open_data_api,"UIS observed flow, PPML model, Работа России vacancy keyword count",docs/data/mgimo_platform2_payload.json,2026-06-18T14:59:14+00:00,actual=2023;potential=2026;vacancy=2026-06-18,"{""gap_abs"": 2945.7122783892487, ""keyword"": ""Python"", ""vacancies_found"": 425}",management_signal,calculated,See component source passports,553b83552f517147,scripts/build_platform2_artifacts.py::build_country_program_matrix
ETH,Ethiopia,,digital_analytics,aggregate_all_languages,verified_inbound_plus_program_market_review,modelled_directional_priority,2945.7122783892487,students_modelled_gap,"UIS latest actual, PPML 2026 potential, Trudvsem keyword count for program market signal",unesco_uis_opri_202602;ppml_russia_inbound_uis_opri_wpp_distance_v1;trudvsem_open_data_api,"UIS observed flow, PPML model, Работа России vacancy keyword count",docs/data/mgimo_platform2_payload.json,2026-06-18T14:59:14+00:00,actual=2023;potential=2026;vacancy=2026-06-18,"{""gap_abs"": 2945.7122783892487, ""keyword"": ""аналитик"", ""vacancies_found"": 1636}",management_signal,calculated,See component source passports,553b83552f517147,scripts/build_platform2_artifacts.py::build_country_program_matrix
ETH,Ethiopia,,international_economics,aggregate_all_languages,verified_inbound_plus_program_market_review,modelled_directional_priority,2945.7122783892487,students_modelled_gap,"UIS latest actual, PPML 2026 potential, Trudvsem keyword count for program market signal",unesco_uis_opri_202602;ppml_russia_inbound_uis_opri_wpp_distance_v1;trudvsem_open_data_api,"UIS observed flow, PPML model, Работа России vacancy keyword count",docs/data/mgimo_platform2_payload.json,2026-06-18T14:59:14+00:00,actual=2023;potential=2026;vacancy=2026-06-18,"{""gap_abs"": 2945.7122783892487, ""keyword"": ""международная экономика"", ""vacancies_found"": 140}",management_signal,calculated,See component source passports,41b77c18bc656c83,scripts/build_platform2_artifacts.py::build_country_program_matrix
ETH,Ethiopia,,international_economics,aggregate_all_languages,verified_inbound_plus_program_market_review,modelled_directional_priority,2945.7122783892487,students_modelled_gap,"UIS latest actual, PPML 2026 potential, Trudvsem keyword count for program market signal",unesco_uis_opri_202602;ppml_russia_inbound_uis_opri_wpp_distance_v1;trudvsem_open_data_api,"UIS observed flow, PPML model, Работа России vacancy keyword count",docs/data/mgimo_platform2_payload.json,2026-06-18T14:59:14+00:00,actual=2023;potential=2026;vacancy=2026-06-18,"{""gap_abs"": 2945.7122783892487, ""keyword"": ""финансовый аналитик"", ""vacancies_found"": 251}",management_signal,calculated,See component source passports,41b77c18bc656c83,scripts/build_platform2_artifacts.py::build_country_program_matrix
ETH,Ethiopia,,management_public,aggregate_all_languages,verified_inbound_plus_program_market_review,modelled_directional_priority,2945.7122783892487,students_modelled_gap,"UIS latest actual, PPML 2026 potential, Trudvsem keyword count for program market signal",unesco_uis_opri_202602;ppml_russia_inbound_uis_opri_wpp_distance_v1;trudvsem_open_data_api,"UIS observed flow, PPML model, Работа России vacancy keyword count",docs/data/mgimo_platform2_payload.json,2026-06-18T14:59:14+00:00,actual=2023;potential=2026;vacancy=2026-06-18,"{""gap_abs"": 2945.7122783892487, ""keyword"": ""управление проектами"", ""vacancies_found"": 2949}",management_signal,calculated,See component source passports,7541988f10049b00,scripts/build_platform2_artifacts.py::build_country_program_matrix
ETH,Ethiopia,,management_public,aggregate_all_languages,verified_inbound_plus_program_market_review,modelled_directional_priority,2945.7122783892487,students_modelled_gap,"UIS latest actual, PPML 2026 potential, Trudvsem keyword count for program market signal",unesco_uis_opri_202602;ppml_russia_inbound_uis_opri_wpp_distance_v1;trudvsem_open_data_api,"UIS observed flow, PPML model, Работа России vacancy keyword count",docs/data/mgimo_platform2_payload.json,2026-06-18T14:59:14+00:00,actual=2023;potential=2026;vacancy=2026-06-18,"{""gap_abs"": 2945.7122783892487, ""keyword"": ""государственное управление"", ""vacancies_found"": 10885}",management_signal,calculated,See component source passports,7541988f10049b00,scripts/build_platform2_artifacts.py::build_country_program_matrix
ETH,Ethiopia,,languages_regional,aggregate_all_languages,verified_inbound_plus_program_market_review,modelled_directional_priority,2945.7122783892487,students_modelled_gap,"UIS latest actual, PPML 2026 potential, Trudvsem keyword count for program market signal",unesco_uis_opri_202602;ppml_russia_inbound_uis_opri_wpp_distance_v1;trudvsem_open_data_api,"UIS observed flow, PPML model, Работа России vacancy keyword count",docs/data/mgimo_platform2_payload.json,2026-06-18T14:59:14+00:00,actual=2023;potential=2026;vacancy=2026-06-18,"{""gap_abs"": 2945.7122783892487, ""keyword"": ""английский язык"", ""vacancies_found"": 4211}",management_signal,calculated,See component source passports,a989d99e13c0ce3e,scripts/build_platform2_artifacts.py::build_country_program_matrix
ETH,Ethiopia,,languages_regional,aggregate_all_languages,verified_inbound_plus_program_market_review,modelled_directional_priority,2945.7122783892487,students_modelled_gap,"UIS latest actual, PPML 2026 potential, Trudvsem keyword count for program market signal",unesco_uis_opri_202602;ppml_russia_inbound_uis_opri_wpp_distance_v1;trudvsem_open_data_api,"UIS observed flow, PPML model, Работа России vacancy keyword count",docs/data/mgimo_platform2_payload.json,2026-06-18T14:59:14+00:00,actual=2023;potential=2026;vacancy=2026-06-18,"{""gap_abs"": 2945.7122783892487, ""keyword"": ""китайский язык"", ""vacancies_found"": 2809}",management_signal,calculated,See component source passports,a989d99e13c0ce3e,scripts/build_platform2_artifacts.py::build_country_program_matrix
ETH,Ethiopia,,legal_public,aggregate_all_languages,verified_inbound_plus_program_market_review,modelled_directional_priority,2945.7122783892487,students_modelled_gap,"UIS latest actual, PPML 2026 potential, Trudvsem keyword count for program market signal",unesco_uis_opri_202602;ppml_russia_inbound_uis_opri_wpp_distance_v1;trudvsem_open_data_api,"UIS observed flow, PPML model, Работа России vacancy keyword count",docs/data/mgimo_platform2_payload.json,2026-06-18T14:59:14+00:00,actual=2023;potential=2026;vacancy=2026-06-18,"{""gap_abs"": 2945.7122783892487, ""keyword"": ""юрист международное право"", ""vacancies_found"": 1}",management_signal,calculated,See component source passports,1fa6814f677841a0,scripts/build_platform2_artifacts.py::build_country_program_matrix
NLD,Netherlands,,digital_analytics,aggregate_all_languages,verified_inbound_plus_program_market_review,modelled_directional_priority,2854.392481736155,students_modelled_gap,"UIS latest actual, PPML 2026 potential, Trudvsem keyword count for program market signal",unesco_uis_opri_202602;ppml_russia_inbound_uis_opri_wpp_distance_v1;trudvsem_open_data_api,"UIS observed flow, PPML model, Работа России vacancy keyword count",docs/data/mgimo_platform2_payload.json,2026-06-18T14:59:14+00:00,actual=2023;potential=2026;vacancy=2026-06-18,"{""gap_abs"": 2854.392481736155, ""keyword"": ""SQL"", ""vacancies_found"": 736}",management_signal,calculated,See component source passports,3579478c542fa2c5,scripts/build_platform2_artifacts.py::build_country_program_matrix
NLD,Netherlands,,digital_analytics,aggregate_all_languages,verified_inbound_plus_program_market_review,modelled_directional_priority,2854.392481736155,students_modelled_gap,"UIS latest actual, PPML 2026 potential, Trudvsem keyword count for program market signal",unesco_uis_opri_202602;ppml_russia_inbound_uis_opri_wpp_distance_v1;trudvsem_open_data_api,"UIS observed flow, PPML model, Работа России vacancy keyword count",docs/data/mgimo_platform2_payload.json,2026-06-18T14:59:14+00:00,actual=2023;potential=2026;vacancy=2026-06-18,"{""gap_abs"": 2854.392481736155, ""keyword"": ""Python"", ""vacancies_found"": 425}",management_signal,calculated,See component source passports,3579478c542fa2c5,scripts/build_platform2_artifacts.py::build_country_program_matrix
NLD,Netherlands,,digital_analytics,aggregate_all_languages,verified_inbound_plus_program_market_review,modelled_directional_priority,2854.392481736155,students_modelled_gap,"UIS latest actual, PPML 2026 potential, Trudvsem keyword count for program market signal",unesco_uis_opri_202602;ppml_russia_inbound_uis_opri_wpp_distance_v1;trudvsem_open_data_api,"UIS observed flow, PPML model, Работа России vacancy keyword count",docs/data/mgimo_platform2_payload.json,2026-06-18T14:59:14+00:00,actual=2023;potential=2026;vacancy=2026-06-18,"{""gap_abs"": 2854.392481736155, ""keyword"": ""аналитик"", ""vacancies_found"": 1636}",management_signal,calculated,See component source passports,3579478c542fa2c5,scripts/build_platform2_artifacts.py::build_country_program_matrix
NLD,Netherlands,,international_economics,aggregate_all_languages,verified_inbound_plus_program_market_review,modelled_directional_priority,2854.392481736155,students_modelled_gap,"UIS latest actual, PPML 2026 potential, Trudvsem keyword count for program market signal",unesco_uis_opri_202602;ppml_russia_inbound_uis_opri_wpp_distance_v1;trudvsem_open_data_api,"UIS observed flow, PPML model, Работа России vacancy keyword count",docs/data/mgimo_platform2_payload.json,2026-06-18T14:59:14+00:00,actual=2023;potential=2026;vacancy=2026-06-18,"{""gap_abs"": 2854.392481736155, ""keyword"": ""международная экономика"", ""vacancies_found"": 140}",management_signal,calculated,See component source passports,396d142c289ba755,scripts/build_platform2_artifacts.py::build_country_program_matrix
NLD,Netherlands,,international_economics,aggregate_all_languages,verified_inbound_plus_program_market_review,modelled_directional_priority,2854.392481736155,students_modelled_gap,"UIS latest actual, PPML 2026 potential, Trudvsem keyword count for program market signal",unesco_uis_opri_202602;ppml_russia_inbound_uis_opri_wpp_distance_v1;trudvsem_open_data_api,"UIS observed flow, PPML model, Работа России vacancy keyword count",docs/data/mgimo_platform2_payload.json,2026-06-18T14:59:14+00:00,actual=2023;potential=2026;vacancy=2026-06-18,"{""gap_abs"": 2854.392481736155, ""keyword"": ""финансовый аналитик"", ""vacancies_found"": 251}",management_signal,calculated,See component source passports,396d142c289ba755,scripts/build_platform2_artifacts.py::build_country_program_matrix
NLD,Netherlands,,management_public,aggregate_all_languages,verified_inbound_plus_program_market_review,modelled_directional_priority,2854.392481736155,students_modelled_gap,"UIS latest actual, PPML 2026 potential, Trudvsem keyword count for program market signal",unesco_uis_opri_202602;ppml_russia_inbound_uis_opri_wpp_distance_v1;trudvsem_open_data_api,"UIS observed flow, PPML model, Работа России vacancy keyword count",docs/data/mgimo_platform2_payload.json,2026-06-18T14:59:14+00:00,actual=2023;potential=2026;vacancy=2026-06-18,"{""gap_abs"": 2854.392481736155, ""keyword"": ""управление проектами"", ""vacancies_found"": 2949}",management_signal,calculated,See component source passports,c46de56415c5cae8,scripts/build_platform2_artifacts.py::build_country_program_matrix
NLD,Netherlands,,management_public,aggregate_all_languages,verified_inbound_plus_program_market_review,modelled_directional_priority,2854.392481736155,students_modelled_gap,"UIS latest actual, PPML 2026 potential, Trudvsem keyword count for program market signal",unesco_uis_opri_202602;ppml_russia_inbound_uis_opri_wpp_distance_v1;trudvsem_open_data_api,"UIS observed flow, PPML model, Работа России vacancy keyword count",docs/data/mgimo_platform2_payload.json,2026-06-18T14:59:14+00:00,actual=2023;potential=2026;vacancy=2026-06-18,"{""gap_abs"": 2854.392481736155, ""keyword"": ""государственное управление"", ""vacancies_found"": 10885}",management_signal,calculated,See component source passports,c46de56415c5cae8,scripts/build_platform2_artifacts.py::build_country_program_matrix
NLD,Netherlands,,languages_regional,aggregate_all_languages,verified_inbound_plus_program_market_review,modelled_directional_priority,2854.392481736155,students_modelled_gap,"UIS latest actual, PPML 2026 potential, Trudvsem keyword count for program market signal",unesco_uis_opri_202602;ppml_russia_inbound_uis_opri_wpp_distance_v1;trudvsem_open_data_api,"UIS observed flow, PPML model, Работа России vacancy keyword count",docs/data/mgimo_platform2_payload.json,2026-06-18T14:59:14+00:00,actual=2023;potential=2026;vacancy=2026-06-18,"{""gap_abs"": 2854.392481736155, ""keyword"": ""английский язык"", ""vacancies_found"": 4211}",management_signal,calculated,See component source passports,3127efe159fdbc43,scripts/build_platform2_artifacts.py::build_country_program_matrix
NLD,Netherlands,,languages_regional,aggregate_all_languages,verified_inbound_plus_program_market_review,modelled_directional_priority,2854.392481736155,students_modelled_gap,"UIS latest actual, PPML 2026 potential, Trudvsem keyword count for program market signal",unesco_uis_opri_202602;ppml_russia_inbound_uis_opri_wpp_distance_v1;trudvsem_open_data_api,"UIS observed flow, PPML model, Работа России vacancy keyword count",docs/data/mgimo_platform2_payload.json,2026-06-18T14:59:14+00:00,actual=2023;potential=2026;vacancy=2026-06-18,"{""gap_abs"": 2854.392481736155, ""keyword"": ""китайский язык"", ""vacancies_found"": 2809}",management_signal,calculated,See component source passports,3127efe159fdbc43,scripts/build_platform2_artifacts.py::build_country_program_matrix
NLD,Netherlands,,legal_public,aggregate_all_languages,verified_inbound_plus_program_market_review,modelled_directional_priority,2854.392481736155,students_modelled_gap,"UIS latest actual, PPML 2026 potential, Trudvsem keyword count for program market signal",unesco_uis_opri_202602;ppml_russia_inbound_uis_opri_wpp_distance_v1;trudvsem_open_data_api,"UIS observed flow, PPML model, Работа России vacancy keyword count",docs/data/mgimo_platform2_payload.json,2026-06-18T14:59:14+00:00,actual=2023;potential=2026;vacancy=2026-06-18,"{""gap_abs"": 2854.392481736155, ""keyword"": ""юрист международное право"", ""vacancies_found"": 1}",management_signal,calculated,See component source passports,b9b8cedc1593ad1d,scripts/build_platform2_artifacts.py::build_country_program_matrix
HUN,Hungary,,digital_analytics,aggregate_all_languages,verified_inbound_plus_program_market_review,modelled_directional_priority,2746.680453846487,students_modelled_gap,"UIS latest actual, PPML 2026 potential, Trudvsem keyword count for program market signal",unesco_uis_opri_202602;ppml_russia_inbound_uis_opri_wpp_distance_v1;trudvsem_open_data_api,"UIS observed flow, PPML model, Работа России vacancy keyword count",docs/data/mgimo_platform2_payload.json,2026-06-18T14:59:14+00:00,actual=2023;potential=2026;vacancy=2026-06-18,"{""gap_abs"": 2746.680453846487, ""keyword"": ""SQL"", ""vacancies_found"": 736}",management_signal,calculated,See component source passports,062c95de4d3b3c89,scripts/build_platform2_artifacts.py::build_country_program_matrix
HUN,Hungary,,digital_analytics,aggregate_all_languages,verified_inbound_plus_program_market_review,modelled_directional_priority,2746.680453846487,students_modelled_gap,"UIS latest actual, PPML 2026 potential, Trudvsem keyword count for program market signal",unesco_uis_opri_202602;ppml_russia_inbound_uis_opri_wpp_distance_v1;trudvsem_open_data_api,"UIS observed flow, PPML model, Работа России vacancy keyword count",docs/data/mgimo_platform2_payload.json,2026-06-18T14:59:14+00:00,actual=2023;potential=2026;vacancy=2026-06-18,"{""gap_abs"": 2746.680453846487, ""keyword"": ""Python"", ""vacancies_found"": 425}",management_signal,calculated,See component source passports,062c95de4d3b3c89,scripts/build_platform2_artifacts.py::build_country_program_matrix
HUN,Hungary,,digital_analytics,aggregate_all_languages,verified_inbound_plus_program_market_review,modelled_directional_priority,2746.680453846487,students_modelled_gap,"UIS latest actual, PPML 2026 potential, Trudvsem keyword count for program market signal",unesco_uis_opri_202602;ppml_russia_inbound_uis_opri_wpp_distance_v1;trudvsem_open_data_api,"UIS observed flow, PPML model, Работа России vacancy keyword count",docs/data/mgimo_platform2_payload.json,2026-06-18T14:59:14+00:00,actual=2023;potential=2026;vacancy=2026-06-18,"{""gap_abs"": 2746.680453846487, ""keyword"": ""аналитик"", ""vacancies_found"": 1636}",management_signal,calculated,See component source passports,062c95de4d3b3c89,scripts/build_platform2_artifacts.py::build_country_program_matrix
HUN,Hungary,,international_economics,aggregate_all_languages,verified_inbound_plus_program_market_review,modelled_directional_priority,2746.680453846487,students_modelled_gap,"UIS latest actual, PPML 2026 potential, Trudvsem keyword count for program market signal",unesco_uis_opri_202602;ppml_russia_inbound_uis_opri_wpp_distance_v1;trudvsem_open_data_api,"UIS observed flow, PPML model, Работа России vacancy keyword count",docs/data/mgimo_platform2_payload.json,2026-06-18T14:59:14+00:00,actual=2023;potential=2026;vacancy=2026-06-18,"{""gap_abs"": 2746.680453846487, ""keyword"": ""международная экономика"", ""vacancies_found"": 140}",management_signal,calculated,See component source passports,69ea0a3f4afd1123,scripts/build_platform2_artifacts.py::build_country_program_matrix
HUN,Hungary,,international_economics,aggregate_all_languages,verified_inbound_plus_program_market_review,modelled_directional_priority,2746.680453846487,students_modelled_gap,"UIS latest actual, PPML 2026 potential, Trudvsem keyword count for program market signal",unesco_uis_opri_202602;ppml_russia_inbound_uis_opri_wpp_distance_v1;trudvsem_open_data_api,"UIS observed flow, PPML model, Работа России vacancy keyword count",docs/data/mgimo_platform2_payload.json,2026-06-18T14:59:14+00:00,actual=2023;potential=2026;vacancy=2026-06-18,"{""gap_abs"": 2746.680453846487, ""keyword"": ""финансовый аналитик"", ""vacancies_found"": 251}",management_signal,calculated,See component source passports,69ea0a3f4afd1123,scripts/build_platform2_artifacts.py::build_country_program_matrix
HUN,Hungary,,management_public,aggregate_all_languages,verified_inbound_plus_program_market_review,modelled_directional_priority,2746.680453846487,students_modelled_gap,"UIS latest actual, PPML 2026 potential, Trudvsem keyword count for program market signal",unesco_uis_opri_202602;ppml_russia_inbound_uis_opri_wpp_distance_v1;trudvsem_open_data_api,"UIS observed flow, PPML model, Работа России vacancy keyword count",docs/data/mgimo_platform2_payload.json,2026-06-18T14:59:14+00:00,actual=2023;potential=2026;vacancy=2026-06-18,"{""gap_abs"": 2746.680453846487, ""keyword"": ""управление проектами"", ""vacancies_found"": 2949}",management_signal,calculated,See component source passports,c1eb87eb6533716b,scripts/build_platform2_artifacts.py::build_country_program_matrix
HUN,Hungary,,management_public,aggregate_all_languages,verified_inbound_plus_program_market_review,modelled_directional_priority,2746.680453846487,students_modelled_gap,"UIS latest actual, PPML 2026 potential, Trudvsem keyword count for program market signal",unesco_uis_opri_202602;ppml_russia_inbound_uis_opri_wpp_distance_v1;trudvsem_open_data_api,"UIS observed flow, PPML model, Работа России vacancy keyword count",docs/data/mgimo_platform2_payload.json,2026-06-18T14:59:14+00:00,actual=2023;potential=2026;vacancy=2026-06-18,"{""gap_abs"": 2746.680453846487, ""keyword"": ""государственное управление"", ""vacancies_found"": 10885}",management_signal,calculated,See component source passports,c1eb87eb6533716b,scripts/build_platform2_artifacts.py::build_country_program_matrix
HUN,Hungary,,languages_regional,aggregate_all_languages,verified_inbound_plus_program_market_review,modelled_directional_priority,2746.680453846487,students_modelled_gap,"UIS latest actual, PPML 2026 potential, Trudvsem keyword count for program market signal",unesco_uis_opri_202602;ppml_russia_inbound_uis_opri_wpp_distance_v1;trudvsem_open_data_api,"UIS observed flow, PPML model, Работа России vacancy keyword count",docs/data/mgimo_platform2_payload.json,2026-06-18T14:59:14+00:00,actual=2023;potential=2026;vacancy=2026-06-18,"{""gap_abs"": 2746.680453846487, ""keyword"": ""английский язык"", ""vacancies_found"": 4211}",management_signal,calculated,See component source passports,afb8a5721bf31e9f,scripts/build_platform2_artifacts.py::build_country_program_matrix
HUN,Hungary,,languages_regional,aggregate_all_languages,verified_inbound_plus_program_market_review,modelled_directional_priority,2746.680453846487,students_modelled_gap,"UIS latest actual, PPML 2026 potential, Trudvsem keyword count for program market signal",unesco_uis_opri_202602;ppml_russia_inbound_uis_opri_wpp_distance_v1;trudvsem_open_data_api,"UIS observed flow, PPML model, Работа России vacancy keyword count",docs/data/mgimo_platform2_payload.json,2026-06-18T14:59:14+00:00,actual=2023;potential=2026;vacancy=2026-06-18,"{""gap_abs"": 2746.680453846487, ""keyword"": ""китайский язык"", ""vacancies_found"": 2809}",management_signal,calculated,See component source passports,afb8a5721bf31e9f,scripts/build_platform2_artifacts.py::build_country_program_matrix
HUN,Hungary,,legal_public,aggregate_all_languages,verified_inbound_plus_program_market_review,modelled_directional_priority,2746.680453846487,students_modelled_gap,"UIS latest actual, PPML 2026 potential, Trudvsem keyword count for program market signal",unesco_uis_opri_202602;ppml_russia_inbound_uis_opri_wpp_distance_v1;trudvsem_open_data_api,"UIS observed flow, PPML model, Работа России vacancy keyword count",docs/data/mgimo_platform2_payload.json,2026-06-18T14:59:14+00:00,actual=2023;potential=2026;vacancy=2026-06-18,"{""gap_abs"": 2746.680453846487, ""keyword"": ""юрист международное право"", ""vacancies_found"": 1}",management_signal,calculated,See component source passports,f09c39c053434e5a,scripts/build_platform2_artifacts.py::build_country_program_matrix
BGD,Bangladesh,,digital_analytics,aggregate_all_languages,verified_inbound_plus_program_market_review,modelled_directional_priority,2721.9747461734487,students_modelled_gap,"UIS latest actual, PPML 2026 potential, Trudvsem keyword count for program market signal",unesco_uis_opri_202602;ppml_russia_inbound_uis_opri_wpp_distance_v1;trudvsem_open_data_api,"UIS observed flow, PPML model, Работа России vacancy keyword count",docs/data/mgimo_platform2_payload.json,2026-06-18T14:59:14+00:00,actual=2023;potential=2026;vacancy=2026-06-18,"{""gap_abs"": 2721.9747461734487, ""keyword"": ""SQL"", ""vacancies_found"": 736}",management_signal,calculated,See component source passports,f1394c274b71b6bb,scripts/build_platform2_artifacts.py::build_country_program_matrix
BGD,Bangladesh,,digital_analytics,aggregate_all_languages,verified_inbound_plus_program_market_review,modelled_directional_priority,2721.9747461734487,students_modelled_gap,"UIS latest actual, PPML 2026 potential, Trudvsem keyword count for program market signal",unesco_uis_opri_202602;ppml_russia_inbound_uis_opri_wpp_distance_v1;trudvsem_open_data_api,"UIS observed flow, PPML model, Работа России vacancy keyword count",docs/data/mgimo_platform2_payload.json,2026-06-18T14:59:14+00:00,actual=2023;potential=2026;vacancy=2026-06-18,"{""gap_abs"": 2721.9747461734487, ""keyword"": ""Python"", ""vacancies_found"": 425}",management_signal,calculated,See component source passports,f1394c274b71b6bb,scripts/build_platform2_artifacts.py::build_country_program_matrix
BGD,Bangladesh,,digital_analytics,aggregate_all_languages,verified_inbound_plus_program_market_review,modelled_directional_priority,2721.9747461734487,students_modelled_gap,"UIS latest actual, PPML 2026 potential, Trudvsem keyword count for program market signal",unesco_uis_opri_202602;ppml_russia_inbound_uis_opri_wpp_distance_v1;trudvsem_open_data_api,"UIS observed flow, PPML model, Работа России vacancy keyword count",docs/data/mgimo_platform2_payload.json,2026-06-18T14:59:14+00:00,actual=2023;potential=2026;vacancy=2026-06-18,"{""gap_abs"": 2721.9747461734487, ""keyword"": ""аналитик"", ""vacancies_found"": 1636}",management_signal,calculated,See component source passports,f1394c274b71b6bb,scripts/build_platform2_artifacts.py::build_country_program_matrix
BGD,Bangladesh,,international_economics,aggregate_all_languages,verified_inbound_plus_program_market_review,modelled_directional_priority,2721.9747461734487,students_modelled_gap,"UIS latest actual, PPML 2026 potential, Trudvsem keyword count for program market signal",unesco_uis_opri_202602;ppml_russia_inbound_uis_opri_wpp_distance_v1;trudvsem_open_data_api,"UIS observed flow, PPML model, Работа России vacancy keyword count",docs/data/mgimo_platform2_payload.json,2026-06-18T14:59:14+00:00,actual=2023;potential=2026;vacancy=2026-06-18,"{""gap_abs"": 2721.9747461734487, ""keyword"": ""международная экономика"", ""vacancies_found"": 140}",management_signal,calculated,See component source passports,cd0719dbec2e150a,scripts/build_platform2_artifacts.py::build_country_program_matrix
BGD,Bangladesh,,international_economics,aggregate_all_languages,verified_inbound_plus_program_market_review,modelled_directional_priority,2721.9747461734487,students_modelled_gap,"UIS latest actual, PPML 2026 potential, Trudvsem keyword count for program market signal",unesco_uis_opri_202602;ppml_russia_inbound_uis_opri_wpp_distance_v1;trudvsem_open_data_api,"UIS observed flow, PPML model, Работа России vacancy keyword count",docs/data/mgimo_platform2_payload.json,2026-06-18T14:59:14+00:00,actual=2023;potential=2026;vacancy=2026-06-18,"{""gap_abs"": 2721.9747461734487, ""keyword"": ""финансовый аналитик"", ""vacancies_found"": 251}",management_signal,calculated,See component source passports,cd0719dbec2e150a,scripts/build_platform2_artifacts.py::build_country_program_matrix
BGD,Bangladesh,,management_public,aggregate_all_languages,verified_inbound_plus_program_market_review,modelled_directional_priority,2721.9747461734487,students_modelled_gap,"UIS latest actual, PPML 2026 potential, Trudvsem keyword count for program market signal",unesco_uis_opri_202602;ppml_russia_inbound_uis_opri_wpp_distance_v1;trudvsem_open_data_api,"UIS observed flow, PPML model, Работа России vacancy keyword count",docs/data/mgimo_platform2_payload.json,2026-06-18T14:59:14+00:00,actual=2023;potential=2026;vacancy=2026-06-18,"{""gap_abs"": 2721.9747461734487, ""keyword"": ""управление проектами"", ""vacancies_found"": 2949}",management_signal,calculated,See component source passports,2a67d79238a0629c,scripts/build_platform2_artifacts.py::build_country_program_matrix
BGD,Bangladesh,,management_public,aggregate_all_languages,verified_inbound_plus_program_market_review,modelled_directional_priority,2721.9747461734487,students_modelled_gap,"UIS latest actual, PPML 2026 potential, Trudvsem keyword count for program market signal",unesco_uis_opri_202602;ppml_russia_inbound_uis_opri_wpp_distance_v1;trudvsem_open_data_api,"UIS observed flow, PPML model, Работа России vacancy keyword count",docs/data/mgimo_platform2_payload.json,2026-06-18T14:59:14+00:00,actual=2023;potential=2026;vacancy=2026-06-18,"{""gap_abs"": 2721.9747461734487, ""keyword"": ""государственное управление"", ""vacancies_found"": 10885}",management_signal,calculated,See component source passports,2a67d79238a0629c,scripts/build_platform2_artifacts.py::build_country_program_matrix
BGD,Bangladesh,,languages_regional,aggregate_all_languages,verified_inbound_plus_program_market_review,modelled_directional_priority,2721.9747461734487,students_modelled_gap,"UIS latest actual, PPML 2026 potential, Trudvsem keyword count for program market signal",unesco_uis_opri_202602;ppml_russia_inbound_uis_opri_wpp_distance_v1;trudvsem_open_data_api,"UIS observed flow, PPML model, Работа России vacancy keyword count",docs/data/mgimo_platform2_payload.json,2026-06-18T14:59:14+00:00,actual=2023;potential=2026;vacancy=2026-06-18,"{""gap_abs"": 2721.9747461734487, ""keyword"": ""английский язык"", ""vacancies_found"": 4211}",management_signal,calculated,See component source passports,248b4e2fe89e16f8,scripts/build_platform2_artifacts.py::build_country_program_matrix
BGD,Bangladesh,,languages_regional,aggregate_all_languages,verified_inbound_plus_program_market_review,modelled_directional_priority,2721.9747461734487,students_modelled_gap,"UIS latest actual, PPML 2026 potential, Trudvsem keyword count for program market signal",unesco_uis_opri_202602;ppml_russia_inbound_uis_opri_wpp_distance_v1;trudvsem_open_data_api,"UIS observed flow, PPML model, Работа России vacancy keyword count",docs/data/mgimo_platform2_payload.json,2026-06-18T14:59:14+00:00,actual=2023;potential=2026;vacancy=2026-06-18,"{""gap_abs"": 2721.9747461734487, ""keyword"": ""китайский язык"", ""vacancies_found"": 2809}",management_signal,calculated,See component source passports,248b4e2fe89e16f8,scripts/build_platform2_artifacts.py::build_country_program_matrix
BGD,Bangladesh,,legal_public,aggregate_all_languages,verified_inbound_plus_program_market_review,modelled_directional_priority,2721.9747461734487,students_modelled_gap,"UIS latest actual, PPML 2026 potential, Trudvsem keyword count for program market signal",unesco_uis_opri_202602;ppml_russia_inbound_uis_opri_wpp_distance_v1;trudvsem_open_data_api,"UIS observed flow, PPML model, Работа России vacancy keyword count",docs/data/mgimo_platform2_payload.json,2026-06-18T14:59:14+00:00,actual=2023;potential=2026;vacancy=2026-06-18,"{""gap_abs"": 2721.9747461734487, ""keyword"": ""юрист международное право"", ""vacancies_found"": 1}",management_signal,calculated,See component source passports,9faa64f2925858f5,scripts/build_platform2_artifacts.py::build_country_program_matrix
LVA,Latvia,,digital_analytics,aggregate_all_languages,verified_inbound_plus_program_market_review,modelled_directional_priority,2511.476155279371,students_modelled_gap,"UIS latest actual, PPML 2026 potential, Trudvsem keyword count for program market signal",unesco_uis_opri_202602;ppml_russia_inbound_uis_opri_wpp_distance_v1;trudvsem_open_data_api,"UIS observed flow, PPML model, Работа России vacancy keyword count",docs/data/mgimo_platform2_payload.json,2026-06-18T14:59:14+00:00,actual=2023;potential=2026;vacancy=2026-06-18,"{""gap_abs"": 2511.476155279371, ""keyword"": ""SQL"", ""vacancies_found"": 736}",management_signal,calculated,See component source passports,e9476549a7a54d93,scripts/build_platform2_artifacts.py::build_country_program_matrix
LVA,Latvia,,digital_analytics,aggregate_all_languages,verified_inbound_plus_program_market_review,modelled_directional_priority,2511.476155279371,students_modelled_gap,"UIS latest actual, PPML 2026 potential, Trudvsem keyword count for program market signal",unesco_uis_opri_202602;ppml_russia_inbound_uis_opri_wpp_distance_v1;trudvsem_open_data_api,"UIS observed flow, PPML model, Работа России vacancy keyword count",docs/data/mgimo_platform2_payload.json,2026-06-18T14:59:14+00:00,actual=2023;potential=2026;vacancy=2026-06-18,"{""gap_abs"": 2511.476155279371, ""keyword"": ""Python"", ""vacancies_found"": 425}",management_signal,calculated,See component source passports,e9476549a7a54d93,scripts/build_platform2_artifacts.py::build_country_program_matrix
LVA,Latvia,,digital_analytics,aggregate_all_languages,verified_inbound_plus_program_market_review,modelled_directional_priority,2511.476155279371,students_modelled_gap,"UIS latest actual, PPML 2026 potential, Trudvsem keyword count for program market signal",unesco_uis_opri_202602;ppml_russia_inbound_uis_opri_wpp_distance_v1;trudvsem_open_data_api,"UIS observed flow, PPML model, Работа России vacancy keyword count",docs/data/mgimo_platform2_payload.json,2026-06-18T14:59:14+00:00,actual=2023;potential=2026;vacancy=2026-06-18,"{""gap_abs"": 2511.476155279371, ""keyword"": ""аналитик"", ""vacancies_found"": 1636}",management_signal,calculated,See component source passports,e9476549a7a54d93,scripts/build_platform2_artifacts.py::build_country_program_matrix
LVA,Latvia,,international_economics,aggregate_all_languages,verified_inbound_plus_program_market_review,modelled_directional_priority,2511.476155279371,students_modelled_gap,"UIS latest actual, PPML 2026 potential, Trudvsem keyword count for program market signal",unesco_uis_opri_202602;ppml_russia_inbound_uis_opri_wpp_distance_v1;trudvsem_open_data_api,"UIS observed flow, PPML model, Работа России vacancy keyword count",docs/data/mgimo_platform2_payload.json,2026-06-18T14:59:14+00:00,actual=2023;potential=2026;vacancy=2026-06-18,"{""gap_abs"": 2511.476155279371, ""keyword"": ""международная экономика"", ""vacancies_found"": 140}",management_signal,calculated,See component source passports,f523fc53733489d1,scripts/build_platform2_artifacts.py::build_country_program_matrix
LVA,Latvia,,international_economics,aggregate_all_languages,verified_inbound_plus_program_market_review,modelled_directional_priority,2511.476155279371,students_modelled_gap,"UIS latest actual, PPML 2026 potential, Trudvsem keyword count for program market signal",unesco_uis_opri_202602;ppml_russia_inbound_uis_opri_wpp_distance_v1;trudvsem_open_data_api,"UIS observed flow, PPML model, Работа России vacancy keyword count",docs/data/mgimo_platform2_payload.json,2026-06-18T14:59:14+00:00,actual=2023;potential=2026;vacancy=2026-06-18,"{""gap_abs"": 2511.476155279371, ""keyword"": ""финансовый аналитик"", ""vacancies_found"": 251}",management_signal,calculated,See component source passports,f523fc53733489d1,scripts/build_platform2_artifacts.py::build_country_program_matrix
LVA,Latvia,,management_public,aggregate_all_languages,verified_inbound_plus_program_market_review,modelled_directional_priority,2511.476155279371,students_modelled_gap,"UIS latest actual, PPML 2026 potential, Trudvsem keyword count for program market signal",unesco_uis_opri_202602;ppml_russia_inbound_uis_opri_wpp_distance_v1;trudvsem_open_data_api,"UIS observed flow, PPML model, Работа России vacancy keyword count",docs/data/mgimo_platform2_payload.json,2026-06-18T14:59:14+00:00,actual=2023;potential=2026;vacancy=2026-06-18,"{""gap_abs"": 2511.476155279371, ""keyword"": ""управление проектами"", ""vacancies_found"": 2949}",management_signal,calculated,See component source passports,f525f5b3dcfede99,scripts/build_platform2_artifacts.py::build_country_program_matrix
LVA,Latvia,,management_public,aggregate_all_languages,verified_inbound_plus_program_market_review,modelled_directional_priority,2511.476155279371,students_modelled_gap,"UIS latest actual, PPML 2026 potential, Trudvsem keyword count for program market signal",unesco_uis_opri_202602;ppml_russia_inbound_uis_opri_wpp_distance_v1;trudvsem_open_data_api,"UIS observed flow, PPML model, Работа России vacancy keyword count",docs/data/mgimo_platform2_payload.json,2026-06-18T14:59:14+00:00,actual=2023;potential=2026;vacancy=2026-06-18,"{""gap_abs"": 2511.476155279371, ""keyword"": ""государственное управление"", ""vacancies_found"": 10885}",management_signal,calculated,See component source passports,f525f5b3dcfede99,scripts/build_platform2_artifacts.py::build_country_program_matrix
LVA,Latvia,,languages_regional,aggregate_all_languages,verified_inbound_plus_program_market_review,modelled_directional_priority,2511.476155279371,students_modelled_gap,"UIS latest actual, PPML 2026 potential, Trudvsem keyword count for program market signal",unesco_uis_opri_202602;ppml_russia_inbound_uis_opri_wpp_distance_v1;trudvsem_open_data_api,"UIS observed flow, PPML model, Работа России vacancy keyword count",docs/data/mgimo_platform2_payload.json,2026-06-18T14:59:14+00:00,actual=2023;potential=2026;vacancy=2026-06-18,"{""gap_abs"": 2511.476155279371, ""keyword"": ""английский язык"", ""vacancies_found"": 4211}",management_signal,calculated,See component source passports,03dd3346e7fe0d2a,scripts/build_platform2_artifacts.py::build_country_program_matrix
LVA,Latvia,,languages_regional,aggregate_all_languages,verified_inbound_plus_program_market_review,modelled_directional_priority,2511.476155279371,students_modelled_gap,"UIS latest actual, PPML 2026 potential, Trudvsem keyword count for program market signal",unesco_uis_opri_202602;ppml_russia_inbound_uis_opri_wpp_distance_v1;trudvsem_open_data_api,"UIS observed flow, PPML model, Работа России vacancy keyword count",docs/data/mgimo_platform2_payload.json,2026-06-18T14:59:14+00:00,actual=2023;potential=2026;vacancy=2026-06-18,"{""gap_abs"": 2511.476155279371, ""keyword"": ""китайский язык"", ""vacancies_found"": 2809}",management_signal,calculated,See component source passports,03dd3346e7fe0d2a,scripts/build_platform2_artifacts.py::build_country_program_matrix
LVA,Latvia,,legal_public,aggregate_all_languages,verified_inbound_plus_program_market_review,modelled_directional_priority,2511.476155279371,students_modelled_gap,"UIS latest actual, PPML 2026 potential, Trudvsem keyword count for program market signal",unesco_uis_opri_202602;ppml_russia_inbound_uis_opri_wpp_distance_v1;trudvsem_open_data_api,"UIS observed flow, PPML model, Работа России vacancy keyword count",docs/data/mgimo_platform2_payload.json,2026-06-18T14:59:14+00:00,actual=2023;potential=2026;vacancy=2026-06-18,"{""gap_abs"": 2511.476155279371, ""keyword"": ""юрист международное право"", ""vacancies_found"": 1}",management_signal,calculated,See component source passports,19555d20623ece36,scripts/build_platform2_artifacts.py::build_country_program_matrix
ESP,Spain,,digital_analytics,aggregate_all_languages,verified_inbound_plus_program_market_review,modelled_directional_priority,2151.102676819885,students_modelled_gap,"UIS latest actual, PPML 2026 potential, Trudvsem keyword count for program market signal",unesco_uis_opri_202602;ppml_russia_inbound_uis_opri_wpp_distance_v1;trudvsem_open_data_api,"UIS observed flow, PPML model, Работа России vacancy keyword count",docs/data/mgimo_platform2_payload.json,2026-06-18T14:59:14+00:00,actual=2023;potential=2026;vacancy=2026-06-18,"{""gap_abs"": 2151.102676819885, ""keyword"": ""SQL"", ""vacancies_found"": 736}",management_signal,calculated,See component source passports,85ad0c781a813583,scripts/build_platform2_artifacts.py::build_country_program_matrix
ESP,Spain,,digital_analytics,aggregate_all_languages,verified_inbound_plus_program_market_review,modelled_directional_priority,2151.102676819885,students_modelled_gap,"UIS latest actual, PPML 2026 potential, Trudvsem keyword count for program market signal",unesco_uis_opri_202602;ppml_russia_inbound_uis_opri_wpp_distance_v1;trudvsem_open_data_api,"UIS observed flow, PPML model, Работа России vacancy keyword count",docs/data/mgimo_platform2_payload.json,2026-06-18T14:59:14+00:00,actual=2023;potential=2026;vacancy=2026-06-18,"{""gap_abs"": 2151.102676819885, ""keyword"": ""Python"", ""vacancies_found"": 425}",management_signal,calculated,See component source passports,85ad0c781a813583,scripts/build_platform2_artifacts.py::build_country_program_matrix
ESP,Spain,,digital_analytics,aggregate_all_languages,verified_inbound_plus_program_market_review,modelled_directional_priority,2151.102676819885,students_modelled_gap,"UIS latest actual, PPML 2026 potential, Trudvsem keyword count for program market signal",unesco_uis_opri_202602;ppml_russia_inbound_uis_opri_wpp_distance_v1;trudvsem_open_data_api,"UIS observed flow, PPML model, Работа России vacancy keyword count",docs/data/mgimo_platform2_payload.json,2026-06-18T14:59:14+00:00,actual=2023;potential=2026;vacancy=2026-06-18,"{""gap_abs"": 2151.102676819885, ""keyword"": ""аналитик"", ""vacancies_found"": 1636}",management_signal,calculated,See component source passports,85ad0c781a813583,scripts/build_platform2_artifacts.py::build_country_program_matrix
ESP,Spain,,international_economics,aggregate_all_languages,verified_inbound_plus_program_market_review,modelled_directional_priority,2151.102676819885,students_modelled_gap,"UIS latest actual, PPML 2026 potential, Trudvsem keyword count for program market signal",unesco_uis_opri_202602;ppml_russia_inbound_uis_opri_wpp_distance_v1;trudvsem_open_data_api,"UIS observed flow, PPML model, Работа России vacancy keyword count",docs/data/mgimo_platform2_payload.json,2026-06-18T14:59:14+00:00,actual=2023;potential=2026;vacancy=2026-06-18,"{""gap_abs"": 2151.102676819885, ""keyword"": ""международная экономика"", ""vacancies_found"": 140}",management_signal,calculated,See component source passports,afe6a21a4a0dab26,scripts/build_platform2_artifacts.py::build_country_program_matrix
ESP,Spain,,international_economics,aggregate_all_languages,verified_inbound_plus_program_market_review,modelled_directional_priority,2151.102676819885,students_modelled_gap,"UIS latest actual, PPML 2026 potential, Trudvsem keyword count for program market signal",unesco_uis_opri_202602;ppml_russia_inbound_uis_opri_wpp_distance_v1;trudvsem_open_data_api,"UIS observed flow, PPML model, Работа России vacancy keyword count",docs/data/mgimo_platform2_payload.json,2026-06-18T14:59:14+00:00,actual=2023;potential=2026;vacancy=2026-06-18,"{""gap_abs"": 2151.102676819885, ""keyword"": ""финансовый аналитик"", ""vacancies_found"": 251}",management_signal,calculated,See component source passports,afe6a21a4a0dab26,scripts/build_platform2_artifacts.py::build_country_program_matrix
ESP,Spain,,management_public,aggregate_all_languages,verified_inbound_plus_program_market_review,modelled_directional_priority,2151.102676819885,students_modelled_gap,"UIS latest actual, PPML 2026 potential, Trudvsem keyword count for program market signal",unesco_uis_opri_202602;ppml_russia_inbound_uis_opri_wpp_distance_v1;trudvsem_open_data_api,"UIS observed flow, PPML model, Работа России vacancy keyword count",docs/data/mgimo_platform2_payload.json,2026-06-18T14:59:14+00:00,actual=2023;potential=2026;vacancy=2026-06-18,"{""gap_abs"": 2151.102676819885, ""keyword"": ""управление проектами"", ""vacancies_found"": 2949}",management_signal,calculated,See component source passports,b2f152682fbb2af9,scripts/build_platform2_artifacts.py::build_country_program_matrix
ESP,Spain,,management_public,aggregate_all_languages,verified_inbound_plus_program_market_review,modelled_directional_priority,2151.102676819885,students_modelled_gap,"UIS latest actual, PPML 2026 potential, Trudvsem keyword count for program market signal",unesco_uis_opri_202602;ppml_russia_inbound_uis_opri_wpp_distance_v1;trudvsem_open_data_api,"UIS observed flow, PPML model, Работа России vacancy keyword count",docs/data/mgimo_platform2_payload.json,2026-06-18T14:59:14+00:00,actual=2023;potential=2026;vacancy=2026-06-18,"{""gap_abs"": 2151.102676819885, ""keyword"": ""государственное управление"", ""vacancies_found"": 10885}",management_signal,calculated,See component source passports,b2f152682fbb2af9,scripts/build_platform2_artifacts.py::build_country_program_matrix
ESP,Spain,,languages_regional,aggregate_all_languages,verified_inbound_plus_program_market_review,modelled_directional_priority,2151.102676819885,students_modelled_gap,"UIS latest actual, PPML 2026 potential, Trudvsem keyword count for program market signal",unesco_uis_opri_202602;ppml_russia_inbound_uis_opri_wpp_distance_v1;trudvsem_open_data_api,"UIS observed flow, PPML model, Работа России vacancy keyword count",docs/data/mgimo_platform2_payload.json,2026-06-18T14:59:14+00:00,actual=2023;potential=2026;vacancy=2026-06-18,"{""gap_abs"": 2151.102676819885, ""keyword"": ""английский язык"", ""vacancies_found"": 4211}",management_signal,calculated,See component source passports,62e2bea1acb6be75,scripts/build_platform2_artifacts.py::build_country_program_matrix
ESP,Spain,,languages_regional,aggregate_all_languages,verified_inbound_plus_program_market_review,modelled_directional_priority,2151.102676819885,students_modelled_gap,"UIS latest actual, PPML 2026 potential, Trudvsem keyword count for program market signal",unesco_uis_opri_202602;ppml_russia_inbound_uis_opri_wpp_distance_v1;trudvsem_open_data_api,"UIS observed flow, PPML model, Работа России vacancy keyword count",docs/data/mgimo_platform2_payload.json,2026-06-18T14:59:14+00:00,actual=2023;potential=2026;vacancy=2026-06-18,"{""gap_abs"": 2151.102676819885, ""keyword"": ""китайский язык"", ""vacancies_found"": 2809}",management_signal,calculated,See component source passports,62e2bea1acb6be75,scripts/build_platform2_artifacts.py::build_country_program_matrix
ESP,Spain,,legal_public,aggregate_all_languages,verified_inbound_plus_program_market_review,modelled_directional_priority,2151.102676819885,students_modelled_gap,"UIS latest actual, PPML 2026 potential, Trudvsem keyword count for program market signal",unesco_uis_opri_202602;ppml_russia_inbound_uis_opri_wpp_distance_v1;trudvsem_open_data_api,"UIS observed flow, PPML model, Работа России vacancy keyword count",docs/data/mgimo_platform2_payload.json,2026-06-18T14:59:14+00:00,actual=2023;potential=2026;vacancy=2026-06-18,"{""gap_abs"": 2151.102676819885, ""keyword"": ""юрист международное право"", ""vacancies_found"": 1}",management_signal,calculated,See component source passports,f2d819d608fd8407,scripts/build_platform2_artifacts.py::build_country_program_matrix
EST,Estonia,,digital_analytics,aggregate_all_languages,verified_inbound_plus_program_market_review,modelled_directional_priority,2145.3030493015963,students_modelled_gap,"UIS latest actual, PPML 2026 potential, Trudvsem keyword count for program market signal",unesco_uis_opri_202602;ppml_russia_inbound_uis_opri_wpp_distance_v1;trudvsem_open_data_api,"UIS observed flow, PPML model, Работа России vacancy keyword count",docs/data/mgimo_platform2_payload.json,2026-06-18T14:59:14+00:00,actual=2023;potential=2026;vacancy=2026-06-18,"{""gap_abs"": 2145.3030493015963, ""keyword"": ""SQL"", ""vacancies_found"": 736}",management_signal,calculated,See component source passports,e22e7c365407acc1,scripts/build_platform2_artifacts.py::build_country_program_matrix
EST,Estonia,,digital_analytics,aggregate_all_languages,verified_inbound_plus_program_market_review,modelled_directional_priority,2145.3030493015963,students_modelled_gap,"UIS latest actual, PPML 2026 potential, Trudvsem keyword count for program market signal",unesco_uis_opri_202602;ppml_russia_inbound_uis_opri_wpp_distance_v1;trudvsem_open_data_api,"UIS observed flow, PPML model, Работа России vacancy keyword count",docs/data/mgimo_platform2_payload.json,2026-06-18T14:59:14+00:00,actual=2023;potential=2026;vacancy=2026-06-18,"{""gap_abs"": 2145.3030493015963, ""keyword"": ""Python"", ""vacancies_found"": 425}",management_signal,calculated,See component source passports,e22e7c365407acc1,scripts/build_platform2_artifacts.py::build_country_program_matrix
EST,Estonia,,digital_analytics,aggregate_all_languages,verified_inbound_plus_program_market_review,modelled_directional_priority,2145.3030493015963,students_modelled_gap,"UIS latest actual, PPML 2026 potential, Trudvsem keyword count for program market signal",unesco_uis_opri_202602;ppml_russia_inbound_uis_opri_wpp_distance_v1;trudvsem_open_data_api,"UIS observed flow, PPML model, Работа России vacancy keyword count",docs/data/mgimo_platform2_payload.json,2026-06-18T14:59:14+00:00,actual=2023;potential=2026;vacancy=2026-06-18,"{""gap_abs"": 2145.3030493015963, ""keyword"": ""аналитик"", ""vacancies_found"": 1636}",management_signal,calculated,See component source passports,e22e7c365407acc1,scripts/build_platform2_artifacts.py::build_country_program_matrix
EST,Estonia,,international_economics,aggregate_all_languages,verified_inbound_plus_program_market_review,modelled_directional_priority,2145.3030493015963,students_modelled_gap,"UIS latest actual, PPML 2026 potential, Trudvsem keyword count for program market signal",unesco_uis_opri_202602;ppml_russia_inbound_uis_opri_wpp_distance_v1;trudvsem_open_data_api,"UIS observed flow, PPML model, Работа России vacancy keyword count",docs/data/mgimo_platform2_payload.json,2026-06-18T14:59:14+00:00,actual=2023;potential=2026;vacancy=2026-06-18,"{""gap_abs"": 2145.3030493015963, ""keyword"": ""международная экономика"", ""vacancies_found"": 140}",management_signal,calculated,See component source passports,5aa28efc9d8da215,scripts/build_platform2_artifacts.py::build_country_program_matrix
EST,Estonia,,international_economics,aggregate_all_languages,verified_inbound_plus_program_market_review,modelled_directional_priority,2145.3030493015963,students_modelled_gap,"UIS latest actual, PPML 2026 potential, Trudvsem keyword count for program market signal",unesco_uis_opri_202602;ppml_russia_inbound_uis_opri_wpp_distance_v1;trudvsem_open_data_api,"UIS observed flow, PPML model, Работа России vacancy keyword count",docs/data/mgimo_platform2_payload.json,2026-06-18T14:59:14+00:00,actual=2023;potential=2026;vacancy=2026-06-18,"{""gap_abs"": 2145.3030493015963, ""keyword"": ""финансовый аналитик"", ""vacancies_found"": 251}",management_signal,calculated,See component source passports,5aa28efc9d8da215,scripts/build_platform2_artifacts.py::build_country_program_matrix
EST,Estonia,,management_public,aggregate_all_languages,verified_inbound_plus_program_market_review,modelled_directional_priority,2145.3030493015963,students_modelled_gap,"UIS latest actual, PPML 2026 potential, Trudvsem keyword count for program market signal",unesco_uis_opri_202602;ppml_russia_inbound_uis_opri_wpp_distance_v1;trudvsem_open_data_api,"UIS observed flow, PPML model, Работа России vacancy keyword count",docs/data/mgimo_platform2_payload.json,2026-06-18T14:59:14+00:00,actual=2023;potential=2026;vacancy=2026-06-18,"{""gap_abs"": 2145.3030493015963, ""keyword"": ""управление проектами"", ""vacancies_found"": 2949}",management_signal,calculated,See component source passports,606bf510053a2975,scripts/build_platform2_artifacts.py::build_country_program_matrix
EST,Estonia,,management_public,aggregate_all_languages,verified_inbound_plus_program_market_review,modelled_directional_priority,2145.3030493015963,students_modelled_gap,"UIS latest actual, PPML 2026 potential, Trudvsem keyword count for program market signal",unesco_uis_opri_202602;ppml_russia_inbound_uis_opri_wpp_distance_v1;trudvsem_open_data_api,"UIS observed flow, PPML model, Работа России vacancy keyword count",docs/data/mgimo_platform2_payload.json,2026-06-18T14:59:14+00:00,actual=2023;potential=2026;vacancy=2026-06-18,"{""gap_abs"": 2145.3030493015963, ""keyword"": ""государственное управление"", ""vacancies_found"": 10885}",management_signal,calculated,See component source passports,606bf510053a2975,scripts/build_platform2_artifacts.py::build_country_program_matrix
EST,Estonia,,languages_regional,aggregate_all_languages,verified_inbound_plus_program_market_review,modelled_directional_priority,2145.3030493015963,students_modelled_gap,"UIS latest actual, PPML 2026 potential, Trudvsem keyword count for program market signal",unesco_uis_opri_202602;ppml_russia_inbound_uis_opri_wpp_distance_v1;trudvsem_open_data_api,"UIS observed flow, PPML model, Работа России vacancy keyword count",docs/data/mgimo_platform2_payload.json,2026-06-18T14:59:14+00:00,actual=2023;potential=2026;vacancy=2026-06-18,"{""gap_abs"": 2145.3030493015963, ""keyword"": ""английский язык"", ""vacancies_found"": 4211}",management_signal,calculated,See component source passports,0ccd6ac057695cbe,scripts/build_platform2_artifacts.py::build_country_program_matrix
EST,Estonia,,languages_regional,aggregate_all_languages,verified_inbound_plus_program_market_review,modelled_directional_priority,2145.3030493015963,students_modelled_gap,"UIS latest actual, PPML 2026 potential, Trudvsem keyword count for program market signal",unesco_uis_opri_202602;ppml_russia_inbound_uis_opri_wpp_distance_v1;trudvsem_open_data_api,"UIS observed flow, PPML model, Работа России vacancy keyword count",docs/data/mgimo_platform2_payload.json,2026-06-18T14:59:14+00:00,actual=2023;potential=2026;vacancy=2026-06-18,"{""gap_abs"": 2145.3030493015963, ""keyword"": ""китайский язык"", ""vacancies_found"": 2809}",management_signal,calculated,See component source passports,0ccd6ac057695cbe,scripts/build_platform2_artifacts.py::build_country_program_matrix
EST,Estonia,,legal_public,aggregate_all_languages,verified_inbound_plus_program_market_review,modelled_directional_priority,2145.3030493015963,students_modelled_gap,"UIS latest actual, PPML 2026 potential, Trudvsem keyword count for program market signal",unesco_uis_opri_202602;ppml_russia_inbound_uis_opri_wpp_distance_v1;trudvsem_open_data_api,"UIS observed flow, PPML model, Работа России vacancy keyword count",docs/data/mgimo_platform2_payload.json,2026-06-18T14:59:14+00:00,actual=2023;potential=2026;vacancy=2026-06-18,"{""gap_abs"": 2145.3030493015963, ""keyword"": ""юрист международное право"", ""vacancies_found"": 1}",management_signal,calculated,See component source passports,a83f375a889dccb6,scripts/build_platform2_artifacts.py::build_country_program_matrix
SVK,Slovakia,,digital_analytics,aggregate_all_languages,verified_inbound_plus_program_market_review,modelled_directional_priority,2087.966887967983,students_modelled_gap,"UIS latest actual, PPML 2026 potential, Trudvsem keyword count for program market signal",unesco_uis_opri_202602;ppml_russia_inbound_uis_opri_wpp_distance_v1;trudvsem_open_data_api,"UIS observed flow, PPML model, Работа России vacancy keyword count",docs/data/mgimo_platform2_payload.json,2026-06-18T14:59:14+00:00,actual=2023;potential=2026;vacancy=2026-06-18,"{""gap_abs"": 2087.966887967983, ""keyword"": ""SQL"", ""vacancies_found"": 736}",management_signal,calculated,See component source passports,5d88b6ec480fa6a6,scripts/build_platform2_artifacts.py::build_country_program_matrix
SVK,Slovakia,,digital_analytics,aggregate_all_languages,verified_inbound_plus_program_market_review,modelled_directional_priority,2087.966887967983,students_modelled_gap,"UIS latest actual, PPML 2026 potential, Trudvsem keyword count for program market signal",unesco_uis_opri_202602;ppml_russia_inbound_uis_opri_wpp_distance_v1;trudvsem_open_data_api,"UIS observed flow, PPML model, Работа России vacancy keyword count",docs/data/mgimo_platform2_payload.json,2026-06-18T14:59:14+00:00,actual=2023;potential=2026;vacancy=2026-06-18,"{""gap_abs"": 2087.966887967983, ""keyword"": ""Python"", ""vacancies_found"": 425}",management_signal,calculated,See component source passports,5d88b6ec480fa6a6,scripts/build_platform2_artifacts.py::build_country_program_matrix
SVK,Slovakia,,digital_analytics,aggregate_all_languages,verified_inbound_plus_program_market_review,modelled_directional_priority,2087.966887967983,students_modelled_gap,"UIS latest actual, PPML 2026 potential, Trudvsem keyword count for program market signal",unesco_uis_opri_202602;ppml_russia_inbound_uis_opri_wpp_distance_v1;trudvsem_open_data_api,"UIS observed flow, PPML model, Работа России vacancy keyword count",docs/data/mgimo_platform2_payload.json,2026-06-18T14:59:14+00:00,actual=2023;potential=2026;vacancy=2026-06-18,"{""gap_abs"": 2087.966887967983, ""keyword"": ""аналитик"", ""vacancies_found"": 1636}",management_signal,calculated,See component source passports,5d88b6ec480fa6a6,scripts/build_platform2_artifacts.py::build_country_program_matrix
SVK,Slovakia,,international_economics,aggregate_all_languages,verified_inbound_plus_program_market_review,modelled_directional_priority,2087.966887967983,students_modelled_gap,"UIS latest actual, PPML 2026 potential, Trudvsem keyword count for program market signal",unesco_uis_opri_202602;ppml_russia_inbound_uis_opri_wpp_distance_v1;trudvsem_open_data_api,"UIS observed flow, PPML model, Работа России vacancy keyword count",docs/data/mgimo_platform2_payload.json,2026-06-18T14:59:14+00:00,actual=2023;potential=2026;vacancy=2026-06-18,"{""gap_abs"": 2087.966887967983, ""keyword"": ""международная экономика"", ""vacancies_found"": 140}",management_signal,calculated,See component source passports,2010c552e9703133,scripts/build_platform2_artifacts.py::build_country_program_matrix
SVK,Slovakia,,international_economics,aggregate_all_languages,verified_inbound_plus_program_market_review,modelled_directional_priority,2087.966887967983,students_modelled_gap,"UIS latest actual, PPML 2026 potential, Trudvsem keyword count for program market signal",unesco_uis_opri_202602;ppml_russia_inbound_uis_opri_wpp_distance_v1;trudvsem_open_data_api,"UIS observed flow, PPML model, Работа России vacancy keyword count",docs/data/mgimo_platform2_payload.json,2026-06-18T14:59:14+00:00,actual=2023;potential=2026;vacancy=2026-06-18,"{""gap_abs"": 2087.966887967983, ""keyword"": ""финансовый аналитик"", ""vacancies_found"": 251}",management_signal,calculated,See component source passports,2010c552e9703133,scripts/build_platform2_artifacts.py::build_country_program_matrix
SVK,Slovakia,,management_public,aggregate_all_languages,verified_inbound_plus_program_market_review,modelled_directional_priority,2087.966887967983,students_modelled_gap,"UIS latest actual, PPML 2026 potential, Trudvsem keyword count for program market signal",unesco_uis_opri_202602;ppml_russia_inbound_uis_opri_wpp_distance_v1;trudvsem_open_data_api,"UIS observed flow, PPML model, Работа России vacancy keyword count",docs/data/mgimo_platform2_payload.json,2026-06-18T14:59:14+00:00,actual=2023;potential=2026;vacancy=2026-06-18,"{""gap_abs"": 2087.966887967983, ""keyword"": ""управление проектами"", ""vacancies_found"": 2949}",management_signal,calculated,See component source passports,e8ed9d568695fb8f,scripts/build_platform2_artifacts.py::build_country_program_matrix
SVK,Slovakia,,management_public,aggregate_all_languages,verified_inbound_plus_program_market_review,modelled_directional_priority,2087.966887967983,students_modelled_gap,"UIS latest actual, PPML 2026 potential, Trudvsem keyword count for program market signal",unesco_uis_opri_202602;ppml_russia_inbound_uis_opri_wpp_distance_v1;trudvsem_open_data_api,"UIS observed flow, PPML model, Работа России vacancy keyword count",docs/data/mgimo_platform2_payload.json,2026-06-18T14:59:14+00:00,actual=2023;potential=2026;vacancy=2026-06-18,"{""gap_abs"": 2087.966887967983, ""keyword"": ""государственное управление"", ""vacancies_found"": 10885}",management_signal,calculated,See component source passports,e8ed9d568695fb8f,scripts/build_platform2_artifacts.py::build_country_program_matrix
SVK,Slovakia,,languages_regional,aggregate_all_languages,verified_inbound_plus_program_market_review,modelled_directional_priority,2087.966887967983,students_modelled_gap,"UIS latest actual, PPML 2026 potential, Trudvsem keyword count for program market signal",unesco_uis_opri_202602;ppml_russia_inbound_uis_opri_wpp_distance_v1;trudvsem_open_data_api,"UIS observed flow, PPML model, Работа России vacancy keyword count",docs/data/mgimo_platform2_payload.json,2026-06-18T14:59:14+00:00,actual=2023;potential=2026;vacancy=2026-06-18,"{""gap_abs"": 2087.966887967983, ""keyword"": ""английский язык"", ""vacancies_found"": 4211}",management_signal,calculated,See component source passports,0a5d5a356a4044ac,scripts/build_platform2_artifacts.py::build_country_program_matrix
SVK,Slovakia,,languages_regional,aggregate_all_languages,verified_inbound_plus_program_market_review,modelled_directional_priority,2087.966887967983,students_modelled_gap,"UIS latest actual, PPML 2026 potential, Trudvsem keyword count for program market signal",unesco_uis_opri_202602;ppml_russia_inbound_uis_opri_wpp_distance_v1;trudvsem_open_data_api,"UIS observed flow, PPML model, Работа России vacancy keyword count",docs/data/mgimo_platform2_payload.json,2026-06-18T14:59:14+00:00,actual=2023;potential=2026;vacancy=2026-06-18,"{""gap_abs"": 2087.966887967983, ""keyword"": ""китайский язык"", ""vacancies_found"": 2809}",management_signal,calculated,See component source passports,0a5d5a356a4044ac,scripts/build_platform2_artifacts.py::build_country_program_matrix
SVK,Slovakia,,legal_public,aggregate_all_languages,verified_inbound_plus_program_market_review,modelled_directional_priority,2087.966887967983,students_modelled_gap,"UIS latest actual, PPML 2026 potential, Trudvsem keyword count for program market signal",unesco_uis_opri_202602;ppml_russia_inbound_uis_opri_wpp_distance_v1;trudvsem_open_data_api,"UIS observed flow, PPML model, Работа России vacancy keyword count",docs/data/mgimo_platform2_payload.json,2026-06-18T14:59:14+00:00,actual=2023;potential=2026;vacancy=2026-06-18,"{""gap_abs"": 2087.966887967983, ""keyword"": ""юрист международное право"", ""vacancies_found"": 1}",management_signal,calculated,See component source passports,1fdd9f91e47ef9c6,scripts/build_platform2_artifacts.py::build_country_program_matrix
AUT,Austria,,digital_analytics,aggregate_all_languages,verified_inbound_plus_program_market_review,modelled_directional_priority,2057.5476921926147,students_modelled_gap,"UIS latest actual, PPML 2026 potential, Trudvsem keyword count for program market signal",unesco_uis_opri_202602;ppml_russia_inbound_uis_opri_wpp_distance_v1;trudvsem_open_data_api,"UIS observed flow, PPML model, Работа России vacancy keyword count",docs/data/mgimo_platform2_payload.json,2026-06-18T14:59:14+00:00,actual=2023;potential=2026;vacancy=2026-06-18,"{""gap_abs"": 2057.5476921926147, ""keyword"": ""SQL"", ""vacancies_found"": 736}",management_signal,calculated,See component source passports,2f1e8030814347e0,scripts/build_platform2_artifacts.py::build_country_program_matrix
AUT,Austria,,digital_analytics,aggregate_all_languages,verified_inbound_plus_program_market_review,modelled_directional_priority,2057.5476921926147,students_modelled_gap,"UIS latest actual, PPML 2026 potential, Trudvsem keyword count for program market signal",unesco_uis_opri_202602;ppml_russia_inbound_uis_opri_wpp_distance_v1;trudvsem_open_data_api,"UIS observed flow, PPML model, Работа России vacancy keyword count",docs/data/mgimo_platform2_payload.json,2026-06-18T14:59:14+00:00,actual=2023;potential=2026;vacancy=2026-06-18,"{""gap_abs"": 2057.5476921926147, ""keyword"": ""Python"", ""vacancies_found"": 425}",management_signal,calculated,See component source passports,2f1e8030814347e0,scripts/build_platform2_artifacts.py::build_country_program_matrix
AUT,Austria,,digital_analytics,aggregate_all_languages,verified_inbound_plus_program_market_review,modelled_directional_priority,2057.5476921926147,students_modelled_gap,"UIS latest actual, PPML 2026 potential, Trudvsem keyword count for program market signal",unesco_uis_opri_202602;ppml_russia_inbound_uis_opri_wpp_distance_v1;trudvsem_open_data_api,"UIS observed flow, PPML model, Работа России vacancy keyword count",docs/data/mgimo_platform2_payload.json,2026-06-18T14:59:14+00:00,actual=2023;potential=2026;vacancy=2026-06-18,"{""gap_abs"": 2057.5476921926147, ""keyword"": ""аналитик"", ""vacancies_found"": 1636}",management_signal,calculated,See component source passports,2f1e8030814347e0,scripts/build_platform2_artifacts.py::build_country_program_matrix
AUT,Austria,,international_economics,aggregate_all_languages,verified_inbound_plus_program_market_review,modelled_directional_priority,2057.5476921926147,students_modelled_gap,"UIS latest actual, PPML 2026 potential, Trudvsem keyword count for program market signal",unesco_uis_opri_202602;ppml_russia_inbound_uis_opri_wpp_distance_v1;trudvsem_open_data_api,"UIS observed flow, PPML model, Работа России vacancy keyword count",docs/data/mgimo_platform2_payload.json,2026-06-18T14:59:14+00:00,actual=2023;potential=2026;vacancy=2026-06-18,"{""gap_abs"": 2057.5476921926147, ""keyword"": ""международная экономика"", ""vacancies_found"": 140}",management_signal,calculated,See component source passports,8ecfd0cb9aa385a8,scripts/build_platform2_artifacts.py::build_country_program_matrix
AUT,Austria,,international_economics,aggregate_all_languages,verified_inbound_plus_program_market_review,modelled_directional_priority,2057.5476921926147,students_modelled_gap,"UIS latest actual, PPML 2026 potential, Trudvsem keyword count for program market signal",unesco_uis_opri_202602;ppml_russia_inbound_uis_opri_wpp_distance_v1;trudvsem_open_data_api,"UIS observed flow, PPML model, Работа России vacancy keyword count",docs/data/mgimo_platform2_payload.json,2026-06-18T14:59:14+00:00,actual=2023;potential=2026;vacancy=2026-06-18,"{""gap_abs"": 2057.5476921926147, ""keyword"": ""финансовый аналитик"", ""vacancies_found"": 251}",management_signal,calculated,See component source passports,8ecfd0cb9aa385a8,scripts/build_platform2_artifacts.py::build_country_program_matrix
AUT,Austria,,management_public,aggregate_all_languages,verified_inbound_plus_program_market_review,modelled_directional_priority,2057.5476921926147,students_modelled_gap,"UIS latest actual, PPML 2026 potential, Trudvsem keyword count for program market signal",unesco_uis_opri_202602;ppml_russia_inbound_uis_opri_wpp_distance_v1;trudvsem_open_data_api,"UIS observed flow, PPML model, Работа России vacancy keyword count",docs/data/mgimo_platform2_payload.json,2026-06-18T14:59:14+00:00,actual=2023;potential=2026;vacancy=2026-06-18,"{""gap_abs"": 2057.5476921926147, ""keyword"": ""управление проектами"", ""vacancies_found"": 2949}",management_signal,calculated,See component source passports,dea75579280e53fb,scripts/build_platform2_artifacts.py::build_country_program_matrix
AUT,Austria,,management_public,aggregate_all_languages,verified_inbound_plus_program_market_review,modelled_directional_priority,2057.5476921926147,students_modelled_gap,"UIS latest actual, PPML 2026 potential, Trudvsem keyword count for program market signal",unesco_uis_opri_202602;ppml_russia_inbound_uis_opri_wpp_distance_v1;trudvsem_open_data_api,"UIS observed flow, PPML model, Работа России vacancy keyword count",docs/data/mgimo_platform2_payload.json,2026-06-18T14:59:14+00:00,actual=2023;potential=2026;vacancy=2026-06-18,"{""gap_abs"": 2057.5476921926147, ""keyword"": ""государственное управление"", ""vacancies_found"": 10885}",management_signal,calculated,See component source passports,dea75579280e53fb,scripts/build_platform2_artifacts.py::build_country_program_matrix
AUT,Austria,,languages_regional,aggregate_all_languages,verified_inbound_plus_program_market_review,modelled_directional_priority,2057.5476921926147,students_modelled_gap,"UIS latest actual, PPML 2026 potential, Trudvsem keyword count for program market signal",unesco_uis_opri_202602;ppml_russia_inbound_uis_opri_wpp_distance_v1;trudvsem_open_data_api,"UIS observed flow, PPML model, Работа России vacancy keyword count",docs/data/mgimo_platform2_payload.json,2026-06-18T14:59:14+00:00,actual=2023;potential=2026;vacancy=2026-06-18,"{""gap_abs"": 2057.5476921926147, ""keyword"": ""английский язык"", ""vacancies_found"": 4211}",management_signal,calculated,See component source passports,4fa705ce49431ca8,scripts/build_platform2_artifacts.py::build_country_program_matrix
AUT,Austria,,languages_regional,aggregate_all_languages,verified_inbound_plus_program_market_review,modelled_directional_priority,2057.5476921926147,students_modelled_gap,"UIS latest actual, PPML 2026 potential, Trudvsem keyword count for program market signal",unesco_uis_opri_202602;ppml_russia_inbound_uis_opri_wpp_distance_v1;trudvsem_open_data_api,"UIS observed flow, PPML model, Работа России vacancy keyword count",docs/data/mgimo_platform2_payload.json,2026-06-18T14:59:14+00:00,actual=2023;potential=2026;vacancy=2026-06-18,"{""gap_abs"": 2057.5476921926147, ""keyword"": ""китайский язык"", ""vacancies_found"": 2809}",management_signal,calculated,See component source passports,4fa705ce49431ca8,scripts/build_platform2_artifacts.py::build_country_program_matrix
AUT,Austria,,legal_public,aggregate_all_languages,verified_inbound_plus_program_market_review,modelled_directional_priority,2057.5476921926147,students_modelled_gap,"UIS latest actual, PPML 2026 potential, Trudvsem keyword count for program market signal",unesco_uis_opri_202602;ppml_russia_inbound_uis_opri_wpp_distance_v1;trudvsem_open_data_api,"UIS observed flow, PPML model, Работа России vacancy keyword count",docs/data/mgimo_platform2_payload.json,2026-06-18T14:59:14+00:00,actual=2023;potential=2026;vacancy=2026-06-18,"{""gap_abs"": 2057.5476921926147, ""keyword"": ""юрист международное право"", ""vacancies_found"": 1}",management_signal,calculated,See component source passports,14bb71bcccacb617,scripts/build_platform2_artifacts.py::build_country_program_matrix
SAU,Saudi Arabia,,digital_analytics,aggregate_all_languages,verified_inbound_plus_program_market_review,modelled_directional_priority,2019.5515949788582,students_modelled_gap,"UIS latest actual, PPML 2026 potential, Trudvsem keyword count for program market signal",unesco_uis_opri_202602;ppml_russia_inbound_uis_opri_wpp_distance_v1;trudvsem_open_data_api,"UIS observed flow, PPML model, Работа России vacancy keyword count",docs/data/mgimo_platform2_payload.json,2026-06-18T14:59:14+00:00,actual=2023;potential=2026;vacancy=2026-06-18,"{""gap_abs"": 2019.5515949788582, ""keyword"": ""SQL"", ""vacancies_found"": 736}",management_signal,calculated,See component source passports,184f33c2a1a6677c,scripts/build_platform2_artifacts.py::build_country_program_matrix
SAU,Saudi Arabia,,digital_analytics,aggregate_all_languages,verified_inbound_plus_program_market_review,modelled_directional_priority,2019.5515949788582,students_modelled_gap,"UIS latest actual, PPML 2026 potential, Trudvsem keyword count for program market signal",unesco_uis_opri_202602;ppml_russia_inbound_uis_opri_wpp_distance_v1;trudvsem_open_data_api,"UIS observed flow, PPML model, Работа России vacancy keyword count",docs/data/mgimo_platform2_payload.json,2026-06-18T14:59:14+00:00,actual=2023;potential=2026;vacancy=2026-06-18,"{""gap_abs"": 2019.5515949788582, ""keyword"": ""Python"", ""vacancies_found"": 425}",management_signal,calculated,See component source passports,184f33c2a1a6677c,scripts/build_platform2_artifacts.py::build_country_program_matrix
SAU,Saudi Arabia,,digital_analytics,aggregate_all_languages,verified_inbound_plus_program_market_review,modelled_directional_priority,2019.5515949788582,students_modelled_gap,"UIS latest actual, PPML 2026 potential, Trudvsem keyword count for program market signal",unesco_uis_opri_202602;ppml_russia_inbound_uis_opri_wpp_distance_v1;trudvsem_open_data_api,"UIS observed flow, PPML model, Работа России vacancy keyword count",docs/data/mgimo_platform2_payload.json,2026-06-18T14:59:14+00:00,actual=2023;potential=2026;vacancy=2026-06-18,"{""gap_abs"": 2019.5515949788582, ""keyword"": ""аналитик"", ""vacancies_found"": 1636}",management_signal,calculated,See component source passports,184f33c2a1a6677c,scripts/build_platform2_artifacts.py::build_country_program_matrix
SAU,Saudi Arabia,,international_economics,aggregate_all_languages,verified_inbound_plus_program_market_review,modelled_directional_priority,2019.5515949788582,students_modelled_gap,"UIS latest actual, PPML 2026 potential, Trudvsem keyword count for program market signal",unesco_uis_opri_202602;ppml_russia_inbound_uis_opri_wpp_distance_v1;trudvsem_open_data_api,"UIS observed flow, PPML model, Работа России vacancy keyword count",docs/data/mgimo_platform2_payload.json,2026-06-18T14:59:14+00:00,actual=2023;potential=2026;vacancy=2026-06-18,"{""gap_abs"": 2019.5515949788582, ""keyword"": ""международная экономика"", ""vacancies_found"": 140}",management_signal,calculated,See component source passports,6f33101c4828a7bc,scripts/build_platform2_artifacts.py::build_country_program_matrix
SAU,Saudi Arabia,,international_economics,aggregate_all_languages,verified_inbound_plus_program_market_review,modelled_directional_priority,2019.5515949788582,students_modelled_gap,"UIS latest actual, PPML 2026 potential, Trudvsem keyword count for program market signal",unesco_uis_opri_202602;ppml_russia_inbound_uis_opri_wpp_distance_v1;trudvsem_open_data_api,"UIS observed flow, PPML model, Работа России vacancy keyword count",docs/data/mgimo_platform2_payload.json,2026-06-18T14:59:14+00:00,actual=2023;potential=2026;vacancy=2026-06-18,"{""gap_abs"": 2019.5515949788582, ""keyword"": ""финансовый аналитик"", ""vacancies_found"": 251}",management_signal,calculated,See component source passports,6f33101c4828a7bc,scripts/build_platform2_artifacts.py::build_country_program_matrix
SAU,Saudi Arabia,,management_public,aggregate_all_languages,verified_inbound_plus_program_market_review,modelled_directional_priority,2019.5515949788582,students_modelled_gap,"UIS latest actual, PPML 2026 potential, Trudvsem keyword count for program market signal",unesco_uis_opri_202602;ppml_russia_inbound_uis_opri_wpp_distance_v1;trudvsem_open_data_api,"UIS observed flow, PPML model, Работа России vacancy keyword count",docs/data/mgimo_platform2_payload.json,2026-06-18T14:59:14+00:00,actual=2023;potential=2026;vacancy=2026-06-18,"{""gap_abs"": 2019.5515949788582, ""keyword"": ""управление проектами"", ""vacancies_found"": 2949}",management_signal,calculated,See component source passports,395f4c113878b77c,scripts/build_platform2_artifacts.py::build_country_program_matrix
SAU,Saudi Arabia,,management_public,aggregate_all_languages,verified_inbound_plus_program_market_review,modelled_directional_priority,2019.5515949788582,students_modelled_gap,"UIS latest actual, PPML 2026 potential, Trudvsem keyword count for program market signal",unesco_uis_opri_202602;ppml_russia_inbound_uis_opri_wpp_distance_v1;trudvsem_open_data_api,"UIS observed flow, PPML model, Работа России vacancy keyword count",docs/data/mgimo_platform2_payload.json,2026-06-18T14:59:14+00:00,actual=2023;potential=2026;vacancy=2026-06-18,"{""gap_abs"": 2019.5515949788582, ""keyword"": ""государственное управление"", ""vacancies_found"": 10885}",management_signal,calculated,See component source passports,395f4c113878b77c,scripts/build_platform2_artifacts.py::build_country_program_matrix
SAU,Saudi Arabia,,languages_regional,aggregate_all_languages,verified_inbound_plus_program_market_review,modelled_directional_priority,2019.5515949788582,students_modelled_gap,"UIS latest actual, PPML 2026 potential, Trudvsem keyword count for program market signal",unesco_uis_opri_202602;ppml_russia_inbound_uis_opri_wpp_distance_v1;trudvsem_open_data_api,"UIS observed flow, PPML model, Работа России vacancy keyword count",docs/data/mgimo_platform2_payload.json,2026-06-18T14:59:14+00:00,actual=2023;potential=2026;vacancy=2026-06-18,"{""gap_abs"": 2019.5515949788582, ""keyword"": ""английский язык"", ""vacancies_found"": 4211}",management_signal,calculated,See component source passports,9dc41d993fa9c86e,scripts/build_platform2_artifacts.py::build_country_program_matrix
SAU,Saudi Arabia,,languages_regional,aggregate_all_languages,verified_inbound_plus_program_market_review,modelled_directional_priority,2019.5515949788582,students_modelled_gap,"UIS latest actual, PPML 2026 potential, Trudvsem keyword count for program market signal",unesco_uis_opri_202602;ppml_russia_inbound_uis_opri_wpp_distance_v1;trudvsem_open_data_api,"UIS observed flow, PPML model, Работа России vacancy keyword count",docs/data/mgimo_platform2_payload.json,2026-06-18T14:59:14+00:00,actual=2023;potential=2026;vacancy=2026-06-18,"{""gap_abs"": 2019.5515949788582, ""keyword"": ""китайский язык"", ""vacancies_found"": 2809}",management_signal,calculated,See component source passports,9dc41d993fa9c86e,scripts/build_platform2_artifacts.py::build_country_program_matrix
SAU,Saudi Arabia,,legal_public,aggregate_all_languages,verified_inbound_plus_program_market_review,modelled_directional_priority,2019.5515949788582,students_modelled_gap,"UIS latest actual, PPML 2026 potential, Trudvsem keyword count for program market signal",unesco_uis_opri_202602;ppml_russia_inbound_uis_opri_wpp_distance_v1;trudvsem_open_data_api,"UIS observed flow, PPML model, Работа России vacancy keyword count",docs/data/mgimo_platform2_payload.json,2026-06-18T14:59:14+00:00,actual=2023;potential=2026;vacancy=2026-06-18,"{""gap_abs"": 2019.5515949788582, ""keyword"": ""юрист международное право"", ""vacancies_found"": 1}",management_signal,calculated,See component source passports,c98fc90e9f74be7d,scripts/build_platform2_artifacts.py::build_country_program_matrix
BEL,Belgium,,digital_analytics,aggregate_all_languages,verified_inbound_plus_program_market_review,modelled_directional_priority,1971.0464290140712,students_modelled_gap,"UIS latest actual, PPML 2026 potential, Trudvsem keyword count for program market signal",unesco_uis_opri_202602;ppml_russia_inbound_uis_opri_wpp_distance_v1;trudvsem_open_data_api,"UIS observed flow, PPML model, Работа России vacancy keyword count",docs/data/mgimo_platform2_payload.json,2026-06-18T14:59:14+00:00,actual=2023;potential=2026;vacancy=2026-06-18,"{""gap_abs"": 1971.0464290140712, ""keyword"": ""SQL"", ""vacancies_found"": 736}",management_signal,calculated,See component source passports,766cbf4769c69195,scripts/build_platform2_artifacts.py::build_country_program_matrix
BEL,Belgium,,digital_analytics,aggregate_all_languages,verified_inbound_plus_program_market_review,modelled_directional_priority,1971.0464290140712,students_modelled_gap,"UIS latest actual, PPML 2026 potential, Trudvsem keyword count for program market signal",unesco_uis_opri_202602;ppml_russia_inbound_uis_opri_wpp_distance_v1;trudvsem_open_data_api,"UIS observed flow, PPML model, Работа России vacancy keyword count",docs/data/mgimo_platform2_payload.json,2026-06-18T14:59:14+00:00,actual=2023;potential=2026;vacancy=2026-06-18,"{""gap_abs"": 1971.0464290140712, ""keyword"": ""Python"", ""vacancies_found"": 425}",management_signal,calculated,See component source passports,766cbf4769c69195,scripts/build_platform2_artifacts.py::build_country_program_matrix
BEL,Belgium,,digital_analytics,aggregate_all_languages,verified_inbound_plus_program_market_review,modelled_directional_priority,1971.0464290140712,students_modelled_gap,"UIS latest actual, PPML 2026 potential, Trudvsem keyword count for program market signal",unesco_uis_opri_202602;ppml_russia_inbound_uis_opri_wpp_distance_v1;trudvsem_open_data_api,"UIS observed flow, PPML model, Работа России vacancy keyword count",docs/data/mgimo_platform2_payload.json,2026-06-18T14:59:14+00:00,actual=2023;potential=2026;vacancy=2026-06-18,"{""gap_abs"": 1971.0464290140712, ""keyword"": ""аналитик"", ""vacancies_found"": 1636}",management_signal,calculated,See component source passports,766cbf4769c69195,scripts/build_platform2_artifacts.py::build_country_program_matrix
BEL,Belgium,,international_economics,aggregate_all_languages,verified_inbound_plus_program_market_review,modelled_directional_priority,1971.0464290140712,students_modelled_gap,"UIS latest actual, PPML 2026 potential, Trudvsem keyword count for program market signal",unesco_uis_opri_202602;ppml_russia_inbound_uis_opri_wpp_distance_v1;trudvsem_open_data_api,"UIS observed flow, PPML model, Работа России vacancy keyword count",docs/data/mgimo_platform2_payload.json,2026-06-18T14:59:14+00:00,actual=2023;potential=2026;vacancy=2026-06-18,"{""gap_abs"": 1971.0464290140712, ""keyword"": ""международная экономика"", ""vacancies_found"": 140}",management_signal,calculated,See component source passports,758a256a641b3b89,scripts/build_platform2_artifacts.py::build_country_program_matrix
BEL,Belgium,,international_economics,aggregate_all_languages,verified_inbound_plus_program_market_review,modelled_directional_priority,1971.0464290140712,students_modelled_gap,"UIS latest actual, PPML 2026 potential, Trudvsem keyword count for program market signal",unesco_uis_opri_202602;ppml_russia_inbound_uis_opri_wpp_distance_v1;trudvsem_open_data_api,"UIS observed flow, PPML model, Работа России vacancy keyword count",docs/data/mgimo_platform2_payload.json,2026-06-18T14:59:14+00:00,actual=2023;potential=2026;vacancy=2026-06-18,"{""gap_abs"": 1971.0464290140712, ""keyword"": ""финансовый аналитик"", ""vacancies_found"": 251}",management_signal,calculated,See component source passports,758a256a641b3b89,scripts/build_platform2_artifacts.py::build_country_program_matrix
BEL,Belgium,,management_public,aggregate_all_languages,verified_inbound_plus_program_market_review,modelled_directional_priority,1971.0464290140712,students_modelled_gap,"UIS latest actual, PPML 2026 potential, Trudvsem keyword count for program market signal",unesco_uis_opri_202602;ppml_russia_inbound_uis_opri_wpp_distance_v1;trudvsem_open_data_api,"UIS observed flow, PPML model, Работа России vacancy keyword count",docs/data/mgimo_platform2_payload.json,2026-06-18T14:59:14+00:00,actual=2023;potential=2026;vacancy=2026-06-18,"{""gap_abs"": 1971.0464290140712, ""keyword"": ""управление проектами"", ""vacancies_found"": 2949}",management_signal,calculated,See component source passports,0a18507ae8784a2c,scripts/build_platform2_artifacts.py::build_country_program_matrix
BEL,Belgium,,management_public,aggregate_all_languages,verified_inbound_plus_program_market_review,modelled_directional_priority,1971.0464290140712,students_modelled_gap,"UIS latest actual, PPML 2026 potential, Trudvsem keyword count for program market signal",unesco_uis_opri_202602;ppml_russia_inbound_uis_opri_wpp_distance_v1;trudvsem_open_data_api,"UIS observed flow, PPML model, Работа России vacancy keyword count",docs/data/mgimo_platform2_payload.json,2026-06-18T14:59:14+00:00,actual=2023;potential=2026;vacancy=2026-06-18,"{""gap_abs"": 1971.0464290140712, ""keyword"": ""государственное управление"", ""vacancies_found"": 10885}",management_signal,calculated,See component source passports,0a18507ae8784a2c,scripts/build_platform2_artifacts.py::build_country_program_matrix
BEL,Belgium,,languages_regional,aggregate_all_languages,verified_inbound_plus_program_market_review,modelled_directional_priority,1971.0464290140712,students_modelled_gap,"UIS latest actual, PPML 2026 potential, Trudvsem keyword count for program market signal",unesco_uis_opri_202602;ppml_russia_inbound_uis_opri_wpp_distance_v1;trudvsem_open_data_api,"UIS observed flow, PPML model, Работа России vacancy keyword count",docs/data/mgimo_platform2_payload.json,2026-06-18T14:59:14+00:00,actual=2023;potential=2026;vacancy=2026-06-18,"{""gap_abs"": 1971.0464290140712, ""keyword"": ""английский язык"", ""vacancies_found"": 4211}",management_signal,calculated,See component source passports,ad8c01f7cbf92ebf,scripts/build_platform2_artifacts.py::build_country_program_matrix
BEL,Belgium,,languages_regional,aggregate_all_languages,verified_inbound_plus_program_market_review,modelled_directional_priority,1971.0464290140712,students_modelled_gap,"UIS latest actual, PPML 2026 potential, Trudvsem keyword count for program market signal",unesco_uis_opri_202602;ppml_russia_inbound_uis_opri_wpp_distance_v1;trudvsem_open_data_api,"UIS observed flow, PPML model, Работа России vacancy keyword count",docs/data/mgimo_platform2_payload.json,2026-06-18T14:59:14+00:00,actual=2023;potential=2026;vacancy=2026-06-18,"{""gap_abs"": 1971.0464290140712, ""keyword"": ""китайский язык"", ""vacancies_found"": 2809}",management_signal,calculated,See component source passports,ad8c01f7cbf92ebf,scripts/build_platform2_artifacts.py::build_country_program_matrix
BEL,Belgium,,legal_public,aggregate_all_languages,verified_inbound_plus_program_market_review,modelled_directional_priority,1971.0464290140712,students_modelled_gap,"UIS latest actual, PPML 2026 potential, Trudvsem keyword count for program market signal",unesco_uis_opri_202602;ppml_russia_inbound_uis_opri_wpp_distance_v1;trudvsem_open_data_api,"UIS observed flow, PPML model, Работа России vacancy keyword count",docs/data/mgimo_platform2_payload.json,2026-06-18T14:59:14+00:00,actual=2023;potential=2026;vacancy=2026-06-18,"{""gap_abs"": 1971.0464290140712, ""keyword"": ""юрист международное право"", ""vacancies_found"": 1}",management_signal,calculated,See component source passports,77e2ba7881edc4aa,scripts/build_platform2_artifacts.py::build_country_program_matrix
IRQ,Iraq,,digital_analytics,aggregate_all_languages,verified_inbound_plus_program_market_review,modelled_directional_priority,1965.2161733642752,students_modelled_gap,"UIS latest actual, PPML 2026 potential, Trudvsem keyword count for program market signal",unesco_uis_opri_202602;ppml_russia_inbound_uis_opri_wpp_distance_v1;trudvsem_open_data_api,"UIS observed flow, PPML model, Работа России vacancy keyword count",docs/data/mgimo_platform2_payload.json,2026-06-18T14:59:14+00:00,actual=2023;potential=2026;vacancy=2026-06-18,"{""gap_abs"": 1965.2161733642752, ""keyword"": ""SQL"", ""vacancies_found"": 736}",management_signal,calculated,See component source passports,969934ccb1002b92,scripts/build_platform2_artifacts.py::build_country_program_matrix
IRQ,Iraq,,digital_analytics,aggregate_all_languages,verified_inbound_plus_program_market_review,modelled_directional_priority,1965.2161733642752,students_modelled_gap,"UIS latest actual, PPML 2026 potential, Trudvsem keyword count for program market signal",unesco_uis_opri_202602;ppml_russia_inbound_uis_opri_wpp_distance_v1;trudvsem_open_data_api,"UIS observed flow, PPML model, Работа России vacancy keyword count",docs/data/mgimo_platform2_payload.json,2026-06-18T14:59:14+00:00,actual=2023;potential=2026;vacancy=2026-06-18,"{""gap_abs"": 1965.2161733642752, ""keyword"": ""Python"", ""vacancies_found"": 425}",management_signal,calculated,See component source passports,969934ccb1002b92,scripts/build_platform2_artifacts.py::build_country_program_matrix
IRQ,Iraq,,digital_analytics,aggregate_all_languages,verified_inbound_plus_program_market_review,modelled_directional_priority,1965.2161733642752,students_modelled_gap,"UIS latest actual, PPML 2026 potential, Trudvsem keyword count for program market signal",unesco_uis_opri_202602;ppml_russia_inbound_uis_opri_wpp_distance_v1;trudvsem_open_data_api,"UIS observed flow, PPML model, Работа России vacancy keyword count",docs/data/mgimo_platform2_payload.json,2026-06-18T14:59:14+00:00,actual=2023;potential=2026;vacancy=2026-06-18,"{""gap_abs"": 1965.2161733642752, ""keyword"": ""аналитик"", ""vacancies_found"": 1636}",management_signal,calculated,See component source passports,969934ccb1002b92,scripts/build_platform2_artifacts.py::build_country_program_matrix
IRQ,Iraq,,international_economics,aggregate_all_languages,verified_inbound_plus_program_market_review,modelled_directional_priority,1965.2161733642752,students_modelled_gap,"UIS latest actual, PPML 2026 potential, Trudvsem keyword count for program market signal",unesco_uis_opri_202602;ppml_russia_inbound_uis_opri_wpp_distance_v1;trudvsem_open_data_api,"UIS observed flow, PPML model, Работа России vacancy keyword count",docs/data/mgimo_platform2_payload.json,2026-06-18T14:59:14+00:00,actual=2023;potential=2026;vacancy=2026-06-18,"{""gap_abs"": 1965.2161733642752, ""keyword"": ""международная экономика"", ""vacancies_found"": 140}",management_signal,calculated,See component source passports,0f9c8af711b5b941,scripts/build_platform2_artifacts.py::build_country_program_matrix
IRQ,Iraq,,international_economics,aggregate_all_languages,verified_inbound_plus_program_market_review,modelled_directional_priority,1965.2161733642752,students_modelled_gap,"UIS latest actual, PPML 2026 potential, Trudvsem keyword count for program market signal",unesco_uis_opri_202602;ppml_russia_inbound_uis_opri_wpp_distance_v1;trudvsem_open_data_api,"UIS observed flow, PPML model, Работа России vacancy keyword count",docs/data/mgimo_platform2_payload.json,2026-06-18T14:59:14+00:00,actual=2023;potential=2026;vacancy=2026-06-18,"{""gap_abs"": 1965.2161733642752, ""keyword"": ""финансовый аналитик"", ""vacancies_found"": 251}",management_signal,calculated,See component source passports,0f9c8af711b5b941,scripts/build_platform2_artifacts.py::build_country_program_matrix
IRQ,Iraq,,management_public,aggregate_all_languages,verified_inbound_plus_program_market_review,modelled_directional_priority,1965.2161733642752,students_modelled_gap,"UIS latest actual, PPML 2026 potential, Trudvsem keyword count for program market signal",unesco_uis_opri_202602;ppml_russia_inbound_uis_opri_wpp_distance_v1;trudvsem_open_data_api,"UIS observed flow, PPML model, Работа России vacancy keyword count",docs/data/mgimo_platform2_payload.json,2026-06-18T14:59:14+00:00,actual=2023;potential=2026;vacancy=2026-06-18,"{""gap_abs"": 1965.2161733642752, ""keyword"": ""управление проектами"", ""vacancies_found"": 2949}",management_signal,calculated,See component source passports,1c6d41414206b59a,scripts/build_platform2_artifacts.py::build_country_program_matrix
IRQ,Iraq,,management_public,aggregate_all_languages,verified_inbound_plus_program_market_review,modelled_directional_priority,1965.2161733642752,students_modelled_gap,"UIS latest actual, PPML 2026 potential, Trudvsem keyword count for program market signal",unesco_uis_opri_202602;ppml_russia_inbound_uis_opri_wpp_distance_v1;trudvsem_open_data_api,"UIS observed flow, PPML model, Работа России vacancy keyword count",docs/data/mgimo_platform2_payload.json,2026-06-18T14:59:14+00:00,actual=2023;potential=2026;vacancy=2026-06-18,"{""gap_abs"": 1965.2161733642752, ""keyword"": ""государственное управление"", ""vacancies_found"": 10885}",management_signal,calculated,See component source passports,1c6d41414206b59a,scripts/build_platform2_artifacts.py::build_country_program_matrix
IRQ,Iraq,,languages_regional,aggregate_all_languages,verified_inbound_plus_program_market_review,modelled_directional_priority,1965.2161733642752,students_modelled_gap,"UIS latest actual, PPML 2026 potential, Trudvsem keyword count for program market signal",unesco_uis_opri_202602;ppml_russia_inbound_uis_opri_wpp_distance_v1;trudvsem_open_data_api,"UIS observed flow, PPML model, Работа России vacancy keyword count",docs/data/mgimo_platform2_payload.json,2026-06-18T14:59:14+00:00,actual=2023;potential=2026;vacancy=2026-06-18,"{""gap_abs"": 1965.2161733642752, ""keyword"": ""английский язык"", ""vacancies_found"": 4211}",management_signal,calculated,See component source passports,7eb574726b206d21,scripts/build_platform2_artifacts.py::build_country_program_matrix
IRQ,Iraq,,languages_regional,aggregate_all_languages,verified_inbound_plus_program_market_review,modelled_directional_priority,1965.2161733642752,students_modelled_gap,"UIS latest actual, PPML 2026 potential, Trudvsem keyword count for program market signal",unesco_uis_opri_202602;ppml_russia_inbound_uis_opri_wpp_distance_v1;trudvsem_open_data_api,"UIS observed flow, PPML model, Работа России vacancy keyword count",docs/data/mgimo_platform2_payload.json,2026-06-18T14:59:14+00:00,actual=2023;potential=2026;vacancy=2026-06-18,"{""gap_abs"": 1965.2161733642752, ""keyword"": ""китайский язык"", ""vacancies_found"": 2809}",management_signal,calculated,See component source passports,7eb574726b206d21,scripts/build_platform2_artifacts.py::build_country_program_matrix
IRQ,Iraq,,legal_public,aggregate_all_languages,verified_inbound_plus_program_market_review,modelled_directional_priority,1965.2161733642752,students_modelled_gap,"UIS latest actual, PPML 2026 potential, Trudvsem keyword count for program market signal",unesco_uis_opri_202602;ppml_russia_inbound_uis_opri_wpp_distance_v1;trudvsem_open_data_api,"UIS observed flow, PPML model, Работа России vacancy keyword count",docs/data/mgimo_platform2_payload.json,2026-06-18T14:59:14+00:00,actual=2023;potential=2026;vacancy=2026-06-18,"{""gap_abs"": 1965.2161733642752, ""keyword"": ""юрист международное право"", ""vacancies_found"": 1}",management_signal,calculated,See component source passports,6371797c7f8ae294,scripts/build_platform2_artifacts.py::build_country_program_matrix
DNK,Denmark,,digital_analytics,aggregate_all_languages,verified_inbound_plus_program_market_review,modelled_directional_priority,1918.0534035351836,students_modelled_gap,"UIS latest actual, PPML 2026 potential, Trudvsem keyword count for program market signal",unesco_uis_opri_202602;ppml_russia_inbound_uis_opri_wpp_distance_v1;trudvsem_open_data_api,"UIS observed flow, PPML model, Работа России vacancy keyword count",docs/data/mgimo_platform2_payload.json,2026-06-18T14:59:14+00:00,actual=2023;potential=2026;vacancy=2026-06-18,"{""gap_abs"": 1918.0534035351836, ""keyword"": ""SQL"", ""vacancies_found"": 736}",management_signal,calculated,See component source passports,af3794cdaf376f09,scripts/build_platform2_artifacts.py::build_country_program_matrix
DNK,Denmark,,digital_analytics,aggregate_all_languages,verified_inbound_plus_program_market_review,modelled_directional_priority,1918.0534035351836,students_modelled_gap,"UIS latest actual, PPML 2026 potential, Trudvsem keyword count for program market signal",unesco_uis_opri_202602;ppml_russia_inbound_uis_opri_wpp_distance_v1;trudvsem_open_data_api,"UIS observed flow, PPML model, Работа России vacancy keyword count",docs/data/mgimo_platform2_payload.json,2026-06-18T14:59:14+00:00,actual=2023;potential=2026;vacancy=2026-06-18,"{""gap_abs"": 1918.0534035351836, ""keyword"": ""Python"", ""vacancies_found"": 425}",management_signal,calculated,See component source passports,af3794cdaf376f09,scripts/build_platform2_artifacts.py::build_country_program_matrix
DNK,Denmark,,digital_analytics,aggregate_all_languages,verified_inbound_plus_program_market_review,modelled_directional_priority,1918.0534035351836,students_modelled_gap,"UIS latest actual, PPML 2026 potential, Trudvsem keyword count for program market signal",unesco_uis_opri_202602;ppml_russia_inbound_uis_opri_wpp_distance_v1;trudvsem_open_data_api,"UIS observed flow, PPML model, Работа России vacancy keyword count",docs/data/mgimo_platform2_payload.json,2026-06-18T14:59:14+00:00,actual=2023;potential=2026;vacancy=2026-06-18,"{""gap_abs"": 1918.0534035351836, ""keyword"": ""аналитик"", ""vacancies_found"": 1636}",management_signal,calculated,See component source passports,af3794cdaf376f09,scripts/build_platform2_artifacts.py::build_country_program_matrix
DNK,Denmark,,international_economics,aggregate_all_languages,verified_inbound_plus_program_market_review,modelled_directional_priority,1918.0534035351836,students_modelled_gap,"UIS latest actual, PPML 2026 potential, Trudvsem keyword count for program market signal",unesco_uis_opri_202602;ppml_russia_inbound_uis_opri_wpp_distance_v1;trudvsem_open_data_api,"UIS observed flow, PPML model, Работа России vacancy keyword count",docs/data/mgimo_platform2_payload.json,2026-06-18T14:59:14+00:00,actual=2023;potential=2026;vacancy=2026-06-18,"{""gap_abs"": 1918.0534035351836, ""keyword"": ""международная экономика"", ""vacancies_found"": 140}",management_signal,calculated,See component source passports,3043c9e3d675bba7,scripts/build_platform2_artifacts.py::build_country_program_matrix
DNK,Denmark,,international_economics,aggregate_all_languages,verified_inbound_plus_program_market_review,modelled_directional_priority,1918.0534035351836,students_modelled_gap,"UIS latest actual, PPML 2026 potential, Trudvsem keyword count for program market signal",unesco_uis_opri_202602;ppml_russia_inbound_uis_opri_wpp_distance_v1;trudvsem_open_data_api,"UIS observed flow, PPML model, Работа России vacancy keyword count",docs/data/mgimo_platform2_payload.json,2026-06-18T14:59:14+00:00,actual=2023;potential=2026;vacancy=2026-06-18,"{""gap_abs"": 1918.0534035351836, ""keyword"": ""финансовый аналитик"", ""vacancies_found"": 251}",management_signal,calculated,See component source passports,3043c9e3d675bba7,scripts/build_platform2_artifacts.py::build_country_program_matrix
DNK,Denmark,,management_public,aggregate_all_languages,verified_inbound_plus_program_market_review,modelled_directional_priority,1918.0534035351836,students_modelled_gap,"UIS latest actual, PPML 2026 potential, Trudvsem keyword count for program market signal",unesco_uis_opri_202602;ppml_russia_inbound_uis_opri_wpp_distance_v1;trudvsem_open_data_api,"UIS observed flow, PPML model, Работа России vacancy keyword count",docs/data/mgimo_platform2_payload.json,2026-06-18T14:59:14+00:00,actual=2023;potential=2026;vacancy=2026-06-18,"{""gap_abs"": 1918.0534035351836, ""keyword"": ""управление проектами"", ""vacancies_found"": 2949}",management_signal,calculated,See component source passports,0a116461b0220ba4,scripts/build_platform2_artifacts.py::build_country_program_matrix
DNK,Denmark,,management_public,aggregate_all_languages,verified_inbound_plus_program_market_review,modelled_directional_priority,1918.0534035351836,students_modelled_gap,"UIS latest actual, PPML 2026 potential, Trudvsem keyword count for program market signal",unesco_uis_opri_202602;ppml_russia_inbound_uis_opri_wpp_distance_v1;trudvsem_open_data_api,"UIS observed flow, PPML model, Работа России vacancy keyword count",docs/data/mgimo_platform2_payload.json,2026-06-18T14:59:14+00:00,actual=2023;potential=2026;vacancy=2026-06-18,"{""gap_abs"": 1918.0534035351836, ""keyword"": ""государственное управление"", ""vacancies_found"": 10885}",management_signal,calculated,See component source passports,0a116461b0220ba4,scripts/build_platform2_artifacts.py::build_country_program_matrix
DNK,Denmark,,languages_regional,aggregate_all_languages,verified_inbound_plus_program_market_review,modelled_directional_priority,1918.0534035351836,students_modelled_gap,"UIS latest actual, PPML 2026 potential, Trudvsem keyword count for program market signal",unesco_uis_opri_202602;ppml_russia_inbound_uis_opri_wpp_distance_v1;trudvsem_open_data_api,"UIS observed flow, PPML model, Работа России vacancy keyword count",docs/data/mgimo_platform2_payload.json,2026-06-18T14:59:14+00:00,actual=2023;potential=2026;vacancy=2026-06-18,"{""gap_abs"": 1918.0534035351836, ""keyword"": ""английский язык"", ""vacancies_found"": 4211}",management_signal,calculated,See component source passports,2e2e21c3a4af6419,scripts/build_platform2_artifacts.py::build_country_program_matrix
DNK,Denmark,,languages_regional,aggregate_all_languages,verified_inbound_plus_program_market_review,modelled_directional_priority,1918.0534035351836,students_modelled_gap,"UIS latest actual, PPML 2026 potential, Trudvsem keyword count for program market signal",unesco_uis_opri_202602;ppml_russia_inbound_uis_opri_wpp_distance_v1;trudvsem_open_data_api,"UIS observed flow, PPML model, Работа России vacancy keyword count",docs/data/mgimo_platform2_payload.json,2026-06-18T14:59:14+00:00,actual=2023;potential=2026;vacancy=2026-06-18,"{""gap_abs"": 1918.0534035351836, ""keyword"": ""китайский язык"", ""vacancies_found"": 2809}",management_signal,calculated,See component source passports,2e2e21c3a4af6419,scripts/build_platform2_artifacts.py::build_country_program_matrix
DNK,Denmark,,legal_public,aggregate_all_languages,verified_inbound_plus_program_market_review,modelled_directional_priority,1918.0534035351836,students_modelled_gap,"UIS latest actual, PPML 2026 potential, Trudvsem keyword count for program market signal",unesco_uis_opri_202602;ppml_russia_inbound_uis_opri_wpp_distance_v1;trudvsem_open_data_api,"UIS observed flow, PPML model, Работа России vacancy keyword count",docs/data/mgimo_platform2_payload.json,2026-06-18T14:59:14+00:00,actual=2023;potential=2026;vacancy=2026-06-18,"{""gap_abs"": 1918.0534035351836, ""keyword"": ""юрист международное право"", ""vacancies_found"": 1}",management_signal,calculated,See component source passports,644e82ad675f3798,scripts/build_platform2_artifacts.py::build_country_program_matrix
AFG,Afghanistan,,digital_analytics,aggregate_all_languages,verified_inbound_plus_program_market_review,modelled_directional_priority,1887.5792727904027,students_modelled_gap,"UIS latest actual, PPML 2026 potential, Trudvsem keyword count for program market signal",unesco_uis_opri_202602;ppml_russia_inbound_uis_opri_wpp_distance_v1;trudvsem_open_data_api,"UIS observed flow, PPML model, Работа России vacancy keyword count",docs/data/mgimo_platform2_payload.json,2026-06-18T14:59:14+00:00,actual=2023;potential=2026;vacancy=2026-06-18,"{""gap_abs"": 1887.5792727904027, ""keyword"": ""SQL"", ""vacancies_found"": 736}",management_signal,calculated,See component source passports,092df92c1fcc15be,scripts/build_platform2_artifacts.py::build_country_program_matrix
AFG,Afghanistan,,digital_analytics,aggregate_all_languages,verified_inbound_plus_program_market_review,modelled_directional_priority,1887.5792727904027,students_modelled_gap,"UIS latest actual, PPML 2026 potential, Trudvsem keyword count for program market signal",unesco_uis_opri_202602;ppml_russia_inbound_uis_opri_wpp_distance_v1;trudvsem_open_data_api,"UIS observed flow, PPML model, Работа России vacancy keyword count",docs/data/mgimo_platform2_payload.json,2026-06-18T14:59:14+00:00,actual=2023;potential=2026;vacancy=2026-06-18,"{""gap_abs"": 1887.5792727904027, ""keyword"": ""Python"", ""vacancies_found"": 425}",management_signal,calculated,See component source passports,092df92c1fcc15be,scripts/build_platform2_artifacts.py::build_country_program_matrix
AFG,Afghanistan,,digital_analytics,aggregate_all_languages,verified_inbound_plus_program_market_review,modelled_directional_priority,1887.5792727904027,students_modelled_gap,"UIS latest actual, PPML 2026 potential, Trudvsem keyword count for program market signal",unesco_uis_opri_202602;ppml_russia_inbound_uis_opri_wpp_distance_v1;trudvsem_open_data_api,"UIS observed flow, PPML model, Работа России vacancy keyword count",docs/data/mgimo_platform2_payload.json,2026-06-18T14:59:14+00:00,actual=2023;potential=2026;vacancy=2026-06-18,"{""gap_abs"": 1887.5792727904027, ""keyword"": ""аналитик"", ""vacancies_found"": 1636}",management_signal,calculated,See component source passports,092df92c1fcc15be,scripts/build_platform2_artifacts.py::build_country_program_matrix
AFG,Afghanistan,,international_economics,aggregate_all_languages,verified_inbound_plus_program_market_review,modelled_directional_priority,1887.5792727904027,students_modelled_gap,"UIS latest actual, PPML 2026 potential, Trudvsem keyword count for program market signal",unesco_uis_opri_202602;ppml_russia_inbound_uis_opri_wpp_distance_v1;trudvsem_open_data_api,"UIS observed flow, PPML model, Работа России vacancy keyword count",docs/data/mgimo_platform2_payload.json,2026-06-18T14:59:14+00:00,actual=2023;potential=2026;vacancy=2026-06-18,"{""gap_abs"": 1887.5792727904027, ""keyword"": ""международная экономика"", ""vacancies_found"": 140}",management_signal,calculated,See component source passports,912c832b1d3bc23f,scripts/build_platform2_artifacts.py::build_country_program_matrix
AFG,Afghanistan,,international_economics,aggregate_all_languages,verified_inbound_plus_program_market_review,modelled_directional_priority,1887.5792727904027,students_modelled_gap,"UIS latest actual, PPML 2026 potential, Trudvsem keyword count for program market signal",unesco_uis_opri_202602;ppml_russia_inbound_uis_opri_wpp_distance_v1;trudvsem_open_data_api,"UIS observed flow, PPML model, Работа России vacancy keyword count",docs/data/mgimo_platform2_payload.json,2026-06-18T14:59:14+00:00,actual=2023;potential=2026;vacancy=2026-06-18,"{""gap_abs"": 1887.5792727904027, ""keyword"": ""финансовый аналитик"", ""vacancies_found"": 251}",management_signal,calculated,See component source passports,912c832b1d3bc23f,scripts/build_platform2_artifacts.py::build_country_program_matrix
AFG,Afghanistan,,management_public,aggregate_all_languages,verified_inbound_plus_program_market_review,modelled_directional_priority,1887.5792727904027,students_modelled_gap,"UIS latest actual, PPML 2026 potential, Trudvsem keyword count for program market signal",unesco_uis_opri_202602;ppml_russia_inbound_uis_opri_wpp_distance_v1;trudvsem_open_data_api,"UIS observed flow, PPML model, Работа России vacancy keyword count",docs/data/mgimo_platform2_payload.json,2026-06-18T14:59:14+00:00,actual=2023;potential=2026;vacancy=2026-06-18,"{""gap_abs"": 1887.5792727904027, ""keyword"": ""управление проектами"", ""vacancies_found"": 2949}",management_signal,calculated,See component source passports,4aecd99f850bc6ff,scripts/build_platform2_artifacts.py::build_country_program_matrix
AFG,Afghanistan,,management_public,aggregate_all_languages,verified_inbound_plus_program_market_review,modelled_directional_priority,1887.5792727904027,students_modelled_gap,"UIS latest actual, PPML 2026 potential, Trudvsem keyword count for program market signal",unesco_uis_opri_202602;ppml_russia_inbound_uis_opri_wpp_distance_v1;trudvsem_open_data_api,"UIS observed flow, PPML model, Работа России vacancy keyword count",docs/data/mgimo_platform2_payload.json,2026-06-18T14:59:14+00:00,actual=2023;potential=2026;vacancy=2026-06-18,"{""gap_abs"": 1887.5792727904027, ""keyword"": ""государственное управление"", ""vacancies_found"": 10885}",management_signal,calculated,See component source passports,4aecd99f850bc6ff,scripts/build_platform2_artifacts.py::build_country_program_matrix
AFG,Afghanistan,,languages_regional,aggregate_all_languages,verified_inbound_plus_program_market_review,modelled_directional_priority,1887.5792727904027,students_modelled_gap,"UIS latest actual, PPML 2026 potential, Trudvsem keyword count for program market signal",unesco_uis_opri_202602;ppml_russia_inbound_uis_opri_wpp_distance_v1;trudvsem_open_data_api,"UIS observed flow, PPML model, Работа России vacancy keyword count",docs/data/mgimo_platform2_payload.json,2026-06-18T14:59:14+00:00,actual=2023;potential=2026;vacancy=2026-06-18,"{""gap_abs"": 1887.5792727904027, ""keyword"": ""английский язык"", ""vacancies_found"": 4211}",management_signal,calculated,See component source passports,4bbe07266e0c1fc2,scripts/build_platform2_artifacts.py::build_country_program_matrix
AFG,Afghanistan,,languages_regional,aggregate_all_languages,verified_inbound_plus_program_market_review,modelled_directional_priority,1887.5792727904027,students_modelled_gap,"UIS latest actual, PPML 2026 potential, Trudvsem keyword count for program market signal",unesco_uis_opri_202602;ppml_russia_inbound_uis_opri_wpp_distance_v1;trudvsem_open_data_api,"UIS observed flow, PPML model, Работа России vacancy keyword count",docs/data/mgimo_platform2_payload.json,2026-06-18T14:59:14+00:00,actual=2023;potential=2026;vacancy=2026-06-18,"{""gap_abs"": 1887.5792727904027, ""keyword"": ""китайский язык"", ""vacancies_found"": 2809}",management_signal,calculated,See component source passports,4bbe07266e0c1fc2,scripts/build_platform2_artifacts.py::build_country_program_matrix
AFG,Afghanistan,,legal_public,aggregate_all_languages,verified_inbound_plus_program_market_review,modelled_directional_priority,1887.5792727904027,students_modelled_gap,"UIS latest actual, PPML 2026 potential, Trudvsem keyword count for program market signal",unesco_uis_opri_202602;ppml_russia_inbound_uis_opri_wpp_distance_v1;trudvsem_open_data_api,"UIS observed flow, PPML model, Работа России vacancy keyword count",docs/data/mgimo_platform2_payload.json,2026-06-18T14:59:14+00:00,actual=2023;potential=2026;vacancy=2026-06-18,"{""gap_abs"": 1887.5792727904027, ""keyword"": ""юрист международное право"", ""vacancies_found"": 1}",management_signal,calculated,See component source passports,967fd44b45e20b69,scripts/build_platform2_artifacts.py::build_country_program_matrix
NGA,Nigeria,,digital_analytics,aggregate_all_languages,verified_inbound_plus_program_market_review,modelled_directional_priority,1836.695955355328,students_modelled_gap,"UIS latest actual, PPML 2026 potential, Trudvsem keyword count for program market signal",unesco_uis_opri_202602;ppml_russia_inbound_uis_opri_wpp_distance_v1;trudvsem_open_data_api,"UIS observed flow, PPML model, Работа России vacancy keyword count",docs/data/mgimo_platform2_payload.json,2026-06-18T14:59:14+00:00,actual=2023;potential=2026;vacancy=2026-06-18,"{""gap_abs"": 1836.695955355328, ""keyword"": ""SQL"", ""vacancies_found"": 736}",management_signal,calculated,See component source passports,c50bc89003f72cdd,scripts/build_platform2_artifacts.py::build_country_program_matrix
NGA,Nigeria,,digital_analytics,aggregate_all_languages,verified_inbound_plus_program_market_review,modelled_directional_priority,1836.695955355328,students_modelled_gap,"UIS latest actual, PPML 2026 potential, Trudvsem keyword count for program market signal",unesco_uis_opri_202602;ppml_russia_inbound_uis_opri_wpp_distance_v1;trudvsem_open_data_api,"UIS observed flow, PPML model, Работа России vacancy keyword count",docs/data/mgimo_platform2_payload.json,2026-06-18T14:59:14+00:00,actual=2023;potential=2026;vacancy=2026-06-18,"{""gap_abs"": 1836.695955355328, ""keyword"": ""Python"", ""vacancies_found"": 425}",management_signal,calculated,See component source passports,c50bc89003f72cdd,scripts/build_platform2_artifacts.py::build_country_program_matrix
NGA,Nigeria,,digital_analytics,aggregate_all_languages,verified_inbound_plus_program_market_review,modelled_directional_priority,1836.695955355328,students_modelled_gap,"UIS latest actual, PPML 2026 potential, Trudvsem keyword count for program market signal",unesco_uis_opri_202602;ppml_russia_inbound_uis_opri_wpp_distance_v1;trudvsem_open_data_api,"UIS observed flow, PPML model, Работа России vacancy keyword count",docs/data/mgimo_platform2_payload.json,2026-06-18T14:59:14+00:00,actual=2023;potential=2026;vacancy=2026-06-18,"{""gap_abs"": 1836.695955355328, ""keyword"": ""аналитик"", ""vacancies_found"": 1636}",management_signal,calculated,See component source passports,c50bc89003f72cdd,scripts/build_platform2_artifacts.py::build_country_program_matrix
NGA,Nigeria,,international_economics,aggregate_all_languages,verified_inbound_plus_program_market_review,modelled_directional_priority,1836.695955355328,students_modelled_gap,"UIS latest actual, PPML 2026 potential, Trudvsem keyword count for program market signal",unesco_uis_opri_202602;ppml_russia_inbound_uis_opri_wpp_distance_v1;trudvsem_open_data_api,"UIS observed flow, PPML model, Работа России vacancy keyword count",docs/data/mgimo_platform2_payload.json,2026-06-18T14:59:14+00:00,actual=2023;potential=2026;vacancy=2026-06-18,"{""gap_abs"": 1836.695955355328, ""keyword"": ""международная экономика"", ""vacancies_found"": 140}",management_signal,calculated,See component source passports,e4f4c5e77617a8de,scripts/build_platform2_artifacts.py::build_country_program_matrix
NGA,Nigeria,,international_economics,aggregate_all_languages,verified_inbound_plus_program_market_review,modelled_directional_priority,1836.695955355328,students_modelled_gap,"UIS latest actual, PPML 2026 potential, Trudvsem keyword count for program market signal",unesco_uis_opri_202602;ppml_russia_inbound_uis_opri_wpp_distance_v1;trudvsem_open_data_api,"UIS observed flow, PPML model, Работа России vacancy keyword count",docs/data/mgimo_platform2_payload.json,2026-06-18T14:59:14+00:00,actual=2023;potential=2026;vacancy=2026-06-18,"{""gap_abs"": 1836.695955355328, ""keyword"": ""финансовый аналитик"", ""vacancies_found"": 251}",management_signal,calculated,See component source passports,e4f4c5e77617a8de,scripts/build_platform2_artifacts.py::build_country_program_matrix
NGA,Nigeria,,management_public,aggregate_all_languages,verified_inbound_plus_program_market_review,modelled_directional_priority,1836.695955355328,students_modelled_gap,"UIS latest actual, PPML 2026 potential, Trudvsem keyword count for program market signal",unesco_uis_opri_202602;ppml_russia_inbound_uis_opri_wpp_distance_v1;trudvsem_open_data_api,"UIS observed flow, PPML model, Работа России vacancy keyword count",docs/data/mgimo_platform2_payload.json,2026-06-18T14:59:14+00:00,actual=2023;potential=2026;vacancy=2026-06-18,"{""gap_abs"": 1836.695955355328, ""keyword"": ""управление проектами"", ""vacancies_found"": 2949}",management_signal,calculated,See component source passports,e987d5a23b35dc82,scripts/build_platform2_artifacts.py::build_country_program_matrix
NGA,Nigeria,,management_public,aggregate_all_languages,verified_inbound_plus_program_market_review,modelled_directional_priority,1836.695955355328,students_modelled_gap,"UIS latest actual, PPML 2026 potential, Trudvsem keyword count for program market signal",unesco_uis_opri_202602;ppml_russia_inbound_uis_opri_wpp_distance_v1;trudvsem_open_data_api,"UIS observed flow, PPML model, Работа России vacancy keyword count",docs/data/mgimo_platform2_payload.json,2026-06-18T14:59:14+00:00,actual=2023;potential=2026;vacancy=2026-06-18,"{""gap_abs"": 1836.695955355328, ""keyword"": ""государственное управление"", ""vacancies_found"": 10885}",management_signal,calculated,See component source passports,e987d5a23b35dc82,scripts/build_platform2_artifacts.py::build_country_program_matrix
NGA,Nigeria,,languages_regional,aggregate_all_languages,verified_inbound_plus_program_market_review,modelled_directional_priority,1836.695955355328,students_modelled_gap,"UIS latest actual, PPML 2026 potential, Trudvsem keyword count for program market signal",unesco_uis_opri_202602;ppml_russia_inbound_uis_opri_wpp_distance_v1;trudvsem_open_data_api,"UIS observed flow, PPML model, Работа России vacancy keyword count",docs/data/mgimo_platform2_payload.json,2026-06-18T14:59:14+00:00,actual=2023;potential=2026;vacancy=2026-06-18,"{""gap_abs"": 1836.695955355328, ""keyword"": ""английский язык"", ""vacancies_found"": 4211}",management_signal,calculated,See component source passports,6078a5e5dab95ed7,scripts/build_platform2_artifacts.py::build_country_program_matrix
NGA,Nigeria,,languages_regional,aggregate_all_languages,verified_inbound_plus_program_market_review,modelled_directional_priority,1836.695955355328,students_modelled_gap,"UIS latest actual, PPML 2026 potential, Trudvsem keyword count for program market signal",unesco_uis_opri_202602;ppml_russia_inbound_uis_opri_wpp_distance_v1;trudvsem_open_data_api,"UIS observed flow, PPML model, Работа России vacancy keyword count",docs/data/mgimo_platform2_payload.json,2026-06-18T14:59:14+00:00,actual=2023;potential=2026;vacancy=2026-06-18,"{""gap_abs"": 1836.695955355328, ""keyword"": ""китайский язык"", ""vacancies_found"": 2809}",management_signal,calculated,See component source passports,6078a5e5dab95ed7,scripts/build_platform2_artifacts.py::build_country_program_matrix
NGA,Nigeria,,legal_public,aggregate_all_languages,verified_inbound_plus_program_market_review,modelled_directional_priority,1836.695955355328,students_modelled_gap,"UIS latest actual, PPML 2026 potential, Trudvsem keyword count for program market signal",unesco_uis_opri_202602;ppml_russia_inbound_uis_opri_wpp_distance_v1;trudvsem_open_data_api,"UIS observed flow, PPML model, Работа России vacancy keyword count",docs/data/mgimo_platform2_payload.json,2026-06-18T14:59:14+00:00,actual=2023;potential=2026;vacancy=2026-06-18,"{""gap_abs"": 1836.695955355328, ""keyword"": ""юрист международное право"", ""vacancies_found"": 1}",management_signal,calculated,See component source passports,bc158b7b2cb2569a,scripts/build_platform2_artifacts.py::build_country_program_matrix
BGR,Bulgaria,,digital_analytics,aggregate_all_languages,verified_inbound_plus_program_market_review,modelled_directional_priority,1654.26462714304,students_modelled_gap,"UIS latest actual, PPML 2026 potential, Trudvsem keyword count for program market signal",unesco_uis_opri_202602;ppml_russia_inbound_uis_opri_wpp_distance_v1;trudvsem_open_data_api,"UIS observed flow, PPML model, Работа России vacancy keyword count",docs/data/mgimo_platform2_payload.json,2026-06-18T14:59:14+00:00,actual=2023;potential=2026;vacancy=2026-06-18,"{""gap_abs"": 1654.26462714304, ""keyword"": ""SQL"", ""vacancies_found"": 736}",management_signal,calculated,See component source passports,10d6a641cccfd2f1,scripts/build_platform2_artifacts.py::build_country_program_matrix
BGR,Bulgaria,,digital_analytics,aggregate_all_languages,verified_inbound_plus_program_market_review,modelled_directional_priority,1654.26462714304,students_modelled_gap,"UIS latest actual, PPML 2026 potential, Trudvsem keyword count for program market signal",unesco_uis_opri_202602;ppml_russia_inbound_uis_opri_wpp_distance_v1;trudvsem_open_data_api,"UIS observed flow, PPML model, Работа России vacancy keyword count",docs/data/mgimo_platform2_payload.json,2026-06-18T14:59:14+00:00,actual=2023;potential=2026;vacancy=2026-06-18,"{""gap_abs"": 1654.26462714304, ""keyword"": ""Python"", ""vacancies_found"": 425}",management_signal,calculated,See component source passports,10d6a641cccfd2f1,scripts/build_platform2_artifacts.py::build_country_program_matrix
BGR,Bulgaria,,digital_analytics,aggregate_all_languages,verified_inbound_plus_program_market_review,modelled_directional_priority,1654.26462714304,students_modelled_gap,"UIS latest actual, PPML 2026 potential, Trudvsem keyword count for program market signal",unesco_uis_opri_202602;ppml_russia_inbound_uis_opri_wpp_distance_v1;trudvsem_open_data_api,"UIS observed flow, PPML model, Работа России vacancy keyword count",docs/data/mgimo_platform2_payload.json,2026-06-18T14:59:14+00:00,actual=2023;potential=2026;vacancy=2026-06-18,"{""gap_abs"": 1654.26462714304, ""keyword"": ""аналитик"", ""vacancies_found"": 1636}",management_signal,calculated,See component source passports,10d6a641cccfd2f1,scripts/build_platform2_artifacts.py::build_country_program_matrix
BGR,Bulgaria,,international_economics,aggregate_all_languages,verified_inbound_plus_program_market_review,modelled_directional_priority,1654.26462714304,students_modelled_gap,"UIS latest actual, PPML 2026 potential, Trudvsem keyword count for program market signal",unesco_uis_opri_202602;ppml_russia_inbound_uis_opri_wpp_distance_v1;trudvsem_open_data_api,"UIS observed flow, PPML model, Работа России vacancy keyword count",docs/data/mgimo_platform2_payload.json,2026-06-18T14:59:14+00:00,actual=2023;potential=2026;vacancy=2026-06-18,"{""gap_abs"": 1654.26462714304, ""keyword"": ""международная экономика"", ""vacancies_found"": 140}",management_signal,calculated,See component source passports,b41599d73f97570c,scripts/build_platform2_artifacts.py::build_country_program_matrix
BGR,Bulgaria,,international_economics,aggregate_all_languages,verified_inbound_plus_program_market_review,modelled_directional_priority,1654.26462714304,students_modelled_gap,"UIS latest actual, PPML 2026 potential, Trudvsem keyword count for program market signal",unesco_uis_opri_202602;ppml_russia_inbound_uis_opri_wpp_distance_v1;trudvsem_open_data_api,"UIS observed flow, PPML model, Работа России vacancy keyword count",docs/data/mgimo_platform2_payload.json,2026-06-18T14:59:14+00:00,actual=2023;potential=2026;vacancy=2026-06-18,"{""gap_abs"": 1654.26462714304, ""keyword"": ""финансовый аналитик"", ""vacancies_found"": 251}",management_signal,calculated,See component source passports,b41599d73f97570c,scripts/build_platform2_artifacts.py::build_country_program_matrix
BGR,Bulgaria,,management_public,aggregate_all_languages,verified_inbound_plus_program_market_review,modelled_directional_priority,1654.26462714304,students_modelled_gap,"UIS latest actual, PPML 2026 potential, Trudvsem keyword count for program market signal",unesco_uis_opri_202602;ppml_russia_inbound_uis_opri_wpp_distance_v1;trudvsem_open_data_api,"UIS observed flow, PPML model, Работа России vacancy keyword count",docs/data/mgimo_platform2_payload.json,2026-06-18T14:59:14+00:00,actual=2023;potential=2026;vacancy=2026-06-18,"{""gap_abs"": 1654.26462714304, ""keyword"": ""управление проектами"", ""vacancies_found"": 2949}",management_signal,calculated,See component source passports,ab19e306a2ced21d,scripts/build_platform2_artifacts.py::build_country_program_matrix
BGR,Bulgaria,,management_public,aggregate_all_languages,verified_inbound_plus_program_market_review,modelled_directional_priority,1654.26462714304,students_modelled_gap,"UIS latest actual, PPML 2026 potential, Trudvsem keyword count for program market signal",unesco_uis_opri_202602;ppml_russia_inbound_uis_opri_wpp_distance_v1;trudvsem_open_data_api,"UIS observed flow, PPML model, Работа России vacancy keyword count",docs/data/mgimo_platform2_payload.json,2026-06-18T14:59:14+00:00,actual=2023;potential=2026;vacancy=2026-06-18,"{""gap_abs"": 1654.26462714304, ""keyword"": ""государственное управление"", ""vacancies_found"": 10885}",management_signal,calculated,See component source passports,ab19e306a2ced21d,scripts/build_platform2_artifacts.py::build_country_program_matrix
BGR,Bulgaria,,languages_regional,aggregate_all_languages,verified_inbound_plus_program_market_review,modelled_directional_priority,1654.26462714304,students_modelled_gap,"UIS latest actual, PPML 2026 potential, Trudvsem keyword count for program market signal",unesco_uis_opri_202602;ppml_russia_inbound_uis_opri_wpp_distance_v1;trudvsem_open_data_api,"UIS observed flow, PPML model, Работа России vacancy keyword count",docs/data/mgimo_platform2_payload.json,2026-06-18T14:59:14+00:00,actual=2023;potential=2026;vacancy=2026-06-18,"{""gap_abs"": 1654.26462714304, ""keyword"": ""английский язык"", ""vacancies_found"": 4211}",management_signal,calculated,See component source passports,a04d98793e250363,scripts/build_platform2_artifacts.py::build_country_program_matrix
BGR,Bulgaria,,languages_regional,aggregate_all_languages,verified_inbound_plus_program_market_review,modelled_directional_priority,1654.26462714304,students_modelled_gap,"UIS latest actual, PPML 2026 potential, Trudvsem keyword count for program market signal",unesco_uis_opri_202602;ppml_russia_inbound_uis_opri_wpp_distance_v1;trudvsem_open_data_api,"UIS observed flow, PPML model, Работа России vacancy keyword count",docs/data/mgimo_platform2_payload.json,2026-06-18T14:59:14+00:00,actual=2023;potential=2026;vacancy=2026-06-18,"{""gap_abs"": 1654.26462714304, ""keyword"": ""китайский язык"", ""vacancies_found"": 2809}",management_signal,calculated,See component source passports,a04d98793e250363,scripts/build_platform2_artifacts.py::build_country_program_matrix
BGR,Bulgaria,,legal_public,aggregate_all_languages,verified_inbound_plus_program_market_review,modelled_directional_priority,1654.26462714304,students_modelled_gap,"UIS latest actual, PPML 2026 potential, Trudvsem keyword count for program market signal",unesco_uis_opri_202602;ppml_russia_inbound_uis_opri_wpp_distance_v1;trudvsem_open_data_api,"UIS observed flow, PPML model, Работа России vacancy keyword count",docs/data/mgimo_platform2_payload.json,2026-06-18T14:59:14+00:00,actual=2023;potential=2026;vacancy=2026-06-18,"{""gap_abs"": 1654.26462714304, ""keyword"": ""юрист международное право"", ""vacancies_found"": 1}",management_signal,calculated,See component source passports,759c803f0c81dfb7,scripts/build_platform2_artifacts.py::build_country_program_matrix
GRC,Greece,,digital_analytics,aggregate_all_languages,verified_inbound_plus_program_market_review,modelled_directional_priority,1646.945562465662,students_modelled_gap,"UIS latest actual, PPML 2026 potential, Trudvsem keyword count for program market signal",unesco_uis_opri_202602;ppml_russia_inbound_uis_opri_wpp_distance_v1;trudvsem_open_data_api,"UIS observed flow, PPML model, Работа России vacancy keyword count",docs/data/mgimo_platform2_payload.json,2026-06-18T14:59:14+00:00,actual=2023;potential=2026;vacancy=2026-06-18,"{""gap_abs"": 1646.945562465662, ""keyword"": ""SQL"", ""vacancies_found"": 736}",management_signal,calculated,See component source passports,d657d9e1941e9b16,scripts/build_platform2_artifacts.py::build_country_program_matrix
GRC,Greece,,digital_analytics,aggregate_all_languages,verified_inbound_plus_program_market_review,modelled_directional_priority,1646.945562465662,students_modelled_gap,"UIS latest actual, PPML 2026 potential, Trudvsem keyword count for program market signal",unesco_uis_opri_202602;ppml_russia_inbound_uis_opri_wpp_distance_v1;trudvsem_open_data_api,"UIS observed flow, PPML model, Работа России vacancy keyword count",docs/data/mgimo_platform2_payload.json,2026-06-18T14:59:14+00:00,actual=2023;potential=2026;vacancy=2026-06-18,"{""gap_abs"": 1646.945562465662, ""keyword"": ""Python"", ""vacancies_found"": 425}",management_signal,calculated,See component source passports,d657d9e1941e9b16,scripts/build_platform2_artifacts.py::build_country_program_matrix
GRC,Greece,,digital_analytics,aggregate_all_languages,verified_inbound_plus_program_market_review,modelled_directional_priority,1646.945562465662,students_modelled_gap,"UIS latest actual, PPML 2026 potential, Trudvsem keyword count for program market signal",unesco_uis_opri_202602;ppml_russia_inbound_uis_opri_wpp_distance_v1;trudvsem_open_data_api,"UIS observed flow, PPML model, Работа России vacancy keyword count",docs/data/mgimo_platform2_payload.json,2026-06-18T14:59:14+00:00,actual=2023;potential=2026;vacancy=2026-06-18,"{""gap_abs"": 1646.945562465662, ""keyword"": ""аналитик"", ""vacancies_found"": 1636}",management_signal,calculated,See component source passports,d657d9e1941e9b16,scripts/build_platform2_artifacts.py::build_country_program_matrix
GRC,Greece,,international_economics,aggregate_all_languages,verified_inbound_plus_program_market_review,modelled_directional_priority,1646.945562465662,students_modelled_gap,"UIS latest actual, PPML 2026 potential, Trudvsem keyword count for program market signal",unesco_uis_opri_202602;ppml_russia_inbound_uis_opri_wpp_distance_v1;trudvsem_open_data_api,"UIS observed flow, PPML model, Работа России vacancy keyword count",docs/data/mgimo_platform2_payload.json,2026-06-18T14:59:14+00:00,actual=2023;potential=2026;vacancy=2026-06-18,"{""gap_abs"": 1646.945562465662, ""keyword"": ""международная экономика"", ""vacancies_found"": 140}",management_signal,calculated,See component source passports,43810cbc6a50cb68,scripts/build_platform2_artifacts.py::build_country_program_matrix
GRC,Greece,,international_economics,aggregate_all_languages,verified_inbound_plus_program_market_review,modelled_directional_priority,1646.945562465662,students_modelled_gap,"UIS latest actual, PPML 2026 potential, Trudvsem keyword count for program market signal",unesco_uis_opri_202602;ppml_russia_inbound_uis_opri_wpp_distance_v1;trudvsem_open_data_api,"UIS observed flow, PPML model, Работа России vacancy keyword count",docs/data/mgimo_platform2_payload.json,2026-06-18T14:59:14+00:00,actual=2023;potential=2026;vacancy=2026-06-18,"{""gap_abs"": 1646.945562465662, ""keyword"": ""финансовый аналитик"", ""vacancies_found"": 251}",management_signal,calculated,See component source passports,43810cbc6a50cb68,scripts/build_platform2_artifacts.py::build_country_program_matrix
GRC,Greece,,management_public,aggregate_all_languages,verified_inbound_plus_program_market_review,modelled_directional_priority,1646.945562465662,students_modelled_gap,"UIS latest actual, PPML 2026 potential, Trudvsem keyword count for program market signal",unesco_uis_opri_202602;ppml_russia_inbound_uis_opri_wpp_distance_v1;trudvsem_open_data_api,"UIS observed flow, PPML model, Работа России vacancy keyword count",docs/data/mgimo_platform2_payload.json,2026-06-18T14:59:14+00:00,actual=2023;potential=2026;vacancy=2026-06-18,"{""gap_abs"": 1646.945562465662, ""keyword"": ""управление проектами"", ""vacancies_found"": 2949}",management_signal,calculated,See component source passports,7db3c057764ff1d9,scripts/build_platform2_artifacts.py::build_country_program_matrix
GRC,Greece,,management_public,aggregate_all_languages,verified_inbound_plus_program_market_review,modelled_directional_priority,1646.945562465662,students_modelled_gap,"UIS latest actual, PPML 2026 potential, Trudvsem keyword count for program market signal",unesco_uis_opri_202602;ppml_russia_inbound_uis_opri_wpp_distance_v1;trudvsem_open_data_api,"UIS observed flow, PPML model, Работа России vacancy keyword count",docs/data/mgimo_platform2_payload.json,2026-06-18T14:59:14+00:00,actual=2023;potential=2026;vacancy=2026-06-18,"{""gap_abs"": 1646.945562465662, ""keyword"": ""государственное управление"", ""vacancies_found"": 10885}",management_signal,calculated,See component source passports,7db3c057764ff1d9,scripts/build_platform2_artifacts.py::build_country_program_matrix
GRC,Greece,,languages_regional,aggregate_all_languages,verified_inbound_plus_program_market_review,modelled_directional_priority,1646.945562465662,students_modelled_gap,"UIS latest actual, PPML 2026 potential, Trudvsem keyword count for program market signal",unesco_uis_opri_202602;ppml_russia_inbound_uis_opri_wpp_distance_v1;trudvsem_open_data_api,"UIS observed flow, PPML model, Работа России vacancy keyword count",docs/data/mgimo_platform2_payload.json,2026-06-18T14:59:14+00:00,actual=2023;potential=2026;vacancy=2026-06-18,"{""gap_abs"": 1646.945562465662, ""keyword"": ""английский язык"", ""vacancies_found"": 4211}",management_signal,calculated,See component source passports,0ea2aa71172e1b3b,scripts/build_platform2_artifacts.py::build_country_program_matrix
GRC,Greece,,languages_regional,aggregate_all_languages,verified_inbound_plus_program_market_review,modelled_directional_priority,1646.945562465662,students_modelled_gap,"UIS latest actual, PPML 2026 potential, Trudvsem keyword count for program market signal",unesco_uis_opri_202602;ppml_russia_inbound_uis_opri_wpp_distance_v1;trudvsem_open_data_api,"UIS observed flow, PPML model, Работа России vacancy keyword count",docs/data/mgimo_platform2_payload.json,2026-06-18T14:59:14+00:00,actual=2023;potential=2026;vacancy=2026-06-18,"{""gap_abs"": 1646.945562465662, ""keyword"": ""китайский язык"", ""vacancies_found"": 2809}",management_signal,calculated,See component source passports,0ea2aa71172e1b3b,scripts/build_platform2_artifacts.py::build_country_program_matrix
GRC,Greece,,legal_public,aggregate_all_languages,verified_inbound_plus_program_market_review,modelled_directional_priority,1646.945562465662,students_modelled_gap,"UIS latest actual, PPML 2026 potential, Trudvsem keyword count for program market signal",unesco_uis_opri_202602;ppml_russia_inbound_uis_opri_wpp_distance_v1;trudvsem_open_data_api,"UIS observed flow, PPML model, Работа России vacancy keyword count",docs/data/mgimo_platform2_payload.json,2026-06-18T14:59:14+00:00,actual=2023;potential=2026;vacancy=2026-06-18,"{""gap_abs"": 1646.945562465662, ""keyword"": ""юрист международное право"", ""vacancies_found"": 1}",management_signal,calculated,See component source passports,e16c2b539d721e62,scripts/build_platform2_artifacts.py::build_country_program_matrix
SDN,Sudan,,digital_analytics,aggregate_all_languages,verified_inbound_plus_program_market_review,modelled_directional_priority,1617.9098405348814,students_modelled_gap,"UIS latest actual, PPML 2026 potential, Trudvsem keyword count for program market signal",unesco_uis_opri_202602;ppml_russia_inbound_uis_opri_wpp_distance_v1;trudvsem_open_data_api,"UIS observed flow, PPML model, Работа России vacancy keyword count",docs/data/mgimo_platform2_payload.json,2026-06-18T14:59:14+00:00,actual=2023;potential=2026;vacancy=2026-06-18,"{""gap_abs"": 1617.9098405348814, ""keyword"": ""SQL"", ""vacancies_found"": 736}",management_signal,calculated,See component source passports,67d9cfe60d292a65,scripts/build_platform2_artifacts.py::build_country_program_matrix
SDN,Sudan,,digital_analytics,aggregate_all_languages,verified_inbound_plus_program_market_review,modelled_directional_priority,1617.9098405348814,students_modelled_gap,"UIS latest actual, PPML 2026 potential, Trudvsem keyword count for program market signal",unesco_uis_opri_202602;ppml_russia_inbound_uis_opri_wpp_distance_v1;trudvsem_open_data_api,"UIS observed flow, PPML model, Работа России vacancy keyword count",docs/data/mgimo_platform2_payload.json,2026-06-18T14:59:14+00:00,actual=2023;potential=2026;vacancy=2026-06-18,"{""gap_abs"": 1617.9098405348814, ""keyword"": ""Python"", ""vacancies_found"": 425}",management_signal,calculated,See component source passports,67d9cfe60d292a65,scripts/build_platform2_artifacts.py::build_country_program_matrix
SDN,Sudan,,digital_analytics,aggregate_all_languages,verified_inbound_plus_program_market_review,modelled_directional_priority,1617.9098405348814,students_modelled_gap,"UIS latest actual, PPML 2026 potential, Trudvsem keyword count for program market signal",unesco_uis_opri_202602;ppml_russia_inbound_uis_opri_wpp_distance_v1;trudvsem_open_data_api,"UIS observed flow, PPML model, Работа России vacancy keyword count",docs/data/mgimo_platform2_payload.json,2026-06-18T14:59:14+00:00,actual=2023;potential=2026;vacancy=2026-06-18,"{""gap_abs"": 1617.9098405348814, ""keyword"": ""аналитик"", ""vacancies_found"": 1636}",management_signal,calculated,See component source passports,67d9cfe60d292a65,scripts/build_platform2_artifacts.py::build_country_program_matrix
SDN,Sudan,,international_economics,aggregate_all_languages,verified_inbound_plus_program_market_review,modelled_directional_priority,1617.9098405348814,students_modelled_gap,"UIS latest actual, PPML 2026 potential, Trudvsem keyword count for program market signal",unesco_uis_opri_202602;ppml_russia_inbound_uis_opri_wpp_distance_v1;trudvsem_open_data_api,"UIS observed flow, PPML model, Работа России vacancy keyword count",docs/data/mgimo_platform2_payload.json,2026-06-18T14:59:14+00:00,actual=2023;potential=2026;vacancy=2026-06-18,"{""gap_abs"": 1617.9098405348814, ""keyword"": ""международная экономика"", ""vacancies_found"": 140}",management_signal,calculated,See component source passports,d90c7fa74003eb21,scripts/build_platform2_artifacts.py::build_country_program_matrix
SDN,Sudan,,international_economics,aggregate_all_languages,verified_inbound_plus_program_market_review,modelled_directional_priority,1617.9098405348814,students_modelled_gap,"UIS latest actual, PPML 2026 potential, Trudvsem keyword count for program market signal",unesco_uis_opri_202602;ppml_russia_inbound_uis_opri_wpp_distance_v1;trudvsem_open_data_api,"UIS observed flow, PPML model, Работа России vacancy keyword count",docs/data/mgimo_platform2_payload.json,2026-06-18T14:59:14+00:00,actual=2023;potential=2026;vacancy=2026-06-18,"{""gap_abs"": 1617.9098405348814, ""keyword"": ""финансовый аналитик"", ""vacancies_found"": 251}",management_signal,calculated,See component source passports,d90c7fa74003eb21,scripts/build_platform2_artifacts.py::build_country_program_matrix
SDN,Sudan,,management_public,aggregate_all_languages,verified_inbound_plus_program_market_review,modelled_directional_priority,1617.9098405348814,students_modelled_gap,"UIS latest actual, PPML 2026 potential, Trudvsem keyword count for program market signal",unesco_uis_opri_202602;ppml_russia_inbound_uis_opri_wpp_distance_v1;trudvsem_open_data_api,"UIS observed flow, PPML model, Работа России vacancy keyword count",docs/data/mgimo_platform2_payload.json,2026-06-18T14:59:14+00:00,actual=2023;potential=2026;vacancy=2026-06-18,"{""gap_abs"": 1617.9098405348814, ""keyword"": ""управление проектами"", ""vacancies_found"": 2949}",management_signal,calculated,See component source passports,22dd673f36aea805,scripts/build_platform2_artifacts.py::build_country_program_matrix
SDN,Sudan,,management_public,aggregate_all_languages,verified_inbound_plus_program_market_review,modelled_directional_priority,1617.9098405348814,students_modelled_gap,"UIS latest actual, PPML 2026 potential, Trudvsem keyword count for program market signal",unesco_uis_opri_202602;ppml_russia_inbound_uis_opri_wpp_distance_v1;trudvsem_open_data_api,"UIS observed flow, PPML model, Работа России vacancy keyword count",docs/data/mgimo_platform2_payload.json,2026-06-18T14:59:14+00:00,actual=2023;potential=2026;vacancy=2026-06-18,"{""gap_abs"": 1617.9098405348814, ""keyword"": ""государственное управление"", ""vacancies_found"": 10885}",management_signal,calculated,See component source passports,22dd673f36aea805,scripts/build_platform2_artifacts.py::build_country_program_matrix
SDN,Sudan,,languages_regional,aggregate_all_languages,verified_inbound_plus_program_market_review,modelled_directional_priority,1617.9098405348814,students_modelled_gap,"UIS latest actual, PPML 2026 potential, Trudvsem keyword count for program market signal",unesco_uis_opri_202602;ppml_russia_inbound_uis_opri_wpp_distance_v1;trudvsem_open_data_api,"UIS observed flow, PPML model, Работа России vacancy keyword count",docs/data/mgimo_platform2_payload.json,2026-06-18T14:59:14+00:00,actual=2023;potential=2026;vacancy=2026-06-18,"{""gap_abs"": 1617.9098405348814, ""keyword"": ""английский язык"", ""vacancies_found"": 4211}",management_signal,calculated,See component source passports,d8d6812e4dc03329,scripts/build_platform2_artifacts.py::build_country_program_matrix
SDN,Sudan,,languages_regional,aggregate_all_languages,verified_inbound_plus_program_market_review,modelled_directional_priority,1617.9098405348814,students_modelled_gap,"UIS latest actual, PPML 2026 potential, Trudvsem keyword count for program market signal",unesco_uis_opri_202602;ppml_russia_inbound_uis_opri_wpp_distance_v1;trudvsem_open_data_api,"UIS observed flow, PPML model, Работа России vacancy keyword count",docs/data/mgimo_platform2_payload.json,2026-06-18T14:59:14+00:00,actual=2023;potential=2026;vacancy=2026-06-18,"{""gap_abs"": 1617.9098405348814, ""keyword"": ""китайский язык"", ""vacancies_found"": 2809}",management_signal,calculated,See component source passports,d8d6812e4dc03329,scripts/build_platform2_artifacts.py::build_country_program_matrix
SDN,Sudan,,legal_public,aggregate_all_languages,verified_inbound_plus_program_market_review,modelled_directional_priority,1617.9098405348814,students_modelled_gap,"UIS latest actual, PPML 2026 potential, Trudvsem keyword count for program market signal",unesco_uis_opri_202602;ppml_russia_inbound_uis_opri_wpp_distance_v1;trudvsem_open_data_api,"UIS observed flow, PPML model, Работа России vacancy keyword count",docs/data/mgimo_platform2_payload.json,2026-06-18T14:59:14+00:00,actual=2023;potential=2026;vacancy=2026-06-18,"{""gap_abs"": 1617.9098405348814, ""keyword"": ""юрист международное право"", ""vacancies_found"": 1}",management_signal,calculated,See component source passports,c165b593263e963c,scripts/build_platform2_artifacts.py::build_country_program_matrix
SRB,Serbia,,digital_analytics,aggregate_all_languages,verified_inbound_plus_program_market_review,modelled_directional_priority,1513.0552502211476,students_modelled_gap,"UIS latest actual, PPML 2026 potential, Trudvsem keyword count for program market signal",unesco_uis_opri_202602;ppml_russia_inbound_uis_opri_wpp_distance_v1;trudvsem_open_data_api,"UIS observed flow, PPML model, Работа России vacancy keyword count",docs/data/mgimo_platform2_payload.json,2026-06-18T14:59:14+00:00,actual=2023;potential=2026;vacancy=2026-06-18,"{""gap_abs"": 1513.0552502211476, ""keyword"": ""SQL"", ""vacancies_found"": 736}",management_signal,calculated,See component source passports,13031be7a6c4ac39,scripts/build_platform2_artifacts.py::build_country_program_matrix
SRB,Serbia,,digital_analytics,aggregate_all_languages,verified_inbound_plus_program_market_review,modelled_directional_priority,1513.0552502211476,students_modelled_gap,"UIS latest actual, PPML 2026 potential, Trudvsem keyword count for program market signal",unesco_uis_opri_202602;ppml_russia_inbound_uis_opri_wpp_distance_v1;trudvsem_open_data_api,"UIS observed flow, PPML model, Работа России vacancy keyword count",docs/data/mgimo_platform2_payload.json,2026-06-18T14:59:14+00:00,actual=2023;potential=2026;vacancy=2026-06-18,"{""gap_abs"": 1513.0552502211476, ""keyword"": ""Python"", ""vacancies_found"": 425}",management_signal,calculated,See component source passports,13031be7a6c4ac39,scripts/build_platform2_artifacts.py::build_country_program_matrix
SRB,Serbia,,digital_analytics,aggregate_all_languages,verified_inbound_plus_program_market_review,modelled_directional_priority,1513.0552502211476,students_modelled_gap,"UIS latest actual, PPML 2026 potential, Trudvsem keyword count for program market signal",unesco_uis_opri_202602;ppml_russia_inbound_uis_opri_wpp_distance_v1;trudvsem_open_data_api,"UIS observed flow, PPML model, Работа России vacancy keyword count",docs/data/mgimo_platform2_payload.json,2026-06-18T14:59:14+00:00,actual=2023;potential=2026;vacancy=2026-06-18,"{""gap_abs"": 1513.0552502211476, ""keyword"": ""аналитик"", ""vacancies_found"": 1636}",management_signal,calculated,See component source passports,13031be7a6c4ac39,scripts/build_platform2_artifacts.py::build_country_program_matrix
SRB,Serbia,,international_economics,aggregate_all_languages,verified_inbound_plus_program_market_review,modelled_directional_priority,1513.0552502211476,students_modelled_gap,"UIS latest actual, PPML 2026 potential, Trudvsem keyword count for program market signal",unesco_uis_opri_202602;ppml_russia_inbound_uis_opri_wpp_distance_v1;trudvsem_open_data_api,"UIS observed flow, PPML model, Работа России vacancy keyword count",docs/data/mgimo_platform2_payload.json,2026-06-18T14:59:14+00:00,actual=2023;potential=2026;vacancy=2026-06-18,"{""gap_abs"": 1513.0552502211476, ""keyword"": ""международная экономика"", ""vacancies_found"": 140}",management_signal,calculated,See component source passports,7fdacfd05cdf1653,scripts/build_platform2_artifacts.py::build_country_program_matrix
SRB,Serbia,,international_economics,aggregate_all_languages,verified_inbound_plus_program_market_review,modelled_directional_priority,1513.0552502211476,students_modelled_gap,"UIS latest actual, PPML 2026 potential, Trudvsem keyword count for program market signal",unesco_uis_opri_202602;ppml_russia_inbound_uis_opri_wpp_distance_v1;trudvsem_open_data_api,"UIS observed flow, PPML model, Работа России vacancy keyword count",docs/data/mgimo_platform2_payload.json,2026-06-18T14:59:14+00:00,actual=2023;potential=2026;vacancy=2026-06-18,"{""gap_abs"": 1513.0552502211476, ""keyword"": ""финансовый аналитик"", ""vacancies_found"": 251}",management_signal,calculated,See component source passports,7fdacfd05cdf1653,scripts/build_platform2_artifacts.py::build_country_program_matrix
SRB,Serbia,,management_public,aggregate_all_languages,verified_inbound_plus_program_market_review,modelled_directional_priority,1513.0552502211476,students_modelled_gap,"UIS latest actual, PPML 2026 potential, Trudvsem keyword count for program market signal",unesco_uis_opri_202602;ppml_russia_inbound_uis_opri_wpp_distance_v1;trudvsem_open_data_api,"UIS observed flow, PPML model, Работа России vacancy keyword count",docs/data/mgimo_platform2_payload.json,2026-06-18T14:59:14+00:00,actual=2023;potential=2026;vacancy=2026-06-18,"{""gap_abs"": 1513.0552502211476, ""keyword"": ""управление проектами"", ""vacancies_found"": 2949}",management_signal,calculated,See component source passports,8caf2d12388308e8,scripts/build_platform2_artifacts.py::build_country_program_matrix
SRB,Serbia,,management_public,aggregate_all_languages,verified_inbound_plus_program_market_review,modelled_directional_priority,1513.0552502211476,students_modelled_gap,"UIS latest actual, PPML 2026 potential, Trudvsem keyword count for program market signal",unesco_uis_opri_202602;ppml_russia_inbound_uis_opri_wpp_distance_v1;trudvsem_open_data_api,"UIS observed flow, PPML model, Работа России vacancy keyword count",docs/data/mgimo_platform2_payload.json,2026-06-18T14:59:14+00:00,actual=2023;potential=2026;vacancy=2026-06-18,"{""gap_abs"": 1513.0552502211476, ""keyword"": ""государственное управление"", ""vacancies_found"": 10885}",management_signal,calculated,See component source passports,8caf2d12388308e8,scripts/build_platform2_artifacts.py::build_country_program_matrix
SRB,Serbia,,languages_regional,aggregate_all_languages,verified_inbound_plus_program_market_review,modelled_directional_priority,1513.0552502211476,students_modelled_gap,"UIS latest actual, PPML 2026 potential, Trudvsem keyword count for program market signal",unesco_uis_opri_202602;ppml_russia_inbound_uis_opri_wpp_distance_v1;trudvsem_open_data_api,"UIS observed flow, PPML model, Работа России vacancy keyword count",docs/data/mgimo_platform2_payload.json,2026-06-18T14:59:14+00:00,actual=2023;potential=2026;vacancy=2026-06-18,"{""gap_abs"": 1513.0552502211476, ""keyword"": ""английский язык"", ""vacancies_found"": 4211}",management_signal,calculated,See component source passports,4e6a0ca4bd09c1d8,scripts/build_platform2_artifacts.py::build_country_program_matrix
SRB,Serbia,,languages_regional,aggregate_all_languages,verified_inbound_plus_program_market_review,modelled_directional_priority,1513.0552502211476,students_modelled_gap,"UIS latest actual, PPML 2026 potential, Trudvsem keyword count for program market signal",unesco_uis_opri_202602;ppml_russia_inbound_uis_opri_wpp_distance_v1;trudvsem_open_data_api,"UIS observed flow, PPML model, Работа России vacancy keyword count",docs/data/mgimo_platform2_payload.json,2026-06-18T14:59:14+00:00,actual=2023;potential=2026;vacancy=2026-06-18,"{""gap_abs"": 1513.0552502211476, ""keyword"": ""китайский язык"", ""vacancies_found"": 2809}",management_signal,calculated,See component source passports,4e6a0ca4bd09c1d8,scripts/build_platform2_artifacts.py::build_country_program_matrix
SRB,Serbia,,legal_public,aggregate_all_languages,verified_inbound_plus_program_market_review,modelled_directional_priority,1513.0552502211476,students_modelled_gap,"UIS latest actual, PPML 2026 potential, Trudvsem keyword count for program market signal",unesco_uis_opri_202602;ppml_russia_inbound_uis_opri_wpp_distance_v1;trudvsem_open_data_api,"UIS observed flow, PPML model, Работа России vacancy keyword count",docs/data/mgimo_platform2_payload.json,2026-06-18T14:59:14+00:00,actual=2023;potential=2026;vacancy=2026-06-18,"{""gap_abs"": 1513.0552502211476, ""keyword"": ""юрист международное право"", ""vacancies_found"": 1}",management_signal,calculated,See component source passports,473bfde9f14e4ce0,scripts/build_platform2_artifacts.py::build_country_program_matrix
COD,"Congo, The Democratic Republic of the",,digital_analytics,aggregate_all_languages,verified_inbound_plus_program_market_review,modelled_directional_priority,1490.3406076203507,students_modelled_gap,"UIS latest actual, PPML 2026 potential, Trudvsem keyword count for program market signal",unesco_uis_opri_202602;ppml_russia_inbound_uis_opri_wpp_distance_v1;trudvsem_open_data_api,"UIS observed flow, PPML model, Работа России vacancy keyword count",docs/data/mgimo_platform2_payload.json,2026-06-18T14:59:14+00:00,actual=2023;potential=2026;vacancy=2026-06-18,"{""gap_abs"": 1490.3406076203507, ""keyword"": ""SQL"", ""vacancies_found"": 736}",management_signal,calculated,See component source passports,373c92fd0d55651a,scripts/build_platform2_artifacts.py::build_country_program_matrix
COD,"Congo, The Democratic Republic of the",,digital_analytics,aggregate_all_languages,verified_inbound_plus_program_market_review,modelled_directional_priority,1490.3406076203507,students_modelled_gap,"UIS latest actual, PPML 2026 potential, Trudvsem keyword count for program market signal",unesco_uis_opri_202602;ppml_russia_inbound_uis_opri_wpp_distance_v1;trudvsem_open_data_api,"UIS observed flow, PPML model, Работа России vacancy keyword count",docs/data/mgimo_platform2_payload.json,2026-06-18T14:59:14+00:00,actual=2023;potential=2026;vacancy=2026-06-18,"{""gap_abs"": 1490.3406076203507, ""keyword"": ""Python"", ""vacancies_found"": 425}",management_signal,calculated,See component source passports,373c92fd0d55651a,scripts/build_platform2_artifacts.py::build_country_program_matrix
COD,"Congo, The Democratic Republic of the",,digital_analytics,aggregate_all_languages,verified_inbound_plus_program_market_review,modelled_directional_priority,1490.3406076203507,students_modelled_gap,"UIS latest actual, PPML 2026 potential, Trudvsem keyword count for program market signal",unesco_uis_opri_202602;ppml_russia_inbound_uis_opri_wpp_distance_v1;trudvsem_open_data_api,"UIS observed flow, PPML model, Работа России vacancy keyword count",docs/data/mgimo_platform2_payload.json,2026-06-18T14:59:14+00:00,actual=2023;potential=2026;vacancy=2026-06-18,"{""gap_abs"": 1490.3406076203507, ""keyword"": ""аналитик"", ""vacancies_found"": 1636}",management_signal,calculated,See component source passports,373c92fd0d55651a,scripts/build_platform2_artifacts.py::build_country_program_matrix
COD,"Congo, The Democratic Republic of the",,international_economics,aggregate_all_languages,verified_inbound_plus_program_market_review,modelled_directional_priority,1490.3406076203507,students_modelled_gap,"UIS latest actual, PPML 2026 potential, Trudvsem keyword count for program market signal",unesco_uis_opri_202602;ppml_russia_inbound_uis_opri_wpp_distance_v1;trudvsem_open_data_api,"UIS observed flow, PPML model, Работа России vacancy keyword count",docs/data/mgimo_platform2_payload.json,2026-06-18T14:59:14+00:00,actual=2023;potential=2026;vacancy=2026-06-18,"{""gap_abs"": 1490.3406076203507, ""keyword"": ""международная экономика"", ""vacancies_found"": 140}",management_signal,calculated,See component source passports,0c09440243150818,scripts/build_platform2_artifacts.py::build_country_program_matrix
COD,"Congo, The Democratic Republic of the",,international_economics,aggregate_all_languages,verified_inbound_plus_program_market_review,modelled_directional_priority,1490.3406076203507,students_modelled_gap,"UIS latest actual, PPML 2026 potential, Trudvsem keyword count for program market signal",unesco_uis_opri_202602;ppml_russia_inbound_uis_opri_wpp_distance_v1;trudvsem_open_data_api,"UIS observed flow, PPML model, Работа России vacancy keyword count",docs/data/mgimo_platform2_payload.json,2026-06-18T14:59:14+00:00,actual=2023;potential=2026;vacancy=2026-06-18,"{""gap_abs"": 1490.3406076203507, ""keyword"": ""финансовый аналитик"", ""vacancies_found"": 251}",management_signal,calculated,See component source passports,0c09440243150818,scripts/build_platform2_artifacts.py::build_country_program_matrix
COD,"Congo, The Democratic Republic of the",,management_public,aggregate_all_languages,verified_inbound_plus_program_market_review,modelled_directional_priority,1490.3406076203507,students_modelled_gap,"UIS latest actual, PPML 2026 potential, Trudvsem keyword count for program market signal",unesco_uis_opri_202602;ppml_russia_inbound_uis_opri_wpp_distance_v1;trudvsem_open_data_api,"UIS observed flow, PPML model, Работа России vacancy keyword count",docs/data/mgimo_platform2_payload.json,2026-06-18T14:59:14+00:00,actual=2023;potential=2026;vacancy=2026-06-18,"{""gap_abs"": 1490.3406076203507, ""keyword"": ""управление проектами"", ""vacancies_found"": 2949}",management_signal,calculated,See component source passports,d12f7bba841c1a16,scripts/build_platform2_artifacts.py::build_country_program_matrix
COD,"Congo, The Democratic Republic of the",,management_public,aggregate_all_languages,verified_inbound_plus_program_market_review,modelled_directional_priority,1490.3406076203507,students_modelled_gap,"UIS latest actual, PPML 2026 potential, Trudvsem keyword count for program market signal",unesco_uis_opri_202602;ppml_russia_inbound_uis_opri_wpp_distance_v1;trudvsem_open_data_api,"UIS observed flow, PPML model, Работа России vacancy keyword count",docs/data/mgimo_platform2_payload.json,2026-06-18T14:59:14+00:00,actual=2023;potential=2026;vacancy=2026-06-18,"{""gap_abs"": 1490.3406076203507, ""keyword"": ""государственное управление"", ""vacancies_found"": 10885}",management_signal,calculated,See component source passports,d12f7bba841c1a16,scripts/build_platform2_artifacts.py::build_country_program_matrix
COD,"Congo, The Democratic Republic of the",,languages_regional,aggregate_all_languages,verified_inbound_plus_program_market_review,modelled_directional_priority,1490.3406076203507,students_modelled_gap,"UIS latest actual, PPML 2026 potential, Trudvsem keyword count for program market signal",unesco_uis_opri_202602;ppml_russia_inbound_uis_opri_wpp_distance_v1;trudvsem_open_data_api,"UIS observed flow, PPML model, Работа России vacancy keyword count",docs/data/mgimo_platform2_payload.json,2026-06-18T14:59:14+00:00,actual=2023;potential=2026;vacancy=2026-06-18,"{""gap_abs"": 1490.3406076203507, ""keyword"": ""английский язык"", ""vacancies_found"": 4211}",management_signal,calculated,See component source passports,c38940fd25e663a4,scripts/build_platform2_artifacts.py::build_country_program_matrix
COD,"Congo, The Democratic Republic of the",,languages_regional,aggregate_all_languages,verified_inbound_plus_program_market_review,modelled_directional_priority,1490.3406076203507,students_modelled_gap,"UIS latest actual, PPML 2026 potential, Trudvsem keyword count for program market signal",unesco_uis_opri_202602;ppml_russia_inbound_uis_opri_wpp_distance_v1;trudvsem_open_data_api,"UIS observed flow, PPML model, Работа России vacancy keyword count",docs/data/mgimo_platform2_payload.json,2026-06-18T14:59:14+00:00,actual=2023;potential=2026;vacancy=2026-06-18,"{""gap_abs"": 1490.3406076203507, ""keyword"": ""китайский язык"", ""vacancies_found"": 2809}",management_signal,calculated,See component source passports,c38940fd25e663a4,scripts/build_platform2_artifacts.py::build_country_program_matrix
COD,"Congo, The Democratic Republic of the",,legal_public,aggregate_all_languages,verified_inbound_plus_program_market_review,modelled_directional_priority,1490.3406076203507,students_modelled_gap,"UIS latest actual, PPML 2026 potential, Trudvsem keyword count for program market signal",unesco_uis_opri_202602;ppml_russia_inbound_uis_opri_wpp_distance_v1;trudvsem_open_data_api,"UIS observed flow, PPML model, Работа России vacancy keyword count",docs/data/mgimo_platform2_payload.json,2026-06-18T14:59:14+00:00,actual=2023;potential=2026;vacancy=2026-06-18,"{""gap_abs"": 1490.3406076203507, ""keyword"": ""юрист международное право"", ""vacancies_found"": 1}",management_signal,calculated,See component source passports,62f28210f0118076,scripts/build_platform2_artifacts.py::build_country_program_matrix
CHE,Switzerland,,digital_analytics,aggregate_all_languages,verified_inbound_plus_program_market_review,modelled_directional_priority,1478.8268964952556,students_modelled_gap,"UIS latest actual, PPML 2026 potential, Trudvsem keyword count for program market signal",unesco_uis_opri_202602;ppml_russia_inbound_uis_opri_wpp_distance_v1;trudvsem_open_data_api,"UIS observed flow, PPML model, Работа России vacancy keyword count",docs/data/mgimo_platform2_payload.json,2026-06-18T14:59:14+00:00,actual=2023;potential=2026;vacancy=2026-06-18,"{""gap_abs"": 1478.8268964952556, ""keyword"": ""SQL"", ""vacancies_found"": 736}",management_signal,calculated,See component source passports,f2c001e5d8fcf076,scripts/build_platform2_artifacts.py::build_country_program_matrix
CHE,Switzerland,,digital_analytics,aggregate_all_languages,verified_inbound_plus_program_market_review,modelled_directional_priority,1478.8268964952556,students_modelled_gap,"UIS latest actual, PPML 2026 potential, Trudvsem keyword count for program market signal",unesco_uis_opri_202602;ppml_russia_inbound_uis_opri_wpp_distance_v1;trudvsem_open_data_api,"UIS observed flow, PPML model, Работа России vacancy keyword count",docs/data/mgimo_platform2_payload.json,2026-06-18T14:59:14+00:00,actual=2023;potential=2026;vacancy=2026-06-18,"{""gap_abs"": 1478.8268964952556, ""keyword"": ""Python"", ""vacancies_found"": 425}",management_signal,calculated,See component source passports,f2c001e5d8fcf076,scripts/build_platform2_artifacts.py::build_country_program_matrix
CHE,Switzerland,,digital_analytics,aggregate_all_languages,verified_inbound_plus_program_market_review,modelled_directional_priority,1478.8268964952556,students_modelled_gap,"UIS latest actual, PPML 2026 potential, Trudvsem keyword count for program market signal",unesco_uis_opri_202602;ppml_russia_inbound_uis_opri_wpp_distance_v1;trudvsem_open_data_api,"UIS observed flow, PPML model, Работа России vacancy keyword count",docs/data/mgimo_platform2_payload.json,2026-06-18T14:59:14+00:00,actual=2023;potential=2026;vacancy=2026-06-18,"{""gap_abs"": 1478.8268964952556, ""keyword"": ""аналитик"", ""vacancies_found"": 1636}",management_signal,calculated,See component source passports,f2c001e5d8fcf076,scripts/build_platform2_artifacts.py::build_country_program_matrix
CHE,Switzerland,,international_economics,aggregate_all_languages,verified_inbound_plus_program_market_review,modelled_directional_priority,1478.8268964952556,students_modelled_gap,"UIS latest actual, PPML 2026 potential, Trudvsem keyword count for program market signal",unesco_uis_opri_202602;ppml_russia_inbound_uis_opri_wpp_distance_v1;trudvsem_open_data_api,"UIS observed flow, PPML model, Работа России vacancy keyword count",docs/data/mgimo_platform2_payload.json,2026-06-18T14:59:14+00:00,actual=2023;potential=2026;vacancy=2026-06-18,"{""gap_abs"": 1478.8268964952556, ""keyword"": ""международная экономика"", ""vacancies_found"": 140}",management_signal,calculated,See component source passports,120f18bb33cc00d0,scripts/build_platform2_artifacts.py::build_country_program_matrix
CHE,Switzerland,,international_economics,aggregate_all_languages,verified_inbound_plus_program_market_review,modelled_directional_priority,1478.8268964952556,students_modelled_gap,"UIS latest actual, PPML 2026 potential, Trudvsem keyword count for program market signal",unesco_uis_opri_202602;ppml_russia_inbound_uis_opri_wpp_distance_v1;trudvsem_open_data_api,"UIS observed flow, PPML model, Работа России vacancy keyword count",docs/data/mgimo_platform2_payload.json,2026-06-18T14:59:14+00:00,actual=2023;potential=2026;vacancy=2026-06-18,"{""gap_abs"": 1478.8268964952556, ""keyword"": ""финансовый аналитик"", ""vacancies_found"": 251}",management_signal,calculated,See component source passports,120f18bb33cc00d0,scripts/build_platform2_artifacts.py::build_country_program_matrix
CHE,Switzerland,,management_public,aggregate_all_languages,verified_inbound_plus_program_market_review,modelled_directional_priority,1478.8268964952556,students_modelled_gap,"UIS latest actual, PPML 2026 potential, Trudvsem keyword count for program market signal",unesco_uis_opri_202602;ppml_russia_inbound_uis_opri_wpp_distance_v1;trudvsem_open_data_api,"UIS observed flow, PPML model, Работа России vacancy keyword count",docs/data/mgimo_platform2_payload.json,2026-06-18T14:59:14+00:00,actual=2023;potential=2026;vacancy=2026-06-18,"{""gap_abs"": 1478.8268964952556, ""keyword"": ""управление проектами"", ""vacancies_found"": 2949}",management_signal,calculated,See component source passports,0f0ff335b6064c83,scripts/build_platform2_artifacts.py::build_country_program_matrix
CHE,Switzerland,,management_public,aggregate_all_languages,verified_inbound_plus_program_market_review,modelled_directional_priority,1478.8268964952556,students_modelled_gap,"UIS latest actual, PPML 2026 potential, Trudvsem keyword count for program market signal",unesco_uis_opri_202602;ppml_russia_inbound_uis_opri_wpp_distance_v1;trudvsem_open_data_api,"UIS observed flow, PPML model, Работа России vacancy keyword count",docs/data/mgimo_platform2_payload.json,2026-06-18T14:59:14+00:00,actual=2023;potential=2026;vacancy=2026-06-18,"{""gap_abs"": 1478.8268964952556, ""keyword"": ""государственное управление"", ""vacancies_found"": 10885}",management_signal,calculated,See component source passports,0f0ff335b6064c83,scripts/build_platform2_artifacts.py::build_country_program_matrix
CHE,Switzerland,,languages_regional,aggregate_all_languages,verified_inbound_plus_program_market_review,modelled_directional_priority,1478.8268964952556,students_modelled_gap,"UIS latest actual, PPML 2026 potential, Trudvsem keyword count for program market signal",unesco_uis_opri_202602;ppml_russia_inbound_uis_opri_wpp_distance_v1;trudvsem_open_data_api,"UIS observed flow, PPML model, Работа России vacancy keyword count",docs/data/mgimo_platform2_payload.json,2026-06-18T14:59:14+00:00,actual=2023;potential=2026;vacancy=2026-06-18,"{""gap_abs"": 1478.8268964952556, ""keyword"": ""английский язык"", ""vacancies_found"": 4211}",management_signal,calculated,See component source passports,1365947776cf6b39,scripts/build_platform2_artifacts.py::build_country_program_matrix
CHE,Switzerland,,languages_regional,aggregate_all_languages,verified_inbound_plus_program_market_review,modelled_directional_priority,1478.8268964952556,students_modelled_gap,"UIS latest actual, PPML 2026 potential, Trudvsem keyword count for program market signal",unesco_uis_opri_202602;ppml_russia_inbound_uis_opri_wpp_distance_v1;trudvsem_open_data_api,"UIS observed flow, PPML model, Работа России vacancy keyword count",docs/data/mgimo_platform2_payload.json,2026-06-18T14:59:14+00:00,actual=2023;potential=2026;vacancy=2026-06-18,"{""gap_abs"": 1478.8268964952556, ""keyword"": ""китайский язык"", ""vacancies_found"": 2809}",management_signal,calculated,See component source passports,1365947776cf6b39,scripts/build_platform2_artifacts.py::build_country_program_matrix
CHE,Switzerland,,legal_public,aggregate_all_languages,verified_inbound_plus_program_market_review,modelled_directional_priority,1478.8268964952556,students_modelled_gap,"UIS latest actual, PPML 2026 potential, Trudvsem keyword count for program market signal",unesco_uis_opri_202602;ppml_russia_inbound_uis_opri_wpp_distance_v1;trudvsem_open_data_api,"UIS observed flow, PPML model, Работа России vacancy keyword count",docs/data/mgimo_platform2_payload.json,2026-06-18T14:59:14+00:00,actual=2023;potential=2026;vacancy=2026-06-18,"{""gap_abs"": 1478.8268964952556, ""keyword"": ""юрист международное право"", ""vacancies_found"": 1}",management_signal,calculated,See component source passports,3dbb61e7f9f0e0f9,scripts/build_platform2_artifacts.py::build_country_program_matrix
IDN,Indonesia,,digital_analytics,aggregate_all_languages,verified_inbound_plus_program_market_review,modelled_directional_priority,1468.0182380569422,students_modelled_gap,"UIS latest actual, PPML 2026 potential, Trudvsem keyword count for program market signal",unesco_uis_opri_202602;ppml_russia_inbound_uis_opri_wpp_distance_v1;trudvsem_open_data_api,"UIS observed flow, PPML model, Работа России vacancy keyword count",docs/data/mgimo_platform2_payload.json,2026-06-18T14:59:14+00:00,actual=2023;potential=2026;vacancy=2026-06-18,"{""gap_abs"": 1468.0182380569422, ""keyword"": ""SQL"", ""vacancies_found"": 736}",management_signal,calculated,See component source passports,ecdf5e8d3d2f2284,scripts/build_platform2_artifacts.py::build_country_program_matrix
IDN,Indonesia,,digital_analytics,aggregate_all_languages,verified_inbound_plus_program_market_review,modelled_directional_priority,1468.0182380569422,students_modelled_gap,"UIS latest actual, PPML 2026 potential, Trudvsem keyword count for program market signal",unesco_uis_opri_202602;ppml_russia_inbound_uis_opri_wpp_distance_v1;trudvsem_open_data_api,"UIS observed flow, PPML model, Работа России vacancy keyword count",docs/data/mgimo_platform2_payload.json,2026-06-18T14:59:14+00:00,actual=2023;potential=2026;vacancy=2026-06-18,"{""gap_abs"": 1468.0182380569422, ""keyword"": ""Python"", ""vacancies_found"": 425}",management_signal,calculated,See component source passports,ecdf5e8d3d2f2284,scripts/build_platform2_artifacts.py::build_country_program_matrix
IDN,Indonesia,,digital_analytics,aggregate_all_languages,verified_inbound_plus_program_market_review,modelled_directional_priority,1468.0182380569422,students_modelled_gap,"UIS latest actual, PPML 2026 potential, Trudvsem keyword count for program market signal",unesco_uis_opri_202602;ppml_russia_inbound_uis_opri_wpp_distance_v1;trudvsem_open_data_api,"UIS observed flow, PPML model, Работа России vacancy keyword count",docs/data/mgimo_platform2_payload.json,2026-06-18T14:59:14+00:00,actual=2023;potential=2026;vacancy=2026-06-18,"{""gap_abs"": 1468.0182380569422, ""keyword"": ""аналитик"", ""vacancies_found"": 1636}",management_signal,calculated,See component source passports,ecdf5e8d3d2f2284,scripts/build_platform2_artifacts.py::build_country_program_matrix
IDN,Indonesia,,international_economics,aggregate_all_languages,verified_inbound_plus_program_market_review,modelled_directional_priority,1468.0182380569422,students_modelled_gap,"UIS latest actual, PPML 2026 potential, Trudvsem keyword count for program market signal",unesco_uis_opri_202602;ppml_russia_inbound_uis_opri_wpp_distance_v1;trudvsem_open_data_api,"UIS observed flow, PPML model, Работа России vacancy keyword count",docs/data/mgimo_platform2_payload.json,2026-06-18T14:59:14+00:00,actual=2023;potential=2026;vacancy=2026-06-18,"{""gap_abs"": 1468.0182380569422, ""keyword"": ""международная экономика"", ""vacancies_found"": 140}",management_signal,calculated,See component source passports,0f848351171c2f5f,scripts/build_platform2_artifacts.py::build_country_program_matrix
IDN,Indonesia,,international_economics,aggregate_all_languages,verified_inbound_plus_program_market_review,modelled_directional_priority,1468.0182380569422,students_modelled_gap,"UIS latest actual, PPML 2026 potential, Trudvsem keyword count for program market signal",unesco_uis_opri_202602;ppml_russia_inbound_uis_opri_wpp_distance_v1;trudvsem_open_data_api,"UIS observed flow, PPML model, Работа России vacancy keyword count",docs/data/mgimo_platform2_payload.json,2026-06-18T14:59:14+00:00,actual=2023;potential=2026;vacancy=2026-06-18,"{""gap_abs"": 1468.0182380569422, ""keyword"": ""финансовый аналитик"", ""vacancies_found"": 251}",management_signal,calculated,See component source passports,0f848351171c2f5f,scripts/build_platform2_artifacts.py::build_country_program_matrix
IDN,Indonesia,,management_public,aggregate_all_languages,verified_inbound_plus_program_market_review,modelled_directional_priority,1468.0182380569422,students_modelled_gap,"UIS latest actual, PPML 2026 potential, Trudvsem keyword count for program market signal",unesco_uis_opri_202602;ppml_russia_inbound_uis_opri_wpp_distance_v1;trudvsem_open_data_api,"UIS observed flow, PPML model, Работа России vacancy keyword count",docs/data/mgimo_platform2_payload.json,2026-06-18T14:59:14+00:00,actual=2023;potential=2026;vacancy=2026-06-18,"{""gap_abs"": 1468.0182380569422, ""keyword"": ""управление проектами"", ""vacancies_found"": 2949}",management_signal,calculated,See component source passports,b4a0f71870ce7a56,scripts/build_platform2_artifacts.py::build_country_program_matrix
IDN,Indonesia,,management_public,aggregate_all_languages,verified_inbound_plus_program_market_review,modelled_directional_priority,1468.0182380569422,students_modelled_gap,"UIS latest actual, PPML 2026 potential, Trudvsem keyword count for program market signal",unesco_uis_opri_202602;ppml_russia_inbound_uis_opri_wpp_distance_v1;trudvsem_open_data_api,"UIS observed flow, PPML model, Работа России vacancy keyword count",docs/data/mgimo_platform2_payload.json,2026-06-18T14:59:14+00:00,actual=2023;potential=2026;vacancy=2026-06-18,"{""gap_abs"": 1468.0182380569422, ""keyword"": ""государственное управление"", ""vacancies_found"": 10885}",management_signal,calculated,See component source passports,b4a0f71870ce7a56,scripts/build_platform2_artifacts.py::build_country_program_matrix
IDN,Indonesia,,languages_regional,aggregate_all_languages,verified_inbound_plus_program_market_review,modelled_directional_priority,1468.0182380569422,students_modelled_gap,"UIS latest actual, PPML 2026 potential, Trudvsem keyword count for program market signal",unesco_uis_opri_202602;ppml_russia_inbound_uis_opri_wpp_distance_v1;trudvsem_open_data_api,"UIS observed flow, PPML model, Работа России vacancy keyword count",docs/data/mgimo_platform2_payload.json,2026-06-18T14:59:14+00:00,actual=2023;potential=2026;vacancy=2026-06-18,"{""gap_abs"": 1468.0182380569422, ""keyword"": ""английский язык"", ""vacancies_found"": 4211}",management_signal,calculated,See component source passports,2653a8cf9de4ba22,scripts/build_platform2_artifacts.py::build_country_program_matrix
IDN,Indonesia,,languages_regional,aggregate_all_languages,verified_inbound_plus_program_market_review,modelled_directional_priority,1468.0182380569422,students_modelled_gap,"UIS latest actual, PPML 2026 potential, Trudvsem keyword count for program market signal",unesco_uis_opri_202602;ppml_russia_inbound_uis_opri_wpp_distance_v1;trudvsem_open_data_api,"UIS observed flow, PPML model, Работа России vacancy keyword count",docs/data/mgimo_platform2_payload.json,2026-06-18T14:59:14+00:00,actual=2023;potential=2026;vacancy=2026-06-18,"{""gap_abs"": 1468.0182380569422, ""keyword"": ""китайский язык"", ""vacancies_found"": 2809}",management_signal,calculated,See component source passports,2653a8cf9de4ba22,scripts/build_platform2_artifacts.py::build_country_program_matrix
IDN,Indonesia,,legal_public,aggregate_all_languages,verified_inbound_plus_program_market_review,modelled_directional_priority,1468.0182380569422,students_modelled_gap,"UIS latest actual, PPML 2026 potential, Trudvsem keyword count for program market signal",unesco_uis_opri_202602;ppml_russia_inbound_uis_opri_wpp_distance_v1;trudvsem_open_data_api,"UIS observed flow, PPML model, Работа России vacancy keyword count",docs/data/mgimo_platform2_payload.json,2026-06-18T14:59:14+00:00,actual=2023;potential=2026;vacancy=2026-06-18,"{""gap_abs"": 1468.0182380569422, ""keyword"": ""юрист международное право"", ""vacancies_found"": 1}",management_signal,calculated,See component source passports,5ce6458be539119b,scripts/build_platform2_artifacts.py::build_country_program_matrix
UGA,Uganda,,digital_analytics,aggregate_all_languages,verified_inbound_plus_program_market_review,modelled_directional_priority,1383.782341894304,students_modelled_gap,"UIS latest actual, PPML 2026 potential, Trudvsem keyword count for program market signal",unesco_uis_opri_202602;ppml_russia_inbound_uis_opri_wpp_distance_v1;trudvsem_open_data_api,"UIS observed flow, PPML model, Работа России vacancy keyword count",docs/data/mgimo_platform2_payload.json,2026-06-18T14:59:14+00:00,actual=2023;potential=2026;vacancy=2026-06-18,"{""gap_abs"": 1383.782341894304, ""keyword"": ""SQL"", ""vacancies_found"": 736}",management_signal,calculated,See component source passports,4bf4a027daf13587,scripts/build_platform2_artifacts.py::build_country_program_matrix
UGA,Uganda,,digital_analytics,aggregate_all_languages,verified_inbound_plus_program_market_review,modelled_directional_priority,1383.782341894304,students_modelled_gap,"UIS latest actual, PPML 2026 potential, Trudvsem keyword count for program market signal",unesco_uis_opri_202602;ppml_russia_inbound_uis_opri_wpp_distance_v1;trudvsem_open_data_api,"UIS observed flow, PPML model, Работа России vacancy keyword count",docs/data/mgimo_platform2_payload.json,2026-06-18T14:59:14+00:00,actual=2023;potential=2026;vacancy=2026-06-18,"{""gap_abs"": 1383.782341894304, ""keyword"": ""Python"", ""vacancies_found"": 425}",management_signal,calculated,See component source passports,4bf4a027daf13587,scripts/build_platform2_artifacts.py::build_country_program_matrix
UGA,Uganda,,digital_analytics,aggregate_all_languages,verified_inbound_plus_program_market_review,modelled_directional_priority,1383.782341894304,students_modelled_gap,"UIS latest actual, PPML 2026 potential, Trudvsem keyword count for program market signal",unesco_uis_opri_202602;ppml_russia_inbound_uis_opri_wpp_distance_v1;trudvsem_open_data_api,"UIS observed flow, PPML model, Работа России vacancy keyword count",docs/data/mgimo_platform2_payload.json,2026-06-18T14:59:14+00:00,actual=2023;potential=2026;vacancy=2026-06-18,"{""gap_abs"": 1383.782341894304, ""keyword"": ""аналитик"", ""vacancies_found"": 1636}",management_signal,calculated,See component source passports,4bf4a027daf13587,scripts/build_platform2_artifacts.py::build_country_program_matrix
UGA,Uganda,,international_economics,aggregate_all_languages,verified_inbound_plus_program_market_review,modelled_directional_priority,1383.782341894304,students_modelled_gap,"UIS latest actual, PPML 2026 potential, Trudvsem keyword count for program market signal",unesco_uis_opri_202602;ppml_russia_inbound_uis_opri_wpp_distance_v1;trudvsem_open_data_api,"UIS observed flow, PPML model, Работа России vacancy keyword count",docs/data/mgimo_platform2_payload.json,2026-06-18T14:59:14+00:00,actual=2023;potential=2026;vacancy=2026-06-18,"{""gap_abs"": 1383.782341894304, ""keyword"": ""международная экономика"", ""vacancies_found"": 140}",management_signal,calculated,See component source passports,cb51999ea5c1eaed,scripts/build_platform2_artifacts.py::build_country_program_matrix
UGA,Uganda,,international_economics,aggregate_all_languages,verified_inbound_plus_program_market_review,modelled_directional_priority,1383.782341894304,students_modelled_gap,"UIS latest actual, PPML 2026 potential, Trudvsem keyword count for program market signal",unesco_uis_opri_202602;ppml_russia_inbound_uis_opri_wpp_distance_v1;trudvsem_open_data_api,"UIS observed flow, PPML model, Работа России vacancy keyword count",docs/data/mgimo_platform2_payload.json,2026-06-18T14:59:14+00:00,actual=2023;potential=2026;vacancy=2026-06-18,"{""gap_abs"": 1383.782341894304, ""keyword"": ""финансовый аналитик"", ""vacancies_found"": 251}",management_signal,calculated,See component source passports,cb51999ea5c1eaed,scripts/build_platform2_artifacts.py::build_country_program_matrix
UGA,Uganda,,management_public,aggregate_all_languages,verified_inbound_plus_program_market_review,modelled_directional_priority,1383.782341894304,students_modelled_gap,"UIS latest actual, PPML 2026 potential, Trudvsem keyword count for program market signal",unesco_uis_opri_202602;ppml_russia_inbound_uis_opri_wpp_distance_v1;trudvsem_open_data_api,"UIS observed flow, PPML model, Работа России vacancy keyword count",docs/data/mgimo_platform2_payload.json,2026-06-18T14:59:14+00:00,actual=2023;potential=2026;vacancy=2026-06-18,"{""gap_abs"": 1383.782341894304, ""keyword"": ""управление проектами"", ""vacancies_found"": 2949}",management_signal,calculated,See component source passports,734e4ccd35f0d8af,scripts/build_platform2_artifacts.py::build_country_program_matrix
UGA,Uganda,,management_public,aggregate_all_languages,verified_inbound_plus_program_market_review,modelled_directional_priority,1383.782341894304,students_modelled_gap,"UIS latest actual, PPML 2026 potential, Trudvsem keyword count for program market signal",unesco_uis_opri_202602;ppml_russia_inbound_uis_opri_wpp_distance_v1;trudvsem_open_data_api,"UIS observed flow, PPML model, Работа России vacancy keyword count",docs/data/mgimo_platform2_payload.json,2026-06-18T14:59:14+00:00,actual=2023;potential=2026;vacancy=2026-06-18,"{""gap_abs"": 1383.782341894304, ""keyword"": ""государственное управление"", ""vacancies_found"": 10885}",management_signal,calculated,See component source passports,734e4ccd35f0d8af,scripts/build_platform2_artifacts.py::build_country_program_matrix
UGA,Uganda,,languages_regional,aggregate_all_languages,verified_inbound_plus_program_market_review,modelled_directional_priority,1383.782341894304,students_modelled_gap,"UIS latest actual, PPML 2026 potential, Trudvsem keyword count for program market signal",unesco_uis_opri_202602;ppml_russia_inbound_uis_opri_wpp_distance_v1;trudvsem_open_data_api,"UIS observed flow, PPML model, Работа России vacancy keyword count",docs/data/mgimo_platform2_payload.json,2026-06-18T14:59:14+00:00,actual=2023;potential=2026;vacancy=2026-06-18,"{""gap_abs"": 1383.782341894304, ""keyword"": ""английский язык"", ""vacancies_found"": 4211}",management_signal,calculated,See component source passports,d33113fffac3f30b,scripts/build_platform2_artifacts.py::build_country_program_matrix
UGA,Uganda,,languages_regional,aggregate_all_languages,verified_inbound_plus_program_market_review,modelled_directional_priority,1383.782341894304,students_modelled_gap,"UIS latest actual, PPML 2026 potential, Trudvsem keyword count for program market signal",unesco_uis_opri_202602;ppml_russia_inbound_uis_opri_wpp_distance_v1;trudvsem_open_data_api,"UIS observed flow, PPML model, Работа России vacancy keyword count",docs/data/mgimo_platform2_payload.json,2026-06-18T14:59:14+00:00,actual=2023;potential=2026;vacancy=2026-06-18,"{""gap_abs"": 1383.782341894304, ""keyword"": ""китайский язык"", ""vacancies_found"": 2809}",management_signal,calculated,See component source passports,d33113fffac3f30b,scripts/build_platform2_artifacts.py::build_country_program_matrix
UGA,Uganda,,legal_public,aggregate_all_languages,verified_inbound_plus_program_market_review,modelled_directional_priority,1383.782341894304,students_modelled_gap,"UIS latest actual, PPML 2026 potential, Trudvsem keyword count for program market signal",unesco_uis_opri_202602;ppml_russia_inbound_uis_opri_wpp_distance_v1;trudvsem_open_data_api,"UIS observed flow, PPML model, Работа России vacancy keyword count",docs/data/mgimo_platform2_payload.json,2026-06-18T14:59:14+00:00,actual=2023;potential=2026;vacancy=2026-06-18,"{""gap_abs"": 1383.782341894304, ""keyword"": ""юрист международное право"", ""vacancies_found"": 1}",management_signal,calculated,See component source passports,b1f1d8e5aff07d54,scripts/build_platform2_artifacts.py::build_country_program_matrix
KEN,Kenya,,digital_analytics,aggregate_all_languages,verified_inbound_plus_program_market_review,modelled_directional_priority,1360.3488366636807,students_modelled_gap,"UIS latest actual, PPML 2026 potential, Trudvsem keyword count for program market signal",unesco_uis_opri_202602;ppml_russia_inbound_uis_opri_wpp_distance_v1;trudvsem_open_data_api,"UIS observed flow, PPML model, Работа России vacancy keyword count",docs/data/mgimo_platform2_payload.json,2026-06-18T14:59:14+00:00,actual=2023;potential=2026;vacancy=2026-06-18,"{""gap_abs"": 1360.3488366636807, ""keyword"": ""SQL"", ""vacancies_found"": 736}",management_signal,calculated,See component source passports,0e8b812fc3ea7984,scripts/build_platform2_artifacts.py::build_country_program_matrix
KEN,Kenya,,digital_analytics,aggregate_all_languages,verified_inbound_plus_program_market_review,modelled_directional_priority,1360.3488366636807,students_modelled_gap,"UIS latest actual, PPML 2026 potential, Trudvsem keyword count for program market signal",unesco_uis_opri_202602;ppml_russia_inbound_uis_opri_wpp_distance_v1;trudvsem_open_data_api,"UIS observed flow, PPML model, Работа России vacancy keyword count",docs/data/mgimo_platform2_payload.json,2026-06-18T14:59:14+00:00,actual=2023;potential=2026;vacancy=2026-06-18,"{""gap_abs"": 1360.3488366636807, ""keyword"": ""Python"", ""vacancies_found"": 425}",management_signal,calculated,See component source passports,0e8b812fc3ea7984,scripts/build_platform2_artifacts.py::build_country_program_matrix
KEN,Kenya,,digital_analytics,aggregate_all_languages,verified_inbound_plus_program_market_review,modelled_directional_priority,1360.3488366636807,students_modelled_gap,"UIS latest actual, PPML 2026 potential, Trudvsem keyword count for program market signal",unesco_uis_opri_202602;ppml_russia_inbound_uis_opri_wpp_distance_v1;trudvsem_open_data_api,"UIS observed flow, PPML model, Работа России vacancy keyword count",docs/data/mgimo_platform2_payload.json,2026-06-18T14:59:14+00:00,actual=2023;potential=2026;vacancy=2026-06-18,"{""gap_abs"": 1360.3488366636807, ""keyword"": ""аналитик"", ""vacancies_found"": 1636}",management_signal,calculated,See component source passports,0e8b812fc3ea7984,scripts/build_platform2_artifacts.py::build_country_program_matrix
KEN,Kenya,,international_economics,aggregate_all_languages,verified_inbound_plus_program_market_review,modelled_directional_priority,1360.3488366636807,students_modelled_gap,"UIS latest actual, PPML 2026 potential, Trudvsem keyword count for program market signal",unesco_uis_opri_202602;ppml_russia_inbound_uis_opri_wpp_distance_v1;trudvsem_open_data_api,"UIS observed flow, PPML model, Работа России vacancy keyword count",docs/data/mgimo_platform2_payload.json,2026-06-18T14:59:14+00:00,actual=2023;potential=2026;vacancy=2026-06-18,"{""gap_abs"": 1360.3488366636807, ""keyword"": ""международная экономика"", ""vacancies_found"": 140}",management_signal,calculated,See component source passports,ff2a3d3a14d8e6da,scripts/build_platform2_artifacts.py::build_country_program_matrix
KEN,Kenya,,international_economics,aggregate_all_languages,verified_inbound_plus_program_market_review,modelled_directional_priority,1360.3488366636807,students_modelled_gap,"UIS latest actual, PPML 2026 potential, Trudvsem keyword count for program market signal",unesco_uis_opri_202602;ppml_russia_inbound_uis_opri_wpp_distance_v1;trudvsem_open_data_api,"UIS observed flow, PPML model, Работа России vacancy keyword count",docs/data/mgimo_platform2_payload.json,2026-06-18T14:59:14+00:00,actual=2023;potential=2026;vacancy=2026-06-18,"{""gap_abs"": 1360.3488366636807, ""keyword"": ""финансовый аналитик"", ""vacancies_found"": 251}",management_signal,calculated,See component source passports,ff2a3d3a14d8e6da,scripts/build_platform2_artifacts.py::build_country_program_matrix
KEN,Kenya,,management_public,aggregate_all_languages,verified_inbound_plus_program_market_review,modelled_directional_priority,1360.3488366636807,students_modelled_gap,"UIS latest actual, PPML 2026 potential, Trudvsem keyword count for program market signal",unesco_uis_opri_202602;ppml_russia_inbound_uis_opri_wpp_distance_v1;trudvsem_open_data_api,"UIS observed flow, PPML model, Работа России vacancy keyword count",docs/data/mgimo_platform2_payload.json,2026-06-18T14:59:14+00:00,actual=2023;potential=2026;vacancy=2026-06-18,"{""gap_abs"": 1360.3488366636807, ""keyword"": ""управление проектами"", ""vacancies_found"": 2949}",management_signal,calculated,See component source passports,5d04cb2abd5db951,scripts/build_platform2_artifacts.py::build_country_program_matrix
KEN,Kenya,,management_public,aggregate_all_languages,verified_inbound_plus_program_market_review,modelled_directional_priority,1360.3488366636807,students_modelled_gap,"UIS latest actual, PPML 2026 potential, Trudvsem keyword count for program market signal",unesco_uis_opri_202602;ppml_russia_inbound_uis_opri_wpp_distance_v1;trudvsem_open_data_api,"UIS observed flow, PPML model, Работа России vacancy keyword count",docs/data/mgimo_platform2_payload.json,2026-06-18T14:59:14+00:00,actual=2023;potential=2026;vacancy=2026-06-18,"{""gap_abs"": 1360.3488366636807, ""keyword"": ""государственное управление"", ""vacancies_found"": 10885}",management_signal,calculated,See component source passports,5d04cb2abd5db951,scripts/build_platform2_artifacts.py::build_country_program_matrix
KEN,Kenya,,languages_regional,aggregate_all_languages,verified_inbound_plus_program_market_review,modelled_directional_priority,1360.3488366636807,students_modelled_gap,"UIS latest actual, PPML 2026 potential, Trudvsem keyword count for program market signal",unesco_uis_opri_202602;ppml_russia_inbound_uis_opri_wpp_distance_v1;trudvsem_open_data_api,"UIS observed flow, PPML model, Работа России vacancy keyword count",docs/data/mgimo_platform2_payload.json,2026-06-18T14:59:14+00:00,actual=2023;potential=2026;vacancy=2026-06-18,"{""gap_abs"": 1360.3488366636807, ""keyword"": ""английский язык"", ""vacancies_found"": 4211}",management_signal,calculated,See component source passports,a2db27fb40fe917d,scripts/build_platform2_artifacts.py::build_country_program_matrix
KEN,Kenya,,languages_regional,aggregate_all_languages,verified_inbound_plus_program_market_review,modelled_directional_priority,1360.3488366636807,students_modelled_gap,"UIS latest actual, PPML 2026 potential, Trudvsem keyword count for program market signal",unesco_uis_opri_202602;ppml_russia_inbound_uis_opri_wpp_distance_v1;trudvsem_open_data_api,"UIS observed flow, PPML model, Работа России vacancy keyword count",docs/data/mgimo_platform2_payload.json,2026-06-18T14:59:14+00:00,actual=2023;potential=2026;vacancy=2026-06-18,"{""gap_abs"": 1360.3488366636807, ""keyword"": ""китайский язык"", ""vacancies_found"": 2809}",management_signal,calculated,See component source passports,a2db27fb40fe917d,scripts/build_platform2_artifacts.py::build_country_program_matrix
KEN,Kenya,,legal_public,aggregate_all_languages,verified_inbound_plus_program_market_review,modelled_directional_priority,1360.3488366636807,students_modelled_gap,"UIS latest actual, PPML 2026 potential, Trudvsem keyword count for program market signal",unesco_uis_opri_202602;ppml_russia_inbound_uis_opri_wpp_distance_v1;trudvsem_open_data_api,"UIS observed flow, PPML model, Работа России vacancy keyword count",docs/data/mgimo_platform2_payload.json,2026-06-18T14:59:14+00:00,actual=2023;potential=2026;vacancy=2026-06-18,"{""gap_abs"": 1360.3488366636807, ""keyword"": ""юрист международное право"", ""vacancies_found"": 1}",management_signal,calculated,See component source passports,06b79f208ee20a10,scripts/build_platform2_artifacts.py::build_country_program_matrix
NER,Niger,,digital_analytics,aggregate_all_languages,verified_inbound_plus_program_market_review,modelled_directional_priority,1358.2401927172023,students_modelled_gap,"UIS latest actual, PPML 2026 potential, Trudvsem keyword count for program market signal",unesco_uis_opri_202602;ppml_russia_inbound_uis_opri_wpp_distance_v1;trudvsem_open_data_api,"UIS observed flow, PPML model, Работа России vacancy keyword count",docs/data/mgimo_platform2_payload.json,2026-06-18T14:59:14+00:00,actual=2023;potential=2026;vacancy=2026-06-18,"{""gap_abs"": 1358.2401927172023, ""keyword"": ""SQL"", ""vacancies_found"": 736}",management_signal,calculated,See component source passports,2f070f1ebea061c0,scripts/build_platform2_artifacts.py::build_country_program_matrix
NER,Niger,,digital_analytics,aggregate_all_languages,verified_inbound_plus_program_market_review,modelled_directional_priority,1358.2401927172023,students_modelled_gap,"UIS latest actual, PPML 2026 potential, Trudvsem keyword count for program market signal",unesco_uis_opri_202602;ppml_russia_inbound_uis_opri_wpp_distance_v1;trudvsem_open_data_api,"UIS observed flow, PPML model, Работа России vacancy keyword count",docs/data/mgimo_platform2_payload.json,2026-06-18T14:59:14+00:00,actual=2023;potential=2026;vacancy=2026-06-18,"{""gap_abs"": 1358.2401927172023, ""keyword"": ""Python"", ""vacancies_found"": 425}",management_signal,calculated,See component source passports,2f070f1ebea061c0,scripts/build_platform2_artifacts.py::build_country_program_matrix
NER,Niger,,digital_analytics,aggregate_all_languages,verified_inbound_plus_program_market_review,modelled_directional_priority,1358.2401927172023,students_modelled_gap,"UIS latest actual, PPML 2026 potential, Trudvsem keyword count for program market signal",unesco_uis_opri_202602;ppml_russia_inbound_uis_opri_wpp_distance_v1;trudvsem_open_data_api,"UIS observed flow, PPML model, Работа России vacancy keyword count",docs/data/mgimo_platform2_payload.json,2026-06-18T14:59:14+00:00,actual=2023;potential=2026;vacancy=2026-06-18,"{""gap_abs"": 1358.2401927172023, ""keyword"": ""аналитик"", ""vacancies_found"": 1636}",management_signal,calculated,See component source passports,2f070f1ebea061c0,scripts/build_platform2_artifacts.py::build_country_program_matrix
NER,Niger,,international_economics,aggregate_all_languages,verified_inbound_plus_program_market_review,modelled_directional_priority,1358.2401927172023,students_modelled_gap,"UIS latest actual, PPML 2026 potential, Trudvsem keyword count for program market signal",unesco_uis_opri_202602;ppml_russia_inbound_uis_opri_wpp_distance_v1;trudvsem_open_data_api,"UIS observed flow, PPML model, Работа России vacancy keyword count",docs/data/mgimo_platform2_payload.json,2026-06-18T14:59:14+00:00,actual=2023;potential=2026;vacancy=2026-06-18,"{""gap_abs"": 1358.2401927172023, ""keyword"": ""международная экономика"", ""vacancies_found"": 140}",management_signal,calculated,See component source passports,e8b1ee8e24e4fa62,scripts/build_platform2_artifacts.py::build_country_program_matrix
NER,Niger,,international_economics,aggregate_all_languages,verified_inbound_plus_program_market_review,modelled_directional_priority,1358.2401927172023,students_modelled_gap,"UIS latest actual, PPML 2026 potential, Trudvsem keyword count for program market signal",unesco_uis_opri_202602;ppml_russia_inbound_uis_opri_wpp_distance_v1;trudvsem_open_data_api,"UIS observed flow, PPML model, Работа России vacancy keyword count",docs/data/mgimo_platform2_payload.json,2026-06-18T14:59:14+00:00,actual=2023;potential=2026;vacancy=2026-06-18,"{""gap_abs"": 1358.2401927172023, ""keyword"": ""финансовый аналитик"", ""vacancies_found"": 251}",management_signal,calculated,See component source passports,e8b1ee8e24e4fa62,scripts/build_platform2_artifacts.py::build_country_program_matrix
NER,Niger,,management_public,aggregate_all_languages,verified_inbound_plus_program_market_review,modelled_directional_priority,1358.2401927172023,students_modelled_gap,"UIS latest actual, PPML 2026 potential, Trudvsem keyword count for program market signal",unesco_uis_opri_202602;ppml_russia_inbound_uis_opri_wpp_distance_v1;trudvsem_open_data_api,"UIS observed flow, PPML model, Работа России vacancy keyword count",docs/data/mgimo_platform2_payload.json,2026-06-18T14:59:14+00:00,actual=2023;potential=2026;vacancy=2026-06-18,"{""gap_abs"": 1358.2401927172023, ""keyword"": ""управление проектами"", ""vacancies_found"": 2949}",management_signal,calculated,See component source passports,a31ee431e1594e8a,scripts/build_platform2_artifacts.py::build_country_program_matrix
NER,Niger,,management_public,aggregate_all_languages,verified_inbound_plus_program_market_review,modelled_directional_priority,1358.2401927172023,students_modelled_gap,"UIS latest actual, PPML 2026 potential, Trudvsem keyword count for program market signal",unesco_uis_opri_202602;ppml_russia_inbound_uis_opri_wpp_distance_v1;trudvsem_open_data_api,"UIS observed flow, PPML model, Работа России vacancy keyword count",docs/data/mgimo_platform2_payload.json,2026-06-18T14:59:14+00:00,actual=2023;potential=2026;vacancy=2026-06-18,"{""gap_abs"": 1358.2401927172023, ""keyword"": ""государственное управление"", ""vacancies_found"": 10885}",management_signal,calculated,See component source passports,a31ee431e1594e8a,scripts/build_platform2_artifacts.py::build_country_program_matrix
NER,Niger,,languages_regional,aggregate_all_languages,verified_inbound_plus_program_market_review,modelled_directional_priority,1358.2401927172023,students_modelled_gap,"UIS latest actual, PPML 2026 potential, Trudvsem keyword count for program market signal",unesco_uis_opri_202602;ppml_russia_inbound_uis_opri_wpp_distance_v1;trudvsem_open_data_api,"UIS observed flow, PPML model, Работа России vacancy keyword count",docs/data/mgimo_platform2_payload.json,2026-06-18T14:59:14+00:00,actual=2023;potential=2026;vacancy=2026-06-18,"{""gap_abs"": 1358.2401927172023, ""keyword"": ""английский язык"", ""vacancies_found"": 4211}",management_signal,calculated,See component source passports,f1c666562ccd0e31,scripts/build_platform2_artifacts.py::build_country_program_matrix
NER,Niger,,languages_regional,aggregate_all_languages,verified_inbound_plus_program_market_review,modelled_directional_priority,1358.2401927172023,students_modelled_gap,"UIS latest actual, PPML 2026 potential, Trudvsem keyword count for program market signal",unesco_uis_opri_202602;ppml_russia_inbound_uis_opri_wpp_distance_v1;trudvsem_open_data_api,"UIS observed flow, PPML model, Работа России vacancy keyword count",docs/data/mgimo_platform2_payload.json,2026-06-18T14:59:14+00:00,actual=2023;potential=2026;vacancy=2026-06-18,"{""gap_abs"": 1358.2401927172023, ""keyword"": ""китайский язык"", ""vacancies_found"": 2809}",management_signal,calculated,See component source passports,f1c666562ccd0e31,scripts/build_platform2_artifacts.py::build_country_program_matrix
NER,Niger,,legal_public,aggregate_all_languages,verified_inbound_plus_program_market_review,modelled_directional_priority,1358.2401927172023,students_modelled_gap,"UIS latest actual, PPML 2026 potential, Trudvsem keyword count for program market signal",unesco_uis_opri_202602;ppml_russia_inbound_uis_opri_wpp_distance_v1;trudvsem_open_data_api,"UIS observed flow, PPML model, Работа России vacancy keyword count",docs/data/mgimo_platform2_payload.json,2026-06-18T14:59:14+00:00,actual=2023;potential=2026;vacancy=2026-06-18,"{""gap_abs"": 1358.2401927172023, ""keyword"": ""юрист международное право"", ""vacancies_found"": 1}",management_signal,calculated,See component source passports,4c973a8e9cf458c8,scripts/build_platform2_artifacts.py::build_country_program_matrix
NPL,Nepal,,digital_analytics,aggregate_all_languages,verified_inbound_plus_program_market_review,modelled_directional_priority,1343.7888572860556,students_modelled_gap,"UIS latest actual, PPML 2026 potential, Trudvsem keyword count for program market signal",unesco_uis_opri_202602;ppml_russia_inbound_uis_opri_wpp_distance_v1;trudvsem_open_data_api,"UIS observed flow, PPML model, Работа России vacancy keyword count",docs/data/mgimo_platform2_payload.json,2026-06-18T14:59:14+00:00,actual=2023;potential=2026;vacancy=2026-06-18,"{""gap_abs"": 1343.7888572860556, ""keyword"": ""SQL"", ""vacancies_found"": 736}",management_signal,calculated,See component source passports,eb5ec6c693b503df,scripts/build_platform2_artifacts.py::build_country_program_matrix
NPL,Nepal,,digital_analytics,aggregate_all_languages,verified_inbound_plus_program_market_review,modelled_directional_priority,1343.7888572860556,students_modelled_gap,"UIS latest actual, PPML 2026 potential, Trudvsem keyword count for program market signal",unesco_uis_opri_202602;ppml_russia_inbound_uis_opri_wpp_distance_v1;trudvsem_open_data_api,"UIS observed flow, PPML model, Работа России vacancy keyword count",docs/data/mgimo_platform2_payload.json,2026-06-18T14:59:14+00:00,actual=2023;potential=2026;vacancy=2026-06-18,"{""gap_abs"": 1343.7888572860556, ""keyword"": ""Python"", ""vacancies_found"": 425}",management_signal,calculated,See component source passports,eb5ec6c693b503df,scripts/build_platform2_artifacts.py::build_country_program_matrix
NPL,Nepal,,digital_analytics,aggregate_all_languages,verified_inbound_plus_program_market_review,modelled_directional_priority,1343.7888572860556,students_modelled_gap,"UIS latest actual, PPML 2026 potential, Trudvsem keyword count for program market signal",unesco_uis_opri_202602;ppml_russia_inbound_uis_opri_wpp_distance_v1;trudvsem_open_data_api,"UIS observed flow, PPML model, Работа России vacancy keyword count",docs/data/mgimo_platform2_payload.json,2026-06-18T14:59:14+00:00,actual=2023;potential=2026;vacancy=2026-06-18,"{""gap_abs"": 1343.7888572860556, ""keyword"": ""аналитик"", ""vacancies_found"": 1636}",management_signal,calculated,See component source passports,eb5ec6c693b503df,scripts/build_platform2_artifacts.py::build_country_program_matrix
NPL,Nepal,,international_economics,aggregate_all_languages,verified_inbound_plus_program_market_review,modelled_directional_priority,1343.7888572860556,students_modelled_gap,"UIS latest actual, PPML 2026 potential, Trudvsem keyword count for program market signal",unesco_uis_opri_202602;ppml_russia_inbound_uis_opri_wpp_distance_v1;trudvsem_open_data_api,"UIS observed flow, PPML model, Работа России vacancy keyword count",docs/data/mgimo_platform2_payload.json,2026-06-18T14:59:14+00:00,actual=2023;potential=2026;vacancy=2026-06-18,"{""gap_abs"": 1343.7888572860556, ""keyword"": ""международная экономика"", ""vacancies_found"": 140}",management_signal,calculated,See component source passports,854180c1e8560553,scripts/build_platform2_artifacts.py::build_country_program_matrix
NPL,Nepal,,international_economics,aggregate_all_languages,verified_inbound_plus_program_market_review,modelled_directional_priority,1343.7888572860556,students_modelled_gap,"UIS latest actual, PPML 2026 potential, Trudvsem keyword count for program market signal",unesco_uis_opri_202602;ppml_russia_inbound_uis_opri_wpp_distance_v1;trudvsem_open_data_api,"UIS observed flow, PPML model, Работа России vacancy keyword count",docs/data/mgimo_platform2_payload.json,2026-06-18T14:59:14+00:00,actual=2023;potential=2026;vacancy=2026-06-18,"{""gap_abs"": 1343.7888572860556, ""keyword"": ""финансовый аналитик"", ""vacancies_found"": 251}",management_signal,calculated,See component source passports,854180c1e8560553,scripts/build_platform2_artifacts.py::build_country_program_matrix
NPL,Nepal,,management_public,aggregate_all_languages,verified_inbound_plus_program_market_review,modelled_directional_priority,1343.7888572860556,students_modelled_gap,"UIS latest actual, PPML 2026 potential, Trudvsem keyword count for program market signal",unesco_uis_opri_202602;ppml_russia_inbound_uis_opri_wpp_distance_v1;trudvsem_open_data_api,"UIS observed flow, PPML model, Работа России vacancy keyword count",docs/data/mgimo_platform2_payload.json,2026-06-18T14:59:14+00:00,actual=2023;potential=2026;vacancy=2026-06-18,"{""gap_abs"": 1343.7888572860556, ""keyword"": ""управление проектами"", ""vacancies_found"": 2949}",management_signal,calculated,See component source passports,409e37bc7bdf77c2,scripts/build_platform2_artifacts.py::build_country_program_matrix
NPL,Nepal,,management_public,aggregate_all_languages,verified_inbound_plus_program_market_review,modelled_directional_priority,1343.7888572860556,students_modelled_gap,"UIS latest actual, PPML 2026 potential, Trudvsem keyword count for program market signal",unesco_uis_opri_202602;ppml_russia_inbound_uis_opri_wpp_distance_v1;trudvsem_open_data_api,"UIS observed flow, PPML model, Работа России vacancy keyword count",docs/data/mgimo_platform2_payload.json,2026-06-18T14:59:14+00:00,actual=2023;potential=2026;vacancy=2026-06-18,"{""gap_abs"": 1343.7888572860556, ""keyword"": ""государственное управление"", ""vacancies_found"": 10885}",management_signal,calculated,See component source passports,409e37bc7bdf77c2,scripts/build_platform2_artifacts.py::build_country_program_matrix
NPL,Nepal,,languages_regional,aggregate_all_languages,verified_inbound_plus_program_market_review,modelled_directional_priority,1343.7888572860556,students_modelled_gap,"UIS latest actual, PPML 2026 potential, Trudvsem keyword count for program market signal",unesco_uis_opri_202602;ppml_russia_inbound_uis_opri_wpp_distance_v1;trudvsem_open_data_api,"UIS observed flow, PPML model, Работа России vacancy keyword count",docs/data/mgimo_platform2_payload.json,2026-06-18T14:59:14+00:00,actual=2023;potential=2026;vacancy=2026-06-18,"{""gap_abs"": 1343.7888572860556, ""keyword"": ""английский язык"", ""vacancies_found"": 4211}",management_signal,calculated,See component source passports,a1fcc6f2743351f8,scripts/build_platform2_artifacts.py::build_country_program_matrix
NPL,Nepal,,languages_regional,aggregate_all_languages,verified_inbound_plus_program_market_review,modelled_directional_priority,1343.7888572860556,students_modelled_gap,"UIS latest actual, PPML 2026 potential, Trudvsem keyword count for program market signal",unesco_uis_opri_202602;ppml_russia_inbound_uis_opri_wpp_distance_v1;trudvsem_open_data_api,"UIS observed flow, PPML model, Работа России vacancy keyword count",docs/data/mgimo_platform2_payload.json,2026-06-18T14:59:14+00:00,actual=2023;potential=2026;vacancy=2026-06-18,"{""gap_abs"": 1343.7888572860556, ""keyword"": ""китайский язык"", ""vacancies_found"": 2809}",management_signal,calculated,See component source passports,a1fcc6f2743351f8,scripts/build_platform2_artifacts.py::build_country_program_matrix
NPL,Nepal,,legal_public,aggregate_all_languages,verified_inbound_plus_program_market_review,modelled_directional_priority,1343.7888572860556,students_modelled_gap,"UIS latest actual, PPML 2026 potential, Trudvsem keyword count for program market signal",unesco_uis_opri_202602;ppml_russia_inbound_uis_opri_wpp_distance_v1;trudvsem_open_data_api,"UIS observed flow, PPML model, Работа России vacancy keyword count",docs/data/mgimo_platform2_payload.json,2026-06-18T14:59:14+00:00,actual=2023;potential=2026;vacancy=2026-06-18,"{""gap_abs"": 1343.7888572860556, ""keyword"": ""юрист международное право"", ""vacancies_found"": 1}",management_signal,calculated,See component source passports,0b3ce9b37f8b9717,scripts/build_platform2_artifacts.py::build_country_program_matrix
BLR,Belarus,,digital_analytics,aggregate_all_languages,verified_inbound_plus_program_market_review,modelled_directional_priority,1302.2930996914365,students_modelled_gap,"UIS latest actual, PPML 2026 potential, Trudvsem keyword count for program market signal",unesco_uis_opri_202602;ppml_russia_inbound_uis_opri_wpp_distance_v1;trudvsem_open_data_api,"UIS observed flow, PPML model, Работа России vacancy keyword count",docs/data/mgimo_platform2_payload.json,2026-06-18T14:59:14+00:00,actual=2023;potential=2026;vacancy=2026-06-18,"{""gap_abs"": 1302.2930996914365, ""keyword"": ""SQL"", ""vacancies_found"": 736}",management_signal,calculated,See component source passports,195c902722d9b109,scripts/build_platform2_artifacts.py::build_country_program_matrix
BLR,Belarus,,digital_analytics,aggregate_all_languages,verified_inbound_plus_program_market_review,modelled_directional_priority,1302.2930996914365,students_modelled_gap,"UIS latest actual, PPML 2026 potential, Trudvsem keyword count for program market signal",unesco_uis_opri_202602;ppml_russia_inbound_uis_opri_wpp_distance_v1;trudvsem_open_data_api,"UIS observed flow, PPML model, Работа России vacancy keyword count",docs/data/mgimo_platform2_payload.json,2026-06-18T14:59:14+00:00,actual=2023;potential=2026;vacancy=2026-06-18,"{""gap_abs"": 1302.2930996914365, ""keyword"": ""Python"", ""vacancies_found"": 425}",management_signal,calculated,See component source passports,195c902722d9b109,scripts/build_platform2_artifacts.py::build_country_program_matrix
BLR,Belarus,,digital_analytics,aggregate_all_languages,verified_inbound_plus_program_market_review,modelled_directional_priority,1302.2930996914365,students_modelled_gap,"UIS latest actual, PPML 2026 potential, Trudvsem keyword count for program market signal",unesco_uis_opri_202602;ppml_russia_inbound_uis_opri_wpp_distance_v1;trudvsem_open_data_api,"UIS observed flow, PPML model, Работа России vacancy keyword count",docs/data/mgimo_platform2_payload.json,2026-06-18T14:59:14+00:00,actual=2023;potential=2026;vacancy=2026-06-18,"{""gap_abs"": 1302.2930996914365, ""keyword"": ""аналитик"", ""vacancies_found"": 1636}",management_signal,calculated,See component source passports,195c902722d9b109,scripts/build_platform2_artifacts.py::build_country_program_matrix
BLR,Belarus,,international_economics,aggregate_all_languages,verified_inbound_plus_program_market_review,modelled_directional_priority,1302.2930996914365,students_modelled_gap,"UIS latest actual, PPML 2026 potential, Trudvsem keyword count for program market signal",unesco_uis_opri_202602;ppml_russia_inbound_uis_opri_wpp_distance_v1;trudvsem_open_data_api,"UIS observed flow, PPML model, Работа России vacancy keyword count",docs/data/mgimo_platform2_payload.json,2026-06-18T14:59:14+00:00,actual=2023;potential=2026;vacancy=2026-06-18,"{""gap_abs"": 1302.2930996914365, ""keyword"": ""международная экономика"", ""vacancies_found"": 140}",management_signal,calculated,See component source passports,b6771d083c742a7e,scripts/build_platform2_artifacts.py::build_country_program_matrix
BLR,Belarus,,international_economics,aggregate_all_languages,verified_inbound_plus_program_market_review,modelled_directional_priority,1302.2930996914365,students_modelled_gap,"UIS latest actual, PPML 2026 potential, Trudvsem keyword count for program market signal",unesco_uis_opri_202602;ppml_russia_inbound_uis_opri_wpp_distance_v1;trudvsem_open_data_api,"UIS observed flow, PPML model, Работа России vacancy keyword count",docs/data/mgimo_platform2_payload.json,2026-06-18T14:59:14+00:00,actual=2023;potential=2026;vacancy=2026-06-18,"{""gap_abs"": 1302.2930996914365, ""keyword"": ""финансовый аналитик"", ""vacancies_found"": 251}",management_signal,calculated,See component source passports,b6771d083c742a7e,scripts/build_platform2_artifacts.py::build_country_program_matrix
BLR,Belarus,,management_public,aggregate_all_languages,verified_inbound_plus_program_market_review,modelled_directional_priority,1302.2930996914365,students_modelled_gap,"UIS latest actual, PPML 2026 potential, Trudvsem keyword count for program market signal",unesco_uis_opri_202602;ppml_russia_inbound_uis_opri_wpp_distance_v1;trudvsem_open_data_api,"UIS observed flow, PPML model, Работа России vacancy keyword count",docs/data/mgimo_platform2_payload.json,2026-06-18T14:59:14+00:00,actual=2023;potential=2026;vacancy=2026-06-18,"{""gap_abs"": 1302.2930996914365, ""keyword"": ""управление проектами"", ""vacancies_found"": 2949}",management_signal,calculated,See component source passports,bdaac0f830db4826,scripts/build_platform2_artifacts.py::build_country_program_matrix
BLR,Belarus,,management_public,aggregate_all_languages,verified_inbound_plus_program_market_review,modelled_directional_priority,1302.2930996914365,students_modelled_gap,"UIS latest actual, PPML 2026 potential, Trudvsem keyword count for program market signal",unesco_uis_opri_202602;ppml_russia_inbound_uis_opri_wpp_distance_v1;trudvsem_open_data_api,"UIS observed flow, PPML model, Работа России vacancy keyword count",docs/data/mgimo_platform2_payload.json,2026-06-18T14:59:14+00:00,actual=2023;potential=2026;vacancy=2026-06-18,"{""gap_abs"": 1302.2930996914365, ""keyword"": ""государственное управление"", ""vacancies_found"": 10885}",management_signal,calculated,See component source passports,bdaac0f830db4826,scripts/build_platform2_artifacts.py::build_country_program_matrix
BLR,Belarus,,languages_regional,aggregate_all_languages,verified_inbound_plus_program_market_review,modelled_directional_priority,1302.2930996914365,students_modelled_gap,"UIS latest actual, PPML 2026 potential, Trudvsem keyword count for program market signal",unesco_uis_opri_202602;ppml_russia_inbound_uis_opri_wpp_distance_v1;trudvsem_open_data_api,"UIS observed flow, PPML model, Работа России vacancy keyword count",docs/data/mgimo_platform2_payload.json,2026-06-18T14:59:14+00:00,actual=2023;potential=2026;vacancy=2026-06-18,"{""gap_abs"": 1302.2930996914365, ""keyword"": ""английский язык"", ""vacancies_found"": 4211}",management_signal,calculated,See component source passports,c22943c7c6ad53ad,scripts/build_platform2_artifacts.py::build_country_program_matrix
BLR,Belarus,,languages_regional,aggregate_all_languages,verified_inbound_plus_program_market_review,modelled_directional_priority,1302.2930996914365,students_modelled_gap,"UIS latest actual, PPML 2026 potential, Trudvsem keyword count for program market signal",unesco_uis_opri_202602;ppml_russia_inbound_uis_opri_wpp_distance_v1;trudvsem_open_data_api,"UIS observed flow, PPML model, Работа России vacancy keyword count",docs/data/mgimo_platform2_payload.json,2026-06-18T14:59:14+00:00,actual=2023;potential=2026;vacancy=2026-06-18,"{""gap_abs"": 1302.2930996914365, ""keyword"": ""китайский язык"", ""vacancies_found"": 2809}",management_signal,calculated,See component source passports,c22943c7c6ad53ad,scripts/build_platform2_artifacts.py::build_country_program_matrix
BLR,Belarus,,legal_public,aggregate_all_languages,verified_inbound_plus_program_market_review,modelled_directional_priority,1302.2930996914365,students_modelled_gap,"UIS latest actual, PPML 2026 potential, Trudvsem keyword count for program market signal",unesco_uis_opri_202602;ppml_russia_inbound_uis_opri_wpp_distance_v1;trudvsem_open_data_api,"UIS observed flow, PPML model, Работа России vacancy keyword count",docs/data/mgimo_platform2_payload.json,2026-06-18T14:59:14+00:00,actual=2023;potential=2026;vacancy=2026-06-18,"{""gap_abs"": 1302.2930996914365, ""keyword"": ""юрист международное право"", ""vacancies_found"": 1}",management_signal,calculated,See component source passports,fc01f2491e1ab035,scripts/build_platform2_artifacts.py::build_country_program_matrix
PHL,Philippines,,digital_analytics,aggregate_all_languages,verified_inbound_plus_program_market_review,modelled_directional_priority,1273.6456084953936,students_modelled_gap,"UIS latest actual, PPML 2026 potential, Trudvsem keyword count for program market signal",unesco_uis_opri_202602;ppml_russia_inbound_uis_opri_wpp_distance_v1;trudvsem_open_data_api,"UIS observed flow, PPML model, Работа России vacancy keyword count",docs/data/mgimo_platform2_payload.json,2026-06-18T14:59:14+00:00,actual=2023;potential=2026;vacancy=2026-06-18,"{""gap_abs"": 1273.6456084953936, ""keyword"": ""SQL"", ""vacancies_found"": 736}",management_signal,calculated,See component source passports,aea6c184629446d8,scripts/build_platform2_artifacts.py::build_country_program_matrix
PHL,Philippines,,digital_analytics,aggregate_all_languages,verified_inbound_plus_program_market_review,modelled_directional_priority,1273.6456084953936,students_modelled_gap,"UIS latest actual, PPML 2026 potential, Trudvsem keyword count for program market signal",unesco_uis_opri_202602;ppml_russia_inbound_uis_opri_wpp_distance_v1;trudvsem_open_data_api,"UIS observed flow, PPML model, Работа России vacancy keyword count",docs/data/mgimo_platform2_payload.json,2026-06-18T14:59:14+00:00,actual=2023;potential=2026;vacancy=2026-06-18,"{""gap_abs"": 1273.6456084953936, ""keyword"": ""Python"", ""vacancies_found"": 425}",management_signal,calculated,See component source passports,aea6c184629446d8,scripts/build_platform2_artifacts.py::build_country_program_matrix
PHL,Philippines,,digital_analytics,aggregate_all_languages,verified_inbound_plus_program_market_review,modelled_directional_priority,1273.6456084953936,students_modelled_gap,"UIS latest actual, PPML 2026 potential, Trudvsem keyword count for program market signal",unesco_uis_opri_202602;ppml_russia_inbound_uis_opri_wpp_distance_v1;trudvsem_open_data_api,"UIS observed flow, PPML model, Работа России vacancy keyword count",docs/data/mgimo_platform2_payload.json,2026-06-18T14:59:14+00:00,actual=2023;potential=2026;vacancy=2026-06-18,"{""gap_abs"": 1273.6456084953936, ""keyword"": ""аналитик"", ""vacancies_found"": 1636}",management_signal,calculated,See component source passports,aea6c184629446d8,scripts/build_platform2_artifacts.py::build_country_program_matrix
PHL,Philippines,,international_economics,aggregate_all_languages,verified_inbound_plus_program_market_review,modelled_directional_priority,1273.6456084953936,students_modelled_gap,"UIS latest actual, PPML 2026 potential, Trudvsem keyword count for program market signal",unesco_uis_opri_202602;ppml_russia_inbound_uis_opri_wpp_distance_v1;trudvsem_open_data_api,"UIS observed flow, PPML model, Работа России vacancy keyword count",docs/data/mgimo_platform2_payload.json,2026-06-18T14:59:14+00:00,actual=2023;potential=2026;vacancy=2026-06-18,"{""gap_abs"": 1273.6456084953936, ""keyword"": ""международная экономика"", ""vacancies_found"": 140}",management_signal,calculated,See component source passports,8f65db5bb6403988,scripts/build_platform2_artifacts.py::build_country_program_matrix
PHL,Philippines,,international_economics,aggregate_all_languages,verified_inbound_plus_program_market_review,modelled_directional_priority,1273.6456084953936,students_modelled_gap,"UIS latest actual, PPML 2026 potential, Trudvsem keyword count for program market signal",unesco_uis_opri_202602;ppml_russia_inbound_uis_opri_wpp_distance_v1;trudvsem_open_data_api,"UIS observed flow, PPML model, Работа России vacancy keyword count",docs/data/mgimo_platform2_payload.json,2026-06-18T14:59:14+00:00,actual=2023;potential=2026;vacancy=2026-06-18,"{""gap_abs"": 1273.6456084953936, ""keyword"": ""финансовый аналитик"", ""vacancies_found"": 251}",management_signal,calculated,See component source passports,8f65db5bb6403988,scripts/build_platform2_artifacts.py::build_country_program_matrix
PHL,Philippines,,management_public,aggregate_all_languages,verified_inbound_plus_program_market_review,modelled_directional_priority,1273.6456084953936,students_modelled_gap,"UIS latest actual, PPML 2026 potential, Trudvsem keyword count for program market signal",unesco_uis_opri_202602;ppml_russia_inbound_uis_opri_wpp_distance_v1;trudvsem_open_data_api,"UIS observed flow, PPML model, Работа России vacancy keyword count",docs/data/mgimo_platform2_payload.json,2026-06-18T14:59:14+00:00,actual=2023;potential=2026;vacancy=2026-06-18,"{""gap_abs"": 1273.6456084953936, ""keyword"": ""управление проектами"", ""vacancies_found"": 2949}",management_signal,calculated,See component source passports,1955c6b1681a3e24,scripts/build_platform2_artifacts.py::build_country_program_matrix
PHL,Philippines,,management_public,aggregate_all_languages,verified_inbound_plus_program_market_review,modelled_directional_priority,1273.6456084953936,students_modelled_gap,"UIS latest actual, PPML 2026 potential, Trudvsem keyword count for program market signal",unesco_uis_opri_202602;ppml_russia_inbound_uis_opri_wpp_distance_v1;trudvsem_open_data_api,"UIS observed flow, PPML model, Работа России vacancy keyword count",docs/data/mgimo_platform2_payload.json,2026-06-18T14:59:14+00:00,actual=2023;potential=2026;vacancy=2026-06-18,"{""gap_abs"": 1273.6456084953936, ""keyword"": ""государственное управление"", ""vacancies_found"": 10885}",management_signal,calculated,See component source passports,1955c6b1681a3e24,scripts/build_platform2_artifacts.py::build_country_program_matrix
PHL,Philippines,,languages_regional,aggregate_all_languages,verified_inbound_plus_program_market_review,modelled_directional_priority,1273.6456084953936,students_modelled_gap,"UIS latest actual, PPML 2026 potential, Trudvsem keyword count for program market signal",unesco_uis_opri_202602;ppml_russia_inbound_uis_opri_wpp_distance_v1;trudvsem_open_data_api,"UIS observed flow, PPML model, Работа России vacancy keyword count",docs/data/mgimo_platform2_payload.json,2026-06-18T14:59:14+00:00,actual=2023;potential=2026;vacancy=2026-06-18,"{""gap_abs"": 1273.6456084953936, ""keyword"": ""английский язык"", ""vacancies_found"": 4211}",management_signal,calculated,See component source passports,f313e5d6bb4cf505,scripts/build_platform2_artifacts.py::build_country_program_matrix
PHL,Philippines,,languages_regional,aggregate_all_languages,verified_inbound_plus_program_market_review,modelled_directional_priority,1273.6456084953936,students_modelled_gap,"UIS latest actual, PPML 2026 potential, Trudvsem keyword count for program market signal",unesco_uis_opri_202602;ppml_russia_inbound_uis_opri_wpp_distance_v1;trudvsem_open_data_api,"UIS observed flow, PPML model, Работа России vacancy keyword count",docs/data/mgimo_platform2_payload.json,2026-06-18T14:59:14+00:00,actual=2023;potential=2026;vacancy=2026-06-18,"{""gap_abs"": 1273.6456084953936, ""keyword"": ""китайский язык"", ""vacancies_found"": 2809}",management_signal,calculated,See component source passports,f313e5d6bb4cf505,scripts/build_platform2_artifacts.py::build_country_program_matrix
PHL,Philippines,,legal_public,aggregate_all_languages,verified_inbound_plus_program_market_review,modelled_directional_priority,1273.6456084953936,students_modelled_gap,"UIS latest actual, PPML 2026 potential, Trudvsem keyword count for program market signal",unesco_uis_opri_202602;ppml_russia_inbound_uis_opri_wpp_distance_v1;trudvsem_open_data_api,"UIS observed flow, PPML model, Работа России vacancy keyword count",docs/data/mgimo_platform2_payload.json,2026-06-18T14:59:14+00:00,actual=2023;potential=2026;vacancy=2026-06-18,"{""gap_abs"": 1273.6456084953936, ""keyword"": ""юрист международное право"", ""vacancies_found"": 1}",management_signal,calculated,See component source passports,9fbf62bed3a45a24,scripts/build_platform2_artifacts.py::build_country_program_matrix
HRV,Croatia,,digital_analytics,aggregate_all_languages,verified_inbound_plus_program_market_review,modelled_directional_priority,1258.0777673698146,students_modelled_gap,"UIS latest actual, PPML 2026 potential, Trudvsem keyword count for program market signal",unesco_uis_opri_202602;ppml_russia_inbound_uis_opri_wpp_distance_v1;trudvsem_open_data_api,"UIS observed flow, PPML model, Работа России vacancy keyword count",docs/data/mgimo_platform2_payload.json,2026-06-18T14:59:14+00:00,actual=2023;potential=2026;vacancy=2026-06-18,"{""gap_abs"": 1258.0777673698146, ""keyword"": ""SQL"", ""vacancies_found"": 736}",management_signal,calculated,See component source passports,f27d071c18fb85f5,scripts/build_platform2_artifacts.py::build_country_program_matrix
HRV,Croatia,,digital_analytics,aggregate_all_languages,verified_inbound_plus_program_market_review,modelled_directional_priority,1258.0777673698146,students_modelled_gap,"UIS latest actual, PPML 2026 potential, Trudvsem keyword count for program market signal",unesco_uis_opri_202602;ppml_russia_inbound_uis_opri_wpp_distance_v1;trudvsem_open_data_api,"UIS observed flow, PPML model, Работа России vacancy keyword count",docs/data/mgimo_platform2_payload.json,2026-06-18T14:59:14+00:00,actual=2023;potential=2026;vacancy=2026-06-18,"{""gap_abs"": 1258.0777673698146, ""keyword"": ""Python"", ""vacancies_found"": 425}",management_signal,calculated,See component source passports,f27d071c18fb85f5,scripts/build_platform2_artifacts.py::build_country_program_matrix
HRV,Croatia,,digital_analytics,aggregate_all_languages,verified_inbound_plus_program_market_review,modelled_directional_priority,1258.0777673698146,students_modelled_gap,"UIS latest actual, PPML 2026 potential, Trudvsem keyword count for program market signal",unesco_uis_opri_202602;ppml_russia_inbound_uis_opri_wpp_distance_v1;trudvsem_open_data_api,"UIS observed flow, PPML model, Работа России vacancy keyword count",docs/data/mgimo_platform2_payload.json,2026-06-18T14:59:14+00:00,actual=2023;potential=2026;vacancy=2026-06-18,"{""gap_abs"": 1258.0777673698146, ""keyword"": ""аналитик"", ""vacancies_found"": 1636}",management_signal,calculated,See component source passports,f27d071c18fb85f5,scripts/build_platform2_artifacts.py::build_country_program_matrix
HRV,Croatia,,international_economics,aggregate_all_languages,verified_inbound_plus_program_market_review,modelled_directional_priority,1258.0777673698146,students_modelled_gap,"UIS latest actual, PPML 2026 potential, Trudvsem keyword count for program market signal",unesco_uis_opri_202602;ppml_russia_inbound_uis_opri_wpp_distance_v1;trudvsem_open_data_api,"UIS observed flow, PPML model, Работа России vacancy keyword count",docs/data/mgimo_platform2_payload.json,2026-06-18T14:59:14+00:00,actual=2023;potential=2026;vacancy=2026-06-18,"{""gap_abs"": 1258.0777673698146, ""keyword"": ""международная экономика"", ""vacancies_found"": 140}",management_signal,calculated,See component source passports,51b4c01ab071e1e9,scripts/build_platform2_artifacts.py::build_country_program_matrix
HRV,Croatia,,international_economics,aggregate_all_languages,verified_inbound_plus_program_market_review,modelled_directional_priority,1258.0777673698146,students_modelled_gap,"UIS latest actual, PPML 2026 potential, Trudvsem keyword count for program market signal",unesco_uis_opri_202602;ppml_russia_inbound_uis_opri_wpp_distance_v1;trudvsem_open_data_api,"UIS observed flow, PPML model, Работа России vacancy keyword count",docs/data/mgimo_platform2_payload.json,2026-06-18T14:59:14+00:00,actual=2023;potential=2026;vacancy=2026-06-18,"{""gap_abs"": 1258.0777673698146, ""keyword"": ""финансовый аналитик"", ""vacancies_found"": 251}",management_signal,calculated,See component source passports,51b4c01ab071e1e9,scripts/build_platform2_artifacts.py::build_country_program_matrix
HRV,Croatia,,management_public,aggregate_all_languages,verified_inbound_plus_program_market_review,modelled_directional_priority,1258.0777673698146,students_modelled_gap,"UIS latest actual, PPML 2026 potential, Trudvsem keyword count for program market signal",unesco_uis_opri_202602;ppml_russia_inbound_uis_opri_wpp_distance_v1;trudvsem_open_data_api,"UIS observed flow, PPML model, Работа России vacancy keyword count",docs/data/mgimo_platform2_payload.json,2026-06-18T14:59:14+00:00,actual=2023;potential=2026;vacancy=2026-06-18,"{""gap_abs"": 1258.0777673698146, ""keyword"": ""управление проектами"", ""vacancies_found"": 2949}",management_signal,calculated,See component source passports,f7cfea520fb7c42a,scripts/build_platform2_artifacts.py::build_country_program_matrix
HRV,Croatia,,management_public,aggregate_all_languages,verified_inbound_plus_program_market_review,modelled_directional_priority,1258.0777673698146,students_modelled_gap,"UIS latest actual, PPML 2026 potential, Trudvsem keyword count for program market signal",unesco_uis_opri_202602;ppml_russia_inbound_uis_opri_wpp_distance_v1;trudvsem_open_data_api,"UIS observed flow, PPML model, Работа России vacancy keyword count",docs/data/mgimo_platform2_payload.json,2026-06-18T14:59:14+00:00,actual=2023;potential=2026;vacancy=2026-06-18,"{""gap_abs"": 1258.0777673698146, ""keyword"": ""государственное управление"", ""vacancies_found"": 10885}",management_signal,calculated,See component source passports,f7cfea520fb7c42a,scripts/build_platform2_artifacts.py::build_country_program_matrix
HRV,Croatia,,languages_regional,aggregate_all_languages,verified_inbound_plus_program_market_review,modelled_directional_priority,1258.0777673698146,students_modelled_gap,"UIS latest actual, PPML 2026 potential, Trudvsem keyword count for program market signal",unesco_uis_opri_202602;ppml_russia_inbound_uis_opri_wpp_distance_v1;trudvsem_open_data_api,"UIS observed flow, PPML model, Работа России vacancy keyword count",docs/data/mgimo_platform2_payload.json,2026-06-18T14:59:14+00:00,actual=2023;potential=2026;vacancy=2026-06-18,"{""gap_abs"": 1258.0777673698146, ""keyword"": ""английский язык"", ""vacancies_found"": 4211}",management_signal,calculated,See component source passports,78c1689a84643d1a,scripts/build_platform2_artifacts.py::build_country_program_matrix
HRV,Croatia,,languages_regional,aggregate_all_languages,verified_inbound_plus_program_market_review,modelled_directional_priority,1258.0777673698146,students_modelled_gap,"UIS latest actual, PPML 2026 potential, Trudvsem keyword count for program market signal",unesco_uis_opri_202602;ppml_russia_inbound_uis_opri_wpp_distance_v1;trudvsem_open_data_api,"UIS observed flow, PPML model, Работа России vacancy keyword count",docs/data/mgimo_platform2_payload.json,2026-06-18T14:59:14+00:00,actual=2023;potential=2026;vacancy=2026-06-18,"{""gap_abs"": 1258.0777673698146, ""keyword"": ""китайский язык"", ""vacancies_found"": 2809}",management_signal,calculated,See component source passports,78c1689a84643d1a,scripts/build_platform2_artifacts.py::build_country_program_matrix
HRV,Croatia,,legal_public,aggregate_all_languages,verified_inbound_plus_program_market_review,modelled_directional_priority,1258.0777673698146,students_modelled_gap,"UIS latest actual, PPML 2026 potential, Trudvsem keyword count for program market signal",unesco_uis_opri_202602;ppml_russia_inbound_uis_opri_wpp_distance_v1;trudvsem_open_data_api,"UIS observed flow, PPML model, Работа России vacancy keyword count",docs/data/mgimo_platform2_payload.json,2026-06-18T14:59:14+00:00,actual=2023;potential=2026;vacancy=2026-06-18,"{""gap_abs"": 1258.0777673698146, ""keyword"": ""юрист международное право"", ""vacancies_found"": 1}",management_signal,calculated,See component source passports,5e8a05e5c89f7cfe,scripts/build_platform2_artifacts.py::build_country_program_matrix
