model_id,origin_iso3,origin_country,actual_students_latest,actual_period,actual_source_key,actual_source_url_or_file,actual_retrieved_at,actual_raw_value,actual_unit,actual_observation_status,actual_sha256_or_etag,actual_trace_id,model_based_attraction_capacity,demographic_continuity_baseline,representation_gap,potential_students,potential_year,capacity_parameter_interval_low,capacity_parameter_interval_median,capacity_parameter_interval_high,parameter_interval_low,parameter_interval_high,prediction_interval_low,prediction_interval_high,representation_gap_parameter_low,representation_gap_parameter_median,representation_gap_parameter_high,probability_positive_representation_gap,parameter_draw_count,prediction_interval_semantics,gap_abs,gap_ratio,rank_unrealized_potential,coverage_status,excluded_from_rank,exclusion_reason,source_key,source_title,source_url_or_file,source_period,retrieved_at,raw_value,unit,observation_status,sha256_or_etag,transform_script,notes,gap_parameter_q025,gap_parameter_q50,gap_parameter_q975,rank_parameter_q05,rank_parameter_q50,rank_parameter_q95,probability_top10_unrealized_potential,probability_top20_unrealized_potential,gap_uncertainty_class,rank_robust_unrealized_potential
ppml_russia_inbound_structural_allocation_v3,BLR,Belarus,9369.0,2023,unesco_uis_opri_202602,data/raw/uis_opri/OPRI_202602.zip::OPRI_DATA_NATIONAL.csv,2026-06-20T02:46:44+00:00,9369,students,official_or_reference,7e35482e817d63b0cf638fb695f8a9fd2df9139ae830c0d13f2eba4706d50eca,ed58338924b5b330,40657.59366868813,10212.394760051584,30445.19890863655,40657.59366868813,2026,17185.938792443278,38120.11214498579,72593.4111459448,17185.938792443278,72593.4111459448,17185.938792443278,72593.4111459448,6973.544032391695,27907.71738493421,62381.01638589323,1.0,600,coefficient_parameter_uncertainty_only_on_constrained_structural_allocation_not_full_predictive_interval,30445.19890863655,3.981200749086864,1.0,actual_2023_plus_structural_and_continuity_models,False,,ppml_russia_inbound_structural_allocation_v3,Structural under-representation gap relative to demographic continuity,data/model/gravity_model_report.json,actual=2023;capacity=2026,not_applicable_model_output,"{""actual_students_latest"": 9369.0, ""demographic_continuity_baseline"": 10212.394760051584, ""model_based_attraction_capacity"": 40657.59366868813, ""probability_positive_representation_gap"": 1.0, ""representation_gap"": 30445.19890863655, ""representation_gap_parameter_high"": 62381.01638589323, ""representation_gap_parameter_low"": 6973.544032391695}",students_capacity_equivalent,calculated_structural_gap,9e22c41768ecc2a32ea8f418f12944d813c97ce0ee267aea4c0da147fd77d4c6,mgimo_platform2.models.educational_migration_v3::build_structural_forecast_v3,gap_abs is structural capacity minus demographic continuity baseline under the same aggregate total; positive and negative gaps are reallocative and do not sum to additional national enrolment,6973.544032391695,27907.71738493421,62381.01638589323,1.0,1.0,4.0,1.0,1.0,stable_positive,1.0
ppml_russia_inbound_structural_allocation_v3,TKM,Turkmenistan,35170.0,2023,unesco_uis_opri_202602,data/raw/uis_opri/OPRI_202602.zip::OPRI_DATA_NATIONAL.csv,2026-06-20T02:46:44+00:00,35170,students,official_or_reference,7e35482e817d63b0cf638fb695f8a9fd2df9139ae830c0d13f2eba4706d50eca,35dc4fd1170612ee,53201.18925250277,32302.09151105516,20899.09774144761,53201.18925250277,2026,28076.481494704887,50591.30288447373,77250.71982542166,28076.481494704887,77250.71982542166,28076.481494704887,77250.71982542166,-4225.610016350272,18289.21137341857,44948.6283143665,0.9066666666666666,600,coefficient_parameter_uncertainty_only_on_constrained_structural_allocation_not_full_predictive_interval,20899.09774144761,1.6469889955668984,2.0,actual_2023_plus_structural_and_continuity_models,False,,ppml_russia_inbound_structural_allocation_v3,Structural under-representation gap relative to demographic continuity,data/model/gravity_model_report.json,actual=2023;capacity=2026,not_applicable_model_output,"{""actual_students_latest"": 35170.0, ""demographic_continuity_baseline"": 32302.09151105516, ""model_based_attraction_capacity"": 53201.18925250277, ""probability_positive_representation_gap"": 0.9066666666666666, ""representation_gap"": 20899.09774144761, ""representation_gap_parameter_high"": 44948.6283143665, ""representation_gap_parameter_low"": -4225.610016350272}",students_capacity_equivalent,calculated_structural_gap,9e22c41768ecc2a32ea8f418f12944d813c97ce0ee267aea4c0da147fd77d4c6,mgimo_platform2.models.educational_migration_v3::build_structural_forecast_v3,gap_abs is structural capacity minus demographic continuity baseline under the same aggregate total; positive and negative gaps are reallocative and do not sum to additional national enrolment,-4225.610016350272,18289.21137341857,44948.6283143665,1.0,2.0,6.0,0.8933333333333333,0.9,stable_positive,57.0
ppml_russia_inbound_structural_allocation_v3,AZE,Azerbaijan,5965.0,2023,unesco_uis_opri_202602,data/raw/uis_opri/OPRI_202602.zip::OPRI_DATA_NATIONAL.csv,2026-06-20T02:46:44+00:00,5965,students,official_or_reference,7e35482e817d63b0cf638fb695f8a9fd2df9139ae830c0d13f2eba4706d50eca,2c42939624a5a0fc,22566.206974708322,7449.6470089620825,15116.55996574624,22566.206974708322,2026,15601.752228995972,21036.985934894332,25660.861337808434,15601.752228995972,25660.861337808434,15601.752228995972,25660.861337808434,8152.10522003389,13587.33892593225,18211.214328846352,1.0,600,coefficient_parameter_uncertainty_only_on_constrained_structural_allocation_not_full_predictive_interval,15116.55996574624,3.0291645963306313,3.0,actual_2023_plus_structural_and_continuity_models,False,,ppml_russia_inbound_structural_allocation_v3,Structural under-representation gap relative to demographic continuity,data/model/gravity_model_report.json,actual=2023;capacity=2026,not_applicable_model_output,"{""actual_students_latest"": 5965.0, ""demographic_continuity_baseline"": 7449.6470089620825, ""model_based_attraction_capacity"": 22566.206974708322, ""probability_positive_representation_gap"": 1.0, ""representation_gap"": 15116.55996574624, ""representation_gap_parameter_high"": 18211.214328846352, ""representation_gap_parameter_low"": 8152.10522003389}",students_capacity_equivalent,calculated_structural_gap,9e22c41768ecc2a32ea8f418f12944d813c97ce0ee267aea4c0da147fd77d4c6,mgimo_platform2.models.educational_migration_v3::build_structural_forecast_v3,gap_abs is structural capacity minus demographic continuity baseline under the same aggregate total; positive and negative gaps are reallocative and do not sum to additional national enrolment,8152.10522003389,13587.33892593225,18211.214328846352,2.0,3.0,4.0,1.0,1.0,stable_positive,2.0
ppml_russia_inbound_structural_allocation_v3,PAK,Pakistan,636.0,2023,unesco_uis_opri_202602,data/raw/uis_opri/OPRI_202602.zip::OPRI_DATA_NATIONAL.csv,2026-06-20T02:46:44+00:00,636,students,official_or_reference,7e35482e817d63b0cf638fb695f8a9fd2df9139ae830c0d13f2eba4706d50eca,92bb667e6ab75b35,12249.822004136931,443.6083545366385,11806.213649600293,12249.822004136931,2026,3978.1448054945363,11468.14068817603,28792.63750525501,3978.1448054945363,28792.63750525501,3978.1448054945363,28792.63750525501,3534.5364509578976,11024.532333639392,28349.029150718372,1.0,600,coefficient_parameter_uncertainty_only_on_constrained_structural_allocation_not_full_predictive_interval,11806.213649600293,27.61404711805353,4.0,actual_2023_plus_structural_and_continuity_models,False,,ppml_russia_inbound_structural_allocation_v3,Structural under-representation gap relative to demographic continuity,data/model/gravity_model_report.json,actual=2023;capacity=2026,not_applicable_model_output,"{""actual_students_latest"": 636.0, ""demographic_continuity_baseline"": 443.6083545366385, ""model_based_attraction_capacity"": 12249.822004136931, ""probability_positive_representation_gap"": 1.0, ""representation_gap"": 11806.213649600293, ""representation_gap_parameter_high"": 28349.029150718372, ""representation_gap_parameter_low"": 3534.5364509578976}",students_capacity_equivalent,calculated_structural_gap,9e22c41768ecc2a32ea8f418f12944d813c97ce0ee267aea4c0da147fd77d4c6,mgimo_platform2.models.educational_migration_v3::build_structural_forecast_v3,gap_abs is structural capacity minus demographic continuity baseline under the same aggregate total; positive and negative gaps are reallocative and do not sum to additional national enrolment,3534.5364509578976,11024.532333639392,28349.029150718372,1.0,4.0,5.0,1.0,1.0,stable_positive,3.0
ppml_russia_inbound_structural_allocation_v3,TUR,Türkiye,911.0,2023,unesco_uis_opri_202602,data/raw/uis_opri/OPRI_202602.zip::OPRI_DATA_NATIONAL.csv,2026-06-20T02:46:44+00:00,911,students,official_or_reference,7e35482e817d63b0cf638fb695f8a9fd2df9139ae830c0d13f2eba4706d50eca,7c6ad2a3f6553879,7040.885969507942,769.0711175266194,6271.814851981322,7040.885969507942,2026,2811.394324401525,6557.207995755934,14125.585114802503,2811.394324401525,14125.585114802503,2811.394324401525,14125.585114802503,2042.3232068749053,5788.136878229314,13356.513997275884,1.0,600,coefficient_parameter_uncertainty_only_on_constrained_structural_allocation_not_full_predictive_interval,6271.814851981322,9.155051865881882,5.0,actual_2023_plus_structural_and_continuity_models,False,,ppml_russia_inbound_structural_allocation_v3,Structural under-representation gap relative to demographic continuity,data/model/gravity_model_report.json,actual=2023;capacity=2026,not_applicable_model_output,"{""actual_students_latest"": 911.0, ""demographic_continuity_baseline"": 769.0711175266194, ""model_based_attraction_capacity"": 7040.885969507942, ""probability_positive_representation_gap"": 1.0, ""representation_gap"": 6271.814851981322, ""representation_gap_parameter_high"": 13356.513997275884, ""representation_gap_parameter_low"": 2042.3232068749053}",students_capacity_equivalent,calculated_structural_gap,9e22c41768ecc2a32ea8f418f12944d813c97ce0ee267aea4c0da147fd77d4c6,mgimo_platform2.models.educational_migration_v3::build_structural_forecast_v3,gap_abs is structural capacity minus demographic continuity baseline under the same aggregate total; positive and negative gaps are reallocative and do not sum to additional national enrolment,2042.3232068749053,5788.136878229314,13356.513997275884,2.0,5.0,7.0,0.995,0.9983333333333333,stable_positive,4.0
ppml_russia_inbound_structural_allocation_v3,SYR,Syrian Arab Republic,3672.0,2023,unesco_uis_opri_202602,data/raw/uis_opri/OPRI_202602.zip::OPRI_DATA_NATIONAL.csv,2026-06-20T02:46:44+00:00,3672,students,official_or_reference,7e35482e817d63b0cf638fb695f8a9fd2df9139ae830c0d13f2eba4706d50eca,3be2ae3fd69723d1,6331.500059389364,3541.4882336328496,2790.011825756514,6331.500059389364,2026,2606.960755400356,6061.3173172193365,12334.793885762052,2606.960755400356,12334.793885762052,2606.960755400356,12334.793885762052,-934.5274782324938,2519.8290835864873,8793.305652129202,0.8966666666666666,600,coefficient_parameter_uncertainty_only_on_constrained_structural_allocation_not_full_predictive_interval,2790.011825756514,1.7878077355334108,6.0,actual_2023_plus_structural_and_continuity_models,False,,ppml_russia_inbound_structural_allocation_v3,Structural under-representation gap relative to demographic continuity,data/model/gravity_model_report.json,actual=2023;capacity=2026,not_applicable_model_output,"{""actual_students_latest"": 3672.0, ""demographic_continuity_baseline"": 3541.4882336328496, ""model_based_attraction_capacity"": 6331.500059389364, ""probability_positive_representation_gap"": 0.8966666666666666, ""representation_gap"": 2790.011825756514, ""representation_gap_parameter_high"": 8793.305652129202, ""representation_gap_parameter_low"": -934.5274782324938}",students_capacity_equivalent,calculated_structural_gap,9e22c41768ecc2a32ea8f418f12944d813c97ce0ee267aea4c0da147fd77d4c6,mgimo_platform2.models.educational_migration_v3::build_structural_forecast_v3,gap_abs is structural capacity minus demographic continuity baseline under the same aggregate total; positive and negative gaps are reallocative and do not sum to additional national enrolment,-934.5274782324938,2519.8290835864873,8793.305652129202,5.0,6.0,18.149999999999977,0.7916666666666666,0.8566666666666667,likely_positive,60.0
ppml_russia_inbound_structural_allocation_v3,SRB,Serbia,360.0,2023,unesco_uis_opri_202602,data/raw/uis_opri/OPRI_202602.zip::OPRI_DATA_NATIONAL.csv,2026-06-20T02:46:44+00:00,360,students,official_or_reference,7e35482e817d63b0cf638fb695f8a9fd2df9139ae830c0d13f2eba4706d50eca,15329a7017c4a968,2193.7618868849218,330.80651554820554,1862.9553713367163,2193.7618868849218,2026,1334.1212711769876,1999.8651040363588,2886.7698051924244,1334.1212711769876,2886.7698051924244,1334.1212711769876,2886.7698051924244,1003.314755628782,1669.0585884881532,2555.963289644219,1.0,600,coefficient_parameter_uncertainty_only_on_constrained_structural_allocation_not_full_predictive_interval,1862.9553713367163,6.631555860529126,7.0,actual_2023_plus_structural_and_continuity_models,False,,ppml_russia_inbound_structural_allocation_v3,Structural under-representation gap relative to demographic continuity,data/model/gravity_model_report.json,actual=2023;capacity=2026,not_applicable_model_output,"{""actual_students_latest"": 360.0, ""demographic_continuity_baseline"": 330.80651554820554, ""model_based_attraction_capacity"": 2193.7618868849218, ""probability_positive_representation_gap"": 1.0, ""representation_gap"": 1862.9553713367163, ""representation_gap_parameter_high"": 2555.963289644219, ""representation_gap_parameter_low"": 1003.314755628782}",students_capacity_equivalent,calculated_structural_gap,9e22c41768ecc2a32ea8f418f12944d813c97ce0ee267aea4c0da147fd77d4c6,mgimo_platform2.models.educational_migration_v3::build_structural_forecast_v3,gap_abs is structural capacity minus demographic continuity baseline under the same aggregate total; positive and negative gaps are reallocative and do not sum to additional national enrolment,1003.314755628782,1669.0585884881532,2555.963289644219,6.0,7.0,10.0,0.9566666666666667,1.0,stable_positive,5.0
ppml_russia_inbound_structural_allocation_v3,NPL,Nepal,94.0,2023,unesco_uis_opri_202602,data/raw/uis_opri/OPRI_202602.zip::OPRI_DATA_NATIONAL.csv,2026-06-20T02:46:44+00:00,94,students,official_or_reference,7e35482e817d63b0cf638fb695f8a9fd2df9139ae830c0d13f2eba4706d50eca,1978a915cf588c87,1174.2304663495102,98.6308523233276,1075.5996140261825,1174.2304663495102,2026,385.0480819325552,1096.931083999146,2863.528480549234,385.0480819325552,2863.528480549234,385.0480819325552,2863.528480549234,286.4172296092276,998.3002316758184,2764.8976282259064,1.0,600,coefficient_parameter_uncertainty_only_on_constrained_structural_allocation_not_full_predictive_interval,1075.5996140261825,11.90530588238451,8.0,actual_2023_plus_structural_and_continuity_models,False,,ppml_russia_inbound_structural_allocation_v3,Structural under-representation gap relative to demographic continuity,data/model/gravity_model_report.json,actual=2023;capacity=2026,not_applicable_model_output,"{""actual_students_latest"": 94.0, ""demographic_continuity_baseline"": 98.6308523233276, ""model_based_attraction_capacity"": 1174.2304663495102, ""probability_positive_representation_gap"": 1.0, ""representation_gap"": 1075.5996140261825, ""representation_gap_parameter_high"": 2764.8976282259064, ""representation_gap_parameter_low"": 286.4172296092276}",students_capacity_equivalent,calculated_structural_gap,9e22c41768ecc2a32ea8f418f12944d813c97ce0ee267aea4c0da147fd77d4c6,mgimo_platform2.models.educational_migration_v3::build_structural_forecast_v3,gap_abs is structural capacity minus demographic continuity baseline under the same aggregate total; positive and negative gaps are reallocative and do not sum to additional national enrolment,286.4172296092276,998.3002316758184,2764.8976282259064,6.0,9.0,17.0,0.6616666666666666,0.99,stable_positive,6.0
ppml_russia_inbound_structural_allocation_v3,SAU,Saudi Arabia,162.0,2023,unesco_uis_opri_202602,data/raw/uis_opri/OPRI_202602.zip::OPRI_DATA_NATIONAL.csv,2026-06-20T02:46:44+00:00,162,students,official_or_reference,7e35482e817d63b0cf638fb695f8a9fd2df9139ae830c0d13f2eba4706d50eca,a53f1c602e40a401,1177.466179032725,151.1532520928985,1026.3129269398264,1177.466179032725,2026,435.42625175435046,1100.8781330447218,2724.6458509939603,435.42625175435046,2724.6458509939603,435.42625175435046,2724.6458509939603,284.272999661452,949.7248809518235,2573.4925989010617,1.0,600,coefficient_parameter_uncertainty_only_on_constrained_structural_allocation_not_full_predictive_interval,1026.3129269398264,7.789883199529552,9.0,actual_2023_plus_structural_and_continuity_models,False,,ppml_russia_inbound_structural_allocation_v3,Structural under-representation gap relative to demographic continuity,data/model/gravity_model_report.json,actual=2023;capacity=2026,not_applicable_model_output,"{""actual_students_latest"": 162.0, ""demographic_continuity_baseline"": 151.1532520928985, ""model_based_attraction_capacity"": 1177.466179032725, ""probability_positive_representation_gap"": 1.0, ""representation_gap"": 1026.3129269398264, ""representation_gap_parameter_high"": 2573.4925989010617, ""representation_gap_parameter_low"": 284.272999661452}",students_capacity_equivalent,calculated_structural_gap,9e22c41768ecc2a32ea8f418f12944d813c97ce0ee267aea4c0da147fd77d4c6,mgimo_platform2.models.educational_migration_v3::build_structural_forecast_v3,gap_abs is structural capacity minus demographic continuity baseline under the same aggregate total; positive and negative gaps are reallocative and do not sum to additional national enrolment,284.272999661452,949.7248809518235,2573.4925989010617,7.0,9.0,25.0,0.585,0.925,stable_positive,7.0
ppml_russia_inbound_structural_allocation_v3,PRK,"Korea, Democratic People's Republic of",136.0,2023,unesco_uis_opri_202602,data/raw/uis_opri/OPRI_202602.zip::OPRI_DATA_NATIONAL.csv,2026-06-20T02:46:44+00:00,136,students,official_or_reference,7e35482e817d63b0cf638fb695f8a9fd2df9139ae830c0d13f2eba4706d50eca,a63a35862c06781e,1150.3121619755332,126.10561302702531,1024.2065489485078,1150.3121619755332,2026,125.33436133813679,1031.4821242302592,6101.85278537118,125.33436133813679,6101.85278537118,125.33436133813679,6101.85278537118,-0.7712516888885251,905.3765112032339,5975.747172344155,0.9733333333333334,600,coefficient_parameter_uncertainty_only_on_constrained_structural_allocation_not_full_predictive_interval,1024.2065489485078,9.121815709575221,10.0,actual_2023_plus_structural_and_continuity_models,False,,ppml_russia_inbound_structural_allocation_v3,Structural under-representation gap relative to demographic continuity,data/model/gravity_model_report.json,actual=2023;capacity=2026,not_applicable_model_output,"{""actual_students_latest"": 136.0, ""demographic_continuity_baseline"": 126.10561302702531, ""model_based_attraction_capacity"": 1150.3121619755332, ""probability_positive_representation_gap"": 0.9733333333333334, ""representation_gap"": 1024.2065489485078, ""representation_gap_parameter_high"": 5975.747172344155, ""representation_gap_parameter_low"": -0.7712516888885251}",students_capacity_equivalent,calculated_structural_gap,9e22c41768ecc2a32ea8f418f12944d813c97ce0ee267aea4c0da147fd77d4c6,mgimo_platform2.models.educational_migration_v3::build_structural_forecast_v3,gap_abs is structural capacity minus demographic continuity baseline under the same aggregate total; positive and negative gaps are reallocative and do not sum to additional national enrolment,-0.7712516888885251,905.3765112032339,5975.747172344155,5.0,10.0,30.0,0.53,0.8183333333333334,stable_positive,49.0
ppml_russia_inbound_structural_allocation_v3,MLI,Mali,196.0,2023,unesco_uis_opri_202602,data/raw/uis_opri/OPRI_202602.zip::OPRI_DATA_NATIONAL.csv,2026-06-20T02:46:44+00:00,196,students,official_or_reference,7e35482e817d63b0cf638fb695f8a9fd2df9139ae830c0d13f2eba4706d50eca,398207022723d331,965.5455456755742,181.14760034592936,784.3979453296448,965.5455456755742,2026,449.9963019260438,906.745906815972,1583.8195098785457,449.9963019260438,1583.8195098785457,449.9963019260438,1583.8195098785457,268.8487015801145,725.5983064700426,1402.6719095326164,1.0,600,coefficient_parameter_uncertainty_only_on_constrained_structural_allocation_not_full_predictive_interval,784.3979453296448,5.3301591841775195,11.0,actual_2023_plus_structural_and_continuity_models,False,,ppml_russia_inbound_structural_allocation_v3,Structural under-representation gap relative to demographic continuity,data/model/gravity_model_report.json,actual=2023;capacity=2026,not_applicable_model_output,"{""actual_students_latest"": 196.0, ""demographic_continuity_baseline"": 181.14760034592936, ""model_based_attraction_capacity"": 965.5455456755742, ""probability_positive_representation_gap"": 1.0, ""representation_gap"": 784.3979453296448, ""representation_gap_parameter_high"": 1402.6719095326164, ""representation_gap_parameter_low"": 268.8487015801145}",students_capacity_equivalent,calculated_structural_gap,9e22c41768ecc2a32ea8f418f12944d813c97ce0ee267aea4c0da147fd77d4c6,mgimo_platform2.models.educational_migration_v3::build_structural_forecast_v3,gap_abs is structural capacity minus demographic continuity baseline under the same aggregate total; positive and negative gaps are reallocative and do not sum to additional national enrolment,268.8487015801145,725.5983064700426,1402.6719095326164,9.0,12.0,18.0,0.2966666666666667,0.98,stable_positive,8.0
ppml_russia_inbound_structural_allocation_v3,VEN,"Venezuela, Bolivarian Republic of",153.0,2023,unesco_uis_opri_202602,data/raw/uis_opri/OPRI_202602.zip::OPRI_DATA_NATIONAL.csv,2026-06-20T02:46:44+00:00,153,students,official_or_reference,7e35482e817d63b0cf638fb695f8a9fd2df9139ae830c0d13f2eba4706d50eca,03cf3b059a2f60ed,886.8145213958945,151.5029199127592,735.3116014831353,886.8145213958945,2026,292.0971266340804,820.4666375996408,2104.6490677267043,292.0971266340804,2104.6490677267043,292.0971266340804,2104.6490677267043,140.5942067213212,668.9637176868814,1953.146147813945,0.9983333333333333,600,coefficient_parameter_uncertainty_only_on_constrained_structural_allocation_not_full_predictive_interval,735.3116014831353,5.8534483817642196,12.0,actual_2023_plus_structural_and_continuity_models,False,,ppml_russia_inbound_structural_allocation_v3,Structural under-representation gap relative to demographic continuity,data/model/gravity_model_report.json,actual=2023;capacity=2026,not_applicable_model_output,"{""actual_students_latest"": 153.0, ""demographic_continuity_baseline"": 151.5029199127592, ""model_based_attraction_capacity"": 886.8145213958945, ""probability_positive_representation_gap"": 0.9983333333333333, ""representation_gap"": 735.3116014831353, ""representation_gap_parameter_high"": 1953.146147813945, ""representation_gap_parameter_low"": 140.5942067213212}",students_capacity_equivalent,calculated_structural_gap,9e22c41768ecc2a32ea8f418f12944d813c97ce0ee267aea4c0da147fd77d4c6,mgimo_platform2.models.educational_migration_v3::build_structural_forecast_v3,gap_abs is structural capacity minus demographic continuity baseline under the same aggregate total; positive and negative gaps are reallocative and do not sum to additional national enrolment,140.5942067213212,668.9637176868814,1953.146147813945,7.900000000000002,13.0,24.100000000000023,0.32666666666666666,0.885,stable_positive,42.0
ppml_russia_inbound_structural_allocation_v3,IDN,Indonesia,556.0,2023,unesco_uis_opri_202602,data/raw/uis_opri/OPRI_202602.zip::OPRI_DATA_NATIONAL.csv,2026-06-20T02:46:44+00:00,556,students,official_or_reference,7e35482e817d63b0cf638fb695f8a9fd2df9139ae830c0d13f2eba4706d50eca,be98a6bc4ae4bc62,1173.2003318727418,509.9440385488382,663.2562933239036,1173.2003318727418,2026,408.8641942030631,1100.6894500303576,2683.3920172882645,408.8641942030631,2683.3920172882645,408.8641942030631,2683.3920172882645,-101.0798443457751,590.7454114815195,2173.447978739426,0.93,600,coefficient_parameter_uncertainty_only_on_constrained_structural_allocation_not_full_predictive_interval,663.2562933239036,2.3006452535681174,13.0,actual_2023_plus_structural_and_continuity_models,False,,ppml_russia_inbound_structural_allocation_v3,Structural under-representation gap relative to demographic continuity,data/model/gravity_model_report.json,actual=2023;capacity=2026,not_applicable_model_output,"{""actual_students_latest"": 556.0, ""demographic_continuity_baseline"": 509.9440385488382, ""model_based_attraction_capacity"": 1173.2003318727418, ""probability_positive_representation_gap"": 0.93, ""representation_gap"": 663.2562933239036, ""representation_gap_parameter_high"": 2173.447978739426, ""representation_gap_parameter_low"": -101.0798443457751}",students_capacity_equivalent,calculated_structural_gap,9e22c41768ecc2a32ea8f418f12944d813c97ce0ee267aea4c0da147fd77d4c6,mgimo_platform2.models.educational_migration_v3::build_structural_forecast_v3,gap_abs is structural capacity minus demographic continuity baseline under the same aggregate total; positive and negative gaps are reallocative and do not sum to additional national enrolment,-101.0798443457751,590.7454114815195,2173.447978739426,7.0,13.0,32.0,0.23,0.7383333333333333,stable_positive,54.0
ppml_russia_inbound_structural_allocation_v3,OMN,Oman,24.0,2023,unesco_uis_opri_202602,data/raw/uis_opri/OPRI_202602.zip::OPRI_DATA_NATIONAL.csv,2026-06-20T02:46:44+00:00,24,students,official_or_reference,7e35482e817d63b0cf638fb695f8a9fd2df9139ae830c0d13f2eba4706d50eca,4a2b9aefcc3e579c,525.6770071533053,23.403231210065687,502.2737759432396,525.6770071533053,2026,205.16979421789597,483.2332150442361,1158.0777358102916,205.16979421789597,1158.0777358102916,205.16979421789597,1158.0777358102916,181.76656300783029,459.8299838341703,1134.6745046002259,1.0,600,coefficient_parameter_uncertainty_only_on_constrained_structural_allocation_not_full_predictive_interval,502.2737759432396,22.461727717632964,14.0,actual_2023_plus_structural_and_continuity_models,False,,ppml_russia_inbound_structural_allocation_v3,Structural under-representation gap relative to demographic continuity,data/model/gravity_model_report.json,actual=2023;capacity=2026,not_applicable_model_output,"{""actual_students_latest"": 24.0, ""demographic_continuity_baseline"": 23.403231210065687, ""model_based_attraction_capacity"": 525.6770071533053, ""probability_positive_representation_gap"": 1.0, ""representation_gap"": 502.2737759432396, ""representation_gap_parameter_high"": 1134.6745046002259, ""representation_gap_parameter_low"": 181.76656300783029}",students_capacity_equivalent,calculated_structural_gap,9e22c41768ecc2a32ea8f418f12944d813c97ce0ee267aea4c0da147fd77d4c6,mgimo_platform2.models.educational_migration_v3::build_structural_forecast_v3,gap_abs is structural capacity minus demographic continuity baseline under the same aggregate total; positive and negative gaps are reallocative and do not sum to additional national enrolment,181.76656300783029,459.8299838341703,1134.6745046002259,10.0,16.0,31.0,0.09833333333333333,0.7316666666666667,stable_positive,10.0
ppml_russia_inbound_structural_allocation_v3,NER,Niger,27.0,2023,unesco_uis_opri_202602,data/raw/uis_opri/OPRI_202602.zip::OPRI_DATA_NATIONAL.csv,2026-06-20T02:46:44+00:00,27,students,official_or_reference,7e35482e817d63b0cf638fb695f8a9fd2df9139ae830c0d13f2eba4706d50eca,5b128bb88b19c3d8,521.5055102083084,27.04030769664352,494.4652025116648,521.5055102083084,2026,188.0031871082782,498.71903445413045,1089.3494784539573,188.0031871082782,1089.3494784539573,188.0031871082782,1089.3494784539573,160.9628794116347,471.67872675748697,1062.3091707573137,1.0,600,coefficient_parameter_uncertainty_only_on_constrained_structural_allocation_not_full_predictive_interval,494.4652025116648,19.286226919416386,15.0,actual_2023_plus_structural_and_continuity_models,False,,ppml_russia_inbound_structural_allocation_v3,Structural under-representation gap relative to demographic continuity,data/model/gravity_model_report.json,actual=2023;capacity=2026,not_applicable_model_output,"{""actual_students_latest"": 27.0, ""demographic_continuity_baseline"": 27.04030769664352, ""model_based_attraction_capacity"": 521.5055102083084, ""probability_positive_representation_gap"": 1.0, ""representation_gap"": 494.4652025116648, ""representation_gap_parameter_high"": 1062.3091707573137, ""representation_gap_parameter_low"": 160.9628794116347}",students_capacity_equivalent,calculated_structural_gap,9e22c41768ecc2a32ea8f418f12944d813c97ce0ee267aea4c0da147fd77d4c6,mgimo_platform2.models.educational_migration_v3::build_structural_forecast_v3,gap_abs is structural capacity minus demographic continuity baseline under the same aggregate total; positive and negative gaps are reallocative and do not sum to additional national enrolment,160.9628794116347,471.67872675748697,1062.3091707573137,11.0,16.0,25.0,0.016666666666666666,0.8166666666666667,stable_positive,9.0
ppml_russia_inbound_structural_allocation_v3,PHL,Philippines,17.0,2023,unesco_uis_opri_202602,data/raw/uis_opri/OPRI_202602.zip::OPRI_DATA_NATIONAL.csv,2026-06-20T02:46:44+00:00,17,students,official_or_reference,7e35482e817d63b0cf638fb695f8a9fd2df9139ae830c0d13f2eba4706d50eca,ed6cfb57bc1f3aef,506.4046398544305,21.732939454313914,484.6717004001166,506.4046398544305,2026,165.5804425118936,471.6602995993254,1289.3361117579739,165.5804425118936,1289.3361117579739,165.5804425118936,1289.3361117579739,143.8475030575797,449.92736014501145,1267.60317230366,1.0,600,coefficient_parameter_uncertainty_only_on_constrained_structural_allocation_not_full_predictive_interval,484.6717004001166,23.301249281947037,16.0,actual_2023_plus_structural_and_continuity_models,False,,ppml_russia_inbound_structural_allocation_v3,Structural under-representation gap relative to demographic continuity,data/model/gravity_model_report.json,actual=2023;capacity=2026,not_applicable_model_output,"{""actual_students_latest"": 17.0, ""demographic_continuity_baseline"": 21.732939454313914, ""model_based_attraction_capacity"": 506.4046398544305, ""probability_positive_representation_gap"": 1.0, ""representation_gap"": 484.6717004001166, ""representation_gap_parameter_high"": 1267.60317230366, ""representation_gap_parameter_low"": 143.8475030575797}",students_capacity_equivalent,calculated_structural_gap,9e22c41768ecc2a32ea8f418f12944d813c97ce0ee267aea4c0da147fd77d4c6,mgimo_platform2.models.educational_migration_v3::build_structural_forecast_v3,gap_abs is structural capacity minus demographic continuity baseline under the same aggregate total; positive and negative gaps are reallocative and do not sum to additional national enrolment,143.8475030575797,449.92736014501145,1267.60317230366,12.0,17.0,22.049999999999955,0.01,0.835,stable_positive,11.0
ppml_russia_inbound_structural_allocation_v3,BIH,Bosnia and Herzegovina,74.0,2023,unesco_uis_opri_202602,data/raw/uis_opri/OPRI_202602.zip::OPRI_DATA_NATIONAL.csv,2026-06-20T02:46:44+00:00,74,students,official_or_reference,7e35482e817d63b0cf638fb695f8a9fd2df9139ae830c0d13f2eba4706d50eca,eecd714ab182497e,545.5627494733623,69.53729550887442,476.02545396448784,545.5627494733623,2026,169.75003818668375,500.4624830381442,1396.9244757136535,169.75003818668375,1396.9244757136535,169.75003818668375,1396.9244757136535,100.21274267780932,430.9251875292698,1327.387180204779,1.0,600,coefficient_parameter_uncertainty_only_on_constrained_structural_allocation_not_full_predictive_interval,476.02545396448784,7.845613572988857,17.0,actual_2023_plus_structural_and_continuity_models,False,,ppml_russia_inbound_structural_allocation_v3,Structural under-representation gap relative to demographic continuity,data/model/gravity_model_report.json,actual=2023;capacity=2026,not_applicable_model_output,"{""actual_students_latest"": 74.0, ""demographic_continuity_baseline"": 69.53729550887442, ""model_based_attraction_capacity"": 545.5627494733623, ""probability_positive_representation_gap"": 1.0, ""representation_gap"": 476.02545396448784, ""representation_gap_parameter_high"": 1327.387180204779, ""representation_gap_parameter_low"": 100.21274267780932}",students_capacity_equivalent,calculated_structural_gap,9e22c41768ecc2a32ea8f418f12944d813c97ce0ee267aea4c0da147fd77d4c6,mgimo_platform2.models.educational_migration_v3::build_structural_forecast_v3,gap_abs is structural capacity minus demographic continuity baseline under the same aggregate total; positive and negative gaps are reallocative and do not sum to additional national enrolment,100.21274267780932,430.9251875292698,1327.387180204779,8.950000000000003,17.0,31.0,0.125,0.6616666666666666,stable_positive,12.0
ppml_russia_inbound_structural_allocation_v3,BGD,Bangladesh,541.0,2023,unesco_uis_opri_202602,data/raw/uis_opri/OPRI_202602.zip::OPRI_DATA_NATIONAL.csv,2026-06-20T02:46:44+00:00,541,students,official_or_reference,7e35482e817d63b0cf638fb695f8a9fd2df9139ae830c0d13f2eba4706d50eca,002cd79acc1d7a8d,949.34745736248,485.5739461358426,463.77351122663737,949.34745736248,2026,321.71781488439973,886.3727725568717,2074.4341314450326,321.71781488439973,2074.4341314450326,321.71781488439973,2074.4341314450326,-163.85613125144286,400.79882642102916,1588.8601853091898,0.885,600,coefficient_parameter_uncertainty_only_on_constrained_structural_allocation_not_full_predictive_interval,463.77351122663737,1.9551037795938366,18.0,actual_2023_plus_structural_and_continuity_models,False,,ppml_russia_inbound_structural_allocation_v3,Structural under-representation gap relative to demographic continuity,data/model/gravity_model_report.json,actual=2023;capacity=2026,not_applicable_model_output,"{""actual_students_latest"": 541.0, ""demographic_continuity_baseline"": 485.5739461358426, ""model_based_attraction_capacity"": 949.34745736248, ""probability_positive_representation_gap"": 0.885, ""representation_gap"": 463.77351122663737, ""representation_gap_parameter_high"": 1588.8601853091898, ""representation_gap_parameter_low"": -163.85613125144286}",students_capacity_equivalent,calculated_structural_gap,9e22c41768ecc2a32ea8f418f12944d813c97ce0ee267aea4c0da147fd77d4c6,mgimo_platform2.models.educational_migration_v3::build_structural_forecast_v3,gap_abs is structural capacity minus demographic continuity baseline under the same aggregate total; positive and negative gaps are reallocative and do not sum to additional national enrolment,-163.85613125144286,400.79882642102916,1588.8601853091898,10.0,18.0,39.0,0.06666666666666667,0.5616666666666666,likely_positive,61.0
ppml_russia_inbound_structural_allocation_v3,KWT,Kuwait,8.0,2023,unesco_uis_opri_202602,data/raw/uis_opri/OPRI_202602.zip::OPRI_DATA_NATIONAL.csv,2026-06-20T02:46:44+00:00,8,students,official_or_reference,7e35482e817d63b0cf638fb695f8a9fd2df9139ae830c0d13f2eba4706d50eca,4f4f5fa81207f773,432.95179611668044,6.439127238917247,426.5126688777632,432.95179611668044,2026,172.5456891758624,408.34096791905347,920.9846793443095,172.5456891758624,920.9846793443095,172.5456891758624,920.9846793443095,166.10656193694516,401.9018406801363,914.5455521053923,1.0,600,coefficient_parameter_uncertainty_only_on_constrained_structural_allocation_not_full_predictive_interval,426.5126688777632,67.23765194450206,19.0,actual_2023_plus_structural_and_continuity_models,False,,ppml_russia_inbound_structural_allocation_v3,Structural under-representation gap relative to demographic continuity,data/model/gravity_model_report.json,actual=2023;capacity=2026,not_applicable_model_output,"{""actual_students_latest"": 8.0, ""demographic_continuity_baseline"": 6.439127238917247, ""model_based_attraction_capacity"": 432.95179611668044, ""probability_positive_representation_gap"": 1.0, ""representation_gap"": 426.5126688777632, ""representation_gap_parameter_high"": 914.5455521053923, ""representation_gap_parameter_low"": 166.10656193694516}",students_capacity_equivalent,calculated_structural_gap,9e22c41768ecc2a32ea8f418f12944d813c97ce0ee267aea4c0da147fd77d4c6,mgimo_platform2.models.educational_migration_v3::build_structural_forecast_v3,gap_abs is structural capacity minus demographic continuity baseline under the same aggregate total; positive and negative gaps are reallocative and do not sum to additional national enrolment,166.10656193694516,401.9018406801363,914.5455521053923,12.0,19.0,31.0,0.008333333333333333,0.6533333333333333,stable_positive,13.0
ppml_russia_inbound_structural_allocation_v3,ARE,United Arab Emirates,81.0,2023,unesco_uis_opri_202602,data/raw/uis_opri/OPRI_202602.zip::OPRI_DATA_NATIONAL.csv,2026-06-20T02:46:44+00:00,81,students,official_or_reference,7e35482e817d63b0cf638fb695f8a9fd2df9139ae830c0d13f2eba4706d50eca,375ce8d18256735a,467.78144244204356,45.5778208442438,422.2036215977997,467.78144244204356,2026,198.0020035923314,431.72136875878664,939.1511196814096,198.0020035923314,939.1511196814096,198.0020035923314,939.1511196814096,152.4241827480876,386.14354791454286,893.5732988371658,1.0,600,coefficient_parameter_uncertainty_only_on_constrained_structural_allocation_not_full_predictive_interval,422.2036215977997,10.263356908629419,20.0,actual_2023_plus_structural_and_continuity_models,False,,ppml_russia_inbound_structural_allocation_v3,Structural under-representation gap relative to demographic continuity,data/model/gravity_model_report.json,actual=2023;capacity=2026,not_applicable_model_output,"{""actual_students_latest"": 81.0, ""demographic_continuity_baseline"": 45.5778208442438, ""model_based_attraction_capacity"": 467.78144244204356, ""probability_positive_representation_gap"": 1.0, ""representation_gap"": 422.2036215977997, ""representation_gap_parameter_high"": 893.5732988371658, ""representation_gap_parameter_low"": 152.4241827480876}",students_capacity_equivalent,calculated_structural_gap,9e22c41768ecc2a32ea8f418f12944d813c97ce0ee267aea4c0da147fd77d4c6,mgimo_platform2.models.educational_migration_v3::build_structural_forecast_v3,gap_abs is structural capacity minus demographic continuity baseline under the same aggregate total; positive and negative gaps are reallocative and do not sum to additional national enrolment,152.4241827480876,386.14354791454286,893.5732988371658,11.0,19.0,36.0,0.03,0.585,stable_positive,14.0
ppml_russia_inbound_structural_allocation_v3,SOM,Somalia,149.0,2023,unesco_uis_opri_202602,data/raw/uis_opri/OPRI_202602.zip::OPRI_DATA_NATIONAL.csv,2026-06-20T02:46:44+00:00,149,students,official_or_reference,7e35482e817d63b0cf638fb695f8a9fd2df9139ae830c0d13f2eba4706d50eca,2808c02af20cb8b8,525.0011129523125,153.97565329993958,371.0254596523729,525.0011129523125,2026,196.6359312699742,482.8900057367651,1166.8735143217802,196.6359312699742,1166.8735143217802,196.6359312699742,1166.8735143217802,42.66027797003462,328.91435243682554,1012.8978610218408,0.9933333333333333,600,coefficient_parameter_uncertainty_only_on_constrained_structural_allocation_not_full_predictive_interval,371.0254596523729,3.4096371841957853,21.0,actual_2023_plus_structural_and_continuity_models,False,,ppml_russia_inbound_structural_allocation_v3,Structural under-representation gap relative to demographic continuity,data/model/gravity_model_report.json,actual=2023;capacity=2026,not_applicable_model_output,"{""actual_students_latest"": 149.0, ""demographic_continuity_baseline"": 153.97565329993958, ""model_based_attraction_capacity"": 525.0011129523125, ""probability_positive_representation_gap"": 0.9933333333333333, ""representation_gap"": 371.0254596523729, ""representation_gap_parameter_high"": 1012.8978610218408, ""representation_gap_parameter_low"": 42.66027797003462}",students_capacity_equivalent,calculated_structural_gap,9e22c41768ecc2a32ea8f418f12944d813c97ce0ee267aea4c0da147fd77d4c6,mgimo_platform2.models.educational_migration_v3::build_structural_forecast_v3,gap_abs is structural capacity minus demographic continuity baseline under the same aggregate total; positive and negative gaps are reallocative and do not sum to additional national enrolment,42.66027797003462,328.91435243682554,1012.8978610218408,11.0,21.0,42.0,0.045,0.49,stable_positive,45.0
ppml_russia_inbound_structural_allocation_v3,LBY,Libya,65.0,2023,unesco_uis_opri_202602,data/raw/uis_opri/OPRI_202602.zip::OPRI_DATA_NATIONAL.csv,2026-06-20T02:46:44+00:00,65,students,official_or_reference,7e35482e817d63b0cf638fb695f8a9fd2df9139ae830c0d13f2eba4706d50eca,e2347fb7164ae7f7,349.4553508380682,62.345760781799484,287.10959005626876,349.4553508380682,2026,105.91957841468957,323.8880005237718,904.2673095535057,105.91957841468957,904.2673095535057,105.91957841468957,904.2673095535057,43.57381763289008,261.54223974197225,841.9215487717062,0.9983333333333333,600,coefficient_parameter_uncertainty_only_on_constrained_structural_allocation_not_full_predictive_interval,287.10959005626876,5.605118077893184,22.0,actual_2023_plus_structural_and_continuity_models,False,,ppml_russia_inbound_structural_allocation_v3,Structural under-representation gap relative to demographic continuity,data/model/gravity_model_report.json,actual=2023;capacity=2026,not_applicable_model_output,"{""actual_students_latest"": 65.0, ""demographic_continuity_baseline"": 62.345760781799484, ""model_based_attraction_capacity"": 349.4553508380682, ""probability_positive_representation_gap"": 0.9983333333333333, ""representation_gap"": 287.10959005626876, ""representation_gap_parameter_high"": 841.9215487717062, ""representation_gap_parameter_low"": 43.57381763289008}",students_capacity_equivalent,calculated_structural_gap,9e22c41768ecc2a32ea8f418f12944d813c97ce0ee267aea4c0da147fd77d4c6,mgimo_platform2.models.educational_migration_v3::build_structural_forecast_v3,gap_abs is structural capacity minus demographic continuity baseline under the same aggregate total; positive and negative gaps are reallocative and do not sum to additional national enrolment,43.57381763289008,261.54223974197225,841.9215487717062,16.0,24.0,37.0,0.0016666666666666668,0.23666666666666666,stable_positive,43.0
ppml_russia_inbound_structural_allocation_v3,TCD,Chad,411.0,2023,unesco_uis_opri_202602,data/raw/uis_opri/OPRI_202602.zip::OPRI_DATA_NATIONAL.csv,2026-06-20T02:46:44+00:00,411,students,official_or_reference,7e35482e817d63b0cf638fb695f8a9fd2df9139ae830c0d13f2eba4706d50eca,135276773f4a4b99,624.4313090311822,375.21441261310383,249.21689641807836,624.4313090311822,2026,195.95715939197848,614.5052938824961,1520.5629775544953,195.95715939197848,1520.5629775544953,195.95715939197848,1520.5629775544953,-179.25725322112535,239.29088126939223,1145.3485649413915,0.8116666666666666,600,coefficient_parameter_uncertainty_only_on_constrained_structural_allocation_not_full_predictive_interval,249.21689641807836,1.664198623614851,23.0,actual_2023_plus_structural_and_continuity_models,False,,ppml_russia_inbound_structural_allocation_v3,Structural under-representation gap relative to demographic continuity,data/model/gravity_model_report.json,actual=2023;capacity=2026,not_applicable_model_output,"{""actual_students_latest"": 411.0, ""demographic_continuity_baseline"": 375.21441261310383, ""model_based_attraction_capacity"": 624.4313090311822, ""probability_positive_representation_gap"": 0.8116666666666666, ""representation_gap"": 249.21689641807836, ""representation_gap_parameter_high"": 1145.3485649413915, ""representation_gap_parameter_low"": -179.25725322112535}",students_capacity_equivalent,calculated_structural_gap,9e22c41768ecc2a32ea8f418f12944d813c97ce0ee267aea4c0da147fd77d4c6,mgimo_platform2.models.educational_migration_v3::build_structural_forecast_v3,gap_abs is structural capacity minus demographic continuity baseline under the same aggregate total; positive and negative gaps are reallocative and do not sum to additional national enrolment,-179.25725322112535,239.29088126939223,1145.3485649413915,10.0,23.0,48.69999999999999,0.04666666666666667,0.3416666666666667,likely_positive,66.0
ppml_russia_inbound_structural_allocation_v3,UGA,Uganda,99.0,2023,unesco_uis_opri_202602,data/raw/uis_opri/OPRI_202602.zip::OPRI_DATA_NATIONAL.csv,2026-06-20T02:46:44+00:00,99,students,official_or_reference,7e35482e817d63b0cf638fb695f8a9fd2df9139ae830c0d13f2eba4706d50eca,168ff8b84cc5e281,330.2004674675871,86.48260370299793,243.71786376458914,330.2004674675871,2026,117.33084527947571,315.50062540231033,715.4719484666983,117.33084527947571,715.4719484666983,117.33084527947571,715.4719484666983,30.848241576477772,229.01802169931238,628.9893447637004,1.0,600,coefficient_parameter_uncertainty_only_on_constrained_structural_allocation_not_full_predictive_interval,243.71786376458914,3.818114318130094,24.0,actual_2023_plus_structural_and_continuity_models,False,,ppml_russia_inbound_structural_allocation_v3,Structural under-representation gap relative to demographic continuity,data/model/gravity_model_report.json,actual=2023;capacity=2026,not_applicable_model_output,"{""actual_students_latest"": 99.0, ""demographic_continuity_baseline"": 86.48260370299793, ""model_based_attraction_capacity"": 330.2004674675871, ""probability_positive_representation_gap"": 1.0, ""representation_gap"": 243.71786376458914, ""representation_gap_parameter_high"": 628.9893447637004, ""representation_gap_parameter_low"": 30.848241576477772}",students_capacity_equivalent,calculated_structural_gap,9e22c41768ecc2a32ea8f418f12944d813c97ce0ee267aea4c0da147fd77d4c6,mgimo_platform2.models.educational_migration_v3::build_structural_forecast_v3,gap_abs is structural capacity minus demographic continuity baseline under the same aggregate total; positive and negative gaps are reallocative and do not sum to additional national enrolment,30.848241576477772,229.01802169931238,628.9893447637004,19.0,26.0,37.0,0.0,0.09833333333333333,stable_positive,15.0
ppml_russia_inbound_structural_allocation_v3,DJI,Djibouti,25.0,2023,unesco_uis_opri_202602,data/raw/uis_opri/OPRI_202602.zip::OPRI_DATA_NATIONAL.csv,2026-06-20T02:46:44+00:00,25,students,official_or_reference,7e35482e817d63b0cf638fb695f8a9fd2df9139ae830c0d13f2eba4706d50eca,c63995a75656c505,271.61950240658797,32.24562205666646,239.3738803499215,271.61950240658797,2026,82.74331164156268,251.69845714018783,775.8114222606789,82.74331164156268,775.8114222606789,82.74331164156268,775.8114222606789,50.49768958489623,219.45283508352134,743.5658002040125,1.0,600,coefficient_parameter_uncertainty_only_on_constrained_structural_allocation_not_full_predictive_interval,239.3738803499215,8.423453637497229,25.0,actual_2023_plus_structural_and_continuity_models,False,,ppml_russia_inbound_structural_allocation_v3,Structural under-representation gap relative to demographic continuity,data/model/gravity_model_report.json,actual=2023;capacity=2026,not_applicable_model_output,"{""actual_students_latest"": 25.0, ""demographic_continuity_baseline"": 32.24562205666646, ""model_based_attraction_capacity"": 271.61950240658797, ""probability_positive_representation_gap"": 1.0, ""representation_gap"": 239.3738803499215, ""representation_gap_parameter_high"": 743.5658002040125, ""representation_gap_parameter_low"": 50.49768958489623}",students_capacity_equivalent,calculated_structural_gap,9e22c41768ecc2a32ea8f418f12944d813c97ce0ee267aea4c0da147fd77d4c6,mgimo_platform2.models.educational_migration_v3::build_structural_forecast_v3,gap_abs is structural capacity minus demographic continuity baseline under the same aggregate total; positive and negative gaps are reallocative and do not sum to additional national enrolment,50.49768958489623,219.45283508352134,743.5658002040125,16.0,26.0,40.049999999999955,0.0,0.18833333333333332,stable_positive,16.0
ppml_russia_inbound_structural_allocation_v3,ETH,Ethiopia,167.0,2023,unesco_uis_opri_202602,data/raw/uis_opri/OPRI_202602.zip::OPRI_DATA_NATIONAL.csv,2026-06-20T02:46:44+00:00,167,students,official_or_reference,7e35482e817d63b0cf638fb695f8a9fd2df9139ae830c0d13f2eba4706d50eca,de6a21899930b23a,372.4911624234543,134.78022208489858,237.7109403385557,372.4911624234543,2026,99.1656022256515,363.65462564749663,1153.8465001780444,99.1656022256515,1153.8465001780444,99.1656022256515,1153.8465001780444,-35.614619859247085,228.87440356259805,1019.0662780931459,0.9166666666666666,600,coefficient_parameter_uncertainty_only_on_constrained_structural_allocation_not_full_predictive_interval,237.7109403385557,2.763693045325453,26.0,actual_2023_plus_structural_and_continuity_models,False,,ppml_russia_inbound_structural_allocation_v3,Structural under-representation gap relative to demographic continuity,data/model/gravity_model_report.json,actual=2023;capacity=2026,not_applicable_model_output,"{""actual_students_latest"": 167.0, ""demographic_continuity_baseline"": 134.78022208489858, ""model_based_attraction_capacity"": 372.4911624234543, ""probability_positive_representation_gap"": 0.9166666666666666, ""representation_gap"": 237.7109403385557, ""representation_gap_parameter_high"": 1019.0662780931459, ""representation_gap_parameter_low"": -35.614619859247085}",students_capacity_equivalent,calculated_structural_gap,9e22c41768ecc2a32ea8f418f12944d813c97ce0ee267aea4c0da147fd77d4c6,mgimo_platform2.models.educational_migration_v3::build_structural_forecast_v3,gap_abs is structural capacity minus demographic continuity baseline under the same aggregate total; positive and negative gaps are reallocative and do not sum to additional national enrolment,-35.614619859247085,228.87440356259805,1019.0662780931459,14.0,26.0,47.549999999999955,0.015,0.24166666666666667,stable_positive,55.0
ppml_russia_inbound_structural_allocation_v3,BFA,Burkina Faso,32.0,2023,unesco_uis_opri_202602,data/raw/uis_opri/OPRI_202602.zip::OPRI_DATA_NATIONAL.csv,2026-06-20T02:46:44+00:00,32,students,official_or_reference,7e35482e817d63b0cf638fb695f8a9fd2df9139ae830c0d13f2eba4706d50eca,5be68fc009776c1b,272.4262376500111,37.011453671933765,235.41478397807734,272.4262376500111,2026,111.29337723381641,254.04913262551833,500.0869940122863,111.29337723381641,500.0869940122863,111.29337723381641,500.0869940122863,74.28192356188265,217.03767895358453,463.0755403403525,1.0,600,coefficient_parameter_uncertainty_only_on_constrained_structural_allocation_not_full_predictive_interval,235.41478397807734,7.360592752307787,27.0,actual_2023_plus_structural_and_continuity_models,False,,ppml_russia_inbound_structural_allocation_v3,Structural under-representation gap relative to demographic continuity,data/model/gravity_model_report.json,actual=2023;capacity=2026,not_applicable_model_output,"{""actual_students_latest"": 32.0, ""demographic_continuity_baseline"": 37.011453671933765, ""model_based_attraction_capacity"": 272.4262376500111, ""probability_positive_representation_gap"": 1.0, ""representation_gap"": 235.41478397807734, ""representation_gap_parameter_high"": 463.0755403403525, ""representation_gap_parameter_low"": 74.28192356188265}",students_capacity_equivalent,calculated_structural_gap,9e22c41768ecc2a32ea8f418f12944d813c97ce0ee267aea4c0da147fd77d4c6,mgimo_platform2.models.educational_migration_v3::build_structural_forecast_v3,gap_abs is structural capacity minus demographic continuity baseline under the same aggregate total; positive and negative gaps are reallocative and do not sum to additional national enrolment,74.28192356188265,217.03767895358453,463.0755403403525,21.0,27.0,33.0,0.0,0.035,stable_positive,17.0
ppml_russia_inbound_structural_allocation_v3,THA,Thailand,130.0,2023,unesco_uis_opri_202602,data/raw/uis_opri/OPRI_202602.zip::OPRI_DATA_NATIONAL.csv,2026-06-20T02:46:44+00:00,130,students,official_or_reference,7e35482e817d63b0cf638fb695f8a9fd2df9139ae830c0d13f2eba4706d50eca,46670c1aef1e946f,362.23276640299105,139.25044028002836,222.9823261229627,362.23276640299105,2026,103.36387425062408,336.2187994958351,1036.7571737267986,103.36387425062408,1036.7571737267986,103.36387425062408,1036.7571737267986,-35.88656602940428,196.96835921580674,897.5067334467701,0.915,600,coefficient_parameter_uncertainty_only_on_constrained_structural_allocation_not_full_predictive_interval,222.9823261229627,2.6013042807947473,28.0,actual_2023_plus_structural_and_continuity_models,False,,ppml_russia_inbound_structural_allocation_v3,Structural under-representation gap relative to demographic continuity,data/model/gravity_model_report.json,actual=2023;capacity=2026,not_applicable_model_output,"{""actual_students_latest"": 130.0, ""demographic_continuity_baseline"": 139.25044028002836, ""model_based_attraction_capacity"": 362.23276640299105, ""probability_positive_representation_gap"": 0.915, ""representation_gap"": 222.9823261229627, ""representation_gap_parameter_high"": 897.5067334467701, ""representation_gap_parameter_low"": -35.88656602940428}",students_capacity_equivalent,calculated_structural_gap,9e22c41768ecc2a32ea8f418f12944d813c97ce0ee267aea4c0da147fd77d4c6,mgimo_platform2.models.educational_migration_v3::build_structural_forecast_v3,gap_abs is structural capacity minus demographic continuity baseline under the same aggregate total; positive and negative gaps are reallocative and do not sum to additional national enrolment,-35.88656602940428,196.96835921580674,897.5067334467701,18.0,29.0,41.60000000000002,0.0,0.12,stable_positive,56.0
ppml_russia_inbound_structural_allocation_v3,ERI,Eritrea,53.0,2023,unesco_uis_opri_202602,data/raw/uis_opri/OPRI_202602.zip::OPRI_DATA_NATIONAL.csv,2026-06-20T02:46:44+00:00,53,students,official_or_reference,7e35482e817d63b0cf638fb695f8a9fd2df9139ae830c0d13f2eba4706d50eca,ef508246bbb2a168,245.36928265380607,49.37453678461826,195.9947458691878,245.36928265380607,2026,89.90434454639231,230.0382555491705,527.8543191408745,89.90434454639231,527.8543191408745,89.90434454639231,527.8543191408745,40.52980776177405,180.66371876455221,478.4797823562563,1.0,600,coefficient_parameter_uncertainty_only_on_constrained_structural_allocation_not_full_predictive_interval,195.9947458691878,4.969551081039133,29.0,actual_2023_plus_structural_and_continuity_models,False,,ppml_russia_inbound_structural_allocation_v3,Structural under-representation gap relative to demographic continuity,data/model/gravity_model_report.json,actual=2023;capacity=2026,not_applicable_model_output,"{""actual_students_latest"": 53.0, ""demographic_continuity_baseline"": 49.37453678461826, ""model_based_attraction_capacity"": 245.36928265380607, ""probability_positive_representation_gap"": 1.0, ""representation_gap"": 195.9947458691878, ""representation_gap_parameter_high"": 478.4797823562563, ""representation_gap_parameter_low"": 40.52980776177405}",students_capacity_equivalent,calculated_structural_gap,9e22c41768ecc2a32ea8f418f12944d813c97ce0ee267aea4c0da147fd77d4c6,mgimo_platform2.models.educational_migration_v3::build_structural_forecast_v3,gap_abs is structural capacity minus demographic continuity baseline under the same aggregate total; positive and negative gaps are reallocative and do not sum to additional national enrolment,40.52980776177405,180.66371876455221,478.4797823562563,23.0,30.0,36.049999999999955,0.0,0.008333333333333333,stable_positive,18.0
ppml_russia_inbound_structural_allocation_v3,QAT,Qatar,7.0,2023,unesco_uis_opri_202602,data/raw/uis_opri/OPRI_202602.zip::OPRI_DATA_NATIONAL.csv,2026-06-20T02:46:44+00:00,7,students,official_or_reference,7e35482e817d63b0cf638fb695f8a9fd2df9139ae830c0d13f2eba4706d50eca,d420cb17a4f4cf10,188.09570631430216,6.354487024423151,181.741219289879,188.09570631430216,2026,69.72854577578968,170.7822897677139,411.632025821622,69.72854577578968,411.632025821622,69.72854577578968,411.632025821622,63.374058751366526,164.42780274329073,405.2775387971988,1.0,600,coefficient_parameter_uncertainty_only_on_constrained_structural_allocation_not_full_predictive_interval,181.741219289879,29.600454858333297,30.0,actual_2023_plus_structural_and_continuity_models,False,,ppml_russia_inbound_structural_allocation_v3,Structural under-representation gap relative to demographic continuity,data/model/gravity_model_report.json,actual=2023;capacity=2026,not_applicable_model_output,"{""actual_students_latest"": 7.0, ""demographic_continuity_baseline"": 6.354487024423151, ""model_based_attraction_capacity"": 188.09570631430216, ""probability_positive_representation_gap"": 1.0, ""representation_gap"": 181.741219289879, ""representation_gap_parameter_high"": 405.2775387971988, ""representation_gap_parameter_low"": 63.374058751366526}",students_capacity_equivalent,calculated_structural_gap,9e22c41768ecc2a32ea8f418f12944d813c97ce0ee267aea4c0da147fd77d4c6,mgimo_platform2.models.educational_migration_v3::build_structural_forecast_v3,gap_abs is structural capacity minus demographic continuity baseline under the same aggregate total; positive and negative gaps are reallocative and do not sum to additional national enrolment,63.374058751366526,164.42780274329073,405.2775387971988,20.950000000000003,31.0,43.0,0.0,0.05,stable_positive,20.0
ppml_russia_inbound_structural_allocation_v3,MWI,Malawi,23.0,2023,unesco_uis_opri_202602,data/raw/uis_opri/OPRI_202602.zip::OPRI_DATA_NATIONAL.csv,2026-06-20T02:46:44+00:00,23,students,official_or_reference,7e35482e817d63b0cf638fb695f8a9fd2df9139ae830c0d13f2eba4706d50eca,56ed13fa1c525da7,205.45525745831037,30.06562248870947,175.3896349696009,205.45525745831037,2026,67.63254042341713,198.68860169865366,515.5613281365887,67.63254042341713,515.5613281365887,67.63254042341713,515.5613281365887,37.56691793470767,168.62297920994422,485.49570564787916,1.0,600,coefficient_parameter_uncertainty_only_on_constrained_structural_allocation_not_full_predictive_interval,175.3896349696009,6.833560739860447,31.0,actual_2023_plus_structural_and_continuity_models,False,,ppml_russia_inbound_structural_allocation_v3,Structural under-representation gap relative to demographic continuity,data/model/gravity_model_report.json,actual=2023;capacity=2026,not_applicable_model_output,"{""actual_students_latest"": 23.0, ""demographic_continuity_baseline"": 30.06562248870947, ""model_based_attraction_capacity"": 205.45525745831037, ""probability_positive_representation_gap"": 1.0, ""representation_gap"": 175.3896349696009, ""representation_gap_parameter_high"": 485.49570564787916, ""representation_gap_parameter_low"": 37.56691793470767}",students_capacity_equivalent,calculated_structural_gap,9e22c41768ecc2a32ea8f418f12944d813c97ce0ee267aea4c0da147fd77d4c6,mgimo_platform2.models.educational_migration_v3::build_structural_forecast_v3,gap_abs is structural capacity minus demographic continuity baseline under the same aggregate total; positive and negative gaps are reallocative and do not sum to additional national enrolment,37.56691793470767,168.62297920994422,485.49570564787916,18.0,31.0,45.0,0.0,0.10333333333333333,stable_positive,19.0
ppml_russia_inbound_structural_allocation_v3,NIC,Nicaragua,23.0,2023,unesco_uis_opri_202602,data/raw/uis_opri/OPRI_202602.zip::OPRI_DATA_NATIONAL.csv,2026-06-20T02:46:44+00:00,23,students,official_or_reference,7e35482e817d63b0cf638fb695f8a9fd2df9139ae830c0d13f2eba4706d50eca,0a3a9ea04041d360,188.79623730333554,15.35874657681419,173.43749072652136,188.79623730333554,2026,45.02686618727067,177.1797691353875,572.9346828987414,45.02686618727067,572.9346828987414,45.02686618727067,572.9346828987414,29.668119610456475,161.8210225585733,557.5759363219272,1.0,600,coefficient_parameter_uncertainty_only_on_constrained_structural_allocation_not_full_predictive_interval,173.43749072652136,12.292424799061752,32.0,actual_2023_plus_structural_and_continuity_models,False,,ppml_russia_inbound_structural_allocation_v3,Structural under-representation gap relative to demographic continuity,data/model/gravity_model_report.json,actual=2023;capacity=2026,not_applicable_model_output,"{""actual_students_latest"": 23.0, ""demographic_continuity_baseline"": 15.35874657681419, ""model_based_attraction_capacity"": 188.79623730333554, ""probability_positive_representation_gap"": 1.0, ""representation_gap"": 173.43749072652136, ""representation_gap_parameter_high"": 557.5759363219272, ""representation_gap_parameter_low"": 29.668119610456475}",students_capacity_equivalent,calculated_structural_gap,9e22c41768ecc2a32ea8f418f12944d813c97ce0ee267aea4c0da147fd77d4c6,mgimo_platform2.models.educational_migration_v3::build_structural_forecast_v3,gap_abs is structural capacity minus demographic continuity baseline under the same aggregate total; positive and negative gaps are reallocative and do not sum to additional national enrolment,29.668119610456475,161.8210225585733,557.5759363219272,18.0,31.0,44.0,0.0016666666666666668,0.09,stable_positive,21.0
ppml_russia_inbound_structural_allocation_v3,KHM,Cambodia,70.0,2023,unesco_uis_opri_202602,data/raw/uis_opri/OPRI_202602.zip::OPRI_DATA_NATIONAL.csv,2026-06-20T02:46:44+00:00,70,students,official_or_reference,7e35482e817d63b0cf638fb695f8a9fd2df9139ae830c0d13f2eba4706d50eca,4e0e39f8c4d2e46a,225.2250074192524,57.67084069505476,167.55416672419764,225.2250074192524,2026,41.81111160367222,205.74012719826254,935.9620712587918,41.81111160367222,935.9620712587918,41.81111160367222,935.9620712587918,-15.859729091382542,148.0692865032078,878.291230563737,0.9433333333333334,600,coefficient_parameter_uncertainty_only_on_constrained_structural_allocation_not_full_predictive_interval,167.55416672419764,3.905353289544907,33.0,actual_2023_plus_structural_and_continuity_models,False,,ppml_russia_inbound_structural_allocation_v3,Structural under-representation gap relative to demographic continuity,data/model/gravity_model_report.json,actual=2023;capacity=2026,not_applicable_model_output,"{""actual_students_latest"": 70.0, ""demographic_continuity_baseline"": 57.67084069505476, ""model_based_attraction_capacity"": 225.2250074192524, ""probability_positive_representation_gap"": 0.9433333333333334, ""representation_gap"": 167.55416672419764, ""representation_gap_parameter_high"": 878.291230563737, ""representation_gap_parameter_low"": -15.859729091382542}",students_capacity_equivalent,calculated_structural_gap,9e22c41768ecc2a32ea8f418f12944d813c97ce0ee267aea4c0da147fd77d4c6,mgimo_platform2.models.educational_migration_v3::build_structural_forecast_v3,gap_abs is structural capacity minus demographic continuity baseline under the same aggregate total; positive and negative gaps are reallocative and do not sum to additional national enrolment,-15.859729091382542,148.0692865032078,878.291230563737,20.0,33.0,44.0,0.0,0.05,stable_positive,52.0
ppml_russia_inbound_structural_allocation_v3,SSD,South Sudan,30.0,2023,unesco_uis_opri_202602,data/raw/uis_opri/OPRI_202602.zip::OPRI_DATA_NATIONAL.csv,2026-06-20T02:46:44+00:00,30,students,official_or_reference,7e35482e817d63b0cf638fb695f8a9fd2df9139ae830c0d13f2eba4706d50eca,ffadd02a38c8388b,173.579507025386,27.775691996391892,145.8038150289941,173.579507025386,2026,56.04504450858759,161.9383429250463,385.6720235603426,56.04504450858759,385.6720235603426,56.04504450858759,385.6720235603426,28.26935251219569,134.16265092865444,357.8963315639507,1.0,600,coefficient_parameter_uncertainty_only_on_constrained_structural_allocation_not_full_predictive_interval,145.8038150289941,6.249331503529571,34.0,actual_2023_plus_structural_and_continuity_models,False,,ppml_russia_inbound_structural_allocation_v3,Structural under-representation gap relative to demographic continuity,data/model/gravity_model_report.json,actual=2023;capacity=2026,not_applicable_model_output,"{""actual_students_latest"": 30.0, ""demographic_continuity_baseline"": 27.775691996391892, ""model_based_attraction_capacity"": 173.579507025386, ""probability_positive_representation_gap"": 1.0, ""representation_gap"": 145.8038150289941, ""representation_gap_parameter_high"": 357.8963315639507, ""representation_gap_parameter_low"": 28.26935251219569}",students_capacity_equivalent,calculated_structural_gap,9e22c41768ecc2a32ea8f418f12944d813c97ce0ee267aea4c0da147fd77d4c6,mgimo_platform2.models.educational_migration_v3::build_structural_forecast_v3,gap_abs is structural capacity minus demographic continuity baseline under the same aggregate total; positive and negative gaps are reallocative and do not sum to additional national enrolment,28.26935251219569,134.16265092865444,357.8963315639507,22.0,34.0,47.0,0.0,0.03333333333333333,stable_positive,22.0
ppml_russia_inbound_structural_allocation_v3,BTN,Bhutan,0.0,2023,unesco_uis_opri_202602,data/raw/uis_opri/OPRI_202602.zip::OPRI_DATA_NATIONAL.csv,2026-06-20T02:46:44+00:00,0,students,official_or_reference,7e35482e817d63b0cf638fb695f8a9fd2df9139ae830c0d13f2eba4706d50eca,d13018aa51ef9c07,140.10751376544923,0.0,140.10751376544923,140.10751376544923,2026,27.40457878184346,132.0229178729953,521.452014387838,27.40457878184346,521.452014387838,27.40457878184346,521.452014387838,27.40457878184346,132.0229178729953,521.452014387838,1.0,600,coefficient_parameter_uncertainty_only_on_constrained_structural_allocation_not_full_predictive_interval,140.10751376544923,,35.0,actual_2023_plus_structural_and_continuity_models,False,,ppml_russia_inbound_structural_allocation_v3,Structural under-representation gap relative to demographic continuity,data/model/gravity_model_report.json,actual=2023;capacity=2026,not_applicable_model_output,"{""actual_students_latest"": 0.0, ""demographic_continuity_baseline"": 0.0, ""model_based_attraction_capacity"": 140.10751376544923, ""probability_positive_representation_gap"": 1.0, ""representation_gap"": 140.10751376544923, ""representation_gap_parameter_high"": 521.452014387838, ""representation_gap_parameter_low"": 27.40457878184346}",students_capacity_equivalent,calculated_structural_gap,9e22c41768ecc2a32ea8f418f12944d813c97ce0ee267aea4c0da147fd77d4c6,mgimo_platform2.models.educational_migration_v3::build_structural_forecast_v3,gap_abs is structural capacity minus demographic continuity baseline under the same aggregate total; positive and negative gaps are reallocative and do not sum to additional national enrolment,27.40457878184346,132.0229178729953,521.452014387838,20.0,33.0,47.0,0.0033333333333333335,0.06333333333333334,stable_positive,23.0
ppml_russia_inbound_structural_allocation_v3,CAF,Central African Republic,54.0,2023,unesco_uis_opri_202602,data/raw/uis_opri/OPRI_202602.zip::OPRI_DATA_NATIONAL.csv,2026-06-20T02:46:44+00:00,54,students,official_or_reference,7e35482e817d63b0cf638fb695f8a9fd2df9139ae830c0d13f2eba4706d50eca,74da64066e6a3a57,164.05831834064435,40.63777784290066,123.42054049774369,164.05831834064435,2026,63.099040313187174,154.63657485203927,324.6973992388588,63.099040313187174,324.6973992388588,63.099040313187174,324.6973992388588,22.46126247028651,113.99879700913861,284.0596213959581,1.0,600,coefficient_parameter_uncertainty_only_on_constrained_structural_allocation_not_full_predictive_interval,123.42054049774369,4.037088813637112,36.0,actual_2023_plus_structural_and_continuity_models,False,,ppml_russia_inbound_structural_allocation_v3,Structural under-representation gap relative to demographic continuity,data/model/gravity_model_report.json,actual=2023;capacity=2026,not_applicable_model_output,"{""actual_students_latest"": 54.0, ""demographic_continuity_baseline"": 40.63777784290066, ""model_based_attraction_capacity"": 164.05831834064435, ""probability_positive_representation_gap"": 1.0, ""representation_gap"": 123.42054049774369, ""representation_gap_parameter_high"": 284.0596213959581, ""representation_gap_parameter_low"": 22.46126247028651}",students_capacity_equivalent,calculated_structural_gap,9e22c41768ecc2a32ea8f418f12944d813c97ce0ee267aea4c0da147fd77d4c6,mgimo_platform2.models.educational_migration_v3::build_structural_forecast_v3,gap_abs is structural capacity minus demographic continuity baseline under the same aggregate total; positive and negative gaps are reallocative and do not sum to additional national enrolment,22.46126247028651,113.99879700913861,284.0596213959581,30.0,37.0,43.0,0.0,0.0,stable_positive,24.0
ppml_russia_inbound_structural_allocation_v3,BDI,Burundi,132.0,2023,unesco_uis_opri_202602,data/raw/uis_opri/OPRI_202602.zip::OPRI_DATA_NATIONAL.csv,2026-06-20T02:46:44+00:00,132,students,official_or_reference,7e35482e817d63b0cf638fb695f8a9fd2df9139ae830c0d13f2eba4706d50eca,aece0a9a34870fd6,263.81046575474204,147.97561374504278,115.83485200969926,263.81046575474204,2026,107.39377077314704,241.7238714494826,491.0024997108247,107.39377077314704,491.0024997108247,107.39377077314704,491.0024997108247,-40.58184297189573,93.74825770443982,343.0268859657819,0.9016666666666666,600,coefficient_parameter_uncertainty_only_on_constrained_structural_allocation_not_full_predictive_interval,115.83485200969926,1.7827969019900738,37.0,actual_2023_plus_structural_and_continuity_models,False,,ppml_russia_inbound_structural_allocation_v3,Structural under-representation gap relative to demographic continuity,data/model/gravity_model_report.json,actual=2023;capacity=2026,not_applicable_model_output,"{""actual_students_latest"": 132.0, ""demographic_continuity_baseline"": 147.97561374504278, ""model_based_attraction_capacity"": 263.81046575474204, ""probability_positive_representation_gap"": 0.9016666666666666, ""representation_gap"": 115.83485200969926, ""representation_gap_parameter_high"": 343.0268859657819, ""representation_gap_parameter_low"": -40.58184297189573}",students_capacity_equivalent,calculated_structural_gap,9e22c41768ecc2a32ea8f418f12944d813c97ce0ee267aea4c0da147fd77d4c6,mgimo_platform2.models.educational_migration_v3::build_structural_forecast_v3,gap_abs is structural capacity minus demographic continuity baseline under the same aggregate total; positive and negative gaps are reallocative and do not sum to additional national enrolment,-40.58184297189573,93.74825770443982,343.0268859657819,30.0,38.0,50.0,0.0,0.0,stable_positive,59.0
ppml_russia_inbound_structural_allocation_v3,TZA,"Tanzania, United Republic of",175.0,2023,unesco_uis_opri_202602,data/raw/uis_opri/OPRI_202602.zip::OPRI_DATA_NATIONAL.csv,2026-06-20T02:46:44+00:00,175,students,official_or_reference,7e35482e817d63b0cf638fb695f8a9fd2df9139ae830c0d13f2eba4706d50eca,e5be7d1d885bf921,252.4946197191707,141.77402062768738,110.72059909148331,252.4946197191707,2026,88.37814826619378,240.97134692968808,578.1837811572701,88.37814826619378,578.1837811572701,88.37814826619378,578.1837811572701,-53.3958723614936,99.1973263020007,436.4097605295827,0.8316666666666667,600,coefficient_parameter_uncertainty_only_on_constrained_structural_allocation_not_full_predictive_interval,110.72059909148331,1.7809653602351208,38.0,actual_2023_plus_structural_and_continuity_models,False,,ppml_russia_inbound_structural_allocation_v3,Structural under-representation gap relative to demographic continuity,data/model/gravity_model_report.json,actual=2023;capacity=2026,not_applicable_model_output,"{""actual_students_latest"": 175.0, ""demographic_continuity_baseline"": 141.77402062768738, ""model_based_attraction_capacity"": 252.4946197191707, ""probability_positive_representation_gap"": 0.8316666666666667, ""representation_gap"": 110.72059909148331, ""representation_gap_parameter_high"": 436.4097605295827, ""representation_gap_parameter_low"": -53.3958723614936}",students_capacity_equivalent,calculated_structural_gap,9e22c41768ecc2a32ea8f418f12944d813c97ce0ee267aea4c0da147fd77d4c6,mgimo_platform2.models.educational_migration_v3::build_structural_forecast_v3,gap_abs is structural capacity minus demographic continuity baseline under the same aggregate total; positive and negative gaps are reallocative and do not sum to additional national enrolment,-53.3958723614936,99.1973263020007,436.4097605295827,27.0,37.0,53.0,0.0,0.0016666666666666668,likely_positive,64.0
ppml_russia_inbound_structural_allocation_v3,LAO,Lao People's Democratic Republic,143.0,2023,unesco_uis_opri_202602,data/raw/uis_opri/OPRI_202602.zip::OPRI_DATA_NATIONAL.csv,2026-06-20T02:46:44+00:00,143,students,official_or_reference,7e35482e817d63b0cf638fb695f8a9fd2df9139ae830c0d13f2eba4706d50eca,b10c151adeb9f2f2,238.70371074383857,145.9976785831036,92.70603216073496,238.70371074383857,2026,42.468328696635396,219.58711657124556,1065.2334514948686,42.468328696635396,1065.2334514948686,42.468328696635396,1065.2334514948686,-103.52934988646821,73.58943798814195,919.2357729117649,0.665,600,coefficient_parameter_uncertainty_only_on_constrained_structural_allocation_not_full_predictive_interval,92.70603216073496,1.6349829193206356,39.0,actual_2023_plus_structural_and_continuity_models,False,,ppml_russia_inbound_structural_allocation_v3,Structural under-representation gap relative to demographic continuity,data/model/gravity_model_report.json,actual=2023;capacity=2026,not_applicable_model_output,"{""actual_students_latest"": 143.0, ""demographic_continuity_baseline"": 145.9976785831036, ""model_based_attraction_capacity"": 238.70371074383857, ""probability_positive_representation_gap"": 0.665, ""representation_gap"": 92.70603216073496, ""representation_gap_parameter_high"": 919.2357729117649, ""representation_gap_parameter_low"": -103.52934988646821}",students_capacity_equivalent,calculated_structural_gap,9e22c41768ecc2a32ea8f418f12944d813c97ce0ee267aea4c0da147fd77d4c6,mgimo_platform2.models.educational_migration_v3::build_structural_forecast_v3,gap_abs is structural capacity minus demographic continuity baseline under the same aggregate total; positive and negative gaps are reallocative and do not sum to additional national enrolment,-103.52934988646821,73.58943798814195,919.2357729117649,18.0,35.0,54.0,0.0016666666666666668,0.058333333333333334,direction_uncertain,
ppml_russia_inbound_structural_allocation_v3,BRA,Brazil,227.0,2023,unesco_uis_opri_202602,data/raw/uis_opri/OPRI_202602.zip::OPRI_DATA_NATIONAL.csv,2026-06-20T02:46:44+00:00,227,students,official_or_reference,7e35482e817d63b0cf638fb695f8a9fd2df9139ae830c0d13f2eba4706d50eca,1cfa3cddd103be1c,435.06583263095894,349.63413240604086,85.43170022491807,435.06583263095894,2026,168.35206215829535,406.71709410866947,1118.5543810340014,168.35206215829535,1118.5543810340014,168.35206215829535,1118.5543810340014,-181.2820702477455,57.08296170262864,768.9202486279605,0.6316666666666667,600,coefficient_parameter_uncertainty_only_on_constrained_structural_allocation_not_full_predictive_interval,85.43170022491807,1.2443459957327725,40.0,actual_2023_plus_structural_and_continuity_models,False,,ppml_russia_inbound_structural_allocation_v3,Structural under-representation gap relative to demographic continuity,data/model/gravity_model_report.json,actual=2023;capacity=2026,not_applicable_model_output,"{""actual_students_latest"": 227.0, ""demographic_continuity_baseline"": 349.63413240604086, ""model_based_attraction_capacity"": 435.06583263095894, ""probability_positive_representation_gap"": 0.6316666666666667, ""representation_gap"": 85.43170022491807, ""representation_gap_parameter_high"": 768.9202486279605, ""representation_gap_parameter_low"": -181.2820702477455}",students_capacity_equivalent,calculated_structural_gap,9e22c41768ecc2a32ea8f418f12944d813c97ce0ee267aea4c0da147fd77d4c6,mgimo_platform2.models.educational_migration_v3::build_structural_forecast_v3,gap_abs is structural capacity minus demographic continuity baseline under the same aggregate total; positive and negative gaps are reallocative and do not sum to additional national enrolment,-181.2820702477455,57.08296170262864,768.9202486279605,13.0,31.0,59.099999999999966,0.011666666666666667,0.145,direction_uncertain,
ppml_russia_inbound_structural_allocation_v3,MRT,Mauritania,115.0,2023,unesco_uis_opri_202602,data/raw/uis_opri/OPRI_202602.zip::OPRI_DATA_NATIONAL.csv,2026-06-20T02:46:44+00:00,115,students,official_or_reference,7e35482e817d63b0cf638fb695f8a9fd2df9139ae830c0d13f2eba4706d50eca,67b05fd387031a01,181.52672596232594,96.29780948609708,85.22891647622886,181.52672596232594,2026,73.88999206959022,172.69021549355978,352.10198334124533,73.88999206959022,352.10198334124533,73.88999206959022,352.10198334124533,-22.40781741650686,76.3924060074627,255.80417385514824,0.9066666666666666,600,coefficient_parameter_uncertainty_only_on_constrained_structural_allocation_not_full_predictive_interval,85.22891647622886,1.8850556095830375,41.0,actual_2023_plus_structural_and_continuity_models,False,,ppml_russia_inbound_structural_allocation_v3,Structural under-representation gap relative to demographic continuity,data/model/gravity_model_report.json,actual=2023;capacity=2026,not_applicable_model_output,"{""actual_students_latest"": 115.0, ""demographic_continuity_baseline"": 96.29780948609708, ""model_based_attraction_capacity"": 181.52672596232594, ""probability_positive_representation_gap"": 0.9066666666666666, ""representation_gap"": 85.22891647622886, ""representation_gap_parameter_high"": 255.80417385514824, ""representation_gap_parameter_low"": -22.40781741650686}",students_capacity_equivalent,calculated_structural_gap,9e22c41768ecc2a32ea8f418f12944d813c97ce0ee267aea4c0da147fd77d4c6,mgimo_platform2.models.educational_migration_v3::build_structural_forecast_v3,gap_abs is structural capacity minus demographic continuity baseline under the same aggregate total; positive and negative gaps are reallocative and do not sum to additional national enrolment,-22.40781741650686,76.3924060074627,255.80417385514824,34.0,41.0,51.85000000000002,0.0,0.0,stable_positive,58.0
ppml_russia_inbound_structural_allocation_v3,COM,Comoros,27.0,2023,unesco_uis_opri_202602,data/raw/uis_opri/OPRI_202602.zip::OPRI_DATA_NATIONAL.csv,2026-06-20T02:46:44+00:00,27,students,official_or_reference,7e35482e817d63b0cf638fb695f8a9fd2df9139ae830c0d13f2eba4706d50eca,b4a578fc90e6ac9b,86.23551797335189,23.523478166855032,62.71203980649686,86.23551797335189,2026,28.53352657128359,79.96718241580243,220.86505116767134,28.53352657128359,220.86505116767134,28.53352657128359,220.86505116767134,5.010048404428561,56.4437042489474,197.3415730008163,0.99,600,coefficient_parameter_uncertainty_only_on_constrained_structural_allocation_not_full_predictive_interval,62.71203980649686,3.6659339814321825,42.0,actual_2023_plus_structural_and_continuity_models,False,,ppml_russia_inbound_structural_allocation_v3,Structural under-representation gap relative to demographic continuity,data/model/gravity_model_report.json,actual=2023;capacity=2026,not_applicable_model_output,"{""actual_students_latest"": 27.0, ""demographic_continuity_baseline"": 23.523478166855032, ""model_based_attraction_capacity"": 86.23551797335189, ""probability_positive_representation_gap"": 0.99, ""representation_gap"": 62.71203980649686, ""representation_gap_parameter_high"": 197.3415730008163, ""representation_gap_parameter_low"": 5.010048404428561}",students_capacity_equivalent,calculated_structural_gap,9e22c41768ecc2a32ea8f418f12944d813c97ce0ee267aea4c0da147fd77d4c6,mgimo_platform2.models.educational_migration_v3::build_structural_forecast_v3,gap_abs is structural capacity minus demographic continuity baseline under the same aggregate total; positive and negative gaps are reallocative and do not sum to additional national enrolment,5.010048404428561,56.4437042489474,197.3415730008163,26.650000000000002,43.0,62.0,0.0,0.0016666666666666668,stable_positive,47.0
ppml_russia_inbound_structural_allocation_v3,KEN,Kenya,169.0,2023,unesco_uis_opri_202602,data/raw/uis_opri/OPRI_202602.zip::OPRI_DATA_NATIONAL.csv,2026-06-20T02:46:44+00:00,169,students,official_or_reference,7e35482e817d63b0cf638fb695f8a9fd2df9139ae830c0d13f2eba4706d50eca,82fd28e91b26d3ce,255.7427077748814,197.7871637544753,57.95554402040611,255.7427077748814,2026,92.65037986137098,247.04179801050574,567.3255196765614,92.65037986137098,567.3255196765614,92.65037986137098,567.3255196765614,-105.13678389310432,49.25463425603044,369.53835592208605,0.6566666666666666,600,coefficient_parameter_uncertainty_only_on_constrained_structural_allocation_not_full_predictive_interval,57.95554402040611,1.2930197436490352,43.0,actual_2023_plus_structural_and_continuity_models,False,,ppml_russia_inbound_structural_allocation_v3,Structural under-representation gap relative to demographic continuity,data/model/gravity_model_report.json,actual=2023;capacity=2026,not_applicable_model_output,"{""actual_students_latest"": 169.0, ""demographic_continuity_baseline"": 197.7871637544753, ""model_based_attraction_capacity"": 255.7427077748814, ""probability_positive_representation_gap"": 0.6566666666666666, ""representation_gap"": 57.95554402040611, ""representation_gap_parameter_high"": 369.53835592208605, ""representation_gap_parameter_low"": -105.13678389310432}",students_capacity_equivalent,calculated_structural_gap,9e22c41768ecc2a32ea8f418f12944d813c97ce0ee267aea4c0da147fd77d4c6,mgimo_platform2.models.educational_migration_v3::build_structural_forecast_v3,gap_abs is structural capacity minus demographic continuity baseline under the same aggregate total; positive and negative gaps are reallocative and do not sum to additional national enrolment,-105.13678389310432,49.25463425603044,369.53835592208605,30.0,41.0,63.0,0.0,0.0,direction_uncertain,
ppml_russia_inbound_structural_allocation_v3,LSO,Lesotho,4.0,2023,unesco_uis_opri_202602,data/raw/uis_opri/OPRI_202602.zip::OPRI_DATA_NATIONAL.csv,2026-06-20T02:46:44+00:00,4,students,official_or_reference,7e35482e817d63b0cf638fb695f8a9fd2df9139ae830c0d13f2eba4706d50eca,56338485dae5884c,54.347518188702765,2.2094575065184467,52.13806068218432,54.347518188702765,2026,19.07720401187897,50.36354659336635,120.08401030963076,19.07720401187897,120.08401030963076,19.07720401187897,120.08401030963076,16.867746505360522,48.154089086847904,117.87455280311231,1.0,600,coefficient_parameter_uncertainty_only_on_constrained_structural_allocation_not_full_predictive_interval,52.13806068218432,24.59767523401746,44.0,actual_2023_plus_structural_and_continuity_models,False,,ppml_russia_inbound_structural_allocation_v3,Structural under-representation gap relative to demographic continuity,data/model/gravity_model_report.json,actual=2023;capacity=2026,not_applicable_model_output,"{""actual_students_latest"": 4.0, ""demographic_continuity_baseline"": 2.2094575065184467, ""model_based_attraction_capacity"": 54.347518188702765, ""probability_positive_representation_gap"": 1.0, ""representation_gap"": 52.13806068218432, ""representation_gap_parameter_high"": 117.87455280311231, ""representation_gap_parameter_low"": 16.867746505360522}",students_capacity_equivalent,calculated_structural_gap,9e22c41768ecc2a32ea8f418f12944d813c97ce0ee267aea4c0da147fd77d4c6,mgimo_platform2.models.educational_migration_v3::build_structural_forecast_v3,gap_abs is structural capacity minus demographic continuity baseline under the same aggregate total; positive and negative gaps are reallocative and do not sum to additional national enrolment,16.867746505360522,48.154089086847904,117.87455280311231,32.0,44.0,59.0,0.0,0.0,stable_positive,25.0
ppml_russia_inbound_structural_allocation_v3,GMB,Gambia,47.0,2023,unesco_uis_opri_202602,data/raw/uis_opri/OPRI_202602.zip::OPRI_DATA_NATIONAL.csv,2026-06-20T02:46:44+00:00,47,students,official_or_reference,7e35482e817d63b0cf638fb695f8a9fd2df9139ae830c0d13f2eba4706d50eca,1c8dabcff6c48c95,85.65008599969663,42.95356236139906,42.69652363829757,85.65008599969663,2026,35.967996096871566,80.1369875708087,162.9839139702815,35.967996096871566,162.9839139702815,35.967996096871566,162.9839139702815,-6.9855662645274945,37.18342520940964,120.03035160888243,0.9383333333333334,600,coefficient_parameter_uncertainty_only_on_constrained_structural_allocation_not_full_predictive_interval,42.69652363829757,1.9940158927695255,45.0,actual_2023_plus_structural_and_continuity_models,False,,ppml_russia_inbound_structural_allocation_v3,Structural under-representation gap relative to demographic continuity,data/model/gravity_model_report.json,actual=2023;capacity=2026,not_applicable_model_output,"{""actual_students_latest"": 47.0, ""demographic_continuity_baseline"": 42.95356236139906, ""model_based_attraction_capacity"": 85.65008599969663, ""probability_positive_representation_gap"": 0.9383333333333334, ""representation_gap"": 42.69652363829757, ""representation_gap_parameter_high"": 120.03035160888243, ""representation_gap_parameter_low"": -6.9855662645274945}",students_capacity_equivalent,calculated_structural_gap,9e22c41768ecc2a32ea8f418f12944d813c97ce0ee267aea4c0da147fd77d4c6,mgimo_platform2.models.educational_migration_v3::build_structural_forecast_v3,gap_abs is structural capacity minus demographic continuity baseline under the same aggregate total; positive and negative gaps are reallocative and do not sum to additional national enrolment,-6.9855662645274945,37.18342520940964,120.03035160888243,39.0,48.0,59.0,0.0,0.0,stable_positive,53.0
ppml_russia_inbound_structural_allocation_v3,BHR,Bahrain,45.0,2023,unesco_uis_opri_202602,data/raw/uis_opri/OPRI_202602.zip::OPRI_DATA_NATIONAL.csv,2026-06-20T02:46:44+00:00,45,students,official_or_reference,7e35482e817d63b0cf638fb695f8a9fd2df9139ae830c0d13f2eba4706d50eca,98e51eccbfeb2f19,120.50138463896643,88.56972389232676,31.931660746639665,120.50138463896643,2026,41.02294164056521,106.6555741147113,300.31162395490645,41.02294164056521,300.31162395490645,41.02294164056521,300.31162395490645,-47.546782251761556,18.08585022238453,211.7419000625797,0.6583333333333333,600,coefficient_parameter_uncertainty_only_on_constrained_structural_allocation_not_full_predictive_interval,31.931660746639665,1.3605256891786028,46.0,actual_2023_plus_structural_and_continuity_models,False,,ppml_russia_inbound_structural_allocation_v3,Structural under-representation gap relative to demographic continuity,data/model/gravity_model_report.json,actual=2023;capacity=2026,not_applicable_model_output,"{""actual_students_latest"": 45.0, ""demographic_continuity_baseline"": 88.56972389232676, ""model_based_attraction_capacity"": 120.50138463896643, ""probability_positive_representation_gap"": 0.6583333333333333, ""representation_gap"": 31.931660746639665, ""representation_gap_parameter_high"": 211.7419000625797, ""representation_gap_parameter_low"": -47.546782251761556}",students_capacity_equivalent,calculated_structural_gap,9e22c41768ecc2a32ea8f418f12944d813c97ce0ee267aea4c0da147fd77d4c6,mgimo_platform2.models.educational_migration_v3::build_structural_forecast_v3,gap_abs is structural capacity minus demographic continuity baseline under the same aggregate total; positive and negative gaps are reallocative and do not sum to additional national enrolment,-47.546782251761556,18.08585022238453,211.7419000625797,28.700000000000003,47.0,69.0,0.0,0.0,direction_uncertain,
ppml_russia_inbound_structural_allocation_v3,SLB,Solomon Islands,0.0,2023,unesco_uis_opri_202602,data/raw/uis_opri/OPRI_202602.zip::OPRI_DATA_NATIONAL.csv,2026-06-20T02:46:44+00:00,0,students,official_or_reference,7e35482e817d63b0cf638fb695f8a9fd2df9139ae830c0d13f2eba4706d50eca,0dc05f22c730c5df,28.254208583079443,0.0,28.254208583079443,28.254208583079443,2026,3.3084598312829843,25.323468557890585,167.42941979665304,3.3084598312829843,167.42941979665304,3.3084598312829843,167.42941979665304,3.3084598312829843,25.323468557890585,167.42941979665304,1.0,600,coefficient_parameter_uncertainty_only_on_constrained_structural_allocation_not_full_predictive_interval,28.254208583079443,,47.0,actual_2023_plus_structural_and_continuity_models,False,,ppml_russia_inbound_structural_allocation_v3,Structural under-representation gap relative to demographic continuity,data/model/gravity_model_report.json,actual=2023;capacity=2026,not_applicable_model_output,"{""actual_students_latest"": 0.0, ""demographic_continuity_baseline"": 0.0, ""model_based_attraction_capacity"": 28.254208583079443, ""probability_positive_representation_gap"": 1.0, ""representation_gap"": 28.254208583079443, ""representation_gap_parameter_high"": 167.42941979665304, ""representation_gap_parameter_low"": 3.3084598312829843}",students_capacity_equivalent,calculated_structural_gap,9e22c41768ecc2a32ea8f418f12944d813c97ce0ee267aea4c0da147fd77d4c6,mgimo_platform2.models.educational_migration_v3::build_structural_forecast_v3,gap_abs is structural capacity minus demographic continuity baseline under the same aggregate total; positive and negative gaps are reallocative and do not sum to additional national enrolment,3.3084598312829843,25.323468557890585,167.42941979665304,36.0,49.0,65.04999999999995,0.0,0.0,stable_positive,26.0
ppml_russia_inbound_structural_allocation_v3,BRN,Brunei Darussalam,5.0,2023,unesco_uis_opri_202602,data/raw/uis_opri/OPRI_202602.zip::OPRI_DATA_NATIONAL.csv,2026-06-20T02:46:44+00:00,5,students,official_or_reference,7e35482e817d63b0cf638fb695f8a9fd2df9139ae830c0d13f2eba4706d50eca,a7d8a4d825ddc1f0,30.898809810727528,3.2158884388387574,27.68292137188877,30.898809810727528,2026,4.884618054911617,28.193115908419223,150.57561263847373,4.884618054911617,150.57561263847373,4.884618054911617,150.57561263847373,1.6687296160728595,24.97722746958047,147.35972419963497,0.9916666666666667,600,coefficient_parameter_uncertainty_only_on_constrained_structural_allocation_not_full_predictive_interval,27.68292137188877,9.608172173374568,48.0,actual_2023_plus_structural_and_continuity_models,False,,ppml_russia_inbound_structural_allocation_v3,Structural under-representation gap relative to demographic continuity,data/model/gravity_model_report.json,actual=2023;capacity=2026,not_applicable_model_output,"{""actual_students_latest"": 5.0, ""demographic_continuity_baseline"": 3.2158884388387574, ""model_based_attraction_capacity"": 30.898809810727528, ""probability_positive_representation_gap"": 0.9916666666666667, ""representation_gap"": 27.68292137188877, ""representation_gap_parameter_high"": 147.35972419963497, ""representation_gap_parameter_low"": 1.6687296160728595}",students_capacity_equivalent,calculated_structural_gap,9e22c41768ecc2a32ea8f418f12944d813c97ce0ee267aea4c0da147fd77d4c6,mgimo_platform2.models.educational_migration_v3::build_structural_forecast_v3,gap_abs is structural capacity minus demographic continuity baseline under the same aggregate total; positive and negative gaps are reallocative and do not sum to additional national enrolment,1.6687296160728595,24.97722746958047,147.35972419963497,39.0,50.0,63.0,0.0,0.0,stable_positive,46.0
ppml_russia_inbound_structural_allocation_v3,TGO,Togo,66.0,2023,unesco_uis_opri_202602,data/raw/uis_opri/OPRI_202602.zip::OPRI_DATA_NATIONAL.csv,2026-06-20T02:46:44+00:00,66,students,official_or_reference,7e35482e817d63b0cf638fb695f8a9fd2df9139ae830c0d13f2eba4706d50eca,062dc9cefb999a30,81.65433936165209,54.11408407390273,27.54025528774936,81.65433936165209,2026,32.679329268863015,75.6732745645991,156.87404239257182,32.679329268863015,156.87404239257182,32.679329268863015,156.87404239257182,-21.434754805039717,21.559190490696373,102.7599583186691,0.7766666666666666,600,coefficient_parameter_uncertainty_only_on_constrained_structural_allocation_not_full_predictive_interval,27.54025528774936,1.5089295284040671,49.0,actual_2023_plus_structural_and_continuity_models,False,,ppml_russia_inbound_structural_allocation_v3,Structural under-representation gap relative to demographic continuity,data/model/gravity_model_report.json,actual=2023;capacity=2026,not_applicable_model_output,"{""actual_students_latest"": 66.0, ""demographic_continuity_baseline"": 54.11408407390273, ""model_based_attraction_capacity"": 81.65433936165209, ""probability_positive_representation_gap"": 0.7766666666666666, ""representation_gap"": 27.54025528774936, ""representation_gap_parameter_high"": 102.7599583186691, ""representation_gap_parameter_low"": -21.434754805039717}",students_capacity_equivalent,calculated_structural_gap,9e22c41768ecc2a32ea8f418f12944d813c97ce0ee267aea4c0da147fd77d4c6,mgimo_platform2.models.educational_migration_v3::build_structural_forecast_v3,gap_abs is structural capacity minus demographic continuity baseline under the same aggregate total; positive and negative gaps are reallocative and do not sum to additional national enrolment,-21.434754805039717,21.559190490696373,102.7599583186691,46.0,52.0,63.75,0.0,0.0,likely_positive,
ppml_russia_inbound_structural_allocation_v3,TLS,Timor-Leste,0.0,2023,unesco_uis_opri_202602,data/raw/uis_opri/OPRI_202602.zip::OPRI_DATA_NATIONAL.csv,2026-06-20T02:46:44+00:00,0,students,official_or_reference,7e35482e817d63b0cf638fb695f8a9fd2df9139ae830c0d13f2eba4706d50eca,ab3605c8eb3b7d90,27.40775645015645,0.1310288199567067,27.276727630199744,27.40775645015645,2026,4.860628314366802,24.873808257156224,119.86837480656224,4.860628314366802,119.86837480656224,4.860628314366802,119.86837480656224,4.729599494410095,24.742779437199516,119.73734598660553,1.0,600,coefficient_parameter_uncertainty_only_on_constrained_structural_allocation_not_full_predictive_interval,27.276727630199744,209.17349678652576,50.0,actual_2023_plus_structural_and_continuity_models,False,,ppml_russia_inbound_structural_allocation_v3,Structural under-representation gap relative to demographic continuity,data/model/gravity_model_report.json,actual=2023;capacity=2026,not_applicable_model_output,"{""actual_students_latest"": 0.0, ""demographic_continuity_baseline"": 0.1310288199567067, ""model_based_attraction_capacity"": 27.40775645015645, ""probability_positive_representation_gap"": 1.0, ""representation_gap"": 27.276727630199744, ""representation_gap_parameter_high"": 119.73734598660553, ""representation_gap_parameter_low"": 4.729599494410095}",students_capacity_equivalent,calculated_structural_gap,9e22c41768ecc2a32ea8f418f12944d813c97ce0ee267aea4c0da147fd77d4c6,mgimo_platform2.models.educational_migration_v3::build_structural_forecast_v3,gap_abs is structural capacity minus demographic continuity baseline under the same aggregate total; positive and negative gaps are reallocative and do not sum to additional national enrolment,4.729599494410095,24.742779437199516,119.73734598660553,39.95,50.0,61.0,0.0,0.0,stable_positive,27.0
ppml_russia_inbound_structural_allocation_v3,PNG,Papua New Guinea,0.0,2023,unesco_uis_opri_202602,data/raw/uis_opri/OPRI_202602.zip::OPRI_DATA_NATIONAL.csv,2026-06-20T02:46:44+00:00,0,students,official_or_reference,7e35482e817d63b0cf638fb695f8a9fd2df9139ae830c0d13f2eba4706d50eca,9fbe08049c4d18a1,26.80631140168923,1.6231109421854624,25.183200459503766,26.80631140168923,2026,4.066979304728218,23.474387285363065,139.43233413186192,4.066979304728218,139.43233413186192,4.066979304728218,139.43233413186192,2.443868362542755,21.851276343177602,137.80922318967646,0.9983333333333333,600,coefficient_parameter_uncertainty_only_on_constrained_structural_allocation_not_full_predictive_interval,25.183200459503766,16.515390725907782,51.0,actual_2023_plus_structural_and_continuity_models,False,,ppml_russia_inbound_structural_allocation_v3,Structural under-representation gap relative to demographic continuity,data/model/gravity_model_report.json,actual=2023;capacity=2026,not_applicable_model_output,"{""actual_students_latest"": 0.0, ""demographic_continuity_baseline"": 1.6231109421854624, ""model_based_attraction_capacity"": 26.80631140168923, ""probability_positive_representation_gap"": 0.9983333333333333, ""representation_gap"": 25.183200459503766, ""representation_gap_parameter_high"": 137.80922318967646, ""representation_gap_parameter_low"": 2.443868362542755}",students_capacity_equivalent,calculated_structural_gap,9e22c41768ecc2a32ea8f418f12944d813c97ce0ee267aea4c0da147fd77d4c6,mgimo_platform2.models.educational_migration_v3::build_structural_forecast_v3,gap_abs is structural capacity minus demographic continuity baseline under the same aggregate total; positive and negative gaps are reallocative and do not sum to additional national enrolment,2.443868362542755,21.851276343177602,137.80922318967646,40.0,50.0,63.0,0.0,0.0,stable_positive,44.0
ppml_russia_inbound_structural_allocation_v3,SEN,Senegal,158.0,2023,unesco_uis_opri_202602,data/raw/uis_opri/OPRI_202602.zip::OPRI_DATA_NATIONAL.csv,2026-06-20T02:46:44+00:00,158,students,official_or_reference,7e35482e817d63b0cf638fb695f8a9fd2df9139ae830c0d13f2eba4706d50eca,ec838e54c0a23985,196.49921356867918,179.2934197250767,17.205793843602493,196.49921356867918,2026,91.21103418423628,184.11652100352632,330.48101608204945,91.21103418423628,330.48101608204945,91.21103418423628,330.48101608204945,-88.0823855408404,4.823101278449627,151.18759635697276,0.535,600,coefficient_parameter_uncertainty_only_on_constrained_structural_allocation_not_full_predictive_interval,17.205793843602493,1.0959644468268013,52.0,actual_2023_plus_structural_and_continuity_models,False,,ppml_russia_inbound_structural_allocation_v3,Structural under-representation gap relative to demographic continuity,data/model/gravity_model_report.json,actual=2023;capacity=2026,not_applicable_model_output,"{""actual_students_latest"": 158.0, ""demographic_continuity_baseline"": 179.2934197250767, ""model_based_attraction_capacity"": 196.49921356867918, ""probability_positive_representation_gap"": 0.535, ""representation_gap"": 17.205793843602493, ""representation_gap_parameter_high"": 151.18759635697276, ""representation_gap_parameter_low"": -88.0823855408404}",students_capacity_equivalent,calculated_structural_gap,9e22c41768ecc2a32ea8f418f12944d813c97ce0ee267aea4c0da147fd77d4c6,mgimo_platform2.models.educational_migration_v3::build_structural_forecast_v3,gap_abs is structural capacity minus demographic continuity baseline under the same aggregate total; positive and negative gaps are reallocative and do not sum to additional national enrolment,-88.0823855408404,4.823101278449627,151.18759635697276,43.0,51.0,70.0,0.0,0.0,direction_uncertain,
ppml_russia_inbound_structural_allocation_v3,MUS,Mauritius,13.0,2023,unesco_uis_opri_202602,data/raw/uis_opri/OPRI_202602.zip::OPRI_DATA_NATIONAL.csv,2026-06-20T02:46:44+00:00,13,students,official_or_reference,7e35482e817d63b0cf638fb695f8a9fd2df9139ae830c0d13f2eba4706d50eca,43809e6b68207007,24.36121811949668,12.909062957614852,11.452155161881828,24.36121811949668,2026,7.347287989589477,21.513663084480847,66.07777169846268,7.347287989589477,66.07777169846268,7.347287989589477,66.07777169846268,-5.561774968025375,8.604600126865996,53.16870874084784,0.82,600,coefficient_parameter_uncertainty_only_on_constrained_structural_allocation_not_full_predictive_interval,11.452155161881828,1.8871407010317804,53.0,actual_2023_plus_structural_and_continuity_models,False,,ppml_russia_inbound_structural_allocation_v3,Structural under-representation gap relative to demographic continuity,data/model/gravity_model_report.json,actual=2023;capacity=2026,not_applicable_model_output,"{""actual_students_latest"": 13.0, ""demographic_continuity_baseline"": 12.909062957614852, ""model_based_attraction_capacity"": 24.36121811949668, ""probability_positive_representation_gap"": 0.82, ""representation_gap"": 11.452155161881828, ""representation_gap_parameter_high"": 53.16870874084784, ""representation_gap_parameter_low"": -5.561774968025375}",students_capacity_equivalent,calculated_structural_gap,9e22c41768ecc2a32ea8f418f12944d813c97ce0ee267aea4c0da147fd77d4c6,mgimo_platform2.models.educational_migration_v3::build_structural_forecast_v3,gap_abs is structural capacity minus demographic continuity baseline under the same aggregate total; positive and negative gaps are reallocative and do not sum to additional national enrolment,-5.561774968025375,8.604600126865996,53.16870874084784,38.55,56.0,79.0,0.0,0.0,likely_positive,65.0
ppml_russia_inbound_structural_allocation_v3,SUR,Suriname,7.0,2023,unesco_uis_opri_202602,data/raw/uis_opri/OPRI_202602.zip::OPRI_DATA_NATIONAL.csv,2026-06-20T02:46:44+00:00,7,students,official_or_reference,7e35482e817d63b0cf638fb695f8a9fd2df9139ae830c0d13f2eba4706d50eca,fedbb8c74753f9af,16.594214208509936,6.084660288171579,10.509553920338357,16.594214208509936,2026,2.5690879119975385,15.432247369330039,91.81285080301541,2.5690879119975385,91.81285080301541,2.5690879119975385,91.81285080301541,-3.51557237617404,9.34758708115846,85.72819051484383,0.845,600,coefficient_parameter_uncertainty_only_on_constrained_structural_allocation_not_full_predictive_interval,10.509553920338357,2.727221146720164,54.0,actual_2023_plus_structural_and_continuity_models,False,,ppml_russia_inbound_structural_allocation_v3,Structural under-representation gap relative to demographic continuity,data/model/gravity_model_report.json,actual=2023;capacity=2026,not_applicable_model_output,"{""actual_students_latest"": 7.0, ""demographic_continuity_baseline"": 6.084660288171579, ""model_based_attraction_capacity"": 16.594214208509936, ""probability_positive_representation_gap"": 0.845, ""representation_gap"": 10.509553920338357, ""representation_gap_parameter_high"": 85.72819051484383, ""representation_gap_parameter_low"": -3.51557237617404}",students_capacity_equivalent,calculated_structural_gap,9e22c41768ecc2a32ea8f418f12944d813c97ce0ee267aea4c0da147fd77d4c6,mgimo_platform2.models.educational_migration_v3::build_structural_forecast_v3,gap_abs is structural capacity minus demographic continuity baseline under the same aggregate total; positive and negative gaps are reallocative and do not sum to additional national enrolment,-3.51557237617404,9.34758708115846,85.72819051484383,47.3,58.0,68.0,0.0,0.0,likely_positive,63.0
ppml_russia_inbound_structural_allocation_v3,CHL,Chile,37.0,2023,unesco_uis_opri_202602,data/raw/uis_opri/OPRI_202602.zip::OPRI_DATA_NATIONAL.csv,2026-06-20T02:46:44+00:00,37,students,official_or_reference,7e35482e817d63b0cf638fb695f8a9fd2df9139ae830c0d13f2eba4706d50eca,f28c59ecd532f21f,46.92994289145413,36.883284943980954,10.046657947473179,46.92994289145413,2026,13.78254293471341,45.69583372630956,138.68991839435316,13.78254293471341,138.68991839435316,13.78254293471341,138.68991839435316,-23.10074200926754,8.812548782328609,101.80663345037222,0.63,600,coefficient_parameter_uncertainty_only_on_constrained_structural_allocation_not_full_predictive_interval,10.046657947473179,1.2723905412094458,55.0,actual_2023_plus_structural_and_continuity_models,False,,ppml_russia_inbound_structural_allocation_v3,Structural under-representation gap relative to demographic continuity,data/model/gravity_model_report.json,actual=2023;capacity=2026,not_applicable_model_output,"{""actual_students_latest"": 37.0, ""demographic_continuity_baseline"": 36.883284943980954, ""model_based_attraction_capacity"": 46.92994289145413, ""probability_positive_representation_gap"": 0.63, ""representation_gap"": 10.046657947473179, ""representation_gap_parameter_high"": 101.80663345037222, ""representation_gap_parameter_low"": -23.10074200926754}",students_capacity_equivalent,calculated_structural_gap,9e22c41768ecc2a32ea8f418f12944d813c97ce0ee267aea4c0da147fd77d4c6,mgimo_platform2.models.educational_migration_v3::build_structural_forecast_v3,gap_abs is structural capacity minus demographic continuity baseline under the same aggregate total; positive and negative gaps are reallocative and do not sum to additional national enrolment,-23.10074200926754,8.812548782328609,101.80663345037222,30.85,50.0,76.0,0.0,0.0016666666666666668,direction_uncertain,
ppml_russia_inbound_structural_allocation_v3,HND,Honduras,24.0,2023,unesco_uis_opri_202602,data/raw/uis_opri/OPRI_202602.zip::OPRI_DATA_NATIONAL.csv,2026-06-20T02:46:44+00:00,24,students,official_or_reference,7e35482e817d63b0cf638fb695f8a9fd2df9139ae830c0d13f2eba4706d50eca,f6c67f7709703103,32.28881422400535,22.499483954421983,9.789330269583367,32.28881422400535,2026,6.464172281445287,30.20786817830369,136.93857671667388,6.464172281445287,136.93857671667388,6.464172281445287,136.93857671667388,-16.035311672976693,7.708384223881708,114.4390927622519,0.6366666666666667,600,coefficient_parameter_uncertainty_only_on_constrained_structural_allocation_not_full_predictive_interval,9.789330269583367,1.4350913242905468,56.0,actual_2023_plus_structural_and_continuity_models,False,,ppml_russia_inbound_structural_allocation_v3,Structural under-representation gap relative to demographic continuity,data/model/gravity_model_report.json,actual=2023;capacity=2026,not_applicable_model_output,"{""actual_students_latest"": 24.0, ""demographic_continuity_baseline"": 22.499483954421983, ""model_based_attraction_capacity"": 32.28881422400535, ""probability_positive_representation_gap"": 0.6366666666666667, ""representation_gap"": 9.789330269583367, ""representation_gap_parameter_high"": 114.4390927622519, ""representation_gap_parameter_low"": -16.035311672976693}",students_capacity_equivalent,calculated_structural_gap,9e22c41768ecc2a32ea8f418f12944d813c97ce0ee267aea4c0da147fd77d4c6,mgimo_platform2.models.educational_migration_v3::build_structural_forecast_v3,gap_abs is structural capacity minus demographic continuity baseline under the same aggregate total; positive and negative gaps are reallocative and do not sum to additional national enrolment,-16.035311672976693,7.708384223881708,114.4390927622519,44.0,56.0,72.0,0.0,0.0,direction_uncertain,
ppml_russia_inbound_structural_allocation_v3,COK,Cook Islands,1.0,2023,unesco_uis_opri_202602,data/raw/uis_opri/OPRI_202602.zip::OPRI_DATA_NATIONAL.csv,2026-06-20T02:46:44+00:00,1,students,official_or_reference,7e35482e817d63b0cf638fb695f8a9fd2df9139ae830c0d13f2eba4706d50eca,07b4249b149d2de1,10.252419450308775,0.8673718667024498,9.385047583606324,10.252419450308775,2026,1.4385796042189756,10.06452571950067,82.3774803801103,1.4385796042189756,82.3774803801103,1.4385796042189756,82.3774803801103,0.5712077375165258,9.19715385279822,81.51010851340784,0.99,600,coefficient_parameter_uncertainty_only_on_constrained_structural_allocation_not_full_predictive_interval,9.385047583606324,11.820096828003123,57.0,actual_2023_plus_structural_and_continuity_models,False,,ppml_russia_inbound_structural_allocation_v3,Structural under-representation gap relative to demographic continuity,data/model/gravity_model_report.json,actual=2023;capacity=2026,not_applicable_model_output,"{""actual_students_latest"": 1.0, ""demographic_continuity_baseline"": 0.8673718667024498, ""model_based_attraction_capacity"": 10.252419450308775, ""probability_positive_representation_gap"": 0.99, ""representation_gap"": 9.385047583606324, ""representation_gap_parameter_high"": 81.51010851340784, ""representation_gap_parameter_low"": 0.5712077375165258}",students_capacity_equivalent,calculated_structural_gap,9e22c41768ecc2a32ea8f418f12944d813c97ce0ee267aea4c0da147fd77d4c6,mgimo_platform2.models.educational_migration_v3::build_structural_forecast_v3,gap_abs is structural capacity minus demographic continuity baseline under the same aggregate total; positive and negative gaps are reallocative and do not sum to additional national enrolment,0.5712077375165258,9.19715385279822,81.51010851340784,35.0,57.0,83.0,0.0,0.0033333333333333335,stable_positive,48.0
ppml_russia_inbound_structural_allocation_v3,LCA,Saint Lucia,0.0,2023,unesco_uis_opri_202602,data/raw/uis_opri/OPRI_202602.zip::OPRI_DATA_NATIONAL.csv,2026-06-20T02:46:44+00:00,0,students,official_or_reference,7e35482e817d63b0cf638fb695f8a9fd2df9139ae830c0d13f2eba4706d50eca,180b6cd774337fd1,9.140984349303544,0.16745054579338386,8.97353380351016,9.140984349303544,2026,1.445551615355887,8.592388096359823,43.79932106066247,1.445551615355887,43.79932106066247,1.445551615355887,43.79932106066247,1.278101069562503,8.424937550566439,43.631870514869085,1.0,600,coefficient_parameter_uncertainty_only_on_constrained_structural_allocation_not_full_predictive_interval,8.97353380351016,54.589158285471015,58.0,actual_2023_plus_structural_and_continuity_models,False,,ppml_russia_inbound_structural_allocation_v3,Structural under-representation gap relative to demographic continuity,data/model/gravity_model_report.json,actual=2023;capacity=2026,not_applicable_model_output,"{""actual_students_latest"": 0.0, ""demographic_continuity_baseline"": 0.16745054579338386, ""model_based_attraction_capacity"": 9.140984349303544, ""probability_positive_representation_gap"": 1.0, ""representation_gap"": 8.97353380351016, ""representation_gap_parameter_high"": 43.631870514869085, ""representation_gap_parameter_low"": 1.278101069562503}",students_capacity_equivalent,calculated_structural_gap,9e22c41768ecc2a32ea8f418f12944d813c97ce0ee267aea4c0da147fd77d4c6,mgimo_platform2.models.educational_migration_v3::build_structural_forecast_v3,gap_abs is structural capacity minus demographic continuity baseline under the same aggregate total; positive and negative gaps are reallocative and do not sum to additional national enrolment,1.278101069562503,8.424937550566439,43.631870514869085,45.0,58.0,69.0,0.0,0.0,stable_positive,28.0
ppml_russia_inbound_structural_allocation_v3,SWZ,Eswatini,52.0,2023,unesco_uis_opri_202602,data/raw/uis_opri/OPRI_202602.zip::OPRI_DATA_NATIONAL.csv,2026-06-20T02:46:44+00:00,52,students,official_or_reference,7e35482e817d63b0cf638fb695f8a9fd2df9139ae830c0d13f2eba4706d50eca,2ff794f2b6378ea7,72.67242472469982,63.93996550340126,8.732459221298562,72.67242472469982,2026,25.170370975034714,65.49180798215085,176.43461437290208,25.170370975034714,176.43461437290208,25.170370975034714,176.43461437290208,-38.76959452836655,1.5518424787495917,112.49464886950082,0.5183333333333333,600,coefficient_parameter_uncertainty_only_on_constrained_structural_allocation_not_full_predictive_interval,8.732459221298562,1.136572785933612,59.0,actual_2023_plus_structural_and_continuity_models,False,,ppml_russia_inbound_structural_allocation_v3,Structural under-representation gap relative to demographic continuity,data/model/gravity_model_report.json,actual=2023;capacity=2026,not_applicable_model_output,"{""actual_students_latest"": 52.0, ""demographic_continuity_baseline"": 63.93996550340126, ""model_based_attraction_capacity"": 72.67242472469982, ""probability_positive_representation_gap"": 0.5183333333333333, ""representation_gap"": 8.732459221298562, ""representation_gap_parameter_high"": 112.49464886950082, ""representation_gap_parameter_low"": -38.76959452836655}",students_capacity_equivalent,calculated_structural_gap,9e22c41768ecc2a32ea8f418f12944d813c97ce0ee267aea4c0da147fd77d4c6,mgimo_platform2.models.educational_migration_v3::build_structural_forecast_v3,gap_abs is structural capacity minus demographic continuity baseline under the same aggregate total; positive and negative gaps are reallocative and do not sum to additional national enrolment,-38.76959452836655,1.5518424787495917,112.49464886950082,38.5,53.0,73.5,0.0,0.0,direction_uncertain,
ppml_russia_inbound_structural_allocation_v3,WSM,Samoa,0.0,2023,unesco_uis_opri_202602,data/raw/uis_opri/OPRI_202602.zip::OPRI_DATA_NATIONAL.csv,2026-06-20T02:46:44+00:00,0,students,official_or_reference,7e35482e817d63b0cf638fb695f8a9fd2df9139ae830c0d13f2eba4706d50eca,93089c0ff450df5b,8.286487221812092,0.09825337195420498,8.188233849857886,8.286487221812092,2026,1.2011744143798675,7.612100869752773,45.86379241392913,1.2011744143798675,45.86379241392913,1.2011744143798675,45.86379241392913,1.1029210424256626,7.513847497798567,45.765539041974925,1.0,600,coefficient_parameter_uncertainty_only_on_constrained_structural_allocation_not_full_predictive_interval,8.188233849857886,84.33794237285157,60.0,actual_2023_plus_structural_and_continuity_models,False,,ppml_russia_inbound_structural_allocation_v3,Structural under-representation gap relative to demographic continuity,data/model/gravity_model_report.json,actual=2023;capacity=2026,not_applicable_model_output,"{""actual_students_latest"": 0.0, ""demographic_continuity_baseline"": 0.09825337195420498, ""model_based_attraction_capacity"": 8.286487221812092, ""probability_positive_representation_gap"": 1.0, ""representation_gap"": 8.188233849857886, ""representation_gap_parameter_high"": 45.765539041974925, ""representation_gap_parameter_low"": 1.1029210424256626}",students_capacity_equivalent,calculated_structural_gap,9e22c41768ecc2a32ea8f418f12944d813c97ce0ee267aea4c0da147fd77d4c6,mgimo_platform2.models.educational_migration_v3::build_structural_forecast_v3,gap_abs is structural capacity minus demographic continuity baseline under the same aggregate total; positive and negative gaps are reallocative and do not sum to additional national enrolment,1.1029210424256626,7.513847497798567,45.765539041974925,47.0,59.0,72.0,0.0,0.0,stable_positive,29.0
ppml_russia_inbound_structural_allocation_v3,FJI,Fiji,0.0,2023,unesco_uis_opri_202602,data/raw/uis_opri/OPRI_202602.zip::OPRI_DATA_NATIONAL.csv,2026-06-20T02:46:44+00:00,0,students,official_or_reference,7e35482e817d63b0cf638fb695f8a9fd2df9139ae830c0d13f2eba4706d50eca,557a59d9d3172267,7.627020882740514,0.0,7.627020882740514,7.627020882740514,2026,1.2039860349869458,6.669231625580992,43.267269859997896,1.2039860349869458,43.267269859997896,1.2039860349869458,43.267269859997896,1.2039860349869458,6.669231625580992,43.267269859997896,1.0,600,coefficient_parameter_uncertainty_only_on_constrained_structural_allocation_not_full_predictive_interval,7.627020882740514,,61.0,actual_2023_plus_structural_and_continuity_models,False,,ppml_russia_inbound_structural_allocation_v3,Structural under-representation gap relative to demographic continuity,data/model/gravity_model_report.json,actual=2023;capacity=2026,not_applicable_model_output,"{""actual_students_latest"": 0.0, ""demographic_continuity_baseline"": 0.0, ""model_based_attraction_capacity"": 7.627020882740514, ""probability_positive_representation_gap"": 1.0, ""representation_gap"": 7.627020882740514, ""representation_gap_parameter_high"": 43.267269859997896, ""representation_gap_parameter_low"": 1.2039860349869458}",students_capacity_equivalent,calculated_structural_gap,9e22c41768ecc2a32ea8f418f12944d813c97ce0ee267aea4c0da147fd77d4c6,mgimo_platform2.models.educational_migration_v3::build_structural_forecast_v3,gap_abs is structural capacity minus demographic continuity baseline under the same aggregate total; positive and negative gaps are reallocative and do not sum to additional national enrolment,1.2039860349869458,6.669231625580992,43.267269859997896,44.0,60.0,77.0,0.0,0.0,stable_positive,30.0
ppml_russia_inbound_structural_allocation_v3,BLZ,Belize,0.0,2023,unesco_uis_opri_202602,data/raw/uis_opri/OPRI_202602.zip::OPRI_DATA_NATIONAL.csv,2026-06-20T02:46:44+00:00,0,students,official_or_reference,7e35482e817d63b0cf638fb695f8a9fd2df9139ae830c0d13f2eba4706d50eca,f882e5a336d2697e,7.018126241475589,0.12359308825722808,6.894533153218362,7.018126241475589,2026,1.186996417115724,6.512982372442333,29.78588807521847,1.186996417115724,29.78588807521847,1.186996417115724,29.78588807521847,1.0634033288584959,6.389389284185105,29.662294986961243,1.0,600,coefficient_parameter_uncertainty_only_on_constrained_structural_allocation_not_full_predictive_interval,6.894533153218362,56.78413202904289,62.0,actual_2023_plus_structural_and_continuity_models,False,,ppml_russia_inbound_structural_allocation_v3,Structural under-representation gap relative to demographic continuity,data/model/gravity_model_report.json,actual=2023;capacity=2026,not_applicable_model_output,"{""actual_students_latest"": 0.0, ""demographic_continuity_baseline"": 0.12359308825722808, ""model_based_attraction_capacity"": 7.018126241475589, ""probability_positive_representation_gap"": 1.0, ""representation_gap"": 6.894533153218362, ""representation_gap_parameter_high"": 29.662294986961243, ""representation_gap_parameter_low"": 1.0634033288584959}",students_capacity_equivalent,calculated_structural_gap,9e22c41768ecc2a32ea8f418f12944d813c97ce0ee267aea4c0da147fd77d4c6,mgimo_platform2.models.educational_migration_v3::build_structural_forecast_v3,gap_abs is structural capacity minus demographic continuity baseline under the same aggregate total; positive and negative gaps are reallocative and do not sum to additional national enrolment,1.0634033288584959,6.389389284185105,29.662294986961243,48.0,61.0,72.0,0.0,0.0,stable_positive,31.0
ppml_russia_inbound_structural_allocation_v3,MEX,Mexico,114.0,2023,unesco_uis_opri_202602,data/raw/uis_opri/OPRI_202602.zip::OPRI_DATA_NATIONAL.csv,2026-06-20T02:46:44+00:00,114,students,official_or_reference,7e35482e817d63b0cf638fb695f8a9fd2df9139ae830c0d13f2eba4706d50eca,1886e603b619dd2e,168.2391674558745,161.35181158438934,6.88735587148517,168.2391674558745,2026,41.4784990817979,161.70501538271702,578.3489309765544,41.4784990817979,578.3489309765544,41.4784990817979,578.3489309765544,-119.87331250259145,0.3532037983276979,416.99711939216496,0.5016666666666667,600,coefficient_parameter_uncertainty_only_on_constrained_structural_allocation_not_full_predictive_interval,6.88735587148517,1.042685333395733,63.0,actual_2023_plus_structural_and_continuity_models,False,,ppml_russia_inbound_structural_allocation_v3,Structural under-representation gap relative to demographic continuity,data/model/gravity_model_report.json,actual=2023;capacity=2026,not_applicable_model_output,"{""actual_students_latest"": 114.0, ""demographic_continuity_baseline"": 161.35181158438934, ""model_based_attraction_capacity"": 168.2391674558745, ""probability_positive_representation_gap"": 0.5016666666666667, ""representation_gap"": 6.88735587148517, ""representation_gap_parameter_high"": 416.99711939216496, ""representation_gap_parameter_low"": -119.87331250259145}",students_capacity_equivalent,calculated_structural_gap,9e22c41768ecc2a32ea8f418f12944d813c97ce0ee267aea4c0da147fd77d4c6,mgimo_platform2.models.educational_migration_v3::build_structural_forecast_v3,gap_abs is structural capacity minus demographic continuity baseline under the same aggregate total; positive and negative gaps are reallocative and do not sum to additional national enrolment,-119.87331250259145,0.3532037983276979,416.99711939216496,22.0,41.0,66.0,0.0,0.013333333333333334,direction_uncertain,
ppml_russia_inbound_structural_allocation_v3,URY,Uruguay,9.0,2023,unesco_uis_opri_202602,data/raw/uis_opri/OPRI_202602.zip::OPRI_DATA_NATIONAL.csv,2026-06-20T02:46:44+00:00,9,students,official_or_reference,7e35482e817d63b0cf638fb695f8a9fd2df9139ae830c0d13f2eba4706d50eca,7ed5712ac416af7d,13.408881511651266,7.252016076809536,6.15686543484173,13.408881511651266,2026,4.35578747980987,12.46708876361447,34.398656030525764,4.35578747980987,34.398656030525764,4.35578747980987,34.398656030525764,-2.8962285969996655,5.215072686804934,27.146639953716228,0.8583333333333333,600,coefficient_parameter_uncertainty_only_on_constrained_structural_allocation_not_full_predictive_interval,6.15686543484173,1.848986732741827,64.0,actual_2023_plus_structural_and_continuity_models,False,,ppml_russia_inbound_structural_allocation_v3,Structural under-representation gap relative to demographic continuity,data/model/gravity_model_report.json,actual=2023;capacity=2026,not_applicable_model_output,"{""actual_students_latest"": 9.0, ""demographic_continuity_baseline"": 7.252016076809536, ""model_based_attraction_capacity"": 13.408881511651266, ""probability_positive_representation_gap"": 0.8583333333333333, ""representation_gap"": 6.15686543484173, ""representation_gap_parameter_high"": 27.146639953716228, ""representation_gap_parameter_low"": -2.8962285969996655}",students_capacity_equivalent,calculated_structural_gap,9e22c41768ecc2a32ea8f418f12944d813c97ce0ee267aea4c0da147fd77d4c6,mgimo_platform2.models.educational_migration_v3::build_structural_forecast_v3,gap_abs is structural capacity minus demographic continuity baseline under the same aggregate total; positive and negative gaps are reallocative and do not sum to additional national enrolment,-2.8962285969996655,5.215072686804934,27.146639953716228,46.7,63.0,80.0,0.0,0.0,likely_positive,62.0
ppml_russia_inbound_structural_allocation_v3,VUT,Vanuatu,1.0,2023,unesco_uis_opri_202602,data/raw/uis_opri/OPRI_202602.zip::OPRI_DATA_NATIONAL.csv,2026-06-20T02:46:44+00:00,1,students,official_or_reference,7e35482e817d63b0cf638fb695f8a9fd2df9139ae830c0d13f2eba4706d50eca,db73e88812b7a2d7,5.639762568074264,0.6724529097453192,4.967309658328945,5.639762568074264,2026,0.5683623090798848,4.833660026243665,39.823232509335455,0.5683623090798848,39.823232509335455,0.5683623090798848,39.823232509335455,-0.10409060066543437,4.161207116498346,39.15077959959014,0.9616666666666667,600,coefficient_parameter_uncertainty_only_on_constrained_structural_allocation_not_full_predictive_interval,4.967309658328945,8.386851311581408,65.0,actual_2023_plus_structural_and_continuity_models,False,,ppml_russia_inbound_structural_allocation_v3,Structural under-representation gap relative to demographic continuity,data/model/gravity_model_report.json,actual=2023;capacity=2026,not_applicable_model_output,"{""actual_students_latest"": 1.0, ""demographic_continuity_baseline"": 0.6724529097453192, ""model_based_attraction_capacity"": 5.639762568074264, ""probability_positive_representation_gap"": 0.9616666666666667, ""representation_gap"": 4.967309658328945, ""representation_gap_parameter_high"": 39.15077959959014, ""representation_gap_parameter_low"": -0.10409060066543437}",students_capacity_equivalent,calculated_structural_gap,9e22c41768ecc2a32ea8f418f12944d813c97ce0ee267aea4c0da147fd77d4c6,mgimo_platform2.models.educational_migration_v3::build_structural_forecast_v3,gap_abs is structural capacity minus demographic continuity baseline under the same aggregate total; positive and negative gaps are reallocative and do not sum to additional national enrolment,-0.10409060066543437,4.161207116498346,39.15077959959014,49.8,64.0,78.19999999999993,0.0,0.0,stable_positive,50.0
ppml_russia_inbound_structural_allocation_v3,GUY,Guyana,20.0,2023,unesco_uis_opri_202602,data/raw/uis_opri/OPRI_202602.zip::OPRI_DATA_NATIONAL.csv,2026-06-20T02:46:44+00:00,20,students,official_or_reference,7e35482e817d63b0cf638fb695f8a9fd2df9139ae830c0d13f2eba4706d50eca,5c523d9e3ed7636f,20.65213239923592,15.754527536992088,4.897604862243833,20.65213239923592,2026,4.699971930834551,19.493186717904845,77.74594989566731,4.699971930834551,77.74594989566731,4.699971930834551,77.74594989566731,-11.054555606157535,3.738659180912757,61.991422358675216,0.5983333333333334,600,coefficient_parameter_uncertainty_only_on_constrained_structural_allocation_not_full_predictive_interval,4.897604862243833,1.3108696754468907,66.0,actual_2023_plus_structural_and_continuity_models,False,,ppml_russia_inbound_structural_allocation_v3,Structural under-representation gap relative to demographic continuity,data/model/gravity_model_report.json,actual=2023;capacity=2026,not_applicable_model_output,"{""actual_students_latest"": 20.0, ""demographic_continuity_baseline"": 15.754527536992088, ""model_based_attraction_capacity"": 20.65213239923592, ""probability_positive_representation_gap"": 0.5983333333333334, ""representation_gap"": 4.897604862243833, ""representation_gap_parameter_high"": 61.991422358675216, ""representation_gap_parameter_low"": -11.054555606157535}",students_capacity_equivalent,calculated_structural_gap,9e22c41768ecc2a32ea8f418f12944d813c97ce0ee267aea4c0da147fd77d4c6,mgimo_platform2.models.educational_migration_v3::build_structural_forecast_v3,gap_abs is structural capacity minus demographic continuity baseline under the same aggregate total; positive and negative gaps are reallocative and do not sum to additional national enrolment,-11.054555606157535,3.738659180912757,61.991422358675216,51.0,62.0,73.0,0.0,0.0,direction_uncertain,
ppml_russia_inbound_structural_allocation_v3,BRB,Barbados,0.0,2023,unesco_uis_opri_202602,data/raw/uis_opri/OPRI_202602.zip::OPRI_DATA_NATIONAL.csv,2026-06-20T02:46:44+00:00,0,students,official_or_reference,7e35482e817d63b0cf638fb695f8a9fd2df9139ae830c0d13f2eba4706d50eca,0b5822176cbb60ff,5.332909213131059,0.4444156379299898,4.888493575201069,5.332909213131059,2026,1.123441796229885,4.922394992715918,20.939826852558305,1.123441796229885,20.939826852558305,1.123441796229885,20.939826852558305,0.6790261582998952,4.477979354785928,20.495411214628316,1.0,600,coefficient_parameter_uncertainty_only_on_constrained_structural_allocation_not_full_predictive_interval,4.888493575201069,11.999823493994983,67.0,actual_2023_plus_structural_and_continuity_models,False,,ppml_russia_inbound_structural_allocation_v3,Structural under-representation gap relative to demographic continuity,data/model/gravity_model_report.json,actual=2023;capacity=2026,not_applicable_model_output,"{""actual_students_latest"": 0.0, ""demographic_continuity_baseline"": 0.4444156379299898, ""model_based_attraction_capacity"": 5.332909213131059, ""probability_positive_representation_gap"": 1.0, ""representation_gap"": 4.888493575201069, ""representation_gap_parameter_high"": 20.495411214628316, ""representation_gap_parameter_low"": 0.6790261582998952}",students_capacity_equivalent,calculated_structural_gap,9e22c41768ecc2a32ea8f418f12944d813c97ce0ee267aea4c0da147fd77d4c6,mgimo_platform2.models.educational_migration_v3::build_structural_forecast_v3,gap_abs is structural capacity minus demographic continuity baseline under the same aggregate total; positive and negative gaps are reallocative and do not sum to additional national enrolment,0.6790261582998952,4.477979354785928,20.495411214628316,50.0,64.0,77.0,0.0,0.0,stable_positive,32.0
ppml_russia_inbound_structural_allocation_v3,SYC,Seychelles,2.0,2023,unesco_uis_opri_202602,data/raw/uis_opri/OPRI_202602.zip::OPRI_DATA_NATIONAL.csv,2026-06-20T02:46:44+00:00,2,students,official_or_reference,7e35482e817d63b0cf638fb695f8a9fd2df9139ae830c0d13f2eba4706d50eca,7d425c91f1750e13,6.61614865629668,1.9255366041322042,4.690612052164476,6.61614865629668,2026,1.7168165223342176,6.155751537584088,21.091871735941158,1.7168165223342176,21.091871735941158,1.7168165223342176,21.091871735941158,-0.20872008179798668,4.230214933451884,19.166335131808953,0.9566666666666667,600,coefficient_parameter_uncertainty_only_on_constrained_structural_allocation_not_full_predictive_interval,4.690612052164476,3.4360025366946627,68.0,actual_2023_plus_structural_and_continuity_models,False,,ppml_russia_inbound_structural_allocation_v3,Structural under-representation gap relative to demographic continuity,data/model/gravity_model_report.json,actual=2023;capacity=2026,not_applicable_model_output,"{""actual_students_latest"": 2.0, ""demographic_continuity_baseline"": 1.9255366041322042, ""model_based_attraction_capacity"": 6.61614865629668, ""probability_positive_representation_gap"": 0.9566666666666667, ""representation_gap"": 4.690612052164476, ""representation_gap_parameter_high"": 19.166335131808953, ""representation_gap_parameter_low"": -0.20872008179798668}",students_capacity_equivalent,calculated_structural_gap,9e22c41768ecc2a32ea8f418f12944d813c97ce0ee267aea4c0da147fd77d4c6,mgimo_platform2.models.educational_migration_v3::build_structural_forecast_v3,gap_abs is structural capacity minus demographic continuity baseline under the same aggregate total; positive and negative gaps are reallocative and do not sum to additional national enrolment,-0.20872008179798668,4.230214933451884,19.166335131808953,50.0,65.0,80.0,0.0,0.0,stable_positive,51.0
ppml_russia_inbound_structural_allocation_v3,TON,Tonga,0.0,2023,unesco_uis_opri_202602,data/raw/uis_opri/OPRI_202602.zip::OPRI_DATA_NATIONAL.csv,2026-06-20T02:46:44+00:00,0,students,official_or_reference,7e35482e817d63b0cf638fb695f8a9fd2df9139ae830c0d13f2eba4706d50eca,f9475b122f15ab1b,2.421712077773403,0.0,2.421712077773403,2.421712077773403,2026,0.3286755317232918,2.1861025443726865,16.640606907161708,0.3286755317232918,16.640606907161708,0.3286755317232918,16.640606907161708,0.3286755317232918,2.1861025443726865,16.640606907161708,1.0,600,coefficient_parameter_uncertainty_only_on_constrained_structural_allocation_not_full_predictive_interval,2.421712077773403,,69.0,actual_2023_plus_structural_and_continuity_models,False,,ppml_russia_inbound_structural_allocation_v3,Structural under-representation gap relative to demographic continuity,data/model/gravity_model_report.json,actual=2023;capacity=2026,not_applicable_model_output,"{""actual_students_latest"": 0.0, ""demographic_continuity_baseline"": 0.0, ""model_based_attraction_capacity"": 2.421712077773403, ""probability_positive_representation_gap"": 1.0, ""representation_gap"": 2.421712077773403, ""representation_gap_parameter_high"": 16.640606907161708, ""representation_gap_parameter_low"": 0.3286755317232918}",students_capacity_equivalent,calculated_structural_gap,9e22c41768ecc2a32ea8f418f12944d813c97ce0ee267aea4c0da147fd77d4c6,mgimo_platform2.models.educational_migration_v3::build_structural_forecast_v3,gap_abs is structural capacity minus demographic continuity baseline under the same aggregate total; positive and negative gaps are reallocative and do not sum to additional national enrolment,0.3286755317232918,2.1861025443726865,16.640606907161708,51.0,68.0,82.0,0.0,0.0,stable_positive,33.0
ppml_russia_inbound_structural_allocation_v3,ATG,Antigua and Barbuda,3.0,2023,unesco_uis_opri_202602,data/raw/uis_opri/OPRI_202602.zip::OPRI_DATA_NATIONAL.csv,2026-06-20T02:46:44+00:00,3,students,official_or_reference,7e35482e817d63b0cf638fb695f8a9fd2df9139ae830c0d13f2eba4706d50eca,86ba319f8eb70970,4.597361436810204,2.8761060803246496,1.7212553564855546,4.597361436810204,2026,0.7170295769860082,4.258414972214277,23.63910873911377,0.7170295769860082,23.63910873911377,0.7170295769860082,23.63910873911377,-2.1590765033386417,1.382308891889628,20.76300265878912,0.6616666666666666,600,coefficient_parameter_uncertainty_only_on_constrained_structural_allocation_not_full_predictive_interval,1.7212553564855546,1.5984672708216876,70.0,actual_2023_plus_structural_and_continuity_models,False,,ppml_russia_inbound_structural_allocation_v3,Structural under-representation gap relative to demographic continuity,data/model/gravity_model_report.json,actual=2023;capacity=2026,not_applicable_model_output,"{""actual_students_latest"": 3.0, ""demographic_continuity_baseline"": 2.8761060803246496, ""model_based_attraction_capacity"": 4.597361436810204, ""probability_positive_representation_gap"": 0.6616666666666666, ""representation_gap"": 1.7212553564855546, ""representation_gap_parameter_high"": 20.76300265878912, ""representation_gap_parameter_low"": -2.1590765033386417}",students_capacity_equivalent,calculated_structural_gap,9e22c41768ecc2a32ea8f418f12944d813c97ce0ee267aea4c0da147fd77d4c6,mgimo_platform2.models.educational_migration_v3::build_structural_forecast_v3,gap_abs is structural capacity minus demographic continuity baseline under the same aggregate total; positive and negative gaps are reallocative and do not sum to additional national enrolment,-2.1590765033386417,1.382308891889628,20.76300265878912,62.0,71.0,80.0,0.0,0.0,direction_uncertain,
ppml_russia_inbound_structural_allocation_v3,JAM,Jamaica,27.0,2023,unesco_uis_opri_202602,data/raw/uis_opri/OPRI_202602.zip::OPRI_DATA_NATIONAL.csv,2026-06-20T02:46:44+00:00,27,students,official_or_reference,7e35482e817d63b0cf638fb695f8a9fd2df9139ae830c0d13f2eba4706d50eca,79f502152fd0ffa2,22.15563556673486,20.940172008638786,1.2154635580960722,22.15563556673486,2026,4.590075119749978,20.25673822816916,85.21402962415323,4.590075119749978,85.21402962415323,4.590075119749978,85.21402962415323,-16.35009688888881,-0.6834337804696275,64.27385761551444,0.48,600,coefficient_parameter_uncertainty_only_on_constrained_structural_allocation_not_full_predictive_interval,1.2154635580960722,1.0580445832820589,71.0,actual_2023_plus_structural_and_continuity_models,False,,ppml_russia_inbound_structural_allocation_v3,Structural under-representation gap relative to demographic continuity,data/model/gravity_model_report.json,actual=2023;capacity=2026,not_applicable_model_output,"{""actual_students_latest"": 27.0, ""demographic_continuity_baseline"": 20.940172008638786, ""model_based_attraction_capacity"": 22.15563556673486, ""probability_positive_representation_gap"": 0.48, ""representation_gap"": 1.2154635580960722, ""representation_gap_parameter_high"": 64.27385761551444, ""representation_gap_parameter_low"": -16.35009688888881}",students_capacity_equivalent,calculated_structural_gap,9e22c41768ecc2a32ea8f418f12944d813c97ce0ee267aea4c0da147fd77d4c6,mgimo_platform2.models.educational_migration_v3::build_structural_forecast_v3,gap_abs is structural capacity minus demographic continuity baseline under the same aggregate total; positive and negative gaps are reallocative and do not sum to additional national enrolment,-16.35009688888881,-0.6834337804696275,64.27385761551444,53.0,64.0,75.0,0.0,0.0,direction_uncertain,
ppml_russia_inbound_structural_allocation_v3,TTO,Trinidad and Tobago,1.0,2023,unesco_uis_opri_202602,data/raw/uis_opri/OPRI_202602.zip::OPRI_DATA_NATIONAL.csv,2026-06-20T02:46:44+00:00,1,students,official_or_reference,7e35482e817d63b0cf638fb695f8a9fd2df9139ae830c0d13f2eba4706d50eca,42e2870e19a025e2,2.925716210117742,1.8930692431480718,1.03264696696967,2.925716210117742,2026,0.34903906329954487,2.705424419568588,20.41597597025061,0.34903906329954487,20.41597597025061,0.34903906329954487,20.41597597025061,-1.544030179848527,0.8123551764205164,18.522906727102537,0.6316666666666667,600,coefficient_parameter_uncertainty_only_on_constrained_structural_allocation_not_full_predictive_interval,1.03264696696967,1.545488217458139,72.0,actual_2023_plus_structural_and_continuity_models,False,,ppml_russia_inbound_structural_allocation_v3,Structural under-representation gap relative to demographic continuity,data/model/gravity_model_report.json,actual=2023;capacity=2026,not_applicable_model_output,"{""actual_students_latest"": 1.0, ""demographic_continuity_baseline"": 1.8930692431480718, ""model_based_attraction_capacity"": 2.925716210117742, ""probability_positive_representation_gap"": 0.6316666666666667, ""representation_gap"": 1.03264696696967, ""representation_gap_parameter_high"": 18.522906727102537, ""representation_gap_parameter_low"": -1.544030179848527}",students_capacity_equivalent,calculated_structural_gap,9e22c41768ecc2a32ea8f418f12944d813c97ce0ee267aea4c0da147fd77d4c6,mgimo_platform2.models.educational_migration_v3::build_structural_forecast_v3,gap_abs is structural capacity minus demographic continuity baseline under the same aggregate total; positive and negative gaps are reallocative and do not sum to additional national enrolment,-1.544030179848527,0.8123551764205164,18.522906727102537,57.0,71.0,83.0,0.0,0.0,direction_uncertain,
ppml_russia_inbound_structural_allocation_v3,KNA,Saint Kitts and Nevis,2.0,2023,unesco_uis_opri_202602,data/raw/uis_opri/OPRI_202602.zip::OPRI_DATA_NATIONAL.csv,2026-06-20T02:46:44+00:00,2,students,official_or_reference,7e35482e817d63b0cf638fb695f8a9fd2df9139ae830c0d13f2eba4706d50eca,4e24b51e2187001f,2.20935926260587,1.5024753934708808,0.7068838691349892,2.20935926260587,2026,0.3515601732548677,2.041290395931145,10.037016589356986,0.3515601732548677,10.037016589356986,0.3515601732548677,10.037016589356986,-1.1509152202160131,0.538815002460264,8.534541195886105,0.62,600,coefficient_parameter_uncertainty_only_on_constrained_structural_allocation_not_full_predictive_interval,0.7068838691349892,1.4704794981713551,73.0,actual_2023_plus_structural_and_continuity_models,False,,ppml_russia_inbound_structural_allocation_v3,Structural under-representation gap relative to demographic continuity,data/model/gravity_model_report.json,actual=2023;capacity=2026,not_applicable_model_output,"{""actual_students_latest"": 2.0, ""demographic_continuity_baseline"": 1.5024753934708808, ""model_based_attraction_capacity"": 2.20935926260587, ""probability_positive_representation_gap"": 0.62, ""representation_gap"": 0.7068838691349892, ""representation_gap_parameter_high"": 8.534541195886105, ""representation_gap_parameter_low"": -1.1509152202160131}",students_capacity_equivalent,calculated_structural_gap,9e22c41768ecc2a32ea8f418f12944d813c97ce0ee267aea4c0da147fd77d4c6,mgimo_platform2.models.educational_migration_v3::build_structural_forecast_v3,gap_abs is structural capacity minus demographic continuity baseline under the same aggregate total; positive and negative gaps are reallocative and do not sum to additional national enrolment,-1.1509152202160131,0.538815002460264,8.534541195886105,56.0,73.0,88.0,0.0,0.0,direction_uncertain,
ppml_russia_inbound_structural_allocation_v3,MHL,Marshall Islands,0.0,2023,unesco_uis_opri_202602,data/raw/uis_opri/OPRI_202602.zip::OPRI_DATA_NATIONAL.csv,2026-06-20T02:46:44+00:00,0,students,official_or_reference,7e35482e817d63b0cf638fb695f8a9fd2df9139ae830c0d13f2eba4706d50eca,829d9ff62870fc05,0.4132351490060816,0.0,0.4132351490060816,0.4132351490060816,2026,0.043873269191968704,0.3661537372438486,3.2627341336710165,0.043873269191968704,3.2627341336710165,0.043873269191968704,3.2627341336710165,0.043873269191968704,0.3661537372438486,3.2627341336710165,1.0,600,coefficient_parameter_uncertainty_only_on_constrained_structural_allocation_not_full_predictive_interval,0.4132351490060816,,74.0,actual_2023_plus_structural_and_continuity_models,False,,ppml_russia_inbound_structural_allocation_v3,Structural under-representation gap relative to demographic continuity,data/model/gravity_model_report.json,actual=2023;capacity=2026,not_applicable_model_output,"{""actual_students_latest"": 0.0, ""demographic_continuity_baseline"": 0.0, ""model_based_attraction_capacity"": 0.4132351490060816, ""probability_positive_representation_gap"": 1.0, ""representation_gap"": 0.4132351490060816, ""representation_gap_parameter_high"": 3.2627341336710165, ""representation_gap_parameter_low"": 0.043873269191968704}",students_capacity_equivalent,calculated_structural_gap,9e22c41768ecc2a32ea8f418f12944d813c97ce0ee267aea4c0da147fd77d4c6,mgimo_platform2.models.educational_migration_v3::build_structural_forecast_v3,gap_abs is structural capacity minus demographic continuity baseline under the same aggregate total; positive and negative gaps are reallocative and do not sum to additional national enrolment,0.043873269191968704,0.3661537372438486,3.2627341336710165,55.0,73.0,87.04999999999995,0.0,0.0,stable_positive,34.0
ppml_russia_inbound_structural_allocation_v3,KIR,Kiribati,0.0,2023,unesco_uis_opri_202602,data/raw/uis_opri/OPRI_202602.zip::OPRI_DATA_NATIONAL.csv,2026-06-20T02:46:44+00:00,0,students,official_or_reference,7e35482e817d63b0cf638fb695f8a9fd2df9139ae830c0d13f2eba4706d50eca,fcbd3699365664f4,0.17703879132342912,0.0,0.17703879132342912,0.17703879132342912,2026,0.009814603063954087,0.16351727380348863,2.2176849691443787,0.009814603063954087,2.2176849691443787,0.009814603063954087,2.2176849691443787,0.009814603063954087,0.16351727380348863,2.2176849691443787,1.0,600,coefficient_parameter_uncertainty_only_on_constrained_structural_allocation_not_full_predictive_interval,0.17703879132342912,,75.0,actual_2023_plus_structural_and_continuity_models,False,,ppml_russia_inbound_structural_allocation_v3,Structural under-representation gap relative to demographic continuity,data/model/gravity_model_report.json,actual=2023;capacity=2026,not_applicable_model_output,"{""actual_students_latest"": 0.0, ""demographic_continuity_baseline"": 0.0, ""model_based_attraction_capacity"": 0.17703879132342912, ""probability_positive_representation_gap"": 1.0, ""representation_gap"": 0.17703879132342912, ""representation_gap_parameter_high"": 2.2176849691443787, ""representation_gap_parameter_low"": 0.009814603063954087}",students_capacity_equivalent,calculated_structural_gap,9e22c41768ecc2a32ea8f418f12944d813c97ce0ee267aea4c0da147fd77d4c6,mgimo_platform2.models.educational_migration_v3::build_structural_forecast_v3,gap_abs is structural capacity minus demographic continuity baseline under the same aggregate total; positive and negative gaps are reallocative and do not sum to additional national enrolment,0.009814603063954087,0.16351727380348863,2.2176849691443787,56.0,74.0,89.0,0.0,0.0,stable_positive,35.0
ppml_russia_inbound_structural_allocation_v3,NRU,Nauru,0.0,2023,unesco_uis_opri_202602,data/raw/uis_opri/OPRI_202602.zip::OPRI_DATA_NATIONAL.csv,2026-06-20T02:46:44+00:00,0,students,official_or_reference,7e35482e817d63b0cf638fb695f8a9fd2df9139ae830c0d13f2eba4706d50eca,f50114426687f0c5,0.0665172321807313,0.0,0.0665172321807313,0.0665172321807313,2026,0.0031392734884692843,0.05875169479677651,0.9116288754668883,0.0031392734884692843,0.9116288754668883,0.0031392734884692843,0.9116288754668883,0.0031392734884692843,0.05875169479677651,0.9116288754668883,1.0,600,coefficient_parameter_uncertainty_only_on_constrained_structural_allocation_not_full_predictive_interval,0.0665172321807313,,76.0,actual_2023_plus_structural_and_continuity_models,False,,ppml_russia_inbound_structural_allocation_v3,Structural under-representation gap relative to demographic continuity,data/model/gravity_model_report.json,actual=2023;capacity=2026,not_applicable_model_output,"{""actual_students_latest"": 0.0, ""demographic_continuity_baseline"": 0.0, ""model_based_attraction_capacity"": 0.0665172321807313, ""probability_positive_representation_gap"": 1.0, ""representation_gap"": 0.0665172321807313, ""representation_gap_parameter_high"": 0.9116288754668883, ""representation_gap_parameter_low"": 0.0031392734884692843}",students_capacity_equivalent,calculated_structural_gap,9e22c41768ecc2a32ea8f418f12944d813c97ce0ee267aea4c0da147fd77d4c6,mgimo_platform2.models.educational_migration_v3::build_structural_forecast_v3,gap_abs is structural capacity minus demographic continuity baseline under the same aggregate total; positive and negative gaps are reallocative and do not sum to additional national enrolment,0.0031392734884692843,0.05875169479677651,0.9116288754668883,57.0,76.0,90.04999999999995,0.0,0.0,stable_positive,36.0
ppml_russia_inbound_structural_allocation_v3,PLW,Palau,0.0,2023,unesco_uis_opri_202602,data/raw/uis_opri/OPRI_202602.zip::OPRI_DATA_NATIONAL.csv,2026-06-20T02:46:44+00:00,0,students,official_or_reference,7e35482e817d63b0cf638fb695f8a9fd2df9139ae830c0d13f2eba4706d50eca,f8d6353683697855,0.042128349360135986,0.0,0.042128349360135986,0.042128349360135986,2026,0.0031319821555435817,0.037070891372215885,0.37542068097508485,0.0031319821555435817,0.37542068097508485,0.0031319821555435817,0.37542068097508485,0.0031319821555435817,0.037070891372215885,0.37542068097508485,1.0,600,coefficient_parameter_uncertainty_only_on_constrained_structural_allocation_not_full_predictive_interval,0.042128349360135986,,77.0,actual_2023_plus_structural_and_continuity_models,False,,ppml_russia_inbound_structural_allocation_v3,Structural under-representation gap relative to demographic continuity,data/model/gravity_model_report.json,actual=2023;capacity=2026,not_applicable_model_output,"{""actual_students_latest"": 0.0, ""demographic_continuity_baseline"": 0.0, ""model_based_attraction_capacity"": 0.042128349360135986, ""probability_positive_representation_gap"": 1.0, ""representation_gap"": 0.042128349360135986, ""representation_gap_parameter_high"": 0.37542068097508485, ""representation_gap_parameter_low"": 0.0031319821555435817}",students_capacity_equivalent,calculated_structural_gap,9e22c41768ecc2a32ea8f418f12944d813c97ce0ee267aea4c0da147fd77d4c6,mgimo_platform2.models.educational_migration_v3::build_structural_forecast_v3,gap_abs is structural capacity minus demographic continuity baseline under the same aggregate total; positive and negative gaps are reallocative and do not sum to additional national enrolment,0.0031319821555435817,0.037070891372215885,0.37542068097508485,58.0,77.0,92.04999999999995,0.0,0.0,stable_positive,37.0
ppml_russia_inbound_structural_allocation_v3,TUV,Tuvalu,0.0,2023,unesco_uis_opri_202602,data/raw/uis_opri/OPRI_202602.zip::OPRI_DATA_NATIONAL.csv,2026-06-20T02:46:44+00:00,0,students,official_or_reference,7e35482e817d63b0cf638fb695f8a9fd2df9139ae830c0d13f2eba4706d50eca,ed71d8421dd1f480,0.02807124959771257,0.0,0.02807124959771257,0.02807124959771257,2026,0.0010532593455510244,0.02497836494778305,0.48832285594355807,0.0010532593455510244,0.48832285594355807,0.0010532593455510244,0.48832285594355807,0.0010532593455510244,0.02497836494778305,0.48832285594355807,1.0,600,coefficient_parameter_uncertainty_only_on_constrained_structural_allocation_not_full_predictive_interval,0.02807124959771257,,78.0,actual_2023_plus_structural_and_continuity_models,False,,ppml_russia_inbound_structural_allocation_v3,Structural under-representation gap relative to demographic continuity,data/model/gravity_model_report.json,actual=2023;capacity=2026,not_applicable_model_output,"{""actual_students_latest"": 0.0, ""demographic_continuity_baseline"": 0.0, ""model_based_attraction_capacity"": 0.02807124959771257, ""probability_positive_representation_gap"": 1.0, ""representation_gap"": 0.02807124959771257, ""representation_gap_parameter_high"": 0.48832285594355807, ""representation_gap_parameter_low"": 0.0010532593455510244}",students_capacity_equivalent,calculated_structural_gap,9e22c41768ecc2a32ea8f418f12944d813c97ce0ee267aea4c0da147fd77d4c6,mgimo_platform2.models.educational_migration_v3::build_structural_forecast_v3,gap_abs is structural capacity minus demographic continuity baseline under the same aggregate total; positive and negative gaps are reallocative and do not sum to additional national enrolment,0.0010532593455510244,0.02497836494778305,0.48832285594355807,59.95,78.0,92.04999999999995,0.0,0.0,stable_positive,38.0
ppml_russia_inbound_structural_allocation_v3,TKL,Tokelau,0.0,2023,unesco_uis_opri_202602,data/raw/uis_opri/OPRI_202602.zip::OPRI_DATA_NATIONAL.csv,2026-06-20T02:46:44+00:00,0,students,official_or_reference,7e35482e817d63b0cf638fb695f8a9fd2df9139ae830c0d13f2eba4706d50eca,34508002b91a2c66,0.012559508722920353,0.0,0.012559508722920353,0.012559508722920353,2026,0.000651371672803186,0.011467172978930983,0.20877955720572836,0.000651371672803186,0.20877955720572836,0.000651371672803186,0.20877955720572836,0.000651371672803186,0.011467172978930983,0.20877955720572836,1.0,600,coefficient_parameter_uncertainty_only_on_constrained_structural_allocation_not_full_predictive_interval,0.012559508722920353,,79.0,actual_2023_plus_structural_and_continuity_models,False,,ppml_russia_inbound_structural_allocation_v3,Structural under-representation gap relative to demographic continuity,data/model/gravity_model_report.json,actual=2023;capacity=2026,not_applicable_model_output,"{""actual_students_latest"": 0.0, ""demographic_continuity_baseline"": 0.0, ""model_based_attraction_capacity"": 0.012559508722920353, ""probability_positive_representation_gap"": 1.0, ""representation_gap"": 0.012559508722920353, ""representation_gap_parameter_high"": 0.20877955720572836, ""representation_gap_parameter_low"": 0.000651371672803186}",students_capacity_equivalent,calculated_structural_gap,9e22c41768ecc2a32ea8f418f12944d813c97ce0ee267aea4c0da147fd77d4c6,mgimo_platform2.models.educational_migration_v3::build_structural_forecast_v3,gap_abs is structural capacity minus demographic continuity baseline under the same aggregate total; positive and negative gaps are reallocative and do not sum to additional national enrolment,0.000651371672803186,0.011467172978930983,0.20877955720572836,59.0,77.0,93.04999999999995,0.0,0.0,stable_positive,39.0
ppml_russia_inbound_structural_allocation_v3,NIU,Niue,0.0,2023,unesco_uis_opri_202602,data/raw/uis_opri/OPRI_202602.zip::OPRI_DATA_NATIONAL.csv,2026-06-20T02:46:44+00:00,0,students,official_or_reference,7e35482e817d63b0cf638fb695f8a9fd2df9139ae830c0d13f2eba4706d50eca,e6bc935193a24ee4,0.006402543621588826,0.0,0.006402543621588826,0.006402543621588826,2026,0.0003823273543196188,0.006141991099296869,0.07154550039625096,0.0003823273543196188,0.07154550039625096,0.0003823273543196188,0.07154550039625096,0.0003823273543196188,0.006141991099296869,0.07154550039625096,1.0,600,coefficient_parameter_uncertainty_only_on_constrained_structural_allocation_not_full_predictive_interval,0.006402543621588826,,80.0,actual_2023_plus_structural_and_continuity_models,False,,ppml_russia_inbound_structural_allocation_v3,Structural under-representation gap relative to demographic continuity,data/model/gravity_model_report.json,actual=2023;capacity=2026,not_applicable_model_output,"{""actual_students_latest"": 0.0, ""demographic_continuity_baseline"": 0.0, ""model_based_attraction_capacity"": 0.006402543621588826, ""probability_positive_representation_gap"": 1.0, ""representation_gap"": 0.006402543621588826, ""representation_gap_parameter_high"": 0.07154550039625096, ""representation_gap_parameter_low"": 0.0003823273543196188}",students_capacity_equivalent,calculated_structural_gap,9e22c41768ecc2a32ea8f418f12944d813c97ce0ee267aea4c0da147fd77d4c6,mgimo_platform2.models.educational_migration_v3::build_structural_forecast_v3,gap_abs is structural capacity minus demographic continuity baseline under the same aggregate total; positive and negative gaps are reallocative and do not sum to additional national enrolment,0.0003823273543196188,0.006141991099296869,0.07154550039625096,60.0,79.0,96.0,0.0,0.0,stable_positive,40.0
ppml_russia_inbound_structural_allocation_v3,VAT,Holy See (Vatican City State),0.0,2023,unesco_uis_opri_202602,data/raw/uis_opri/OPRI_202602.zip::OPRI_DATA_NATIONAL.csv,2026-06-20T02:46:44+00:00,0,students,official_or_reference,7e35482e817d63b0cf638fb695f8a9fd2df9139ae830c0d13f2eba4706d50eca,14cb7ec02a39d772,0.0020981992392564825,0.0,0.0020981992392564825,0.0020981992392564825,2026,4.558176852338965e-05,0.0018278819497231508,0.09963790310874729,4.558176852338965e-05,0.09963790310874729,4.558176852338965e-05,0.09963790310874729,4.558176852338965e-05,0.0018278819497231508,0.09963790310874729,1.0,600,coefficient_parameter_uncertainty_only_on_constrained_structural_allocation_not_full_predictive_interval,0.0020981992392564825,,81.0,actual_2023_plus_structural_and_continuity_models,False,,ppml_russia_inbound_structural_allocation_v3,Structural under-representation gap relative to demographic continuity,data/model/gravity_model_report.json,actual=2023;capacity=2026,not_applicable_model_output,"{""actual_students_latest"": 0.0, ""demographic_continuity_baseline"": 0.0, ""model_based_attraction_capacity"": 0.0020981992392564825, ""probability_positive_representation_gap"": 1.0, ""representation_gap"": 0.0020981992392564825, ""representation_gap_parameter_high"": 0.09963790310874729, ""representation_gap_parameter_low"": 4.558176852338965e-05}",students_capacity_equivalent,calculated_structural_gap,9e22c41768ecc2a32ea8f418f12944d813c97ce0ee267aea4c0da147fd77d4c6,mgimo_platform2.models.educational_migration_v3::build_structural_forecast_v3,gap_abs is structural capacity minus demographic continuity baseline under the same aggregate total; positive and negative gaps are reallocative and do not sum to additional national enrolment,4.558176852338965e-05,0.0018278819497231508,0.09963790310874729,61.95,80.0,95.0,0.0,0.0,stable_positive,41.0
ppml_russia_inbound_structural_allocation_v3,GRD,Grenada,4.0,2023,unesco_uis_opri_202602,data/raw/uis_opri/OPRI_202602.zip::OPRI_DATA_NATIONAL.csv,2026-06-20T02:46:44+00:00,4,students,official_or_reference,7e35482e817d63b0cf638fb695f8a9fd2df9139ae830c0d13f2eba4706d50eca,8ec63e1f9cf01de1,3.8640190819176627,3.9517252664777343,-0.08770618456007151,3.8640190819176627,2026,0.6498659865561219,3.4757732186678423,15.89661036320187,0.6498659865561219,15.89661036320187,0.6498659865561219,15.89661036320187,-3.301859279921612,-0.475952047809892,11.944885096724136,0.43666666666666665,600,coefficient_parameter_uncertainty_only_on_constrained_structural_allocation_not_full_predictive_interval,-0.08770618456007151,0.9778055966329243,,actual_2023_plus_structural_and_continuity_models,False,,ppml_russia_inbound_structural_allocation_v3,Structural under-representation gap relative to demographic continuity,data/model/gravity_model_report.json,actual=2023;capacity=2026,not_applicable_model_output,"{""actual_students_latest"": 4.0, ""demographic_continuity_baseline"": 3.9517252664777343, ""model_based_attraction_capacity"": 3.8640190819176627, ""probability_positive_representation_gap"": 0.43666666666666665, ""representation_gap"": -0.08770618456007151, ""representation_gap_parameter_high"": 11.944885096724136, ""representation_gap_parameter_low"": -3.301859279921612}",students_capacity_equivalent,calculated_structural_gap,9e22c41768ecc2a32ea8f418f12944d813c97ce0ee267aea4c0da147fd77d4c6,mgimo_platform2.models.educational_migration_v3::build_structural_forecast_v3,gap_abs is structural capacity minus demographic continuity baseline under the same aggregate total; positive and negative gaps are reallocative and do not sum to additional national enrolment,-3.301859279921612,-0.475952047809892,11.944885096724136,55.0,71.0,88.0,0.0,0.0,direction_uncertain,
ppml_russia_inbound_structural_allocation_v3,SLE,Sierra Leone,112.0,2023,unesco_uis_opri_202602,data/raw/uis_opri/OPRI_202602.zip::OPRI_DATA_NATIONAL.csv,2026-06-20T02:46:44+00:00,112,students,official_or_reference,7e35482e817d63b0cf638fb695f8a9fd2df9139ae830c0d13f2eba4706d50eca,b602a49fe1bdf4c5,100.251871456889,100.4136035529368,-0.1617320960477997,100.251871456889,2026,35.109177910342645,92.43030514395352,211.09763324320778,35.109177910342645,211.09763324320778,35.109177910342645,211.09763324320778,-65.30442564259417,-7.983298408983288,110.68402969027098,0.43666666666666665,600,coefficient_parameter_uncertainty_only_on_constrained_structural_allocation_not_full_predictive_interval,-0.1617320960477997,0.9983893407832681,,actual_2023_plus_structural_and_continuity_models,False,,ppml_russia_inbound_structural_allocation_v3,Structural under-representation gap relative to demographic continuity,data/model/gravity_model_report.json,actual=2023;capacity=2026,not_applicable_model_output,"{""actual_students_latest"": 112.0, ""demographic_continuity_baseline"": 100.4136035529368, ""model_based_attraction_capacity"": 100.251871456889, ""probability_positive_representation_gap"": 0.43666666666666665, ""representation_gap"": -0.1617320960477997, ""representation_gap_parameter_high"": 110.68402969027098, ""representation_gap_parameter_low"": -65.30442564259417}",students_capacity_equivalent,calculated_structural_gap,9e22c41768ecc2a32ea8f418f12944d813c97ce0ee267aea4c0da147fd77d4c6,mgimo_platform2.models.educational_migration_v3::build_structural_forecast_v3,gap_abs is structural capacity minus demographic continuity baseline under the same aggregate total; positive and negative gaps are reallocative and do not sum to additional national enrolment,-65.30442564259417,-7.983298408983288,110.68402969027098,36.0,53.0,74.0,0.0,0.0,direction_uncertain,
ppml_russia_inbound_structural_allocation_v3,VCT,Saint Vincent and the Grenadines,5.0,2023,unesco_uis_opri_202602,data/raw/uis_opri/OPRI_202602.zip::OPRI_DATA_NATIONAL.csv,2026-06-20T02:46:44+00:00,5,students,official_or_reference,7e35482e817d63b0cf638fb695f8a9fd2df9139ae830c0d13f2eba4706d50eca,e98f3ea758d5735d,4.576051056461254,4.916985496723202,-0.34093444026194764,4.576051056461254,2026,0.8819337955133636,4.329966359562027,20.38970012486349,0.8819337955133636,20.38970012486349,0.8819337955133636,20.38970012486349,-4.035051701209838,-0.5870191371611746,15.47271462814029,0.42833333333333334,600,coefficient_parameter_uncertainty_only_on_constrained_structural_allocation_not_full_predictive_interval,-0.34093444026194764,0.9306618983340189,,actual_2023_plus_structural_and_continuity_models,False,,ppml_russia_inbound_structural_allocation_v3,Structural under-representation gap relative to demographic continuity,data/model/gravity_model_report.json,actual=2023;capacity=2026,not_applicable_model_output,"{""actual_students_latest"": 5.0, ""demographic_continuity_baseline"": 4.916985496723202, ""model_based_attraction_capacity"": 4.576051056461254, ""probability_positive_representation_gap"": 0.42833333333333334, ""representation_gap"": -0.34093444026194764, ""representation_gap_parameter_high"": 15.47271462814029, ""representation_gap_parameter_low"": -4.035051701209838}",students_capacity_equivalent,calculated_structural_gap,9e22c41768ecc2a32ea8f418f12944d813c97ce0ee267aea4c0da147fd77d4c6,mgimo_platform2.models.educational_migration_v3::build_structural_forecast_v3,gap_abs is structural capacity minus demographic continuity baseline under the same aggregate total; positive and negative gaps are reallocative and do not sum to additional national enrolment,-4.035051701209838,-0.5870191371611746,15.47271462814029,66.0,75.0,85.0,0.0,0.0,direction_uncertain,
ppml_russia_inbound_structural_allocation_v3,DMA,Dominica,2.0,2023,unesco_uis_opri_202602,data/raw/uis_opri/OPRI_202602.zip::OPRI_DATA_NATIONAL.csv,2026-06-20T02:46:44+00:00,2,students,official_or_reference,7e35482e817d63b0cf638fb695f8a9fd2df9139ae830c0d13f2eba4706d50eca,3b321b9cb8e6b6d7,1.2554066369191035,2.105844133758946,-0.8504374968398425,1.2554066369191035,2026,0.13615429877158586,1.1658786711167726,7.4773335920481925,0.13615429877158586,7.4773335920481925,0.13615429877158586,7.4773335920481925,-1.9696898349873602,-0.9399654626421734,5.371489458289246,0.2683333333333333,600,coefficient_parameter_uncertainty_only_on_constrained_structural_allocation_not_full_predictive_interval,-0.8504374968398425,0.5961536358715183,,actual_2023_plus_structural_and_continuity_models,False,,ppml_russia_inbound_structural_allocation_v3,Structural under-representation gap relative to demographic continuity,data/model/gravity_model_report.json,actual=2023;capacity=2026,not_applicable_model_output,"{""actual_students_latest"": 2.0, ""demographic_continuity_baseline"": 2.105844133758946, ""model_based_attraction_capacity"": 1.2554066369191035, ""probability_positive_representation_gap"": 0.2683333333333333, ""representation_gap"": -0.8504374968398425, ""representation_gap_parameter_high"": 5.371489458289246, ""representation_gap_parameter_low"": -1.9696898349873602}",students_capacity_equivalent,calculated_structural_gap,9e22c41768ecc2a32ea8f418f12944d813c97ce0ee267aea4c0da147fd77d4c6,mgimo_platform2.models.educational_migration_v3::build_structural_forecast_v3,gap_abs is structural capacity minus demographic continuity baseline under the same aggregate total; positive and negative gaps are reallocative and do not sum to additional national enrolment,-1.9696898349873602,-0.9399654626421734,5.371489458289246,72.0,82.0,90.0,0.0,0.0,direction_uncertain,
ppml_russia_inbound_structural_allocation_v3,CPV,Cabo Verde,28.0,2023,unesco_uis_opri_202602,data/raw/uis_opri/OPRI_202602.zip::OPRI_DATA_NATIONAL.csv,2026-06-20T02:46:44+00:00,28,students,official_or_reference,7e35482e817d63b0cf638fb695f8a9fd2df9139ae830c0d13f2eba4706d50eca,f2dad616fe2d637d,13.756768531292943,26.905394430029606,-13.148625898736663,13.756768531292943,2026,4.867093516048092,12.731637989294818,32.42990989151863,4.867093516048092,32.42990989151863,4.867093516048092,32.42990989151863,-22.038300913981516,-14.173756440734788,5.524515461489028,0.06,600,coefficient_parameter_uncertainty_only_on_constrained_structural_allocation_not_full_predictive_interval,-13.148625898736663,0.5113015000418935,,actual_2023_plus_structural_and_continuity_models,False,,ppml_russia_inbound_structural_allocation_v3,Structural under-representation gap relative to demographic continuity,data/model/gravity_model_report.json,actual=2023;capacity=2026,not_applicable_model_output,"{""actual_students_latest"": 28.0, ""demographic_continuity_baseline"": 26.905394430029606, ""model_based_attraction_capacity"": 13.756768531292943, ""probability_positive_representation_gap"": 0.06, ""representation_gap"": -13.148625898736663, ""representation_gap_parameter_high"": 5.524515461489028, ""representation_gap_parameter_low"": -22.038300913981516}",students_capacity_equivalent,calculated_structural_gap,9e22c41768ecc2a32ea8f418f12944d813c97ce0ee267aea4c0da147fd77d4c6,mgimo_platform2.models.educational_migration_v3::build_structural_forecast_v3,gap_abs is structural capacity minus demographic continuity baseline under the same aggregate total; positive and negative gaps are reallocative and do not sum to additional national enrolment,-22.038300913981516,-14.173756440734788,5.524515461489028,68.25,80.0,92.25,0.0,0.0,likely_nonpositive,
ppml_russia_inbound_structural_allocation_v3,MDG,Madagascar,118.0,2023,unesco_uis_opri_202602,data/raw/uis_opri/OPRI_202602.zip::OPRI_DATA_NATIONAL.csv,2026-06-20T02:46:44+00:00,118,students,official_or_reference,7e35482e817d63b0cf638fb695f8a9fd2df9139ae830c0d13f2eba4706d50eca,341c792ed8cc2d96,95.34826083912665,109.8770513554075,-14.52879051628085,95.34826083912665,2026,36.374036441552214,90.23721538248513,194.24995310622873,36.374036441552214,194.24995310622873,36.374036441552214,194.24995310622873,-73.5030149138553,-19.63983597292237,84.37290175082121,0.31833333333333336,600,coefficient_parameter_uncertainty_only_on_constrained_structural_allocation_not_full_predictive_interval,-14.52879051628085,0.8677722933309693,,actual_2023_plus_structural_and_continuity_models,False,,ppml_russia_inbound_structural_allocation_v3,Structural under-representation gap relative to demographic continuity,data/model/gravity_model_report.json,actual=2023;capacity=2026,not_applicable_model_output,"{""actual_students_latest"": 118.0, ""demographic_continuity_baseline"": 109.8770513554075, ""model_based_attraction_capacity"": 95.34826083912665, ""probability_positive_representation_gap"": 0.31833333333333336, ""representation_gap"": -14.52879051628085, ""representation_gap_parameter_high"": 84.37290175082121, ""representation_gap_parameter_low"": -73.5030149138553}",students_capacity_equivalent,calculated_structural_gap,9e22c41768ecc2a32ea8f418f12944d813c97ce0ee267aea4c0da147fd77d4c6,mgimo_platform2.models.educational_migration_v3::build_structural_forecast_v3,gap_abs is structural capacity minus demographic continuity baseline under the same aggregate total; positive and negative gaps are reallocative and do not sum to additional national enrolment,-73.5030149138553,-19.63983597292237,84.37290175082121,50.0,60.0,79.0,0.0,0.0,direction_uncertain,
ppml_russia_inbound_structural_allocation_v3,LBR,Liberia,17.0,2023,unesco_uis_opri_202602,data/raw/uis_opri/OPRI_202602.zip::OPRI_DATA_NATIONAL.csv,2026-06-20T02:46:44+00:00,17,students,official_or_reference,7e35482e817d63b0cf638fb695f8a9fd2df9139ae830c0d13f2eba4706d50eca,d74de4e956a3a655,7.021240281243231,22.53302724778584,-15.511786966542608,7.021240281243231,2026,1.4396891764363147,6.345441388369464,26.93704318714335,1.4396891764363147,26.93704318714335,1.4396891764363147,26.93704318714335,-21.09333807134952,-16.187585859416373,4.404015939357509,0.04,600,coefficient_parameter_uncertainty_only_on_constrained_structural_allocation_not_full_predictive_interval,-15.511786966542608,0.3115977362488282,,actual_2023_plus_structural_and_continuity_models,False,,ppml_russia_inbound_structural_allocation_v3,Structural under-representation gap relative to demographic continuity,data/model/gravity_model_report.json,actual=2023;capacity=2026,not_applicable_model_output,"{""actual_students_latest"": 17.0, ""demographic_continuity_baseline"": 22.53302724778584, ""model_based_attraction_capacity"": 7.021240281243231, ""probability_positive_representation_gap"": 0.04, ""representation_gap"": -15.511786966542608, ""representation_gap_parameter_high"": 4.404015939357509, ""representation_gap_parameter_low"": -21.09333807134952}",students_capacity_equivalent,calculated_structural_gap,9e22c41768ecc2a32ea8f418f12944d813c97ce0ee267aea4c0da147fd77d4c6,mgimo_platform2.models.educational_migration_v3::build_structural_forecast_v3,gap_abs is structural capacity minus demographic continuity baseline under the same aggregate total; positive and negative gaps are reallocative and do not sum to additional national enrolment,-21.09333807134952,-16.187585859416373,4.404015939357509,70.45,81.0,91.55,0.0,0.0,likely_nonpositive,
ppml_russia_inbound_structural_allocation_v3,ARG,Argentina,48.0,2023,unesco_uis_opri_202602,data/raw/uis_opri/OPRI_202602.zip::OPRI_DATA_NATIONAL.csv,2026-06-20T02:46:44+00:00,48,students,official_or_reference,7e35482e817d63b0cf638fb695f8a9fd2df9139ae830c0d13f2eba4706d50eca,400d06519f9c7461,20.96152481457435,41.08473871836277,-20.12321390378842,20.96152481457435,2026,6.2844457091510435,20.344025075160232,59.88065064231581,6.2844457091510435,59.88065064231581,6.2844457091510435,59.88065064231581,-34.80029300921173,-20.74071364320254,18.79591192395304,0.095,600,coefficient_parameter_uncertainty_only_on_constrained_structural_allocation_not_full_predictive_interval,-20.12321390378842,0.5102022178665,,actual_2023_plus_structural_and_continuity_models,False,,ppml_russia_inbound_structural_allocation_v3,Structural under-representation gap relative to demographic continuity,data/model/gravity_model_report.json,actual=2023;capacity=2026,not_applicable_model_output,"{""actual_students_latest"": 48.0, ""demographic_continuity_baseline"": 41.08473871836277, ""model_based_attraction_capacity"": 20.96152481457435, ""probability_positive_representation_gap"": 0.095, ""representation_gap"": -20.12321390378842, ""representation_gap_parameter_high"": 18.79591192395304, ""representation_gap_parameter_low"": -34.80029300921173}",students_capacity_equivalent,calculated_structural_gap,9e22c41768ecc2a32ea8f418f12944d813c97ce0ee267aea4c0da147fd77d4c6,mgimo_platform2.models.educational_migration_v3::build_structural_forecast_v3,gap_abs is structural capacity minus demographic continuity baseline under the same aggregate total; positive and negative gaps are reallocative and do not sum to additional national enrolment,-34.80029300921173,-20.74071364320254,18.79591192395304,43.2,60.0,85.19999999999999,0.0,0.0,likely_nonpositive,
ppml_russia_inbound_structural_allocation_v3,PAN,Panama,41.0,2023,unesco_uis_opri_202602,data/raw/uis_opri/OPRI_202602.zip::OPRI_DATA_NATIONAL.csv,2026-06-20T02:46:44+00:00,41,students,official_or_reference,7e35482e817d63b0cf638fb695f8a9fd2df9139ae830c0d13f2eba4706d50eca,1d84e4b1ab22ccdc,11.268746586119763,32.1400070579427,-20.871260471822936,11.268746586119763,2026,2.88471702755012,10.255707756366483,36.31099705921116,2.88471702755012,36.31099705921116,2.88471702755012,36.31099705921116,-29.255290030392576,-21.884299301576213,4.170990001268462,0.03666666666666667,600,coefficient_parameter_uncertainty_only_on_constrained_structural_allocation_not_full_predictive_interval,-20.871260471822936,0.3506143158526451,,actual_2023_plus_structural_and_continuity_models,False,,ppml_russia_inbound_structural_allocation_v3,Structural under-representation gap relative to demographic continuity,data/model/gravity_model_report.json,actual=2023;capacity=2026,not_applicable_model_output,"{""actual_students_latest"": 41.0, ""demographic_continuity_baseline"": 32.1400070579427, ""model_based_attraction_capacity"": 11.268746586119763, ""probability_positive_representation_gap"": 0.03666666666666667, ""representation_gap"": -20.871260471822936, ""representation_gap_parameter_high"": 4.170990001268462, ""representation_gap_parameter_low"": -29.255290030392576}",students_capacity_equivalent,calculated_structural_gap,9e22c41768ecc2a32ea8f418f12944d813c97ce0ee267aea4c0da147fd77d4c6,mgimo_platform2.models.educational_migration_v3::build_structural_forecast_v3,gap_abs is structural capacity minus demographic continuity baseline under the same aggregate total; positive and negative gaps are reallocative and do not sum to additional national enrolment,-29.255290030392576,-21.884299301576213,4.170990001268462,72.1,81.5,90.0,0.0,0.0,likely_nonpositive,
ppml_russia_inbound_structural_allocation_v3,BOL,"Bolivia, Plurinational State of",278.0,2023,unesco_uis_opri_202602,data/raw/uis_opri/OPRI_202602.zip::OPRI_DATA_NATIONAL.csv,2026-06-20T02:46:44+00:00,278,students,official_or_reference,7e35482e817d63b0cf638fb695f8a9fd2df9139ae830c0d13f2eba4706d50eca,cf60f4e6478c243a,206.52074282343577,227.56619486722468,-21.045452043788913,206.52074282343577,2026,68.02280759366077,192.23092207109391,507.3188892487015,68.02280759366077,507.3188892487015,68.02280759366077,507.3188892487015,-159.5433872735639,-35.335272796130766,279.75269438147683,0.37166666666666665,600,coefficient_parameter_uncertainty_only_on_constrained_structural_allocation_not_full_predictive_interval,-21.045452043788913,0.9075194272327309,,actual_2023_plus_structural_and_continuity_models,False,,ppml_russia_inbound_structural_allocation_v3,Structural under-representation gap relative to demographic continuity,data/model/gravity_model_report.json,actual=2023;capacity=2026,not_applicable_model_output,"{""actual_students_latest"": 278.0, ""demographic_continuity_baseline"": 227.56619486722468, ""model_based_attraction_capacity"": 206.52074282343577, ""probability_positive_representation_gap"": 0.37166666666666665, ""representation_gap"": -21.045452043788913, ""representation_gap_parameter_high"": 279.75269438147683, ""representation_gap_parameter_low"": -159.5433872735639}",students_capacity_equivalent,calculated_structural_gap,9e22c41768ecc2a32ea8f418f12944d813c97ce0ee267aea4c0da147fd77d4c6,mgimo_platform2.models.educational_migration_v3::build_structural_forecast_v3,gap_abs is structural capacity minus demographic continuity baseline under the same aggregate total; positive and negative gaps are reallocative and do not sum to additional national enrolment,-159.5433872735639,-35.335272796130766,279.75269438147683,28.0,47.0,65.89999999999998,0.0,0.0,direction_uncertain,
ppml_russia_inbound_structural_allocation_v3,CRI,Costa Rica,37.0,2023,unesco_uis_opri_202602,data/raw/uis_opri/OPRI_202602.zip::OPRI_DATA_NATIONAL.csv,2026-06-20T02:46:44+00:00,37,students,official_or_reference,7e35482e817d63b0cf638fb695f8a9fd2df9139ae830c0d13f2eba4706d50eca,7ff6141b73b252d8,13.12443824666336,37.75282889221649,-24.628390645553132,13.12443824666336,2026,3.6219802683773596,11.994910970906545,39.57462002482068,3.6219802683773596,39.57462002482068,3.6219802683773596,39.57462002482068,-34.130848623839135,-25.757917921309947,1.8217911326041885,0.02666666666666667,600,coefficient_parameter_uncertainty_only_on_constrained_structural_allocation_not_full_predictive_interval,-24.628390645553132,0.3476411869461053,,actual_2023_plus_structural_and_continuity_models,False,,ppml_russia_inbound_structural_allocation_v3,Structural under-representation gap relative to demographic continuity,data/model/gravity_model_report.json,actual=2023;capacity=2026,not_applicable_model_output,"{""actual_students_latest"": 37.0, ""demographic_continuity_baseline"": 37.75282889221649, ""model_based_attraction_capacity"": 13.12443824666336, ""probability_positive_representation_gap"": 0.02666666666666667, ""representation_gap"": -24.628390645553132, ""representation_gap_parameter_high"": 1.8217911326041885, ""representation_gap_parameter_low"": -34.130848623839135}",students_capacity_equivalent,calculated_structural_gap,9e22c41768ecc2a32ea8f418f12944d813c97ce0ee267aea4c0da147fd77d4c6,mgimo_platform2.models.educational_migration_v3::build_structural_forecast_v3,gap_abs is structural capacity minus demographic continuity baseline under the same aggregate total; positive and negative gaps are reallocative and do not sum to additional national enrolment,-34.130848623839135,-25.757917921309947,1.8217911326041885,73.5,85.0,94.5,0.0,0.0,likely_nonpositive,
ppml_russia_inbound_structural_allocation_v3,GTM,Guatemala,43.0,2023,unesco_uis_opri_202602,data/raw/uis_opri/OPRI_202602.zip::OPRI_DATA_NATIONAL.csv,2026-06-20T02:46:44+00:00,43,students,official_or_reference,7e35482e817d63b0cf638fb695f8a9fd2df9139ae830c0d13f2eba4706d50eca,1b7bb98efd001a2b,23.611528920126727,48.55945585676771,-24.947926936640986,23.611528920126727,2026,3.8818626300913,21.76495653591102,115.33702842930984,3.8818626300913,115.33702842930984,3.8818626300913,115.33702842930984,-44.67759322667641,-26.794499320856694,66.77757257254213,0.18666666666666668,600,coefficient_parameter_uncertainty_only_on_constrained_structural_allocation_not_full_predictive_interval,-24.947926936640986,0.48623956968900006,,actual_2023_plus_structural_and_continuity_models,False,,ppml_russia_inbound_structural_allocation_v3,Structural under-representation gap relative to demographic continuity,data/model/gravity_model_report.json,actual=2023;capacity=2026,not_applicable_model_output,"{""actual_students_latest"": 43.0, ""demographic_continuity_baseline"": 48.55945585676771, ""model_based_attraction_capacity"": 23.611528920126727, ""probability_positive_representation_gap"": 0.18666666666666668, ""representation_gap"": -24.947926936640986, ""representation_gap_parameter_high"": 66.77757257254213, ""representation_gap_parameter_low"": -44.67759322667641}",students_capacity_equivalent,calculated_structural_gap,9e22c41768ecc2a32ea8f418f12944d813c97ce0ee267aea4c0da147fd77d4c6,mgimo_platform2.models.educational_migration_v3::build_structural_forecast_v3,gap_abs is structural capacity minus demographic continuity baseline under the same aggregate total; positive and negative gaps are reallocative and do not sum to additional national enrolment,-44.67759322667641,-26.794499320856694,66.77757257254213,50.0,64.5,82.89999999999998,0.0,0.0,likely_nonpositive,
ppml_russia_inbound_structural_allocation_v3,MOZ,Mozambique,152.0,2023,unesco_uis_opri_202602,data/raw/uis_opri/OPRI_202602.zip::OPRI_DATA_NATIONAL.csv,2026-06-20T02:46:44+00:00,152,students,official_or_reference,7e35482e817d63b0cf638fb695f8a9fd2df9139ae830c0d13f2eba4706d50eca,a4eeac98f87a3cf7,128.1166010516691,156.29111746850432,-28.174516416835218,128.1166010516691,2026,45.87940646268946,118.65407676640159,272.51501808683633,45.87940646268946,272.51501808683633,45.87940646268946,272.51501808683633,-110.41171100581487,-37.63704070210274,116.223900618332,0.28833333333333333,600,coefficient_parameter_uncertainty_only_on_constrained_structural_allocation_not_full_predictive_interval,-28.174516416835218,0.8197305331666535,,actual_2023_plus_structural_and_continuity_models,False,,ppml_russia_inbound_structural_allocation_v3,Structural under-representation gap relative to demographic continuity,data/model/gravity_model_report.json,actual=2023;capacity=2026,not_applicable_model_output,"{""actual_students_latest"": 152.0, ""demographic_continuity_baseline"": 156.29111746850432, ""model_based_attraction_capacity"": 128.1166010516691, ""probability_positive_representation_gap"": 0.28833333333333333, ""representation_gap"": -28.174516416835218, ""representation_gap_parameter_high"": 116.223900618332, ""representation_gap_parameter_low"": -110.41171100581487}",students_capacity_equivalent,calculated_structural_gap,9e22c41768ecc2a32ea8f418f12944d813c97ce0ee267aea4c0da147fd77d4c6,mgimo_platform2.models.educational_migration_v3::build_structural_forecast_v3,gap_abs is structural capacity minus demographic continuity baseline under the same aggregate total; positive and negative gaps are reallocative and do not sum to additional national enrolment,-110.41171100581487,-37.63704070210274,116.223900618332,43.6,58.0,82.0,0.0,0.0,direction_uncertain,
ppml_russia_inbound_structural_allocation_v3,STP,Sao Tome and Principe,34.0,2023,unesco_uis_opri_202602,data/raw/uis_opri/OPRI_202602.zip::OPRI_DATA_NATIONAL.csv,2026-06-20T02:46:44+00:00,34,students,official_or_reference,7e35482e817d63b0cf638fb695f8a9fd2df9139ae830c0d13f2eba4706d50eca,05efe7d2cb281300,2.4699165790926534,33.62410176265206,-31.154185183559406,2.4699165790926534,2026,0.5886984748337055,2.300116457392685,7.711763171130494,0.5886984748337055,7.711763171130494,0.5886984748337055,7.711763171130494,-33.035403287818355,-31.323985305259377,-25.912338591521564,0.0,600,coefficient_parameter_uncertainty_only_on_constrained_structural_allocation_not_full_predictive_interval,-31.154185183559406,0.07345673042888869,,actual_2023_plus_structural_and_continuity_models,False,,ppml_russia_inbound_structural_allocation_v3,Structural under-representation gap relative to demographic continuity,data/model/gravity_model_report.json,actual=2023;capacity=2026,not_applicable_model_output,"{""actual_students_latest"": 34.0, ""demographic_continuity_baseline"": 33.62410176265206, ""model_based_attraction_capacity"": 2.4699165790926534, ""probability_positive_representation_gap"": 0.0, ""representation_gap"": -31.154185183559406, ""representation_gap_parameter_high"": -25.912338591521564, ""representation_gap_parameter_low"": -33.035403287818355}",students_capacity_equivalent,calculated_structural_gap,9e22c41768ecc2a32ea8f418f12944d813c97ce0ee267aea4c0da147fd77d4c6,mgimo_platform2.models.educational_migration_v3::build_structural_forecast_v3,gap_abs is structural capacity minus demographic continuity baseline under the same aggregate total; positive and negative gaps are reallocative and do not sum to additional national enrolment,-33.035403287818355,-31.323985305259377,-25.912338591521564,,,,0.0,0.0,likely_nonpositive,
ppml_russia_inbound_structural_allocation_v3,DOM,Dominican Republic,52.0,2023,unesco_uis_opri_202602,data/raw/uis_opri/OPRI_202602.zip::OPRI_DATA_NATIONAL.csv,2026-06-20T02:46:44+00:00,52,students,official_or_reference,7e35482e817d63b0cf638fb695f8a9fd2df9139ae830c0d13f2eba4706d50eca,00d9e7f25bbdcdff,28.17726991672511,60.988152059049725,-32.810882142324616,28.17726991672511,2026,7.646984169032637,26.062309118921874,86.1064824759968,7.646984169032637,86.1064824759968,7.646984169032637,86.1064824759968,-53.34116789001709,-34.92584294012785,25.11833041694707,0.075,600,coefficient_parameter_uncertainty_only_on_constrained_structural_allocation_not_full_predictive_interval,-32.810882142324616,0.46201219360513524,,actual_2023_plus_structural_and_continuity_models,False,,ppml_russia_inbound_structural_allocation_v3,Structural under-representation gap relative to demographic continuity,data/model/gravity_model_report.json,actual=2023;capacity=2026,not_applicable_model_output,"{""actual_students_latest"": 52.0, ""demographic_continuity_baseline"": 60.988152059049725, ""model_based_attraction_capacity"": 28.17726991672511, ""probability_positive_representation_gap"": 0.075, ""representation_gap"": -32.810882142324616, ""representation_gap_parameter_high"": 25.11833041694707, ""representation_gap_parameter_low"": -53.34116789001709}",students_capacity_equivalent,calculated_structural_gap,9e22c41768ecc2a32ea8f418f12944d813c97ce0ee267aea4c0da147fd77d4c6,mgimo_platform2.models.educational_migration_v3::build_structural_forecast_v3,gap_abs is structural capacity minus demographic continuity baseline under the same aggregate total; positive and negative gaps are reallocative and do not sum to additional national enrolment,-53.34116789001709,-34.92584294012785,25.11833041694707,57.2,70.0,88.0,0.0,0.0,likely_nonpositive,
ppml_russia_inbound_structural_allocation_v3,PRY,Paraguay,51.0,2023,unesco_uis_opri_202602,data/raw/uis_opri/OPRI_202602.zip::OPRI_DATA_NATIONAL.csv,2026-06-20T02:46:44+00:00,51,students,official_or_reference,7e35482e817d63b0cf638fb695f8a9fd2df9139ae830c0d13f2eba4706d50eca,1b499b803c6c5c68,9.24730915021135,44.69369278254881,-35.44638363233746,9.24730915021135,2026,1.6948561829448319,8.426130491617766,42.513241535731034,1.6948561829448319,42.513241535731034,1.6948561829448319,42.513241535731034,-42.998836599603976,-36.26756229093104,-2.180451246817775,0.02,600,coefficient_parameter_uncertainty_only_on_constrained_structural_allocation_not_full_predictive_interval,-35.44638363233746,0.20690411945154985,,actual_2023_plus_structural_and_continuity_models,False,,ppml_russia_inbound_structural_allocation_v3,Structural under-representation gap relative to demographic continuity,data/model/gravity_model_report.json,actual=2023;capacity=2026,not_applicable_model_output,"{""actual_students_latest"": 51.0, ""demographic_continuity_baseline"": 44.69369278254881, ""model_based_attraction_capacity"": 9.24730915021135, ""probability_positive_representation_gap"": 0.02, ""representation_gap"": -35.44638363233746, ""representation_gap_parameter_high"": -2.180451246817775, ""representation_gap_parameter_low"": -42.998836599603976}",students_capacity_equivalent,calculated_structural_gap,9e22c41768ecc2a32ea8f418f12944d813c97ce0ee267aea4c0da147fd77d4c6,mgimo_platform2.models.educational_migration_v3::build_structural_forecast_v3,gap_abs is structural capacity minus demographic continuity baseline under the same aggregate total; positive and negative gaps are reallocative and do not sum to additional national enrolment,-42.998836599603976,-36.26756229093104,-2.180451246817775,72.55,83.0,95.8,0.0,0.0,likely_nonpositive,
ppml_russia_inbound_structural_allocation_v3,SLV,El Salvador,69.0,2023,unesco_uis_opri_202602,data/raw/uis_opri/OPRI_202602.zip::OPRI_DATA_NATIONAL.csv,2026-06-20T02:46:44+00:00,69,students,official_or_reference,7e35482e817d63b0cf638fb695f8a9fd2df9139ae830c0d13f2eba4706d50eca,86d082083d85ef57,33.899318447981315,74.40489130115596,-40.50557285317464,33.899318447981315,2026,7.957100778897665,31.643691852839016,113.21786184484247,7.957100778897665,113.21786184484247,7.957100778897665,113.21786184484247,-66.44779052225829,-42.761199448316944,38.81297054368651,0.08,600,coefficient_parameter_uncertainty_only_on_constrained_structural_allocation_not_full_predictive_interval,-40.50557285317464,0.45560604760207013,,actual_2023_plus_structural_and_continuity_models,False,,ppml_russia_inbound_structural_allocation_v3,Structural under-representation gap relative to demographic continuity,data/model/gravity_model_report.json,actual=2023;capacity=2026,not_applicable_model_output,"{""actual_students_latest"": 69.0, ""demographic_continuity_baseline"": 74.40489130115596, ""model_based_attraction_capacity"": 33.899318447981315, ""probability_positive_representation_gap"": 0.08, ""representation_gap"": -40.50557285317464, ""representation_gap_parameter_high"": 38.81297054368651, ""representation_gap_parameter_low"": -66.44779052225829}",students_capacity_equivalent,calculated_structural_gap,9e22c41768ecc2a32ea8f418f12944d813c97ce0ee267aea4c0da147fd77d4c6,mgimo_platform2.models.educational_migration_v3::build_structural_forecast_v3,gap_abs is structural capacity minus demographic continuity baseline under the same aggregate total; positive and negative gaps are reallocative and do not sum to additional national enrolment,-66.44779052225829,-42.761199448316944,38.81297054368651,55.0,68.5,82.3,0.0,0.0,likely_nonpositive,
ppml_russia_inbound_structural_allocation_v3,RWA,Rwanda,175.0,2023,unesco_uis_opri_202602,data/raw/uis_opri/OPRI_202602.zip::OPRI_DATA_NATIONAL.csv,2026-06-20T02:46:44+00:00,175,students,official_or_reference,7e35482e817d63b0cf638fb695f8a9fd2df9139ae830c0d13f2eba4706d50eca,c954135274dfedf2,114.10766761462078,158.08194750368548,-43.974279889064704,114.10766761462078,2026,46.15130990989806,106.89257164160493,223.39898941350484,46.15130990989806,223.39898941350484,46.15130990989806,223.39898941350484,-111.93063759378741,-51.18937586208055,65.31704190981937,0.16333333333333333,600,coefficient_parameter_uncertainty_only_on_constrained_structural_allocation_not_full_predictive_interval,-43.974279889064704,0.7218260491885735,,actual_2023_plus_structural_and_continuity_models,False,,ppml_russia_inbound_structural_allocation_v3,Structural under-representation gap relative to demographic continuity,data/model/gravity_model_report.json,actual=2023;capacity=2026,not_applicable_model_output,"{""actual_students_latest"": 175.0, ""demographic_continuity_baseline"": 158.08194750368548, ""model_based_attraction_capacity"": 114.10766761462078, ""probability_positive_representation_gap"": 0.16333333333333333, ""representation_gap"": -43.974279889064704, ""representation_gap_parameter_high"": 65.31704190981937, ""representation_gap_parameter_low"": -111.93063759378741}",students_capacity_equivalent,calculated_structural_gap,9e22c41768ecc2a32ea8f418f12944d813c97ce0ee267aea4c0da147fd77d4c6,mgimo_platform2.models.educational_migration_v3::build_structural_forecast_v3,gap_abs is structural capacity minus demographic continuity baseline under the same aggregate total; positive and negative gaps are reallocative and do not sum to additional national enrolment,-111.93063759378741,-51.18937586208055,65.31704190981937,53.85,64.0,86.0,0.0,0.0,likely_nonpositive,
ppml_russia_inbound_structural_allocation_v3,MDV,Maldives,78.0,2023,unesco_uis_opri_202602,data/raw/uis_opri/OPRI_202602.zip::OPRI_DATA_NATIONAL.csv,2026-06-20T02:46:44+00:00,78,students,official_or_reference,7e35482e817d63b0cf638fb695f8a9fd2df9139ae830c0d13f2eba4706d50eca,da248d23dd1f1d9a,26.07114490563169,75.06477864926056,-48.99363374362887,26.07114490563169,2026,4.296808232316842,23.073259094767494,126.12626590515313,4.296808232316842,126.12626590515313,4.296808232316842,126.12626590515313,-70.76797041694371,-51.99151955449307,51.06148725589257,0.08666666666666667,600,coefficient_parameter_uncertainty_only_on_constrained_structural_allocation_not_full_predictive_interval,-48.99363374362887,0.34731528387566235,,actual_2023_plus_structural_and_continuity_models,False,,ppml_russia_inbound_structural_allocation_v3,Structural under-representation gap relative to demographic continuity,data/model/gravity_model_report.json,actual=2023;capacity=2026,not_applicable_model_output,"{""actual_students_latest"": 78.0, ""demographic_continuity_baseline"": 75.06477864926056, ""model_based_attraction_capacity"": 26.07114490563169, ""probability_positive_representation_gap"": 0.08666666666666667, ""representation_gap"": -48.99363374362887, ""representation_gap_parameter_high"": 51.06148725589257, ""representation_gap_parameter_low"": -70.76797041694371}",students_capacity_equivalent,calculated_structural_gap,9e22c41768ecc2a32ea8f418f12944d813c97ce0ee267aea4c0da147fd77d4c6,mgimo_platform2.models.educational_migration_v3::build_structural_forecast_v3,gap_abs is structural capacity minus demographic continuity baseline under the same aggregate total; positive and negative gaps are reallocative and do not sum to additional national enrolment,-70.76797041694371,-51.99151955449307,51.06148725589257,39.65,58.5,85.0,0.0,0.0,likely_nonpositive,
ppml_russia_inbound_structural_allocation_v3,ZWE,Zimbabwe,427.0,2023,unesco_uis_opri_202602,data/raw/uis_opri/OPRI_202602.zip::OPRI_DATA_NATIONAL.csv,2026-06-20T02:46:44+00:00,427,students,official_or_reference,7e35482e817d63b0cf638fb695f8a9fd2df9139ae830c0d13f2eba4706d50eca,7250c5b4d6cf6278,664.243940545418,737.987569239752,-73.743628694334,664.243940545418,2026,294.2469734501421,618.4156580512049,1173.9842548953172,294.2469734501421,1173.9842548953172,294.2469734501421,1173.9842548953172,-443.7405957896099,-119.57191118854712,435.99668565556516,0.3233333333333333,600,coefficient_parameter_uncertainty_only_on_constrained_structural_allocation_not_full_predictive_interval,-73.743628694334,0.900074700756407,,actual_2023_plus_structural_and_continuity_models,False,,ppml_russia_inbound_structural_allocation_v3,Structural under-representation gap relative to demographic continuity,data/model/gravity_model_report.json,actual=2023;capacity=2026,not_applicable_model_output,"{""actual_students_latest"": 427.0, ""demographic_continuity_baseline"": 737.987569239752, ""model_based_attraction_capacity"": 664.243940545418, ""probability_positive_representation_gap"": 0.3233333333333333, ""representation_gap"": -73.743628694334, ""representation_gap_parameter_high"": 435.99668565556516, ""representation_gap_parameter_low"": -443.7405957896099}",students_capacity_equivalent,calculated_structural_gap,9e22c41768ecc2a32ea8f418f12944d813c97ce0ee267aea4c0da147fd77d4c6,mgimo_platform2.models.educational_migration_v3::build_structural_forecast_v3,gap_abs is structural capacity minus demographic continuity baseline under the same aggregate total; positive and negative gaps are reallocative and do not sum to additional national enrolment,-443.7405957896099,-119.57191118854712,435.99668565556516,16.0,38.0,64.04999999999998,0.0016666666666666668,0.035,direction_uncertain,
ppml_russia_inbound_structural_allocation_v3,ARM,Armenia,1868.0,2023,unesco_uis_opri_202602,data/raw/uis_opri/OPRI_202602.zip::OPRI_DATA_NATIONAL.csv,2026-06-20T02:46:44+00:00,1868,students,official_or_reference,7e35482e817d63b0cf638fb695f8a9fd2df9139ae830c0d13f2eba4706d50eca,597cf95769b0b4d1,2200.785809770802,2314.3565580051163,-113.57074823431412,2200.785809770802,2026,912.1265574415063,2018.8772474915404,3989.542709993532,912.1265574415063,3989.542709993532,912.1265574415063,3989.542709993532,-1402.23000056361,-295.4793105135759,1675.1861519884155,0.35,600,coefficient_parameter_uncertainty_only_on_constrained_structural_allocation_not_full_predictive_interval,-113.57074823431412,0.9509277220739887,,actual_2023_plus_structural_and_continuity_models,False,,ppml_russia_inbound_structural_allocation_v3,Structural under-representation gap relative to demographic continuity,data/model/gravity_model_report.json,actual=2023;capacity=2026,not_applicable_model_output,"{""actual_students_latest"": 1868.0, ""demographic_continuity_baseline"": 2314.3565580051163, ""model_based_attraction_capacity"": 2200.785809770802, ""probability_positive_representation_gap"": 0.35, ""representation_gap"": -113.57074823431412, ""representation_gap_parameter_high"": 1675.1861519884155, ""representation_gap_parameter_low"": -1402.23000056361}",students_capacity_equivalent,calculated_structural_gap,9e22c41768ecc2a32ea8f418f12944d813c97ce0ee267aea4c0da147fd77d4c6,mgimo_platform2.models.educational_migration_v3::build_structural_forecast_v3,gap_abs is structural capacity minus demographic continuity baseline under the same aggregate total; positive and negative gaps are reallocative and do not sum to additional national enrolment,-1402.23000056361,-295.4793105135759,1675.1861519884155,8.0,19.0,49.54999999999998,0.07333333333333333,0.18833333333333332,direction_uncertain,
ppml_russia_inbound_structural_allocation_v3,SDN,Sudan,645.0,2023,unesco_uis_opri_202602,data/raw/uis_opri/OPRI_202602.zip::OPRI_DATA_NATIONAL.csv,2026-06-20T02:46:44+00:00,645,students,official_or_reference,7e35482e817d63b0cf638fb695f8a9fd2df9139ae830c0d13f2eba4706d50eca,0fedefed451e1c8f,409.5428650196608,529.3854191430711,-119.84255412341031,409.5428650196608,2026,141.5374921879583,389.8725937235072,930.0533695509571,141.5374921879583,930.0533695509571,141.5374921879583,930.0533695509571,-387.8479269551128,-139.51282541956388,400.66795040788594,0.26666666666666666,600,coefficient_parameter_uncertainty_only_on_constrained_structural_allocation_not_full_predictive_interval,-119.84255412341031,0.7736194655353328,,actual_2023_plus_structural_and_continuity_models,False,,ppml_russia_inbound_structural_allocation_v3,Structural under-representation gap relative to demographic continuity,data/model/gravity_model_report.json,actual=2023;capacity=2026,not_applicable_model_output,"{""actual_students_latest"": 645.0, ""demographic_continuity_baseline"": 529.3854191430711, ""model_based_attraction_capacity"": 409.5428650196608, ""probability_positive_representation_gap"": 0.26666666666666666, ""representation_gap"": -119.84255412341031, ""representation_gap_parameter_high"": 400.66795040788594, ""representation_gap_parameter_low"": -387.8479269551128}",students_capacity_equivalent,calculated_structural_gap,9e22c41768ecc2a32ea8f418f12944d813c97ce0ee267aea4c0da147fd77d4c6,mgimo_platform2.models.educational_migration_v3::build_structural_forecast_v3,gap_abs is structural capacity minus demographic continuity baseline under the same aggregate total; positive and negative gaps are reallocative and do not sum to additional national enrolment,-387.8479269551128,-139.51282541956388,400.66795040788594,23.95,42.0,67.0,0.0,0.005,direction_uncertain,
ppml_russia_inbound_structural_allocation_v3,BWA,Botswana,136.0,2023,unesco_uis_opri_202602,data/raw/uis_opri/OPRI_202602.zip::OPRI_DATA_NATIONAL.csv,2026-06-20T02:46:44+00:00,136,students,official_or_reference,7e35482e817d63b0cf638fb695f8a9fd2df9139ae830c0d13f2eba4706d50eca,aeb67d7a8e1d4d09,18.32600823169648,145.54289077520318,-127.2168825435067,18.32600823169648,2026,6.621170078516532,16.884301196341333,39.80128362821722,6.621170078516532,39.80128362821722,6.621170078516532,39.80128362821722,-138.92172069668666,-128.65858957886184,-105.74160714698596,0.0,600,coefficient_parameter_uncertainty_only_on_constrained_structural_allocation_not_full_predictive_interval,-127.2168825435067,0.12591482918943622,,actual_2023_plus_structural_and_continuity_models,False,,ppml_russia_inbound_structural_allocation_v3,Structural under-representation gap relative to demographic continuity,data/model/gravity_model_report.json,actual=2023;capacity=2026,not_applicable_model_output,"{""actual_students_latest"": 136.0, ""demographic_continuity_baseline"": 145.54289077520318, ""model_based_attraction_capacity"": 18.32600823169648, ""probability_positive_representation_gap"": 0.0, ""representation_gap"": -127.2168825435067, ""representation_gap_parameter_high"": -105.74160714698596, ""representation_gap_parameter_low"": -138.92172069668666}",students_capacity_equivalent,calculated_structural_gap,9e22c41768ecc2a32ea8f418f12944d813c97ce0ee267aea4c0da147fd77d4c6,mgimo_platform2.models.educational_migration_v3::build_structural_forecast_v3,gap_abs is structural capacity minus demographic continuity baseline under the same aggregate total; positive and negative gaps are reallocative and do not sum to additional national enrolment,-138.92172069668666,-128.65858957886184,-105.74160714698596,,,,0.0,0.0,likely_nonpositive,
ppml_russia_inbound_structural_allocation_v3,MMR,Myanmar,247.0,2023,unesco_uis_opri_202602,data/raw/uis_opri/OPRI_202602.zip::OPRI_DATA_NATIONAL.csv,2026-06-20T02:46:44+00:00,247,students,official_or_reference,7e35482e817d63b0cf638fb695f8a9fd2df9139ae830c0d13f2eba4706d50eca,186973d7288a8348,136.52753695145373,274.9491422652613,-138.42160531380756,136.52753695145373,2026,15.526927960801258,122.97978787479093,1036.7146237656846,15.526927960801258,1036.7146237656846,15.526927960801258,1036.7146237656846,-259.42221430446,-151.96935439047036,761.7654815004231,0.23833333333333334,600,coefficient_parameter_uncertainty_only_on_constrained_structural_allocation_not_full_predictive_interval,-138.42160531380756,0.49655560234385726,,actual_2023_plus_structural_and_continuity_models,False,,ppml_russia_inbound_structural_allocation_v3,Structural under-representation gap relative to demographic continuity,data/model/gravity_model_report.json,actual=2023;capacity=2026,not_applicable_model_output,"{""actual_students_latest"": 247.0, ""demographic_continuity_baseline"": 274.9491422652613, ""model_based_attraction_capacity"": 136.52753695145373, ""probability_positive_representation_gap"": 0.23833333333333334, ""representation_gap"": -138.42160531380756, ""representation_gap_parameter_high"": 761.7654815004231, ""representation_gap_parameter_low"": -259.42221430446}",students_capacity_equivalent,calculated_structural_gap,9e22c41768ecc2a32ea8f418f12944d813c97ce0ee267aea4c0da147fd77d4c6,mgimo_platform2.models.educational_migration_v3::build_structural_forecast_v3,gap_abs is structural capacity minus demographic continuity baseline under the same aggregate total; positive and negative gaps are reallocative and do not sum to additional national enrolment,-259.42221430446,-151.96935439047036,761.7654815004231,17.0,42.0,64.70000000000002,0.0016666666666666668,0.03166666666666667,likely_nonpositive,
ppml_russia_inbound_structural_allocation_v3,LKA,Sri Lanka,696.0,2023,unesco_uis_opri_202602,data/raw/uis_opri/OPRI_202602.zip::OPRI_DATA_NATIONAL.csv,2026-06-20T02:46:44+00:00,696,students,official_or_reference,7e35482e817d63b0cf638fb695f8a9fd2df9139ae830c0d13f2eba4706d50eca,d011f20c436f0c8d,655.9766501464803,796.3363791473668,-140.35972900088643,655.9766501464803,2026,225.15641849038386,603.6540399965344,1595.1219601964472,225.15641849038386,1595.1219601964472,225.15641849038386,1595.1219601964472,-571.1799606569829,-192.68233915083238,798.7855810490803,0.305,600,coefficient_parameter_uncertainty_only_on_constrained_structural_allocation_not_full_predictive_interval,-140.35972900088643,0.8237431659832383,,actual_2023_plus_structural_and_continuity_models,False,,ppml_russia_inbound_structural_allocation_v3,Structural under-representation gap relative to demographic continuity,data/model/gravity_model_report.json,actual=2023;capacity=2026,not_applicable_model_output,"{""actual_students_latest"": 696.0, ""demographic_continuity_baseline"": 796.3363791473668, ""model_based_attraction_capacity"": 655.9766501464803, ""probability_positive_representation_gap"": 0.305, ""representation_gap"": -140.35972900088643, ""representation_gap_parameter_high"": 798.7855810490803, ""representation_gap_parameter_low"": -571.1799606569829}",students_capacity_equivalent,calculated_structural_gap,9e22c41768ecc2a32ea8f418f12944d813c97ce0ee267aea4c0da147fd77d4c6,mgimo_platform2.models.educational_migration_v3::build_structural_forecast_v3,gap_abs is structural capacity minus demographic continuity baseline under the same aggregate total; positive and negative gaps are reallocative and do not sum to additional national enrolment,-571.1799606569829,-192.68233915083238,798.7855810490803,13.0,32.0,59.900000000000006,0.006666666666666667,0.065,direction_uncertain,
ppml_russia_inbound_structural_allocation_v3,GNQ,Equatorial Guinea,173.0,2023,unesco_uis_opri_202602,data/raw/uis_opri/OPRI_202602.zip::OPRI_DATA_NATIONAL.csv,2026-06-20T02:46:44+00:00,173,students,official_or_reference,7e35482e817d63b0cf638fb695f8a9fd2df9139ae830c0d13f2eba4706d50eca,72996dd13cdcdc0c,39.19437929833069,189.89456425131814,-150.70018495298746,39.19437929833069,2026,10.021105861053604,36.97331983948989,106.86882718584147,10.021105861053604,106.86882718584147,10.021105861053604,106.86882718584147,-179.87345839026452,-152.92124441182824,-83.02573706547668,0.0016666666666666668,600,coefficient_parameter_uncertainty_only_on_constrained_structural_allocation_not_full_predictive_interval,-150.70018495298746,0.20640074376462106,,actual_2023_plus_structural_and_continuity_models,False,,ppml_russia_inbound_structural_allocation_v3,Structural under-representation gap relative to demographic continuity,data/model/gravity_model_report.json,actual=2023;capacity=2026,not_applicable_model_output,"{""actual_students_latest"": 173.0, ""demographic_continuity_baseline"": 189.89456425131814, ""model_based_attraction_capacity"": 39.19437929833069, ""probability_positive_representation_gap"": 0.0016666666666666668, ""representation_gap"": -150.70018495298746, ""representation_gap_parameter_high"": -83.02573706547668, ""representation_gap_parameter_low"": -179.87345839026452}",students_capacity_equivalent,calculated_structural_gap,9e22c41768ecc2a32ea8f418f12944d813c97ce0ee267aea4c0da147fd77d4c6,mgimo_platform2.models.educational_migration_v3::build_structural_forecast_v3,gap_abs is structural capacity minus demographic continuity baseline under the same aggregate total; positive and negative gaps are reallocative and do not sum to additional national enrolment,-179.87345839026452,-152.92124441182824,-83.02573706547668,55.0,55.0,55.0,0.0,0.0,likely_nonpositive,
ppml_russia_inbound_structural_allocation_v3,PER,Peru,309.0,2023,unesco_uis_opri_202602,data/raw/uis_opri/OPRI_202602.zip::OPRI_DATA_NATIONAL.csv,2026-06-20T02:46:44+00:00,309,students,official_or_reference,7e35482e817d63b0cf638fb695f8a9fd2df9139ae830c0d13f2eba4706d50eca,43a1c1fe03d6a49c,98.45006534148071,251.57027514351643,-153.12020980203573,98.45006534148071,2026,41.688292696061175,91.68798831011858,209.83753142176232,41.688292696061175,209.83753142176232,41.688292696061175,209.83753142176232,-209.88198244745524,-159.8822868333978,-41.7327437217541,0.011666666666666667,600,coefficient_parameter_uncertainty_only_on_constrained_structural_allocation_not_full_predictive_interval,-153.12020980203573,0.39134220163855477,,actual_2023_plus_structural_and_continuity_models,False,,ppml_russia_inbound_structural_allocation_v3,Structural under-representation gap relative to demographic continuity,data/model/gravity_model_report.json,actual=2023;capacity=2026,not_applicable_model_output,"{""actual_students_latest"": 309.0, ""demographic_continuity_baseline"": 251.57027514351643, ""model_based_attraction_capacity"": 98.45006534148071, ""probability_positive_representation_gap"": 0.011666666666666667, ""representation_gap"": -153.12020980203573, ""representation_gap_parameter_high"": -41.7327437217541, ""representation_gap_parameter_low"": -209.88198244745524}",students_capacity_equivalent,calculated_structural_gap,9e22c41768ecc2a32ea8f418f12944d813c97ce0ee267aea4c0da147fd77d4c6,mgimo_platform2.models.educational_migration_v3::build_structural_forecast_v3,gap_abs is structural capacity minus demographic continuity baseline under the same aggregate total; positive and negative gaps are reallocative and do not sum to additional national enrolment,-209.88198244745524,-159.8822868333978,-41.7327437217541,41.3,56.0,70.5,0.0,0.0,likely_nonpositive,
ppml_russia_inbound_structural_allocation_v3,CUB,Cuba,292.0,2023,unesco_uis_opri_202602,data/raw/uis_opri/OPRI_202602.zip::OPRI_DATA_NATIONAL.csv,2026-06-20T02:46:44+00:00,292,students,official_or_reference,7e35482e817d63b0cf638fb695f8a9fd2df9139ae830c0d13f2eba4706d50eca,c136019d53740930,94.5063726950037,248.5633406213551,-154.0569679263514,94.5063726950037,2026,24.73022194458238,89.064698049122,258.4567798408274,24.73022194458238,258.4567798408274,24.73022194458238,258.4567798408274,-223.83311867677273,-159.4986425722331,9.893439219472246,0.03,600,coefficient_parameter_uncertainty_only_on_constrained_structural_allocation_not_full_predictive_interval,-154.0569679263514,0.3802104222559852,,actual_2023_plus_structural_and_continuity_models,False,,ppml_russia_inbound_structural_allocation_v3,Structural under-representation gap relative to demographic continuity,data/model/gravity_model_report.json,actual=2023;capacity=2026,not_applicable_model_output,"{""actual_students_latest"": 292.0, ""demographic_continuity_baseline"": 248.5633406213551, ""model_based_attraction_capacity"": 94.5063726950037, ""probability_positive_representation_gap"": 0.03, ""representation_gap"": -154.0569679263514, ""representation_gap_parameter_high"": 9.893439219472246, ""representation_gap_parameter_low"": -223.83311867677273}",students_capacity_equivalent,calculated_structural_gap,9e22c41768ecc2a32ea8f418f12944d813c97ce0ee267aea4c0da147fd77d4c6,mgimo_platform2.models.educational_migration_v3::build_structural_forecast_v3,gap_abs is structural capacity minus demographic continuity baseline under the same aggregate total; positive and negative gaps are reallocative and do not sum to additional national enrolment,-223.83311867677273,-159.4986425722331,9.893439219472246,40.5,61.0,82.0,0.0,0.0,likely_nonpositive,
ppml_russia_inbound_structural_allocation_v3,NAM,Namibia,272.0,2023,unesco_uis_opri_202602,data/raw/uis_opri/OPRI_202602.zip::OPRI_DATA_NATIONAL.csv,2026-06-20T02:46:44+00:00,272,students,official_or_reference,7e35482e817d63b0cf638fb695f8a9fd2df9139ae830c0d13f2eba4706d50eca,39fa65bc97044f1e,37.12015796830884,234.7160974826254,-197.59593951431657,37.12015796830884,2026,12.152831377624503,33.917642720976694,86.35509386470564,12.152831377624503,86.35509386470564,12.152831377624503,86.35509386470564,-222.5632661050009,-200.7984547616487,-148.36100361791978,0.0,600,coefficient_parameter_uncertainty_only_on_constrained_structural_allocation_not_full_predictive_interval,-197.59593951431657,0.15814917837519268,,actual_2023_plus_structural_and_continuity_models,False,,ppml_russia_inbound_structural_allocation_v3,Structural under-representation gap relative to demographic continuity,data/model/gravity_model_report.json,actual=2023;capacity=2026,not_applicable_model_output,"{""actual_students_latest"": 272.0, ""demographic_continuity_baseline"": 234.7160974826254, ""model_based_attraction_capacity"": 37.12015796830884, ""probability_positive_representation_gap"": 0.0, ""representation_gap"": -197.59593951431657, ""representation_gap_parameter_high"": -148.36100361791978, ""representation_gap_parameter_low"": -222.5632661050009}",students_capacity_equivalent,calculated_structural_gap,9e22c41768ecc2a32ea8f418f12944d813c97ce0ee267aea4c0da147fd77d4c6,mgimo_platform2.models.educational_migration_v3::build_structural_forecast_v3,gap_abs is structural capacity minus demographic continuity baseline under the same aggregate total; positive and negative gaps are reallocative and do not sum to additional national enrolment,-222.5632661050009,-200.7984547616487,-148.36100361791978,,,,0.0,0.0,likely_nonpositive,
ppml_russia_inbound_structural_allocation_v3,BEN,Benin,355.0,2023,unesco_uis_opri_202602,data/raw/uis_opri/OPRI_202602.zip::OPRI_DATA_NATIONAL.csv,2026-06-20T02:46:44+00:00,355,students,official_or_reference,7e35482e817d63b0cf638fb695f8a9fd2df9139ae830c0d13f2eba4706d50eca,25d16c38cf8a1077,100.90057930385889,348.0495338632586,-247.14895455939973,100.90057930385889,2026,34.58343803100758,95.87674477735887,229.68845938682918,34.58343803100758,229.68845938682918,34.58343803100758,229.68845938682918,-313.466095832251,-252.17278908589975,-118.36107447642941,0.0,600,coefficient_parameter_uncertainty_only_on_constrained_structural_allocation_not_full_predictive_interval,-247.14895455939973,0.28990292899947,,actual_2023_plus_structural_and_continuity_models,False,,ppml_russia_inbound_structural_allocation_v3,Structural under-representation gap relative to demographic continuity,data/model/gravity_model_report.json,actual=2023;capacity=2026,not_applicable_model_output,"{""actual_students_latest"": 355.0, ""demographic_continuity_baseline"": 348.0495338632586, ""model_based_attraction_capacity"": 100.90057930385889, ""probability_positive_representation_gap"": 0.0, ""representation_gap"": -247.14895455939973, ""representation_gap_parameter_high"": -118.36107447642941, ""representation_gap_parameter_low"": -313.466095832251}",students_capacity_equivalent,calculated_structural_gap,9e22c41768ecc2a32ea8f418f12944d813c97ce0ee267aea4c0da147fd77d4c6,mgimo_platform2.models.educational_migration_v3::build_structural_forecast_v3,gap_abs is structural capacity minus demographic continuity baseline under the same aggregate total; positive and negative gaps are reallocative and do not sum to additional national enrolment,-313.466095832251,-252.17278908589975,-118.36107447642941,,,,0.0,0.0,likely_nonpositive,
ppml_russia_inbound_structural_allocation_v3,GIN,Guinea,432.0,2023,unesco_uis_opri_202602,data/raw/uis_opri/OPRI_202602.zip::OPRI_DATA_NATIONAL.csv,2026-06-20T02:46:44+00:00,432,students,official_or_reference,7e35482e817d63b0cf638fb695f8a9fd2df9139ae830c0d13f2eba4706d50eca,b6f4e6dd6cffe5ef,140.36583778609622,398.0724264633697,-257.7065886772735,140.36583778609622,2026,59.921720376835786,131.0424103286137,252.12371873299423,59.921720376835786,252.12371873299423,59.921720376835786,252.12371873299423,-338.15070608653394,-267.030016134756,-145.94870773037547,0.0,600,coefficient_parameter_uncertainty_only_on_constrained_structural_allocation_not_full_predictive_interval,-257.7065886772735,0.3526138171215749,,actual_2023_plus_structural_and_continuity_models,False,,ppml_russia_inbound_structural_allocation_v3,Structural under-representation gap relative to demographic continuity,data/model/gravity_model_report.json,actual=2023;capacity=2026,not_applicable_model_output,"{""actual_students_latest"": 432.0, ""demographic_continuity_baseline"": 398.0724264633697, ""model_based_attraction_capacity"": 140.36583778609622, ""probability_positive_representation_gap"": 0.0, ""representation_gap"": -257.7065886772735, ""representation_gap_parameter_high"": -145.94870773037547, ""representation_gap_parameter_low"": -338.15070608653394}",students_capacity_equivalent,calculated_structural_gap,9e22c41768ecc2a32ea8f418f12944d813c97ce0ee267aea4c0da147fd77d4c6,mgimo_platform2.models.educational_migration_v3::build_structural_forecast_v3,gap_abs is structural capacity minus demographic continuity baseline under the same aggregate total; positive and negative gaps are reallocative and do not sum to additional national enrolment,-338.15070608653394,-267.030016134756,-145.94870773037547,,,,0.0,0.0,likely_nonpositive,
ppml_russia_inbound_structural_allocation_v3,GAB,Gabon,290.0,2023,unesco_uis_opri_202602,data/raw/uis_opri/OPRI_202602.zip::OPRI_DATA_NATIONAL.csv,2026-06-20T02:46:44+00:00,290,students,official_or_reference,7e35482e817d63b0cf638fb695f8a9fd2df9139ae830c0d13f2eba4706d50eca,9e9b1c3562fa654e,39.935778273514714,303.17610758862776,-263.24032931511306,39.935778273514714,2026,11.25969378550853,37.3226128386038,100.93570564117687,11.25969378550853,100.93570564117687,11.25969378550853,100.93570564117687,-291.9164138031192,-265.85349475002397,-202.2404019474509,0.0,600,coefficient_parameter_uncertainty_only_on_constrained_structural_allocation_not_full_predictive_interval,-263.24032931511306,0.1317246883046028,,actual_2023_plus_structural_and_continuity_models,False,,ppml_russia_inbound_structural_allocation_v3,Structural under-representation gap relative to demographic continuity,data/model/gravity_model_report.json,actual=2023;capacity=2026,not_applicable_model_output,"{""actual_students_latest"": 290.0, ""demographic_continuity_baseline"": 303.17610758862776, ""model_based_attraction_capacity"": 39.935778273514714, ""probability_positive_representation_gap"": 0.0, ""representation_gap"": -263.24032931511306, ""representation_gap_parameter_high"": -202.2404019474509, ""representation_gap_parameter_low"": -291.9164138031192}",students_capacity_equivalent,calculated_structural_gap,9e22c41768ecc2a32ea8f418f12944d813c97ce0ee267aea4c0da147fd77d4c6,mgimo_platform2.models.educational_migration_v3::build_structural_forecast_v3,gap_abs is structural capacity minus demographic continuity baseline under the same aggregate total; positive and negative gaps are reallocative and do not sum to additional national enrolment,-291.9164138031192,-265.85349475002397,-202.2404019474509,,,,0.0,0.0,likely_nonpositive,
ppml_russia_inbound_structural_allocation_v3,ZAF,South Africa,244.0,2023,unesco_uis_opri_202602,data/raw/uis_opri/OPRI_202602.zip::OPRI_DATA_NATIONAL.csv,2026-06-20T02:46:44+00:00,244,students,official_or_reference,7e35482e817d63b0cf638fb695f8a9fd2df9139ae830c0d13f2eba4706d50eca,268c94cfc8b7de2a,179.1279713677342,443.38786218322247,-264.25989081548823,179.1279713677342,2026,78.06959091349437,165.47097216521215,329.8607846022801,78.06959091349437,329.8607846022801,78.06959091349437,329.8607846022801,-365.3182712697281,-277.91689001801035,-113.52707758094238,0.0016666666666666668,600,coefficient_parameter_uncertainty_only_on_constrained_structural_allocation_not_full_predictive_interval,-264.25989081548823,0.4039983649658696,,actual_2023_plus_structural_and_continuity_models,False,,ppml_russia_inbound_structural_allocation_v3,Structural under-representation gap relative to demographic continuity,data/model/gravity_model_report.json,actual=2023;capacity=2026,not_applicable_model_output,"{""actual_students_latest"": 244.0, ""demographic_continuity_baseline"": 443.38786218322247, ""model_based_attraction_capacity"": 179.1279713677342, ""probability_positive_representation_gap"": 0.0016666666666666668, ""representation_gap"": -264.25989081548823, ""representation_gap_parameter_high"": -113.52707758094238, ""representation_gap_parameter_low"": -365.3182712697281}",students_capacity_equivalent,calculated_structural_gap,9e22c41768ecc2a32ea8f418f12944d813c97ce0ee267aea4c0da147fd77d4c6,mgimo_platform2.models.educational_migration_v3::build_structural_forecast_v3,gap_abs is structural capacity minus demographic continuity baseline under the same aggregate total; positive and negative gaps are reallocative and do not sum to additional national enrolment,-365.3182712697281,-277.91689001801035,-113.52707758094238,80.0,80.0,80.0,0.0,0.0,likely_nonpositive,
ppml_russia_inbound_structural_allocation_v3,GEO,Georgia,566.0,2023,unesco_uis_opri_202602,data/raw/uis_opri/OPRI_202602.zip::OPRI_DATA_NATIONAL.csv,2026-06-20T02:46:44+00:00,566,students,official_or_reference,7e35482e817d63b0cf638fb695f8a9fd2df9139ae830c0d13f2eba4706d50eca,8fbb1f64c04b1381,344.52702716373943,665.4908164555643,-320.96378929182487,344.52702716373943,2026,121.52090273328508,322.2773696675538,726.7223497397351,121.52090273328508,726.7223497397351,121.52090273328508,726.7223497397351,-543.9699137222792,-343.2134467880105,61.23153328417084,0.041666666666666664,600,coefficient_parameter_uncertainty_only_on_constrained_structural_allocation_not_full_predictive_interval,-320.96378929182487,0.5177036536712959,,actual_2023_plus_structural_and_continuity_models,False,,ppml_russia_inbound_structural_allocation_v3,Structural under-representation gap relative to demographic continuity,data/model/gravity_model_report.json,actual=2023;capacity=2026,not_applicable_model_output,"{""actual_students_latest"": 566.0, ""demographic_continuity_baseline"": 665.4908164555643, ""model_based_attraction_capacity"": 344.52702716373943, ""probability_positive_representation_gap"": 0.041666666666666664, ""representation_gap"": -320.96378929182487, ""representation_gap_parameter_high"": 61.23153328417084, ""representation_gap_parameter_low"": -543.9699137222792}",students_capacity_equivalent,calculated_structural_gap,9e22c41768ecc2a32ea8f418f12944d813c97ce0ee267aea4c0da147fd77d4c6,mgimo_platform2.models.educational_migration_v3::build_structural_forecast_v3,gap_abs is structural capacity minus demographic continuity baseline under the same aggregate total; positive and negative gaps are reallocative and do not sum to additional national enrolment,-543.9699137222792,-343.2134467880105,61.23153328417084,14.2,43.0,69.19999999999996,0.0016666666666666668,0.006666666666666667,likely_nonpositive,
ppml_russia_inbound_structural_allocation_v3,GNB,Guinea-Bissau,315.0,2023,unesco_uis_opri_202602,data/raw/uis_opri/OPRI_202602.zip::OPRI_DATA_NATIONAL.csv,2026-06-20T02:46:44+00:00,315,students,official_or_reference,7e35482e817d63b0cf638fb695f8a9fd2df9139ae830c0d13f2eba4706d50eca,3c830b60e8289b0e,41.20204432662455,370.88544136947274,-329.6833970428482,41.20204432662455,2026,11.647103005634598,38.668236044048356,104.73476765355629,11.647103005634598,104.73476765355629,11.647103005634598,104.73476765355629,-359.2383383638382,-332.2172053254244,-266.15067371591647,0.0,600,coefficient_parameter_uncertainty_only_on_constrained_structural_allocation_not_full_predictive_interval,-329.6833970428482,0.11109102631391629,,actual_2023_plus_structural_and_continuity_models,False,,ppml_russia_inbound_structural_allocation_v3,Structural under-representation gap relative to demographic continuity,data/model/gravity_model_report.json,actual=2023;capacity=2026,not_applicable_model_output,"{""actual_students_latest"": 315.0, ""demographic_continuity_baseline"": 370.88544136947274, ""model_based_attraction_capacity"": 41.20204432662455, ""probability_positive_representation_gap"": 0.0, ""representation_gap"": -329.6833970428482, ""representation_gap_parameter_high"": -266.15067371591647, ""representation_gap_parameter_low"": -359.2383383638382}",students_capacity_equivalent,calculated_structural_gap,9e22c41768ecc2a32ea8f418f12944d813c97ce0ee267aea4c0da147fd77d4c6,mgimo_platform2.models.educational_migration_v3::build_structural_forecast_v3,gap_abs is structural capacity minus demographic continuity baseline under the same aggregate total; positive and negative gaps are reallocative and do not sum to additional national enrolment,-359.2383383638382,-332.2172053254244,-266.15067371591647,,,,0.0,0.0,likely_nonpositive,
ppml_russia_inbound_structural_allocation_v3,COD,"Congo, The Democratic Republic of the",445.0,2023,unesco_uis_opri_202602,data/raw/uis_opri/OPRI_202602.zip::OPRI_DATA_NATIONAL.csv,2026-06-20T02:46:44+00:00,445,students,official_or_reference,7e35482e817d63b0cf638fb695f8a9fd2df9139ae830c0d13f2eba4706d50eca,da41e17655849d7a,155.4125586704358,497.41908713923493,-342.00652846879916,155.4125586704358,2026,39.12196030331231,150.09663452961766,526.803520736519,39.12196030331231,526.803520736519,39.12196030331231,526.803520736519,-458.2971268359226,-347.32245260961724,29.384433597283987,0.03666666666666667,600,coefficient_parameter_uncertainty_only_on_constrained_structural_allocation_not_full_predictive_interval,-342.00652846879916,0.31243786715995786,,actual_2023_plus_structural_and_continuity_models,False,,ppml_russia_inbound_structural_allocation_v3,Structural under-representation gap relative to demographic continuity,data/model/gravity_model_report.json,actual=2023;capacity=2026,not_applicable_model_output,"{""actual_students_latest"": 445.0, ""demographic_continuity_baseline"": 497.41908713923493, ""model_based_attraction_capacity"": 155.4125586704358, ""probability_positive_representation_gap"": 0.03666666666666667, ""representation_gap"": -342.00652846879916, ""representation_gap_parameter_high"": 29.384433597283987, ""representation_gap_parameter_low"": -458.2971268359226}",students_capacity_equivalent,calculated_structural_gap,9e22c41768ecc2a32ea8f418f12944d813c97ce0ee267aea4c0da147fd77d4c6,mgimo_platform2.models.educational_migration_v3::build_structural_forecast_v3,gap_abs is structural capacity minus demographic continuity baseline under the same aggregate total; positive and negative gaps are reallocative and do not sum to additional national enrolment,-458.2971268359226,-347.32245260961724,29.384433597283987,44.1,57.5,83.1,0.0,0.0,likely_nonpositive,
ppml_russia_inbound_structural_allocation_v3,MYS,Malaysia,666.0,2023,unesco_uis_opri_202602,data/raw/uis_opri/OPRI_202602.zip::OPRI_DATA_NATIONAL.csv,2026-06-20T02:46:44+00:00,666,students,official_or_reference,7e35482e817d63b0cf638fb695f8a9fd2df9139ae830c0d13f2eba4706d50eca,3a745a05e98dd93c,415.4510844627491,788.9034781880853,-373.45239372533615,415.4510844627491,2026,132.90575242769958,381.67133220749207,1064.053555657124,132.90575242769958,1064.053555657124,132.90575242769958,1064.053555657124,-655.9977257603857,-407.2321459805932,275.15007746903865,0.085,600,coefficient_parameter_uncertainty_only_on_constrained_structural_allocation_not_full_predictive_interval,-373.45239372533615,0.5266183962288222,,actual_2023_plus_structural_and_continuity_models,False,,ppml_russia_inbound_structural_allocation_v3,Structural under-representation gap relative to demographic continuity,data/model/gravity_model_report.json,actual=2023;capacity=2026,not_applicable_model_output,"{""actual_students_latest"": 666.0, ""demographic_continuity_baseline"": 788.9034781880853, ""model_based_attraction_capacity"": 415.4510844627491, ""probability_positive_representation_gap"": 0.085, ""representation_gap"": -373.45239372533615, ""representation_gap_parameter_high"": 275.15007746903865, ""representation_gap_parameter_low"": -655.9977257603857}",students_capacity_equivalent,calculated_structural_gap,9e22c41768ecc2a32ea8f418f12944d813c97ce0ee267aea4c0da147fd77d4c6,mgimo_platform2.models.educational_migration_v3::build_structural_forecast_v3,gap_abs is structural capacity minus demographic continuity baseline under the same aggregate total; positive and negative gaps are reallocative and do not sum to additional national enrolment,-655.9977257603857,-407.2321459805932,275.15007746903865,25.0,43.0,73.5,0.0,0.0016666666666666668,likely_nonpositive,
ppml_russia_inbound_structural_allocation_v3,LBN,Lebanon,1005.0,2023,unesco_uis_opri_202602,data/raw/uis_opri/OPRI_202602.zip::OPRI_DATA_NATIONAL.csv,2026-06-20T02:46:44+00:00,1005,students,official_or_reference,7e35482e817d63b0cf638fb695f8a9fd2df9139ae830c0d13f2eba4706d50eca,675c16eb18067e2d,583.3089664830815,977.7309829987846,-394.42201651570315,583.3089664830815,2026,226.36769107674803,553.5369261088897,1164.537686592749,226.36769107674803,1164.537686592749,226.36769107674803,1164.537686592749,-751.3632919220365,-424.19405688989497,186.80670359396436,0.07333333333333333,600,coefficient_parameter_uncertainty_only_on_constrained_structural_allocation_not_full_predictive_interval,-394.42201651570315,0.5965945404471309,,actual_2023_plus_structural_and_continuity_models,False,,ppml_russia_inbound_structural_allocation_v3,Structural under-representation gap relative to demographic continuity,data/model/gravity_model_report.json,actual=2023;capacity=2026,not_applicable_model_output,"{""actual_students_latest"": 1005.0, ""demographic_continuity_baseline"": 977.7309829987846, ""model_based_attraction_capacity"": 583.3089664830815, ""probability_positive_representation_gap"": 0.07333333333333333, ""representation_gap"": -394.42201651570315, ""representation_gap_parameter_high"": 186.80670359396436, ""representation_gap_parameter_low"": -751.3632919220365}",students_capacity_equivalent,calculated_structural_gap,9e22c41768ecc2a32ea8f418f12944d813c97ce0ee267aea4c0da147fd77d4c6,mgimo_platform2.models.educational_migration_v3::build_structural_forecast_v3,gap_abs is structural capacity minus demographic continuity baseline under the same aggregate total; positive and negative gaps are reallocative and do not sum to additional national enrolment,-751.3632919220365,-424.19405688989497,186.80670359396436,25.0,46.0,61.550000000000004,0.0,0.0016666666666666668,likely_nonpositive,
ppml_russia_inbound_structural_allocation_v3,HTI,Haiti,609.0,2023,unesco_uis_opri_202602,data/raw/uis_opri/OPRI_202602.zip::OPRI_DATA_NATIONAL.csv,2026-06-20T02:46:44+00:00,609,students,official_or_reference,7e35482e817d63b0cf638fb695f8a9fd2df9139ae830c0d13f2eba4706d50eca,7542faafd64b61d2,97.50558463055198,507.2350433005462,-409.7294586699942,97.50558463055198,2026,20.38811062095164,90.80224578711002,367.4460335258137,20.38811062095164,367.4460335258137,20.38811062095164,367.4460335258137,-486.84693267959454,-416.4327975134362,-139.78900977473248,0.008333333333333333,600,coefficient_parameter_uncertainty_only_on_constrained_structural_allocation_not_full_predictive_interval,-409.7294586699942,0.19222959044014257,,actual_2023_plus_structural_and_continuity_models,False,,ppml_russia_inbound_structural_allocation_v3,Structural under-representation gap relative to demographic continuity,data/model/gravity_model_report.json,actual=2023;capacity=2026,not_applicable_model_output,"{""actual_students_latest"": 609.0, ""demographic_continuity_baseline"": 507.2350433005462, ""model_based_attraction_capacity"": 97.50558463055198, ""probability_positive_representation_gap"": 0.008333333333333333, ""representation_gap"": -409.7294586699942, ""representation_gap_parameter_high"": -139.78900977473248, ""representation_gap_parameter_low"": -486.84693267959454}",students_capacity_equivalent,calculated_structural_gap,9e22c41768ecc2a32ea8f418f12944d813c97ce0ee267aea4c0da147fd77d4c6,mgimo_platform2.models.educational_migration_v3::build_structural_forecast_v3,gap_abs is structural capacity minus demographic continuity baseline under the same aggregate total; positive and negative gaps are reallocative and do not sum to additional national enrolment,-486.84693267959454,-416.4327975134362,-139.78900977473248,39.2,68.0,77.2,0.0,0.0,likely_nonpositive,
ppml_russia_inbound_structural_allocation_v3,DZA,Algeria,1558.0,2023,unesco_uis_opri_202602,data/raw/uis_opri/OPRI_202602.zip::OPRI_DATA_NATIONAL.csv,2026-06-20T02:46:44+00:00,1558,students,official_or_reference,7e35482e817d63b0cf638fb695f8a9fd2df9139ae830c0d13f2eba4706d50eca,df7f4c30db4e9040,1118.3695280491393,1551.7564439131677,-433.3869158640284,1118.3695280491393,2026,439.88555454660354,1059.5699030159958,2305.9612228867336,439.88555454660354,2305.9612228867336,439.88555454660354,2305.9612228867336,-1111.8708893665641,-492.1865408971719,754.2047789735658,0.14833333333333334,600,coefficient_parameter_uncertainty_only_on_constrained_structural_allocation_not_full_predictive_interval,-433.3869158640284,0.7207120243875851,,actual_2023_plus_structural_and_continuity_models,False,,ppml_russia_inbound_structural_allocation_v3,Structural under-representation gap relative to demographic continuity,data/model/gravity_model_report.json,actual=2023;capacity=2026,not_applicable_model_output,"{""actual_students_latest"": 1558.0, ""demographic_continuity_baseline"": 1551.7564439131677, ""model_based_attraction_capacity"": 1118.3695280491393, ""probability_positive_representation_gap"": 0.14833333333333334, ""representation_gap"": -433.3869158640284, ""representation_gap_parameter_high"": 754.2047789735658, ""representation_gap_parameter_low"": -1111.8708893665641}",students_capacity_equivalent,calculated_structural_gap,9e22c41768ecc2a32ea8f418f12944d813c97ce0ee267aea4c0da147fd77d4c6,mgimo_platform2.models.educational_migration_v3::build_structural_forecast_v3,gap_abs is structural capacity minus demographic continuity baseline under the same aggregate total; positive and negative gaps are reallocative and do not sum to additional national enrolment,-1111.8708893665641,-492.1865408971719,754.2047789735658,10.4,25.0,55.19999999999999,0.008333333333333333,0.05,likely_nonpositive,
ppml_russia_inbound_structural_allocation_v3,ZMB,Zambia,629.0,2023,unesco_uis_opri_202602,data/raw/uis_opri/OPRI_202602.zip::OPRI_DATA_NATIONAL.csv,2026-06-20T02:46:44+00:00,629,students,official_or_reference,7e35482e817d63b0cf638fb695f8a9fd2df9139ae830c0d13f2eba4706d50eca,25363b9b2427ae37,158.98289643132787,655.9286576834176,-496.9457612520897,158.98289643132787,2026,70.70012127587319,150.7484326471573,292.6968451493481,70.70012127587319,292.6968451493481,70.70012127587319,292.6968451493481,-585.2285364075444,-505.18022503626025,-363.23181253406943,0.0,600,coefficient_parameter_uncertainty_only_on_constrained_structural_allocation_not_full_predictive_interval,-496.9457612520897,0.24237833576721174,,actual_2023_plus_structural_and_continuity_models,False,,ppml_russia_inbound_structural_allocation_v3,Structural under-representation gap relative to demographic continuity,data/model/gravity_model_report.json,actual=2023;capacity=2026,not_applicable_model_output,"{""actual_students_latest"": 629.0, ""demographic_continuity_baseline"": 655.9286576834176, ""model_based_attraction_capacity"": 158.98289643132787, ""probability_positive_representation_gap"": 0.0, ""representation_gap"": -496.9457612520897, ""representation_gap_parameter_high"": -363.23181253406943, ""representation_gap_parameter_low"": -585.2285364075444}",students_capacity_equivalent,calculated_structural_gap,9e22c41768ecc2a32ea8f418f12944d813c97ce0ee267aea4c0da147fd77d4c6,mgimo_platform2.models.educational_migration_v3::build_structural_forecast_v3,gap_abs is structural capacity minus demographic continuity baseline under the same aggregate total; positive and negative gaps are reallocative and do not sum to additional national enrolment,-585.2285364075444,-505.18022503626025,-363.23181253406943,,,,0.0,0.0,likely_nonpositive,
ppml_russia_inbound_structural_allocation_v3,CMR,Cameroon,778.0,2023,unesco_uis_opri_202602,data/raw/uis_opri/OPRI_202602.zip::OPRI_DATA_NATIONAL.csv,2026-06-20T02:46:44+00:00,778,students,official_or_reference,7e35482e817d63b0cf638fb695f8a9fd2df9139ae830c0d13f2eba4706d50eca,d5f8a32dd16c77b6,293.7098254405092,826.2005631025614,-532.4907376620522,293.7098254405092,2026,135.7518835553468,278.44651816048435,504.7155910971723,135.7518835553468,504.7155910971723,135.7518835553468,504.7155910971723,-690.4486795472146,-547.7540449420771,-321.4849720053891,0.0,600,coefficient_parameter_uncertainty_only_on_constrained_structural_allocation_not_full_predictive_interval,-532.4907376620522,0.35549458395134154,,actual_2023_plus_structural_and_continuity_models,False,,ppml_russia_inbound_structural_allocation_v3,Structural under-representation gap relative to demographic continuity,data/model/gravity_model_report.json,actual=2023;capacity=2026,not_applicable_model_output,"{""actual_students_latest"": 778.0, ""demographic_continuity_baseline"": 826.2005631025614, ""model_based_attraction_capacity"": 293.7098254405092, ""probability_positive_representation_gap"": 0.0, ""representation_gap"": -532.4907376620522, ""representation_gap_parameter_high"": -321.4849720053891, ""representation_gap_parameter_low"": -690.4486795472146}",students_capacity_equivalent,calculated_structural_gap,9e22c41768ecc2a32ea8f418f12944d813c97ce0ee267aea4c0da147fd77d4c6,mgimo_platform2.models.educational_migration_v3::build_structural_forecast_v3,gap_abs is structural capacity minus demographic continuity baseline under the same aggregate total; positive and negative gaps are reallocative and do not sum to additional national enrolment,-690.4486795472146,-547.7540449420771,-321.4849720053891,,,,0.0,0.0,likely_nonpositive,
ppml_russia_inbound_structural_allocation_v3,GHA,Ghana,614.0,2023,unesco_uis_opri_202602,data/raw/uis_opri/OPRI_202602.zip::OPRI_DATA_NATIONAL.csv,2026-06-20T02:46:44+00:00,614,students,official_or_reference,7e35482e817d63b0cf638fb695f8a9fd2df9139ae830c0d13f2eba4706d50eca,8250142f22f9f272,168.2267645097055,736.8933220464494,-568.6665575367439,168.2267645097055,2026,75.86034208972212,160.49703078301332,299.47844888610115,75.86034208972212,299.47844888610115,75.86034208972212,299.47844888610115,-661.0329799567272,-576.3962912634361,-437.41487316034824,0.0,600,coefficient_parameter_uncertainty_only_on_constrained_structural_allocation_not_full_predictive_interval,-568.6665575367439,0.2282918836101238,,actual_2023_plus_structural_and_continuity_models,False,,ppml_russia_inbound_structural_allocation_v3,Structural under-representation gap relative to demographic continuity,data/model/gravity_model_report.json,actual=2023;capacity=2026,not_applicable_model_output,"{""actual_students_latest"": 614.0, ""demographic_continuity_baseline"": 736.8933220464494, ""model_based_attraction_capacity"": 168.2267645097055, ""probability_positive_representation_gap"": 0.0, ""representation_gap"": -568.6665575367439, ""representation_gap_parameter_high"": -437.41487316034824, ""representation_gap_parameter_low"": -661.0329799567272}",students_capacity_equivalent,calculated_structural_gap,9e22c41768ecc2a32ea8f418f12944d813c97ce0ee267aea4c0da147fd77d4c6,mgimo_platform2.models.educational_migration_v3::build_structural_forecast_v3,gap_abs is structural capacity minus demographic continuity baseline under the same aggregate total; positive and negative gaps are reallocative and do not sum to additional national enrolment,-661.0329799567272,-576.3962912634361,-437.41487316034824,,,,0.0,0.0,likely_nonpositive,
ppml_russia_inbound_structural_allocation_v3,ISR,Israel,582.0,2023,unesco_uis_opri_202602,data/raw/uis_opri/OPRI_202602.zip::OPRI_DATA_NATIONAL.csv,2026-06-20T02:46:44+00:00,582,students,official_or_reference,7e35482e817d63b0cf638fb695f8a9fd2df9139ae830c0d13f2eba4706d50eca,76635bffde3a9757,14.396320688476944,621.1950035642051,-606.7986828757281,14.396320688476944,2026,1.5767779146891638,13.1239148918027,99.53058850704289,1.5767779146891638,99.53058850704289,1.5767779146891638,99.53058850704289,-619.6182256495159,-608.0710886724023,-521.6644150571622,0.0,600,coefficient_parameter_uncertainty_only_on_constrained_structural_allocation_not_full_predictive_interval,-606.7986828757281,0.023175203608972652,,actual_2023_plus_structural_and_continuity_models,False,,ppml_russia_inbound_structural_allocation_v3,Structural under-representation gap relative to demographic continuity,data/model/gravity_model_report.json,actual=2023;capacity=2026,not_applicable_model_output,"{""actual_students_latest"": 582.0, ""demographic_continuity_baseline"": 621.1950035642051, ""model_based_attraction_capacity"": 14.396320688476944, ""probability_positive_representation_gap"": 0.0, ""representation_gap"": -606.7986828757281, ""representation_gap_parameter_high"": -521.6644150571622, ""representation_gap_parameter_low"": -619.6182256495159}",students_capacity_equivalent,calculated_structural_gap,9e22c41768ecc2a32ea8f418f12944d813c97ce0ee267aea4c0da147fd77d4c6,mgimo_platform2.models.educational_migration_v3::build_structural_forecast_v3,gap_abs is structural capacity minus demographic continuity baseline under the same aggregate total; positive and negative gaps are reallocative and do not sum to additional national enrolment,-619.6182256495159,-608.0710886724023,-521.6644150571622,,,,0.0,0.0,likely_nonpositive,
ppml_russia_inbound_structural_allocation_v3,TUN,Tunisia,1084.0,2023,unesco_uis_opri_202602,data/raw/uis_opri/OPRI_202602.zip::OPRI_DATA_NATIONAL.csv,2026-06-20T02:46:44+00:00,1084,students,official_or_reference,7e35482e817d63b0cf638fb695f8a9fd2df9139ae830c0d13f2eba4706d50eca,2504f71c01905d21,509.16151487717326,1123.2038688711277,-614.0423539939545,509.16151487717326,2026,202.78354664586314,483.9243832618563,1021.7528084829461,202.78354664586314,1021.7528084829461,202.78354664586314,1021.7528084829461,-920.4203222252645,-639.2794856092714,-101.4510603881817,0.015,600,coefficient_parameter_uncertainty_only_on_constrained_structural_allocation_not_full_predictive_interval,-614.0423539939545,0.4533117530915419,,actual_2023_plus_structural_and_continuity_models,False,,ppml_russia_inbound_structural_allocation_v3,Structural under-representation gap relative to demographic continuity,data/model/gravity_model_report.json,actual=2023;capacity=2026,not_applicable_model_output,"{""actual_students_latest"": 1084.0, ""demographic_continuity_baseline"": 1123.2038688711277, ""model_based_attraction_capacity"": 509.16151487717326, ""probability_positive_representation_gap"": 0.015, ""representation_gap"": -614.0423539939545, ""representation_gap_parameter_high"": -101.4510603881817, ""representation_gap_parameter_low"": -920.4203222252645}",students_capacity_equivalent,calculated_structural_gap,9e22c41768ecc2a32ea8f418f12944d813c97ce0ee267aea4c0da147fd77d4c6,mgimo_platform2.models.educational_migration_v3::build_structural_forecast_v3,gap_abs is structural capacity minus demographic continuity baseline under the same aggregate total; positive and negative gaps are reallocative and do not sum to additional national enrolment,-920.4203222252645,-639.2794856092714,-101.4510603881817,25.2,48.0,78.0,0.0,0.0,likely_nonpositive,
ppml_russia_inbound_structural_allocation_v3,COG,Congo,665.0,2023,unesco_uis_opri_202602,data/raw/uis_opri/OPRI_202602.zip::OPRI_DATA_NATIONAL.csv,2026-06-20T02:46:44+00:00,665,students,official_or_reference,7e35482e817d63b0cf638fb695f8a9fd2df9139ae830c0d13f2eba4706d50eca,735e8621d6685556,166.78651452912348,797.1348019921586,-630.3482874630351,166.78651452912348,2026,74.9729934914483,156.27955015684654,309.499962568574,74.9729934914483,309.499962568574,74.9729934914483,309.499962568574,-722.1618085007102,-640.8552518353121,-487.6348394235846,0.0,600,coefficient_parameter_uncertainty_only_on_constrained_structural_allocation_not_full_predictive_interval,-630.3482874630351,0.20923250887089503,,actual_2023_plus_structural_and_continuity_models,False,,ppml_russia_inbound_structural_allocation_v3,Structural under-representation gap relative to demographic continuity,data/model/gravity_model_report.json,actual=2023;capacity=2026,not_applicable_model_output,"{""actual_students_latest"": 665.0, ""demographic_continuity_baseline"": 797.1348019921586, ""model_based_attraction_capacity"": 166.78651452912348, ""probability_positive_representation_gap"": 0.0, ""representation_gap"": -630.3482874630351, ""representation_gap_parameter_high"": -487.6348394235846, ""representation_gap_parameter_low"": -722.1618085007102}",students_capacity_equivalent,calculated_structural_gap,9e22c41768ecc2a32ea8f418f12944d813c97ce0ee267aea4c0da147fd77d4c6,mgimo_platform2.models.educational_migration_v3::build_structural_forecast_v3,gap_abs is structural capacity minus demographic continuity baseline under the same aggregate total; positive and negative gaps are reallocative and do not sum to additional national enrolment,-722.1618085007102,-640.8552518353121,-487.6348394235846,,,,0.0,0.0,likely_nonpositive,
ppml_russia_inbound_structural_allocation_v3,CIV,Côte d'Ivoire,767.0,2023,unesco_uis_opri_202602,data/raw/uis_opri/OPRI_202602.zip::OPRI_DATA_NATIONAL.csv,2026-06-20T02:46:44+00:00,767,students,official_or_reference,7e35482e817d63b0cf638fb695f8a9fd2df9139ae830c0d13f2eba4706d50eca,4dfb429afd570b9e,135.8962945115405,814.7232326191097,-678.8269381075692,135.8962945115405,2026,49.05605797228268,129.08828560038722,299.7665320118258,49.05605797228268,299.7665320118258,49.05605797228268,299.7665320118258,-765.667174646827,-685.6349470187224,-514.9567006072839,0.0,600,coefficient_parameter_uncertainty_only_on_constrained_structural_allocation_not_full_predictive_interval,-678.8269381075692,0.1668005637628272,,actual_2023_plus_structural_and_continuity_models,False,,ppml_russia_inbound_structural_allocation_v3,Structural under-representation gap relative to demographic continuity,data/model/gravity_model_report.json,actual=2023;capacity=2026,not_applicable_model_output,"{""actual_students_latest"": 767.0, ""demographic_continuity_baseline"": 814.7232326191097, ""model_based_attraction_capacity"": 135.8962945115405, ""probability_positive_representation_gap"": 0.0, ""representation_gap"": -678.8269381075692, ""representation_gap_parameter_high"": -514.9567006072839, ""representation_gap_parameter_low"": -765.667174646827}",students_capacity_equivalent,calculated_structural_gap,9e22c41768ecc2a32ea8f418f12944d813c97ce0ee267aea4c0da147fd77d4c6,mgimo_platform2.models.educational_migration_v3::build_structural_forecast_v3,gap_abs is structural capacity minus demographic continuity baseline under the same aggregate total; positive and negative gaps are reallocative and do not sum to additional national enrolment,-765.667174646827,-685.6349470187224,-514.9567006072839,,,,0.0,0.0,likely_nonpositive,
ppml_russia_inbound_structural_allocation_v3,AGO,Angola,686.0,2023,unesco_uis_opri_202602,data/raw/uis_opri/OPRI_202602.zip::OPRI_DATA_NATIONAL.csv,2026-06-20T02:46:44+00:00,686,students,official_or_reference,7e35482e817d63b0cf638fb695f8a9fd2df9139ae830c0d13f2eba4706d50eca,3d60614c34fccc2d,212.32188611243427,899.8306900439346,-687.5088039315003,212.32188611243427,2026,96.62569183561916,199.4656633790085,363.1025799616447,96.62569183561916,363.1025799616447,96.62569183561916,363.1025799616447,-803.2049982083155,-700.3650266649262,-536.7281100822898,0.0,600,coefficient_parameter_uncertainty_only_on_constrained_structural_allocation_not_full_predictive_interval,-687.5088039315003,0.23595759564731847,,actual_2023_plus_structural_and_continuity_models,False,,ppml_russia_inbound_structural_allocation_v3,Structural under-representation gap relative to demographic continuity,data/model/gravity_model_report.json,actual=2023;capacity=2026,not_applicable_model_output,"{""actual_students_latest"": 686.0, ""demographic_continuity_baseline"": 899.8306900439346, ""model_based_attraction_capacity"": 212.32188611243427, ""probability_positive_representation_gap"": 0.0, ""representation_gap"": -687.5088039315003, ""representation_gap_parameter_high"": -536.7281100822898, ""representation_gap_parameter_low"": -803.2049982083155}",students_capacity_equivalent,calculated_structural_gap,9e22c41768ecc2a32ea8f418f12944d813c97ce0ee267aea4c0da147fd77d4c6,mgimo_platform2.models.educational_migration_v3::build_structural_forecast_v3,gap_abs is structural capacity minus demographic continuity baseline under the same aggregate total; positive and negative gaps are reallocative and do not sum to additional national enrolment,-803.2049982083155,-700.3650266649262,-536.7281100822898,,,,0.0,0.0,likely_nonpositive,
ppml_russia_inbound_structural_allocation_v3,YEM,Yemen,1576.0,2023,unesco_uis_opri_202602,data/raw/uis_opri/OPRI_202602.zip::OPRI_DATA_NATIONAL.csv,2026-06-20T02:46:44+00:00,1576,students,official_or_reference,7e35482e817d63b0cf638fb695f8a9fd2df9139ae830c0d13f2eba4706d50eca,8256af78923a6bd2,875.3126631989473,1567.7862414916133,-692.4735782926659,875.3126631989473,2026,268.53722485048166,832.2242269227715,2168.136169535184,268.53722485048166,2168.136169535184,268.53722485048166,2168.136169535184,-1299.2490166411317,-735.5620145688417,600.3499280435706,0.11666666666666667,600,coefficient_parameter_uncertainty_only_on_constrained_structural_allocation_not_full_predictive_interval,-692.4735782926659,0.5583112289377937,,actual_2023_plus_structural_and_continuity_models,False,,ppml_russia_inbound_structural_allocation_v3,Structural under-representation gap relative to demographic continuity,data/model/gravity_model_report.json,actual=2023;capacity=2026,not_applicable_model_output,"{""actual_students_latest"": 1576.0, ""demographic_continuity_baseline"": 1567.7862414916133, ""model_based_attraction_capacity"": 875.3126631989473, ""probability_positive_representation_gap"": 0.11666666666666667, ""representation_gap"": -692.4735782926659, ""representation_gap_parameter_high"": 600.3499280435706, ""representation_gap_parameter_low"": -1299.2490166411317}",students_capacity_equivalent,calculated_structural_gap,9e22c41768ecc2a32ea8f418f12944d813c97ce0ee267aea4c0da147fd77d4c6,mgimo_platform2.models.educational_migration_v3::build_structural_forecast_v3,gap_abs is structural capacity minus demographic continuity baseline under the same aggregate total; positive and negative gaps are reallocative and do not sum to additional national enrolment,-1299.2490166411317,-735.5620145688417,600.3499280435706,12.0,33.5,69.1,0.005,0.02,likely_nonpositive,
ppml_russia_inbound_structural_allocation_v3,COL,Colombia,1032.0,2023,unesco_uis_opri_202602,data/raw/uis_opri/OPRI_202602.zip::OPRI_DATA_NATIONAL.csv,2026-06-20T02:46:44+00:00,1032,students,official_or_reference,7e35482e817d63b0cf638fb695f8a9fd2df9139ae830c0d13f2eba4706d50eca,29f7e7e1aeb2ac6c,167.78710354730313,1040.9368638762587,-873.1497603289556,167.78710354730313,2026,59.52339837626138,156.88811776830357,433.80838107212975,59.52339837626138,433.80838107212975,59.52339837626138,433.80838107212975,-981.4134654999973,-884.0487461079551,-607.1284828041289,0.0,600,coefficient_parameter_uncertainty_only_on_constrained_structural_allocation_not_full_predictive_interval,-873.1497603289556,0.16118854982471714,,actual_2023_plus_structural_and_continuity_models,False,,ppml_russia_inbound_structural_allocation_v3,Structural under-representation gap relative to demographic continuity,data/model/gravity_model_report.json,actual=2023;capacity=2026,not_applicable_model_output,"{""actual_students_latest"": 1032.0, ""demographic_continuity_baseline"": 1040.9368638762587, ""model_based_attraction_capacity"": 167.78710354730313, ""probability_positive_representation_gap"": 0.0, ""representation_gap"": -873.1497603289556, ""representation_gap_parameter_high"": -607.1284828041289, ""representation_gap_parameter_low"": -981.4134654999973}",students_capacity_equivalent,calculated_structural_gap,9e22c41768ecc2a32ea8f418f12944d813c97ce0ee267aea4c0da147fd77d4c6,mgimo_platform2.models.educational_migration_v3::build_structural_forecast_v3,gap_abs is structural capacity minus demographic continuity baseline under the same aggregate total; positive and negative gaps are reallocative and do not sum to additional national enrolment,-981.4134654999973,-884.0487461079551,-607.1284828041289,,,,0.0,0.0,likely_nonpositive,
ppml_russia_inbound_structural_allocation_v3,JOR,Jordan,1605.0,2023,unesco_uis_opri_202602,data/raw/uis_opri/OPRI_202602.zip::OPRI_DATA_NATIONAL.csv,2026-06-20T02:46:44+00:00,1605,students,official_or_reference,7e35482e817d63b0cf638fb695f8a9fd2df9139ae830c0d13f2eba4706d50eca,2e28826253a13a5b,618.8846444424693,1558.781187542353,-939.8965430998838,618.8846444424693,2026,211.0821923687642,590.8419834786587,1400.2771667850066,211.0821923687642,1400.2771667850066,211.0821923687642,1400.2771667850066,-1347.6989951735889,-967.9392040636944,-158.50402075734664,0.008333333333333333,600,coefficient_parameter_uncertainty_only_on_constrained_structural_allocation_not_full_predictive_interval,-939.8965430998838,0.3970311223849395,,actual_2023_plus_structural_and_continuity_models,False,,ppml_russia_inbound_structural_allocation_v3,Structural under-representation gap relative to demographic continuity,data/model/gravity_model_report.json,actual=2023;capacity=2026,not_applicable_model_output,"{""actual_students_latest"": 1605.0, ""demographic_continuity_baseline"": 1558.781187542353, ""model_based_attraction_capacity"": 618.8846444424693, ""probability_positive_representation_gap"": 0.008333333333333333, ""representation_gap"": -939.8965430998838, ""representation_gap_parameter_high"": -158.50402075734664, ""representation_gap_parameter_low"": -1347.6989951735889}",students_capacity_equivalent,calculated_structural_gap,9e22c41768ecc2a32ea8f418f12944d813c97ce0ee267aea4c0da147fd77d4c6,mgimo_platform2.models.educational_migration_v3::build_structural_forecast_v3,gap_abs is structural capacity minus demographic continuity baseline under the same aggregate total; positive and negative gaps are reallocative and do not sum to additional national enrolment,-1347.6989951735889,-967.9392040636944,-158.50402075734664,29.8,47.0,82.39999999999999,0.0,0.0,likely_nonpositive,
ppml_russia_inbound_structural_allocation_v3,AFG,Afghanistan,1469.0,2023,unesco_uis_opri_202602,data/raw/uis_opri/OPRI_202602.zip::OPRI_DATA_NATIONAL.csv,2026-06-20T02:46:44+00:00,1469,students,official_or_reference,7e35482e817d63b0cf638fb695f8a9fd2df9139ae830c0d13f2eba4706d50eca,e12b108c74f46d89,533.8919866383183,1549.3493685726214,-1015.4573819343032,533.8919866383183,2026,99.50838536301619,509.23110475639425,2330.3962714639297,99.50838536301619,2330.3962714639297,99.50838536301619,2330.3962714639297,-1449.8409832096054,-1040.1182638162272,781.046902891308,0.10166666666666667,600,coefficient_parameter_uncertainty_only_on_constrained_structural_allocation_not_full_predictive_interval,-1015.4573819343032,0.34459108931007615,,actual_2023_plus_structural_and_continuity_models,False,,ppml_russia_inbound_structural_allocation_v3,Structural under-representation gap relative to demographic continuity,data/model/gravity_model_report.json,actual=2023;capacity=2026,not_applicable_model_output,"{""actual_students_latest"": 1469.0, ""demographic_continuity_baseline"": 1549.3493685726214, ""model_based_attraction_capacity"": 533.8919866383183, ""probability_positive_representation_gap"": 0.10166666666666667, ""representation_gap"": -1015.4573819343032, ""representation_gap_parameter_high"": 781.046902891308, ""representation_gap_parameter_low"": -1449.8409832096054}",students_capacity_equivalent,calculated_structural_gap,9e22c41768ecc2a32ea8f418f12944d813c97ce0ee267aea4c0da147fd77d4c6,mgimo_platform2.models.educational_migration_v3::build_structural_forecast_v3,gap_abs is structural capacity minus demographic continuity baseline under the same aggregate total; positive and negative gaps are reallocative and do not sum to additional national enrolment,-1449.8409832096054,-1040.1182638162272,781.046902891308,11.0,25.0,54.0,0.005,0.035,likely_nonpositive,
ppml_russia_inbound_structural_allocation_v3,NGA,Nigeria,1950.0,2023,unesco_uis_opri_202602,data/raw/uis_opri/OPRI_202602.zip::OPRI_DATA_NATIONAL.csv,2026-06-20T02:46:44+00:00,1950,students,official_or_reference,7e35482e817d63b0cf638fb695f8a9fd2df9139ae830c0d13f2eba4706d50eca,ada312ed593056d0,912.0281583793426,1969.439927394224,-1057.4117690148814,912.0281583793426,2026,280.5816771310839,878.3834405028048,2323.8481823360858,280.5816771310839,2323.8481823360858,280.5816771310839,2323.8481823360858,-1688.8582502631402,-1091.0564868914194,354.40825494186157,0.065,600,coefficient_parameter_uncertainty_only_on_constrained_structural_allocation_not_full_predictive_interval,-1057.4117690148814,0.46309011292669977,,actual_2023_plus_structural_and_continuity_models,False,,ppml_russia_inbound_structural_allocation_v3,Structural under-representation gap relative to demographic continuity,data/model/gravity_model_report.json,actual=2023;capacity=2026,not_applicable_model_output,"{""actual_students_latest"": 1950.0, ""demographic_continuity_baseline"": 1969.439927394224, ""model_based_attraction_capacity"": 912.0281583793426, ""probability_positive_representation_gap"": 0.065, ""representation_gap"": -1057.4117690148814, ""representation_gap_parameter_high"": 354.40825494186157, ""representation_gap_parameter_low"": -1688.8582502631402}",students_capacity_equivalent,calculated_structural_gap,9e22c41768ecc2a32ea8f418f12944d813c97ce0ee267aea4c0da147fd77d4c6,mgimo_platform2.models.educational_migration_v3::build_structural_forecast_v3,gap_abs is structural capacity minus demographic continuity baseline under the same aggregate total; positive and negative gaps are reallocative and do not sum to additional national enrolment,-1688.8582502631402,-1091.0564868914194,354.40825494186157,14.5,32.0,59.1,0.0033333333333333335,0.011666666666666667,likely_nonpositive,
ppml_russia_inbound_structural_allocation_v3,ECU,Ecuador,1446.0,2023,unesco_uis_opri_202602,data/raw/uis_opri/OPRI_202602.zip::OPRI_DATA_NATIONAL.csv,2026-06-20T02:46:44+00:00,1446,students,official_or_reference,7e35482e817d63b0cf638fb695f8a9fd2df9139ae830c0d13f2eba4706d50eca,9ce97e504691a042,69.44438533466639,1480.6770106423726,-1411.2326253077063,69.44438533466639,2026,25.983086140386504,64.3607939511782,168.33869679269944,25.983086140386504,168.33869679269944,25.983086140386504,168.33869679269944,-1454.693924501986,-1416.3162166911943,-1312.338313849673,0.0,600,coefficient_parameter_uncertainty_only_on_constrained_structural_allocation_not_full_predictive_interval,-1411.2326253077063,0.0469004278688293,,actual_2023_plus_structural_and_continuity_models,False,,ppml_russia_inbound_structural_allocation_v3,Structural under-representation gap relative to demographic continuity,data/model/gravity_model_report.json,actual=2023;capacity=2026,not_applicable_model_output,"{""actual_students_latest"": 1446.0, ""demographic_continuity_baseline"": 1480.6770106423726, ""model_based_attraction_capacity"": 69.44438533466639, ""probability_positive_representation_gap"": 0.0, ""representation_gap"": -1411.2326253077063, ""representation_gap_parameter_high"": -1312.338313849673, ""representation_gap_parameter_low"": -1454.693924501986}",students_capacity_equivalent,calculated_structural_gap,9e22c41768ecc2a32ea8f418f12944d813c97ce0ee267aea4c0da147fd77d4c6,mgimo_platform2.models.educational_migration_v3::build_structural_forecast_v3,gap_abs is structural capacity minus demographic continuity baseline under the same aggregate total; positive and negative gaps are reallocative and do not sum to additional national enrolment,-1454.693924501986,-1416.3162166911943,-1312.338313849673,,,,0.0,0.0,likely_nonpositive,
ppml_russia_inbound_structural_allocation_v3,IRQ,Iraq,2919.0,2023,unesco_uis_opri_202602,data/raw/uis_opri/OPRI_202602.zip::OPRI_DATA_NATIONAL.csv,2026-06-20T02:46:44+00:00,2919,students,official_or_reference,7e35482e817d63b0cf638fb695f8a9fd2df9139ae830c0d13f2eba4706d50eca,58dc973afdf3410f,2086.065608811591,3868.1551899508563,-1782.0895811392652,2086.065608811591,2026,571.5216191719163,1946.7393788697639,6447.256190239617,571.5216191719163,6447.256190239617,571.5216191719163,6447.256190239617,-3296.63357077894,-1921.4158110810924,2579.1010002887606,0.15,600,coefficient_parameter_uncertainty_only_on_constrained_structural_allocation_not_full_predictive_interval,-1782.0895811392652,0.5392921189488507,,actual_2023_plus_structural_and_continuity_models,False,,ppml_russia_inbound_structural_allocation_v3,Structural under-representation gap relative to demographic continuity,data/model/gravity_model_report.json,actual=2023;capacity=2026,not_applicable_model_output,"{""actual_students_latest"": 2919.0, ""demographic_continuity_baseline"": 3868.1551899508563, ""model_based_attraction_capacity"": 2086.065608811591, ""probability_positive_representation_gap"": 0.15, ""representation_gap"": -1782.0895811392652, ""representation_gap_parameter_high"": 2579.1010002887606, ""representation_gap_parameter_low"": -3296.63357077894}",students_capacity_equivalent,calculated_structural_gap,9e22c41768ecc2a32ea8f418f12944d813c97ce0ee267aea4c0da147fd77d4c6,mgimo_platform2.models.educational_migration_v3::build_structural_forecast_v3,gap_abs is structural capacity minus demographic continuity baseline under the same aggregate total; positive and negative gaps are reallocative and do not sum to additional national enrolment,-3296.63357077894,-1921.4158110810924,2579.1010002887606,5.0,11.0,39.55,0.07,0.10666666666666667,likely_nonpositive,
ppml_russia_inbound_structural_allocation_v3,MNG,Mongolia,2019.0,2023,unesco_uis_opri_202602,data/raw/uis_opri/OPRI_202602.zip::OPRI_DATA_NATIONAL.csv,2026-06-20T02:46:44+00:00,2019,students,official_or_reference,7e35482e817d63b0cf638fb695f8a9fd2df9139ae830c0d13f2eba4706d50eca,e7a4b005533ade25,217.04054126450617,2239.308258702371,-2022.2677174378648,217.04054126450617,2026,59.016875026013466,205.05662482695698,659.0909131095539,59.016875026013466,659.0909131095539,59.016875026013466,659.0909131095539,-2180.2913836763573,-2034.251633875414,-1580.217345592817,0.0016666666666666668,600,coefficient_parameter_uncertainty_only_on_constrained_structural_allocation_not_full_predictive_interval,-2022.2677174378648,0.09692302987810901,,actual_2023_plus_structural_and_continuity_models,False,,ppml_russia_inbound_structural_allocation_v3,Structural under-representation gap relative to demographic continuity,data/model/gravity_model_report.json,actual=2023;capacity=2026,not_applicable_model_output,"{""actual_students_latest"": 2019.0, ""demographic_continuity_baseline"": 2239.308258702371, ""model_based_attraction_capacity"": 217.04054126450617, ""probability_positive_representation_gap"": 0.0016666666666666668, ""representation_gap"": -2022.2677174378648, ""representation_gap_parameter_high"": -1580.217345592817, ""representation_gap_parameter_low"": -2180.2913836763573}",students_capacity_equivalent,calculated_structural_gap,9e22c41768ecc2a32ea8f418f12944d813c97ce0ee267aea4c0da147fd77d4c6,mgimo_platform2.models.educational_migration_v3::build_structural_forecast_v3,gap_abs is structural capacity minus demographic continuity baseline under the same aggregate total; positive and negative gaps are reallocative and do not sum to additional national enrolment,-2180.2913836763573,-2034.251633875414,-1580.217345592817,50.0,50.0,50.0,0.0,0.0,likely_nonpositive,
ppml_russia_inbound_structural_allocation_v3,IRN,"Iran, Islamic Republic of",8462.0,2023,unesco_uis_opri_202602,data/raw/uis_opri/OPRI_202602.zip::OPRI_DATA_NATIONAL.csv,2026-06-20T02:46:44+00:00,8462,students,official_or_reference,7e35482e817d63b0cf638fb695f8a9fd2df9139ae830c0d13f2eba4706d50eca,1c8273ca8394ab2d,4197.784923818317,6455.385655405418,-2257.600731587101,4197.784923818317,2026,1857.2502183719873,3953.7043588767624,7676.561639547713,1857.2502183719873,7676.561639547713,1857.2502183719873,7676.561639547713,-4598.135437033431,-2501.681296528656,1221.1759841422947,0.07666666666666666,600,coefficient_parameter_uncertainty_only_on_constrained_structural_allocation_not_full_predictive_interval,-2257.600731587101,0.6502763967793778,,actual_2023_plus_structural_and_continuity_models,False,,ppml_russia_inbound_structural_allocation_v3,Structural under-representation gap relative to demographic continuity,data/model/gravity_model_report.json,actual=2023;capacity=2026,not_applicable_model_output,"{""actual_students_latest"": 8462.0, ""demographic_continuity_baseline"": 6455.385655405418, ""model_based_attraction_capacity"": 4197.784923818317, ""probability_positive_representation_gap"": 0.07666666666666666, ""representation_gap"": -2257.600731587101, ""representation_gap_parameter_high"": 1221.1759841422947, ""representation_gap_parameter_low"": -4598.135437033431}",students_capacity_equivalent,calculated_structural_gap,9e22c41768ecc2a32ea8f418f12944d813c97ce0ee267aea4c0da147fd77d4c6,mgimo_platform2.models.educational_migration_v3::build_structural_forecast_v3,gap_abs is structural capacity minus demographic continuity baseline under the same aggregate total; positive and negative gaps are reallocative and do not sum to additional national enrolment,-4598.135437033431,-2501.681296528656,1221.1759841422947,6.25,12.0,46.0,0.035,0.058333333333333334,likely_nonpositive,
ppml_russia_inbound_structural_allocation_v3,MAR,Morocco,3712.0,2023,unesco_uis_opri_202602,data/raw/uis_opri/OPRI_202602.zip::OPRI_DATA_NATIONAL.csv,2026-06-20T02:46:44+00:00,3712,students,official_or_reference,7e35482e817d63b0cf638fb695f8a9fd2df9139ae830c0d13f2eba4706d50eca,b9b1919fc603d37b,1001.5836549017462,3576.8314013641393,-2575.247746462393,1001.5836549017462,2026,468.2341005027722,934.9524785004292,1866.6590753271735,468.2341005027722,1866.6590753271735,468.2341005027722,1866.6590753271735,-3108.5973008613673,-2641.8789228637106,-1710.1723260369658,0.0,600,coefficient_parameter_uncertainty_only_on_constrained_structural_allocation_not_full_predictive_interval,-2575.247746462393,0.2800198115348015,,actual_2023_plus_structural_and_continuity_models,False,,ppml_russia_inbound_structural_allocation_v3,Structural under-representation gap relative to demographic continuity,data/model/gravity_model_report.json,actual=2023;capacity=2026,not_applicable_model_output,"{""actual_students_latest"": 3712.0, ""demographic_continuity_baseline"": 3576.8314013641393, ""model_based_attraction_capacity"": 1001.5836549017462, ""probability_positive_representation_gap"": 0.0, ""representation_gap"": -2575.247746462393, ""representation_gap_parameter_high"": -1710.1723260369658, ""representation_gap_parameter_low"": -3108.5973008613673}",students_capacity_equivalent,calculated_structural_gap,9e22c41768ecc2a32ea8f418f12944d813c97ce0ee267aea4c0da147fd77d4c6,mgimo_platform2.models.educational_migration_v3::build_structural_forecast_v3,gap_abs is structural capacity minus demographic continuity baseline under the same aggregate total; positive and negative gaps are reallocative and do not sum to additional national enrolment,-3108.5973008613673,-2641.8789228637106,-1710.1723260369658,,,,0.0,0.0,likely_nonpositive,
ppml_russia_inbound_structural_allocation_v3,MDA,"Moldova, Republic of",2788.0,2023,unesco_uis_opri_202602,data/raw/uis_opri/OPRI_202602.zip::OPRI_DATA_NATIONAL.csv,2026-06-20T02:46:44+00:00,2788,students,official_or_reference,7e35482e817d63b0cf638fb695f8a9fd2df9139ae830c0d13f2eba4706d50eca,f2596e6b84b803a1,360.4303722930647,3034.709359081512,-2674.2789867884476,360.4303722930647,2026,45.503686744195136,332.76736536070285,2108.1090502992865,45.503686744195136,2108.1090502992865,45.503686744195136,2108.1090502992865,-2989.2056723373166,-2701.9419937208095,-926.6003087822254,0.008333333333333333,600,coefficient_parameter_uncertainty_only_on_constrained_structural_allocation_not_full_predictive_interval,-2674.2789867884476,0.11876932175216703,,actual_2023_plus_structural_and_continuity_models,False,,ppml_russia_inbound_structural_allocation_v3,Structural under-representation gap relative to demographic continuity,data/model/gravity_model_report.json,actual=2023;capacity=2026,not_applicable_model_output,"{""actual_students_latest"": 2788.0, ""demographic_continuity_baseline"": 3034.709359081512, ""model_based_attraction_capacity"": 360.4303722930647, ""probability_positive_representation_gap"": 0.008333333333333333, ""representation_gap"": -2674.2789867884476, ""representation_gap_parameter_high"": -926.6003087822254, ""representation_gap_parameter_low"": -2989.2056723373166}",students_capacity_equivalent,calculated_structural_gap,9e22c41768ecc2a32ea8f418f12944d813c97ce0ee267aea4c0da147fd77d4c6,mgimo_platform2.models.educational_migration_v3::build_structural_forecast_v3,gap_abs is structural capacity minus demographic continuity baseline under the same aggregate total; positive and negative gaps are reallocative and do not sum to additional national enrolment,-2989.2056723373166,-2701.9419937208095,-926.6003087822254,7.4,14.0,27.799999999999997,0.0016666666666666668,0.006666666666666667,likely_nonpositive,
ppml_russia_inbound_structural_allocation_v3,KGZ,Kyrgyzstan,8412.0,2023,unesco_uis_opri_202602,data/raw/uis_opri/OPRI_202602.zip::OPRI_DATA_NATIONAL.csv,2026-06-20T02:46:44+00:00,8412,students,official_or_reference,7e35482e817d63b0cf638fb695f8a9fd2df9139ae830c0d13f2eba4706d50eca,b09bec936924fbc8,4686.673319441329,9255.894278361904,-4569.220958920575,4686.673319441329,2026,1743.1176403801426,4363.198835459156,9828.033087212176,1743.1176403801426,9828.033087212176,1743.1176403801426,9828.033087212176,-7512.776637981761,-4892.695442902748,572.1388088502725,0.035,600,coefficient_parameter_uncertainty_only_on_constrained_structural_allocation_not_full_predictive_interval,-4569.220958920575,0.5063447332579916,,actual_2023_plus_structural_and_continuity_models,False,,ppml_russia_inbound_structural_allocation_v3,Structural under-representation gap relative to demographic continuity,data/model/gravity_model_report.json,actual=2023;capacity=2026,not_applicable_model_output,"{""actual_students_latest"": 8412.0, ""demographic_continuity_baseline"": 9255.894278361904, ""model_based_attraction_capacity"": 4686.673319441329, ""probability_positive_representation_gap"": 0.035, ""representation_gap"": -4569.220958920575, ""representation_gap_parameter_high"": 572.1388088502725, ""representation_gap_parameter_low"": -7512.776637981761}",students_capacity_equivalent,calculated_structural_gap,9e22c41768ecc2a32ea8f418f12944d813c97ce0ee267aea4c0da147fd77d4c6,mgimo_platform2.models.educational_migration_v3::build_structural_forecast_v3,gap_abs is structural capacity minus demographic continuity baseline under the same aggregate total; positive and negative gaps are reallocative and do not sum to additional national enrolment,-7512.776637981761,-4892.695442902748,572.1388088502725,6.0,10.0,24.0,0.018333333333333333,0.03166666666666667,likely_nonpositive,
ppml_russia_inbound_structural_allocation_v3,IND,India,24904.0,2023,unesco_uis_opri_202602,data/raw/uis_opri/OPRI_202602.zip::OPRI_DATA_NATIONAL.csv,2026-06-20T02:46:44+00:00,24904,students,official_or_reference,7e35482e817d63b0cf638fb695f8a9fd2df9139ae830c0d13f2eba4706d50eca,6a10a72bb854f9f8,13183.467408679997,20041.648942881486,-6858.181534201489,13183.467408679997,2026,6919.832940931717,12347.641086905212,21208.700345380334,6919.832940931717,21208.700345380334,6919.832940931717,21208.700345380334,-13121.81600194977,-7694.007855976274,1167.0514024988481,0.03333333333333333,600,coefficient_parameter_uncertainty_only_on_constrained_structural_allocation_not_full_predictive_interval,-6858.181534201489,0.6578035293529368,,actual_2023_plus_structural_and_continuity_models,False,,ppml_russia_inbound_structural_allocation_v3,Structural under-representation gap relative to demographic continuity,data/model/gravity_model_report.json,actual=2023;capacity=2026,not_applicable_model_output,"{""actual_students_latest"": 24904.0, ""demographic_continuity_baseline"": 20041.648942881486, ""model_based_attraction_capacity"": 13183.467408679997, ""probability_positive_representation_gap"": 0.03333333333333333, ""representation_gap"": -6858.181534201489, ""representation_gap_parameter_high"": 1167.0514024988481, ""representation_gap_parameter_low"": -13121.81600194977}",students_capacity_equivalent,calculated_structural_gap,9e22c41768ecc2a32ea8f418f12944d813c97ce0ee267aea4c0da147fd77d4c6,mgimo_platform2.models.educational_migration_v3::build_structural_forecast_v3,gap_abs is structural capacity minus demographic continuity baseline under the same aggregate total; positive and negative gaps are reallocative and do not sum to additional national enrolment,-13121.81600194977,-7694.007855976274,1167.0514024988481,4.0,8.0,19.450000000000006,0.018333333333333333,0.03166666666666667,likely_nonpositive,
ppml_russia_inbound_structural_allocation_v3,EGY,Egypt,15408.0,2023,unesco_uis_opri_202602,data/raw/uis_opri/OPRI_202602.zip::OPRI_DATA_NATIONAL.csv,2026-06-20T02:46:44+00:00,15408,students,official_or_reference,7e35482e817d63b0cf638fb695f8a9fd2df9139ae830c0d13f2eba4706d50eca,ef74dc10df08fe5d,1924.2413344466268,13918.65317526779,-11994.411840821162,1924.2413344466268,2026,708.4778914308903,1863.2128653627537,4225.50363954382,708.4778914308903,4225.50363954382,708.4778914308903,4225.50363954382,-13210.175283836898,-12055.440309905036,-9693.14953572397,0.0,600,coefficient_parameter_uncertainty_only_on_constrained_structural_allocation_not_full_predictive_interval,-11994.411840821162,0.13824910429306714,,actual_2023_plus_structural_and_continuity_models,False,,ppml_russia_inbound_structural_allocation_v3,Structural under-representation gap relative to demographic continuity,data/model/gravity_model_report.json,actual=2023;capacity=2026,not_applicable_model_output,"{""actual_students_latest"": 15408.0, ""demographic_continuity_baseline"": 13918.65317526779, ""model_based_attraction_capacity"": 1924.2413344466268, ""probability_positive_representation_gap"": 0.0, ""representation_gap"": -11994.411840821162, ""representation_gap_parameter_high"": -9693.14953572397, ""representation_gap_parameter_low"": -13210.175283836898}",students_capacity_equivalent,calculated_structural_gap,9e22c41768ecc2a32ea8f418f12944d813c97ce0ee267aea4c0da147fd77d4c6,mgimo_platform2.models.educational_migration_v3::build_structural_forecast_v3,gap_abs is structural capacity minus demographic continuity baseline under the same aggregate total; positive and negative gaps are reallocative and do not sum to additional national enrolment,-13210.175283836898,-12055.440309905036,-9693.14953572397,,,,0.0,0.0,likely_nonpositive,
ppml_russia_inbound_structural_allocation_v3,CHN,China,46046.0,2023,unesco_uis_opri_202602,data/raw/uis_opri/OPRI_202602.zip::OPRI_DATA_NATIONAL.csv,2026-06-20T02:46:44+00:00,46046,students,official_or_reference,7e35482e817d63b0cf638fb695f8a9fd2df9139ae830c0d13f2eba4706d50eca,fc154fa0ac4baf49,26604.299844386358,39231.18832331925,-12626.888478932891,26604.299844386358,2026,17302.816952275563,24874.925885480105,33353.67274027449,17302.816952275563,33353.67274027449,17302.816952275563,33353.67274027449,-21928.371371043686,-14356.262437839145,-5877.515583044764,0.0033333333333333335,600,coefficient_parameter_uncertainty_only_on_constrained_structural_allocation_not_full_predictive_interval,-12626.888478932891,0.678141575145013,,actual_2023_plus_structural_and_continuity_models,False,,ppml_russia_inbound_structural_allocation_v3,Structural under-representation gap relative to demographic continuity,data/model/gravity_model_report.json,actual=2023;capacity=2026,not_applicable_model_output,"{""actual_students_latest"": 46046.0, ""demographic_continuity_baseline"": 39231.18832331925, ""model_based_attraction_capacity"": 26604.299844386358, ""probability_positive_representation_gap"": 0.0033333333333333335, ""representation_gap"": -12626.888478932891, ""representation_gap_parameter_high"": -5877.515583044764, ""representation_gap_parameter_low"": -21928.371371043686}",students_capacity_equivalent,calculated_structural_gap,9e22c41768ecc2a32ea8f418f12944d813c97ce0ee267aea4c0da147fd77d4c6,mgimo_platform2.models.educational_migration_v3::build_structural_forecast_v3,gap_abs is structural capacity minus demographic continuity baseline under the same aggregate total; positive and negative gaps are reallocative and do not sum to additional national enrolment,-21928.371371043686,-14356.262437839145,-5877.515583044764,11.05,29.5,47.949999999999996,0.0016666666666666668,0.0016666666666666668,likely_nonpositive,
ppml_russia_inbound_structural_allocation_v3,TJK,Tajikistan,27449.0,2023,unesco_uis_opri_202602,data/raw/uis_opri/OPRI_202602.zip::OPRI_DATA_NATIONAL.csv,2026-06-20T02:46:44+00:00,27449,students,official_or_reference,7e35482e817d63b0cf638fb695f8a9fd2df9139ae830c0d13f2eba4706d50eca,4ff82b21f14a58f6,9216.647443720536,26706.851278046288,-17490.20383432575,9216.647443720536,2026,3358.4473974128005,8533.22358334165,17704.33343895575,3358.4473974128005,17704.33343895575,3358.4473974128005,17704.33343895575,-23348.403880633487,-18173.627694704635,-9002.517839090538,0.0,600,coefficient_parameter_uncertainty_only_on_constrained_structural_allocation_not_full_predictive_interval,-17490.20383432575,0.3451042336577077,,actual_2023_plus_structural_and_continuity_models,False,,ppml_russia_inbound_structural_allocation_v3,Structural under-representation gap relative to demographic continuity,data/model/gravity_model_report.json,actual=2023;capacity=2026,not_applicable_model_output,"{""actual_students_latest"": 27449.0, ""demographic_continuity_baseline"": 26706.851278046288, ""model_based_attraction_capacity"": 9216.647443720536, ""probability_positive_representation_gap"": 0.0, ""representation_gap"": -17490.20383432575, ""representation_gap_parameter_high"": -9002.517839090538, ""representation_gap_parameter_low"": -23348.403880633487}",students_capacity_equivalent,calculated_structural_gap,9e22c41768ecc2a32ea8f418f12944d813c97ce0ee267aea4c0da147fd77d4c6,mgimo_platform2.models.educational_migration_v3::build_structural_forecast_v3,gap_abs is structural capacity minus demographic continuity baseline under the same aggregate total; positive and negative gaps are reallocative and do not sum to additional national enrolment,-23348.403880633487,-18173.627694704635,-9002.517839090538,,,,0.0,0.0,likely_nonpositive,
ppml_russia_inbound_structural_allocation_v3,UZB,Uzbekistan,42074.0,2023,unesco_uis_opri_202602,data/raw/uis_opri/OPRI_202602.zip::OPRI_DATA_NATIONAL.csv,2026-06-20T02:46:44+00:00,42074,students,official_or_reference,7e35482e817d63b0cf638fb695f8a9fd2df9139ae830c0d13f2eba4706d50eca,8c2af4dfef6e7d69,62115.97229106037,43823.22096242717,18292.751328633196,62115.97229106037,2026,24698.28251796387,61219.396270686026,105188.96953800625,24698.28251796387,105188.96953800625,24698.28251796387,105188.96953800625,-19124.9384444633,17396.175308258855,61365.74857557908,0.7683333333333333,600,coefficient_parameter_uncertainty_only_on_constrained_structural_allocation_not_full_predictive_interval,18292.751328633196,1.4174214246898214,,actual_2023_plus_structural_and_continuity_models,True,existing_mgimo_presence,ppml_russia_inbound_structural_allocation_v3,Structural under-representation gap relative to demographic continuity,data/model/gravity_model_report.json,actual=2023;capacity=2026,not_applicable_model_output,"{""actual_students_latest"": 42074.0, ""demographic_continuity_baseline"": 43823.22096242717, ""model_based_attraction_capacity"": 62115.97229106037, ""probability_positive_representation_gap"": 0.7683333333333333, ""representation_gap"": 18292.751328633196, ""representation_gap_parameter_high"": 61365.74857557908, ""representation_gap_parameter_low"": -19124.9384444633}",students_capacity_equivalent,calculated_structural_gap,9e22c41768ecc2a32ea8f418f12944d813c97ce0ee267aea4c0da147fd77d4c6,mgimo_platform2.models.educational_migration_v3::build_structural_forecast_v3,gap_abs is structural capacity minus demographic continuity baseline under the same aggregate total; positive and negative gaps are reallocative and do not sum to additional national enrolment,-19124.9384444633,17396.175308258855,61365.74857557908,,,,0.0,0.0,likely_positive,
ppml_russia_inbound_structural_allocation_v3,DEU,Germany,180.0,2023,unesco_uis_opri_202602,data/raw/uis_opri/OPRI_202602.zip::OPRI_DATA_NATIONAL.csv,2026-06-20T02:46:44+00:00,180,students,official_or_reference,7e35482e817d63b0cf638fb695f8a9fd2df9139ae830c0d13f2eba4706d50eca,a7a6da2128e600c1,2305.083743245833,243.66476539995884,2061.418977845874,2305.083743245833,2026,583.8464081861187,2137.412231439108,7233.222100685504,583.8464081861187,7233.222100685504,583.8464081861187,7233.222100685504,340.18164278615984,1893.7474660391488,6989.557335285545,1.0,600,coefficient_parameter_uncertainty_only_on_constrained_structural_allocation_not_full_predictive_interval,2061.418977845874,9.46006181674317,,actual_2023_plus_structural_and_continuity_models,True,unfriendly_430r,ppml_russia_inbound_structural_allocation_v3,Structural under-representation gap relative to demographic continuity,data/model/gravity_model_report.json,actual=2023;capacity=2026,not_applicable_model_output,"{""actual_students_latest"": 180.0, ""demographic_continuity_baseline"": 243.66476539995884, ""model_based_attraction_capacity"": 2305.083743245833, ""probability_positive_representation_gap"": 1.0, ""representation_gap"": 2061.418977845874, ""representation_gap_parameter_high"": 6989.557335285545, ""representation_gap_parameter_low"": 340.18164278615984}",students_capacity_equivalent,calculated_structural_gap,9e22c41768ecc2a32ea8f418f12944d813c97ce0ee267aea4c0da147fd77d4c6,mgimo_platform2.models.educational_migration_v3::build_structural_forecast_v3,gap_abs is structural capacity minus demographic continuity baseline under the same aggregate total; positive and negative gaps are reallocative and do not sum to additional national enrolment,340.18164278615984,1893.7474660391488,6989.557335285545,,,,0.0,0.0,stable_positive,
ppml_russia_inbound_structural_allocation_v3,FRA,France,106.0,2023,unesco_uis_opri_202602,data/raw/uis_opri/OPRI_202602.zip::OPRI_DATA_NATIONAL.csv,2026-06-20T02:46:44+00:00,106,students,official_or_reference,7e35482e817d63b0cf638fb695f8a9fd2df9139ae830c0d13f2eba4706d50eca,68f5b14402ac7369,2149.905618329282,211.83162015687623,1938.0739981724057,2149.905618329282,2026,570.9279713076548,2022.8748362675708,6004.82450497598,570.9279713076548,6004.82450497598,570.9279713076548,6004.82450497598,359.0963511507786,1811.0432161106946,5792.992884819104,1.0,600,coefficient_parameter_uncertainty_only_on_constrained_structural_allocation_not_full_predictive_interval,1938.0739981724057,10.149125124649123,,actual_2023_plus_structural_and_continuity_models,True,unfriendly_430r,ppml_russia_inbound_structural_allocation_v3,Structural under-representation gap relative to demographic continuity,data/model/gravity_model_report.json,actual=2023;capacity=2026,not_applicable_model_output,"{""actual_students_latest"": 106.0, ""demographic_continuity_baseline"": 211.83162015687623, ""model_based_attraction_capacity"": 2149.905618329282, ""probability_positive_representation_gap"": 1.0, ""representation_gap"": 1938.0739981724057, ""representation_gap_parameter_high"": 5792.992884819104, ""representation_gap_parameter_low"": 359.0963511507786}",students_capacity_equivalent,calculated_structural_gap,9e22c41768ecc2a32ea8f418f12944d813c97ce0ee267aea4c0da147fd77d4c6,mgimo_platform2.models.educational_migration_v3::build_structural_forecast_v3,gap_abs is structural capacity minus demographic continuity baseline under the same aggregate total; positive and negative gaps are reallocative and do not sum to additional national enrolment,359.0963511507786,1811.0432161106946,5792.992884819104,,,,0.0,0.0,stable_positive,
ppml_russia_inbound_structural_allocation_v3,ITA,Italy,130.0,2023,unesco_uis_opri_202602,data/raw/uis_opri/OPRI_202602.zip::OPRI_DATA_NATIONAL.csv,2026-06-20T02:46:44+00:00,130,students,official_or_reference,7e35482e817d63b0cf638fb695f8a9fd2df9139ae830c0d13f2eba4706d50eca,9fa9ae71646f357c,2031.5289815482229,203.91737371007417,1827.6116078381488,2031.5289815482229,2026,674.4305885835744,1879.985756150869,4804.763376731299,674.4305885835744,4804.763376731299,674.4305885835744,4804.763376731299,470.5132148735002,1676.068382440795,4600.8460030212245,1.0,600,coefficient_parameter_uncertainty_only_on_constrained_structural_allocation_not_full_predictive_interval,1827.6116078381488,9.962510523682067,,actual_2023_plus_structural_and_continuity_models,True,unfriendly_430r,ppml_russia_inbound_structural_allocation_v3,Structural under-representation gap relative to demographic continuity,data/model/gravity_model_report.json,actual=2023;capacity=2026,not_applicable_model_output,"{""actual_students_latest"": 130.0, ""demographic_continuity_baseline"": 203.91737371007417, ""model_based_attraction_capacity"": 2031.5289815482229, ""probability_positive_representation_gap"": 1.0, ""representation_gap"": 1827.6116078381488, ""representation_gap_parameter_high"": 4600.8460030212245, ""representation_gap_parameter_low"": 470.5132148735002}",students_capacity_equivalent,calculated_structural_gap,9e22c41768ecc2a32ea8f418f12944d813c97ce0ee267aea4c0da147fd77d4c6,mgimo_platform2.models.educational_migration_v3::build_structural_forecast_v3,gap_abs is structural capacity minus demographic continuity baseline under the same aggregate total; positive and negative gaps are reallocative and do not sum to additional national enrolment,470.5132148735002,1676.068382440795,4600.8460030212245,,,,0.0,0.0,stable_positive,
ppml_russia_inbound_structural_allocation_v3,ESP,Spain,53.0,2023,unesco_uis_opri_202602,data/raw/uis_opri/OPRI_202602.zip::OPRI_DATA_NATIONAL.csv,2026-06-20T02:46:44+00:00,53,students,official_or_reference,7e35482e817d63b0cf638fb695f8a9fd2df9139ae830c0d13f2eba4706d50eca,f895cd8a335720c9,1640.020813255095,63.97049039846415,1576.0503228566308,1640.020813255095,2026,619.4650653866524,1548.7558552714427,3542.2386834067956,619.4650653866524,3542.2386834067956,619.4650653866524,3542.2386834067956,555.4945749881883,1484.7853648729786,3478.2681930083313,1.0,600,coefficient_parameter_uncertainty_only_on_constrained_structural_allocation_not_full_predictive_interval,1576.0503228566308,25.637146175363224,,actual_2023_plus_structural_and_continuity_models,True,unfriendly_430r,ppml_russia_inbound_structural_allocation_v3,Structural under-representation gap relative to demographic continuity,data/model/gravity_model_report.json,actual=2023;capacity=2026,not_applicable_model_output,"{""actual_students_latest"": 53.0, ""demographic_continuity_baseline"": 63.97049039846415, ""model_based_attraction_capacity"": 1640.020813255095, ""probability_positive_representation_gap"": 1.0, ""representation_gap"": 1576.0503228566308, ""representation_gap_parameter_high"": 3478.2681930083313, ""representation_gap_parameter_low"": 555.4945749881883}",students_capacity_equivalent,calculated_structural_gap,9e22c41768ecc2a32ea8f418f12944d813c97ce0ee267aea4c0da147fd77d4c6,mgimo_platform2.models.educational_migration_v3::build_structural_forecast_v3,gap_abs is structural capacity minus demographic continuity baseline under the same aggregate total; positive and negative gaps are reallocative and do not sum to additional national enrolment,555.4945749881883,1484.7853648729786,3478.2681930083313,,,,0.0,0.0,stable_positive,
ppml_russia_inbound_structural_allocation_v3,POL,Poland,30.0,2023,unesco_uis_opri_202602,data/raw/uis_opri/OPRI_202602.zip::OPRI_DATA_NATIONAL.csv,2026-06-20T02:46:44+00:00,30,students,official_or_reference,7e35482e817d63b0cf638fb695f8a9fd2df9139ae830c0d13f2eba4706d50eca,ecefda5d91fbe63a,1177.7676847818032,42.05531045886605,1135.7123743229372,1177.7676847818032,2026,227.419414451942,1123.7034737237768,4360.304786270257,227.419414451942,4360.304786270257,227.419414451942,4360.304786270257,185.36410399307596,1081.6481632649109,4318.249475811391,1.0,600,coefficient_parameter_uncertainty_only_on_constrained_structural_allocation_not_full_predictive_interval,1135.7123743229372,28.005207236165045,,actual_2023_plus_structural_and_continuity_models,True,unfriendly_430r,ppml_russia_inbound_structural_allocation_v3,Structural under-representation gap relative to demographic continuity,data/model/gravity_model_report.json,actual=2023;capacity=2026,not_applicable_model_output,"{""actual_students_latest"": 30.0, ""demographic_continuity_baseline"": 42.05531045886605, ""model_based_attraction_capacity"": 1177.7676847818032, ""probability_positive_representation_gap"": 1.0, ""representation_gap"": 1135.7123743229372, ""representation_gap_parameter_high"": 4318.249475811391, ""representation_gap_parameter_low"": 185.36410399307596}",students_capacity_equivalent,calculated_structural_gap,9e22c41768ecc2a32ea8f418f12944d813c97ce0ee267aea4c0da147fd77d4c6,mgimo_platform2.models.educational_migration_v3::build_structural_forecast_v3,gap_abs is structural capacity minus demographic continuity baseline under the same aggregate total; positive and negative gaps are reallocative and do not sum to additional national enrolment,185.36410399307596,1081.6481632649109,4318.249475811391,,,,0.0,0.0,stable_positive,
ppml_russia_inbound_structural_allocation_v3,GRC,Greece,124.0,2023,unesco_uis_opri_202602,data/raw/uis_opri/OPRI_202602.zip::OPRI_DATA_NATIONAL.csv,2026-06-20T02:46:44+00:00,124,students,official_or_reference,7e35482e817d63b0cf638fb695f8a9fd2df9139ae830c0d13f2eba4706d50eca,3672d1a462e06fb8,1178.0755311600306,144.6368769391995,1033.438654220831,1178.0755311600306,2026,202.37377290180365,1138.707075494758,5878.148323542752,202.37377290180365,5878.148323542752,202.37377290180365,5878.148323542752,57.73689596260414,994.0701985555587,5733.511446603553,0.9916666666666667,600,coefficient_parameter_uncertainty_only_on_constrained_structural_allocation_not_full_predictive_interval,1033.438654220831,8.145056475847815,,actual_2023_plus_structural_and_continuity_models,True,unfriendly_430r,ppml_russia_inbound_structural_allocation_v3,Structural under-representation gap relative to demographic continuity,data/model/gravity_model_report.json,actual=2023;capacity=2026,not_applicable_model_output,"{""actual_students_latest"": 124.0, ""demographic_continuity_baseline"": 144.6368769391995, ""model_based_attraction_capacity"": 1178.0755311600306, ""probability_positive_representation_gap"": 0.9916666666666667, ""representation_gap"": 1033.438654220831, ""representation_gap_parameter_high"": 5733.511446603553, ""representation_gap_parameter_low"": 57.73689596260414}",students_capacity_equivalent,calculated_structural_gap,9e22c41768ecc2a32ea8f418f12944d813c97ce0ee267aea4c0da147fd77d4c6,mgimo_platform2.models.educational_migration_v3::build_structural_forecast_v3,gap_abs is structural capacity minus demographic continuity baseline under the same aggregate total; positive and negative gaps are reallocative and do not sum to additional national enrolment,57.73689596260414,994.0701985555587,5733.511446603553,,,,0.0,0.0,stable_positive,
ppml_russia_inbound_structural_allocation_v3,GBR,United Kingdom,32.0,2023,unesco_uis_opri_202602,data/raw/uis_opri/OPRI_202602.zip::OPRI_DATA_NATIONAL.csv,2026-06-20T02:46:44+00:00,32,students,official_or_reference,7e35482e817d63b0cf638fb695f8a9fd2df9139ae830c0d13f2eba4706d50eca,541e6bd6eb4957fb,1039.1364836041917,54.4606951708625,984.6757884333291,1039.1364836041917,2026,327.3592807890861,955.9213253185359,2774.8576831039773,327.3592807890861,2774.8576831039773,327.3592807890861,2774.8576831039773,272.8985856182236,901.4606301476733,2720.396987933115,1.0,600,coefficient_parameter_uncertainty_only_on_constrained_structural_allocation_not_full_predictive_interval,984.6757884333291,19.080485115807875,,actual_2023_plus_structural_and_continuity_models,True,unfriendly_430r,ppml_russia_inbound_structural_allocation_v3,Structural under-representation gap relative to demographic continuity,data/model/gravity_model_report.json,actual=2023;capacity=2026,not_applicable_model_output,"{""actual_students_latest"": 32.0, ""demographic_continuity_baseline"": 54.4606951708625, ""model_based_attraction_capacity"": 1039.1364836041917, ""probability_positive_representation_gap"": 1.0, ""representation_gap"": 984.6757884333291, ""representation_gap_parameter_high"": 2720.396987933115, ""representation_gap_parameter_low"": 272.8985856182236}",students_capacity_equivalent,calculated_structural_gap,9e22c41768ecc2a32ea8f418f12944d813c97ce0ee267aea4c0da147fd77d4c6,mgimo_platform2.models.educational_migration_v3::build_structural_forecast_v3,gap_abs is structural capacity minus demographic continuity baseline under the same aggregate total; positive and negative gaps are reallocative and do not sum to additional national enrolment,272.8985856182236,901.4606301476733,2720.396987933115,,,,0.0,0.0,stable_positive,
ppml_russia_inbound_structural_allocation_v3,ROU,Romania,24.0,2023,unesco_uis_opri_202602,data/raw/uis_opri/OPRI_202602.zip::OPRI_DATA_NATIONAL.csv,2026-06-20T02:46:44+00:00,24,students,official_or_reference,7e35482e817d63b0cf638fb695f8a9fd2df9139ae830c0d13f2eba4706d50eca,d22cb448b13772a9,957.9489143617762,26.852936856726963,931.0959775050493,957.9489143617762,2026,167.59631218966584,881.2270108708948,4185.112306173447,167.59631218966584,4185.112306173447,167.59631218966584,4185.112306173447,140.74337533293888,854.3740740141678,4158.25936931672,1.0,600,coefficient_parameter_uncertainty_only_on_constrained_structural_allocation_not_full_predictive_interval,931.0959775050493,35.67389740172123,,actual_2023_plus_structural_and_continuity_models,True,unfriendly_430r,ppml_russia_inbound_structural_allocation_v3,Structural under-representation gap relative to demographic continuity,data/model/gravity_model_report.json,actual=2023;capacity=2026,not_applicable_model_output,"{""actual_students_latest"": 24.0, ""demographic_continuity_baseline"": 26.852936856726963, ""model_based_attraction_capacity"": 957.9489143617762, ""probability_positive_representation_gap"": 1.0, ""representation_gap"": 931.0959775050493, ""representation_gap_parameter_high"": 4158.25936931672, ""representation_gap_parameter_low"": 140.74337533293888}",students_capacity_equivalent,calculated_structural_gap,9e22c41768ecc2a32ea8f418f12944d813c97ce0ee267aea4c0da147fd77d4c6,mgimo_platform2.models.educational_migration_v3::build_structural_forecast_v3,gap_abs is structural capacity minus demographic continuity baseline under the same aggregate total; positive and negative gaps are reallocative and do not sum to additional national enrolment,140.74337533293888,854.3740740141678,4158.25936931672,,,,0.0,0.0,stable_positive,
ppml_russia_inbound_structural_allocation_v3,SVK,Slovakia,42.0,2023,unesco_uis_opri_202602,data/raw/uis_opri/OPRI_202602.zip::OPRI_DATA_NATIONAL.csv,2026-06-20T02:46:44+00:00,42,students,official_or_reference,7e35482e817d63b0cf638fb695f8a9fd2df9139ae830c0d13f2eba4706d50eca,3bf45e8035a96931,819.7322991562316,49.959663059347726,769.772636096884,819.7322991562316,2026,175.20340756925413,757.0655613957542,2879.867433608979,175.20340756925413,2879.867433608979,175.20340756925413,2879.867433608979,125.24374450990642,707.1058983364064,2829.907770549631,1.0,600,coefficient_parameter_uncertainty_only_on_constrained_structural_allocation_not_full_predictive_interval,769.772636096884,16.407882859066945,,actual_2023_plus_structural_and_continuity_models,True,unfriendly_430r,ppml_russia_inbound_structural_allocation_v3,Structural under-representation gap relative to demographic continuity,data/model/gravity_model_report.json,actual=2023;capacity=2026,not_applicable_model_output,"{""actual_students_latest"": 42.0, ""demographic_continuity_baseline"": 49.959663059347726, ""model_based_attraction_capacity"": 819.7322991562316, ""probability_positive_representation_gap"": 1.0, ""representation_gap"": 769.772636096884, ""representation_gap_parameter_high"": 2829.907770549631, ""representation_gap_parameter_low"": 125.24374450990642}",students_capacity_equivalent,calculated_structural_gap,9e22c41768ecc2a32ea8f418f12944d813c97ce0ee267aea4c0da147fd77d4c6,mgimo_platform2.models.educational_migration_v3::build_structural_forecast_v3,gap_abs is structural capacity minus demographic continuity baseline under the same aggregate total; positive and negative gaps are reallocative and do not sum to additional national enrolment,125.24374450990642,707.1058983364064,2829.907770549631,,,,0.0,0.0,stable_positive,
ppml_russia_inbound_structural_allocation_v3,LUX,Luxembourg,2.0,2023,unesco_uis_opri_202602,data/raw/uis_opri/OPRI_202602.zip::OPRI_DATA_NATIONAL.csv,2026-06-20T02:46:44+00:00,2,students,official_or_reference,7e35482e817d63b0cf638fb695f8a9fd2df9139ae830c0d13f2eba4706d50eca,4381e04e28d97340,755.0976142651318,1.6764580526348418,753.421156212497,755.0976142651318,2026,238.1448400331585,713.9205394525496,1962.4383510375576,238.1448400331585,1962.4383510375576,238.1448400331585,1962.4383510375576,236.46838198052365,712.2440813999148,1960.7618929849227,1.0,600,coefficient_parameter_uncertainty_only_on_constrained_structural_allocation_not_full_predictive_interval,753.421156212497,450.41247114913864,,actual_2023_plus_structural_and_continuity_models,True,unfriendly_430r,ppml_russia_inbound_structural_allocation_v3,Structural under-representation gap relative to demographic continuity,data/model/gravity_model_report.json,actual=2023;capacity=2026,not_applicable_model_output,"{""actual_students_latest"": 2.0, ""demographic_continuity_baseline"": 1.6764580526348418, ""model_based_attraction_capacity"": 755.0976142651318, ""probability_positive_representation_gap"": 1.0, ""representation_gap"": 753.421156212497, ""representation_gap_parameter_high"": 1960.7618929849227, ""representation_gap_parameter_low"": 236.46838198052365}",students_capacity_equivalent,calculated_structural_gap,9e22c41768ecc2a32ea8f418f12944d813c97ce0ee267aea4c0da147fd77d4c6,mgimo_platform2.models.educational_migration_v3::build_structural_forecast_v3,gap_abs is structural capacity minus demographic continuity baseline under the same aggregate total; positive and negative gaps are reallocative and do not sum to additional national enrolment,236.46838198052365,712.2440813999148,1960.7618929849227,,,,0.0,0.0,stable_positive,
ppml_russia_inbound_structural_allocation_v3,BEL,Belgium,13.0,2023,unesco_uis_opri_202602,data/raw/uis_opri/OPRI_202602.zip::OPRI_DATA_NATIONAL.csv,2026-06-20T02:46:44+00:00,13,students,official_or_reference,7e35482e817d63b0cf638fb695f8a9fd2df9139ae830c0d13f2eba4706d50eca,5dd6751eea7a8469,628.1490086779729,20.99300972704746,607.1559989509254,628.1490086779729,2026,277.3642835944417,576.2636096361457,1122.774365041197,277.3642835944417,1122.774365041197,277.3642835944417,1122.774365041197,256.3712738673942,555.2705999090981,1101.7813553141496,1.0,600,coefficient_parameter_uncertainty_only_on_constrained_structural_allocation_not_full_predictive_interval,607.1559989509254,29.921817635737277,,actual_2023_plus_structural_and_continuity_models,True,unfriendly_430r,ppml_russia_inbound_structural_allocation_v3,Structural under-representation gap relative to demographic continuity,data/model/gravity_model_report.json,actual=2023;capacity=2026,not_applicable_model_output,"{""actual_students_latest"": 13.0, ""demographic_continuity_baseline"": 20.99300972704746, ""model_based_attraction_capacity"": 628.1490086779729, ""probability_positive_representation_gap"": 1.0, ""representation_gap"": 607.1559989509254, ""representation_gap_parameter_high"": 1101.7813553141496, ""representation_gap_parameter_low"": 256.3712738673942}",students_capacity_equivalent,calculated_structural_gap,9e22c41768ecc2a32ea8f418f12944d813c97ce0ee267aea4c0da147fd77d4c6,mgimo_platform2.models.educational_migration_v3::build_structural_forecast_v3,gap_abs is structural capacity minus demographic continuity baseline under the same aggregate total; positive and negative gaps are reallocative and do not sum to additional national enrolment,256.3712738673942,555.2705999090981,1101.7813553141496,,,,0.0,0.0,stable_positive,
ppml_russia_inbound_structural_allocation_v3,NLD,Netherlands,9.0,2023,unesco_uis_opri_202602,data/raw/uis_opri/OPRI_202602.zip::OPRI_DATA_NATIONAL.csv,2026-06-20T02:46:44+00:00,9,students,official_or_reference,7e35482e817d63b0cf638fb695f8a9fd2df9139ae830c0d13f2eba4706d50eca,e729feef0a68ee29,553.541322157364,23.821096836867827,529.7202253204962,553.541322157364,2026,192.67224475558336,507.940765936443,1185.3396043176022,192.67224475558336,1185.3396043176022,192.67224475558336,1185.3396043176022,168.85114791871553,484.11966909957516,1161.5185074807343,1.0,600,coefficient_parameter_uncertainty_only_on_constrained_structural_allocation_not_full_predictive_interval,529.7202253204962,23.237440574132172,,actual_2023_plus_structural_and_continuity_models,True,unfriendly_430r,ppml_russia_inbound_structural_allocation_v3,Structural under-representation gap relative to demographic continuity,data/model/gravity_model_report.json,actual=2023;capacity=2026,not_applicable_model_output,"{""actual_students_latest"": 9.0, ""demographic_continuity_baseline"": 23.821096836867827, ""model_based_attraction_capacity"": 553.541322157364, ""probability_positive_representation_gap"": 1.0, ""representation_gap"": 529.7202253204962, ""representation_gap_parameter_high"": 1161.5185074807343, ""representation_gap_parameter_low"": 168.85114791871553}",students_capacity_equivalent,calculated_structural_gap,9e22c41768ecc2a32ea8f418f12944d813c97ce0ee267aea4c0da147fd77d4c6,mgimo_platform2.models.educational_migration_v3::build_structural_forecast_v3,gap_abs is structural capacity minus demographic continuity baseline under the same aggregate total; positive and negative gaps are reallocative and do not sum to additional national enrolment,168.85114791871553,484.11966909957516,1161.5185074807343,,,,0.0,0.0,stable_positive,
ppml_russia_inbound_structural_allocation_v3,SWE,Sweden,10.0,2023,unesco_uis_opri_202602,data/raw/uis_opri/OPRI_202602.zip::OPRI_DATA_NATIONAL.csv,2026-06-20T02:46:44+00:00,10,students,official_or_reference,7e35482e817d63b0cf638fb695f8a9fd2df9139ae830c0d13f2eba4706d50eca,2a7c802090c2c141,525.1948120344728,18.44162684090689,506.75318519356586,525.1948120344728,2026,137.42663182791284,483.1419591703424,1343.4284330134071,137.42663182791284,1343.4284330134071,137.42663182791284,1343.4284330134071,118.98500498700595,464.70033232943547,1324.9868061725003,1.0,600,coefficient_parameter_uncertainty_only_on_constrained_structural_allocation_not_full_predictive_interval,506.75318519356586,28.478767983174617,,actual_2023_plus_structural_and_continuity_models,True,unfriendly_430r,ppml_russia_inbound_structural_allocation_v3,Structural under-representation gap relative to demographic continuity,data/model/gravity_model_report.json,actual=2023;capacity=2026,not_applicable_model_output,"{""actual_students_latest"": 10.0, ""demographic_continuity_baseline"": 18.44162684090689, ""model_based_attraction_capacity"": 525.1948120344728, ""probability_positive_representation_gap"": 1.0, ""representation_gap"": 506.75318519356586, ""representation_gap_parameter_high"": 1324.9868061725003, ""representation_gap_parameter_low"": 118.98500498700595}",students_capacity_equivalent,calculated_structural_gap,9e22c41768ecc2a32ea8f418f12944d813c97ce0ee267aea4c0da147fd77d4c6,mgimo_platform2.models.educational_migration_v3::build_structural_forecast_v3,gap_abs is structural capacity minus demographic continuity baseline under the same aggregate total; positive and negative gaps are reallocative and do not sum to additional national enrolment,118.98500498700595,464.70033232943547,1324.9868061725003,,,,0.0,0.0,stable_positive,
ppml_russia_inbound_structural_allocation_v3,CHE,Switzerland,11.0,2023,unesco_uis_opri_202602,data/raw/uis_opri/OPRI_202602.zip::OPRI_DATA_NATIONAL.csv,2026-06-20T02:46:44+00:00,11,students,official_or_reference,7e35482e817d63b0cf638fb695f8a9fd2df9139ae830c0d13f2eba4706d50eca,e9d24ed3c23eedb6,504.3167571739315,18.137738226105075,486.1790189478264,504.3167571739315,2026,201.2706430395903,464.8124143946942,948.6975138719322,201.2706430395903,948.6975138719322,201.2706430395903,948.6975138719322,183.13290481348523,446.67467616858914,930.5597756458271,1.0,600,coefficient_parameter_uncertainty_only_on_constrained_structural_allocation_not_full_predictive_interval,486.1790189478264,27.804831610596533,,actual_2023_plus_structural_and_continuity_models,True,unfriendly_430r;existing_mgimo_presence,ppml_russia_inbound_structural_allocation_v3,Structural under-representation gap relative to demographic continuity,data/model/gravity_model_report.json,actual=2023;capacity=2026,not_applicable_model_output,"{""actual_students_latest"": 11.0, ""demographic_continuity_baseline"": 18.137738226105075, ""model_based_attraction_capacity"": 504.3167571739315, ""probability_positive_representation_gap"": 1.0, ""representation_gap"": 486.1790189478264, ""representation_gap_parameter_high"": 930.5597756458271, ""representation_gap_parameter_low"": 183.13290481348523}",students_capacity_equivalent,calculated_structural_gap,9e22c41768ecc2a32ea8f418f12944d813c97ce0ee267aea4c0da147fd77d4c6,mgimo_platform2.models.educational_migration_v3::build_structural_forecast_v3,gap_abs is structural capacity minus demographic continuity baseline under the same aggregate total; positive and negative gaps are reallocative and do not sum to additional national enrolment,183.13290481348523,446.67467616858914,930.5597756458271,,,,0.0,0.0,stable_positive,
ppml_russia_inbound_structural_allocation_v3,FIN,Finland,38.0,2023,unesco_uis_opri_202602,data/raw/uis_opri/OPRI_202602.zip::OPRI_DATA_NATIONAL.csv,2026-06-20T02:46:44+00:00,38,students,official_or_reference,7e35482e817d63b0cf638fb695f8a9fd2df9139ae830c0d13f2eba4706d50eca,4723cf6ec2e902c3,445.24890238353845,60.72476910321112,384.5241332803273,445.24890238353845,2026,117.71494425792446,405.51332299150005,1302.089932761064,117.71494425792446,1302.089932761064,117.71494425792446,1302.089932761064,56.99017515471334,344.7885538882889,1241.3651636578527,0.9983333333333333,600,coefficient_parameter_uncertainty_only_on_constrained_structural_allocation_not_full_predictive_interval,384.5241332803273,7.3322452923084676,,actual_2023_plus_structural_and_continuity_models,True,unfriendly_430r,ppml_russia_inbound_structural_allocation_v3,Structural under-representation gap relative to demographic continuity,data/model/gravity_model_report.json,actual=2023;capacity=2026,not_applicable_model_output,"{""actual_students_latest"": 38.0, ""demographic_continuity_baseline"": 60.72476910321112, ""model_based_attraction_capacity"": 445.24890238353845, ""probability_positive_representation_gap"": 0.9983333333333333, ""representation_gap"": 384.5241332803273, ""representation_gap_parameter_high"": 1241.3651636578527, ""representation_gap_parameter_low"": 56.99017515471334}",students_capacity_equivalent,calculated_structural_gap,9e22c41768ecc2a32ea8f418f12944d813c97ce0ee267aea4c0da147fd77d4c6,mgimo_platform2.models.educational_migration_v3::build_structural_forecast_v3,gap_abs is structural capacity minus demographic continuity baseline under the same aggregate total; positive and negative gaps are reallocative and do not sum to additional national enrolment,56.99017515471334,344.7885538882889,1241.3651636578527,,,,0.0,0.0,stable_positive,
ppml_russia_inbound_structural_allocation_v3,CYP,Cyprus,53.0,2023,unesco_uis_opri_202602,data/raw/uis_opri/OPRI_202602.zip::OPRI_DATA_NATIONAL.csv,2026-06-20T02:46:44+00:00,53,students,official_or_reference,7e35482e817d63b0cf638fb695f8a9fd2df9139ae830c0d13f2eba4706d50eca,4d3450b42cf3afb3,435.86166960615077,57.88134367386167,377.9803259322891,435.86166960615077,2026,86.96372731436583,417.8161306847304,1728.7016903747694,86.96372731436583,1728.7016903747694,86.96372731436583,1728.7016903747694,29.082383640504155,359.9347870108687,1670.8203467009077,0.9916666666666667,600,coefficient_parameter_uncertainty_only_on_constrained_structural_allocation_not_full_predictive_interval,377.9803259322891,7.530261772464333,,actual_2023_plus_structural_and_continuity_models,True,unfriendly_430r,ppml_russia_inbound_structural_allocation_v3,Structural under-representation gap relative to demographic continuity,data/model/gravity_model_report.json,actual=2023;capacity=2026,not_applicable_model_output,"{""actual_students_latest"": 53.0, ""demographic_continuity_baseline"": 57.88134367386167, ""model_based_attraction_capacity"": 435.86166960615077, ""probability_positive_representation_gap"": 0.9916666666666667, ""representation_gap"": 377.9803259322891, ""representation_gap_parameter_high"": 1670.8203467009077, ""representation_gap_parameter_low"": 29.082383640504155}",students_capacity_equivalent,calculated_structural_gap,9e22c41768ecc2a32ea8f418f12944d813c97ce0ee267aea4c0da147fd77d4c6,mgimo_platform2.models.educational_migration_v3::build_structural_forecast_v3,gap_abs is structural capacity minus demographic continuity baseline under the same aggregate total; positive and negative gaps are reallocative and do not sum to additional national enrolment,29.082383640504155,359.9347870108687,1670.8203467009077,,,,0.0,0.0,stable_positive,
ppml_russia_inbound_structural_allocation_v3,NOR,Norway,9.0,2023,unesco_uis_opri_202602,data/raw/uis_opri/OPRI_202602.zip::OPRI_DATA_NATIONAL.csv,2026-06-20T02:46:44+00:00,9,students,official_or_reference,7e35482e817d63b0cf638fb695f8a9fd2df9139ae830c0d13f2eba4706d50eca,da901e95dce4f706,378.8961125873908,25.265973482994138,353.6301391043967,378.8961125873908,2026,65.50843335480245,350.7223052591559,1560.0837048009603,65.50843335480245,1560.0837048009603,65.50843335480245,1560.0837048009603,40.2424598718083,325.4563317761618,1534.817731317966,1.0,600,coefficient_parameter_uncertainty_only_on_constrained_structural_allocation_not_full_predictive_interval,353.6301391043967,14.996299780113986,,actual_2023_plus_structural_and_continuity_models,True,unfriendly_430r,ppml_russia_inbound_structural_allocation_v3,Structural under-representation gap relative to demographic continuity,data/model/gravity_model_report.json,actual=2023;capacity=2026,not_applicable_model_output,"{""actual_students_latest"": 9.0, ""demographic_continuity_baseline"": 25.265973482994138, ""model_based_attraction_capacity"": 378.8961125873908, ""probability_positive_representation_gap"": 1.0, ""representation_gap"": 353.6301391043967, ""representation_gap_parameter_high"": 1534.817731317966, ""representation_gap_parameter_low"": 40.2424598718083}",students_capacity_equivalent,calculated_structural_gap,9e22c41768ecc2a32ea8f418f12944d813c97ce0ee267aea4c0da147fd77d4c6,mgimo_platform2.models.educational_migration_v3::build_structural_forecast_v3,gap_abs is structural capacity minus demographic continuity baseline under the same aggregate total; positive and negative gaps are reallocative and do not sum to additional national enrolment,40.2424598718083,325.4563317761618,1534.817731317966,,,,0.0,0.0,stable_positive,
ppml_russia_inbound_structural_allocation_v3,ALB,Albania,66.0,2023,unesco_uis_opri_202602,data/raw/uis_opri/OPRI_202602.zip::OPRI_DATA_NATIONAL.csv,2026-06-20T02:46:44+00:00,66,students,official_or_reference,7e35482e817d63b0cf638fb695f8a9fd2df9139ae830c0d13f2eba4706d50eca,f15f6e0df3fec5ff,397.00470643166534,71.69218330358314,325.3125231280822,397.00470643166534,2026,173.08146967137753,375.71258060614866,740.2210388941822,173.08146967137753,740.2210388941822,173.08146967137753,740.2210388941822,101.3892863677944,304.0203973025655,668.5288555905992,1.0,600,coefficient_parameter_uncertainty_only_on_constrained_structural_allocation_not_full_predictive_interval,325.3125231280822,5.537628903705367,,actual_2023_plus_structural_and_continuity_models,True,unfriendly_430r,ppml_russia_inbound_structural_allocation_v3,Structural under-representation gap relative to demographic continuity,data/model/gravity_model_report.json,actual=2023;capacity=2026,not_applicable_model_output,"{""actual_students_latest"": 66.0, ""demographic_continuity_baseline"": 71.69218330358314, ""model_based_attraction_capacity"": 397.00470643166534, ""probability_positive_representation_gap"": 1.0, ""representation_gap"": 325.3125231280822, ""representation_gap_parameter_high"": 668.5288555905992, ""representation_gap_parameter_low"": 101.3892863677944}",students_capacity_equivalent,calculated_structural_gap,9e22c41768ecc2a32ea8f418f12944d813c97ce0ee267aea4c0da147fd77d4c6,mgimo_platform2.models.educational_migration_v3::build_structural_forecast_v3,gap_abs is structural capacity minus demographic continuity baseline under the same aggregate total; positive and negative gaps are reallocative and do not sum to additional national enrolment,101.3892863677944,304.0203973025655,668.5288555905992,,,,0.0,0.0,stable_positive,
ppml_russia_inbound_structural_allocation_v3,HUN,Hungary,29.0,2023,unesco_uis_opri_202602,data/raw/uis_opri/OPRI_202602.zip::OPRI_DATA_NATIONAL.csv,2026-06-20T02:46:44+00:00,29,students,official_or_reference,7e35482e817d63b0cf638fb695f8a9fd2df9139ae830c0d13f2eba4706d50eca,53ad14016242c4bb,336.57965495295787,39.56828126237386,297.01137369058404,336.57965495295787,2026,63.383457106323675,305.6359702122011,1420.516250638211,63.383457106323675,1420.516250638211,63.383457106323675,1420.516250638211,23.81517584394982,266.0676889498272,1380.9479693758371,0.995,600,coefficient_parameter_uncertainty_only_on_constrained_structural_allocation_not_full_predictive_interval,297.01137369058404,8.50629959692025,,actual_2023_plus_structural_and_continuity_models,True,unfriendly_430r,ppml_russia_inbound_structural_allocation_v3,Structural under-representation gap relative to demographic continuity,data/model/gravity_model_report.json,actual=2023;capacity=2026,not_applicable_model_output,"{""actual_students_latest"": 29.0, ""demographic_continuity_baseline"": 39.56828126237386, ""model_based_attraction_capacity"": 336.57965495295787, ""probability_positive_representation_gap"": 0.995, ""representation_gap"": 297.01137369058404, ""representation_gap_parameter_high"": 1380.9479693758371, ""representation_gap_parameter_low"": 23.81517584394982}",students_capacity_equivalent,calculated_structural_gap,9e22c41768ecc2a32ea8f418f12944d813c97ce0ee267aea4c0da147fd77d4c6,mgimo_platform2.models.educational_migration_v3::build_structural_forecast_v3,gap_abs is structural capacity minus demographic continuity baseline under the same aggregate total; positive and negative gaps are reallocative and do not sum to additional national enrolment,23.81517584394982,266.0676889498272,1380.9479693758371,,,,0.0,0.0,stable_positive,
ppml_russia_inbound_structural_allocation_v3,HKG,Hong Kong,2.0,2023,unesco_uis_opri_202602,data/raw/uis_opri/OPRI_202602.zip::OPRI_DATA_NATIONAL.csv,2026-06-20T02:46:44+00:00,2,students,official_or_reference,7e35482e817d63b0cf638fb695f8a9fd2df9139ae830c0d13f2eba4706d50eca,f3fc8e644058cd78,287.056684559974,4.719663647660388,282.33702091231356,287.056684559974,2026,60.78052285200777,268.4107257367426,992.3767416261395,60.78052285200777,992.3767416261395,60.78052285200777,992.3767416261395,56.06085920434738,263.69106208908227,987.6570779784792,1.0,600,coefficient_parameter_uncertainty_only_on_constrained_structural_allocation_not_full_predictive_interval,282.33702091231356,60.82142838765057,,actual_2023_plus_structural_and_continuity_models,True,non_sovereign_or_special,ppml_russia_inbound_structural_allocation_v3,Structural under-representation gap relative to demographic continuity,data/model/gravity_model_report.json,actual=2023;capacity=2026,not_applicable_model_output,"{""actual_students_latest"": 2.0, ""demographic_continuity_baseline"": 4.719663647660388, ""model_based_attraction_capacity"": 287.056684559974, ""probability_positive_representation_gap"": 1.0, ""representation_gap"": 282.33702091231356, ""representation_gap_parameter_high"": 987.6570779784792, ""representation_gap_parameter_low"": 56.06085920434738}",students_capacity_equivalent,calculated_structural_gap,9e22c41768ecc2a32ea8f418f12944d813c97ce0ee267aea4c0da147fd77d4c6,mgimo_platform2.models.educational_migration_v3::build_structural_forecast_v3,gap_abs is structural capacity minus demographic continuity baseline under the same aggregate total; positive and negative gaps are reallocative and do not sum to additional national enrolment,56.06085920434738,263.69106208908227,987.6570779784792,,,,0.0,0.0,stable_positive,
ppml_russia_inbound_structural_allocation_v3,IRL,Ireland,5.0,2023,unesco_uis_opri_202602,data/raw/uis_opri/OPRI_202602.zip::OPRI_DATA_NATIONAL.csv,2026-06-20T02:46:44+00:00,5,students,official_or_reference,7e35482e817d63b0cf638fb695f8a9fd2df9139ae830c0d13f2eba4706d50eca,523ea8966be72b30,254.9468580370041,8.282708391799881,246.66414964520422,254.9468580370041,2026,105.44552518983737,241.63256538789494,529.7748108338894,105.44552518983737,529.7748108338894,105.44552518983737,529.7748108338894,97.16281679803748,233.34985699609507,521.4921024420895,1.0,600,coefficient_parameter_uncertainty_only_on_constrained_structural_allocation_not_full_predictive_interval,246.66414964520422,30.780614984515065,,actual_2023_plus_structural_and_continuity_models,True,unfriendly_430r,ppml_russia_inbound_structural_allocation_v3,Structural under-representation gap relative to demographic continuity,data/model/gravity_model_report.json,actual=2023;capacity=2026,not_applicable_model_output,"{""actual_students_latest"": 5.0, ""demographic_continuity_baseline"": 8.282708391799881, ""model_based_attraction_capacity"": 254.9468580370041, ""probability_positive_representation_gap"": 1.0, ""representation_gap"": 246.66414964520422, ""representation_gap_parameter_high"": 521.4921024420895, ""representation_gap_parameter_low"": 97.16281679803748}",students_capacity_equivalent,calculated_structural_gap,9e22c41768ecc2a32ea8f418f12944d813c97ce0ee267aea4c0da147fd77d4c6,mgimo_platform2.models.educational_migration_v3::build_structural_forecast_v3,gap_abs is structural capacity minus demographic continuity baseline under the same aggregate total; positive and negative gaps are reallocative and do not sum to additional national enrolment,97.16281679803748,233.34985699609507,521.4921024420895,,,,0.0,0.0,stable_positive,
ppml_russia_inbound_structural_allocation_v3,DNK,Denmark,10.0,2023,unesco_uis_opri_202602,data/raw/uis_opri/OPRI_202602.zip::OPRI_DATA_NATIONAL.csv,2026-06-20T02:46:44+00:00,10,students,official_or_reference,7e35482e817d63b0cf638fb695f8a9fd2df9139ae830c0d13f2eba4706d50eca,6bbe14b3f4deec04,255.89351493154697,11.331829094271997,244.56168583727498,255.89351493154697,2026,81.21176262920625,231.72404169657565,612.0843740376677,81.21176262920625,612.0843740376677,81.21176262920625,612.0843740376677,69.87993353493425,220.39221260230366,600.7525449433956,1.0,600,coefficient_parameter_uncertainty_only_on_constrained_structural_allocation_not_full_predictive_interval,244.56168583727498,22.581836771690796,,actual_2023_plus_structural_and_continuity_models,True,unfriendly_430r,ppml_russia_inbound_structural_allocation_v3,Structural under-representation gap relative to demographic continuity,data/model/gravity_model_report.json,actual=2023;capacity=2026,not_applicable_model_output,"{""actual_students_latest"": 10.0, ""demographic_continuity_baseline"": 11.331829094271997, ""model_based_attraction_capacity"": 255.89351493154697, ""probability_positive_representation_gap"": 1.0, ""representation_gap"": 244.56168583727498, ""representation_gap_parameter_high"": 600.7525449433956, ""representation_gap_parameter_low"": 69.87993353493425}",students_capacity_equivalent,calculated_structural_gap,9e22c41768ecc2a32ea8f418f12944d813c97ce0ee267aea4c0da147fd77d4c6,mgimo_platform2.models.educational_migration_v3::build_structural_forecast_v3,gap_abs is structural capacity minus demographic continuity baseline under the same aggregate total; positive and negative gaps are reallocative and do not sum to additional national enrolment,69.87993353493425,220.39221260230366,600.7525449433956,,,,0.0,0.0,stable_positive,
ppml_russia_inbound_structural_allocation_v3,CZE,Czechia,28.0,2023,unesco_uis_opri_202602,data/raw/uis_opri/OPRI_202602.zip::OPRI_DATA_NATIONAL.csv,2026-06-20T02:46:44+00:00,28,students,official_or_reference,7e35482e817d63b0cf638fb695f8a9fd2df9139ae830c0d13f2eba4706d50eca,b5b35787c48dd0a1,272.38706013744894,35.78930724760024,236.5977528898487,272.38706013744894,2026,50.622014603667424,250.2972374243896,1082.3663533193014,50.622014603667424,1082.3663533193014,50.622014603667424,1082.3663533193014,14.832707356067178,214.5079301767894,1046.5770460717013,0.9933333333333333,600,coefficient_parameter_uncertainty_only_on_constrained_structural_allocation_not_full_predictive_interval,236.5977528898487,7.610850309367559,,actual_2023_plus_structural_and_continuity_models,True,unfriendly_430r,ppml_russia_inbound_structural_allocation_v3,Structural under-representation gap relative to demographic continuity,data/model/gravity_model_report.json,actual=2023;capacity=2026,not_applicable_model_output,"{""actual_students_latest"": 28.0, ""demographic_continuity_baseline"": 35.78930724760024, ""model_based_attraction_capacity"": 272.38706013744894, ""probability_positive_representation_gap"": 0.9933333333333333, ""representation_gap"": 236.5977528898487, ""representation_gap_parameter_high"": 1046.5770460717013, ""representation_gap_parameter_low"": 14.832707356067178}",students_capacity_equivalent,calculated_structural_gap,9e22c41768ecc2a32ea8f418f12944d813c97ce0ee267aea4c0da147fd77d4c6,mgimo_platform2.models.educational_migration_v3::build_structural_forecast_v3,gap_abs is structural capacity minus demographic continuity baseline under the same aggregate total; positive and negative gaps are reallocative and do not sum to additional national enrolment,14.832707356067178,214.5079301767894,1046.5770460717013,,,,0.0,0.0,stable_positive,
ppml_russia_inbound_structural_allocation_v3,HRV,Croatia,19.0,2023,unesco_uis_opri_202602,data/raw/uis_opri/OPRI_202602.zip::OPRI_DATA_NATIONAL.csv,2026-06-20T02:46:44+00:00,19,students,official_or_reference,7e35482e817d63b0cf638fb695f8a9fd2df9139ae830c0d13f2eba4706d50eca,9db638ab5c265f0d,258.7985460320921,23.604585483458177,235.1939605486339,258.7985460320921,2026,92.86100269749093,237.98127113937,545.181056223765,92.86100269749093,545.181056223765,92.86100269749093,545.181056223765,69.25641721403275,214.37668565591179,521.5764707403068,1.0,600,coefficient_parameter_uncertainty_only_on_constrained_structural_allocation_not_full_predictive_interval,235.1939605486339,10.963909796825499,,actual_2023_plus_structural_and_continuity_models,True,unfriendly_430r,ppml_russia_inbound_structural_allocation_v3,Structural under-representation gap relative to demographic continuity,data/model/gravity_model_report.json,actual=2023;capacity=2026,not_applicable_model_output,"{""actual_students_latest"": 19.0, ""demographic_continuity_baseline"": 23.604585483458177, ""model_based_attraction_capacity"": 258.7985460320921, ""probability_positive_representation_gap"": 1.0, ""representation_gap"": 235.1939605486339, ""representation_gap_parameter_high"": 521.5764707403068, ""representation_gap_parameter_low"": 69.25641721403275}",students_capacity_equivalent,calculated_structural_gap,9e22c41768ecc2a32ea8f418f12944d813c97ce0ee267aea4c0da147fd77d4c6,mgimo_platform2.models.educational_migration_v3::build_structural_forecast_v3,gap_abs is structural capacity minus demographic continuity baseline under the same aggregate total; positive and negative gaps are reallocative and do not sum to additional national enrolment,69.25641721403275,214.37668565591179,521.5764707403068,,,,0.0,0.0,stable_positive,
ppml_russia_inbound_structural_allocation_v3,AUT,Austria,20.0,2023,unesco_uis_opri_202602,data/raw/uis_opri/OPRI_202602.zip::OPRI_DATA_NATIONAL.csv,2026-06-20T02:46:44+00:00,20,students,official_or_reference,7e35482e817d63b0cf638fb695f8a9fd2df9139ae830c0d13f2eba4706d50eca,fbf9e49395afd07d,245.22543164470312,23.996648111439196,221.22878353326394,245.22543164470312,2026,58.57687139252243,229.68461588499753,801.6122662797976,58.57687139252243,801.6122662797976,58.57687139252243,801.6122662797976,34.58022328108323,205.68796777355834,777.6156181683584,1.0,600,coefficient_parameter_uncertainty_only_on_constrained_structural_allocation_not_full_predictive_interval,221.22878353326394,10.219153546190654,,actual_2023_plus_structural_and_continuity_models,True,unfriendly_430r,ppml_russia_inbound_structural_allocation_v3,Structural under-representation gap relative to demographic continuity,data/model/gravity_model_report.json,actual=2023;capacity=2026,not_applicable_model_output,"{""actual_students_latest"": 20.0, ""demographic_continuity_baseline"": 23.996648111439196, ""model_based_attraction_capacity"": 245.22543164470312, ""probability_positive_representation_gap"": 1.0, ""representation_gap"": 221.22878353326394, ""representation_gap_parameter_high"": 777.6156181683584, ""representation_gap_parameter_low"": 34.58022328108323}",students_capacity_equivalent,calculated_structural_gap,9e22c41768ecc2a32ea8f418f12944d813c97ce0ee267aea4c0da147fd77d4c6,mgimo_platform2.models.educational_migration_v3::build_structural_forecast_v3,gap_abs is structural capacity minus demographic continuity baseline under the same aggregate total; positive and negative gaps are reallocative and do not sum to additional national enrolment,34.58022328108323,205.68796777355834,777.6156181683584,,,,0.0,0.0,stable_positive,
ppml_russia_inbound_structural_allocation_v3,BGR,Bulgaria,226.0,2023,unesco_uis_opri_202602,data/raw/uis_opri/OPRI_202602.zip::OPRI_DATA_NATIONAL.csv,2026-06-20T02:46:44+00:00,226,students,official_or_reference,7e35482e817d63b0cf638fb695f8a9fd2df9139ae830c0d13f2eba4706d50eca,73ff5355521a16af,478.70549404503464,266.8330337585421,211.87246028649253,478.70549404503464,2026,142.9244975432082,439.2540039480996,1177.2730126407002,142.9244975432082,1177.2730126407002,142.9244975432082,1177.2730126407002,-123.90853621533391,172.42097018955747,910.4399788821581,0.8266666666666667,600,coefficient_parameter_uncertainty_only_on_constrained_structural_allocation_not_full_predictive_interval,211.87246028649253,1.79402635161813,,actual_2023_plus_structural_and_continuity_models,True,unfriendly_430r,ppml_russia_inbound_structural_allocation_v3,Structural under-representation gap relative to demographic continuity,data/model/gravity_model_report.json,actual=2023;capacity=2026,not_applicable_model_output,"{""actual_students_latest"": 226.0, ""demographic_continuity_baseline"": 266.8330337585421, ""model_based_attraction_capacity"": 478.70549404503464, ""probability_positive_representation_gap"": 0.8266666666666667, ""representation_gap"": 211.87246028649253, ""representation_gap_parameter_high"": 910.4399788821581, ""representation_gap_parameter_low"": -123.90853621533391}",students_capacity_equivalent,calculated_structural_gap,9e22c41768ecc2a32ea8f418f12944d813c97ce0ee267aea4c0da147fd77d4c6,mgimo_platform2.models.educational_migration_v3::build_structural_forecast_v3,gap_abs is structural capacity minus demographic continuity baseline under the same aggregate total; positive and negative gaps are reallocative and do not sum to additional national enrolment,-123.90853621533391,172.42097018955747,910.4399788821581,,,,0.0,0.0,likely_positive,
ppml_russia_inbound_structural_allocation_v3,MNE,Montenegro,42.0,2023,unesco_uis_opri_202602,data/raw/uis_opri/OPRI_202602.zip::OPRI_DATA_NATIONAL.csv,2026-06-20T02:46:44+00:00,42,students,official_or_reference,7e35482e817d63b0cf638fb695f8a9fd2df9139ae830c0d13f2eba4706d50eca,2d3cd6aa1f1b344c,225.6222738811848,54.24164189954127,171.38063198164355,225.6222738811848,2026,83.91656769735579,204.60296119793634,468.4022683306589,83.91656769735579,468.4022683306589,83.91656769735579,468.4022683306589,29.674925797814513,150.36131929839507,414.16062643111763,1.0,600,coefficient_parameter_uncertainty_only_on_constrained_structural_allocation_not_full_predictive_interval,171.38063198164355,4.159576774962871,,actual_2023_plus_structural_and_continuity_models,True,unfriendly_430r,ppml_russia_inbound_structural_allocation_v3,Structural under-representation gap relative to demographic continuity,data/model/gravity_model_report.json,actual=2023;capacity=2026,not_applicable_model_output,"{""actual_students_latest"": 42.0, ""demographic_continuity_baseline"": 54.24164189954127, ""model_based_attraction_capacity"": 225.6222738811848, ""probability_positive_representation_gap"": 1.0, ""representation_gap"": 171.38063198164355, ""representation_gap_parameter_high"": 414.16062643111763, ""representation_gap_parameter_low"": 29.674925797814513}",students_capacity_equivalent,calculated_structural_gap,9e22c41768ecc2a32ea8f418f12944d813c97ce0ee267aea4c0da147fd77d4c6,mgimo_platform2.models.educational_migration_v3::build_structural_forecast_v3,gap_abs is structural capacity minus demographic continuity baseline under the same aggregate total; positive and negative gaps are reallocative and do not sum to additional national enrolment,29.674925797814513,150.36131929839507,414.16062643111763,,,,0.0,0.0,stable_positive,
ppml_russia_inbound_structural_allocation_v3,SGP,Singapore,12.0,2023,unesco_uis_opri_202602,data/raw/uis_opri/OPRI_202602.zip::OPRI_DATA_NATIONAL.csv,2026-06-20T02:46:44+00:00,12,students,official_or_reference,7e35482e817d63b0cf638fb695f8a9fd2df9139ae830c0d13f2eba4706d50eca,1df7e069fc95abc3,178.22096353099593,10.368647474058932,167.852316056937,178.22096353099593,2026,46.66059105940794,155.7322470233309,526.5968528810553,46.66059105940794,526.5968528810553,46.66059105940794,526.5968528810553,36.29194358534901,145.36359954927195,516.2282054069964,1.0,600,coefficient_parameter_uncertainty_only_on_constrained_structural_allocation_not_full_predictive_interval,167.852316056937,17.18844853939558,,actual_2023_plus_structural_and_continuity_models,True,unfriendly_430r,ppml_russia_inbound_structural_allocation_v3,Structural under-representation gap relative to demographic continuity,data/model/gravity_model_report.json,actual=2023;capacity=2026,not_applicable_model_output,"{""actual_students_latest"": 12.0, ""demographic_continuity_baseline"": 10.368647474058932, ""model_based_attraction_capacity"": 178.22096353099593, ""probability_positive_representation_gap"": 1.0, ""representation_gap"": 167.852316056937, ""representation_gap_parameter_high"": 516.2282054069964, ""representation_gap_parameter_low"": 36.29194358534901}",students_capacity_equivalent,calculated_structural_gap,9e22c41768ecc2a32ea8f418f12944d813c97ce0ee267aea4c0da147fd77d4c6,mgimo_platform2.models.educational_migration_v3::build_structural_forecast_v3,gap_abs is structural capacity minus demographic continuity baseline under the same aggregate total; positive and negative gaps are reallocative and do not sum to additional national enrolment,36.29194358534901,145.36359954927195,516.2282054069964,,,,0.0,0.0,stable_positive,
ppml_russia_inbound_structural_allocation_v3,SVN,Slovenia,6.0,2023,unesco_uis_opri_202602,data/raw/uis_opri/OPRI_202602.zip::OPRI_DATA_NATIONAL.csv,2026-06-20T02:46:44+00:00,6,students,official_or_reference,7e35482e817d63b0cf638fb695f8a9fd2df9139ae830c0d13f2eba4706d50eca,d3d314b01d0f36b6,152.5638312911344,15.75149293559935,136.81233835553505,152.5638312911344,2026,59.26959916987262,138.59916622149683,289.7560603715322,59.26959916987262,289.7560603715322,59.26959916987262,289.7560603715322,43.51810623427327,122.84767328589747,274.00456743593287,1.0,600,coefficient_parameter_uncertainty_only_on_constrained_structural_allocation_not_full_predictive_interval,136.81233835553505,9.685674362100032,,actual_2023_plus_structural_and_continuity_models,True,unfriendly_430r,ppml_russia_inbound_structural_allocation_v3,Structural under-representation gap relative to demographic continuity,data/model/gravity_model_report.json,actual=2023;capacity=2026,not_applicable_model_output,"{""actual_students_latest"": 6.0, ""demographic_continuity_baseline"": 15.75149293559935, ""model_based_attraction_capacity"": 152.5638312911344, ""probability_positive_representation_gap"": 1.0, ""representation_gap"": 136.81233835553505, ""representation_gap_parameter_high"": 274.00456743593287, ""representation_gap_parameter_low"": 43.51810623427327}",students_capacity_equivalent,calculated_structural_gap,9e22c41768ecc2a32ea8f418f12944d813c97ce0ee267aea4c0da147fd77d4c6,mgimo_platform2.models.educational_migration_v3::build_structural_forecast_v3,gap_abs is structural capacity minus demographic continuity baseline under the same aggregate total; positive and negative gaps are reallocative and do not sum to additional national enrolment,43.51810623427327,122.84767328589747,274.00456743593287,,,,0.0,0.0,stable_positive,
ppml_russia_inbound_structural_allocation_v3,MKD,North Macedonia,62.0,2023,unesco_uis_opri_202602,data/raw/uis_opri/OPRI_202602.zip::OPRI_DATA_NATIONAL.csv,2026-06-20T02:46:44+00:00,62,students,official_or_reference,7e35482e817d63b0cf638fb695f8a9fd2df9139ae830c0d13f2eba4706d50eca,a8144ba9f98200d6,185.01901410393106,71.33806392430854,113.68095017962251,185.01901410393106,2026,57.56006672732847,167.93650956064707,479.0030616063008,57.56006672732847,479.0030616063008,57.56006672732847,479.0030616063008,-13.77799719698007,96.59844563633852,407.66499768199225,0.94,600,coefficient_parameter_uncertainty_only_on_constrained_structural_allocation_not_full_predictive_interval,113.68095017962251,2.5935525009515374,,actual_2023_plus_structural_and_continuity_models,True,unfriendly_430r,ppml_russia_inbound_structural_allocation_v3,Structural under-representation gap relative to demographic continuity,data/model/gravity_model_report.json,actual=2023;capacity=2026,not_applicable_model_output,"{""actual_students_latest"": 62.0, ""demographic_continuity_baseline"": 71.33806392430854, ""model_based_attraction_capacity"": 185.01901410393106, ""probability_positive_representation_gap"": 0.94, ""representation_gap"": 113.68095017962251, ""representation_gap_parameter_high"": 407.66499768199225, ""representation_gap_parameter_low"": -13.77799719698007}",students_capacity_equivalent,calculated_structural_gap,9e22c41768ecc2a32ea8f418f12944d813c97ce0ee267aea4c0da147fd77d4c6,mgimo_platform2.models.educational_migration_v3::build_structural_forecast_v3,gap_abs is structural capacity minus demographic continuity baseline under the same aggregate total; positive and negative gaps are reallocative and do not sum to additional national enrolment,-13.77799719698007,96.59844563633852,407.66499768199225,,,,0.0,0.0,stable_positive,
ppml_russia_inbound_structural_allocation_v3,PRT,Portugal,11.0,2023,unesco_uis_opri_202602,data/raw/uis_opri/OPRI_202602.zip::OPRI_DATA_NATIONAL.csv,2026-06-20T02:46:44+00:00,11,students,official_or_reference,7e35482e817d63b0cf638fb695f8a9fd2df9139ae830c0d13f2eba4706d50eca,a17bf48c9e95a854,557.5806566962447,462.7692279382007,94.81142875804397,557.5806566962447,2026,247.8419989652908,507.6346478196724,1041.1010856947744,247.8419989652908,1041.1010856947744,247.8419989652908,1041.1010856947744,-214.9272289729099,44.86541988147175,578.3318577565738,0.5983333333333334,600,coefficient_parameter_uncertainty_only_on_constrained_structural_allocation_not_full_predictive_interval,94.81142875804397,1.2048784211095067,,actual_2023_plus_structural_and_continuity_models,True,unfriendly_430r,ppml_russia_inbound_structural_allocation_v3,Structural under-representation gap relative to demographic continuity,data/model/gravity_model_report.json,actual=2023;capacity=2026,not_applicable_model_output,"{""actual_students_latest"": 11.0, ""demographic_continuity_baseline"": 462.7692279382007, ""model_based_attraction_capacity"": 557.5806566962447, ""probability_positive_representation_gap"": 0.5983333333333334, ""representation_gap"": 94.81142875804397, ""representation_gap_parameter_high"": 578.3318577565738, ""representation_gap_parameter_low"": -214.9272289729099}",students_capacity_equivalent,calculated_structural_gap,9e22c41768ecc2a32ea8f418f12944d813c97ce0ee267aea4c0da147fd77d4c6,mgimo_platform2.models.educational_migration_v3::build_structural_forecast_v3,gap_abs is structural capacity minus demographic continuity baseline under the same aggregate total; positive and negative gaps are reallocative and do not sum to additional national enrolment,-214.9272289729099,44.86541988147175,578.3318577565738,,,,0.0,0.0,direction_uncertain,
ppml_russia_inbound_structural_allocation_v3,ISL,Iceland,1.0,2023,unesco_uis_opri_202602,data/raw/uis_opri/OPRI_202602.zip::OPRI_DATA_NATIONAL.csv,2026-06-20T02:46:44+00:00,1,students,official_or_reference,7e35482e817d63b0cf638fb695f8a9fd2df9139ae830c0d13f2eba4706d50eca,099d8091d077d06c,91.63188312111593,0.6442812082339627,90.98760191288197,91.63188312111593,2026,34.59466123512963,83.22493354436278,202.04154815421893,34.59466123512963,202.04154815421893,34.59466123512963,202.04154815421893,33.950380026895665,82.58065233612882,201.39726694598497,1.0,600,coefficient_parameter_uncertainty_only_on_constrained_structural_allocation_not_full_predictive_interval,90.98760191288197,142.22342969196293,,actual_2023_plus_structural_and_continuity_models,True,unfriendly_430r,ppml_russia_inbound_structural_allocation_v3,Structural under-representation gap relative to demographic continuity,data/model/gravity_model_report.json,actual=2023;capacity=2026,not_applicable_model_output,"{""actual_students_latest"": 1.0, ""demographic_continuity_baseline"": 0.6442812082339627, ""model_based_attraction_capacity"": 91.63188312111593, ""probability_positive_representation_gap"": 1.0, ""representation_gap"": 90.98760191288197, ""representation_gap_parameter_high"": 201.39726694598497, ""representation_gap_parameter_low"": 33.950380026895665}",students_capacity_equivalent,calculated_structural_gap,9e22c41768ecc2a32ea8f418f12944d813c97ce0ee267aea4c0da147fd77d4c6,mgimo_platform2.models.educational_migration_v3::build_structural_forecast_v3,gap_abs is structural capacity minus demographic continuity baseline under the same aggregate total; positive and negative gaps are reallocative and do not sum to additional national enrolment,33.950380026895665,82.58065233612882,201.39726694598497,,,,0.0,0.0,stable_positive,
ppml_russia_inbound_structural_allocation_v3,LTU,Lithuania,194.0,2023,unesco_uis_opri_202602,data/raw/uis_opri/OPRI_202602.zip::OPRI_DATA_NATIONAL.csv,2026-06-20T02:46:44+00:00,194,students,official_or_reference,7e35482e817d63b0cf638fb695f8a9fd2df9139ae830c0d13f2eba4706d50eca,619d9d10ce2b3b87,293.2556389408848,235.59295726629117,57.66268167459364,293.2556389408848,2026,44.310319215007404,263.7148795350646,1579.5938835722523,44.310319215007404,1579.5938835722523,44.310319215007404,1579.5938835722523,-191.28263805128378,28.12192226877346,1344.000926305961,0.5533333333333333,600,coefficient_parameter_uncertainty_only_on_constrained_structural_allocation_not_full_predictive_interval,57.66268167459364,1.2447555408433428,,actual_2023_plus_structural_and_continuity_models,True,unfriendly_430r,ppml_russia_inbound_structural_allocation_v3,Structural under-representation gap relative to demographic continuity,data/model/gravity_model_report.json,actual=2023;capacity=2026,not_applicable_model_output,"{""actual_students_latest"": 194.0, ""demographic_continuity_baseline"": 235.59295726629117, ""model_based_attraction_capacity"": 293.2556389408848, ""probability_positive_representation_gap"": 0.5533333333333333, ""representation_gap"": 57.66268167459364, ""representation_gap_parameter_high"": 1344.000926305961, ""representation_gap_parameter_low"": -191.28263805128378}",students_capacity_equivalent,calculated_structural_gap,9e22c41768ecc2a32ea8f418f12944d813c97ce0ee267aea4c0da147fd77d4c6,mgimo_platform2.models.educational_migration_v3::build_structural_forecast_v3,gap_abs is structural capacity minus demographic continuity baseline under the same aggregate total; positive and negative gaps are reallocative and do not sum to additional national enrolment,-191.28263805128378,28.12192226877346,1344.000926305961,,,,0.0,0.0,direction_uncertain,
ppml_russia_inbound_structural_allocation_v3,AND,Andorra,0.0,2023,unesco_uis_opri_202602,data/raw/uis_opri/OPRI_202602.zip::OPRI_DATA_NATIONAL.csv,2026-06-20T02:46:44+00:00,0,students,official_or_reference,7e35482e817d63b0cf638fb695f8a9fd2df9139ae830c0d13f2eba4706d50eca,95941ad7201fdea3,31.243896863486814,0.09361896608784998,31.150277897398965,31.243896863486814,2026,9.073786461330766,27.728212210871853,82.50932953301663,9.073786461330766,82.50932953301663,9.073786461330766,82.50932953301663,8.980167495242915,27.634593244784007,82.41571056692878,1.0,600,coefficient_parameter_uncertainty_only_on_constrained_structural_allocation_not_full_predictive_interval,31.150277897398965,333.7346925426225,,actual_2023_plus_structural_and_continuity_models,True,unfriendly_430r,ppml_russia_inbound_structural_allocation_v3,Structural under-representation gap relative to demographic continuity,data/model/gravity_model_report.json,actual=2023;capacity=2026,not_applicable_model_output,"{""actual_students_latest"": 0.0, ""demographic_continuity_baseline"": 0.09361896608784998, ""model_based_attraction_capacity"": 31.243896863486814, ""probability_positive_representation_gap"": 1.0, ""representation_gap"": 31.150277897398965, ""representation_gap_parameter_high"": 82.41571056692878, ""representation_gap_parameter_low"": 8.980167495242915}",students_capacity_equivalent,calculated_structural_gap,9e22c41768ecc2a32ea8f418f12944d813c97ce0ee267aea4c0da147fd77d4c6,mgimo_platform2.models.educational_migration_v3::build_structural_forecast_v3,gap_abs is structural capacity minus demographic continuity baseline under the same aggregate total; positive and negative gaps are reallocative and do not sum to additional national enrolment,8.980167495242915,27.634593244784007,82.41571056692878,,,,0.0,0.0,stable_positive,
ppml_russia_inbound_structural_allocation_v3,LIE,Liechtenstein,0.0,2023,unesco_uis_opri_202602,data/raw/uis_opri/OPRI_202602.zip::OPRI_DATA_NATIONAL.csv,2026-06-20T02:46:44+00:00,0,students,official_or_reference,7e35482e817d63b0cf638fb695f8a9fd2df9139ae830c0d13f2eba4706d50eca,1167987398624a02,28.45668918031724,0.0,28.45668918031724,28.45668918031724,2026,7.002694128998005,25.5342188017229,94.36079195965854,7.002694128998005,94.36079195965854,7.002694128998005,94.36079195965854,7.002694128998005,25.5342188017229,94.36079195965854,1.0,600,coefficient_parameter_uncertainty_only_on_constrained_structural_allocation_not_full_predictive_interval,28.45668918031724,,,actual_2023_plus_structural_and_continuity_models,True,unfriendly_430r,ppml_russia_inbound_structural_allocation_v3,Structural under-representation gap relative to demographic continuity,data/model/gravity_model_report.json,actual=2023;capacity=2026,not_applicable_model_output,"{""actual_students_latest"": 0.0, ""demographic_continuity_baseline"": 0.0, ""model_based_attraction_capacity"": 28.45668918031724, ""probability_positive_representation_gap"": 1.0, ""representation_gap"": 28.45668918031724, ""representation_gap_parameter_high"": 94.36079195965854, ""representation_gap_parameter_low"": 7.002694128998005}",students_capacity_equivalent,calculated_structural_gap,9e22c41768ecc2a32ea8f418f12944d813c97ce0ee267aea4c0da147fd77d4c6,mgimo_platform2.models.educational_migration_v3::build_structural_forecast_v3,gap_abs is structural capacity minus demographic continuity baseline under the same aggregate total; positive and negative gaps are reallocative and do not sum to additional national enrolment,7.002694128998005,25.5342188017229,94.36079195965854,,,,0.0,0.0,stable_positive,
ppml_russia_inbound_structural_allocation_v3,MCO,Monaco,0.0,2023,unesco_uis_opri_202602,data/raw/uis_opri/OPRI_202602.zip::OPRI_DATA_NATIONAL.csv,2026-06-20T02:46:44+00:00,0,students,official_or_reference,7e35482e817d63b0cf638fb695f8a9fd2df9139ae830c0d13f2eba4706d50eca,e88af53e2ccf74ac,27.594623918970175,0.745370253375766,26.84925366559441,27.594623918970175,2026,7.057662775663118,23.980000271005323,84.82381813634805,7.057662775663118,84.82381813634805,7.057662775663118,84.82381813634805,6.312292522287352,23.23463001762956,84.07844788297228,1.0,600,coefficient_parameter_uncertainty_only_on_constrained_structural_allocation_not_full_predictive_interval,26.84925366559441,37.021364609058,,actual_2023_plus_structural_and_continuity_models,True,unfriendly_430r,ppml_russia_inbound_structural_allocation_v3,Structural under-representation gap relative to demographic continuity,data/model/gravity_model_report.json,actual=2023;capacity=2026,not_applicable_model_output,"{""actual_students_latest"": 0.0, ""demographic_continuity_baseline"": 0.745370253375766, ""model_based_attraction_capacity"": 27.594623918970175, ""probability_positive_representation_gap"": 1.0, ""representation_gap"": 26.84925366559441, ""representation_gap_parameter_high"": 84.07844788297228, ""representation_gap_parameter_low"": 6.312292522287352}",students_capacity_equivalent,calculated_structural_gap,9e22c41768ecc2a32ea8f418f12944d813c97ce0ee267aea4c0da147fd77d4c6,mgimo_platform2.models.educational_migration_v3::build_structural_forecast_v3,gap_abs is structural capacity minus demographic continuity baseline under the same aggregate total; positive and negative gaps are reallocative and do not sum to additional national enrolment,6.312292522287352,23.23463001762956,84.07844788297228,,,,0.0,0.0,stable_positive,
ppml_russia_inbound_structural_allocation_v3,GIB,Gibraltar,0.0,2023,unesco_uis_opri_202602,data/raw/uis_opri/OPRI_202602.zip::OPRI_DATA_NATIONAL.csv,2026-06-20T02:46:44+00:00,0,students,official_or_reference,7e35482e817d63b0cf638fb695f8a9fd2df9139ae830c0d13f2eba4706d50eca,7561c7b649118fcb,26.768901666522698,0.0,26.768901666522698,26.768901666522698,2026,1.3054901354842277,22.32924962039426,383.7379253805729,1.3054901354842277,383.7379253805729,1.3054901354842277,383.7379253805729,1.3054901354842277,22.32924962039426,383.7379253805729,1.0,600,coefficient_parameter_uncertainty_only_on_constrained_structural_allocation_not_full_predictive_interval,26.768901666522698,,,actual_2023_plus_structural_and_continuity_models,True,unfriendly_430r;non_sovereign_or_special,ppml_russia_inbound_structural_allocation_v3,Structural under-representation gap relative to demographic continuity,data/model/gravity_model_report.json,actual=2023;capacity=2026,not_applicable_model_output,"{""actual_students_latest"": 0.0, ""demographic_continuity_baseline"": 0.0, ""model_based_attraction_capacity"": 26.768901666522698, ""probability_positive_representation_gap"": 1.0, ""representation_gap"": 26.768901666522698, ""representation_gap_parameter_high"": 383.7379253805729, ""representation_gap_parameter_low"": 1.3054901354842277}",students_capacity_equivalent,calculated_structural_gap,9e22c41768ecc2a32ea8f418f12944d813c97ce0ee267aea4c0da147fd77d4c6,mgimo_platform2.models.educational_migration_v3::build_structural_forecast_v3,gap_abs is structural capacity minus demographic continuity baseline under the same aggregate total; positive and negative gaps are reallocative and do not sum to additional national enrolment,1.3054901354842277,22.32924962039426,383.7379253805729,,,,0.0,0.0,stable_positive,
ppml_russia_inbound_structural_allocation_v3,MAC,Macao,0.0,2023,unesco_uis_opri_202602,data/raw/uis_opri/OPRI_202602.zip::OPRI_DATA_NATIONAL.csv,2026-06-20T02:46:44+00:00,0,students,official_or_reference,7e35482e817d63b0cf638fb695f8a9fd2df9139ae830c0d13f2eba4706d50eca,5f7faf5af4f87711,26.44302846170111,0.0,26.44302846170111,26.44302846170111,2026,3.8853330610866723,23.61004743261488,134.77794559899888,3.8853330610866723,134.77794559899888,3.8853330610866723,134.77794559899888,3.8853330610866723,23.61004743261488,134.77794559899888,1.0,600,coefficient_parameter_uncertainty_only_on_constrained_structural_allocation_not_full_predictive_interval,26.44302846170111,,,actual_2023_plus_structural_and_continuity_models,True,non_sovereign_or_special,ppml_russia_inbound_structural_allocation_v3,Structural under-representation gap relative to demographic continuity,data/model/gravity_model_report.json,actual=2023;capacity=2026,not_applicable_model_output,"{""actual_students_latest"": 0.0, ""demographic_continuity_baseline"": 0.0, ""model_based_attraction_capacity"": 26.44302846170111, ""probability_positive_representation_gap"": 1.0, ""representation_gap"": 26.44302846170111, ""representation_gap_parameter_high"": 134.77794559899888, ""representation_gap_parameter_low"": 3.8853330610866723}",students_capacity_equivalent,calculated_structural_gap,9e22c41768ecc2a32ea8f418f12944d813c97ce0ee267aea4c0da147fd77d4c6,mgimo_platform2.models.educational_migration_v3::build_structural_forecast_v3,gap_abs is structural capacity minus demographic continuity baseline under the same aggregate total; positive and negative gaps are reallocative and do not sum to additional national enrolment,3.8853330610866723,23.61004743261488,134.77794559899888,,,,0.0,0.0,stable_positive,
ppml_russia_inbound_structural_allocation_v3,BMU,Bermuda,0.0,2023,unesco_uis_opri_202602,data/raw/uis_opri/OPRI_202602.zip::OPRI_DATA_NATIONAL.csv,2026-06-20T02:46:44+00:00,0,students,official_or_reference,7e35482e817d63b0cf638fb695f8a9fd2df9139ae830c0d13f2eba4706d50eca,3eff2f1666c988d6,18.29862017405503,0.0,18.29862017405503,18.29862017405503,2026,1.9896792652004256,16.766863569421457,121.84524912302372,1.9896792652004256,121.84524912302372,1.9896792652004256,121.84524912302372,1.9896792652004256,16.766863569421457,121.84524912302372,1.0,600,coefficient_parameter_uncertainty_only_on_constrained_structural_allocation_not_full_predictive_interval,18.29862017405503,,,actual_2023_plus_structural_and_continuity_models,True,unfriendly_430r;non_sovereign_or_special,ppml_russia_inbound_structural_allocation_v3,Structural under-representation gap relative to demographic continuity,data/model/gravity_model_report.json,actual=2023;capacity=2026,not_applicable_model_output,"{""actual_students_latest"": 0.0, ""demographic_continuity_baseline"": 0.0, ""model_based_attraction_capacity"": 18.29862017405503, ""probability_positive_representation_gap"": 1.0, ""representation_gap"": 18.29862017405503, ""representation_gap_parameter_high"": 121.84524912302372, ""representation_gap_parameter_low"": 1.9896792652004256}",students_capacity_equivalent,calculated_structural_gap,9e22c41768ecc2a32ea8f418f12944d813c97ce0ee267aea4c0da147fd77d4c6,mgimo_platform2.models.educational_migration_v3::build_structural_forecast_v3,gap_abs is structural capacity minus demographic continuity baseline under the same aggregate total; positive and negative gaps are reallocative and do not sum to additional national enrolment,1.9896792652004256,16.766863569421457,121.84524912302372,,,,0.0,0.0,stable_positive,
ppml_russia_inbound_structural_allocation_v3,AUS,Australia,9.0,2023,unesco_uis_opri_202602,data/raw/uis_opri/OPRI_202602.zip::OPRI_DATA_NATIONAL.csv,2026-06-20T02:46:44+00:00,9,students,official_or_reference,7e35482e817d63b0cf638fb695f8a9fd2df9139ae830c0d13f2eba4706d50eca,e3f1b1591537e281,22.158826822798904,15.121982626469869,7.036844196329035,22.158826822798904,2026,6.667335932424324,19.7025880128951,63.16781476615351,6.667335932424324,63.16781476615351,6.667335932424324,63.16781476615351,-8.454646694045545,4.580605386425228,48.04583213968364,0.6916666666666667,600,coefficient_parameter_uncertainty_only_on_constrained_structural_allocation_not_full_predictive_interval,7.036844196329035,1.4653387303865553,,actual_2023_plus_structural_and_continuity_models,True,unfriendly_430r,ppml_russia_inbound_structural_allocation_v3,Structural under-representation gap relative to demographic continuity,data/model/gravity_model_report.json,actual=2023;capacity=2026,not_applicable_model_output,"{""actual_students_latest"": 9.0, ""demographic_continuity_baseline"": 15.121982626469869, ""model_based_attraction_capacity"": 22.158826822798904, ""probability_positive_representation_gap"": 0.6916666666666667, ""representation_gap"": 7.036844196329035, ""representation_gap_parameter_high"": 48.04583213968364, ""representation_gap_parameter_low"": -8.454646694045545}",students_capacity_equivalent,calculated_structural_gap,9e22c41768ecc2a32ea8f418f12944d813c97ce0ee267aea4c0da147fd77d4c6,mgimo_platform2.models.educational_migration_v3::build_structural_forecast_v3,gap_abs is structural capacity minus demographic continuity baseline under the same aggregate total; positive and negative gaps are reallocative and do not sum to additional national enrolment,-8.454646694045545,4.580605386425228,48.04583213968364,,,,0.0,0.0,direction_uncertain,
ppml_russia_inbound_structural_allocation_v3,VGB,"Virgin Islands, British",0.0,2023,unesco_uis_opri_202602,data/raw/uis_opri/OPRI_202602.zip::OPRI_DATA_NATIONAL.csv,2026-06-20T02:46:44+00:00,0,students,official_or_reference,7e35482e817d63b0cf638fb695f8a9fd2df9139ae830c0d13f2eba4706d50eca,198c191c96e1adc4,4.4694507265154195,0.09243128469144916,4.37701944182397,4.4694507265154195,2026,0.6214163672707982,4.292769665813463,23.202105323669013,0.6214163672707982,23.202105323669013,0.6214163672707982,23.202105323669013,0.5289850825793491,4.2003383811220125,23.109674038977563,1.0,600,coefficient_parameter_uncertainty_only_on_constrained_structural_allocation_not_full_predictive_interval,4.37701944182397,48.35430710971054,,actual_2023_plus_structural_and_continuity_models,True,unfriendly_430r;non_sovereign_or_special,ppml_russia_inbound_structural_allocation_v3,Structural under-representation gap relative to demographic continuity,data/model/gravity_model_report.json,actual=2023;capacity=2026,not_applicable_model_output,"{""actual_students_latest"": 0.0, ""demographic_continuity_baseline"": 0.09243128469144916, ""model_based_attraction_capacity"": 4.4694507265154195, ""probability_positive_representation_gap"": 1.0, ""representation_gap"": 4.37701944182397, ""representation_gap_parameter_high"": 23.109674038977563, ""representation_gap_parameter_low"": 0.5289850825793491}",students_capacity_equivalent,calculated_structural_gap,9e22c41768ecc2a32ea8f418f12944d813c97ce0ee267aea4c0da147fd77d4c6,mgimo_platform2.models.educational_migration_v3::build_structural_forecast_v3,gap_abs is structural capacity minus demographic continuity baseline under the same aggregate total; positive and negative gaps are reallocative and do not sum to additional national enrolment,0.5289850825793491,4.2003383811220125,23.109674038977563,,,,0.0,0.0,stable_positive,
ppml_russia_inbound_structural_allocation_v3,SMR,San Marino,0.0,2023,unesco_uis_opri_202602,data/raw/uis_opri/OPRI_202602.zip::OPRI_DATA_NATIONAL.csv,2026-06-20T02:46:44+00:00,0,students,official_or_reference,7e35482e817d63b0cf638fb695f8a9fd2df9139ae830c0d13f2eba4706d50eca,163fe06d36543ec3,13.655930833970537,9.399160117148805,4.256770716821732,13.655930833970537,2026,3.5578950093602066,12.145411848309344,43.62245637170381,3.5578950093602066,43.62245637170381,3.5578950093602066,43.62245637170381,-5.8412651077885975,2.7462517311605383,34.22329625455501,0.675,600,coefficient_parameter_uncertainty_only_on_constrained_structural_allocation_not_full_predictive_interval,4.256770716821732,1.452888413833406,,actual_2023_plus_structural_and_continuity_models,True,unfriendly_430r,ppml_russia_inbound_structural_allocation_v3,Structural under-representation gap relative to demographic continuity,data/model/gravity_model_report.json,actual=2023;capacity=2026,not_applicable_model_output,"{""actual_students_latest"": 0.0, ""demographic_continuity_baseline"": 9.399160117148805, ""model_based_attraction_capacity"": 13.655930833970537, ""probability_positive_representation_gap"": 0.675, ""representation_gap"": 4.256770716821732, ""representation_gap_parameter_high"": 34.22329625455501, ""representation_gap_parameter_low"": -5.8412651077885975}",students_capacity_equivalent,calculated_structural_gap,9e22c41768ecc2a32ea8f418f12944d813c97ce0ee267aea4c0da147fd77d4c6,mgimo_platform2.models.educational_migration_v3::build_structural_forecast_v3,gap_abs is structural capacity minus demographic continuity baseline under the same aggregate total; positive and negative gaps are reallocative and do not sum to additional national enrolment,-5.8412651077885975,2.7462517311605383,34.22329625455501,,,,0.0,0.0,direction_uncertain,
ppml_russia_inbound_structural_allocation_v3,ABW,Aruba,0.0,2023,unesco_uis_opri_202602,data/raw/uis_opri/OPRI_202602.zip::OPRI_DATA_NATIONAL.csv,2026-06-20T02:46:44+00:00,0,students,official_or_reference,7e35482e817d63b0cf638fb695f8a9fd2df9139ae830c0d13f2eba4706d50eca,e1cb796fcc77df9b,4.004025023000043,0.0,4.004025023000043,4.004025023000043,2026,0.4612833035555806,3.788867868631087,23.484434349025875,0.4612833035555806,23.484434349025875,0.4612833035555806,23.484434349025875,0.4612833035555806,3.788867868631087,23.484434349025875,1.0,600,coefficient_parameter_uncertainty_only_on_constrained_structural_allocation_not_full_predictive_interval,4.004025023000043,,,actual_2023_plus_structural_and_continuity_models,True,non_sovereign_or_special,ppml_russia_inbound_structural_allocation_v3,Structural under-representation gap relative to demographic continuity,data/model/gravity_model_report.json,actual=2023;capacity=2026,not_applicable_model_output,"{""actual_students_latest"": 0.0, ""demographic_continuity_baseline"": 0.0, ""model_based_attraction_capacity"": 4.004025023000043, ""probability_positive_representation_gap"": 1.0, ""representation_gap"": 4.004025023000043, ""representation_gap_parameter_high"": 23.484434349025875, ""representation_gap_parameter_low"": 0.4612833035555806}",students_capacity_equivalent,calculated_structural_gap,9e22c41768ecc2a32ea8f418f12944d813c97ce0ee267aea4c0da147fd77d4c6,mgimo_platform2.models.educational_migration_v3::build_structural_forecast_v3,gap_abs is structural capacity minus demographic continuity baseline under the same aggregate total; positive and negative gaps are reallocative and do not sum to additional national enrolment,0.4612833035555806,3.788867868631087,23.484434349025875,,,,0.0,0.0,stable_positive,
ppml_russia_inbound_structural_allocation_v3,TCA,Turks and Caicos Islands,0.0,2023,unesco_uis_opri_202602,data/raw/uis_opri/OPRI_202602.zip::OPRI_DATA_NATIONAL.csv,2026-06-20T02:46:44+00:00,0,students,official_or_reference,7e35482e817d63b0cf638fb695f8a9fd2df9139ae830c0d13f2eba4706d50eca,9b998d0f4d731a96,3.4527147229430417,0.0,3.4527147229430417,3.4527147229430417,2026,0.4384117185786933,3.1525696836229704,18.567673158679682,0.4384117185786933,18.567673158679682,0.4384117185786933,18.567673158679682,0.4384117185786933,3.1525696836229704,18.567673158679682,1.0,600,coefficient_parameter_uncertainty_only_on_constrained_structural_allocation_not_full_predictive_interval,3.4527147229430417,,,actual_2023_plus_structural_and_continuity_models,True,unfriendly_430r;non_sovereign_or_special,ppml_russia_inbound_structural_allocation_v3,Structural under-representation gap relative to demographic continuity,data/model/gravity_model_report.json,actual=2023;capacity=2026,not_applicable_model_output,"{""actual_students_latest"": 0.0, ""demographic_continuity_baseline"": 0.0, ""model_based_attraction_capacity"": 3.4527147229430417, ""probability_positive_representation_gap"": 1.0, ""representation_gap"": 3.4527147229430417, ""representation_gap_parameter_high"": 18.567673158679682, ""representation_gap_parameter_low"": 0.4384117185786933}",students_capacity_equivalent,calculated_structural_gap,9e22c41768ecc2a32ea8f418f12944d813c97ce0ee267aea4c0da147fd77d4c6,mgimo_platform2.models.educational_migration_v3::build_structural_forecast_v3,gap_abs is structural capacity minus demographic continuity baseline under the same aggregate total; positive and negative gaps are reallocative and do not sum to additional national enrolment,0.4384117185786933,3.1525696836229704,18.567673158679682,,,,0.0,0.0,stable_positive,
ppml_russia_inbound_structural_allocation_v3,NZL,New Zealand,1.0,2023,unesco_uis_opri_202602,data/raw/uis_opri/OPRI_202602.zip::OPRI_DATA_NATIONAL.csv,2026-06-20T02:46:44+00:00,1,students,official_or_reference,7e35482e817d63b0cf638fb695f8a9fd2df9139ae830c0d13f2eba4706d50eca,abe7ccc40bc656ac,5.078818261127218,2.8315747872452395,2.247243473881978,5.078818261127218,2026,1.195946535670627,4.581963824398239,18.591578048848966,1.195946535670627,18.591578048848966,1.195946535670627,18.591578048848966,-1.6356282515746126,1.750389037152999,15.760003261603726,0.7533333333333333,600,coefficient_parameter_uncertainty_only_on_constrained_structural_allocation_not_full_predictive_interval,2.247243473881978,1.7936373370763974,,actual_2023_plus_structural_and_continuity_models,True,unfriendly_430r,ppml_russia_inbound_structural_allocation_v3,Structural under-representation gap relative to demographic continuity,data/model/gravity_model_report.json,actual=2023;capacity=2026,not_applicable_model_output,"{""actual_students_latest"": 1.0, ""demographic_continuity_baseline"": 2.8315747872452395, ""model_based_attraction_capacity"": 5.078818261127218, ""probability_positive_representation_gap"": 0.7533333333333333, ""representation_gap"": 2.247243473881978, ""representation_gap_parameter_high"": 15.760003261603726, ""representation_gap_parameter_low"": -1.6356282515746126}",students_capacity_equivalent,calculated_structural_gap,9e22c41768ecc2a32ea8f418f12944d813c97ce0ee267aea4c0da147fd77d4c6,mgimo_platform2.models.educational_migration_v3::build_structural_forecast_v3,gap_abs is structural capacity minus demographic continuity baseline under the same aggregate total; positive and negative gaps are reallocative and do not sum to additional national enrolment,-1.6356282515746126,1.750389037152999,15.760003261603726,,,,0.0,0.0,likely_positive,
ppml_russia_inbound_structural_allocation_v3,BHS,Bahamas,0.0,2023,unesco_uis_opri_202602,data/raw/uis_opri/OPRI_202602.zip::OPRI_DATA_NATIONAL.csv,2026-06-20T02:46:44+00:00,0,students,official_or_reference,7e35482e817d63b0cf638fb695f8a9fd2df9139ae830c0d13f2eba4706d50eca,ed23c5305f3d8d78,4.053151191401763,2.28093434101666,1.7722168503851026,4.053151191401763,2026,0.5853831973751157,3.7429452683832185,20.90651616930464,0.5853831973751157,20.90651616930464,0.5853831973751157,20.90651616930464,-1.6955511436415445,1.4620109273665585,18.62558182828798,0.7,600,coefficient_parameter_uncertainty_only_on_constrained_structural_allocation_not_full_predictive_interval,1.7722168503851026,1.7769696911114015,,actual_2023_plus_structural_and_continuity_models,True,unfriendly_430r,ppml_russia_inbound_structural_allocation_v3,Structural under-representation gap relative to demographic continuity,data/model/gravity_model_report.json,actual=2023;capacity=2026,not_applicable_model_output,"{""actual_students_latest"": 0.0, ""demographic_continuity_baseline"": 2.28093434101666, ""model_based_attraction_capacity"": 4.053151191401763, ""probability_positive_representation_gap"": 0.7, ""representation_gap"": 1.7722168503851026, ""representation_gap_parameter_high"": 18.62558182828798, ""representation_gap_parameter_low"": -1.6955511436415445}",students_capacity_equivalent,calculated_structural_gap,9e22c41768ecc2a32ea8f418f12944d813c97ce0ee267aea4c0da147fd77d4c6,mgimo_platform2.models.educational_migration_v3::build_structural_forecast_v3,gap_abs is structural capacity minus demographic continuity baseline under the same aggregate total; positive and negative gaps are reallocative and do not sum to additional national enrolment,-1.6955511436415445,1.4620109273665585,18.62558182828798,,,,0.0,0.0,direction_uncertain,
ppml_russia_inbound_structural_allocation_v3,MLT,Malta,1.0,2023,unesco_uis_opri_202602,data/raw/uis_opri/OPRI_202602.zip::OPRI_DATA_NATIONAL.csv,2026-06-20T02:46:44+00:00,1,students,official_or_reference,7e35482e817d63b0cf638fb695f8a9fd2df9139ae830c0d13f2eba4706d50eca,434a610753ae1324,2.503199266076208,0.9084842238953301,1.594715042180878,2.503199266076208,2026,0.5630848738048617,2.323052905545624,8.795523509209167,0.5630848738048617,8.795523509209167,0.5630848738048617,8.795523509209167,-0.34539935009046846,1.4145686816502938,7.887039285313835,0.91,600,coefficient_parameter_uncertainty_only_on_constrained_structural_allocation_not_full_predictive_interval,1.594715042180878,2.7553579910757056,,actual_2023_plus_structural_and_continuity_models,True,unfriendly_430r,ppml_russia_inbound_structural_allocation_v3,Structural under-representation gap relative to demographic continuity,data/model/gravity_model_report.json,actual=2023;capacity=2026,not_applicable_model_output,"{""actual_students_latest"": 1.0, ""demographic_continuity_baseline"": 0.9084842238953301, ""model_based_attraction_capacity"": 2.503199266076208, ""probability_positive_representation_gap"": 0.91, ""representation_gap"": 1.594715042180878, ""representation_gap_parameter_high"": 7.887039285313835, ""representation_gap_parameter_low"": -0.34539935009046846}",students_capacity_equivalent,calculated_structural_gap,9e22c41768ecc2a32ea8f418f12944d813c97ce0ee267aea4c0da147fd77d4c6,mgimo_platform2.models.educational_migration_v3::build_structural_forecast_v3,gap_abs is structural capacity minus demographic continuity baseline under the same aggregate total; positive and negative gaps are reallocative and do not sum to additional national enrolment,-0.34539935009046846,1.4145686816502938,7.887039285313835,,,,0.0,0.0,stable_positive,
ppml_russia_inbound_structural_allocation_v3,CYM,Cayman Islands,0.0,2023,unesco_uis_opri_202602,data/raw/uis_opri/OPRI_202602.zip::OPRI_DATA_NATIONAL.csv,2026-06-20T02:46:44+00:00,0,students,official_or_reference,7e35482e817d63b0cf638fb695f8a9fd2df9139ae830c0d13f2eba4706d50eca,2b22c4553b778b0a,1.4718936063325734,0.0,1.4718936063325734,1.4718936063325734,2026,0.11830341044591973,1.3490534919934074,10.307448553370286,0.11830341044591973,10.307448553370286,0.11830341044591973,10.307448553370286,0.11830341044591973,1.3490534919934074,10.307448553370286,1.0,600,coefficient_parameter_uncertainty_only_on_constrained_structural_allocation_not_full_predictive_interval,1.4718936063325734,,,actual_2023_plus_structural_and_continuity_models,True,unfriendly_430r;non_sovereign_or_special,ppml_russia_inbound_structural_allocation_v3,Structural under-representation gap relative to demographic continuity,data/model/gravity_model_report.json,actual=2023;capacity=2026,not_applicable_model_output,"{""actual_students_latest"": 0.0, ""demographic_continuity_baseline"": 0.0, ""model_based_attraction_capacity"": 1.4718936063325734, ""probability_positive_representation_gap"": 1.0, ""representation_gap"": 1.4718936063325734, ""representation_gap_parameter_high"": 10.307448553370286, ""representation_gap_parameter_low"": 0.11830341044591973}",students_capacity_equivalent,calculated_structural_gap,9e22c41768ecc2a32ea8f418f12944d813c97ce0ee267aea4c0da147fd77d4c6,mgimo_platform2.models.educational_migration_v3::build_structural_forecast_v3,gap_abs is structural capacity minus demographic continuity baseline under the same aggregate total; positive and negative gaps are reallocative and do not sum to additional national enrolment,0.11830341044591973,1.3490534919934074,10.307448553370286,,,,0.0,0.0,stable_positive,
ppml_russia_inbound_structural_allocation_v3,MSR,Montserrat,0.0,2023,unesco_uis_opri_202602,data/raw/uis_opri/OPRI_202602.zip::OPRI_DATA_NATIONAL.csv,2026-06-20T02:46:44+00:00,0,students,official_or_reference,7e35482e817d63b0cf638fb695f8a9fd2df9139ae830c0d13f2eba4706d50eca,c57c06596a6fa0d8,0.42138580840302087,0.0,0.42138580840302087,0.42138580840302087,2026,0.06543121058153321,0.40997828019643856,2.304214715539171,0.06543121058153321,2.304214715539171,0.06543121058153321,2.304214715539171,0.06543121058153321,0.40997828019643856,2.304214715539171,1.0,600,coefficient_parameter_uncertainty_only_on_constrained_structural_allocation_not_full_predictive_interval,0.42138580840302087,,,actual_2023_plus_structural_and_continuity_models,True,unfriendly_430r,ppml_russia_inbound_structural_allocation_v3,Structural under-representation gap relative to demographic continuity,data/model/gravity_model_report.json,actual=2023;capacity=2026,not_applicable_model_output,"{""actual_students_latest"": 0.0, ""demographic_continuity_baseline"": 0.0, ""model_based_attraction_capacity"": 0.42138580840302087, ""probability_positive_representation_gap"": 1.0, ""representation_gap"": 0.42138580840302087, ""representation_gap_parameter_high"": 2.304214715539171, ""representation_gap_parameter_low"": 0.06543121058153321}",students_capacity_equivalent,calculated_structural_gap,9e22c41768ecc2a32ea8f418f12944d813c97ce0ee267aea4c0da147fd77d4c6,mgimo_platform2.models.educational_migration_v3::build_structural_forecast_v3,gap_abs is structural capacity minus demographic continuity baseline under the same aggregate total; positive and negative gaps are reallocative and do not sum to additional national enrolment,0.06543121058153321,0.40997828019643856,2.304214715539171,,,,0.0,0.0,stable_positive,
ppml_russia_inbound_structural_allocation_v3,FSM,"Micronesia, Federated States of",0.0,2023,unesco_uis_opri_202602,data/raw/uis_opri/OPRI_202602.zip::OPRI_DATA_NATIONAL.csv,2026-06-20T02:46:44+00:00,0,students,official_or_reference,7e35482e817d63b0cf638fb695f8a9fd2df9139ae830c0d13f2eba4706d50eca,a7bb6e54dc1c301c,0.2673451407920789,0.0,0.2673451407920789,0.2673451407920789,2026,0.018476264125545726,0.23355818606249698,2.7987831289632616,0.018476264125545726,2.7987831289632616,0.018476264125545726,2.7987831289632616,0.018476264125545726,0.23355818606249698,2.7987831289632616,1.0,600,coefficient_parameter_uncertainty_only_on_constrained_structural_allocation_not_full_predictive_interval,0.2673451407920789,,,actual_2023_plus_structural_and_continuity_models,True,unfriendly_430r,ppml_russia_inbound_structural_allocation_v3,Structural under-representation gap relative to demographic continuity,data/model/gravity_model_report.json,actual=2023;capacity=2026,not_applicable_model_output,"{""actual_students_latest"": 0.0, ""demographic_continuity_baseline"": 0.0, ""model_based_attraction_capacity"": 0.2673451407920789, ""probability_positive_representation_gap"": 1.0, ""representation_gap"": 0.2673451407920789, ""representation_gap_parameter_high"": 2.7987831289632616, ""representation_gap_parameter_low"": 0.018476264125545726}",students_capacity_equivalent,calculated_structural_gap,9e22c41768ecc2a32ea8f418f12944d813c97ce0ee267aea4c0da147fd77d4c6,mgimo_platform2.models.educational_migration_v3::build_structural_forecast_v3,gap_abs is structural capacity minus demographic continuity baseline under the same aggregate total; positive and negative gaps are reallocative and do not sum to additional national enrolment,0.018476264125545726,0.23355818606249698,2.7987831289632616,,,,0.0,0.0,stable_positive,
ppml_russia_inbound_structural_allocation_v3,AIA,Anguilla,0.0,2023,unesco_uis_opri_202602,data/raw/uis_opri/OPRI_202602.zip::OPRI_DATA_NATIONAL.csv,2026-06-20T02:46:44+00:00,0,students,official_or_reference,7e35482e817d63b0cf638fb695f8a9fd2df9139ae830c0d13f2eba4706d50eca,9de162aaea7cf680,0.040451461818384805,0.38867447762262275,-0.3482230158042379,0.040451461818384805,2026,0.002934784660226527,0.03691901499062805,0.4890249215489498,0.002934784660226527,0.4890249215489498,0.002934784660226527,0.4890249215489498,-0.3857396929623962,-0.3517554626319947,0.10035044392632703,0.03166666666666667,600,coefficient_parameter_uncertainty_only_on_constrained_structural_allocation_not_full_predictive_interval,-0.3482230158042379,0.10407542596007681,,actual_2023_plus_structural_and_continuity_models,True,unfriendly_430r,ppml_russia_inbound_structural_allocation_v3,Structural under-representation gap relative to demographic continuity,data/model/gravity_model_report.json,actual=2023;capacity=2026,not_applicable_model_output,"{""actual_students_latest"": 0.0, ""demographic_continuity_baseline"": 0.38867447762262275, ""model_based_attraction_capacity"": 0.040451461818384805, ""probability_positive_representation_gap"": 0.03166666666666667, ""representation_gap"": -0.3482230158042379, ""representation_gap_parameter_high"": 0.10035044392632703, ""representation_gap_parameter_low"": -0.3857396929623962}",students_capacity_equivalent,calculated_structural_gap,9e22c41768ecc2a32ea8f418f12944d813c97ce0ee267aea4c0da147fd77d4c6,mgimo_platform2.models.educational_migration_v3::build_structural_forecast_v3,gap_abs is structural capacity minus demographic continuity baseline under the same aggregate total; positive and negative gaps are reallocative and do not sum to additional national enrolment,-0.3857396929623962,-0.3517554626319947,0.10035044392632703,,,,0.0,0.0,likely_nonpositive,
ppml_russia_inbound_structural_allocation_v3,CAN,Canada,46.0,2023,unesco_uis_opri_202602,data/raw/uis_opri/OPRI_202602.zip::OPRI_DATA_NATIONAL.csv,2026-06-20T02:46:44+00:00,46,students,official_or_reference,7e35482e817d63b0cf638fb695f8a9fd2df9139ae830c0d13f2eba4706d50eca,e2a6c89ac31b38ed,28.69002830081393,47.93963882394106,-19.24961052312713,28.69002830081393,2026,4.765727919682242,25.900612224800177,163.32708617725564,4.765727919682242,163.32708617725564,4.765727919682242,163.32708617725564,-43.17391090425882,-22.039026599140882,115.38744735331457,0.26,600,coefficient_parameter_uncertainty_only_on_constrained_structural_allocation_not_full_predictive_interval,-19.24961052312713,0.5984615029366079,,actual_2023_plus_structural_and_continuity_models,True,unfriendly_430r,ppml_russia_inbound_structural_allocation_v3,Structural under-representation gap relative to demographic continuity,data/model/gravity_model_report.json,actual=2023;capacity=2026,not_applicable_model_output,"{""actual_students_latest"": 46.0, ""demographic_continuity_baseline"": 47.93963882394106, ""model_based_attraction_capacity"": 28.69002830081393, ""probability_positive_representation_gap"": 0.26, ""representation_gap"": -19.24961052312713, ""representation_gap_parameter_high"": 115.38744735331457, ""representation_gap_parameter_low"": -43.17391090425882}",students_capacity_equivalent,calculated_structural_gap,9e22c41768ecc2a32ea8f418f12944d813c97ce0ee267aea4c0da147fd77d4c6,mgimo_platform2.models.educational_migration_v3::build_structural_forecast_v3,gap_abs is structural capacity minus demographic continuity baseline under the same aggregate total; positive and negative gaps are reallocative and do not sum to additional national enrolment,-43.17391090425882,-22.039026599140882,115.38744735331457,,,,0.0,0.0,direction_uncertain,
ppml_russia_inbound_structural_allocation_v3,JPN,Japan,78.0,2023,unesco_uis_opri_202602,data/raw/uis_opri/OPRI_202602.zip::OPRI_DATA_NATIONAL.csv,2026-06-20T02:46:44+00:00,78,students,official_or_reference,7e35482e817d63b0cf638fb695f8a9fd2df9139ae830c0d13f2eba4706d50eca,0f63ba9746d84774,60.66366088897385,110.851356852523,-50.187695963549146,60.66366088897385,2026,11.619284308007952,55.183287785273976,301.2006189326848,11.619284308007952,301.2006189326848,11.619284308007952,301.2006189326848,-99.23207254451505,-55.66806906724902,190.34926208016182,0.21,600,coefficient_parameter_uncertainty_only_on_constrained_structural_allocation_not_full_predictive_interval,-50.187695963549146,0.5472523080586282,,actual_2023_plus_structural_and_continuity_models,True,unfriendly_430r,ppml_russia_inbound_structural_allocation_v3,Structural under-representation gap relative to demographic continuity,data/model/gravity_model_report.json,actual=2023;capacity=2026,not_applicable_model_output,"{""actual_students_latest"": 78.0, ""demographic_continuity_baseline"": 110.851356852523, ""model_based_attraction_capacity"": 60.66366088897385, ""probability_positive_representation_gap"": 0.21, ""representation_gap"": -50.187695963549146, ""representation_gap_parameter_high"": 190.34926208016182, ""representation_gap_parameter_low"": -99.23207254451505}",students_capacity_equivalent,calculated_structural_gap,9e22c41768ecc2a32ea8f418f12944d813c97ce0ee267aea4c0da147fd77d4c6,mgimo_platform2.models.educational_migration_v3::build_structural_forecast_v3,gap_abs is structural capacity minus demographic continuity baseline under the same aggregate total; positive and negative gaps are reallocative and do not sum to additional national enrolment,-99.23207254451505,-55.66806906724902,190.34926208016182,,,,0.0,0.0,likely_nonpositive,
ppml_russia_inbound_structural_allocation_v3,PSE,"Palestine, State of",664.0,2023,unesco_uis_opri_202602,data/raw/uis_opri/OPRI_202602.zip::OPRI_DATA_NATIONAL.csv,2026-06-20T02:46:44+00:00,664,students,official_or_reference,7e35482e817d63b0cf638fb695f8a9fd2df9139ae830c0d13f2eba4706d50eca,262fd15c47d56dfc,558.63979314082,718.0827390149345,-159.44294587411457,558.63979314082,2026,163.13988963428758,521.8083404320196,1577.1281557460293,163.13988963428758,1577.1281557460293,163.13988963428758,1577.1281557460293,-554.9428493806469,-196.2743985829149,859.0454167310946,0.3,600,coefficient_parameter_uncertainty_only_on_constrained_structural_allocation_not_full_predictive_interval,-159.44294587411457,0.7779602026183803,,actual_2023_plus_structural_and_continuity_models,True,non_sovereign_or_special,ppml_russia_inbound_structural_allocation_v3,Structural under-representation gap relative to demographic continuity,data/model/gravity_model_report.json,actual=2023;capacity=2026,not_applicable_model_output,"{""actual_students_latest"": 664.0, ""demographic_continuity_baseline"": 718.0827390149345, ""model_based_attraction_capacity"": 558.63979314082, ""probability_positive_representation_gap"": 0.3, ""representation_gap"": -159.44294587411457, ""representation_gap_parameter_high"": 859.0454167310946, ""representation_gap_parameter_low"": -554.9428493806469}",students_capacity_equivalent,calculated_structural_gap,9e22c41768ecc2a32ea8f418f12944d813c97ce0ee267aea4c0da147fd77d4c6,mgimo_platform2.models.educational_migration_v3::build_structural_forecast_v3,gap_abs is structural capacity minus demographic continuity baseline under the same aggregate total; positive and negative gaps are reallocative and do not sum to additional national enrolment,-554.9428493806469,-196.2743985829149,859.0454167310946,,,,0.0,0.0,direction_uncertain,
ppml_russia_inbound_structural_allocation_v3,VIR,"Virgin Islands, U.S.",99.0,2023,unesco_uis_opri_202602,data/raw/uis_opri/OPRI_202602.zip::OPRI_DATA_NATIONAL.csv,2026-06-20T02:46:44+00:00,99,students,official_or_reference,7e35482e817d63b0cf638fb695f8a9fd2df9139ae830c0d13f2eba4706d50eca,61af630b47e5cadd,1.6311870071698689,166.7412593853084,-165.11007237813854,1.6311870071698689,2026,0.13461927530637832,1.5215726391215525,11.08566777803331,0.13461927530637832,11.08566777803331,0.13461927530637832,11.08566777803331,-166.60664011000202,-165.21968674618685,-155.65559160727508,0.0,600,coefficient_parameter_uncertainty_only_on_constrained_structural_allocation_not_full_predictive_interval,-165.11007237813854,0.009782743714322653,,actual_2023_plus_structural_and_continuity_models,True,non_sovereign_or_special,ppml_russia_inbound_structural_allocation_v3,Structural under-representation gap relative to demographic continuity,data/model/gravity_model_report.json,actual=2023;capacity=2026,not_applicable_model_output,"{""actual_students_latest"": 99.0, ""demographic_continuity_baseline"": 166.7412593853084, ""model_based_attraction_capacity"": 1.6311870071698689, ""probability_positive_representation_gap"": 0.0, ""representation_gap"": -165.11007237813854, ""representation_gap_parameter_high"": -155.65559160727508, ""representation_gap_parameter_low"": -166.60664011000202}",students_capacity_equivalent,calculated_structural_gap,9e22c41768ecc2a32ea8f418f12944d813c97ce0ee267aea4c0da147fd77d4c6,mgimo_platform2.models.educational_migration_v3::build_structural_forecast_v3,gap_abs is structural capacity minus demographic continuity baseline under the same aggregate total; positive and negative gaps are reallocative and do not sum to additional national enrolment,-166.60664011000202,-165.21968674618685,-155.65559160727508,,,,0.0,0.0,likely_nonpositive,
ppml_russia_inbound_structural_allocation_v3,EST,Estonia,384.0,2023,unesco_uis_opri_202602,data/raw/uis_opri/OPRI_202602.zip::OPRI_DATA_NATIONAL.csv,2026-06-20T02:46:44+00:00,384,students,official_or_reference,7e35482e817d63b0cf638fb695f8a9fd2df9139ae830c0d13f2eba4706d50eca,4bec6d94e7945b96,187.80735231633136,462.5753686002773,-274.76801628394594,187.80735231633136,2026,24.712910169766765,169.54527279964304,1240.5820685962924,24.712910169766765,1240.5820685962924,24.712910169766765,1240.5820685962924,-437.8624584305105,-293.0300958006343,778.0066999960152,0.16833333333333333,600,coefficient_parameter_uncertainty_only_on_constrained_structural_allocation_not_full_predictive_interval,-274.76801628394594,0.4060037889276813,,actual_2023_plus_structural_and_continuity_models,True,unfriendly_430r,ppml_russia_inbound_structural_allocation_v3,Structural under-representation gap relative to demographic continuity,data/model/gravity_model_report.json,actual=2023;capacity=2026,not_applicable_model_output,"{""actual_students_latest"": 384.0, ""demographic_continuity_baseline"": 462.5753686002773, ""model_based_attraction_capacity"": 187.80735231633136, ""probability_positive_representation_gap"": 0.16833333333333333, ""representation_gap"": -274.76801628394594, ""representation_gap_parameter_high"": 778.0066999960152, ""representation_gap_parameter_low"": -437.8624584305105}",students_capacity_equivalent,calculated_structural_gap,9e22c41768ecc2a32ea8f418f12944d813c97ce0ee267aea4c0da147fd77d4c6,mgimo_platform2.models.educational_migration_v3::build_structural_forecast_v3,gap_abs is structural capacity minus demographic continuity baseline under the same aggregate total; positive and negative gaps are reallocative and do not sum to additional national enrolment,-437.8624584305105,-293.0300958006343,778.0066999960152,,,,0.0,0.0,likely_nonpositive,
ppml_russia_inbound_structural_allocation_v3,KOR,"Korea, Republic of",433.0,2023,unesco_uis_opri_202602,data/raw/uis_opri/OPRI_202602.zip::OPRI_DATA_NATIONAL.csv,2026-06-20T02:46:44+00:00,433,students,official_or_reference,7e35482e817d63b0cf638fb695f8a9fd2df9139ae830c0d13f2eba4706d50eca,39995e4813aa4c47,175.11516982420025,482.14312406678374,-307.0279542425835,175.11516982420025,2026,56.90125169556412,162.35048199461056,412.7259424404883,56.90125169556412,412.7259424404883,56.90125169556412,412.7259424404883,-425.24187237121964,-319.7926420721732,-69.4171816262954,0.011666666666666667,600,coefficient_parameter_uncertainty_only_on_constrained_structural_allocation_not_full_predictive_interval,-307.0279542425835,0.363201632633766,,actual_2023_plus_structural_and_continuity_models,True,unfriendly_430r,ppml_russia_inbound_structural_allocation_v3,Structural under-representation gap relative to demographic continuity,data/model/gravity_model_report.json,actual=2023;capacity=2026,not_applicable_model_output,"{""actual_students_latest"": 433.0, ""demographic_continuity_baseline"": 482.14312406678374, ""model_based_attraction_capacity"": 175.11516982420025, ""probability_positive_representation_gap"": 0.011666666666666667, ""representation_gap"": -307.0279542425835, ""representation_gap_parameter_high"": -69.4171816262954, ""representation_gap_parameter_low"": -425.24187237121964}",students_capacity_equivalent,calculated_structural_gap,9e22c41768ecc2a32ea8f418f12944d813c97ce0ee267aea4c0da147fd77d4c6,mgimo_platform2.models.educational_migration_v3::build_structural_forecast_v3,gap_abs is structural capacity minus demographic continuity baseline under the same aggregate total; positive and negative gaps are reallocative and do not sum to additional national enrolment,-425.24187237121964,-319.7926420721732,-69.4171816262954,,,,0.0,0.0,likely_nonpositive,
ppml_russia_inbound_structural_allocation_v3,LVA,Latvia,590.0,2023,unesco_uis_opri_202602,data/raw/uis_opri/OPRI_202602.zip::OPRI_DATA_NATIONAL.csv,2026-06-20T02:46:44+00:00,590,students,official_or_reference,7e35482e817d63b0cf638fb695f8a9fd2df9139ae830c0d13f2eba4706d50eca,b496d1f27a0c042b,242.86360425269896,681.159301253307,-438.2956970006081,242.86360425269896,2026,38.709082572290875,219.44021072661212,1280.5392053512867,38.709082572290875,1280.5392053512867,38.709082572290875,1280.5392053512867,-642.450218681016,-461.7190905266949,599.3799040979798,0.105,600,coefficient_parameter_uncertainty_only_on_constrained_structural_allocation_not_full_predictive_interval,-438.2956970006081,0.35654450259409104,,actual_2023_plus_structural_and_continuity_models,True,unfriendly_430r,ppml_russia_inbound_structural_allocation_v3,Structural under-representation gap relative to demographic continuity,data/model/gravity_model_report.json,actual=2023;capacity=2026,not_applicable_model_output,"{""actual_students_latest"": 590.0, ""demographic_continuity_baseline"": 681.159301253307, ""model_based_attraction_capacity"": 242.86360425269896, ""probability_positive_representation_gap"": 0.105, ""representation_gap"": -438.2956970006081, ""representation_gap_parameter_high"": 599.3799040979798, ""representation_gap_parameter_low"": -642.450218681016}",students_capacity_equivalent,calculated_structural_gap,9e22c41768ecc2a32ea8f418f12944d813c97ce0ee267aea4c0da147fd77d4c6,mgimo_platform2.models.educational_migration_v3::build_structural_forecast_v3,gap_abs is structural capacity minus demographic continuity baseline under the same aggregate total; positive and negative gaps are reallocative and do not sum to additional national enrolment,-642.450218681016,-461.7190905266949,599.3799040979798,,,,0.0,0.0,likely_nonpositive,
ppml_russia_inbound_structural_allocation_v3,VNM,Viet Nam,3300.0,2023,unesco_uis_opri_202602,data/raw/uis_opri/OPRI_202602.zip::OPRI_DATA_NATIONAL.csv,2026-06-20T02:46:44+00:00,3300,students,official_or_reference,7e35482e817d63b0cf638fb695f8a9fd2df9139ae830c0d13f2eba4706d50eca,8787b25eb052e819,1403.4896323526473,3406.1900842665186,-2002.7004519138713,1403.4896323526473,2026,464.3035181855898,1305.5248387606207,3606.748752608646,464.3035181855898,3606.748752608646,464.3035181855898,3606.748752608646,-2941.886566080929,-2100.665245505898,200.55866834212767,0.028333333333333332,600,coefficient_parameter_uncertainty_only_on_constrained_structural_allocation_not_full_predictive_interval,-2002.7004519138713,0.41204090130949683,,actual_2023_plus_structural_and_continuity_models,True,existing_mgimo_presence,ppml_russia_inbound_structural_allocation_v3,Structural under-representation gap relative to demographic continuity,data/model/gravity_model_report.json,actual=2023;capacity=2026,not_applicable_model_output,"{""actual_students_latest"": 3300.0, ""demographic_continuity_baseline"": 3406.1900842665186, ""model_based_attraction_capacity"": 1403.4896323526473, ""probability_positive_representation_gap"": 0.028333333333333332, ""representation_gap"": -2002.7004519138713, ""representation_gap_parameter_high"": 200.55866834212767, ""representation_gap_parameter_low"": -2941.886566080929}",students_capacity_equivalent,calculated_structural_gap,9e22c41768ecc2a32ea8f418f12944d813c97ce0ee267aea4c0da147fd77d4c6,mgimo_platform2.models.educational_migration_v3::build_structural_forecast_v3,gap_abs is structural capacity minus demographic continuity baseline under the same aggregate total; positive and negative gaps are reallocative and do not sum to additional national enrolment,-2941.886566080929,-2100.665245505898,200.55866834212767,,,,0.0,0.0,likely_nonpositive,
ppml_russia_inbound_structural_allocation_v3,UKR,Ukraine,5279.0,2023,unesco_uis_opri_202602,data/raw/uis_opri/OPRI_202602.zip::OPRI_DATA_NATIONAL.csv,2026-06-20T02:46:44+00:00,5279,students,official_or_reference,7e35482e817d63b0cf638fb695f8a9fd2df9139ae830c0d13f2eba4706d50eca,0103c9796d386102,2594.4957966279644,11087.564241692682,-8493.068445064717,2594.4957966279644,2026,244.41386427069855,2498.9826204339906,19821.004034909452,244.41386427069855,19821.004034909452,244.41386427069855,19821.004034909452,-10843.150377421984,-8588.58162125869,8733.439793216772,0.10666666666666667,600,coefficient_parameter_uncertainty_only_on_constrained_structural_allocation_not_full_predictive_interval,-8493.068445064717,0.23400051986818304,,actual_2023_plus_structural_and_continuity_models,True,unfriendly_430r,ppml_russia_inbound_structural_allocation_v3,Structural under-representation gap relative to demographic continuity,data/model/gravity_model_report.json,actual=2023;capacity=2026,not_applicable_model_output,"{""actual_students_latest"": 5279.0, ""demographic_continuity_baseline"": 11087.564241692682, ""model_based_attraction_capacity"": 2594.4957966279644, ""probability_positive_representation_gap"": 0.10666666666666667, ""representation_gap"": -8493.068445064717, ""representation_gap_parameter_high"": 8733.439793216772, ""representation_gap_parameter_low"": -10843.150377421984}",students_capacity_equivalent,calculated_structural_gap,9e22c41768ecc2a32ea8f418f12944d813c97ce0ee267aea4c0da147fd77d4c6,mgimo_platform2.models.educational_migration_v3::build_structural_forecast_v3,gap_abs is structural capacity minus demographic continuity baseline under the same aggregate total; positive and negative gaps are reallocative and do not sum to additional national enrolment,-10843.150377421984,-8588.58162125869,8733.439793216772,,,,0.0,0.0,likely_nonpositive,
ppml_russia_inbound_structural_allocation_v3,KAZ,Kazakhstan,48778.0,2023,unesco_uis_opri_202602,data/raw/uis_opri/OPRI_202602.zip::OPRI_DATA_NATIONAL.csv,2026-06-20T02:46:44+00:00,48778,students,official_or_reference,7e35482e817d63b0cf638fb695f8a9fd2df9139ae830c0d13f2eba4706d50eca,63483ed78b56eec0,14463.440248068388,61531.763835966434,-47068.32358789805,14463.440248068388,2026,9948.730480985778,13543.954456112006,16787.019739367905,9948.730480985778,16787.019739367905,9948.730480985778,16787.019739367905,-51583.03335498066,-47987.80937985443,-44744.74409659853,0.0,600,coefficient_parameter_uncertainty_only_on_constrained_structural_allocation_not_full_predictive_interval,-47068.32358789805,0.235056487030431,,actual_2023_plus_structural_and_continuity_models,True,existing_mgimo_presence,ppml_russia_inbound_structural_allocation_v3,Structural under-representation gap relative to demographic continuity,data/model/gravity_model_report.json,actual=2023;capacity=2026,not_applicable_model_output,"{""actual_students_latest"": 48778.0, ""demographic_continuity_baseline"": 61531.763835966434, ""model_based_attraction_capacity"": 14463.440248068388, ""probability_positive_representation_gap"": 0.0, ""representation_gap"": -47068.32358789805, ""representation_gap_parameter_high"": -44744.74409659853, ""representation_gap_parameter_low"": -51583.03335498066}",students_capacity_equivalent,calculated_structural_gap,9e22c41768ecc2a32ea8f418f12944d813c97ce0ee267aea4c0da147fd77d4c6,mgimo_platform2.models.educational_migration_v3::build_structural_forecast_v3,gap_abs is structural capacity minus demographic continuity baseline under the same aggregate total; positive and negative gaps are reallocative and do not sum to additional national enrolment,-51583.03335498066,-47987.80937985443,-44744.74409659853,,,,0.0,0.0,likely_nonpositive,
