model_id,origin_iso3,origin_name,destination_iso3,destination_name,year,students_observed,source_key,observation_status,students_predicted,residual,abs_error,prediction_status
ppml_russia_inbound_structural_allocation_v3,ABW,Aruba,RUS,Russian Federation,2011,0.0,unesco_uis_opri_202602,official_or_reference,1.5028117169334363,-1.5028117169334363,1.5028117169334363,modelled_structural_allocation_total_calibrated
ppml_russia_inbound_structural_allocation_v3,ABW,Aruba,RUS,Russian Federation,2014,0.0,unesco_uis_opri_202602,official_or_reference,936.630165886365,-936.630165886365,936.630165886365,modelled_structural_allocation_total_calibrated
ppml_russia_inbound_structural_allocation_v3,ABW,Aruba,RUS,Russian Federation,2016,0.0,unesco_uis_opri_202602,official_or_reference,295.02491056116065,-295.02491056116065,295.02491056116065,modelled_structural_allocation_total_calibrated
ppml_russia_inbound_structural_allocation_v3,ABW,Aruba,RUS,Russian Federation,2017,0.0,unesco_uis_opri_202602,official_or_reference,0.011217680945345103,-0.011217680945345103,0.011217680945345103,modelled_structural_allocation_total_calibrated
ppml_russia_inbound_structural_allocation_v3,ABW,Aruba,RUS,Russian Federation,2018,0.0,unesco_uis_opri_202602,official_or_reference,614.070013921087,-614.070013921087,614.070013921087,modelled_structural_allocation_total_calibrated
ppml_russia_inbound_structural_allocation_v3,ABW,Aruba,RUS,Russian Federation,2019,0.0,unesco_uis_opri_202602,official_or_reference,7.323975280585504,-7.323975280585504,7.323975280585504,modelled_structural_allocation_total_calibrated
ppml_russia_inbound_structural_allocation_v3,ABW,Aruba,RUS,Russian Federation,2020,0.0,unesco_uis_opri_202602,official_or_reference,293.7293633671391,-293.7293633671391,293.7293633671391,modelled_structural_allocation_total_calibrated
ppml_russia_inbound_structural_allocation_v3,ABW,Aruba,RUS,Russian Federation,2021,0.0,unesco_uis_opri_202602,official_or_reference,77.46870659467622,-77.46870659467622,77.46870659467622,modelled_structural_allocation_total_calibrated
ppml_russia_inbound_structural_allocation_v3,ABW,Aruba,RUS,Russian Federation,2022,0.0,unesco_uis_opri_202602,official_or_reference,2155.132618547373,-2155.132618547373,2155.132618547373,modelled_structural_allocation_total_calibrated
ppml_russia_inbound_structural_allocation_v3,ABW,Aruba,RUS,Russian Federation,2023,0.0,unesco_uis_opri_202602,official_or_reference,7.465145817926712,-7.465145817926712,7.465145817926712,modelled_structural_allocation_total_calibrated
ppml_russia_inbound_structural_allocation_v3,AFG,Afghanistan,RUS,Russian Federation,2011,346.0,unesco_uis_opri_202602,official_or_reference,12.433225141645355,333.5667748583546,333.5667748583546,modelled_structural_allocation_total_calibrated
ppml_russia_inbound_structural_allocation_v3,AFG,Afghanistan,RUS,Russian Federation,2014,139.0,unesco_uis_opri_202602,official_or_reference,370.77327166365546,-231.77327166365546,231.77327166365546,modelled_structural_allocation_total_calibrated
ppml_russia_inbound_structural_allocation_v3,AFG,Afghanistan,RUS,Russian Federation,2016,168.0,unesco_uis_opri_202602,official_or_reference,9932.205664768704,-9764.205664768704,9764.205664768704,modelled_structural_allocation_total_calibrated
ppml_russia_inbound_structural_allocation_v3,AFG,Afghanistan,RUS,Russian Federation,2017,188.0,unesco_uis_opri_202602,official_or_reference,64.7404136311488,123.2595863688512,123.2595863688512,modelled_structural_allocation_total_calibrated
ppml_russia_inbound_structural_allocation_v3,AFG,Afghanistan,RUS,Russian Federation,2018,289.0,unesco_uis_opri_202602,official_or_reference,335.08055369671325,-46.08055369671325,46.08055369671325,modelled_structural_allocation_total_calibrated
ppml_russia_inbound_structural_allocation_v3,AFG,Afghanistan,RUS,Russian Federation,2019,254.0,unesco_uis_opri_202602,official_or_reference,91.30985414218097,162.69014585781903,162.69014585781903,modelled_structural_allocation_total_calibrated
ppml_russia_inbound_structural_allocation_v3,AFG,Afghanistan,RUS,Russian Federation,2020,1542.0,unesco_uis_opri_202602,official_or_reference,190.59653439722163,1351.4034656027784,1351.4034656027784,modelled_structural_allocation_total_calibrated
ppml_russia_inbound_structural_allocation_v3,AFG,Afghanistan,RUS,Russian Federation,2021,1613.0,unesco_uis_opri_202602,official_or_reference,2595.693520856323,-982.6935208563232,982.6935208563232,modelled_structural_allocation_total_calibrated
ppml_russia_inbound_structural_allocation_v3,AFG,Afghanistan,RUS,Russian Federation,2022,1602.0,unesco_uis_opri_202602,official_or_reference,473.29079479813043,1128.7092052018695,1128.7092052018695,modelled_structural_allocation_total_calibrated
ppml_russia_inbound_structural_allocation_v3,AFG,Afghanistan,RUS,Russian Federation,2023,1469.0,unesco_uis_opri_202602,official_or_reference,71.20767785417165,1397.7923221458284,1397.7923221458284,modelled_structural_allocation_total_calibrated
ppml_russia_inbound_structural_allocation_v3,AGO,Angola,RUS,Russian Federation,2011,440.0,unesco_uis_opri_202602,official_or_reference,5.103014884468645,434.8969851155314,434.8969851155314,modelled_structural_allocation_total_calibrated
ppml_russia_inbound_structural_allocation_v3,AGO,Angola,RUS,Russian Federation,2014,401.0,unesco_uis_opri_202602,official_or_reference,340.5080305029167,60.49196949708329,60.49196949708329,modelled_structural_allocation_total_calibrated
ppml_russia_inbound_structural_allocation_v3,AGO,Angola,RUS,Russian Federation,2016,701.0,unesco_uis_opri_202602,official_or_reference,19882.367157125016,-19181.367157125016,19181.367157125016,modelled_structural_allocation_total_calibrated
ppml_russia_inbound_structural_allocation_v3,AGO,Angola,RUS,Russian Federation,2017,865.0,unesco_uis_opri_202602,official_or_reference,6.844199818166301,858.1558001818337,858.1558001818337,modelled_structural_allocation_total_calibrated
ppml_russia_inbound_structural_allocation_v3,AGO,Angola,RUS,Russian Federation,2018,796.0,unesco_uis_opri_202602,official_or_reference,4.278227078819555,791.7217729211804,791.7217729211804,modelled_structural_allocation_total_calibrated
ppml_russia_inbound_structural_allocation_v3,AGO,Angola,RUS,Russian Federation,2019,715.0,unesco_uis_opri_202602,official_or_reference,153.5762058778809,561.423794122119,561.423794122119,modelled_structural_allocation_total_calibrated
ppml_russia_inbound_structural_allocation_v3,AGO,Angola,RUS,Russian Federation,2020,998.0,unesco_uis_opri_202602,official_or_reference,1165.3500196151379,-167.35001961513785,167.35001961513785,modelled_structural_allocation_total_calibrated
ppml_russia_inbound_structural_allocation_v3,AGO,Angola,RUS,Russian Federation,2021,875.0,unesco_uis_opri_202602,official_or_reference,6.9066048414440475,868.093395158556,868.093395158556,modelled_structural_allocation_total_calibrated
ppml_russia_inbound_structural_allocation_v3,AGO,Angola,RUS,Russian Federation,2022,805.0,unesco_uis_opri_202602,official_or_reference,76.81969148946277,728.1803085105372,728.1803085105372,modelled_structural_allocation_total_calibrated
ppml_russia_inbound_structural_allocation_v3,AGO,Angola,RUS,Russian Federation,2023,686.0,unesco_uis_opri_202602,official_or_reference,74.59720273706854,611.4027972629315,611.4027972629315,modelled_structural_allocation_total_calibrated
ppml_russia_inbound_structural_allocation_v3,AIA,Anguilla,RUS,Russian Federation,2011,0.0,unesco_uis_opri_202602,official_or_reference,37.05995301122193,-37.05995301122193,37.05995301122193,modelled_structural_allocation_total_calibrated
ppml_russia_inbound_structural_allocation_v3,AIA,Anguilla,RUS,Russian Federation,2014,1.0,unesco_uis_opri_202602,official_or_reference,147.31877407111145,-146.31877407111145,146.31877407111145,modelled_structural_allocation_total_calibrated
ppml_russia_inbound_structural_allocation_v3,AIA,Anguilla,RUS,Russian Federation,2016,0.0,unesco_uis_opri_202602,official_or_reference,12.253645526462218,-12.253645526462218,12.253645526462218,modelled_structural_allocation_total_calibrated
ppml_russia_inbound_structural_allocation_v3,AIA,Anguilla,RUS,Russian Federation,2017,0.0,unesco_uis_opri_202602,official_or_reference,340.9382861212248,-340.9382861212248,340.9382861212248,modelled_structural_allocation_total_calibrated
ppml_russia_inbound_structural_allocation_v3,AIA,Anguilla,RUS,Russian Federation,2018,0.0,unesco_uis_opri_202602,official_or_reference,26.52716072576521,-26.52716072576521,26.52716072576521,modelled_structural_allocation_total_calibrated
ppml_russia_inbound_structural_allocation_v3,AIA,Anguilla,RUS,Russian Federation,2019,4.0,unesco_uis_opri_202602,official_or_reference,9850.870109116588,-9846.870109116588,9846.870109116588,modelled_structural_allocation_total_calibrated
ppml_russia_inbound_structural_allocation_v3,AIA,Anguilla,RUS,Russian Federation,2020,0.0,unesco_uis_opri_202602,official_or_reference,153.94555253099102,-153.94555253099102,153.94555253099102,modelled_structural_allocation_total_calibrated
ppml_russia_inbound_structural_allocation_v3,AIA,Anguilla,RUS,Russian Federation,2021,0.0,unesco_uis_opri_202602,official_or_reference,149.51578071897995,-149.51578071897995,149.51578071897995,modelled_structural_allocation_total_calibrated
ppml_russia_inbound_structural_allocation_v3,AIA,Anguilla,RUS,Russian Federation,2022,0.0,unesco_uis_opri_202602,official_or_reference,619.0829664363941,-619.0829664363941,619.0829664363941,modelled_structural_allocation_total_calibrated
ppml_russia_inbound_structural_allocation_v3,AIA,Anguilla,RUS,Russian Federation,2023,0.0,unesco_uis_opri_202602,official_or_reference,70.14373079232021,-70.14373079232021,70.14373079232021,modelled_structural_allocation_total_calibrated
ppml_russia_inbound_structural_allocation_v3,ALB,Albania,RUS,Russian Federation,2011,74.0,unesco_uis_opri_202602,official_or_reference,0.012770446618409113,73.9872295533816,73.9872295533816,modelled_structural_allocation_total_calibrated
ppml_russia_inbound_structural_allocation_v3,ALB,Albania,RUS,Russian Federation,2014,18.0,unesco_uis_opri_202602,official_or_reference,244.13076017130695,-226.13076017130695,226.13076017130695,modelled_structural_allocation_total_calibrated
ppml_russia_inbound_structural_allocation_v3,ALB,Albania,RUS,Russian Federation,2016,6.0,unesco_uis_opri_202602,official_or_reference,142.46785485059337,-136.46785485059337,136.46785485059337,modelled_structural_allocation_total_calibrated
ppml_russia_inbound_structural_allocation_v3,ALB,Albania,RUS,Russian Federation,2017,4.0,unesco_uis_opri_202602,official_or_reference,33.79460760846667,-29.79460760846667,29.79460760846667,modelled_structural_allocation_total_calibrated
ppml_russia_inbound_structural_allocation_v3,ALB,Albania,RUS,Russian Federation,2018,8.0,unesco_uis_opri_202602,official_or_reference,46.33479036762287,-38.33479036762287,38.33479036762287,modelled_structural_allocation_total_calibrated
ppml_russia_inbound_structural_allocation_v3,ALB,Albania,RUS,Russian Federation,2019,15.0,unesco_uis_opri_202602,official_or_reference,69.70309757843752,-54.70309757843752,54.70309757843752,modelled_structural_allocation_total_calibrated
ppml_russia_inbound_structural_allocation_v3,ALB,Albania,RUS,Russian Federation,2020,107.0,unesco_uis_opri_202602,official_or_reference,0.3830844992374182,106.61691550076259,106.61691550076259,modelled_structural_allocation_total_calibrated
ppml_russia_inbound_structural_allocation_v3,ALB,Albania,RUS,Russian Federation,2021,105.0,unesco_uis_opri_202602,official_or_reference,664.5387439064526,-559.5387439064526,559.5387439064526,modelled_structural_allocation_total_calibrated
ppml_russia_inbound_structural_allocation_v3,ALB,Albania,RUS,Russian Federation,2022,92.0,unesco_uis_opri_202602,official_or_reference,314.9215309034149,-222.92153090341492,222.92153090341492,modelled_structural_allocation_total_calibrated
ppml_russia_inbound_structural_allocation_v3,ALB,Albania,RUS,Russian Federation,2023,66.0,unesco_uis_opri_202602,official_or_reference,2396.6443096042713,-2330.6443096042713,2330.6443096042713,modelled_structural_allocation_total_calibrated
ppml_russia_inbound_structural_allocation_v3,AND,Andorra,RUS,Russian Federation,2011,0.0,unesco_uis_opri_202602,official_or_reference,359.2819188490323,-359.2819188490323,359.2819188490323,modelled_structural_allocation_total_calibrated
ppml_russia_inbound_structural_allocation_v3,AND,Andorra,RUS,Russian Federation,2014,0.0,unesco_uis_opri_202602,official_or_reference,2.025844748616182,-2.025844748616182,2.025844748616182,modelled_structural_allocation_total_calibrated
ppml_russia_inbound_structural_allocation_v3,AND,Andorra,RUS,Russian Federation,2016,0.0,unesco_uis_opri_202602,official_or_reference,183.88242523370567,-183.88242523370567,183.88242523370567,modelled_structural_allocation_total_calibrated
ppml_russia_inbound_structural_allocation_v3,AND,Andorra,RUS,Russian Federation,2017,1.0,unesco_uis_opri_202602,official_or_reference,104.82686115367204,-103.82686115367204,103.82686115367204,modelled_structural_allocation_total_calibrated
ppml_russia_inbound_structural_allocation_v3,AND,Andorra,RUS,Russian Federation,2018,1.0,unesco_uis_opri_202602,official_or_reference,1047.6306998702019,-1046.6306998702019,1046.6306998702019,modelled_structural_allocation_total_calibrated
ppml_russia_inbound_structural_allocation_v3,AND,Andorra,RUS,Russian Federation,2019,1.0,unesco_uis_opri_202602,official_or_reference,170.4741531139754,-169.4741531139754,169.4741531139754,modelled_structural_allocation_total_calibrated
ppml_russia_inbound_structural_allocation_v3,AND,Andorra,RUS,Russian Federation,2020,0.0,unesco_uis_opri_202602,official_or_reference,1137.7847896684787,-1137.7847896684787,1137.7847896684787,modelled_structural_allocation_total_calibrated
ppml_russia_inbound_structural_allocation_v3,AND,Andorra,RUS,Russian Federation,2021,0.0,unesco_uis_opri_202602,official_or_reference,50.026310130480226,-50.026310130480226,50.026310130480226,modelled_structural_allocation_total_calibrated
ppml_russia_inbound_structural_allocation_v3,AND,Andorra,RUS,Russian Federation,2022,0.0,unesco_uis_opri_202602,official_or_reference,833.0908638959504,-833.0908638959504,833.0908638959504,modelled_structural_allocation_total_calibrated
ppml_russia_inbound_structural_allocation_v3,AND,Andorra,RUS,Russian Federation,2023,0.0,unesco_uis_opri_202602,official_or_reference,135.2654759743404,-135.2654759743404,135.2654759743404,modelled_structural_allocation_total_calibrated
ppml_russia_inbound_structural_allocation_v3,ARE,United Arab Emirates,RUS,Russian Federation,2011,1.0,unesco_uis_opri_202602,official_or_reference,275.99296133028463,-274.99296133028463,274.99296133028463,modelled_structural_allocation_total_calibrated
ppml_russia_inbound_structural_allocation_v3,ARE,United Arab Emirates,RUS,Russian Federation,2014,7.0,unesco_uis_opri_202602,official_or_reference,270.3764421848169,-263.3764421848169,263.3764421848169,modelled_structural_allocation_total_calibrated
ppml_russia_inbound_structural_allocation_v3,ARE,United Arab Emirates,RUS,Russian Federation,2016,16.0,unesco_uis_opri_202602,official_or_reference,12.692260514858772,3.3077394851412283,3.3077394851412283,modelled_structural_allocation_total_calibrated
ppml_russia_inbound_structural_allocation_v3,ARE,United Arab Emirates,RUS,Russian Federation,2017,2.0,unesco_uis_opri_202602,official_or_reference,757.3374323207418,-755.3374323207418,755.3374323207418,modelled_structural_allocation_total_calibrated
ppml_russia_inbound_structural_allocation_v3,ARE,United Arab Emirates,RUS,Russian Federation,2018,6.0,unesco_uis_opri_202602,official_or_reference,0.09862526277758485,5.901374737222415,5.901374737222415,modelled_structural_allocation_total_calibrated
ppml_russia_inbound_structural_allocation_v3,ARE,United Arab Emirates,RUS,Russian Federation,2019,4.0,unesco_uis_opri_202602,official_or_reference,42.54964818971889,-38.54964818971889,38.54964818971889,modelled_structural_allocation_total_calibrated
ppml_russia_inbound_structural_allocation_v3,ARE,United Arab Emirates,RUS,Russian Federation,2020,12.0,unesco_uis_opri_202602,official_or_reference,514.9697866899214,-502.9697866899214,502.9697866899214,modelled_structural_allocation_total_calibrated
ppml_russia_inbound_structural_allocation_v3,ARE,United Arab Emirates,RUS,Russian Federation,2021,29.0,unesco_uis_opri_202602,official_or_reference,406.7151475197242,-377.7151475197242,377.7151475197242,modelled_structural_allocation_total_calibrated
ppml_russia_inbound_structural_allocation_v3,ARE,United Arab Emirates,RUS,Russian Federation,2022,31.0,unesco_uis_opri_202602,official_or_reference,196.87181315689378,-165.87181315689378,165.87181315689378,modelled_structural_allocation_total_calibrated
ppml_russia_inbound_structural_allocation_v3,ARE,United Arab Emirates,RUS,Russian Federation,2023,81.0,unesco_uis_opri_202602,official_or_reference,6.723227275664709,74.27677272433529,74.27677272433529,modelled_structural_allocation_total_calibrated
ppml_russia_inbound_structural_allocation_v3,ARG,Argentina,RUS,Russian Federation,2011,2.0,unesco_uis_opri_202602,official_or_reference,164.11118439180234,-162.11118439180234,162.11118439180234,modelled_structural_allocation_total_calibrated
ppml_russia_inbound_structural_allocation_v3,ARG,Argentina,RUS,Russian Federation,2014,14.0,unesco_uis_opri_202602,official_or_reference,101.08887661217788,-87.08887661217788,87.08887661217788,modelled_structural_allocation_total_calibrated
ppml_russia_inbound_structural_allocation_v3,ARG,Argentina,RUS,Russian Federation,2016,3.0,unesco_uis_opri_202602,official_or_reference,26.89001643384636,-23.89001643384636,23.89001643384636,modelled_structural_allocation_total_calibrated
ppml_russia_inbound_structural_allocation_v3,ARG,Argentina,RUS,Russian Federation,2017,6.0,unesco_uis_opri_202602,official_or_reference,13.068344823574316,-7.068344823574316,7.068344823574316,modelled_structural_allocation_total_calibrated
ppml_russia_inbound_structural_allocation_v3,ARG,Argentina,RUS,Russian Federation,2018,11.0,unesco_uis_opri_202602,official_or_reference,662.6365044542076,-651.6365044542076,651.6365044542076,modelled_structural_allocation_total_calibrated
ppml_russia_inbound_structural_allocation_v3,ARG,Argentina,RUS,Russian Federation,2019,5.0,unesco_uis_opri_202602,official_or_reference,2.400665670113156,2.599334329886844,2.599334329886844,modelled_structural_allocation_total_calibrated
ppml_russia_inbound_structural_allocation_v3,ARG,Argentina,RUS,Russian Federation,2020,30.0,unesco_uis_opri_202602,official_or_reference,64.07869753478434,-34.07869753478434,34.07869753478434,modelled_structural_allocation_total_calibrated
ppml_russia_inbound_structural_allocation_v3,ARG,Argentina,RUS,Russian Federation,2021,41.0,unesco_uis_opri_202602,official_or_reference,14.028797526546006,26.971202473453992,26.971202473453992,modelled_structural_allocation_total_calibrated
ppml_russia_inbound_structural_allocation_v3,ARG,Argentina,RUS,Russian Federation,2022,46.0,unesco_uis_opri_202602,official_or_reference,76.68334475984021,-30.68334475984021,30.68334475984021,modelled_structural_allocation_total_calibrated
ppml_russia_inbound_structural_allocation_v3,ARG,Argentina,RUS,Russian Federation,2023,48.0,unesco_uis_opri_202602,official_or_reference,34.35269027762267,13.64730972237733,13.64730972237733,modelled_structural_allocation_total_calibrated
ppml_russia_inbound_structural_allocation_v3,ARM,Armenia,RUS,Russian Federation,2011,4240.0,unesco_uis_opri_202602,official_or_reference,278.5776136473219,3961.422386352678,3961.422386352678,modelled_structural_allocation_total_calibrated
ppml_russia_inbound_structural_allocation_v3,ARM,Armenia,RUS,Russian Federation,2014,4234.0,unesco_uis_opri_202602,official_or_reference,119.44920741929087,4114.550792580709,4114.550792580709,modelled_structural_allocation_total_calibrated
ppml_russia_inbound_structural_allocation_v3,ARM,Armenia,RUS,Russian Federation,2016,5043.0,unesco_uis_opri_202602,official_or_reference,302.18158845653727,4740.818411543462,4740.818411543462,modelled_structural_allocation_total_calibrated
ppml_russia_inbound_structural_allocation_v3,ARM,Armenia,RUS,Russian Federation,2017,2720.0,unesco_uis_opri_202602,official_or_reference,1035.9886464658055,1684.0113535341945,1684.0113535341945,modelled_structural_allocation_total_calibrated
ppml_russia_inbound_structural_allocation_v3,ARM,Armenia,RUS,Russian Federation,2018,4065.0,unesco_uis_opri_202602,official_or_reference,4156.256681373681,-91.2566813736812,91.2566813736812,modelled_structural_allocation_total_calibrated
ppml_russia_inbound_structural_allocation_v3,ARM,Armenia,RUS,Russian Federation,2019,3891.0,unesco_uis_opri_202602,official_or_reference,379.731748826391,3511.268251173609,3511.268251173609,modelled_structural_allocation_total_calibrated
ppml_russia_inbound_structural_allocation_v3,ARM,Armenia,RUS,Russian Federation,2020,2323.0,unesco_uis_opri_202602,official_or_reference,1641.0527788768113,681.9472211231887,681.9472211231887,modelled_structural_allocation_total_calibrated
ppml_russia_inbound_structural_allocation_v3,ARM,Armenia,RUS,Russian Federation,2021,2187.0,unesco_uis_opri_202602,official_or_reference,1020.9570600770633,1166.0429399229367,1166.0429399229367,modelled_structural_allocation_total_calibrated
ppml_russia_inbound_structural_allocation_v3,ARM,Armenia,RUS,Russian Federation,2022,2424.0,unesco_uis_opri_202602,official_or_reference,76.50296536270986,2347.49703463729,2347.49703463729,modelled_structural_allocation_total_calibrated
ppml_russia_inbound_structural_allocation_v3,ARM,Armenia,RUS,Russian Federation,2023,1868.0,unesco_uis_opri_202602,official_or_reference,3.626520362179901,1864.37347963782,1864.37347963782,modelled_structural_allocation_total_calibrated
ppml_russia_inbound_structural_allocation_v3,ATG,Antigua and Barbuda,RUS,Russian Federation,2011,0.0,unesco_uis_opri_202602,official_or_reference,1010.8629911838166,-1010.8629911838166,1010.8629911838166,modelled_structural_allocation_total_calibrated
ppml_russia_inbound_structural_allocation_v3,ATG,Antigua and Barbuda,RUS,Russian Federation,2014,6.0,unesco_uis_opri_202602,official_or_reference,32.639430248872394,-26.639430248872394,26.639430248872394,modelled_structural_allocation_total_calibrated
ppml_russia_inbound_structural_allocation_v3,ATG,Antigua and Barbuda,RUS,Russian Federation,2016,0.0,unesco_uis_opri_202602,official_or_reference,301.77529852775353,-301.77529852775353,301.77529852775353,modelled_structural_allocation_total_calibrated
ppml_russia_inbound_structural_allocation_v3,ATG,Antigua and Barbuda,RUS,Russian Federation,2017,0.0,unesco_uis_opri_202602,official_or_reference,191.26744777313178,-191.26744777313178,191.26744777313178,modelled_structural_allocation_total_calibrated
ppml_russia_inbound_structural_allocation_v3,ATG,Antigua and Barbuda,RUS,Russian Federation,2018,0.0,unesco_uis_opri_202602,official_or_reference,10692.254273162149,-10692.254273162149,10692.254273162149,modelled_structural_allocation_total_calibrated
ppml_russia_inbound_structural_allocation_v3,ATG,Antigua and Barbuda,RUS,Russian Federation,2019,0.0,unesco_uis_opri_202602,official_or_reference,348.4218003289834,-348.4218003289834,348.4218003289834,modelled_structural_allocation_total_calibrated
ppml_russia_inbound_structural_allocation_v3,ATG,Antigua and Barbuda,RUS,Russian Federation,2020,3.0,unesco_uis_opri_202602,official_or_reference,3219.116719472579,-3216.116719472579,3216.116719472579,modelled_structural_allocation_total_calibrated
ppml_russia_inbound_structural_allocation_v3,ATG,Antigua and Barbuda,RUS,Russian Federation,2021,4.0,unesco_uis_opri_202602,official_or_reference,187.5179006534455,-183.5179006534455,183.5179006534455,modelled_structural_allocation_total_calibrated
ppml_russia_inbound_structural_allocation_v3,ATG,Antigua and Barbuda,RUS,Russian Federation,2022,3.0,unesco_uis_opri_202602,official_or_reference,0.040363452815770924,2.959636547184229,2.959636547184229,modelled_structural_allocation_total_calibrated
ppml_russia_inbound_structural_allocation_v3,ATG,Antigua and Barbuda,RUS,Russian Federation,2023,3.0,unesco_uis_opri_202602,official_or_reference,0.9035894681847781,2.0964105318152217,2.0964105318152217,modelled_structural_allocation_total_calibrated
ppml_russia_inbound_structural_allocation_v3,AUS,Australia,RUS,Russian Federation,2011,3.0,unesco_uis_opri_202602,official_or_reference,242.4085830553909,-239.4085830553909,239.4085830553909,modelled_structural_allocation_total_calibrated
ppml_russia_inbound_structural_allocation_v3,AUS,Australia,RUS,Russian Federation,2014,7.0,unesco_uis_opri_202602,official_or_reference,168.81107584894718,-161.81107584894718,161.81107584894718,modelled_structural_allocation_total_calibrated
ppml_russia_inbound_structural_allocation_v3,AUS,Australia,RUS,Russian Federation,2016,16.0,unesco_uis_opri_202602,official_or_reference,138.17805103340322,-122.17805103340322,122.17805103340322,modelled_structural_allocation_total_calibrated
ppml_russia_inbound_structural_allocation_v3,AUS,Australia,RUS,Russian Federation,2017,8.0,unesco_uis_opri_202602,official_or_reference,266.815808489573,-258.815808489573,258.815808489573,modelled_structural_allocation_total_calibrated
ppml_russia_inbound_structural_allocation_v3,AUS,Australia,RUS,Russian Federation,2018,19.0,unesco_uis_opri_202602,official_or_reference,13.84603432357581,5.153965676424191,5.153965676424191,modelled_structural_allocation_total_calibrated
ppml_russia_inbound_structural_allocation_v3,AUS,Australia,RUS,Russian Federation,2019,17.0,unesco_uis_opri_202602,official_or_reference,469.3088996859652,-452.3088996859652,452.3088996859652,modelled_structural_allocation_total_calibrated
ppml_russia_inbound_structural_allocation_v3,AUS,Australia,RUS,Russian Federation,2020,22.0,unesco_uis_opri_202602,official_or_reference,11.052029080982043,10.947970919017957,10.947970919017957,modelled_structural_allocation_total_calibrated
ppml_russia_inbound_structural_allocation_v3,AUS,Australia,RUS,Russian Federation,2021,20.0,unesco_uis_opri_202602,official_or_reference,45.54033674706966,-25.54033674706966,25.54033674706966,modelled_structural_allocation_total_calibrated
ppml_russia_inbound_structural_allocation_v3,AUS,Australia,RUS,Russian Federation,2022,14.0,unesco_uis_opri_202602,official_or_reference,427.0428135851792,-413.0428135851792,413.0428135851792,modelled_structural_allocation_total_calibrated
ppml_russia_inbound_structural_allocation_v3,AUS,Australia,RUS,Russian Federation,2023,9.0,unesco_uis_opri_202602,official_or_reference,32.769658628121455,-23.769658628121455,23.769658628121455,modelled_structural_allocation_total_calibrated
ppml_russia_inbound_structural_allocation_v3,AUT,Austria,RUS,Russian Federation,2011,10.0,unesco_uis_opri_202602,official_or_reference,262.39485518533775,-252.39485518533775,252.39485518533775,modelled_structural_allocation_total_calibrated
ppml_russia_inbound_structural_allocation_v3,AUT,Austria,RUS,Russian Federation,2014,10.0,unesco_uis_opri_202602,official_or_reference,379.0115038321578,-369.0115038321578,369.0115038321578,modelled_structural_allocation_total_calibrated
ppml_russia_inbound_structural_allocation_v3,AUT,Austria,RUS,Russian Federation,2016,14.0,unesco_uis_opri_202602,official_or_reference,186.5161091961182,-172.5161091961182,172.5161091961182,modelled_structural_allocation_total_calibrated
ppml_russia_inbound_structural_allocation_v3,AUT,Austria,RUS,Russian Federation,2017,25.0,unesco_uis_opri_202602,official_or_reference,7.554035484891859,17.44596451510814,17.44596451510814,modelled_structural_allocation_total_calibrated
ppml_russia_inbound_structural_allocation_v3,AUT,Austria,RUS,Russian Federation,2018,21.0,unesco_uis_opri_202602,official_or_reference,939.7387886864975,-918.7387886864975,918.7387886864975,modelled_structural_allocation_total_calibrated
ppml_russia_inbound_structural_allocation_v3,AUT,Austria,RUS,Russian Federation,2019,31.0,unesco_uis_opri_202602,official_or_reference,2.814622008299757,28.185377991700243,28.185377991700243,modelled_structural_allocation_total_calibrated
ppml_russia_inbound_structural_allocation_v3,AUT,Austria,RUS,Russian Federation,2020,27.0,unesco_uis_opri_202602,official_or_reference,505.8443456263724,-478.8443456263724,478.8443456263724,modelled_structural_allocation_total_calibrated
ppml_russia_inbound_structural_allocation_v3,AUT,Austria,RUS,Russian Federation,2021,30.0,unesco_uis_opri_202602,official_or_reference,156.14762286561245,-126.14762286561245,126.14762286561245,modelled_structural_allocation_total_calibrated
ppml_russia_inbound_structural_allocation_v3,AUT,Austria,RUS,Russian Federation,2022,23.0,unesco_uis_opri_202602,official_or_reference,13.37378105544281,9.62621894455719,9.62621894455719,modelled_structural_allocation_total_calibrated
ppml_russia_inbound_structural_allocation_v3,AUT,Austria,RUS,Russian Federation,2023,20.0,unesco_uis_opri_202602,official_or_reference,156.93327228489326,-136.93327228489326,136.93327228489326,modelled_structural_allocation_total_calibrated
ppml_russia_inbound_structural_allocation_v3,AZE,Azerbaijan,RUS,Russian Federation,2011,12161.0,unesco_uis_opri_202602,official_or_reference,0.06997225296392046,12160.930027747036,12160.930027747036,modelled_structural_allocation_total_calibrated
ppml_russia_inbound_structural_allocation_v3,AZE,Azerbaijan,RUS,Russian Federation,2014,12680.0,unesco_uis_opri_202602,official_or_reference,184.53763213210786,12495.462367867893,12495.462367867893,modelled_structural_allocation_total_calibrated
ppml_russia_inbound_structural_allocation_v3,AZE,Azerbaijan,RUS,Russian Federation,2016,14121.0,unesco_uis_opri_202602,official_or_reference,184.12773444952694,13936.872265550473,13936.872265550473,modelled_structural_allocation_total_calibrated
ppml_russia_inbound_structural_allocation_v3,AZE,Azerbaijan,RUS,Russian Federation,2017,11269.0,unesco_uis_opri_202602,official_or_reference,4.265792010795558,11264.734207989204,11264.734207989204,modelled_structural_allocation_total_calibrated
ppml_russia_inbound_structural_allocation_v3,AZE,Azerbaijan,RUS,Russian Federation,2018,11688.0,unesco_uis_opri_202602,official_or_reference,1380.4876733774029,10307.512326622596,10307.512326622596,modelled_structural_allocation_total_calibrated
ppml_russia_inbound_structural_allocation_v3,AZE,Azerbaijan,RUS,Russian Federation,2019,10946.0,unesco_uis_opri_202602,official_or_reference,155.69292185538646,10790.307078144613,10790.307078144613,modelled_structural_allocation_total_calibrated
ppml_russia_inbound_structural_allocation_v3,AZE,Azerbaijan,RUS,Russian Federation,2020,7754.0,unesco_uis_opri_202602,official_or_reference,107.12757603645166,7646.8724239635485,7646.8724239635485,modelled_structural_allocation_total_calibrated
ppml_russia_inbound_structural_allocation_v3,AZE,Azerbaijan,RUS,Russian Federation,2021,7001.0,unesco_uis_opri_202602,official_or_reference,105.07029075326282,6895.929709246737,6895.929709246737,modelled_structural_allocation_total_calibrated
ppml_russia_inbound_structural_allocation_v3,AZE,Azerbaijan,RUS,Russian Federation,2022,6761.0,unesco_uis_opri_202602,official_or_reference,133.02509046923328,6627.974909530767,6627.974909530767,modelled_structural_allocation_total_calibrated
ppml_russia_inbound_structural_allocation_v3,AZE,Azerbaijan,RUS,Russian Federation,2023,5965.0,unesco_uis_opri_202602,official_or_reference,0.15400545802561766,5964.8459945419745,5964.8459945419745,modelled_structural_allocation_total_calibrated
ppml_russia_inbound_structural_allocation_v3,BDI,Burundi,RUS,Russian Federation,2011,86.0,unesco_uis_opri_202602,official_or_reference,40.418562741689286,45.581437258310714,45.581437258310714,modelled_structural_allocation_total_calibrated
ppml_russia_inbound_structural_allocation_v3,BDI,Burundi,RUS,Russian Federation,2014,14.0,unesco_uis_opri_202602,official_or_reference,257.870469453114,-243.87046945311403,243.87046945311403,modelled_structural_allocation_total_calibrated
ppml_russia_inbound_structural_allocation_v3,BDI,Burundi,RUS,Russian Federation,2016,6.0,unesco_uis_opri_202602,official_or_reference,663.7671718884441,-657.7671718884441,657.7671718884441,modelled_structural_allocation_total_calibrated
ppml_russia_inbound_structural_allocation_v3,BDI,Burundi,RUS,Russian Federation,2017,4.0,unesco_uis_opri_202602,official_or_reference,44.72355463796348,-40.72355463796348,40.72355463796348,modelled_structural_allocation_total_calibrated
ppml_russia_inbound_structural_allocation_v3,BDI,Burundi,RUS,Russian Federation,2018,10.0,unesco_uis_opri_202602,official_or_reference,440.56537717846135,-430.56537717846135,430.56537717846135,modelled_structural_allocation_total_calibrated
ppml_russia_inbound_structural_allocation_v3,BDI,Burundi,RUS,Russian Federation,2019,20.0,unesco_uis_opri_202602,official_or_reference,565.9471342528291,-545.9471342528291,545.9471342528291,modelled_structural_allocation_total_calibrated
ppml_russia_inbound_structural_allocation_v3,BDI,Burundi,RUS,Russian Federation,2020,148.0,unesco_uis_opri_202602,official_or_reference,122.4612329322807,25.538767067719306,25.538767067719306,modelled_structural_allocation_total_calibrated
ppml_russia_inbound_structural_allocation_v3,BDI,Burundi,RUS,Russian Federation,2021,141.0,unesco_uis_opri_202602,official_or_reference,0.0014730241980082852,140.99852697580198,140.99852697580198,modelled_structural_allocation_total_calibrated
ppml_russia_inbound_structural_allocation_v3,BDI,Burundi,RUS,Russian Federation,2022,134.0,unesco_uis_opri_202602,official_or_reference,365.1729472210574,-231.17294722105743,231.17294722105743,modelled_structural_allocation_total_calibrated
ppml_russia_inbound_structural_allocation_v3,BDI,Burundi,RUS,Russian Federation,2023,132.0,unesco_uis_opri_202602,official_or_reference,305.5706249539807,-173.5706249539807,173.5706249539807,modelled_structural_allocation_total_calibrated
ppml_russia_inbound_structural_allocation_v3,BEL,Belgium,RUS,Russian Federation,2011,9.0,unesco_uis_opri_202602,official_or_reference,451.01199643506374,-442.01199643506374,442.01199643506374,modelled_structural_allocation_total_calibrated
ppml_russia_inbound_structural_allocation_v3,BEL,Belgium,RUS,Russian Federation,2014,16.0,unesco_uis_opri_202602,official_or_reference,0.02588457429880174,15.974115425701198,15.974115425701198,modelled_structural_allocation_total_calibrated
ppml_russia_inbound_structural_allocation_v3,BEL,Belgium,RUS,Russian Federation,2016,25.0,unesco_uis_opri_202602,official_or_reference,8.904708240624597,16.095291759375403,16.095291759375403,modelled_structural_allocation_total_calibrated
ppml_russia_inbound_structural_allocation_v3,BEL,Belgium,RUS,Russian Federation,2017,21.0,unesco_uis_opri_202602,official_or_reference,400.61587782107466,-379.61587782107466,379.61587782107466,modelled_structural_allocation_total_calibrated
ppml_russia_inbound_structural_allocation_v3,BEL,Belgium,RUS,Russian Federation,2018,29.0,unesco_uis_opri_202602,official_or_reference,1334.986683803784,-1305.986683803784,1305.986683803784,modelled_structural_allocation_total_calibrated
ppml_russia_inbound_structural_allocation_v3,BEL,Belgium,RUS,Russian Federation,2019,47.0,unesco_uis_opri_202602,official_or_reference,12.846416864586443,34.153583135413555,34.153583135413555,modelled_structural_allocation_total_calibrated
ppml_russia_inbound_structural_allocation_v3,BEL,Belgium,RUS,Russian Federation,2020,21.0,unesco_uis_opri_202602,official_or_reference,199.2019677032039,-178.2019677032039,178.2019677032039,modelled_structural_allocation_total_calibrated
ppml_russia_inbound_structural_allocation_v3,BEL,Belgium,RUS,Russian Federation,2021,26.0,unesco_uis_opri_202602,official_or_reference,458.27761704997204,-432.27761704997204,432.27761704997204,modelled_structural_allocation_total_calibrated
ppml_russia_inbound_structural_allocation_v3,BEL,Belgium,RUS,Russian Federation,2022,16.0,unesco_uis_opri_202602,official_or_reference,0.016089747981926635,15.983910252018074,15.983910252018074,modelled_structural_allocation_total_calibrated
ppml_russia_inbound_structural_allocation_v3,BEL,Belgium,RUS,Russian Federation,2023,13.0,unesco_uis_opri_202602,official_or_reference,102.58842748160635,-89.58842748160635,89.58842748160635,modelled_structural_allocation_total_calibrated
ppml_russia_inbound_structural_allocation_v3,BEN,Benin,RUS,Russian Federation,2011,106.0,unesco_uis_opri_202602,official_or_reference,880.0019490616713,-774.0019490616713,774.0019490616713,modelled_structural_allocation_total_calibrated
ppml_russia_inbound_structural_allocation_v3,BEN,Benin,RUS,Russian Federation,2014,48.0,unesco_uis_opri_202602,official_or_reference,654.5534811466542,-606.5534811466542,606.5534811466542,modelled_structural_allocation_total_calibrated
ppml_russia_inbound_structural_allocation_v3,BEN,Benin,RUS,Russian Federation,2016,68.0,unesco_uis_opri_202602,official_or_reference,424.6371635985064,-356.6371635985064,356.6371635985064,modelled_structural_allocation_total_calibrated
ppml_russia_inbound_structural_allocation_v3,BEN,Benin,RUS,Russian Federation,2017,72.0,unesco_uis_opri_202602,official_or_reference,44.437292936383514,27.562707063616486,27.562707063616486,modelled_structural_allocation_total_calibrated
ppml_russia_inbound_structural_allocation_v3,BEN,Benin,RUS,Russian Federation,2018,79.0,unesco_uis_opri_202602,official_or_reference,100.80657018827684,-21.806570188276837,21.806570188276837,modelled_structural_allocation_total_calibrated
ppml_russia_inbound_structural_allocation_v3,BEN,Benin,RUS,Russian Federation,2019,98.0,unesco_uis_opri_202602,official_or_reference,203.93921939599156,-105.93921939599156,105.93921939599156,modelled_structural_allocation_total_calibrated
ppml_russia_inbound_structural_allocation_v3,BEN,Benin,RUS,Russian Federation,2020,355.0,unesco_uis_opri_202602,official_or_reference,652.7165842347114,-297.7165842347114,297.7165842347114,modelled_structural_allocation_total_calibrated
ppml_russia_inbound_structural_allocation_v3,BEN,Benin,RUS,Russian Federation,2021,319.0,unesco_uis_opri_202602,official_or_reference,108.19632670919903,210.803673290801,210.803673290801,modelled_structural_allocation_total_calibrated
ppml_russia_inbound_structural_allocation_v3,BEN,Benin,RUS,Russian Federation,2022,326.0,unesco_uis_opri_202602,official_or_reference,734.0400840281817,-408.0400840281817,408.0400840281817,modelled_structural_allocation_total_calibrated
ppml_russia_inbound_structural_allocation_v3,BEN,Benin,RUS,Russian Federation,2023,355.0,unesco_uis_opri_202602,official_or_reference,113.07961407288272,241.92038592711728,241.92038592711728,modelled_structural_allocation_total_calibrated
ppml_russia_inbound_structural_allocation_v3,BFA,Burkina Faso,RUS,Russian Federation,2011,2.0,unesco_uis_opri_202602,official_or_reference,226.20861149194664,-224.20861149194664,224.20861149194664,modelled_structural_allocation_total_calibrated
ppml_russia_inbound_structural_allocation_v3,BFA,Burkina Faso,RUS,Russian Federation,2014,5.0,unesco_uis_opri_202602,official_or_reference,179.52192241932556,-174.52192241932556,174.52192241932556,modelled_structural_allocation_total_calibrated
ppml_russia_inbound_structural_allocation_v3,BFA,Burkina Faso,RUS,Russian Federation,2016,4.0,unesco_uis_opri_202602,official_or_reference,13.290642840793701,-9.290642840793701,9.290642840793701,modelled_structural_allocation_total_calibrated
ppml_russia_inbound_structural_allocation_v3,BFA,Burkina Faso,RUS,Russian Federation,2017,0.0,unesco_uis_opri_202602,official_or_reference,93.14763610137264,-93.14763610137264,93.14763610137264,modelled_structural_allocation_total_calibrated
ppml_russia_inbound_structural_allocation_v3,BFA,Burkina Faso,RUS,Russian Federation,2018,1.0,unesco_uis_opri_202602,official_or_reference,38.47611887312734,-37.47611887312734,37.47611887312734,modelled_structural_allocation_total_calibrated
ppml_russia_inbound_structural_allocation_v3,BFA,Burkina Faso,RUS,Russian Federation,2019,7.0,unesco_uis_opri_202602,official_or_reference,26.894735164465523,-19.894735164465523,19.894735164465523,modelled_structural_allocation_total_calibrated
ppml_russia_inbound_structural_allocation_v3,BFA,Burkina Faso,RUS,Russian Federation,2020,25.0,unesco_uis_opri_202602,official_or_reference,209.163555926861,-184.163555926861,184.163555926861,modelled_structural_allocation_total_calibrated
ppml_russia_inbound_structural_allocation_v3,BFA,Burkina Faso,RUS,Russian Federation,2021,66.0,unesco_uis_opri_202602,official_or_reference,1110.9035056594107,-1044.9035056594107,1044.9035056594107,modelled_structural_allocation_total_calibrated
ppml_russia_inbound_structural_allocation_v3,BFA,Burkina Faso,RUS,Russian Federation,2022,25.0,unesco_uis_opri_202602,official_or_reference,39.214871599662814,-14.214871599662814,14.214871599662814,modelled_structural_allocation_total_calibrated
ppml_russia_inbound_structural_allocation_v3,BFA,Burkina Faso,RUS,Russian Federation,2023,32.0,unesco_uis_opri_202602,official_or_reference,21.060752564764847,10.939247435235153,10.939247435235153,modelled_structural_allocation_total_calibrated
ppml_russia_inbound_structural_allocation_v3,BGD,Bangladesh,RUS,Russian Federation,2011,142.0,unesco_uis_opri_202602,official_or_reference,10.624955948067203,131.3750440519328,131.3750440519328,modelled_structural_allocation_total_calibrated
ppml_russia_inbound_structural_allocation_v3,BGD,Bangladesh,RUS,Russian Federation,2014,61.0,unesco_uis_opri_202602,official_or_reference,700.3847587460288,-639.3847587460288,639.3847587460288,modelled_structural_allocation_total_calibrated
ppml_russia_inbound_structural_allocation_v3,BGD,Bangladesh,RUS,Russian Federation,2016,101.0,unesco_uis_opri_202602,official_or_reference,100.23074806905255,0.7692519309474477,0.7692519309474477,modelled_structural_allocation_total_calibrated
ppml_russia_inbound_structural_allocation_v3,BGD,Bangladesh,RUS,Russian Federation,2017,68.0,unesco_uis_opri_202602,official_or_reference,400.81384952541583,-332.81384952541583,332.81384952541583,modelled_structural_allocation_total_calibrated
ppml_russia_inbound_structural_allocation_v3,BGD,Bangladesh,RUS,Russian Federation,2018,143.0,unesco_uis_opri_202602,official_or_reference,20.7846124072037,122.2153875927963,122.2153875927963,modelled_structural_allocation_total_calibrated
ppml_russia_inbound_structural_allocation_v3,BGD,Bangladesh,RUS,Russian Federation,2019,233.0,unesco_uis_opri_202602,official_or_reference,1.8566599469913843,231.14334005300861,231.14334005300861,modelled_structural_allocation_total_calibrated
ppml_russia_inbound_structural_allocation_v3,BGD,Bangladesh,RUS,Russian Federation,2020,470.0,unesco_uis_opri_202602,official_or_reference,870.4214863867923,-400.42148638679225,400.42148638679225,modelled_structural_allocation_total_calibrated
ppml_russia_inbound_structural_allocation_v3,BGD,Bangladesh,RUS,Russian Federation,2021,466.0,unesco_uis_opri_202602,official_or_reference,28.385479384291443,437.61452061570856,437.61452061570856,modelled_structural_allocation_total_calibrated
ppml_russia_inbound_structural_allocation_v3,BGD,Bangladesh,RUS,Russian Federation,2022,483.0,unesco_uis_opri_202602,official_or_reference,456.34706501537266,26.652934984627336,26.652934984627336,modelled_structural_allocation_total_calibrated
ppml_russia_inbound_structural_allocation_v3,BGD,Bangladesh,RUS,Russian Federation,2023,541.0,unesco_uis_opri_202602,official_or_reference,83.4248865517913,457.5751134482087,457.5751134482087,modelled_structural_allocation_total_calibrated
ppml_russia_inbound_structural_allocation_v3,BGR,Bulgaria,RUS,Russian Federation,2011,191.0,unesco_uis_opri_202602,official_or_reference,416.042813789118,-225.042813789118,225.042813789118,modelled_structural_allocation_total_calibrated
ppml_russia_inbound_structural_allocation_v3,BGR,Bulgaria,RUS,Russian Federation,2014,149.0,unesco_uis_opri_202602,official_or_reference,6048.828358895458,-5899.828358895458,5899.828358895458,modelled_structural_allocation_total_calibrated
ppml_russia_inbound_structural_allocation_v3,BGR,Bulgaria,RUS,Russian Federation,2016,172.0,unesco_uis_opri_202602,official_or_reference,0.002433174004962512,171.99756682599505,171.99756682599505,modelled_structural_allocation_total_calibrated
ppml_russia_inbound_structural_allocation_v3,BGR,Bulgaria,RUS,Russian Federation,2017,74.0,unesco_uis_opri_202602,official_or_reference,4576.626867681386,-4502.626867681386,4502.626867681386,modelled_structural_allocation_total_calibrated
ppml_russia_inbound_structural_allocation_v3,BGR,Bulgaria,RUS,Russian Federation,2018,61.0,unesco_uis_opri_202602,official_or_reference,47.77328136840239,13.226718631597613,13.226718631597613,modelled_structural_allocation_total_calibrated
ppml_russia_inbound_structural_allocation_v3,BGR,Bulgaria,RUS,Russian Federation,2019,63.0,unesco_uis_opri_202602,official_or_reference,1.1630754917965875,61.83692450820341,61.83692450820341,modelled_structural_allocation_total_calibrated
ppml_russia_inbound_structural_allocation_v3,BGR,Bulgaria,RUS,Russian Federation,2020,344.0,unesco_uis_opri_202602,official_or_reference,18.522329256280642,325.4776707437194,325.4776707437194,modelled_structural_allocation_total_calibrated
ppml_russia_inbound_structural_allocation_v3,BGR,Bulgaria,RUS,Russian Federation,2021,351.0,unesco_uis_opri_202602,official_or_reference,579.6205319810877,-228.62053198108765,228.62053198108765,modelled_structural_allocation_total_calibrated
ppml_russia_inbound_structural_allocation_v3,BGR,Bulgaria,RUS,Russian Federation,2022,271.0,unesco_uis_opri_202602,official_or_reference,3107.8121231936652,-2836.8121231936652,2836.8121231936652,modelled_structural_allocation_total_calibrated
ppml_russia_inbound_structural_allocation_v3,BGR,Bulgaria,RUS,Russian Federation,2023,226.0,unesco_uis_opri_202602,official_or_reference,0.5890340277069119,225.4109659722931,225.4109659722931,modelled_structural_allocation_total_calibrated
ppml_russia_inbound_structural_allocation_v3,BHR,Bahrain,RUS,Russian Federation,2011,2.0,unesco_uis_opri_202602,official_or_reference,241.17593501221782,-239.17593501221782,239.17593501221782,modelled_structural_allocation_total_calibrated
ppml_russia_inbound_structural_allocation_v3,BHR,Bahrain,RUS,Russian Federation,2014,1.0,unesco_uis_opri_202602,official_or_reference,163.47388828203782,-162.47388828203782,162.47388828203782,modelled_structural_allocation_total_calibrated
ppml_russia_inbound_structural_allocation_v3,BHR,Bahrain,RUS,Russian Federation,2016,5.0,unesco_uis_opri_202602,official_or_reference,1389.225076384328,-1384.225076384328,1384.225076384328,modelled_structural_allocation_total_calibrated
ppml_russia_inbound_structural_allocation_v3,BHR,Bahrain,RUS,Russian Federation,2017,57.0,unesco_uis_opri_202602,official_or_reference,20.929521647686112,36.070478352313884,36.070478352313884,modelled_structural_allocation_total_calibrated
ppml_russia_inbound_structural_allocation_v3,BHR,Bahrain,RUS,Russian Federation,2018,134.0,unesco_uis_opri_202602,official_or_reference,35325.100560385574,-35191.100560385574,35191.100560385574,modelled_structural_allocation_total_calibrated
ppml_russia_inbound_structural_allocation_v3,BHR,Bahrain,RUS,Russian Federation,2019,146.0,unesco_uis_opri_202602,official_or_reference,0.0007367567953907607,145.9992632432046,145.9992632432046,modelled_structural_allocation_total_calibrated
ppml_russia_inbound_structural_allocation_v3,BHR,Bahrain,RUS,Russian Federation,2020,139.0,unesco_uis_opri_202602,official_or_reference,0.5139815139737479,138.48601848602624,138.48601848602624,modelled_structural_allocation_total_calibrated
ppml_russia_inbound_structural_allocation_v3,BHR,Bahrain,RUS,Russian Federation,2021,100.0,unesco_uis_opri_202602,official_or_reference,551.0595603661715,-451.05956036617147,451.05956036617147,modelled_structural_allocation_total_calibrated
ppml_russia_inbound_structural_allocation_v3,BHR,Bahrain,RUS,Russian Federation,2022,70.0,unesco_uis_opri_202602,official_or_reference,0.24612999734433103,69.75387000265567,69.75387000265567,modelled_structural_allocation_total_calibrated
ppml_russia_inbound_structural_allocation_v3,BHR,Bahrain,RUS,Russian Federation,2023,45.0,unesco_uis_opri_202602,official_or_reference,0.6576187430828394,44.34238125691716,44.34238125691716,modelled_structural_allocation_total_calibrated
ppml_russia_inbound_structural_allocation_v3,BHS,Bahamas,RUS,Russian Federation,2011,0.0,unesco_uis_opri_202602,official_or_reference,1303.53144726917,-1303.53144726917,1303.53144726917,modelled_structural_allocation_total_calibrated
ppml_russia_inbound_structural_allocation_v3,BHS,Bahamas,RUS,Russian Federation,2014,0.0,unesco_uis_opri_202602,official_or_reference,3.2624358384373613,-3.2624358384373613,3.2624358384373613,modelled_structural_allocation_total_calibrated
ppml_russia_inbound_structural_allocation_v3,BHS,Bahamas,RUS,Russian Federation,2016,0.0,unesco_uis_opri_202602,official_or_reference,2.4426146960636315,-2.4426146960636315,2.4426146960636315,modelled_structural_allocation_total_calibrated
ppml_russia_inbound_structural_allocation_v3,BHS,Bahamas,RUS,Russian Federation,2017,0.0,unesco_uis_opri_202602,official_or_reference,570.1188749805409,-570.1188749805409,570.1188749805409,modelled_structural_allocation_total_calibrated
ppml_russia_inbound_structural_allocation_v3,BHS,Bahamas,RUS,Russian Federation,2018,0.0,unesco_uis_opri_202602,official_or_reference,565.1748011544589,-565.1748011544589,565.1748011544589,modelled_structural_allocation_total_calibrated
ppml_russia_inbound_structural_allocation_v3,BHS,Bahamas,RUS,Russian Federation,2019,0.0,unesco_uis_opri_202602,official_or_reference,145.26459218095363,-145.26459218095363,145.26459218095363,modelled_structural_allocation_total_calibrated
ppml_russia_inbound_structural_allocation_v3,BHS,Bahamas,RUS,Russian Federation,2020,0.0,unesco_uis_opri_202602,official_or_reference,595.932364442049,-595.932364442049,595.932364442049,modelled_structural_allocation_total_calibrated
ppml_russia_inbound_structural_allocation_v3,BHS,Bahamas,RUS,Russian Federation,2021,0.0,unesco_uis_opri_202602,official_or_reference,1.6498252229899664,-1.6498252229899664,1.6498252229899664,modelled_structural_allocation_total_calibrated
ppml_russia_inbound_structural_allocation_v3,BHS,Bahamas,RUS,Russian Federation,2022,9.0,unesco_uis_opri_202602,official_or_reference,1329.4657604795143,-1320.4657604795143,1320.4657604795143,modelled_structural_allocation_total_calibrated
ppml_russia_inbound_structural_allocation_v3,BHS,Bahamas,RUS,Russian Federation,2023,0.0,unesco_uis_opri_202602,official_or_reference,209.1586083066007,-209.1586083066007,209.1586083066007,modelled_structural_allocation_total_calibrated
ppml_russia_inbound_structural_allocation_v3,BIH,Bosnia and Herzegovina,RUS,Russian Federation,2011,28.0,unesco_uis_opri_202602,official_or_reference,0.015518586491765086,27.984481413508234,27.984481413508234,modelled_structural_allocation_total_calibrated
ppml_russia_inbound_structural_allocation_v3,BIH,Bosnia and Herzegovina,RUS,Russian Federation,2014,24.0,unesco_uis_opri_202602,official_or_reference,539.4535268605808,-515.4535268605808,515.4535268605808,modelled_structural_allocation_total_calibrated
ppml_russia_inbound_structural_allocation_v3,BIH,Bosnia and Herzegovina,RUS,Russian Federation,2016,18.0,unesco_uis_opri_202602,official_or_reference,110.86151769759908,-92.86151769759908,92.86151769759908,modelled_structural_allocation_total_calibrated
ppml_russia_inbound_structural_allocation_v3,BIH,Bosnia and Herzegovina,RUS,Russian Federation,2017,13.0,unesco_uis_opri_202602,official_or_reference,306.4966637451341,-293.4966637451341,293.4966637451341,modelled_structural_allocation_total_calibrated
ppml_russia_inbound_structural_allocation_v3,BIH,Bosnia and Herzegovina,RUS,Russian Federation,2018,17.0,unesco_uis_opri_202602,official_or_reference,108.0066393261524,-91.0066393261524,91.0066393261524,modelled_structural_allocation_total_calibrated
ppml_russia_inbound_structural_allocation_v3,BIH,Bosnia and Herzegovina,RUS,Russian Federation,2019,13.0,unesco_uis_opri_202602,official_or_reference,3564.642584447778,-3551.642584447778,3551.642584447778,modelled_structural_allocation_total_calibrated
ppml_russia_inbound_structural_allocation_v3,BIH,Bosnia and Herzegovina,RUS,Russian Federation,2020,94.0,unesco_uis_opri_202602,official_or_reference,5.812478216873231,88.18752178312677,88.18752178312677,modelled_structural_allocation_total_calibrated
ppml_russia_inbound_structural_allocation_v3,BIH,Bosnia and Herzegovina,RUS,Russian Federation,2021,66.0,unesco_uis_opri_202602,official_or_reference,18.993271012766936,47.00672898723306,47.00672898723306,modelled_structural_allocation_total_calibrated
ppml_russia_inbound_structural_allocation_v3,BIH,Bosnia and Herzegovina,RUS,Russian Federation,2022,76.0,unesco_uis_opri_202602,official_or_reference,491.60823168226517,-415.60823168226517,415.60823168226517,modelled_structural_allocation_total_calibrated
ppml_russia_inbound_structural_allocation_v3,BIH,Bosnia and Herzegovina,RUS,Russian Federation,2023,74.0,unesco_uis_opri_202602,official_or_reference,7409.184954679373,-7335.184954679373,7335.184954679373,modelled_structural_allocation_total_calibrated
ppml_russia_inbound_structural_allocation_v3,BLR,Belarus,RUS,Russian Federation,2011,31199.0,unesco_uis_opri_202602,official_or_reference,144.8901415377151,31054.109858462285,31054.109858462285,modelled_structural_allocation_total_calibrated
ppml_russia_inbound_structural_allocation_v3,BLR,Belarus,RUS,Russian Federation,2014,24880.0,unesco_uis_opri_202602,official_or_reference,437.32981040502557,24442.670189594974,24442.670189594974,modelled_structural_allocation_total_calibrated
ppml_russia_inbound_structural_allocation_v3,BLR,Belarus,RUS,Russian Federation,2016,15488.0,unesco_uis_opri_202602,official_or_reference,82.90726300790651,15405.092736992094,15405.092736992094,modelled_structural_allocation_total_calibrated
ppml_russia_inbound_structural_allocation_v3,BLR,Belarus,RUS,Russian Federation,2017,11600.0,unesco_uis_opri_202602,official_or_reference,162.9143231640162,11437.085676835984,11437.085676835984,modelled_structural_allocation_total_calibrated
ppml_russia_inbound_structural_allocation_v3,BLR,Belarus,RUS,Russian Federation,2018,11794.0,unesco_uis_opri_202602,official_or_reference,814.8898418129974,10979.110158187003,10979.110158187003,modelled_structural_allocation_total_calibrated
ppml_russia_inbound_structural_allocation_v3,BLR,Belarus,RUS,Russian Federation,2019,11614.0,unesco_uis_opri_202602,official_or_reference,589.7925942502319,11024.207405749768,11024.207405749768,modelled_structural_allocation_total_calibrated
ppml_russia_inbound_structural_allocation_v3,BLR,Belarus,RUS,Russian Federation,2020,10073.0,unesco_uis_opri_202602,official_or_reference,91.30671623690469,9981.693283763096,9981.693283763096,modelled_structural_allocation_total_calibrated
ppml_russia_inbound_structural_allocation_v3,BLR,Belarus,RUS,Russian Federation,2021,9483.0,unesco_uis_opri_202602,official_or_reference,5.263475103231543,9477.736524896769,9477.736524896769,modelled_structural_allocation_total_calibrated
ppml_russia_inbound_structural_allocation_v3,BLR,Belarus,RUS,Russian Federation,2022,9821.0,unesco_uis_opri_202602,official_or_reference,338.5391156858621,9482.460884314138,9482.460884314138,modelled_structural_allocation_total_calibrated
ppml_russia_inbound_structural_allocation_v3,BLR,Belarus,RUS,Russian Federation,2023,9369.0,unesco_uis_opri_202602,official_or_reference,24317.840858432286,-14948.840858432286,14948.840858432286,modelled_structural_allocation_total_calibrated
ppml_russia_inbound_structural_allocation_v3,BLZ,Belize,RUS,Russian Federation,2011,0.0,unesco_uis_opri_202602,official_or_reference,6.847695642414328,-6.847695642414328,6.847695642414328,modelled_structural_allocation_total_calibrated
ppml_russia_inbound_structural_allocation_v3,BLZ,Belize,RUS,Russian Federation,2014,0.0,unesco_uis_opri_202602,official_or_reference,7.420921184889234,-7.420921184889234,7.420921184889234,modelled_structural_allocation_total_calibrated
ppml_russia_inbound_structural_allocation_v3,BLZ,Belize,RUS,Russian Federation,2016,0.0,unesco_uis_opri_202602,official_or_reference,189.30146027357551,-189.30146027357551,189.30146027357551,modelled_structural_allocation_total_calibrated
ppml_russia_inbound_structural_allocation_v3,BLZ,Belize,RUS,Russian Federation,2017,0.0,unesco_uis_opri_202602,official_or_reference,348.6077363781113,-348.6077363781113,348.6077363781113,modelled_structural_allocation_total_calibrated
ppml_russia_inbound_structural_allocation_v3,BLZ,Belize,RUS,Russian Federation,2018,0.0,unesco_uis_opri_202602,official_or_reference,6.522286763197568,-6.522286763197568,6.522286763197568,modelled_structural_allocation_total_calibrated
ppml_russia_inbound_structural_allocation_v3,BLZ,Belize,RUS,Russian Federation,2019,0.0,unesco_uis_opri_202602,official_or_reference,64.86151514978111,-64.86151514978111,64.86151514978111,modelled_structural_allocation_total_calibrated
ppml_russia_inbound_structural_allocation_v3,BLZ,Belize,RUS,Russian Federation,2020,1.0,unesco_uis_opri_202602,official_or_reference,106.1273430479591,-105.1273430479591,105.1273430479591,modelled_structural_allocation_total_calibrated
ppml_russia_inbound_structural_allocation_v3,BLZ,Belize,RUS,Russian Federation,2021,0.0,unesco_uis_opri_202602,official_or_reference,22.384575027268028,-22.384575027268028,22.384575027268028,modelled_structural_allocation_total_calibrated
ppml_russia_inbound_structural_allocation_v3,BLZ,Belize,RUS,Russian Federation,2022,0.0,unesco_uis_opri_202602,official_or_reference,84.00652445923824,-84.00652445923824,84.00652445923824,modelled_structural_allocation_total_calibrated
ppml_russia_inbound_structural_allocation_v3,BLZ,Belize,RUS,Russian Federation,2023,0.0,unesco_uis_opri_202602,official_or_reference,6.9874450537510775,-6.9874450537510775,6.9874450537510775,modelled_structural_allocation_total_calibrated
ppml_russia_inbound_structural_allocation_v3,BMU,Bermuda,RUS,Russian Federation,2011,0.0,unesco_uis_opri_202602,official_or_reference,460.72701441259585,-460.72701441259585,460.72701441259585,modelled_structural_allocation_total_calibrated
ppml_russia_inbound_structural_allocation_v3,BMU,Bermuda,RUS,Russian Federation,2014,0.0,unesco_uis_opri_202602,official_or_reference,39.141703251309515,-39.141703251309515,39.141703251309515,modelled_structural_allocation_total_calibrated
ppml_russia_inbound_structural_allocation_v3,BMU,Bermuda,RUS,Russian Federation,2016,0.0,unesco_uis_opri_202602,official_or_reference,13355.035100665798,-13355.035100665798,13355.035100665798,modelled_structural_allocation_total_calibrated
ppml_russia_inbound_structural_allocation_v3,BMU,Bermuda,RUS,Russian Federation,2017,0.0,unesco_uis_opri_202602,official_or_reference,142.4068024983091,-142.4068024983091,142.4068024983091,modelled_structural_allocation_total_calibrated
ppml_russia_inbound_structural_allocation_v3,BMU,Bermuda,RUS,Russian Federation,2018,0.0,unesco_uis_opri_202602,official_or_reference,149.84763239277038,-149.84763239277038,149.84763239277038,modelled_structural_allocation_total_calibrated
ppml_russia_inbound_structural_allocation_v3,BMU,Bermuda,RUS,Russian Federation,2019,0.0,unesco_uis_opri_202602,official_or_reference,208.94874790939386,-208.94874790939386,208.94874790939386,modelled_structural_allocation_total_calibrated
ppml_russia_inbound_structural_allocation_v3,BMU,Bermuda,RUS,Russian Federation,2020,0.0,unesco_uis_opri_202602,official_or_reference,203.84010699612256,-203.84010699612256,203.84010699612256,modelled_structural_allocation_total_calibrated
ppml_russia_inbound_structural_allocation_v3,BMU,Bermuda,RUS,Russian Federation,2021,0.0,unesco_uis_opri_202602,official_or_reference,0.3054039679648936,-0.3054039679648936,0.3054039679648936,modelled_structural_allocation_total_calibrated
ppml_russia_inbound_structural_allocation_v3,BMU,Bermuda,RUS,Russian Federation,2022,0.0,unesco_uis_opri_202602,official_or_reference,181.17075971960068,-181.17075971960068,181.17075971960068,modelled_structural_allocation_total_calibrated
ppml_russia_inbound_structural_allocation_v3,BMU,Bermuda,RUS,Russian Federation,2023,0.0,unesco_uis_opri_202602,official_or_reference,110.76240837926423,-110.76240837926423,110.76240837926423,modelled_structural_allocation_total_calibrated
ppml_russia_inbound_structural_allocation_v3,BOL,"Bolivia, Plurinational State of",RUS,Russian Federation,2011,29.0,unesco_uis_opri_202602,official_or_reference,32.79025541346101,-3.7902554134610114,3.7902554134610114,modelled_structural_allocation_total_calibrated
ppml_russia_inbound_structural_allocation_v3,BOL,"Bolivia, Plurinational State of",RUS,Russian Federation,2014,23.0,unesco_uis_opri_202602,official_or_reference,17.211549829188062,5.788450170811938,5.788450170811938,modelled_structural_allocation_total_calibrated
ppml_russia_inbound_structural_allocation_v3,BOL,"Bolivia, Plurinational State of",RUS,Russian Federation,2016,13.0,unesco_uis_opri_202602,official_or_reference,59.02048200375667,-46.02048200375667,46.02048200375667,modelled_structural_allocation_total_calibrated
ppml_russia_inbound_structural_allocation_v3,BOL,"Bolivia, Plurinational State of",RUS,Russian Federation,2017,20.0,unesco_uis_opri_202602,official_or_reference,0.5777439635178061,19.422256036482192,19.422256036482192,modelled_structural_allocation_total_calibrated
ppml_russia_inbound_structural_allocation_v3,BOL,"Bolivia, Plurinational State of",RUS,Russian Federation,2018,26.0,unesco_uis_opri_202602,official_or_reference,821.1543528370117,-795.1543528370117,795.1543528370117,modelled_structural_allocation_total_calibrated
ppml_russia_inbound_structural_allocation_v3,BOL,"Bolivia, Plurinational State of",RUS,Russian Federation,2019,30.0,unesco_uis_opri_202602,official_or_reference,418.31955952148576,-388.31955952148576,388.31955952148576,modelled_structural_allocation_total_calibrated
ppml_russia_inbound_structural_allocation_v3,BOL,"Bolivia, Plurinational State of",RUS,Russian Federation,2020,244.0,unesco_uis_opri_202602,official_or_reference,2602.3365267085055,-2358.3365267085055,2358.3365267085055,modelled_structural_allocation_total_calibrated
ppml_russia_inbound_structural_allocation_v3,BOL,"Bolivia, Plurinational State of",RUS,Russian Federation,2021,224.0,unesco_uis_opri_202602,official_or_reference,246.9162151162655,-22.916215116265505,22.916215116265505,modelled_structural_allocation_total_calibrated
ppml_russia_inbound_structural_allocation_v3,BOL,"Bolivia, Plurinational State of",RUS,Russian Federation,2022,192.0,unesco_uis_opri_202602,official_or_reference,2.1021713008628415,189.89782869913716,189.89782869913716,modelled_structural_allocation_total_calibrated
ppml_russia_inbound_structural_allocation_v3,BOL,"Bolivia, Plurinational State of",RUS,Russian Federation,2023,278.0,unesco_uis_opri_202602,official_or_reference,244.3881652535995,33.61183474640049,33.61183474640049,modelled_structural_allocation_total_calibrated
ppml_russia_inbound_structural_allocation_v3,BRA,Brazil,RUS,Russian Federation,2011,200.0,unesco_uis_opri_202602,official_or_reference,35.0598121541008,164.9401878458992,164.9401878458992,modelled_structural_allocation_total_calibrated
ppml_russia_inbound_structural_allocation_v3,BRA,Brazil,RUS,Russian Federation,2014,297.0,unesco_uis_opri_202602,official_or_reference,824.6436695180847,-527.6436695180847,527.6436695180847,modelled_structural_allocation_total_calibrated
ppml_russia_inbound_structural_allocation_v3,BRA,Brazil,RUS,Russian Federation,2016,386.0,unesco_uis_opri_202602,official_or_reference,116.96153568657336,269.03846431342663,269.03846431342663,modelled_structural_allocation_total_calibrated
ppml_russia_inbound_structural_allocation_v3,BRA,Brazil,RUS,Russian Federation,2017,398.0,unesco_uis_opri_202602,official_or_reference,985.6837306624292,-587.6837306624292,587.6837306624292,modelled_structural_allocation_total_calibrated
ppml_russia_inbound_structural_allocation_v3,BRA,Brazil,RUS,Russian Federation,2018,424.0,unesco_uis_opri_202602,official_or_reference,71.30044709256079,352.6995529074392,352.6995529074392,modelled_structural_allocation_total_calibrated
ppml_russia_inbound_structural_allocation_v3,BRA,Brazil,RUS,Russian Federation,2019,427.0,unesco_uis_opri_202602,official_or_reference,1108.0656265460711,-681.0656265460711,681.0656265460711,modelled_structural_allocation_total_calibrated
ppml_russia_inbound_structural_allocation_v3,BRA,Brazil,RUS,Russian Federation,2020,552.0,unesco_uis_opri_202602,official_or_reference,184.65792143027903,367.34207856972097,367.34207856972097,modelled_structural_allocation_total_calibrated
ppml_russia_inbound_structural_allocation_v3,BRA,Brazil,RUS,Russian Federation,2021,453.0,unesco_uis_opri_202602,official_or_reference,308.5312646645711,144.4687353354289,144.4687353354289,modelled_structural_allocation_total_calibrated
ppml_russia_inbound_structural_allocation_v3,BRA,Brazil,RUS,Russian Federation,2022,358.0,unesco_uis_opri_202602,official_or_reference,342.68460518602103,15.315394813978969,15.315394813978969,modelled_structural_allocation_total_calibrated
ppml_russia_inbound_structural_allocation_v3,BRA,Brazil,RUS,Russian Federation,2023,227.0,unesco_uis_opri_202602,official_or_reference,22.95620681643201,204.043793183568,204.043793183568,modelled_structural_allocation_total_calibrated
ppml_russia_inbound_structural_allocation_v3,BRB,Barbados,RUS,Russian Federation,2011,0.0,unesco_uis_opri_202602,official_or_reference,1491.9604629270586,-1491.9604629270586,1491.9604629270586,modelled_structural_allocation_total_calibrated
ppml_russia_inbound_structural_allocation_v3,BRB,Barbados,RUS,Russian Federation,2014,0.0,unesco_uis_opri_202602,official_or_reference,0.13392947177900502,-0.13392947177900502,0.13392947177900502,modelled_structural_allocation_total_calibrated
ppml_russia_inbound_structural_allocation_v3,BRB,Barbados,RUS,Russian Federation,2016,0.0,unesco_uis_opri_202602,official_or_reference,31.160348227341398,-31.160348227341398,31.160348227341398,modelled_structural_allocation_total_calibrated
ppml_russia_inbound_structural_allocation_v3,BRB,Barbados,RUS,Russian Federation,2017,0.0,unesco_uis_opri_202602,official_or_reference,768.8382869405024,-768.8382869405024,768.8382869405024,modelled_structural_allocation_total_calibrated
ppml_russia_inbound_structural_allocation_v3,BRB,Barbados,RUS,Russian Federation,2018,10.0,unesco_uis_opri_202602,official_or_reference,426.3499223064485,-416.3499223064485,416.3499223064485,modelled_structural_allocation_total_calibrated
ppml_russia_inbound_structural_allocation_v3,BRB,Barbados,RUS,Russian Federation,2019,5.0,unesco_uis_opri_202602,official_or_reference,113.58729438454773,-108.58729438454773,108.58729438454773,modelled_structural_allocation_total_calibrated
ppml_russia_inbound_structural_allocation_v3,BRB,Barbados,RUS,Russian Federation,2020,0.0,unesco_uis_opri_202602,official_or_reference,9.2988381252608,-9.2988381252608,9.2988381252608,modelled_structural_allocation_total_calibrated
ppml_russia_inbound_structural_allocation_v3,BRB,Barbados,RUS,Russian Federation,2021,0.0,unesco_uis_opri_202602,official_or_reference,117.66883552008902,-117.66883552008902,117.66883552008902,modelled_structural_allocation_total_calibrated
ppml_russia_inbound_structural_allocation_v3,BRB,Barbados,RUS,Russian Federation,2022,0.0,unesco_uis_opri_202602,official_or_reference,57.38966251948677,-57.38966251948677,57.38966251948677,modelled_structural_allocation_total_calibrated
ppml_russia_inbound_structural_allocation_v3,BRB,Barbados,RUS,Russian Federation,2023,0.0,unesco_uis_opri_202602,official_or_reference,30.492560524925846,-30.492560524925846,30.492560524925846,modelled_structural_allocation_total_calibrated
ppml_russia_inbound_structural_allocation_v3,BRN,Brunei Darussalam,RUS,Russian Federation,2011,0.0,unesco_uis_opri_202602,official_or_reference,90.81553834259269,-90.81553834259269,90.81553834259269,modelled_structural_allocation_total_calibrated
ppml_russia_inbound_structural_allocation_v3,BRN,Brunei Darussalam,RUS,Russian Federation,2014,0.0,unesco_uis_opri_202602,official_or_reference,955.4499028701362,-955.4499028701362,955.4499028701362,modelled_structural_allocation_total_calibrated
ppml_russia_inbound_structural_allocation_v3,BRN,Brunei Darussalam,RUS,Russian Federation,2016,0.0,unesco_uis_opri_202602,official_or_reference,2.5362144513380027,-2.5362144513380027,2.5362144513380027,modelled_structural_allocation_total_calibrated
ppml_russia_inbound_structural_allocation_v3,BRN,Brunei Darussalam,RUS,Russian Federation,2017,0.0,unesco_uis_opri_202602,official_or_reference,60.03784521567918,-60.03784521567918,60.03784521567918,modelled_structural_allocation_total_calibrated
ppml_russia_inbound_structural_allocation_v3,BRN,Brunei Darussalam,RUS,Russian Federation,2018,0.0,unesco_uis_opri_202602,official_or_reference,26.827816050047662,-26.827816050047662,26.827816050047662,modelled_structural_allocation_total_calibrated
ppml_russia_inbound_structural_allocation_v3,BRN,Brunei Darussalam,RUS,Russian Federation,2019,0.0,unesco_uis_opri_202602,official_or_reference,96.59749753945884,-96.59749753945884,96.59749753945884,modelled_structural_allocation_total_calibrated
ppml_russia_inbound_structural_allocation_v3,BRN,Brunei Darussalam,RUS,Russian Federation,2020,0.0,unesco_uis_opri_202602,official_or_reference,36.56410247422172,-36.56410247422172,36.56410247422172,modelled_structural_allocation_total_calibrated
ppml_russia_inbound_structural_allocation_v3,BRN,Brunei Darussalam,RUS,Russian Federation,2021,3.0,unesco_uis_opri_202602,official_or_reference,276.56742483599214,-273.56742483599214,273.56742483599214,modelled_structural_allocation_total_calibrated
ppml_russia_inbound_structural_allocation_v3,BRN,Brunei Darussalam,RUS,Russian Federation,2022,4.0,unesco_uis_opri_202602,official_or_reference,147.0616149585962,-143.0616149585962,143.0616149585962,modelled_structural_allocation_total_calibrated
ppml_russia_inbound_structural_allocation_v3,BRN,Brunei Darussalam,RUS,Russian Federation,2023,5.0,unesco_uis_opri_202602,official_or_reference,421.151424609522,-416.151424609522,416.151424609522,modelled_structural_allocation_total_calibrated
ppml_russia_inbound_structural_allocation_v3,BTN,Bhutan,RUS,Russian Federation,2011,1.0,unesco_uis_opri_202602,official_or_reference,856.720697208537,-855.720697208537,855.720697208537,modelled_structural_allocation_total_calibrated
ppml_russia_inbound_structural_allocation_v3,BTN,Bhutan,RUS,Russian Federation,2014,0.0,unesco_uis_opri_202602,official_or_reference,5245.666809324151,-5245.666809324151,5245.666809324151,modelled_structural_allocation_total_calibrated
ppml_russia_inbound_structural_allocation_v3,BTN,Bhutan,RUS,Russian Federation,2016,6.0,unesco_uis_opri_202602,official_or_reference,404.6134049623882,-398.6134049623882,398.6134049623882,modelled_structural_allocation_total_calibrated
ppml_russia_inbound_structural_allocation_v3,BTN,Bhutan,RUS,Russian Federation,2017,0.0,unesco_uis_opri_202602,official_or_reference,1684.755945024604,-1684.755945024604,1684.755945024604,modelled_structural_allocation_total_calibrated
ppml_russia_inbound_structural_allocation_v3,BTN,Bhutan,RUS,Russian Federation,2018,0.0,unesco_uis_opri_202602,official_or_reference,1270.1856355551326,-1270.1856355551326,1270.1856355551326,modelled_structural_allocation_total_calibrated
ppml_russia_inbound_structural_allocation_v3,BTN,Bhutan,RUS,Russian Federation,2019,0.0,unesco_uis_opri_202602,official_or_reference,80.17651964102023,-80.17651964102023,80.17651964102023,modelled_structural_allocation_total_calibrated
ppml_russia_inbound_structural_allocation_v3,BTN,Bhutan,RUS,Russian Federation,2020,0.0,unesco_uis_opri_202602,official_or_reference,5.541729181780568,-5.541729181780568,5.541729181780568,modelled_structural_allocation_total_calibrated
ppml_russia_inbound_structural_allocation_v3,BTN,Bhutan,RUS,Russian Federation,2021,0.0,unesco_uis_opri_202602,official_or_reference,1611.2314267613765,-1611.2314267613765,1611.2314267613765,modelled_structural_allocation_total_calibrated
ppml_russia_inbound_structural_allocation_v3,BTN,Bhutan,RUS,Russian Federation,2022,0.0,unesco_uis_opri_202602,official_or_reference,28.671105979995275,-28.671105979995275,28.671105979995275,modelled_structural_allocation_total_calibrated
ppml_russia_inbound_structural_allocation_v3,BTN,Bhutan,RUS,Russian Federation,2023,0.0,unesco_uis_opri_202602,official_or_reference,329.877769804778,-329.877769804778,329.877769804778,modelled_structural_allocation_total_calibrated
ppml_russia_inbound_structural_allocation_v3,BWA,Botswana,RUS,Russian Federation,2011,29.0,unesco_uis_opri_202602,official_or_reference,94.06378804591941,-65.06378804591941,65.06378804591941,modelled_structural_allocation_total_calibrated
ppml_russia_inbound_structural_allocation_v3,BWA,Botswana,RUS,Russian Federation,2014,45.0,unesco_uis_opri_202602,official_or_reference,9101.917515294883,-9056.917515294883,9056.917515294883,modelled_structural_allocation_total_calibrated
ppml_russia_inbound_structural_allocation_v3,BWA,Botswana,RUS,Russian Federation,2016,71.0,unesco_uis_opri_202602,official_or_reference,448.88081371903075,-377.88081371903075,377.88081371903075,modelled_structural_allocation_total_calibrated
ppml_russia_inbound_structural_allocation_v3,BWA,Botswana,RUS,Russian Federation,2017,71.0,unesco_uis_opri_202602,official_or_reference,2392.790377895007,-2321.790377895007,2321.790377895007,modelled_structural_allocation_total_calibrated
ppml_russia_inbound_structural_allocation_v3,BWA,Botswana,RUS,Russian Federation,2018,80.0,unesco_uis_opri_202602,official_or_reference,202.83305967794362,-122.83305967794362,122.83305967794362,modelled_structural_allocation_total_calibrated
ppml_russia_inbound_structural_allocation_v3,BWA,Botswana,RUS,Russian Federation,2019,74.0,unesco_uis_opri_202602,official_or_reference,0.330046026241479,73.66995397375852,73.66995397375852,modelled_structural_allocation_total_calibrated
ppml_russia_inbound_structural_allocation_v3,BWA,Botswana,RUS,Russian Federation,2020,179.0,unesco_uis_opri_202602,official_or_reference,0.9400851287879947,178.05991487121202,178.05991487121202,modelled_structural_allocation_total_calibrated
ppml_russia_inbound_structural_allocation_v3,BWA,Botswana,RUS,Russian Federation,2021,176.0,unesco_uis_opri_202602,official_or_reference,255.65720690346296,-79.65720690346296,79.65720690346296,modelled_structural_allocation_total_calibrated
ppml_russia_inbound_structural_allocation_v3,BWA,Botswana,RUS,Russian Federation,2022,150.0,unesco_uis_opri_202602,official_or_reference,141.38128675245204,8.618713247547959,8.618713247547959,modelled_structural_allocation_total_calibrated
ppml_russia_inbound_structural_allocation_v3,BWA,Botswana,RUS,Russian Federation,2023,136.0,unesco_uis_opri_202602,official_or_reference,151.81296083319822,-15.812960833198218,15.812960833198218,modelled_structural_allocation_total_calibrated
ppml_russia_inbound_structural_allocation_v3,CAF,Central African Republic,RUS,Russian Federation,2011,2.0,unesco_uis_opri_202602,official_or_reference,335.4556296837992,-333.4556296837992,333.4556296837992,modelled_structural_allocation_total_calibrated
ppml_russia_inbound_structural_allocation_v3,CAF,Central African Republic,RUS,Russian Federation,2014,1.0,unesco_uis_opri_202602,official_or_reference,14.362021531219337,-13.362021531219337,13.362021531219337,modelled_structural_allocation_total_calibrated
ppml_russia_inbound_structural_allocation_v3,CAF,Central African Republic,RUS,Russian Federation,2016,0.0,unesco_uis_opri_202602,official_or_reference,270.1854740083421,-270.1854740083421,270.1854740083421,modelled_structural_allocation_total_calibrated
ppml_russia_inbound_structural_allocation_v3,CAF,Central African Republic,RUS,Russian Federation,2017,2.0,unesco_uis_opri_202602,official_or_reference,9.848365027845015,-7.8483650278450146,7.8483650278450146,modelled_structural_allocation_total_calibrated
ppml_russia_inbound_structural_allocation_v3,CAF,Central African Republic,RUS,Russian Federation,2018,1.0,unesco_uis_opri_202602,official_or_reference,46.233307012071215,-45.233307012071215,45.233307012071215,modelled_structural_allocation_total_calibrated
ppml_russia_inbound_structural_allocation_v3,CAF,Central African Republic,RUS,Russian Federation,2019,0.0,unesco_uis_opri_202602,official_or_reference,460.121941700753,-460.121941700753,460.121941700753,modelled_structural_allocation_total_calibrated
ppml_russia_inbound_structural_allocation_v3,CAF,Central African Republic,RUS,Russian Federation,2020,22.0,unesco_uis_opri_202602,official_or_reference,47.50032063009443,-25.50032063009443,25.50032063009443,modelled_structural_allocation_total_calibrated
ppml_russia_inbound_structural_allocation_v3,CAF,Central African Republic,RUS,Russian Federation,2021,27.0,unesco_uis_opri_202602,official_or_reference,435.89450433980136,-408.89450433980136,408.89450433980136,modelled_structural_allocation_total_calibrated
ppml_russia_inbound_structural_allocation_v3,CAF,Central African Republic,RUS,Russian Federation,2022,36.0,unesco_uis_opri_202602,official_or_reference,505.49968771500204,-469.49968771500204,469.49968771500204,modelled_structural_allocation_total_calibrated
ppml_russia_inbound_structural_allocation_v3,CAF,Central African Republic,RUS,Russian Federation,2023,54.0,unesco_uis_opri_202602,official_or_reference,268.0379612489508,-214.0379612489508,214.0379612489508,modelled_structural_allocation_total_calibrated
ppml_russia_inbound_structural_allocation_v3,CAN,Canada,RUS,Russian Federation,2011,15.0,unesco_uis_opri_202602,official_or_reference,11.687124799449188,3.3128752005508115,3.3128752005508115,modelled_structural_allocation_total_calibrated
ppml_russia_inbound_structural_allocation_v3,CAN,Canada,RUS,Russian Federation,2014,18.0,unesco_uis_opri_202602,official_or_reference,775.9383125713649,-757.9383125713649,757.9383125713649,modelled_structural_allocation_total_calibrated
ppml_russia_inbound_structural_allocation_v3,CAN,Canada,RUS,Russian Federation,2016,12.0,unesco_uis_opri_202602,official_or_reference,4.3549436738304195,7.6450563261695805,7.6450563261695805,modelled_structural_allocation_total_calibrated
ppml_russia_inbound_structural_allocation_v3,CAN,Canada,RUS,Russian Federation,2017,26.0,unesco_uis_opri_202602,official_or_reference,667.9923911919843,-641.9923911919843,641.9923911919843,modelled_structural_allocation_total_calibrated
ppml_russia_inbound_structural_allocation_v3,CAN,Canada,RUS,Russian Federation,2018,30.0,unesco_uis_opri_202602,official_or_reference,143.56969270689498,-113.56969270689498,113.56969270689498,modelled_structural_allocation_total_calibrated
ppml_russia_inbound_structural_allocation_v3,CAN,Canada,RUS,Russian Federation,2019,31.0,unesco_uis_opri_202602,official_or_reference,9.622057829097672,21.37794217090233,21.37794217090233,modelled_structural_allocation_total_calibrated
ppml_russia_inbound_structural_allocation_v3,CAN,Canada,RUS,Russian Federation,2020,44.0,unesco_uis_opri_202602,official_or_reference,159.6621182960798,-115.6621182960798,115.6621182960798,modelled_structural_allocation_total_calibrated
ppml_russia_inbound_structural_allocation_v3,CAN,Canada,RUS,Russian Federation,2021,54.0,unesco_uis_opri_202602,official_or_reference,0.13924477329678953,53.86075522670321,53.86075522670321,modelled_structural_allocation_total_calibrated
ppml_russia_inbound_structural_allocation_v3,CAN,Canada,RUS,Russian Federation,2022,50.0,unesco_uis_opri_202602,official_or_reference,186.7527645246842,-136.7527645246842,136.7527645246842,modelled_structural_allocation_total_calibrated
ppml_russia_inbound_structural_allocation_v3,CAN,Canada,RUS,Russian Federation,2023,46.0,unesco_uis_opri_202602,official_or_reference,193.99222479743966,-147.99222479743966,147.99222479743966,modelled_structural_allocation_total_calibrated
ppml_russia_inbound_structural_allocation_v3,CHE,Switzerland,RUS,Russian Federation,2011,2.0,unesco_uis_opri_202602,official_or_reference,6.935207324987981,-4.935207324987981,4.935207324987981,modelled_structural_allocation_total_calibrated
ppml_russia_inbound_structural_allocation_v3,CHE,Switzerland,RUS,Russian Federation,2014,6.0,unesco_uis_opri_202602,official_or_reference,485.8810276221414,-479.8810276221414,479.8810276221414,modelled_structural_allocation_total_calibrated
ppml_russia_inbound_structural_allocation_v3,CHE,Switzerland,RUS,Russian Federation,2016,13.0,unesco_uis_opri_202602,official_or_reference,170.66623656651169,-157.66623656651169,157.66623656651169,modelled_structural_allocation_total_calibrated
ppml_russia_inbound_structural_allocation_v3,CHE,Switzerland,RUS,Russian Federation,2017,8.0,unesco_uis_opri_202602,official_or_reference,117.99258386081421,-109.99258386081421,109.99258386081421,modelled_structural_allocation_total_calibrated
ppml_russia_inbound_structural_allocation_v3,CHE,Switzerland,RUS,Russian Federation,2018,28.0,unesco_uis_opri_202602,official_or_reference,103.47077019963984,-75.47077019963984,75.47077019963984,modelled_structural_allocation_total_calibrated
ppml_russia_inbound_structural_allocation_v3,CHE,Switzerland,RUS,Russian Federation,2019,18.0,unesco_uis_opri_202602,official_or_reference,108.00122441290692,-90.00122441290692,90.00122441290692,modelled_structural_allocation_total_calibrated
ppml_russia_inbound_structural_allocation_v3,CHE,Switzerland,RUS,Russian Federation,2020,19.0,unesco_uis_opri_202602,official_or_reference,0.2121124776768209,18.787887522323178,18.787887522323178,modelled_structural_allocation_total_calibrated
ppml_russia_inbound_structural_allocation_v3,CHE,Switzerland,RUS,Russian Federation,2021,24.0,unesco_uis_opri_202602,official_or_reference,36.08112648297754,-12.081126482977538,12.081126482977538,modelled_structural_allocation_total_calibrated
ppml_russia_inbound_structural_allocation_v3,CHE,Switzerland,RUS,Russian Federation,2022,22.0,unesco_uis_opri_202602,official_or_reference,240.53283402352864,-218.53283402352864,218.53283402352864,modelled_structural_allocation_total_calibrated
ppml_russia_inbound_structural_allocation_v3,CHE,Switzerland,RUS,Russian Federation,2023,11.0,unesco_uis_opri_202602,official_or_reference,461.24005365139817,-450.24005365139817,450.24005365139817,modelled_structural_allocation_total_calibrated
ppml_russia_inbound_structural_allocation_v3,CHL,Chile,RUS,Russian Federation,2011,5.0,unesco_uis_opri_202602,official_or_reference,7.64325105259706,-2.6432510525970603,2.6432510525970603,modelled_structural_allocation_total_calibrated
ppml_russia_inbound_structural_allocation_v3,CHL,Chile,RUS,Russian Federation,2014,2.0,unesco_uis_opri_202602,official_or_reference,442.57977300846983,-440.57977300846983,440.57977300846983,modelled_structural_allocation_total_calibrated
ppml_russia_inbound_structural_allocation_v3,CHL,Chile,RUS,Russian Federation,2016,7.0,unesco_uis_opri_202602,official_or_reference,794.9618749647922,-787.9618749647922,787.9618749647922,modelled_structural_allocation_total_calibrated
ppml_russia_inbound_structural_allocation_v3,CHL,Chile,RUS,Russian Federation,2017,3.0,unesco_uis_opri_202602,official_or_reference,148.69959762694282,-145.69959762694282,145.69959762694282,modelled_structural_allocation_total_calibrated
ppml_russia_inbound_structural_allocation_v3,CHL,Chile,RUS,Russian Federation,2018,7.0,unesco_uis_opri_202602,official_or_reference,0.0021086307137938706,6.997891369286206,6.997891369286206,modelled_structural_allocation_total_calibrated
ppml_russia_inbound_structural_allocation_v3,CHL,Chile,RUS,Russian Federation,2019,10.0,unesco_uis_opri_202602,official_or_reference,547.2652651577614,-537.2652651577614,537.2652651577614,modelled_structural_allocation_total_calibrated
ppml_russia_inbound_structural_allocation_v3,CHL,Chile,RUS,Russian Federation,2020,40.0,unesco_uis_opri_202602,official_or_reference,365.6047548652331,-325.6047548652331,325.6047548652331,modelled_structural_allocation_total_calibrated
ppml_russia_inbound_structural_allocation_v3,CHL,Chile,RUS,Russian Federation,2021,37.0,unesco_uis_opri_202602,official_or_reference,592.7122086821308,-555.7122086821308,555.7122086821308,modelled_structural_allocation_total_calibrated
ppml_russia_inbound_structural_allocation_v3,CHL,Chile,RUS,Russian Federation,2022,48.0,unesco_uis_opri_202602,official_or_reference,0.020691672106132954,47.97930832789387,47.97930832789387,modelled_structural_allocation_total_calibrated
ppml_russia_inbound_structural_allocation_v3,CHL,Chile,RUS,Russian Federation,2023,37.0,unesco_uis_opri_202602,official_or_reference,7.1813596156879385,29.81864038431206,29.81864038431206,modelled_structural_allocation_total_calibrated
ppml_russia_inbound_structural_allocation_v3,CHN,China,RUS,Russian Federation,2011,9842.0,unesco_uis_opri_202602,official_or_reference,339.40566229384035,9502.59433770616,9502.59433770616,modelled_structural_allocation_total_calibrated
ppml_russia_inbound_structural_allocation_v3,CHN,China,RUS,Russian Federation,2014,7954.0,unesco_uis_opri_202602,official_or_reference,2992.766541314348,4961.233458685652,4961.233458685652,modelled_structural_allocation_total_calibrated
ppml_russia_inbound_structural_allocation_v3,CHN,China,RUS,Russian Federation,2016,10693.0,unesco_uis_opri_202602,official_or_reference,11.532091053281906,10681.467908946717,10681.467908946717,modelled_structural_allocation_total_calibrated
ppml_russia_inbound_structural_allocation_v3,CHN,China,RUS,Russian Federation,2017,11950.0,unesco_uis_opri_202602,official_or_reference,241.87734225575767,11708.122657744243,11708.122657744243,modelled_structural_allocation_total_calibrated
ppml_russia_inbound_structural_allocation_v3,CHN,China,RUS,Russian Federation,2018,14971.0,unesco_uis_opri_202602,official_or_reference,517.4473072228808,14453.552692777119,14453.552692777119,modelled_structural_allocation_total_calibrated
ppml_russia_inbound_structural_allocation_v3,CHN,China,RUS,Russian Federation,2019,18531.0,unesco_uis_opri_202602,official_or_reference,0.01802923579682494,18530.981970764202,18530.981970764202,modelled_structural_allocation_total_calibrated
ppml_russia_inbound_structural_allocation_v3,CHN,China,RUS,Russian Federation,2020,32033.0,unesco_uis_opri_202602,official_or_reference,112.96567310725644,31920.034326892743,31920.034326892743,modelled_structural_allocation_total_calibrated
ppml_russia_inbound_structural_allocation_v3,CHN,China,RUS,Russian Federation,2021,35674.0,unesco_uis_opri_202602,official_or_reference,1018.6715332861257,34655.32846671387,34655.32846671387,modelled_structural_allocation_total_calibrated
ppml_russia_inbound_structural_allocation_v3,CHN,China,RUS,Russian Federation,2022,40797.0,unesco_uis_opri_202602,official_or_reference,142.90195125051406,40654.09804874949,40654.09804874949,modelled_structural_allocation_total_calibrated
ppml_russia_inbound_structural_allocation_v3,CHN,China,RUS,Russian Federation,2023,46046.0,unesco_uis_opri_202602,official_or_reference,536.0127509682226,45509.98724903178,45509.98724903178,modelled_structural_allocation_total_calibrated
ppml_russia_inbound_structural_allocation_v3,CIV,Côte d'Ivoire,RUS,Russian Federation,2011,225.0,unesco_uis_opri_202602,official_or_reference,41.391723915054904,183.6082760849451,183.6082760849451,modelled_structural_allocation_total_calibrated
ppml_russia_inbound_structural_allocation_v3,CIV,Côte d'Ivoire,RUS,Russian Federation,2014,102.0,unesco_uis_opri_202602,official_or_reference,165.3259324539526,-63.32593245395259,63.32593245395259,modelled_structural_allocation_total_calibrated
ppml_russia_inbound_structural_allocation_v3,CIV,Côte d'Ivoire,RUS,Russian Federation,2016,170.0,unesco_uis_opri_202602,official_or_reference,259.71925363728116,-89.71925363728116,89.71925363728116,modelled_structural_allocation_total_calibrated
ppml_russia_inbound_structural_allocation_v3,CIV,Côte d'Ivoire,RUS,Russian Federation,2017,227.0,unesco_uis_opri_202602,official_or_reference,978.5500043340039,-751.5500043340039,751.5500043340039,modelled_structural_allocation_total_calibrated
ppml_russia_inbound_structural_allocation_v3,CIV,Côte d'Ivoire,RUS,Russian Federation,2018,285.0,unesco_uis_opri_202602,official_or_reference,132.95125286305003,152.04874713694997,152.04874713694997,modelled_structural_allocation_total_calibrated
ppml_russia_inbound_structural_allocation_v3,CIV,Côte d'Ivoire,RUS,Russian Federation,2019,417.0,unesco_uis_opri_202602,official_or_reference,877.5008412405555,-460.5008412405555,460.5008412405555,modelled_structural_allocation_total_calibrated
ppml_russia_inbound_structural_allocation_v3,CIV,Côte d'Ivoire,RUS,Russian Federation,2020,783.0,unesco_uis_opri_202602,official_or_reference,203.12010592706494,579.879894072935,579.879894072935,modelled_structural_allocation_total_calibrated
ppml_russia_inbound_structural_allocation_v3,CIV,Côte d'Ivoire,RUS,Russian Federation,2021,732.0,unesco_uis_opri_202602,official_or_reference,146.91607784418412,585.0839221558159,585.0839221558159,modelled_structural_allocation_total_calibrated
ppml_russia_inbound_structural_allocation_v3,CIV,Côte d'Ivoire,RUS,Russian Federation,2022,709.0,unesco_uis_opri_202602,official_or_reference,267.87679394914045,441.12320605085955,441.12320605085955,modelled_structural_allocation_total_calibrated
ppml_russia_inbound_structural_allocation_v3,CIV,Côte d'Ivoire,RUS,Russian Federation,2023,767.0,unesco_uis_opri_202602,official_or_reference,14.782343632876927,752.217656367123,752.217656367123,modelled_structural_allocation_total_calibrated
ppml_russia_inbound_structural_allocation_v3,CMR,Cameroon,RUS,Russian Federation,2011,284.0,unesco_uis_opri_202602,official_or_reference,94.44962888035705,189.55037111964293,189.55037111964293,modelled_structural_allocation_total_calibrated
ppml_russia_inbound_structural_allocation_v3,CMR,Cameroon,RUS,Russian Federation,2014,139.0,unesco_uis_opri_202602,official_or_reference,36.07383796281927,102.92616203718073,102.92616203718073,modelled_structural_allocation_total_calibrated
ppml_russia_inbound_structural_allocation_v3,CMR,Cameroon,RUS,Russian Federation,2016,177.0,unesco_uis_opri_202602,official_or_reference,43.91638931041897,133.08361068958104,133.08361068958104,modelled_structural_allocation_total_calibrated
ppml_russia_inbound_structural_allocation_v3,CMR,Cameroon,RUS,Russian Federation,2017,270.0,unesco_uis_opri_202602,official_or_reference,155.4516989451586,114.5483010548414,114.5483010548414,modelled_structural_allocation_total_calibrated
ppml_russia_inbound_structural_allocation_v3,CMR,Cameroon,RUS,Russian Federation,2018,371.0,unesco_uis_opri_202602,official_or_reference,1439.543157856876,-1068.543157856876,1068.543157856876,modelled_structural_allocation_total_calibrated
ppml_russia_inbound_structural_allocation_v3,CMR,Cameroon,RUS,Russian Federation,2019,511.0,unesco_uis_opri_202602,official_or_reference,73.3515166759209,437.6484833240791,437.6484833240791,modelled_structural_allocation_total_calibrated
ppml_russia_inbound_structural_allocation_v3,CMR,Cameroon,RUS,Russian Federation,2020,888.0,unesco_uis_opri_202602,official_or_reference,8.82560564987664,879.1743943501234,879.1743943501234,modelled_structural_allocation_total_calibrated
ppml_russia_inbound_structural_allocation_v3,CMR,Cameroon,RUS,Russian Federation,2021,750.0,unesco_uis_opri_202602,official_or_reference,11.98050169027678,738.0194983097232,738.0194983097232,modelled_structural_allocation_total_calibrated
ppml_russia_inbound_structural_allocation_v3,CMR,Cameroon,RUS,Russian Federation,2022,723.0,unesco_uis_opri_202602,official_or_reference,899.7416185000495,-176.74161850004953,176.74161850004953,modelled_structural_allocation_total_calibrated
ppml_russia_inbound_structural_allocation_v3,CMR,Cameroon,RUS,Russian Federation,2023,778.0,unesco_uis_opri_202602,official_or_reference,125.20299368107965,652.7970063189204,652.7970063189204,modelled_structural_allocation_total_calibrated
ppml_russia_inbound_structural_allocation_v3,COD,"Congo, The Democratic Republic of the",RUS,Russian Federation,2011,117.0,unesco_uis_opri_202602,official_or_reference,556.4798901793308,-439.4798901793308,439.4798901793308,modelled_structural_allocation_total_calibrated
ppml_russia_inbound_structural_allocation_v3,COD,"Congo, The Democratic Republic of the",RUS,Russian Federation,2014,84.0,unesco_uis_opri_202602,official_or_reference,64.64150488558309,19.35849511441691,19.35849511441691,modelled_structural_allocation_total_calibrated
ppml_russia_inbound_structural_allocation_v3,COD,"Congo, The Democratic Republic of the",RUS,Russian Federation,2016,113.0,unesco_uis_opri_202602,official_or_reference,16.252559078531633,96.74744092146837,96.74744092146837,modelled_structural_allocation_total_calibrated
ppml_russia_inbound_structural_allocation_v3,COD,"Congo, The Democratic Republic of the",RUS,Russian Federation,2017,196.0,unesco_uis_opri_202602,official_or_reference,898.6100461547127,-702.6100461547127,702.6100461547127,modelled_structural_allocation_total_calibrated
ppml_russia_inbound_structural_allocation_v3,COD,"Congo, The Democratic Republic of the",RUS,Russian Federation,2018,266.0,unesco_uis_opri_202602,official_or_reference,43.49935945393568,222.50064054606432,222.50064054606432,modelled_structural_allocation_total_calibrated
ppml_russia_inbound_structural_allocation_v3,COD,"Congo, The Democratic Republic of the",RUS,Russian Federation,2019,259.0,unesco_uis_opri_202602,official_or_reference,529.3217666802346,-270.32176668023465,270.32176668023465,modelled_structural_allocation_total_calibrated
ppml_russia_inbound_structural_allocation_v3,COD,"Congo, The Democratic Republic of the",RUS,Russian Federation,2020,515.0,unesco_uis_opri_202602,official_or_reference,74.28864938477133,440.71135061522864,440.71135061522864,modelled_structural_allocation_total_calibrated
ppml_russia_inbound_structural_allocation_v3,COD,"Congo, The Democratic Republic of the",RUS,Russian Federation,2021,467.0,unesco_uis_opri_202602,official_or_reference,385.42688283430135,81.57311716569865,81.57311716569865,modelled_structural_allocation_total_calibrated
ppml_russia_inbound_structural_allocation_v3,COD,"Congo, The Democratic Republic of the",RUS,Russian Federation,2022,463.0,unesco_uis_opri_202602,official_or_reference,6438.950407657305,-5975.950407657305,5975.950407657305,modelled_structural_allocation_total_calibrated
ppml_russia_inbound_structural_allocation_v3,COD,"Congo, The Democratic Republic of the",RUS,Russian Federation,2023,445.0,unesco_uis_opri_202602,official_or_reference,0.0037144159313505054,444.99628558406863,444.99628558406863,modelled_structural_allocation_total_calibrated
ppml_russia_inbound_structural_allocation_v3,COG,Congo,RUS,Russian Federation,2011,370.0,unesco_uis_opri_202602,official_or_reference,4992.336728513516,-4622.336728513516,4622.336728513516,modelled_structural_allocation_total_calibrated
ppml_russia_inbound_structural_allocation_v3,COG,Congo,RUS,Russian Federation,2014,237.0,unesco_uis_opri_202602,official_or_reference,79.56007174811809,157.4399282518819,157.4399282518819,modelled_structural_allocation_total_calibrated
ppml_russia_inbound_structural_allocation_v3,COG,Congo,RUS,Russian Federation,2016,311.0,unesco_uis_opri_202602,official_or_reference,1.4000072003298598,309.59999279967013,309.59999279967013,modelled_structural_allocation_total_calibrated
ppml_russia_inbound_structural_allocation_v3,COG,Congo,RUS,Russian Federation,2017,360.0,unesco_uis_opri_202602,official_or_reference,18.05617440029649,341.94382559970353,341.94382559970353,modelled_structural_allocation_total_calibrated
ppml_russia_inbound_structural_allocation_v3,COG,Congo,RUS,Russian Federation,2018,417.0,unesco_uis_opri_202602,official_or_reference,347.8068584949177,69.19314150508228,69.19314150508228,modelled_structural_allocation_total_calibrated
ppml_russia_inbound_structural_allocation_v3,COG,Congo,RUS,Russian Federation,2019,435.0,unesco_uis_opri_202602,official_or_reference,3251.2275586017313,-2816.2275586017313,2816.2275586017313,modelled_structural_allocation_total_calibrated
ppml_russia_inbound_structural_allocation_v3,COG,Congo,RUS,Russian Federation,2020,818.0,unesco_uis_opri_202602,official_or_reference,0.6211571444754033,817.3788428555246,817.3788428555246,modelled_structural_allocation_total_calibrated
ppml_russia_inbound_structural_allocation_v3,COG,Congo,RUS,Russian Federation,2021,770.0,unesco_uis_opri_202602,official_or_reference,206.3798775656072,563.6201224343928,563.6201224343928,modelled_structural_allocation_total_calibrated
ppml_russia_inbound_structural_allocation_v3,COG,Congo,RUS,Russian Federation,2022,726.0,unesco_uis_opri_202602,official_or_reference,251.5066254714533,474.4933745285467,474.4933745285467,modelled_structural_allocation_total_calibrated
ppml_russia_inbound_structural_allocation_v3,COG,Congo,RUS,Russian Federation,2023,665.0,unesco_uis_opri_202602,official_or_reference,1872.0811244172705,-1207.0811244172705,1207.0811244172705,modelled_structural_allocation_total_calibrated
ppml_russia_inbound_structural_allocation_v3,COK,Cook Islands,RUS,Russian Federation,2011,0.0,unesco_uis_opri_202602,official_or_reference,24.15207570864109,-24.15207570864109,24.15207570864109,modelled_structural_allocation_total_calibrated
ppml_russia_inbound_structural_allocation_v3,COK,Cook Islands,RUS,Russian Federation,2014,0.0,unesco_uis_opri_202602,official_or_reference,38521.147553009614,-38521.147553009614,38521.147553009614,modelled_structural_allocation_total_calibrated
ppml_russia_inbound_structural_allocation_v3,COK,Cook Islands,RUS,Russian Federation,2016,0.0,unesco_uis_opri_202602,official_or_reference,0.0009287690984534816,-0.0009287690984534816,0.0009287690984534816,modelled_structural_allocation_total_calibrated
ppml_russia_inbound_structural_allocation_v3,COK,Cook Islands,RUS,Russian Federation,2017,0.0,unesco_uis_opri_202602,official_or_reference,0.5101791481253127,-0.5101791481253127,0.5101791481253127,modelled_structural_allocation_total_calibrated
ppml_russia_inbound_structural_allocation_v3,COK,Cook Islands,RUS,Russian Federation,2018,0.0,unesco_uis_opri_202602,official_or_reference,522.3253950908735,-522.3253950908735,522.3253950908735,modelled_structural_allocation_total_calibrated
ppml_russia_inbound_structural_allocation_v3,COK,Cook Islands,RUS,Russian Federation,2019,0.0,unesco_uis_opri_202602,official_or_reference,0.3721037242900825,-0.3721037242900825,0.3721037242900825,modelled_structural_allocation_total_calibrated
ppml_russia_inbound_structural_allocation_v3,COK,Cook Islands,RUS,Russian Federation,2020,0.0,unesco_uis_opri_202602,official_or_reference,0.8501605656065804,-0.8501605656065804,0.8501605656065804,modelled_structural_allocation_total_calibrated
ppml_russia_inbound_structural_allocation_v3,COK,Cook Islands,RUS,Russian Federation,2021,0.0,unesco_uis_opri_202602,official_or_reference,1339.0195781262466,-1339.0195781262466,1339.0195781262466,modelled_structural_allocation_total_calibrated
ppml_russia_inbound_structural_allocation_v3,COK,Cook Islands,RUS,Russian Federation,2022,2.0,unesco_uis_opri_202602,official_or_reference,4.885455211118268,-2.885455211118268,2.885455211118268,modelled_structural_allocation_total_calibrated
ppml_russia_inbound_structural_allocation_v3,COK,Cook Islands,RUS,Russian Federation,2023,1.0,unesco_uis_opri_202602,official_or_reference,3.1583835535222073,-2.1583835535222073,2.1583835535222073,modelled_structural_allocation_total_calibrated
ppml_russia_inbound_structural_allocation_v3,COL,Colombia,RUS,Russian Federation,2011,108.0,unesco_uis_opri_202602,official_or_reference,749.7764544951688,-641.7764544951688,641.7764544951688,modelled_structural_allocation_total_calibrated
ppml_russia_inbound_structural_allocation_v3,COL,Colombia,RUS,Russian Federation,2014,82.0,unesco_uis_opri_202602,official_or_reference,130.4644183409362,-48.46441834093619,48.46441834093619,modelled_structural_allocation_total_calibrated
ppml_russia_inbound_structural_allocation_v3,COL,Colombia,RUS,Russian Federation,2016,159.0,unesco_uis_opri_202602,official_or_reference,158.0870635218008,0.9129364781992138,0.9129364781992138,modelled_structural_allocation_total_calibrated
ppml_russia_inbound_structural_allocation_v3,COL,Colombia,RUS,Russian Federation,2017,264.0,unesco_uis_opri_202602,official_or_reference,475.81852475941395,-211.81852475941395,211.81852475941395,modelled_structural_allocation_total_calibrated
ppml_russia_inbound_structural_allocation_v3,COL,Colombia,RUS,Russian Federation,2018,322.0,unesco_uis_opri_202602,official_or_reference,2.315614286572898,319.6843857134271,319.6843857134271,modelled_structural_allocation_total_calibrated
ppml_russia_inbound_structural_allocation_v3,COL,Colombia,RUS,Russian Federation,2019,472.0,unesco_uis_opri_202602,official_or_reference,1146.2606031071196,-674.2606031071196,674.2606031071196,modelled_structural_allocation_total_calibrated
ppml_russia_inbound_structural_allocation_v3,COL,Colombia,RUS,Russian Federation,2020,1148.0,unesco_uis_opri_202602,official_or_reference,420.5783365732843,727.4216634267157,727.4216634267157,modelled_structural_allocation_total_calibrated
ppml_russia_inbound_structural_allocation_v3,COL,Colombia,RUS,Russian Federation,2021,1188.0,unesco_uis_opri_202602,official_or_reference,0.022837809672296573,1187.9771621903276,1187.9771621903276,modelled_structural_allocation_total_calibrated
ppml_russia_inbound_structural_allocation_v3,COL,Colombia,RUS,Russian Federation,2022,1201.0,unesco_uis_opri_202602,official_or_reference,760.2797050907978,440.72029490920215,440.72029490920215,modelled_structural_allocation_total_calibrated
ppml_russia_inbound_structural_allocation_v3,COL,Colombia,RUS,Russian Federation,2023,1032.0,unesco_uis_opri_202602,official_or_reference,170.65765688383956,861.3423431161605,861.3423431161605,modelled_structural_allocation_total_calibrated
ppml_russia_inbound_structural_allocation_v3,COM,Comoros,RUS,Russian Federation,2011,3.0,unesco_uis_opri_202602,official_or_reference,307.16541212266577,-304.16541212266577,304.16541212266577,modelled_structural_allocation_total_calibrated
ppml_russia_inbound_structural_allocation_v3,COM,Comoros,RUS,Russian Federation,2014,0.0,unesco_uis_opri_202602,official_or_reference,123.83248118068666,-123.83248118068666,123.83248118068666,modelled_structural_allocation_total_calibrated
ppml_russia_inbound_structural_allocation_v3,COM,Comoros,RUS,Russian Federation,2016,0.0,unesco_uis_opri_202602,official_or_reference,3999.4130979438396,-3999.4130979438396,3999.4130979438396,modelled_structural_allocation_total_calibrated
ppml_russia_inbound_structural_allocation_v3,COM,Comoros,RUS,Russian Federation,2017,0.0,unesco_uis_opri_202602,official_or_reference,4.997319249135535,-4.997319249135535,4.997319249135535,modelled_structural_allocation_total_calibrated
ppml_russia_inbound_structural_allocation_v3,COM,Comoros,RUS,Russian Federation,2018,0.0,unesco_uis_opri_202602,official_or_reference,15.60947424016138,-15.60947424016138,15.60947424016138,modelled_structural_allocation_total_calibrated
ppml_russia_inbound_structural_allocation_v3,COM,Comoros,RUS,Russian Federation,2019,0.0,unesco_uis_opri_202602,official_or_reference,556.8907174070903,-556.8907174070903,556.8907174070903,modelled_structural_allocation_total_calibrated
ppml_russia_inbound_structural_allocation_v3,COM,Comoros,RUS,Russian Federation,2020,18.0,unesco_uis_opri_202602,official_or_reference,7881.349812484116,-7863.349812484116,7863.349812484116,modelled_structural_allocation_total_calibrated
ppml_russia_inbound_structural_allocation_v3,COM,Comoros,RUS,Russian Federation,2021,19.0,unesco_uis_opri_202602,official_or_reference,131.8782674349739,-112.8782674349739,112.8782674349739,modelled_structural_allocation_total_calibrated
ppml_russia_inbound_structural_allocation_v3,COM,Comoros,RUS,Russian Federation,2022,26.0,unesco_uis_opri_202602,official_or_reference,746.3133634329032,-720.3133634329032,720.3133634329032,modelled_structural_allocation_total_calibrated
ppml_russia_inbound_structural_allocation_v3,COM,Comoros,RUS,Russian Federation,2023,27.0,unesco_uis_opri_202602,official_or_reference,71.65079565093848,-44.65079565093848,44.65079565093848,modelled_structural_allocation_total_calibrated
ppml_russia_inbound_structural_allocation_v3,CPV,Cabo Verde,RUS,Russian Federation,2011,37.0,unesco_uis_opri_202602,official_or_reference,157.54101661517842,-120.54101661517842,120.54101661517842,modelled_structural_allocation_total_calibrated
ppml_russia_inbound_structural_allocation_v3,CPV,Cabo Verde,RUS,Russian Federation,2014,13.0,unesco_uis_opri_202602,official_or_reference,1134.12621845783,-1121.12621845783,1121.12621845783,modelled_structural_allocation_total_calibrated
ppml_russia_inbound_structural_allocation_v3,CPV,Cabo Verde,RUS,Russian Federation,2016,3.0,unesco_uis_opri_202602,official_or_reference,961.3306382020393,-958.3306382020393,958.3306382020393,modelled_structural_allocation_total_calibrated
ppml_russia_inbound_structural_allocation_v3,CPV,Cabo Verde,RUS,Russian Federation,2017,9.0,unesco_uis_opri_202602,official_or_reference,99.55109324594022,-90.55109324594022,90.55109324594022,modelled_structural_allocation_total_calibrated
ppml_russia_inbound_structural_allocation_v3,CPV,Cabo Verde,RUS,Russian Federation,2018,4.0,unesco_uis_opri_202602,official_or_reference,4.438030036962707,-0.43803003696270704,0.43803003696270704,modelled_structural_allocation_total_calibrated
ppml_russia_inbound_structural_allocation_v3,CPV,Cabo Verde,RUS,Russian Federation,2019,3.0,unesco_uis_opri_202602,official_or_reference,532.2882643832525,-529.2882643832525,529.2882643832525,modelled_structural_allocation_total_calibrated
ppml_russia_inbound_structural_allocation_v3,CPV,Cabo Verde,RUS,Russian Federation,2020,31.0,unesco_uis_opri_202602,official_or_reference,20149.84866717834,-20118.84866717834,20118.84866717834,modelled_structural_allocation_total_calibrated
ppml_russia_inbound_structural_allocation_v3,CPV,Cabo Verde,RUS,Russian Federation,2021,29.0,unesco_uis_opri_202602,official_or_reference,5.7647676596072595,23.23523234039274,23.23523234039274,modelled_structural_allocation_total_calibrated
ppml_russia_inbound_structural_allocation_v3,CPV,Cabo Verde,RUS,Russian Federation,2022,27.0,unesco_uis_opri_202602,official_or_reference,12.45715769981852,14.54284230018148,14.54284230018148,modelled_structural_allocation_total_calibrated
ppml_russia_inbound_structural_allocation_v3,CPV,Cabo Verde,RUS,Russian Federation,2023,28.0,unesco_uis_opri_202602,official_or_reference,218.26776766712456,-190.26776766712456,190.26776766712456,modelled_structural_allocation_total_calibrated
ppml_russia_inbound_structural_allocation_v3,CRI,Costa Rica,RUS,Russian Federation,2011,11.0,unesco_uis_opri_202602,official_or_reference,363.83159009169816,-352.83159009169816,352.83159009169816,modelled_structural_allocation_total_calibrated
ppml_russia_inbound_structural_allocation_v3,CRI,Costa Rica,RUS,Russian Federation,2014,5.0,unesco_uis_opri_202602,official_or_reference,4.601809305699724,0.3981906943002764,0.3981906943002764,modelled_structural_allocation_total_calibrated
ppml_russia_inbound_structural_allocation_v3,CRI,Costa Rica,RUS,Russian Federation,2016,3.0,unesco_uis_opri_202602,official_or_reference,53.322429115057474,-50.322429115057474,50.322429115057474,modelled_structural_allocation_total_calibrated
ppml_russia_inbound_structural_allocation_v3,CRI,Costa Rica,RUS,Russian Federation,2017,2.0,unesco_uis_opri_202602,official_or_reference,99.0397940379587,-97.0397940379587,97.0397940379587,modelled_structural_allocation_total_calibrated
ppml_russia_inbound_structural_allocation_v3,CRI,Costa Rica,RUS,Russian Federation,2018,4.0,unesco_uis_opri_202602,official_or_reference,18.3832331531701,-14.3832331531701,14.3832331531701,modelled_structural_allocation_total_calibrated
ppml_russia_inbound_structural_allocation_v3,CRI,Costa Rica,RUS,Russian Federation,2019,5.0,unesco_uis_opri_202602,official_or_reference,44.048576219867435,-39.048576219867435,39.048576219867435,modelled_structural_allocation_total_calibrated
ppml_russia_inbound_structural_allocation_v3,CRI,Costa Rica,RUS,Russian Federation,2020,41.0,unesco_uis_opri_202602,official_or_reference,8.899927465267838,32.10007253473216,32.10007253473216,modelled_structural_allocation_total_calibrated
ppml_russia_inbound_structural_allocation_v3,CRI,Costa Rica,RUS,Russian Federation,2021,45.0,unesco_uis_opri_202602,official_or_reference,532.2170094010182,-487.21700940101823,487.21700940101823,modelled_structural_allocation_total_calibrated
ppml_russia_inbound_structural_allocation_v3,CRI,Costa Rica,RUS,Russian Federation,2022,46.0,unesco_uis_opri_202602,official_or_reference,47.64561780220785,-1.6456178022078518,1.6456178022078518,modelled_structural_allocation_total_calibrated
ppml_russia_inbound_structural_allocation_v3,CRI,Costa Rica,RUS,Russian Federation,2023,37.0,unesco_uis_opri_202602,official_or_reference,16001.229297689219,-15964.229297689219,15964.229297689219,modelled_structural_allocation_total_calibrated
ppml_russia_inbound_structural_allocation_v3,CUB,Cuba,RUS,Russian Federation,2011,11.0,unesco_uis_opri_202602,official_or_reference,118.09435197224187,-107.09435197224187,107.09435197224187,modelled_structural_allocation_total_calibrated
ppml_russia_inbound_structural_allocation_v3,CUB,Cuba,RUS,Russian Federation,2014,9.0,unesco_uis_opri_202602,official_or_reference,131.2604301734682,-122.2604301734682,122.2604301734682,modelled_structural_allocation_total_calibrated
ppml_russia_inbound_structural_allocation_v3,CUB,Cuba,RUS,Russian Federation,2016,30.0,unesco_uis_opri_202602,official_or_reference,207.64419174223386,-177.64419174223386,177.64419174223386,modelled_structural_allocation_total_calibrated
ppml_russia_inbound_structural_allocation_v3,CUB,Cuba,RUS,Russian Federation,2017,26.0,unesco_uis_opri_202602,official_or_reference,185.0539111394745,-159.0539111394745,159.0539111394745,modelled_structural_allocation_total_calibrated
ppml_russia_inbound_structural_allocation_v3,CUB,Cuba,RUS,Russian Federation,2018,15.0,unesco_uis_opri_202602,official_or_reference,0.4320846927923032,14.567915307207697,14.567915307207697,modelled_structural_allocation_total_calibrated
ppml_russia_inbound_structural_allocation_v3,CUB,Cuba,RUS,Russian Federation,2019,20.0,unesco_uis_opri_202602,official_or_reference,159.27030210870933,-139.27030210870933,139.27030210870933,modelled_structural_allocation_total_calibrated
ppml_russia_inbound_structural_allocation_v3,CUB,Cuba,RUS,Russian Federation,2020,238.0,unesco_uis_opri_202602,official_or_reference,85.83739004561134,152.16260995438864,152.16260995438864,modelled_structural_allocation_total_calibrated
ppml_russia_inbound_structural_allocation_v3,CUB,Cuba,RUS,Russian Federation,2021,253.0,unesco_uis_opri_202602,official_or_reference,18.692320864871814,234.30767913512818,234.30767913512818,modelled_structural_allocation_total_calibrated
ppml_russia_inbound_structural_allocation_v3,CUB,Cuba,RUS,Russian Federation,2022,293.0,unesco_uis_opri_202602,official_or_reference,15.678626080859132,277.32137391914085,277.32137391914085,modelled_structural_allocation_total_calibrated
ppml_russia_inbound_structural_allocation_v3,CUB,Cuba,RUS,Russian Federation,2023,292.0,unesco_uis_opri_202602,official_or_reference,65.99312742193156,226.00687257806845,226.00687257806845,modelled_structural_allocation_total_calibrated
ppml_russia_inbound_structural_allocation_v3,CYM,Cayman Islands,RUS,Russian Federation,2011,0.0,unesco_uis_opri_202602,official_or_reference,0.8677819208270302,-0.8677819208270302,0.8677819208270302,modelled_structural_allocation_total_calibrated
ppml_russia_inbound_structural_allocation_v3,CYM,Cayman Islands,RUS,Russian Federation,2014,0.0,unesco_uis_opri_202602,official_or_reference,876.126569244585,-876.126569244585,876.126569244585,modelled_structural_allocation_total_calibrated
ppml_russia_inbound_structural_allocation_v3,CYM,Cayman Islands,RUS,Russian Federation,2016,0.0,unesco_uis_opri_202602,official_or_reference,673.1546392196935,-673.1546392196935,673.1546392196935,modelled_structural_allocation_total_calibrated
ppml_russia_inbound_structural_allocation_v3,CYM,Cayman Islands,RUS,Russian Federation,2017,0.0,unesco_uis_opri_202602,official_or_reference,3643.733682149975,-3643.733682149975,3643.733682149975,modelled_structural_allocation_total_calibrated
ppml_russia_inbound_structural_allocation_v3,CYM,Cayman Islands,RUS,Russian Federation,2018,0.0,unesco_uis_opri_202602,official_or_reference,229.57756368348245,-229.57756368348245,229.57756368348245,modelled_structural_allocation_total_calibrated
ppml_russia_inbound_structural_allocation_v3,CYM,Cayman Islands,RUS,Russian Federation,2019,0.0,unesco_uis_opri_202602,official_or_reference,0.9754146730167762,-0.9754146730167762,0.9754146730167762,modelled_structural_allocation_total_calibrated
ppml_russia_inbound_structural_allocation_v3,CYM,Cayman Islands,RUS,Russian Federation,2020,0.0,unesco_uis_opri_202602,official_or_reference,390.184945128718,-390.184945128718,390.184945128718,modelled_structural_allocation_total_calibrated
ppml_russia_inbound_structural_allocation_v3,CYM,Cayman Islands,RUS,Russian Federation,2021,0.0,unesco_uis_opri_202602,official_or_reference,38.83564772439247,-38.83564772439247,38.83564772439247,modelled_structural_allocation_total_calibrated
ppml_russia_inbound_structural_allocation_v3,CYM,Cayman Islands,RUS,Russian Federation,2022,0.0,unesco_uis_opri_202602,official_or_reference,697.6858702118783,-697.6858702118783,697.6858702118783,modelled_structural_allocation_total_calibrated
ppml_russia_inbound_structural_allocation_v3,CYM,Cayman Islands,RUS,Russian Federation,2023,0.0,unesco_uis_opri_202602,official_or_reference,146.680942805882,-146.680942805882,146.680942805882,modelled_structural_allocation_total_calibrated
ppml_russia_inbound_structural_allocation_v3,CYP,Cyprus,RUS,Russian Federation,2011,36.0,unesco_uis_opri_202602,official_or_reference,1062.094506272369,-1026.094506272369,1026.094506272369,modelled_structural_allocation_total_calibrated
ppml_russia_inbound_structural_allocation_v3,CYP,Cyprus,RUS,Russian Federation,2014,21.0,unesco_uis_opri_202602,official_or_reference,104.73898342267869,-83.73898342267869,83.73898342267869,modelled_structural_allocation_total_calibrated
ppml_russia_inbound_structural_allocation_v3,CYP,Cyprus,RUS,Russian Federation,2016,35.0,unesco_uis_opri_202602,official_or_reference,1911.5827733041044,-1876.5827733041044,1876.5827733041044,modelled_structural_allocation_total_calibrated
ppml_russia_inbound_structural_allocation_v3,CYP,Cyprus,RUS,Russian Federation,2017,41.0,unesco_uis_opri_202602,official_or_reference,364.2610070635367,-323.2610070635367,323.2610070635367,modelled_structural_allocation_total_calibrated
ppml_russia_inbound_structural_allocation_v3,CYP,Cyprus,RUS,Russian Federation,2018,45.0,unesco_uis_opri_202602,official_or_reference,247.164223601597,-202.164223601597,202.164223601597,modelled_structural_allocation_total_calibrated
ppml_russia_inbound_structural_allocation_v3,CYP,Cyprus,RUS,Russian Federation,2019,42.0,unesco_uis_opri_202602,official_or_reference,498.76554428577936,-456.76554428577936,456.76554428577936,modelled_structural_allocation_total_calibrated
ppml_russia_inbound_structural_allocation_v3,CYP,Cyprus,RUS,Russian Federation,2020,59.0,unesco_uis_opri_202602,official_or_reference,7.266334487874176,51.733665512125825,51.733665512125825,modelled_structural_allocation_total_calibrated
ppml_russia_inbound_structural_allocation_v3,CYP,Cyprus,RUS,Russian Federation,2021,61.0,unesco_uis_opri_202602,official_or_reference,2795.789323297373,-2734.789323297373,2734.789323297373,modelled_structural_allocation_total_calibrated
ppml_russia_inbound_structural_allocation_v3,CYP,Cyprus,RUS,Russian Federation,2022,67.0,unesco_uis_opri_202602,official_or_reference,0.1840644065420654,66.81593559345794,66.81593559345794,modelled_structural_allocation_total_calibrated
ppml_russia_inbound_structural_allocation_v3,CYP,Cyprus,RUS,Russian Federation,2023,53.0,unesco_uis_opri_202602,official_or_reference,27.00699271289544,25.99300728710456,25.99300728710456,modelled_structural_allocation_total_calibrated
ppml_russia_inbound_structural_allocation_v3,CZE,Czechia,RUS,Russian Federation,2011,21.0,unesco_uis_opri_202602,official_or_reference,1407.9453501807309,-1386.9453501807309,1386.9453501807309,modelled_structural_allocation_total_calibrated
ppml_russia_inbound_structural_allocation_v3,CZE,Czechia,RUS,Russian Federation,2014,44.0,unesco_uis_opri_202602,official_or_reference,586.2006950340921,-542.2006950340921,542.2006950340921,modelled_structural_allocation_total_calibrated
ppml_russia_inbound_structural_allocation_v3,CZE,Czechia,RUS,Russian Federation,2016,65.0,unesco_uis_opri_202602,official_or_reference,112.70709088256493,-47.70709088256493,47.70709088256493,modelled_structural_allocation_total_calibrated
ppml_russia_inbound_structural_allocation_v3,CZE,Czechia,RUS,Russian Federation,2017,22.0,unesco_uis_opri_202602,official_or_reference,13.68012841245586,8.31987158754414,8.31987158754414,modelled_structural_allocation_total_calibrated
ppml_russia_inbound_structural_allocation_v3,CZE,Czechia,RUS,Russian Federation,2018,24.0,unesco_uis_opri_202602,official_or_reference,104.94587992315707,-80.94587992315707,80.94587992315707,modelled_structural_allocation_total_calibrated
ppml_russia_inbound_structural_allocation_v3,CZE,Czechia,RUS,Russian Federation,2019,29.0,unesco_uis_opri_202602,official_or_reference,63.7034440831293,-34.7034440831293,34.7034440831293,modelled_structural_allocation_total_calibrated
ppml_russia_inbound_structural_allocation_v3,CZE,Czechia,RUS,Russian Federation,2020,38.0,unesco_uis_opri_202602,official_or_reference,25.605127929381858,12.394872070618142,12.394872070618142,modelled_structural_allocation_total_calibrated
ppml_russia_inbound_structural_allocation_v3,CZE,Czechia,RUS,Russian Federation,2021,52.0,unesco_uis_opri_202602,official_or_reference,39.58121928851958,12.418780711480423,12.418780711480423,modelled_structural_allocation_total_calibrated
ppml_russia_inbound_structural_allocation_v3,CZE,Czechia,RUS,Russian Federation,2022,36.0,unesco_uis_opri_202602,official_or_reference,1545.8316544511179,-1509.8316544511179,1509.8316544511179,modelled_structural_allocation_total_calibrated
ppml_russia_inbound_structural_allocation_v3,CZE,Czechia,RUS,Russian Federation,2023,28.0,unesco_uis_opri_202602,official_or_reference,2.829417590024526,25.170582409975474,25.170582409975474,modelled_structural_allocation_total_calibrated
ppml_russia_inbound_structural_allocation_v3,DEU,Germany,RUS,Russian Federation,2011,197.0,unesco_uis_opri_202602,official_or_reference,51.529481814100734,145.47051818589927,145.47051818589927,modelled_structural_allocation_total_calibrated
ppml_russia_inbound_structural_allocation_v3,DEU,Germany,RUS,Russian Federation,2014,183.0,unesco_uis_opri_202602,official_or_reference,26.205290664255074,156.79470933574493,156.79470933574493,modelled_structural_allocation_total_calibrated
ppml_russia_inbound_structural_allocation_v3,DEU,Germany,RUS,Russian Federation,2016,299.0,unesco_uis_opri_202602,official_or_reference,147.39230743350183,151.60769256649817,151.60769256649817,modelled_structural_allocation_total_calibrated
ppml_russia_inbound_structural_allocation_v3,DEU,Germany,RUS,Russian Federation,2017,316.0,unesco_uis_opri_202602,official_or_reference,33.38598866971609,282.6140113302839,282.6140113302839,modelled_structural_allocation_total_calibrated
ppml_russia_inbound_structural_allocation_v3,DEU,Germany,RUS,Russian Federation,2018,313.0,unesco_uis_opri_202602,official_or_reference,465.39676545752764,-152.39676545752764,152.39676545752764,modelled_structural_allocation_total_calibrated
ppml_russia_inbound_structural_allocation_v3,DEU,Germany,RUS,Russian Federation,2019,361.0,unesco_uis_opri_202602,official_or_reference,146.6001125240156,214.3998874759844,214.3998874759844,modelled_structural_allocation_total_calibrated
ppml_russia_inbound_structural_allocation_v3,DEU,Germany,RUS,Russian Federation,2020,281.0,unesco_uis_opri_202602,official_or_reference,713.3183580496361,-432.3183580496361,432.3183580496361,modelled_structural_allocation_total_calibrated
ppml_russia_inbound_structural_allocation_v3,DEU,Germany,RUS,Russian Federation,2021,337.0,unesco_uis_opri_202602,official_or_reference,858.4966780683113,-521.4966780683113,521.4966780683113,modelled_structural_allocation_total_calibrated
ppml_russia_inbound_structural_allocation_v3,DEU,Germany,RUS,Russian Federation,2022,226.0,unesco_uis_opri_202602,official_or_reference,6809.941109839096,-6583.941109839096,6583.941109839096,modelled_structural_allocation_total_calibrated
ppml_russia_inbound_structural_allocation_v3,DEU,Germany,RUS,Russian Federation,2023,180.0,unesco_uis_opri_202602,official_or_reference,430.97249459262946,-250.97249459262946,250.97249459262946,modelled_structural_allocation_total_calibrated
ppml_russia_inbound_structural_allocation_v3,DJI,Djibouti,RUS,Russian Federation,2011,1.0,unesco_uis_opri_202602,official_or_reference,1730.3469106653624,-1729.3469106653624,1729.3469106653624,modelled_structural_allocation_total_calibrated
ppml_russia_inbound_structural_allocation_v3,DJI,Djibouti,RUS,Russian Federation,2014,2.0,unesco_uis_opri_202602,official_or_reference,1428.8453089760644,-1426.8453089760644,1426.8453089760644,modelled_structural_allocation_total_calibrated
ppml_russia_inbound_structural_allocation_v3,DJI,Djibouti,RUS,Russian Federation,2016,2.0,unesco_uis_opri_202602,official_or_reference,119.64813614126537,-117.64813614126537,117.64813614126537,modelled_structural_allocation_total_calibrated
ppml_russia_inbound_structural_allocation_v3,DJI,Djibouti,RUS,Russian Federation,2017,4.0,unesco_uis_opri_202602,official_or_reference,9.182986066940789,-5.182986066940789,5.182986066940789,modelled_structural_allocation_total_calibrated
ppml_russia_inbound_structural_allocation_v3,DJI,Djibouti,RUS,Russian Federation,2018,4.0,unesco_uis_opri_202602,official_or_reference,3028.950940187656,-3024.950940187656,3024.950940187656,modelled_structural_allocation_total_calibrated
ppml_russia_inbound_structural_allocation_v3,DJI,Djibouti,RUS,Russian Federation,2019,6.0,unesco_uis_opri_202602,official_or_reference,29.774095152830096,-23.774095152830096,23.774095152830096,modelled_structural_allocation_total_calibrated
ppml_russia_inbound_structural_allocation_v3,DJI,Djibouti,RUS,Russian Federation,2020,43.0,unesco_uis_opri_202602,official_or_reference,365.1781756860064,-322.1781756860064,322.1781756860064,modelled_structural_allocation_total_calibrated
ppml_russia_inbound_structural_allocation_v3,DJI,Djibouti,RUS,Russian Federation,2021,43.0,unesco_uis_opri_202602,official_or_reference,90.82260155226146,-47.82260155226146,47.82260155226146,modelled_structural_allocation_total_calibrated
ppml_russia_inbound_structural_allocation_v3,DJI,Djibouti,RUS,Russian Federation,2022,34.0,unesco_uis_opri_202602,official_or_reference,12325.83584358719,-12291.83584358719,12291.83584358719,modelled_structural_allocation_total_calibrated
ppml_russia_inbound_structural_allocation_v3,DJI,Djibouti,RUS,Russian Federation,2023,25.0,unesco_uis_opri_202602,official_or_reference,209.02277243991273,-184.02277243991273,184.02277243991273,modelled_structural_allocation_total_calibrated
ppml_russia_inbound_structural_allocation_v3,DMA,Dominica,RUS,Russian Federation,2011,4.0,unesco_uis_opri_202602,official_or_reference,2570.7893200206386,-2566.7893200206386,2566.7893200206386,modelled_structural_allocation_total_calibrated
ppml_russia_inbound_structural_allocation_v3,DMA,Dominica,RUS,Russian Federation,2014,0.0,unesco_uis_opri_202602,official_or_reference,229.7301621557062,-229.7301621557062,229.7301621557062,modelled_structural_allocation_total_calibrated
ppml_russia_inbound_structural_allocation_v3,DMA,Dominica,RUS,Russian Federation,2016,0.0,unesco_uis_opri_202602,official_or_reference,1.51195527322976,-1.51195527322976,1.51195527322976,modelled_structural_allocation_total_calibrated
ppml_russia_inbound_structural_allocation_v3,DMA,Dominica,RUS,Russian Federation,2017,0.0,unesco_uis_opri_202602,official_or_reference,1.711030641029138,-1.711030641029138,1.711030641029138,modelled_structural_allocation_total_calibrated
ppml_russia_inbound_structural_allocation_v3,DMA,Dominica,RUS,Russian Federation,2018,0.0,unesco_uis_opri_202602,official_or_reference,270.38999948653185,-270.38999948653185,270.38999948653185,modelled_structural_allocation_total_calibrated
ppml_russia_inbound_structural_allocation_v3,DMA,Dominica,RUS,Russian Federation,2019,3.0,unesco_uis_opri_202602,official_or_reference,309.74603789808447,-306.74603789808447,306.74603789808447,modelled_structural_allocation_total_calibrated
ppml_russia_inbound_structural_allocation_v3,DMA,Dominica,RUS,Russian Federation,2020,2.0,unesco_uis_opri_202602,official_or_reference,130.5227833038408,-128.5227833038408,128.5227833038408,modelled_structural_allocation_total_calibrated
ppml_russia_inbound_structural_allocation_v3,DMA,Dominica,RUS,Russian Federation,2021,4.0,unesco_uis_opri_202602,official_or_reference,329.0408349742108,-325.0408349742108,325.0408349742108,modelled_structural_allocation_total_calibrated
ppml_russia_inbound_structural_allocation_v3,DMA,Dominica,RUS,Russian Federation,2022,1.0,unesco_uis_opri_202602,official_or_reference,12.963316814049765,-11.963316814049765,11.963316814049765,modelled_structural_allocation_total_calibrated
ppml_russia_inbound_structural_allocation_v3,DMA,Dominica,RUS,Russian Federation,2023,2.0,unesco_uis_opri_202602,official_or_reference,220.8879201644015,-218.8879201644015,218.8879201644015,modelled_structural_allocation_total_calibrated
ppml_russia_inbound_structural_allocation_v3,DNK,Denmark,RUS,Russian Federation,2011,2.0,unesco_uis_opri_202602,official_or_reference,9.16145924440378,-7.16145924440378,7.16145924440378,modelled_structural_allocation_total_calibrated
ppml_russia_inbound_structural_allocation_v3,DNK,Denmark,RUS,Russian Federation,2014,2.0,unesco_uis_opri_202602,official_or_reference,62.766138057663404,-60.766138057663404,60.766138057663404,modelled_structural_allocation_total_calibrated
ppml_russia_inbound_structural_allocation_v3,DNK,Denmark,RUS,Russian Federation,2016,6.0,unesco_uis_opri_202602,official_or_reference,356.6384579955916,-350.6384579955916,350.6384579955916,modelled_structural_allocation_total_calibrated
ppml_russia_inbound_structural_allocation_v3,DNK,Denmark,RUS,Russian Federation,2017,6.0,unesco_uis_opri_202602,official_or_reference,45.08263491734937,-39.08263491734937,39.08263491734937,modelled_structural_allocation_total_calibrated
ppml_russia_inbound_structural_allocation_v3,DNK,Denmark,RUS,Russian Federation,2018,10.0,unesco_uis_opri_202602,official_or_reference,686.3700127475686,-676.3700127475686,676.3700127475686,modelled_structural_allocation_total_calibrated
ppml_russia_inbound_structural_allocation_v3,DNK,Denmark,RUS,Russian Federation,2019,25.0,unesco_uis_opri_202602,official_or_reference,937.0958139791006,-912.0958139791006,912.0958139791006,modelled_structural_allocation_total_calibrated
ppml_russia_inbound_structural_allocation_v3,DNK,Denmark,RUS,Russian Federation,2020,15.0,unesco_uis_opri_202602,official_or_reference,450.8379176778234,-435.8379176778234,435.8379176778234,modelled_structural_allocation_total_calibrated
ppml_russia_inbound_structural_allocation_v3,DNK,Denmark,RUS,Russian Federation,2021,13.0,unesco_uis_opri_202602,official_or_reference,19.632149470462426,-6.632149470462426,6.632149470462426,modelled_structural_allocation_total_calibrated
ppml_russia_inbound_structural_allocation_v3,DNK,Denmark,RUS,Russian Federation,2022,5.0,unesco_uis_opri_202602,official_or_reference,749.1005979642237,-744.1005979642237,744.1005979642237,modelled_structural_allocation_total_calibrated
ppml_russia_inbound_structural_allocation_v3,DNK,Denmark,RUS,Russian Federation,2023,10.0,unesco_uis_opri_202602,official_or_reference,7.153340920338953,2.8466590796610474,2.8466590796610474,modelled_structural_allocation_total_calibrated
ppml_russia_inbound_structural_allocation_v3,DOM,Dominican Republic,RUS,Russian Federation,2011,12.0,unesco_uis_opri_202602,official_or_reference,991.4301976171366,-979.4301976171366,979.4301976171366,modelled_structural_allocation_total_calibrated
ppml_russia_inbound_structural_allocation_v3,DOM,Dominican Republic,RUS,Russian Federation,2014,6.0,unesco_uis_opri_202602,official_or_reference,100.81787604091166,-94.81787604091166,94.81787604091166,modelled_structural_allocation_total_calibrated
ppml_russia_inbound_structural_allocation_v3,DOM,Dominican Republic,RUS,Russian Federation,2016,4.0,unesco_uis_opri_202602,official_or_reference,35.03873109611697,-31.03873109611697,31.03873109611697,modelled_structural_allocation_total_calibrated
ppml_russia_inbound_structural_allocation_v3,DOM,Dominican Republic,RUS,Russian Federation,2017,6.0,unesco_uis_opri_202602,official_or_reference,160.10635489050537,-154.10635489050537,154.10635489050537,modelled_structural_allocation_total_calibrated
ppml_russia_inbound_structural_allocation_v3,DOM,Dominican Republic,RUS,Russian Federation,2018,8.0,unesco_uis_opri_202602,official_or_reference,0.1025167123900563,7.897483287609944,7.897483287609944,modelled_structural_allocation_total_calibrated
ppml_russia_inbound_structural_allocation_v3,DOM,Dominican Republic,RUS,Russian Federation,2019,10.0,unesco_uis_opri_202602,official_or_reference,224.87483712657686,-214.87483712657686,214.87483712657686,modelled_structural_allocation_total_calibrated
ppml_russia_inbound_structural_allocation_v3,DOM,Dominican Republic,RUS,Russian Federation,2020,75.0,unesco_uis_opri_202602,official_or_reference,227.5388569698584,-152.5388569698584,152.5388569698584,modelled_structural_allocation_total_calibrated
ppml_russia_inbound_structural_allocation_v3,DOM,Dominican Republic,RUS,Russian Federation,2021,73.0,unesco_uis_opri_202602,official_or_reference,5.567315547798383,67.43268445220161,67.43268445220161,modelled_structural_allocation_total_calibrated
ppml_russia_inbound_structural_allocation_v3,DOM,Dominican Republic,RUS,Russian Federation,2022,73.0,unesco_uis_opri_202602,official_or_reference,457.4859328299832,-384.4859328299832,384.4859328299832,modelled_structural_allocation_total_calibrated
ppml_russia_inbound_structural_allocation_v3,DOM,Dominican Republic,RUS,Russian Federation,2023,52.0,unesco_uis_opri_202602,official_or_reference,233.0034888552163,-181.0034888552163,181.0034888552163,modelled_structural_allocation_total_calibrated
ppml_russia_inbound_structural_allocation_v3,DZA,Algeria,RUS,Russian Federation,2011,131.0,unesco_uis_opri_202602,official_or_reference,124.96354200819165,6.036457991808348,6.036457991808348,modelled_structural_allocation_total_calibrated
ppml_russia_inbound_structural_allocation_v3,DZA,Algeria,RUS,Russian Federation,2014,133.0,unesco_uis_opri_202602,official_or_reference,100.18339078185043,32.816609218149566,32.816609218149566,modelled_structural_allocation_total_calibrated
ppml_russia_inbound_structural_allocation_v3,DZA,Algeria,RUS,Russian Federation,2016,181.0,unesco_uis_opri_202602,official_or_reference,97.46486650159255,83.53513349840745,83.53513349840745,modelled_structural_allocation_total_calibrated
ppml_russia_inbound_structural_allocation_v3,DZA,Algeria,RUS,Russian Federation,2017,246.0,unesco_uis_opri_202602,official_or_reference,0.2964494821286898,245.70355051787132,245.70355051787132,modelled_structural_allocation_total_calibrated
ppml_russia_inbound_structural_allocation_v3,DZA,Algeria,RUS,Russian Federation,2018,396.0,unesco_uis_opri_202602,official_or_reference,34.9867665074976,361.0132334925024,361.0132334925024,modelled_structural_allocation_total_calibrated
ppml_russia_inbound_structural_allocation_v3,DZA,Algeria,RUS,Russian Federation,2019,547.0,unesco_uis_opri_202602,official_or_reference,234.8743158175657,312.12568418243427,312.12568418243427,modelled_structural_allocation_total_calibrated
ppml_russia_inbound_structural_allocation_v3,DZA,Algeria,RUS,Russian Federation,2020,1407.0,unesco_uis_opri_202602,official_or_reference,386.7471659313019,1020.2528340686981,1020.2528340686981,modelled_structural_allocation_total_calibrated
ppml_russia_inbound_structural_allocation_v3,DZA,Algeria,RUS,Russian Federation,2021,1404.0,unesco_uis_opri_202602,official_or_reference,45.92012545063484,1358.079874549365,1358.079874549365,modelled_structural_allocation_total_calibrated
ppml_russia_inbound_structural_allocation_v3,DZA,Algeria,RUS,Russian Federation,2022,1524.0,unesco_uis_opri_202602,official_or_reference,286.0657528848415,1237.9342471151585,1237.9342471151585,modelled_structural_allocation_total_calibrated
ppml_russia_inbound_structural_allocation_v3,DZA,Algeria,RUS,Russian Federation,2023,1558.0,unesco_uis_opri_202602,official_or_reference,844.8406493424968,713.1593506575032,713.1593506575032,modelled_structural_allocation_total_calibrated
ppml_russia_inbound_structural_allocation_v3,ECU,Ecuador,RUS,Russian Federation,2011,193.0,unesco_uis_opri_202602,official_or_reference,157.59945407923183,35.40054592076817,35.40054592076817,modelled_structural_allocation_total_calibrated
ppml_russia_inbound_structural_allocation_v3,ECU,Ecuador,RUS,Russian Federation,2014,61.0,unesco_uis_opri_202602,official_or_reference,0.0030506069857059634,60.9969493930143,60.9969493930143,modelled_structural_allocation_total_calibrated
ppml_russia_inbound_structural_allocation_v3,ECU,Ecuador,RUS,Russian Federation,2016,142.0,unesco_uis_opri_202602,official_or_reference,872.038028283077,-730.038028283077,730.038028283077,modelled_structural_allocation_total_calibrated
ppml_russia_inbound_structural_allocation_v3,ECU,Ecuador,RUS,Russian Federation,2017,138.0,unesco_uis_opri_202602,official_or_reference,517.4867492123892,-379.4867492123892,379.4867492123892,modelled_structural_allocation_total_calibrated
ppml_russia_inbound_structural_allocation_v3,ECU,Ecuador,RUS,Russian Federation,2018,319.0,unesco_uis_opri_202602,official_or_reference,716.526304328837,-397.526304328837,397.526304328837,modelled_structural_allocation_total_calibrated
ppml_russia_inbound_structural_allocation_v3,ECU,Ecuador,RUS,Russian Federation,2019,456.0,unesco_uis_opri_202602,official_or_reference,0.04676344400881752,455.95323655599117,455.95323655599117,modelled_structural_allocation_total_calibrated
ppml_russia_inbound_structural_allocation_v3,ECU,Ecuador,RUS,Russian Federation,2020,1500.0,unesco_uis_opri_202602,official_or_reference,9.028230975499502,1490.9717690245004,1490.9717690245004,modelled_structural_allocation_total_calibrated
ppml_russia_inbound_structural_allocation_v3,ECU,Ecuador,RUS,Russian Federation,2021,1640.0,unesco_uis_opri_202602,official_or_reference,375.9819768489465,1264.0180231510535,1264.0180231510535,modelled_structural_allocation_total_calibrated
ppml_russia_inbound_structural_allocation_v3,ECU,Ecuador,RUS,Russian Federation,2022,1677.0,unesco_uis_opri_202602,official_or_reference,4283.313552066591,-2606.313552066591,2606.313552066591,modelled_structural_allocation_total_calibrated
ppml_russia_inbound_structural_allocation_v3,ECU,Ecuador,RUS,Russian Federation,2023,1446.0,unesco_uis_opri_202602,official_or_reference,13.795675637970858,1432.2043243620292,1432.2043243620292,modelled_structural_allocation_total_calibrated
ppml_russia_inbound_structural_allocation_v3,EGY,Egypt,RUS,Russian Federation,2011,80.0,unesco_uis_opri_202602,official_or_reference,241.91596785788198,-161.91596785788198,161.91596785788198,modelled_structural_allocation_total_calibrated
ppml_russia_inbound_structural_allocation_v3,EGY,Egypt,RUS,Russian Federation,2014,114.0,unesco_uis_opri_202602,official_or_reference,445.65059589893133,-331.65059589893133,331.65059589893133,modelled_structural_allocation_total_calibrated
ppml_russia_inbound_structural_allocation_v3,EGY,Egypt,RUS,Russian Federation,2016,313.0,unesco_uis_opri_202602,official_or_reference,0.01644860758433365,312.9835513924157,312.9835513924157,modelled_structural_allocation_total_calibrated
ppml_russia_inbound_structural_allocation_v3,EGY,Egypt,RUS,Russian Federation,2017,660.0,unesco_uis_opri_202602,official_or_reference,100.77570353872436,559.2242964612757,559.2242964612757,modelled_structural_allocation_total_calibrated
ppml_russia_inbound_structural_allocation_v3,EGY,Egypt,RUS,Russian Federation,2018,1447.0,unesco_uis_opri_202602,official_or_reference,1822.9893301653226,-375.9893301653226,375.9893301653226,modelled_structural_allocation_total_calibrated
ppml_russia_inbound_structural_allocation_v3,EGY,Egypt,RUS,Russian Federation,2019,2252.0,unesco_uis_opri_202602,official_or_reference,221.04509949930224,2030.9549005006977,2030.9549005006977,modelled_structural_allocation_total_calibrated
ppml_russia_inbound_structural_allocation_v3,EGY,Egypt,RUS,Russian Federation,2020,8869.0,unesco_uis_opri_202602,official_or_reference,636.0025072431564,8232.997492756844,8232.997492756844,modelled_structural_allocation_total_calibrated
ppml_russia_inbound_structural_allocation_v3,EGY,Egypt,RUS,Russian Federation,2021,12429.0,unesco_uis_opri_202602,official_or_reference,31.63068885874454,12397.369311141256,12397.369311141256,modelled_structural_allocation_total_calibrated
ppml_russia_inbound_structural_allocation_v3,EGY,Egypt,RUS,Russian Federation,2022,15616.0,unesco_uis_opri_202602,official_or_reference,278.4059987135095,15337.59400128649,15337.59400128649,modelled_structural_allocation_total_calibrated
ppml_russia_inbound_structural_allocation_v3,EGY,Egypt,RUS,Russian Federation,2023,15408.0,unesco_uis_opri_202602,official_or_reference,238.75786056987963,15169.24213943012,15169.24213943012,modelled_structural_allocation_total_calibrated
ppml_russia_inbound_structural_allocation_v3,ERI,Eritrea,RUS,Russian Federation,2011,3.0,unesco_uis_opri_202602,official_or_reference,1679.620959497765,-1676.620959497765,1676.620959497765,modelled_structural_allocation_total_calibrated
ppml_russia_inbound_structural_allocation_v3,ERI,Eritrea,RUS,Russian Federation,2014,2.0,unesco_uis_opri_202602,official_or_reference,69.74961137967455,-67.74961137967455,67.74961137967455,modelled_structural_allocation_total_calibrated
ppml_russia_inbound_structural_allocation_v3,ERI,Eritrea,RUS,Russian Federation,2016,0.0,unesco_uis_opri_202602,official_or_reference,876.135444864666,-876.135444864666,876.135444864666,modelled_structural_allocation_total_calibrated
ppml_russia_inbound_structural_allocation_v3,ERI,Eritrea,RUS,Russian Federation,2017,1.0,unesco_uis_opri_202602,official_or_reference,262.89449382545695,-261.89449382545695,261.89449382545695,modelled_structural_allocation_total_calibrated
ppml_russia_inbound_structural_allocation_v3,ERI,Eritrea,RUS,Russian Federation,2018,4.0,unesco_uis_opri_202602,official_or_reference,145.44954031179282,-141.44954031179282,141.44954031179282,modelled_structural_allocation_total_calibrated
ppml_russia_inbound_structural_allocation_v3,ERI,Eritrea,RUS,Russian Federation,2019,3.0,unesco_uis_opri_202602,official_or_reference,244.35351206587475,-241.35351206587475,241.35351206587475,modelled_structural_allocation_total_calibrated
ppml_russia_inbound_structural_allocation_v3,ERI,Eritrea,RUS,Russian Federation,2020,59.0,unesco_uis_opri_202602,official_or_reference,14.360557090772792,44.639442909227206,44.639442909227206,modelled_structural_allocation_total_calibrated
ppml_russia_inbound_structural_allocation_v3,ERI,Eritrea,RUS,Russian Federation,2021,45.0,unesco_uis_opri_202602,official_or_reference,155.44862308652912,-110.44862308652912,110.44862308652912,modelled_structural_allocation_total_calibrated
ppml_russia_inbound_structural_allocation_v3,ERI,Eritrea,RUS,Russian Federation,2022,43.0,unesco_uis_opri_202602,official_or_reference,34.02106610790784,8.978933892092158,8.978933892092158,modelled_structural_allocation_total_calibrated
ppml_russia_inbound_structural_allocation_v3,ERI,Eritrea,RUS,Russian Federation,2023,53.0,unesco_uis_opri_202602,official_or_reference,53.15391030776211,-0.15391030776211068,0.15391030776211068,modelled_structural_allocation_total_calibrated
ppml_russia_inbound_structural_allocation_v3,ESP,Spain,RUS,Russian Federation,2011,14.0,unesco_uis_opri_202602,official_or_reference,209.68942696454883,-195.68942696454883,195.68942696454883,modelled_structural_allocation_total_calibrated
ppml_russia_inbound_structural_allocation_v3,ESP,Spain,RUS,Russian Federation,2014,49.0,unesco_uis_opri_202602,official_or_reference,1317.817340357915,-1268.817340357915,1268.817340357915,modelled_structural_allocation_total_calibrated
ppml_russia_inbound_structural_allocation_v3,ESP,Spain,RUS,Russian Federation,2016,70.0,unesco_uis_opri_202602,official_or_reference,99.46172891802297,-29.46172891802297,29.46172891802297,modelled_structural_allocation_total_calibrated
ppml_russia_inbound_structural_allocation_v3,ESP,Spain,RUS,Russian Federation,2017,35.0,unesco_uis_opri_202602,official_or_reference,9.286188654940396,25.713811345059604,25.713811345059604,modelled_structural_allocation_total_calibrated
ppml_russia_inbound_structural_allocation_v3,ESP,Spain,RUS,Russian Federation,2018,48.0,unesco_uis_opri_202602,official_or_reference,11.334659675332952,36.66534032466705,36.66534032466705,modelled_structural_allocation_total_calibrated
ppml_russia_inbound_structural_allocation_v3,ESP,Spain,RUS,Russian Federation,2019,30.0,unesco_uis_opri_202602,official_or_reference,1418.282955061502,-1388.282955061502,1388.282955061502,modelled_structural_allocation_total_calibrated
ppml_russia_inbound_structural_allocation_v3,ESP,Spain,RUS,Russian Federation,2020,67.0,unesco_uis_opri_202602,official_or_reference,195.71241642520474,-128.71241642520474,128.71241642520474,modelled_structural_allocation_total_calibrated
ppml_russia_inbound_structural_allocation_v3,ESP,Spain,RUS,Russian Federation,2021,83.0,unesco_uis_opri_202602,official_or_reference,624.7283148303331,-541.7283148303331,541.7283148303331,modelled_structural_allocation_total_calibrated
ppml_russia_inbound_structural_allocation_v3,ESP,Spain,RUS,Russian Federation,2022,65.0,unesco_uis_opri_202602,official_or_reference,35.32709870837262,29.672901291627383,29.672901291627383,modelled_structural_allocation_total_calibrated
ppml_russia_inbound_structural_allocation_v3,ESP,Spain,RUS,Russian Federation,2023,53.0,unesco_uis_opri_202602,official_or_reference,4.718245684334113,48.281754315665886,48.281754315665886,modelled_structural_allocation_total_calibrated
ppml_russia_inbound_structural_allocation_v3,EST,Estonia,RUS,Russian Federation,2011,618.0,unesco_uis_opri_202602,official_or_reference,1254.6457655252455,-636.6457655252455,636.6457655252455,modelled_structural_allocation_total_calibrated
ppml_russia_inbound_structural_allocation_v3,EST,Estonia,RUS,Russian Federation,2014,292.0,unesco_uis_opri_202602,official_or_reference,2.3160992492659713,289.68390075073404,289.68390075073404,modelled_structural_allocation_total_calibrated
ppml_russia_inbound_structural_allocation_v3,EST,Estonia,RUS,Russian Federation,2016,290.0,unesco_uis_opri_202602,official_or_reference,215.5181010745469,74.4818989254531,74.4818989254531,modelled_structural_allocation_total_calibrated
ppml_russia_inbound_structural_allocation_v3,EST,Estonia,RUS,Russian Federation,2017,270.0,unesco_uis_opri_202602,official_or_reference,76.94155512856062,193.05844487143938,193.05844487143938,modelled_structural_allocation_total_calibrated
ppml_russia_inbound_structural_allocation_v3,EST,Estonia,RUS,Russian Federation,2018,306.0,unesco_uis_opri_202602,official_or_reference,309.8412173812863,-3.841217381286299,3.841217381286299,modelled_structural_allocation_total_calibrated
ppml_russia_inbound_structural_allocation_v3,EST,Estonia,RUS,Russian Federation,2019,305.0,unesco_uis_opri_202602,official_or_reference,6245.299085062567,-5940.299085062567,5940.299085062567,modelled_structural_allocation_total_calibrated
ppml_russia_inbound_structural_allocation_v3,EST,Estonia,RUS,Russian Federation,2020,530.0,unesco_uis_opri_202602,official_or_reference,0.005018269015948427,529.994981730984,529.994981730984,modelled_structural_allocation_total_calibrated
ppml_russia_inbound_structural_allocation_v3,EST,Estonia,RUS,Russian Federation,2021,562.0,unesco_uis_opri_202602,official_or_reference,33955.41502557822,-33393.41502557822,33393.41502557822,modelled_structural_allocation_total_calibrated
ppml_russia_inbound_structural_allocation_v3,EST,Estonia,RUS,Russian Federation,2022,482.0,unesco_uis_opri_202602,official_or_reference,75.30538597376592,406.6946140262341,406.6946140262341,modelled_structural_allocation_total_calibrated
ppml_russia_inbound_structural_allocation_v3,EST,Estonia,RUS,Russian Federation,2023,384.0,unesco_uis_opri_202602,official_or_reference,1.6291579900346886,382.3708420099653,382.3708420099653,modelled_structural_allocation_total_calibrated
ppml_russia_inbound_structural_allocation_v3,ETH,Ethiopia,RUS,Russian Federation,2011,29.0,unesco_uis_opri_202602,official_or_reference,15.049869486379311,13.950130513620689,13.950130513620689,modelled_structural_allocation_total_calibrated
ppml_russia_inbound_structural_allocation_v3,ETH,Ethiopia,RUS,Russian Federation,2014,5.0,unesco_uis_opri_202602,official_or_reference,300.56796253890377,-295.56796253890377,295.56796253890377,modelled_structural_allocation_total_calibrated
ppml_russia_inbound_structural_allocation_v3,ETH,Ethiopia,RUS,Russian Federation,2016,6.0,unesco_uis_opri_202602,official_or_reference,4729.383277036967,-4723.383277036967,4723.383277036967,modelled_structural_allocation_total_calibrated
ppml_russia_inbound_structural_allocation_v3,ETH,Ethiopia,RUS,Russian Federation,2017,6.0,unesco_uis_opri_202602,official_or_reference,0.3853279826184564,5.614672017381544,5.614672017381544,modelled_structural_allocation_total_calibrated
ppml_russia_inbound_structural_allocation_v3,ETH,Ethiopia,RUS,Russian Federation,2018,12.0,unesco_uis_opri_202602,official_or_reference,259.64922331629384,-247.64922331629384,247.64922331629384,modelled_structural_allocation_total_calibrated
ppml_russia_inbound_structural_allocation_v3,ETH,Ethiopia,RUS,Russian Federation,2019,12.0,unesco_uis_opri_202602,official_or_reference,221.29953153991767,-209.29953153991767,209.29953153991767,modelled_structural_allocation_total_calibrated
ppml_russia_inbound_structural_allocation_v3,ETH,Ethiopia,RUS,Russian Federation,2020,84.0,unesco_uis_opri_202602,official_or_reference,3249.3814556317193,-3165.3814556317193,3165.3814556317193,modelled_structural_allocation_total_calibrated
ppml_russia_inbound_structural_allocation_v3,ETH,Ethiopia,RUS,Russian Federation,2021,107.0,unesco_uis_opri_202602,official_or_reference,24.312950971053496,82.6870490289465,82.6870490289465,modelled_structural_allocation_total_calibrated
ppml_russia_inbound_structural_allocation_v3,ETH,Ethiopia,RUS,Russian Federation,2022,138.0,unesco_uis_opri_202602,official_or_reference,39744.365220256936,-39606.365220256936,39606.365220256936,modelled_structural_allocation_total_calibrated
ppml_russia_inbound_structural_allocation_v3,ETH,Ethiopia,RUS,Russian Federation,2023,167.0,unesco_uis_opri_202602,official_or_reference,0.00124133872761164,166.99875866127238,166.99875866127238,modelled_structural_allocation_total_calibrated
ppml_russia_inbound_structural_allocation_v3,FIN,Finland,RUS,Russian Federation,2011,57.0,unesco_uis_opri_202602,official_or_reference,7.024638461201802,49.9753615387982,49.9753615387982,modelled_structural_allocation_total_calibrated
ppml_russia_inbound_structural_allocation_v3,FIN,Finland,RUS,Russian Federation,2014,28.0,unesco_uis_opri_202602,official_or_reference,546.1783611952682,-518.1783611952682,518.1783611952682,modelled_structural_allocation_total_calibrated
ppml_russia_inbound_structural_allocation_v3,FIN,Finland,RUS,Russian Federation,2016,88.0,unesco_uis_opri_202602,official_or_reference,2.0841766282520564,85.91582337174795,85.91582337174795,modelled_structural_allocation_total_calibrated
ppml_russia_inbound_structural_allocation_v3,FIN,Finland,RUS,Russian Federation,2017,69.0,unesco_uis_opri_202602,official_or_reference,1.1542969700605425,67.84570302993946,67.84570302993946,modelled_structural_allocation_total_calibrated
ppml_russia_inbound_structural_allocation_v3,FIN,Finland,RUS,Russian Federation,2018,60.0,unesco_uis_opri_202602,official_or_reference,1287.8052112625494,-1227.8052112625494,1227.8052112625494,modelled_structural_allocation_total_calibrated
ppml_russia_inbound_structural_allocation_v3,FIN,Finland,RUS,Russian Federation,2019,85.0,unesco_uis_opri_202602,official_or_reference,5.223808441319737,79.77619155868027,79.77619155868027,modelled_structural_allocation_total_calibrated
ppml_russia_inbound_structural_allocation_v3,FIN,Finland,RUS,Russian Federation,2020,104.0,unesco_uis_opri_202602,official_or_reference,3.4061848853598,100.5938151146402,100.5938151146402,modelled_structural_allocation_total_calibrated
ppml_russia_inbound_structural_allocation_v3,FIN,Finland,RUS,Russian Federation,2021,66.0,unesco_uis_opri_202602,official_or_reference,699.5755116745931,-633.5755116745931,633.5755116745931,modelled_structural_allocation_total_calibrated
ppml_russia_inbound_structural_allocation_v3,FIN,Finland,RUS,Russian Federation,2022,48.0,unesco_uis_opri_202602,official_or_reference,146.8830524229145,-98.88305242291449,98.88305242291449,modelled_structural_allocation_total_calibrated
ppml_russia_inbound_structural_allocation_v3,FIN,Finland,RUS,Russian Federation,2023,38.0,unesco_uis_opri_202602,official_or_reference,156.90286485757758,-118.90286485757758,118.90286485757758,modelled_structural_allocation_total_calibrated
ppml_russia_inbound_structural_allocation_v3,FJI,Fiji,RUS,Russian Federation,2011,0.0,unesco_uis_opri_202602,official_or_reference,382.8940139848511,-382.8940139848511,382.8940139848511,modelled_structural_allocation_total_calibrated
ppml_russia_inbound_structural_allocation_v3,FJI,Fiji,RUS,Russian Federation,2014,0.0,unesco_uis_opri_202602,official_or_reference,2.4820674827757134,-2.4820674827757134,2.4820674827757134,modelled_structural_allocation_total_calibrated
ppml_russia_inbound_structural_allocation_v3,FJI,Fiji,RUS,Russian Federation,2016,0.0,unesco_uis_opri_202602,official_or_reference,953.3676963327413,-953.3676963327413,953.3676963327413,modelled_structural_allocation_total_calibrated
ppml_russia_inbound_structural_allocation_v3,FJI,Fiji,RUS,Russian Federation,2017,0.0,unesco_uis_opri_202602,official_or_reference,296.63922586806933,-296.63922586806933,296.63922586806933,modelled_structural_allocation_total_calibrated
ppml_russia_inbound_structural_allocation_v3,FJI,Fiji,RUS,Russian Federation,2018,0.0,unesco_uis_opri_202602,official_or_reference,0.023688171659053396,-0.023688171659053396,0.023688171659053396,modelled_structural_allocation_total_calibrated
ppml_russia_inbound_structural_allocation_v3,FJI,Fiji,RUS,Russian Federation,2019,0.0,unesco_uis_opri_202602,official_or_reference,758.360384075856,-758.360384075856,758.360384075856,modelled_structural_allocation_total_calibrated
ppml_russia_inbound_structural_allocation_v3,FJI,Fiji,RUS,Russian Federation,2020,0.0,unesco_uis_opri_202602,official_or_reference,170.73906202591965,-170.73906202591965,170.73906202591965,modelled_structural_allocation_total_calibrated
ppml_russia_inbound_structural_allocation_v3,FJI,Fiji,RUS,Russian Federation,2021,0.0,unesco_uis_opri_202602,official_or_reference,213.91983375204643,-213.91983375204643,213.91983375204643,modelled_structural_allocation_total_calibrated
ppml_russia_inbound_structural_allocation_v3,FJI,Fiji,RUS,Russian Federation,2022,0.0,unesco_uis_opri_202602,official_or_reference,97.74726338017656,-97.74726338017656,97.74726338017656,modelled_structural_allocation_total_calibrated
ppml_russia_inbound_structural_allocation_v3,FJI,Fiji,RUS,Russian Federation,2023,0.0,unesco_uis_opri_202602,official_or_reference,4041.273197843423,-4041.273197843423,4041.273197843423,modelled_structural_allocation_total_calibrated
ppml_russia_inbound_structural_allocation_v3,FRA,France,RUS,Russian Federation,2011,96.0,unesco_uis_opri_202602,official_or_reference,3.574070808861047,92.42592919113895,92.42592919113895,modelled_structural_allocation_total_calibrated
ppml_russia_inbound_structural_allocation_v3,FRA,France,RUS,Russian Federation,2014,1.0,unesco_uis_opri_202602,official_or_reference,17.285327640666477,-16.285327640666477,16.285327640666477,modelled_structural_allocation_total_calibrated
ppml_russia_inbound_structural_allocation_v3,FRA,France,RUS,Russian Federation,2016,170.0,unesco_uis_opri_202602,official_or_reference,423.1295685280306,-253.12956852803057,253.12956852803057,modelled_structural_allocation_total_calibrated
ppml_russia_inbound_structural_allocation_v3,FRA,France,RUS,Russian Federation,2017,191.0,unesco_uis_opri_202602,official_or_reference,7166.069594057478,-6975.069594057478,6975.069594057478,modelled_structural_allocation_total_calibrated
ppml_russia_inbound_structural_allocation_v3,FRA,France,RUS,Russian Federation,2018,255.0,unesco_uis_opri_202602,official_or_reference,146.1988941127507,108.80110588724929,108.80110588724929,modelled_structural_allocation_total_calibrated
ppml_russia_inbound_structural_allocation_v3,FRA,France,RUS,Russian Federation,2019,346.0,unesco_uis_opri_202602,official_or_reference,810.2472873395066,-464.24728733950656,464.24728733950656,modelled_structural_allocation_total_calibrated
ppml_russia_inbound_structural_allocation_v3,FRA,France,RUS,Russian Federation,2020,279.0,unesco_uis_opri_202602,official_or_reference,65.06136974508958,213.93863025491044,213.93863025491044,modelled_structural_allocation_total_calibrated
ppml_russia_inbound_structural_allocation_v3,FRA,France,RUS,Russian Federation,2021,318.0,unesco_uis_opri_202602,official_or_reference,111.0170040550206,206.9829959449794,206.9829959449794,modelled_structural_allocation_total_calibrated
ppml_russia_inbound_structural_allocation_v3,FRA,France,RUS,Russian Federation,2022,165.0,unesco_uis_opri_202602,official_or_reference,804.3501293620504,-639.3501293620504,639.3501293620504,modelled_structural_allocation_total_calibrated
ppml_russia_inbound_structural_allocation_v3,FRA,France,RUS,Russian Federation,2023,106.0,unesco_uis_opri_202602,official_or_reference,1047.875480755475,-941.8754807554751,941.8754807554751,modelled_structural_allocation_total_calibrated
ppml_russia_inbound_structural_allocation_v3,FSM,"Micronesia, Federated States of",RUS,Russian Federation,2011,0.0,unesco_uis_opri_202602,official_or_reference,74.1432337570824,-74.1432337570824,74.1432337570824,modelled_structural_allocation_total_calibrated
ppml_russia_inbound_structural_allocation_v3,FSM,"Micronesia, Federated States of",RUS,Russian Federation,2014,0.0,unesco_uis_opri_202602,official_or_reference,3.3186194907428925,-3.3186194907428925,3.3186194907428925,modelled_structural_allocation_total_calibrated
ppml_russia_inbound_structural_allocation_v3,FSM,"Micronesia, Federated States of",RUS,Russian Federation,2016,0.0,unesco_uis_opri_202602,official_or_reference,602.9782744895783,-602.9782744895783,602.9782744895783,modelled_structural_allocation_total_calibrated
ppml_russia_inbound_structural_allocation_v3,FSM,"Micronesia, Federated States of",RUS,Russian Federation,2017,0.0,unesco_uis_opri_202602,official_or_reference,16264.521337243792,-16264.521337243792,16264.521337243792,modelled_structural_allocation_total_calibrated
ppml_russia_inbound_structural_allocation_v3,FSM,"Micronesia, Federated States of",RUS,Russian Federation,2018,0.0,unesco_uis_opri_202602,official_or_reference,3.7507549355844065,-3.7507549355844065,3.7507549355844065,modelled_structural_allocation_total_calibrated
ppml_russia_inbound_structural_allocation_v3,FSM,"Micronesia, Federated States of",RUS,Russian Federation,2019,0.0,unesco_uis_opri_202602,official_or_reference,12.968628975616797,-12.968628975616797,12.968628975616797,modelled_structural_allocation_total_calibrated
ppml_russia_inbound_structural_allocation_v3,FSM,"Micronesia, Federated States of",RUS,Russian Federation,2020,0.0,unesco_uis_opri_202602,official_or_reference,183.8004461825427,-183.8004461825427,183.8004461825427,modelled_structural_allocation_total_calibrated
ppml_russia_inbound_structural_allocation_v3,FSM,"Micronesia, Federated States of",RUS,Russian Federation,2021,0.0,unesco_uis_opri_202602,official_or_reference,275.3539396627478,-275.3539396627478,275.3539396627478,modelled_structural_allocation_total_calibrated
ppml_russia_inbound_structural_allocation_v3,FSM,"Micronesia, Federated States of",RUS,Russian Federation,2022,0.0,unesco_uis_opri_202602,official_or_reference,3.2715229385569313,-3.2715229385569313,3.2715229385569313,modelled_structural_allocation_total_calibrated
ppml_russia_inbound_structural_allocation_v3,FSM,"Micronesia, Federated States of",RUS,Russian Federation,2023,0.0,unesco_uis_opri_202602,official_or_reference,36.74479613526617,-36.74479613526617,36.74479613526617,modelled_structural_allocation_total_calibrated
ppml_russia_inbound_structural_allocation_v3,GAB,Gabon,RUS,Russian Federation,2011,22.0,unesco_uis_opri_202602,official_or_reference,75.2237092704156,-53.2237092704156,53.2237092704156,modelled_structural_allocation_total_calibrated
ppml_russia_inbound_structural_allocation_v3,GAB,Gabon,RUS,Russian Federation,2014,18.0,unesco_uis_opri_202602,official_or_reference,14.045355128043408,3.9546448719565923,3.9546448719565923,modelled_structural_allocation_total_calibrated
ppml_russia_inbound_structural_allocation_v3,GAB,Gabon,RUS,Russian Federation,2016,31.0,unesco_uis_opri_202602,official_or_reference,43.56052898043199,-12.56052898043199,12.56052898043199,modelled_structural_allocation_total_calibrated
ppml_russia_inbound_structural_allocation_v3,GAB,Gabon,RUS,Russian Federation,2017,53.0,unesco_uis_opri_202602,official_or_reference,11.552093742824532,41.44790625717547,41.44790625717547,modelled_structural_allocation_total_calibrated
ppml_russia_inbound_structural_allocation_v3,GAB,Gabon,RUS,Russian Federation,2018,60.0,unesco_uis_opri_202602,official_or_reference,497.4473153782769,-437.4473153782769,437.4473153782769,modelled_structural_allocation_total_calibrated
ppml_russia_inbound_structural_allocation_v3,GAB,Gabon,RUS,Russian Federation,2019,77.0,unesco_uis_opri_202602,official_or_reference,39.16818417593823,37.83181582406177,37.83181582406177,modelled_structural_allocation_total_calibrated
ppml_russia_inbound_structural_allocation_v3,GAB,Gabon,RUS,Russian Federation,2020,266.0,unesco_uis_opri_202602,official_or_reference,13931.512232260502,-13665.512232260502,13665.512232260502,modelled_structural_allocation_total_calibrated
ppml_russia_inbound_structural_allocation_v3,GAB,Gabon,RUS,Russian Federation,2021,305.0,unesco_uis_opri_202602,official_or_reference,87.57221951953754,217.42778048046245,217.42778048046245,modelled_structural_allocation_total_calibrated
ppml_russia_inbound_structural_allocation_v3,GAB,Gabon,RUS,Russian Federation,2022,304.0,unesco_uis_opri_202602,official_or_reference,132.76745212720002,171.23254787279998,171.23254787279998,modelled_structural_allocation_total_calibrated
ppml_russia_inbound_structural_allocation_v3,GAB,Gabon,RUS,Russian Federation,2023,290.0,unesco_uis_opri_202602,official_or_reference,178.69740452039363,111.30259547960637,111.30259547960637,modelled_structural_allocation_total_calibrated
ppml_russia_inbound_structural_allocation_v3,GBR,United Kingdom,RUS,Russian Federation,2011,33.0,unesco_uis_opri_202602,official_or_reference,150.54329151475017,-117.54329151475017,117.54329151475017,modelled_structural_allocation_total_calibrated
ppml_russia_inbound_structural_allocation_v3,GBR,United Kingdom,RUS,Russian Federation,2014,31.0,unesco_uis_opri_202602,official_or_reference,0.43696685329550694,30.563033146704495,30.563033146704495,modelled_structural_allocation_total_calibrated
ppml_russia_inbound_structural_allocation_v3,GBR,United Kingdom,RUS,Russian Federation,2016,46.0,unesco_uis_opri_202602,official_or_reference,136.53865034573298,-90.53865034573298,90.53865034573298,modelled_structural_allocation_total_calibrated
ppml_russia_inbound_structural_allocation_v3,GBR,United Kingdom,RUS,Russian Federation,2017,44.0,unesco_uis_opri_202602,official_or_reference,59.18194522131477,-15.18194522131477,15.18194522131477,modelled_structural_allocation_total_calibrated
ppml_russia_inbound_structural_allocation_v3,GBR,United Kingdom,RUS,Russian Federation,2018,60.0,unesco_uis_opri_202602,official_or_reference,14.120725986111621,45.87927401388838,45.87927401388838,modelled_structural_allocation_total_calibrated
ppml_russia_inbound_structural_allocation_v3,GBR,United Kingdom,RUS,Russian Federation,2019,63.0,unesco_uis_opri_202602,official_or_reference,11.945765043294683,51.054234956705315,51.054234956705315,modelled_structural_allocation_total_calibrated
ppml_russia_inbound_structural_allocation_v3,GBR,United Kingdom,RUS,Russian Federation,2020,58.0,unesco_uis_opri_202602,official_or_reference,52.64679214142666,5.353207858573342,5.353207858573342,modelled_structural_allocation_total_calibrated
ppml_russia_inbound_structural_allocation_v3,GBR,United Kingdom,RUS,Russian Federation,2021,87.0,unesco_uis_opri_202602,official_or_reference,0.9081654672878025,86.0918345327122,86.0918345327122,modelled_structural_allocation_total_calibrated
ppml_russia_inbound_structural_allocation_v3,GBR,United Kingdom,RUS,Russian Federation,2022,47.0,unesco_uis_opri_202602,official_or_reference,728.6555157521985,-681.6555157521985,681.6555157521985,modelled_structural_allocation_total_calibrated
ppml_russia_inbound_structural_allocation_v3,GBR,United Kingdom,RUS,Russian Federation,2023,32.0,unesco_uis_opri_202602,official_or_reference,748.4014647945042,-716.4014647945042,716.4014647945042,modelled_structural_allocation_total_calibrated
ppml_russia_inbound_structural_allocation_v3,GEO,Georgia,RUS,Russian Federation,2011,2343.0,unesco_uis_opri_202602,official_or_reference,3880.8723693663223,-1537.8723693663223,1537.8723693663223,modelled_structural_allocation_total_calibrated
ppml_russia_inbound_structural_allocation_v3,GEO,Georgia,RUS,Russian Federation,2014,1233.0,unesco_uis_opri_202602,official_or_reference,168.95419589484544,1064.0458041051545,1064.0458041051545,modelled_structural_allocation_total_calibrated
ppml_russia_inbound_structural_allocation_v3,GEO,Georgia,RUS,Russian Federation,2016,1060.0,unesco_uis_opri_202602,official_or_reference,0.664077337938698,1059.3359226620612,1059.3359226620612,modelled_structural_allocation_total_calibrated
ppml_russia_inbound_structural_allocation_v3,GEO,Georgia,RUS,Russian Federation,2017,1580.0,unesco_uis_opri_202602,official_or_reference,416.1926345446151,1163.807365455385,1163.807365455385,modelled_structural_allocation_total_calibrated
ppml_russia_inbound_structural_allocation_v3,GEO,Georgia,RUS,Russian Federation,2018,847.0,unesco_uis_opri_202602,official_or_reference,28.07057082146239,818.9294291785376,818.9294291785376,modelled_structural_allocation_total_calibrated
ppml_russia_inbound_structural_allocation_v3,GEO,Georgia,RUS,Russian Federation,2019,763.0,unesco_uis_opri_202602,official_or_reference,536.9066488246516,226.0933511753484,226.0933511753484,modelled_structural_allocation_total_calibrated
ppml_russia_inbound_structural_allocation_v3,GEO,Georgia,RUS,Russian Federation,2020,750.0,unesco_uis_opri_202602,official_or_reference,115.23767659349379,634.7623234065062,634.7623234065062,modelled_structural_allocation_total_calibrated
ppml_russia_inbound_structural_allocation_v3,GEO,Georgia,RUS,Russian Federation,2021,682.0,unesco_uis_opri_202602,official_or_reference,814.3224097648091,-132.3224097648091,132.3224097648091,modelled_structural_allocation_total_calibrated
ppml_russia_inbound_structural_allocation_v3,GEO,Georgia,RUS,Russian Federation,2022,565.0,unesco_uis_opri_202602,official_or_reference,105.61798399918773,459.38201600081226,459.38201600081226,modelled_structural_allocation_total_calibrated
ppml_russia_inbound_structural_allocation_v3,GEO,Georgia,RUS,Russian Federation,2023,566.0,unesco_uis_opri_202602,official_or_reference,2172.76229891496,-1606.76229891496,1606.76229891496,modelled_structural_allocation_total_calibrated
ppml_russia_inbound_structural_allocation_v3,GHA,Ghana,RUS,Russian Federation,2011,339.0,unesco_uis_opri_202602,official_or_reference,369.02183803806133,-30.021838038061333,30.021838038061333,modelled_structural_allocation_total_calibrated
ppml_russia_inbound_structural_allocation_v3,GHA,Ghana,RUS,Russian Federation,2014,346.0,unesco_uis_opri_202602,official_or_reference,193.18871960638057,152.81128039361943,152.81128039361943,modelled_structural_allocation_total_calibrated
ppml_russia_inbound_structural_allocation_v3,GHA,Ghana,RUS,Russian Federation,2016,445.0,unesco_uis_opri_202602,official_or_reference,509.8375384839876,-64.8375384839876,64.8375384839876,modelled_structural_allocation_total_calibrated
ppml_russia_inbound_structural_allocation_v3,GHA,Ghana,RUS,Russian Federation,2017,557.0,unesco_uis_opri_202602,official_or_reference,5.938249427108324,551.0617505728917,551.0617505728917,modelled_structural_allocation_total_calibrated
ppml_russia_inbound_structural_allocation_v3,GHA,Ghana,RUS,Russian Federation,2018,621.0,unesco_uis_opri_202602,official_or_reference,3133.379473937506,-2512.379473937506,2512.379473937506,modelled_structural_allocation_total_calibrated
ppml_russia_inbound_structural_allocation_v3,GHA,Ghana,RUS,Russian Federation,2019,641.0,unesco_uis_opri_202602,official_or_reference,0.20348871505276786,640.7965112849472,640.7965112849472,modelled_structural_allocation_total_calibrated
ppml_russia_inbound_structural_allocation_v3,GHA,Ghana,RUS,Russian Federation,2020,871.0,unesco_uis_opri_202602,official_or_reference,28.689411194422494,842.3105888055775,842.3105888055775,modelled_structural_allocation_total_calibrated
ppml_russia_inbound_structural_allocation_v3,GHA,Ghana,RUS,Russian Federation,2021,755.0,unesco_uis_opri_202602,official_or_reference,1641.389254431296,-886.389254431296,886.389254431296,modelled_structural_allocation_total_calibrated
ppml_russia_inbound_structural_allocation_v3,GHA,Ghana,RUS,Russian Federation,2022,660.0,unesco_uis_opri_202602,official_or_reference,582.7051802798901,77.2948197201099,77.2948197201099,modelled_structural_allocation_total_calibrated
ppml_russia_inbound_structural_allocation_v3,GHA,Ghana,RUS,Russian Federation,2023,614.0,unesco_uis_opri_202602,official_or_reference,88.26707912988891,525.7329208701111,525.7329208701111,modelled_structural_allocation_total_calibrated
ppml_russia_inbound_structural_allocation_v3,GIB,Gibraltar,RUS,Russian Federation,2011,0.0,unesco_uis_opri_202602,official_or_reference,14.364551388527378,-14.364551388527378,14.364551388527378,modelled_structural_allocation_total_calibrated
ppml_russia_inbound_structural_allocation_v3,GIB,Gibraltar,RUS,Russian Federation,2014,0.0,unesco_uis_opri_202602,official_or_reference,83.77523602270334,-83.77523602270334,83.77523602270334,modelled_structural_allocation_total_calibrated
ppml_russia_inbound_structural_allocation_v3,GIB,Gibraltar,RUS,Russian Federation,2016,0.0,unesco_uis_opri_202602,official_or_reference,66.8533134847306,-66.8533134847306,66.8533134847306,modelled_structural_allocation_total_calibrated
ppml_russia_inbound_structural_allocation_v3,GIB,Gibraltar,RUS,Russian Federation,2017,0.0,unesco_uis_opri_202602,official_or_reference,23.156712214325147,-23.156712214325147,23.156712214325147,modelled_structural_allocation_total_calibrated
ppml_russia_inbound_structural_allocation_v3,GIB,Gibraltar,RUS,Russian Federation,2018,0.0,unesco_uis_opri_202602,official_or_reference,36.29673807684139,-36.29673807684139,36.29673807684139,modelled_structural_allocation_total_calibrated
ppml_russia_inbound_structural_allocation_v3,GIB,Gibraltar,RUS,Russian Federation,2019,0.0,unesco_uis_opri_202602,official_or_reference,1828.7068856551873,-1828.7068856551873,1828.7068856551873,modelled_structural_allocation_total_calibrated
ppml_russia_inbound_structural_allocation_v3,GIB,Gibraltar,RUS,Russian Federation,2020,0.0,unesco_uis_opri_202602,official_or_reference,1.784759680907202,-1.784759680907202,1.784759680907202,modelled_structural_allocation_total_calibrated
ppml_russia_inbound_structural_allocation_v3,GIB,Gibraltar,RUS,Russian Federation,2021,0.0,unesco_uis_opri_202602,official_or_reference,34.85446739120428,-34.85446739120428,34.85446739120428,modelled_structural_allocation_total_calibrated
ppml_russia_inbound_structural_allocation_v3,GIB,Gibraltar,RUS,Russian Federation,2022,0.0,unesco_uis_opri_202602,official_or_reference,18.286894521807564,-18.286894521807564,18.286894521807564,modelled_structural_allocation_total_calibrated
ppml_russia_inbound_structural_allocation_v3,GIB,Gibraltar,RUS,Russian Federation,2023,0.0,unesco_uis_opri_202602,official_or_reference,152.43155452060017,-152.43155452060017,152.43155452060017,modelled_structural_allocation_total_calibrated
ppml_russia_inbound_structural_allocation_v3,GIN,Guinea,RUS,Russian Federation,2011,132.0,unesco_uis_opri_202602,official_or_reference,22.43021485148459,109.56978514851541,109.56978514851541,modelled_structural_allocation_total_calibrated
ppml_russia_inbound_structural_allocation_v3,GIN,Guinea,RUS,Russian Federation,2014,64.0,unesco_uis_opri_202602,official_or_reference,515.6015887624101,-451.6015887624101,451.6015887624101,modelled_structural_allocation_total_calibrated
ppml_russia_inbound_structural_allocation_v3,GIN,Guinea,RUS,Russian Federation,2016,99.0,unesco_uis_opri_202602,official_or_reference,76.51848448586077,22.481515514139232,22.481515514139232,modelled_structural_allocation_total_calibrated
ppml_russia_inbound_structural_allocation_v3,GIN,Guinea,RUS,Russian Federation,2017,110.0,unesco_uis_opri_202602,official_or_reference,827.9939102240692,-717.9939102240692,717.9939102240692,modelled_structural_allocation_total_calibrated
ppml_russia_inbound_structural_allocation_v3,GIN,Guinea,RUS,Russian Federation,2018,105.0,unesco_uis_opri_202602,official_or_reference,641.7057095208143,-536.7057095208143,536.7057095208143,modelled_structural_allocation_total_calibrated
ppml_russia_inbound_structural_allocation_v3,GIN,Guinea,RUS,Russian Federation,2019,83.0,unesco_uis_opri_202602,official_or_reference,6104.638102959141,-6021.638102959141,6021.638102959141,modelled_structural_allocation_total_calibrated
ppml_russia_inbound_structural_allocation_v3,GIN,Guinea,RUS,Russian Federation,2020,395.0,unesco_uis_opri_202602,official_or_reference,335.12919718174635,59.87080281825365,59.87080281825365,modelled_structural_allocation_total_calibrated
ppml_russia_inbound_structural_allocation_v3,GIN,Guinea,RUS,Russian Federation,2021,371.0,unesco_uis_opri_202602,official_or_reference,1508.0768968274172,-1137.0768968274172,1137.0768968274172,modelled_structural_allocation_total_calibrated
ppml_russia_inbound_structural_allocation_v3,GIN,Guinea,RUS,Russian Federation,2022,367.0,unesco_uis_opri_202602,official_or_reference,1208.0008264207454,-841.0008264207454,841.0008264207454,modelled_structural_allocation_total_calibrated
ppml_russia_inbound_structural_allocation_v3,GIN,Guinea,RUS,Russian Federation,2023,432.0,unesco_uis_opri_202602,official_or_reference,125.61175737611238,306.3882426238876,306.3882426238876,modelled_structural_allocation_total_calibrated
ppml_russia_inbound_structural_allocation_v3,GMB,Gambia,RUS,Russian Federation,2011,0.0,unesco_uis_opri_202602,official_or_reference,12.150300621238534,-12.150300621238534,12.150300621238534,modelled_structural_allocation_total_calibrated
ppml_russia_inbound_structural_allocation_v3,GMB,Gambia,RUS,Russian Federation,2014,2.0,unesco_uis_opri_202602,official_or_reference,3216.3746674739796,-3214.3746674739796,3214.3746674739796,modelled_structural_allocation_total_calibrated
ppml_russia_inbound_structural_allocation_v3,GMB,Gambia,RUS,Russian Federation,2016,4.0,unesco_uis_opri_202602,official_or_reference,21.753361632809096,-17.753361632809096,17.753361632809096,modelled_structural_allocation_total_calibrated
ppml_russia_inbound_structural_allocation_v3,GMB,Gambia,RUS,Russian Federation,2017,12.0,unesco_uis_opri_202602,official_or_reference,277.98382889902354,-265.98382889902354,265.98382889902354,modelled_structural_allocation_total_calibrated
ppml_russia_inbound_structural_allocation_v3,GMB,Gambia,RUS,Russian Federation,2018,14.0,unesco_uis_opri_202602,official_or_reference,79.42957883980225,-65.42957883980225,65.42957883980225,modelled_structural_allocation_total_calibrated
ppml_russia_inbound_structural_allocation_v3,GMB,Gambia,RUS,Russian Federation,2019,16.0,unesco_uis_opri_202602,official_or_reference,12363.14792031415,-12347.14792031415,12347.14792031415,modelled_structural_allocation_total_calibrated
ppml_russia_inbound_structural_allocation_v3,GMB,Gambia,RUS,Russian Federation,2020,37.0,unesco_uis_opri_202602,official_or_reference,155.36079708077472,-118.36079708077472,118.36079708077472,modelled_structural_allocation_total_calibrated
ppml_russia_inbound_structural_allocation_v3,GMB,Gambia,RUS,Russian Federation,2021,39.0,unesco_uis_opri_202602,official_or_reference,2686.531571534911,-2647.531571534911,2647.531571534911,modelled_structural_allocation_total_calibrated
ppml_russia_inbound_structural_allocation_v3,GMB,Gambia,RUS,Russian Federation,2022,38.0,unesco_uis_opri_202602,official_or_reference,185.331387997199,-147.331387997199,147.331387997199,modelled_structural_allocation_total_calibrated
ppml_russia_inbound_structural_allocation_v3,GMB,Gambia,RUS,Russian Federation,2023,47.0,unesco_uis_opri_202602,official_or_reference,1.5043079145706804,45.49569208542932,45.49569208542932,modelled_structural_allocation_total_calibrated
ppml_russia_inbound_structural_allocation_v3,GNB,Guinea-Bissau,RUS,Russian Federation,2011,148.0,unesco_uis_opri_202602,official_or_reference,1.0379466103666433,146.96205338963335,146.96205338963335,modelled_structural_allocation_total_calibrated
ppml_russia_inbound_structural_allocation_v3,GNB,Guinea-Bissau,RUS,Russian Federation,2014,137.0,unesco_uis_opri_202602,official_or_reference,286.92193202034673,-149.92193202034673,149.92193202034673,modelled_structural_allocation_total_calibrated
ppml_russia_inbound_structural_allocation_v3,GNB,Guinea-Bissau,RUS,Russian Federation,2016,48.0,unesco_uis_opri_202602,official_or_reference,226.96485617059707,-178.96485617059707,178.96485617059707,modelled_structural_allocation_total_calibrated
ppml_russia_inbound_structural_allocation_v3,GNB,Guinea-Bissau,RUS,Russian Federation,2017,58.0,unesco_uis_opri_202602,official_or_reference,135.99527329159113,-77.99527329159113,77.99527329159113,modelled_structural_allocation_total_calibrated
ppml_russia_inbound_structural_allocation_v3,GNB,Guinea-Bissau,RUS,Russian Federation,2018,82.0,unesco_uis_opri_202602,official_or_reference,265.2759050856947,-183.27590508569472,183.27590508569472,modelled_structural_allocation_total_calibrated
ppml_russia_inbound_structural_allocation_v3,GNB,Guinea-Bissau,RUS,Russian Federation,2019,142.0,unesco_uis_opri_202602,official_or_reference,9.387335345494705,132.6126646545053,132.6126646545053,modelled_structural_allocation_total_calibrated
ppml_russia_inbound_structural_allocation_v3,GNB,Guinea-Bissau,RUS,Russian Federation,2020,416.0,unesco_uis_opri_202602,official_or_reference,167.3809910456259,248.6190089543741,248.6190089543741,modelled_structural_allocation_total_calibrated
ppml_russia_inbound_structural_allocation_v3,GNB,Guinea-Bissau,RUS,Russian Federation,2021,393.0,unesco_uis_opri_202602,official_or_reference,5.986971433939114,387.0130285660609,387.0130285660609,modelled_structural_allocation_total_calibrated
ppml_russia_inbound_structural_allocation_v3,GNB,Guinea-Bissau,RUS,Russian Federation,2022,374.0,unesco_uis_opri_202602,official_or_reference,55.88334569020592,318.11665430979406,318.11665430979406,modelled_structural_allocation_total_calibrated
ppml_russia_inbound_structural_allocation_v3,GNB,Guinea-Bissau,RUS,Russian Federation,2023,315.0,unesco_uis_opri_202602,official_or_reference,249.98442295570638,65.01557704429362,65.01557704429362,modelled_structural_allocation_total_calibrated
ppml_russia_inbound_structural_allocation_v3,GNQ,Equatorial Guinea,RUS,Russian Federation,2011,203.0,unesco_uis_opri_202602,official_or_reference,34.22207281449229,168.7779271855077,168.7779271855077,modelled_structural_allocation_total_calibrated
ppml_russia_inbound_structural_allocation_v3,GNQ,Equatorial Guinea,RUS,Russian Federation,2014,0.0,unesco_uis_opri_202602,official_or_reference,706.170800780481,-706.170800780481,706.170800780481,modelled_structural_allocation_total_calibrated
ppml_russia_inbound_structural_allocation_v3,GNQ,Equatorial Guinea,RUS,Russian Federation,2016,77.0,unesco_uis_opri_202602,official_or_reference,981.1717897128559,-904.1717897128559,904.1717897128559,modelled_structural_allocation_total_calibrated
ppml_russia_inbound_structural_allocation_v3,GNQ,Equatorial Guinea,RUS,Russian Federation,2017,117.0,unesco_uis_opri_202602,official_or_reference,499.2393826660528,-382.2393826660528,382.2393826660528,modelled_structural_allocation_total_calibrated
ppml_russia_inbound_structural_allocation_v3,GNQ,Equatorial Guinea,RUS,Russian Federation,2018,120.0,unesco_uis_opri_202602,official_or_reference,19.942364391982235,100.05763560801776,100.05763560801776,modelled_structural_allocation_total_calibrated
ppml_russia_inbound_structural_allocation_v3,GNQ,Equatorial Guinea,RUS,Russian Federation,2019,99.0,unesco_uis_opri_202602,official_or_reference,584.0215137915163,-485.0215137915163,485.0215137915163,modelled_structural_allocation_total_calibrated
ppml_russia_inbound_structural_allocation_v3,GNQ,Equatorial Guinea,RUS,Russian Federation,2020,191.0,unesco_uis_opri_202602,official_or_reference,37.55379457137939,153.4462054286206,153.4462054286206,modelled_structural_allocation_total_calibrated
ppml_russia_inbound_structural_allocation_v3,GNQ,Equatorial Guinea,RUS,Russian Federation,2021,174.0,unesco_uis_opri_202602,official_or_reference,925.3076712462574,-751.3076712462574,751.3076712462574,modelled_structural_allocation_total_calibrated
ppml_russia_inbound_structural_allocation_v3,GNQ,Equatorial Guinea,RUS,Russian Federation,2022,168.0,unesco_uis_opri_202602,official_or_reference,73.96764777717028,94.03235222282972,94.03235222282972,modelled_structural_allocation_total_calibrated
ppml_russia_inbound_structural_allocation_v3,GNQ,Equatorial Guinea,RUS,Russian Federation,2023,173.0,unesco_uis_opri_202602,official_or_reference,25.726521732094838,147.27347826790515,147.27347826790515,modelled_structural_allocation_total_calibrated
ppml_russia_inbound_structural_allocation_v3,GRC,Greece,RUS,Russian Federation,2011,183.0,unesco_uis_opri_202602,official_or_reference,137.21207239537137,45.787927604628635,45.787927604628635,modelled_structural_allocation_total_calibrated
ppml_russia_inbound_structural_allocation_v3,GRC,Greece,RUS,Russian Federation,2014,137.0,unesco_uis_opri_202602,official_or_reference,0.10874948809326998,136.89125051190672,136.89125051190672,modelled_structural_allocation_total_calibrated
ppml_russia_inbound_structural_allocation_v3,GRC,Greece,RUS,Russian Federation,2016,156.0,unesco_uis_opri_202602,official_or_reference,188.45393399558415,-32.45393399558415,32.45393399558415,modelled_structural_allocation_total_calibrated
ppml_russia_inbound_structural_allocation_v3,GRC,Greece,RUS,Russian Federation,2017,146.0,unesco_uis_opri_202602,official_or_reference,193.7671123801917,-47.76711238019169,47.76711238019169,modelled_structural_allocation_total_calibrated
ppml_russia_inbound_structural_allocation_v3,GRC,Greece,RUS,Russian Federation,2018,156.0,unesco_uis_opri_202602,official_or_reference,3.91979227714977,152.08020772285022,152.08020772285022,modelled_structural_allocation_total_calibrated
ppml_russia_inbound_structural_allocation_v3,GRC,Greece,RUS,Russian Federation,2019,136.0,unesco_uis_opri_202602,official_or_reference,312.5947558026199,-176.5947558026199,176.5947558026199,modelled_structural_allocation_total_calibrated
ppml_russia_inbound_structural_allocation_v3,GRC,Greece,RUS,Russian Federation,2020,176.0,unesco_uis_opri_202602,official_or_reference,267.4601768060855,-91.46017680608549,91.46017680608549,modelled_structural_allocation_total_calibrated
ppml_russia_inbound_structural_allocation_v3,GRC,Greece,RUS,Russian Federation,2021,153.0,unesco_uis_opri_202602,official_or_reference,98.34762665398311,54.65237334601689,54.65237334601689,modelled_structural_allocation_total_calibrated
ppml_russia_inbound_structural_allocation_v3,GRC,Greece,RUS,Russian Federation,2022,145.0,unesco_uis_opri_202602,official_or_reference,79.69879522683867,65.30120477316133,65.30120477316133,modelled_structural_allocation_total_calibrated
ppml_russia_inbound_structural_allocation_v3,GRC,Greece,RUS,Russian Federation,2023,124.0,unesco_uis_opri_202602,official_or_reference,73.41678945559141,50.58321054440859,50.58321054440859,modelled_structural_allocation_total_calibrated
ppml_russia_inbound_structural_allocation_v3,GRD,Grenada,RUS,Russian Federation,2011,0.0,unesco_uis_opri_202602,official_or_reference,0.30243695148228966,-0.30243695148228966,0.30243695148228966,modelled_structural_allocation_total_calibrated
ppml_russia_inbound_structural_allocation_v3,GRD,Grenada,RUS,Russian Federation,2014,0.0,unesco_uis_opri_202602,official_or_reference,27.765947995054802,-27.765947995054802,27.765947995054802,modelled_structural_allocation_total_calibrated
ppml_russia_inbound_structural_allocation_v3,GRD,Grenada,RUS,Russian Federation,2016,0.0,unesco_uis_opri_202602,official_or_reference,185.5936652734326,-185.5936652734326,185.5936652734326,modelled_structural_allocation_total_calibrated
ppml_russia_inbound_structural_allocation_v3,GRD,Grenada,RUS,Russian Federation,2017,1.0,unesco_uis_opri_202602,official_or_reference,265.40777837158015,-264.40777837158015,264.40777837158015,modelled_structural_allocation_total_calibrated
ppml_russia_inbound_structural_allocation_v3,GRD,Grenada,RUS,Russian Federation,2018,1.0,unesco_uis_opri_202602,official_or_reference,35.74937316130226,-34.74937316130226,34.74937316130226,modelled_structural_allocation_total_calibrated
ppml_russia_inbound_structural_allocation_v3,GRD,Grenada,RUS,Russian Federation,2019,1.0,unesco_uis_opri_202602,official_or_reference,207.04135869002815,-206.04135869002815,206.04135869002815,modelled_structural_allocation_total_calibrated
ppml_russia_inbound_structural_allocation_v3,GRD,Grenada,RUS,Russian Federation,2020,2.0,unesco_uis_opri_202602,official_or_reference,675.1733225440635,-673.1733225440635,673.1733225440635,modelled_structural_allocation_total_calibrated
ppml_russia_inbound_structural_allocation_v3,GRD,Grenada,RUS,Russian Federation,2021,4.0,unesco_uis_opri_202602,official_or_reference,140.24287001875592,-136.24287001875592,136.24287001875592,modelled_structural_allocation_total_calibrated
ppml_russia_inbound_structural_allocation_v3,GRD,Grenada,RUS,Russian Federation,2022,6.0,unesco_uis_opri_202602,official_or_reference,0.003202453939338217,5.9967975460606615,5.9967975460606615,modelled_structural_allocation_total_calibrated
ppml_russia_inbound_structural_allocation_v3,GRD,Grenada,RUS,Russian Federation,2023,4.0,unesco_uis_opri_202602,official_or_reference,949.5148553810834,-945.5148553810834,945.5148553810834,modelled_structural_allocation_total_calibrated
ppml_russia_inbound_structural_allocation_v3,GTM,Guatemala,RUS,Russian Federation,2011,10.0,unesco_uis_opri_202602,official_or_reference,536.405144925514,-526.405144925514,526.405144925514,modelled_structural_allocation_total_calibrated
ppml_russia_inbound_structural_allocation_v3,GTM,Guatemala,RUS,Russian Federation,2014,1.0,unesco_uis_opri_202602,official_or_reference,756.0755199616856,-755.0755199616856,755.0755199616856,modelled_structural_allocation_total_calibrated
ppml_russia_inbound_structural_allocation_v3,GTM,Guatemala,RUS,Russian Federation,2016,3.0,unesco_uis_opri_202602,official_or_reference,0.08768275019147466,2.9123172498085252,2.9123172498085252,modelled_structural_allocation_total_calibrated
ppml_russia_inbound_structural_allocation_v3,GTM,Guatemala,RUS,Russian Federation,2017,4.0,unesco_uis_opri_202602,official_or_reference,7.4987677005676945,-3.4987677005676945,3.4987677005676945,modelled_structural_allocation_total_calibrated
ppml_russia_inbound_structural_allocation_v3,GTM,Guatemala,RUS,Russian Federation,2018,5.0,unesco_uis_opri_202602,official_or_reference,266.2883034916142,-261.2883034916142,261.2883034916142,modelled_structural_allocation_total_calibrated
ppml_russia_inbound_structural_allocation_v3,GTM,Guatemala,RUS,Russian Federation,2019,5.0,unesco_uis_opri_202602,official_or_reference,3579.4543430356,-3574.4543430356,3574.4543430356,modelled_structural_allocation_total_calibrated
ppml_russia_inbound_structural_allocation_v3,GTM,Guatemala,RUS,Russian Federation,2020,50.0,unesco_uis_opri_202602,official_or_reference,12.31473828997622,37.68526171002378,37.68526171002378,modelled_structural_allocation_total_calibrated
ppml_russia_inbound_structural_allocation_v3,GTM,Guatemala,RUS,Russian Federation,2021,62.0,unesco_uis_opri_202602,official_or_reference,100.62180958648678,-38.621809586486776,38.621809586486776,modelled_structural_allocation_total_calibrated
ppml_russia_inbound_structural_allocation_v3,GTM,Guatemala,RUS,Russian Federation,2022,56.0,unesco_uis_opri_202602,official_or_reference,372.21494132083626,-316.21494132083626,316.21494132083626,modelled_structural_allocation_total_calibrated
ppml_russia_inbound_structural_allocation_v3,GTM,Guatemala,RUS,Russian Federation,2023,43.0,unesco_uis_opri_202602,official_or_reference,0.016103093016747446,42.983896906983254,42.983896906983254,modelled_structural_allocation_total_calibrated
ppml_russia_inbound_structural_allocation_v3,GUY,Guyana,RUS,Russian Federation,2011,8.0,unesco_uis_opri_202602,official_or_reference,82.12394378444037,-74.12394378444037,74.12394378444037,modelled_structural_allocation_total_calibrated
ppml_russia_inbound_structural_allocation_v3,GUY,Guyana,RUS,Russian Federation,2014,4.0,unesco_uis_opri_202602,official_or_reference,2070.1520373836306,-2066.1520373836306,2066.1520373836306,modelled_structural_allocation_total_calibrated
ppml_russia_inbound_structural_allocation_v3,GUY,Guyana,RUS,Russian Federation,2016,4.0,unesco_uis_opri_202602,official_or_reference,235.82316804617685,-231.82316804617685,231.82316804617685,modelled_structural_allocation_total_calibrated
ppml_russia_inbound_structural_allocation_v3,GUY,Guyana,RUS,Russian Federation,2017,3.0,unesco_uis_opri_202602,official_or_reference,691.7967367257651,-688.7967367257651,688.7967367257651,modelled_structural_allocation_total_calibrated
ppml_russia_inbound_structural_allocation_v3,GUY,Guyana,RUS,Russian Federation,2018,4.0,unesco_uis_opri_202602,official_or_reference,24.19459178233774,-20.19459178233774,20.19459178233774,modelled_structural_allocation_total_calibrated
ppml_russia_inbound_structural_allocation_v3,GUY,Guyana,RUS,Russian Federation,2019,2.0,unesco_uis_opri_202602,official_or_reference,308.158406590149,-306.158406590149,306.158406590149,modelled_structural_allocation_total_calibrated
ppml_russia_inbound_structural_allocation_v3,GUY,Guyana,RUS,Russian Federation,2020,15.0,unesco_uis_opri_202602,official_or_reference,171.1703765417704,-156.1703765417704,156.1703765417704,modelled_structural_allocation_total_calibrated
ppml_russia_inbound_structural_allocation_v3,GUY,Guyana,RUS,Russian Federation,2021,14.0,unesco_uis_opri_202602,official_or_reference,1914.2690971495447,-1900.2690971495447,1900.2690971495447,modelled_structural_allocation_total_calibrated
ppml_russia_inbound_structural_allocation_v3,GUY,Guyana,RUS,Russian Federation,2022,17.0,unesco_uis_opri_202602,official_or_reference,67.7357474632925,-50.7357474632925,50.7357474632925,modelled_structural_allocation_total_calibrated
ppml_russia_inbound_structural_allocation_v3,GUY,Guyana,RUS,Russian Federation,2023,20.0,unesco_uis_opri_202602,official_or_reference,567.3072079521121,-547.3072079521121,547.3072079521121,modelled_structural_allocation_total_calibrated
ppml_russia_inbound_structural_allocation_v3,HKG,Hong Kong,RUS,Russian Federation,2011,1.0,unesco_uis_opri_202602,official_or_reference,224.943627839531,-223.943627839531,223.943627839531,modelled_structural_allocation_total_calibrated
ppml_russia_inbound_structural_allocation_v3,HKG,Hong Kong,RUS,Russian Federation,2014,2.0,unesco_uis_opri_202602,official_or_reference,106.23866222793782,-104.23866222793782,104.23866222793782,modelled_structural_allocation_total_calibrated
ppml_russia_inbound_structural_allocation_v3,HKG,Hong Kong,RUS,Russian Federation,2016,0.0,unesco_uis_opri_202602,official_or_reference,152.83848707909158,-152.83848707909158,152.83848707909158,modelled_structural_allocation_total_calibrated
ppml_russia_inbound_structural_allocation_v3,HKG,Hong Kong,RUS,Russian Federation,2017,0.0,unesco_uis_opri_202602,official_or_reference,11.157679525792021,-11.157679525792021,11.157679525792021,modelled_structural_allocation_total_calibrated
ppml_russia_inbound_structural_allocation_v3,HKG,Hong Kong,RUS,Russian Federation,2018,2.0,unesco_uis_opri_202602,official_or_reference,82.59586230667706,-80.59586230667706,80.59586230667706,modelled_structural_allocation_total_calibrated
ppml_russia_inbound_structural_allocation_v3,HKG,Hong Kong,RUS,Russian Federation,2019,4.0,unesco_uis_opri_202602,official_or_reference,26.981550530521634,-22.981550530521634,22.981550530521634,modelled_structural_allocation_total_calibrated
ppml_russia_inbound_structural_allocation_v3,HKG,Hong Kong,RUS,Russian Federation,2020,8.0,unesco_uis_opri_202602,official_or_reference,45.914003418936545,-37.914003418936545,37.914003418936545,modelled_structural_allocation_total_calibrated
ppml_russia_inbound_structural_allocation_v3,HKG,Hong Kong,RUS,Russian Federation,2021,9.0,unesco_uis_opri_202602,official_or_reference,218.9570628496866,-209.9570628496866,209.9570628496866,modelled_structural_allocation_total_calibrated
ppml_russia_inbound_structural_allocation_v3,HKG,Hong Kong,RUS,Russian Federation,2022,6.0,unesco_uis_opri_202602,official_or_reference,1577.3243508769513,-1571.3243508769513,1571.3243508769513,modelled_structural_allocation_total_calibrated
ppml_russia_inbound_structural_allocation_v3,HKG,Hong Kong,RUS,Russian Federation,2023,2.0,unesco_uis_opri_202602,official_or_reference,105.40241002641937,-103.40241002641937,103.40241002641937,modelled_structural_allocation_total_calibrated
ppml_russia_inbound_structural_allocation_v3,HND,Honduras,RUS,Russian Federation,2011,0.0,unesco_uis_opri_202602,official_or_reference,14.508581513374107,-14.508581513374107,14.508581513374107,modelled_structural_allocation_total_calibrated
ppml_russia_inbound_structural_allocation_v3,HND,Honduras,RUS,Russian Federation,2014,0.0,unesco_uis_opri_202602,official_or_reference,9.490661360429996,-9.490661360429996,9.490661360429996,modelled_structural_allocation_total_calibrated
ppml_russia_inbound_structural_allocation_v3,HND,Honduras,RUS,Russian Federation,2016,0.0,unesco_uis_opri_202602,official_or_reference,1610.8962480085486,-1610.8962480085486,1610.8962480085486,modelled_structural_allocation_total_calibrated
ppml_russia_inbound_structural_allocation_v3,HND,Honduras,RUS,Russian Federation,2017,0.0,unesco_uis_opri_202602,official_or_reference,213.97409987035041,-213.97409987035041,213.97409987035041,modelled_structural_allocation_total_calibrated
ppml_russia_inbound_structural_allocation_v3,HND,Honduras,RUS,Russian Federation,2018,2.0,unesco_uis_opri_202602,official_or_reference,510.15202513384804,-508.15202513384804,508.15202513384804,modelled_structural_allocation_total_calibrated
ppml_russia_inbound_structural_allocation_v3,HND,Honduras,RUS,Russian Federation,2019,9.0,unesco_uis_opri_202602,official_or_reference,27.874884231734647,-18.874884231734647,18.874884231734647,modelled_structural_allocation_total_calibrated
ppml_russia_inbound_structural_allocation_v3,HND,Honduras,RUS,Russian Federation,2020,19.0,unesco_uis_opri_202602,official_or_reference,4.442883700485672,14.557116299514327,14.557116299514327,modelled_structural_allocation_total_calibrated
ppml_russia_inbound_structural_allocation_v3,HND,Honduras,RUS,Russian Federation,2021,21.0,unesco_uis_opri_202602,official_or_reference,1415.7175493779123,-1394.7175493779123,1394.7175493779123,modelled_structural_allocation_total_calibrated
ppml_russia_inbound_structural_allocation_v3,HND,Honduras,RUS,Russian Federation,2022,26.0,unesco_uis_opri_202602,official_or_reference,2.47692941615589,23.52307058384411,23.52307058384411,modelled_structural_allocation_total_calibrated
ppml_russia_inbound_structural_allocation_v3,HND,Honduras,RUS,Russian Federation,2023,24.0,unesco_uis_opri_202602,official_or_reference,171.3289825411526,-147.3289825411526,147.3289825411526,modelled_structural_allocation_total_calibrated
ppml_russia_inbound_structural_allocation_v3,HRV,Croatia,RUS,Russian Federation,2011,14.0,unesco_uis_opri_202602,official_or_reference,50.46436730537085,-36.46436730537085,36.46436730537085,modelled_structural_allocation_total_calibrated
ppml_russia_inbound_structural_allocation_v3,HRV,Croatia,RUS,Russian Federation,2014,11.0,unesco_uis_opri_202602,official_or_reference,249.2080772221581,-238.2080772221581,238.2080772221581,modelled_structural_allocation_total_calibrated
ppml_russia_inbound_structural_allocation_v3,HRV,Croatia,RUS,Russian Federation,2016,8.0,unesco_uis_opri_202602,official_or_reference,5277.310129621088,-5269.310129621088,5269.310129621088,modelled_structural_allocation_total_calibrated
ppml_russia_inbound_structural_allocation_v3,HRV,Croatia,RUS,Russian Federation,2017,9.0,unesco_uis_opri_202602,official_or_reference,0.005346676681891528,8.994653323318108,8.994653323318108,modelled_structural_allocation_total_calibrated
ppml_russia_inbound_structural_allocation_v3,HRV,Croatia,RUS,Russian Federation,2018,8.0,unesco_uis_opri_202602,official_or_reference,30991.686949301627,-30983.686949301627,30983.686949301627,modelled_structural_allocation_total_calibrated
ppml_russia_inbound_structural_allocation_v3,HRV,Croatia,RUS,Russian Federation,2019,9.0,unesco_uis_opri_202602,official_or_reference,68.25768789169256,-59.257687891692555,59.257687891692555,modelled_structural_allocation_total_calibrated
ppml_russia_inbound_structural_allocation_v3,HRV,Croatia,RUS,Russian Federation,2020,25.0,unesco_uis_opri_202602,official_or_reference,1.207097380937581,23.79290261906242,23.79290261906242,modelled_structural_allocation_total_calibrated
ppml_russia_inbound_structural_allocation_v3,HRV,Croatia,RUS,Russian Federation,2021,29.0,unesco_uis_opri_202602,official_or_reference,10.410803560098636,18.589196439901364,18.589196439901364,modelled_structural_allocation_total_calibrated
ppml_russia_inbound_structural_allocation_v3,HRV,Croatia,RUS,Russian Federation,2022,30.0,unesco_uis_opri_202602,official_or_reference,256.2478600286597,-226.24786002865972,226.24786002865972,modelled_structural_allocation_total_calibrated
ppml_russia_inbound_structural_allocation_v3,HRV,Croatia,RUS,Russian Federation,2023,19.0,unesco_uis_opri_202602,official_or_reference,5403.9372524876635,-5384.9372524876635,5384.9372524876635,modelled_structural_allocation_total_calibrated
ppml_russia_inbound_structural_allocation_v3,HTI,Haiti,RUS,Russian Federation,2011,63.0,unesco_uis_opri_202602,official_or_reference,0.2567527450886546,62.743247254911346,62.743247254911346,modelled_structural_allocation_total_calibrated
ppml_russia_inbound_structural_allocation_v3,HTI,Haiti,RUS,Russian Federation,2014,11.0,unesco_uis_opri_202602,official_or_reference,236.94471795343603,-225.94471795343603,225.94471795343603,modelled_structural_allocation_total_calibrated
ppml_russia_inbound_structural_allocation_v3,HTI,Haiti,RUS,Russian Federation,2016,14.0,unesco_uis_opri_202602,official_or_reference,176.72054428801175,-162.72054428801175,162.72054428801175,modelled_structural_allocation_total_calibrated
ppml_russia_inbound_structural_allocation_v3,HTI,Haiti,RUS,Russian Federation,2017,14.0,unesco_uis_opri_202602,official_or_reference,3476.0780941136895,-3462.0780941136895,3462.0780941136895,modelled_structural_allocation_total_calibrated
ppml_russia_inbound_structural_allocation_v3,HTI,Haiti,RUS,Russian Federation,2018,22.0,unesco_uis_opri_202602,official_or_reference,18.53863248471777,3.4613675152822303,3.4613675152822303,modelled_structural_allocation_total_calibrated
ppml_russia_inbound_structural_allocation_v3,HTI,Haiti,RUS,Russian Federation,2019,31.0,unesco_uis_opri_202602,official_or_reference,36110.06902029573,-36079.06902029573,36079.06902029573,modelled_structural_allocation_total_calibrated
ppml_russia_inbound_structural_allocation_v3,HTI,Haiti,RUS,Russian Federation,2020,302.0,unesco_uis_opri_202602,official_or_reference,0.001259163083871305,301.9987408369161,301.9987408369161,modelled_structural_allocation_total_calibrated
ppml_russia_inbound_structural_allocation_v3,HTI,Haiti,RUS,Russian Federation,2021,447.0,unesco_uis_opri_202602,official_or_reference,4.93462760653899,442.065372393461,442.065372393461,modelled_structural_allocation_total_calibrated
ppml_russia_inbound_structural_allocation_v3,HTI,Haiti,RUS,Russian Federation,2022,618.0,unesco_uis_opri_202602,official_or_reference,447.0876260554237,170.9123739445763,170.9123739445763,modelled_structural_allocation_total_calibrated
ppml_russia_inbound_structural_allocation_v3,HTI,Haiti,RUS,Russian Federation,2023,609.0,unesco_uis_opri_202602,official_or_reference,2.0324373189950324,606.967562681005,606.967562681005,modelled_structural_allocation_total_calibrated
ppml_russia_inbound_structural_allocation_v3,HUN,Hungary,RUS,Russian Federation,2011,17.0,unesco_uis_opri_202602,official_or_reference,1.1518245039943271,15.848175496005673,15.848175496005673,modelled_structural_allocation_total_calibrated
ppml_russia_inbound_structural_allocation_v3,HUN,Hungary,RUS,Russian Federation,2014,4.0,unesco_uis_opri_202602,official_or_reference,1034.0939017667924,-1030.0939017667924,1030.0939017667924,modelled_structural_allocation_total_calibrated
ppml_russia_inbound_structural_allocation_v3,HUN,Hungary,RUS,Russian Federation,2016,8.0,unesco_uis_opri_202602,official_or_reference,3.7634332830543062,4.236566716945694,4.236566716945694,modelled_structural_allocation_total_calibrated
ppml_russia_inbound_structural_allocation_v3,HUN,Hungary,RUS,Russian Federation,2017,14.0,unesco_uis_opri_202602,official_or_reference,3.4872357862907415,10.512764213709259,10.512764213709259,modelled_structural_allocation_total_calibrated
ppml_russia_inbound_structural_allocation_v3,HUN,Hungary,RUS,Russian Federation,2018,13.0,unesco_uis_opri_202602,official_or_reference,427.66946192452724,-414.66946192452724,414.66946192452724,modelled_structural_allocation_total_calibrated
ppml_russia_inbound_structural_allocation_v3,HUN,Hungary,RUS,Russian Federation,2019,30.0,unesco_uis_opri_202602,official_or_reference,134.6570824936992,-104.65708249369919,104.65708249369919,modelled_structural_allocation_total_calibrated
ppml_russia_inbound_structural_allocation_v3,HUN,Hungary,RUS,Russian Federation,2020,42.0,unesco_uis_opri_202602,official_or_reference,124.97208713215737,-82.97208713215737,82.97208713215737,modelled_structural_allocation_total_calibrated
ppml_russia_inbound_structural_allocation_v3,HUN,Hungary,RUS,Russian Federation,2021,58.0,unesco_uis_opri_202602,official_or_reference,338.8182251889129,-280.8182251889129,280.8182251889129,modelled_structural_allocation_total_calibrated
ppml_russia_inbound_structural_allocation_v3,HUN,Hungary,RUS,Russian Federation,2022,44.0,unesco_uis_opri_202602,official_or_reference,3.0099914765182,40.9900085234818,40.9900085234818,modelled_structural_allocation_total_calibrated
ppml_russia_inbound_structural_allocation_v3,HUN,Hungary,RUS,Russian Federation,2023,29.0,unesco_uis_opri_202602,official_or_reference,1191.2385317131643,-1162.2385317131643,1162.2385317131643,modelled_structural_allocation_total_calibrated
ppml_russia_inbound_structural_allocation_v3,IDN,Indonesia,RUS,Russian Federation,2011,74.0,unesco_uis_opri_202602,official_or_reference,304.5686755632764,-230.56867556327637,230.56867556327637,modelled_structural_allocation_total_calibrated
ppml_russia_inbound_structural_allocation_v3,IDN,Indonesia,RUS,Russian Federation,2014,11.0,unesco_uis_opri_202602,official_or_reference,0.029271018746335295,10.970728981253664,10.970728981253664,modelled_structural_allocation_total_calibrated
ppml_russia_inbound_structural_allocation_v3,IDN,Indonesia,RUS,Russian Federation,2016,20.0,unesco_uis_opri_202602,official_or_reference,1054.4741132290665,-1034.4741132290665,1034.4741132290665,modelled_structural_allocation_total_calibrated
ppml_russia_inbound_structural_allocation_v3,IDN,Indonesia,RUS,Russian Federation,2017,56.0,unesco_uis_opri_202602,official_or_reference,207.16628679795937,-151.16628679795937,151.16628679795937,modelled_structural_allocation_total_calibrated
ppml_russia_inbound_structural_allocation_v3,IDN,Indonesia,RUS,Russian Federation,2018,75.0,unesco_uis_opri_202602,official_or_reference,261.65795752798397,-186.65795752798397,186.65795752798397,modelled_structural_allocation_total_calibrated
ppml_russia_inbound_structural_allocation_v3,IDN,Indonesia,RUS,Russian Federation,2019,71.0,unesco_uis_opri_202602,official_or_reference,125.3720785958767,-54.3720785958767,54.3720785958767,modelled_structural_allocation_total_calibrated
ppml_russia_inbound_structural_allocation_v3,IDN,Indonesia,RUS,Russian Federation,2020,540.0,unesco_uis_opri_202602,official_or_reference,4092.6585761369647,-3552.6585761369647,3552.6585761369647,modelled_structural_allocation_total_calibrated
ppml_russia_inbound_structural_allocation_v3,IDN,Indonesia,RUS,Russian Federation,2021,524.0,unesco_uis_opri_202602,official_or_reference,3.891964829182274,520.1080351708177,520.1080351708177,modelled_structural_allocation_total_calibrated
ppml_russia_inbound_structural_allocation_v3,IDN,Indonesia,RUS,Russian Federation,2022,516.0,unesco_uis_opri_202602,official_or_reference,22.06490758754759,493.93509241245243,493.93509241245243,modelled_structural_allocation_total_calibrated
ppml_russia_inbound_structural_allocation_v3,IDN,Indonesia,RUS,Russian Federation,2023,556.0,unesco_uis_opri_202602,official_or_reference,494.0699767898458,61.93002321015422,61.93002321015422,modelled_structural_allocation_total_calibrated
ppml_russia_inbound_structural_allocation_v3,IND,India,RUS,Russian Federation,2011,3351.0,unesco_uis_opri_202602,official_or_reference,8186.356434435383,-4835.356434435383,4835.356434435383,modelled_structural_allocation_total_calibrated
ppml_russia_inbound_structural_allocation_v3,IND,India,RUS,Russian Federation,2014,2630.0,unesco_uis_opri_202602,official_or_reference,173.71004977881412,2456.289950221186,2456.289950221186,modelled_structural_allocation_total_calibrated
ppml_russia_inbound_structural_allocation_v3,IND,India,RUS,Russian Federation,2016,5250.0,unesco_uis_opri_202602,official_or_reference,1103.913193680158,4146.086806319842,4146.086806319842,modelled_structural_allocation_total_calibrated
ppml_russia_inbound_structural_allocation_v3,IND,India,RUS,Russian Federation,2017,6544.0,unesco_uis_opri_202602,official_or_reference,72.12959931123089,6471.870400688769,6471.870400688769,modelled_structural_allocation_total_calibrated
ppml_russia_inbound_structural_allocation_v3,IND,India,RUS,Russian Federation,2018,9236.0,unesco_uis_opri_202602,official_or_reference,124.09951848397897,9111.90048151602,9111.90048151602,modelled_structural_allocation_total_calibrated
ppml_russia_inbound_structural_allocation_v3,IND,India,RUS,Russian Federation,2019,12105.0,unesco_uis_opri_202602,official_or_reference,856.2197634579684,11248.780236542032,11248.780236542032,modelled_structural_allocation_total_calibrated
ppml_russia_inbound_structural_allocation_v3,IND,India,RUS,Russian Federation,2020,15910.0,unesco_uis_opri_202602,official_or_reference,1462.603623181572,14447.396376818428,14447.396376818428,modelled_structural_allocation_total_calibrated
ppml_russia_inbound_structural_allocation_v3,IND,India,RUS,Russian Federation,2021,16861.0,unesco_uis_opri_202602,official_or_reference,95.8784373396702,16765.12156266033,16765.12156266033,modelled_structural_allocation_total_calibrated
ppml_russia_inbound_structural_allocation_v3,IND,India,RUS,Russian Federation,2022,19734.0,unesco_uis_opri_202602,official_or_reference,3.921941606937348,19730.07805839306,19730.07805839306,modelled_structural_allocation_total_calibrated
ppml_russia_inbound_structural_allocation_v3,IND,India,RUS,Russian Federation,2023,24904.0,unesco_uis_opri_202602,official_or_reference,1024.638649403133,23879.361350596868,23879.361350596868,modelled_structural_allocation_total_calibrated
ppml_russia_inbound_structural_allocation_v3,IRL,Ireland,RUS,Russian Federation,2011,0.0,unesco_uis_opri_202602,official_or_reference,16314.714860841652,-16314.714860841652,16314.714860841652,modelled_structural_allocation_total_calibrated
ppml_russia_inbound_structural_allocation_v3,IRL,Ireland,RUS,Russian Federation,2014,1.0,unesco_uis_opri_202602,official_or_reference,4.890867368389091,-3.890867368389091,3.890867368389091,modelled_structural_allocation_total_calibrated
ppml_russia_inbound_structural_allocation_v3,IRL,Ireland,RUS,Russian Federation,2016,5.0,unesco_uis_opri_202602,official_or_reference,19.46485819021836,-14.464858190218362,14.464858190218362,modelled_structural_allocation_total_calibrated
ppml_russia_inbound_structural_allocation_v3,IRL,Ireland,RUS,Russian Federation,2017,8.0,unesco_uis_opri_202602,official_or_reference,215.9292162058104,-207.9292162058104,207.9292162058104,modelled_structural_allocation_total_calibrated
ppml_russia_inbound_structural_allocation_v3,IRL,Ireland,RUS,Russian Federation,2018,4.0,unesco_uis_opri_202602,official_or_reference,381.79562220322873,-377.79562220322873,377.79562220322873,modelled_structural_allocation_total_calibrated
ppml_russia_inbound_structural_allocation_v3,IRL,Ireland,RUS,Russian Federation,2019,7.0,unesco_uis_opri_202602,official_or_reference,4.021970169853029,2.978029830146971,2.978029830146971,modelled_structural_allocation_total_calibrated
ppml_russia_inbound_structural_allocation_v3,IRL,Ireland,RUS,Russian Federation,2020,5.0,unesco_uis_opri_202602,official_or_reference,43.714433196934145,-38.714433196934145,38.714433196934145,modelled_structural_allocation_total_calibrated
ppml_russia_inbound_structural_allocation_v3,IRL,Ireland,RUS,Russian Federation,2021,11.0,unesco_uis_opri_202602,official_or_reference,82.5385077952091,-71.5385077952091,71.5385077952091,modelled_structural_allocation_total_calibrated
ppml_russia_inbound_structural_allocation_v3,IRL,Ireland,RUS,Russian Federation,2022,10.0,unesco_uis_opri_202602,official_or_reference,15.465916992264827,-5.465916992264827,5.465916992264827,modelled_structural_allocation_total_calibrated
ppml_russia_inbound_structural_allocation_v3,IRL,Ireland,RUS,Russian Federation,2023,5.0,unesco_uis_opri_202602,official_or_reference,69.90288835899095,-64.90288835899095,64.90288835899095,modelled_structural_allocation_total_calibrated
ppml_russia_inbound_structural_allocation_v3,IRN,"Iran, Islamic Republic of",RUS,Russian Federation,2011,206.0,unesco_uis_opri_202602,official_or_reference,16.842607923051656,189.15739207694835,189.15739207694835,modelled_structural_allocation_total_calibrated
ppml_russia_inbound_structural_allocation_v3,IRN,"Iran, Islamic Republic of",RUS,Russian Federation,2014,147.0,unesco_uis_opri_202602,official_or_reference,592.5699663875713,-445.5699663875713,445.5699663875713,modelled_structural_allocation_total_calibrated
ppml_russia_inbound_structural_allocation_v3,IRN,"Iran, Islamic Republic of",RUS,Russian Federation,2016,113.0,unesco_uis_opri_202602,official_or_reference,54.546882540891325,58.453117459108675,58.453117459108675,modelled_structural_allocation_total_calibrated
ppml_russia_inbound_structural_allocation_v3,IRN,"Iran, Islamic Republic of",RUS,Russian Federation,2017,184.0,unesco_uis_opri_202602,official_or_reference,20167.906465578904,-19983.906465578904,19983.906465578904,modelled_structural_allocation_total_calibrated
ppml_russia_inbound_structural_allocation_v3,IRN,"Iran, Islamic Republic of",RUS,Russian Federation,2018,724.0,unesco_uis_opri_202602,official_or_reference,111.10484969008596,612.895150309914,612.895150309914,modelled_structural_allocation_total_calibrated
ppml_russia_inbound_structural_allocation_v3,IRN,"Iran, Islamic Republic of",RUS,Russian Federation,2019,1836.0,unesco_uis_opri_202602,official_or_reference,212.58348442679463,1623.4165155732053,1623.4165155732053,modelled_structural_allocation_total_calibrated
ppml_russia_inbound_structural_allocation_v3,IRN,"Iran, Islamic Republic of",RUS,Russian Federation,2020,3838.0,unesco_uis_opri_202602,official_or_reference,202.61462418991255,3635.3853758100877,3635.3853758100877,modelled_structural_allocation_total_calibrated
ppml_russia_inbound_structural_allocation_v3,IRN,"Iran, Islamic Republic of",RUS,Russian Federation,2021,4855.0,unesco_uis_opri_202602,official_or_reference,160.41044476736622,4694.589555232634,4694.589555232634,modelled_structural_allocation_total_calibrated
ppml_russia_inbound_structural_allocation_v3,IRN,"Iran, Islamic Republic of",RUS,Russian Federation,2022,6735.0,unesco_uis_opri_202602,official_or_reference,0.5131193247529005,6734.486880675247,6734.486880675247,modelled_structural_allocation_total_calibrated
ppml_russia_inbound_structural_allocation_v3,IRN,"Iran, Islamic Republic of",RUS,Russian Federation,2023,8462.0,unesco_uis_opri_202602,official_or_reference,193.7686139613812,8268.231386038618,8268.231386038618,modelled_structural_allocation_total_calibrated
ppml_russia_inbound_structural_allocation_v3,IRQ,Iraq,RUS,Russian Federation,2011,376.0,unesco_uis_opri_202602,official_or_reference,67.28996144122443,308.7100385587756,308.7100385587756,modelled_structural_allocation_total_calibrated
ppml_russia_inbound_structural_allocation_v3,IRQ,Iraq,RUS,Russian Federation,2014,317.0,unesco_uis_opri_202602,official_or_reference,16.87120471669671,300.1287952833033,300.1287952833033,modelled_structural_allocation_total_calibrated
ppml_russia_inbound_structural_allocation_v3,IRQ,Iraq,RUS,Russian Federation,2016,845.0,unesco_uis_opri_202602,official_or_reference,14.226234296691269,830.7737657033088,830.7737657033088,modelled_structural_allocation_total_calibrated
ppml_russia_inbound_structural_allocation_v3,IRQ,Iraq,RUS,Russian Federation,2017,1530.0,unesco_uis_opri_202602,official_or_reference,65.40439109942658,1464.5956089005733,1464.5956089005733,modelled_structural_allocation_total_calibrated
ppml_russia_inbound_structural_allocation_v3,IRQ,Iraq,RUS,Russian Federation,2018,2312.0,unesco_uis_opri_202602,official_or_reference,1.1105240583957794,2310.8894759416044,2310.8894759416044,modelled_structural_allocation_total_calibrated
ppml_russia_inbound_structural_allocation_v3,IRQ,Iraq,RUS,Russian Federation,2019,2776.0,unesco_uis_opri_202602,official_or_reference,759.1875304604054,2016.8124695395945,2016.8124695395945,modelled_structural_allocation_total_calibrated
ppml_russia_inbound_structural_allocation_v3,IRQ,Iraq,RUS,Russian Federation,2020,4717.0,unesco_uis_opri_202602,official_or_reference,1005.7976343775565,3711.2023656224437,3711.2023656224437,modelled_structural_allocation_total_calibrated
ppml_russia_inbound_structural_allocation_v3,IRQ,Iraq,RUS,Russian Federation,2021,4388.0,unesco_uis_opri_202602,official_or_reference,5289.801197639191,-901.8011976391908,901.8011976391908,modelled_structural_allocation_total_calibrated
ppml_russia_inbound_structural_allocation_v3,IRQ,Iraq,RUS,Russian Federation,2022,3594.0,unesco_uis_opri_202602,official_or_reference,195.61301711090763,3398.3869828890925,3398.3869828890925,modelled_structural_allocation_total_calibrated
ppml_russia_inbound_structural_allocation_v3,IRQ,Iraq,RUS,Russian Federation,2023,2919.0,unesco_uis_opri_202602,official_or_reference,1.0787330437195326,2917.9212669562803,2917.9212669562803,modelled_structural_allocation_total_calibrated
ppml_russia_inbound_structural_allocation_v3,ISL,Iceland,RUS,Russian Federation,2011,2.0,unesco_uis_opri_202602,official_or_reference,547.6179539829417,-545.6179539829417,545.6179539829417,modelled_structural_allocation_total_calibrated
ppml_russia_inbound_structural_allocation_v3,ISL,Iceland,RUS,Russian Federation,2014,0.0,unesco_uis_opri_202602,official_or_reference,35.55476254471911,-35.55476254471911,35.55476254471911,modelled_structural_allocation_total_calibrated
ppml_russia_inbound_structural_allocation_v3,ISL,Iceland,RUS,Russian Federation,2016,1.0,unesco_uis_opri_202602,official_or_reference,633.1263302612855,-632.1263302612855,632.1263302612855,modelled_structural_allocation_total_calibrated
ppml_russia_inbound_structural_allocation_v3,ISL,Iceland,RUS,Russian Federation,2017,2.0,unesco_uis_opri_202602,official_or_reference,128.1868436383378,-126.18684363833779,126.18684363833779,modelled_structural_allocation_total_calibrated
ppml_russia_inbound_structural_allocation_v3,ISL,Iceland,RUS,Russian Federation,2018,2.0,unesco_uis_opri_202602,official_or_reference,1070.2170704549487,-1068.2170704549487,1068.2170704549487,modelled_structural_allocation_total_calibrated
ppml_russia_inbound_structural_allocation_v3,ISL,Iceland,RUS,Russian Federation,2019,1.0,unesco_uis_opri_202602,official_or_reference,125.15452886028588,-124.15452886028588,124.15452886028588,modelled_structural_allocation_total_calibrated
ppml_russia_inbound_structural_allocation_v3,ISL,Iceland,RUS,Russian Federation,2020,0.0,unesco_uis_opri_202602,official_or_reference,2944.5372795660624,-2944.5372795660624,2944.5372795660624,modelled_structural_allocation_total_calibrated
ppml_russia_inbound_structural_allocation_v3,ISL,Iceland,RUS,Russian Federation,2021,1.0,unesco_uis_opri_202602,official_or_reference,511.7355778489179,-510.7355778489179,510.7355778489179,modelled_structural_allocation_total_calibrated
ppml_russia_inbound_structural_allocation_v3,ISL,Iceland,RUS,Russian Federation,2022,0.0,unesco_uis_opri_202602,official_or_reference,233.88686960256484,-233.88686960256484,233.88686960256484,modelled_structural_allocation_total_calibrated
ppml_russia_inbound_structural_allocation_v3,ISL,Iceland,RUS,Russian Federation,2023,1.0,unesco_uis_opri_202602,official_or_reference,647.6736612494856,-646.6736612494856,646.6736612494856,modelled_structural_allocation_total_calibrated
ppml_russia_inbound_structural_allocation_v3,ISR,Israel,RUS,Russian Federation,2011,364.0,unesco_uis_opri_202602,official_or_reference,7.08755797558506,356.91244202441493,356.91244202441493,modelled_structural_allocation_total_calibrated
ppml_russia_inbound_structural_allocation_v3,ISR,Israel,RUS,Russian Federation,2014,300.0,unesco_uis_opri_202602,official_or_reference,3650.685459907682,-3350.685459907682,3350.685459907682,modelled_structural_allocation_total_calibrated
ppml_russia_inbound_structural_allocation_v3,ISR,Israel,RUS,Russian Federation,2016,326.0,unesco_uis_opri_202602,official_or_reference,0.2564567029983547,325.7435432970016,325.7435432970016,modelled_structural_allocation_total_calibrated
ppml_russia_inbound_structural_allocation_v3,ISR,Israel,RUS,Russian Federation,2017,350.0,unesco_uis_opri_202602,official_or_reference,25.164277757512384,324.83572224248763,324.83572224248763,modelled_structural_allocation_total_calibrated
ppml_russia_inbound_structural_allocation_v3,ISR,Israel,RUS,Russian Federation,2018,367.0,unesco_uis_opri_202602,official_or_reference,1949.3255398266738,-1582.3255398266738,1582.3255398266738,modelled_structural_allocation_total_calibrated
ppml_russia_inbound_structural_allocation_v3,ISR,Israel,RUS,Russian Federation,2019,407.0,unesco_uis_opri_202602,official_or_reference,691.6553459234539,-284.65534592345386,284.65534592345386,modelled_structural_allocation_total_calibrated
ppml_russia_inbound_structural_allocation_v3,ISR,Israel,RUS,Russian Federation,2020,600.0,unesco_uis_opri_202602,official_or_reference,106.39231171055307,493.6076882894469,493.6076882894469,modelled_structural_allocation_total_calibrated
ppml_russia_inbound_structural_allocation_v3,ISR,Israel,RUS,Russian Federation,2021,596.0,unesco_uis_opri_202602,official_or_reference,17.81414810172605,578.185851898274,578.185851898274,modelled_structural_allocation_total_calibrated
ppml_russia_inbound_structural_allocation_v3,ISR,Israel,RUS,Russian Federation,2022,590.0,unesco_uis_opri_202602,official_or_reference,121.64798205031965,468.3520179496803,468.3520179496803,modelled_structural_allocation_total_calibrated
ppml_russia_inbound_structural_allocation_v3,ISR,Israel,RUS,Russian Federation,2023,582.0,unesco_uis_opri_202602,official_or_reference,68.48333768200801,513.516662317992,513.516662317992,modelled_structural_allocation_total_calibrated
ppml_russia_inbound_structural_allocation_v3,ITA,Italy,RUS,Russian Federation,2011,52.0,unesco_uis_opri_202602,official_or_reference,20.415558990281212,31.584441009718788,31.584441009718788,modelled_structural_allocation_total_calibrated
ppml_russia_inbound_structural_allocation_v3,ITA,Italy,RUS,Russian Federation,2014,77.0,unesco_uis_opri_202602,official_or_reference,27.32363224849896,49.67636775150104,49.67636775150104,modelled_structural_allocation_total_calibrated
ppml_russia_inbound_structural_allocation_v3,ITA,Italy,RUS,Russian Federation,2016,170.0,unesco_uis_opri_202602,official_or_reference,2551.1935054527235,-2381.1935054527235,2381.1935054527235,modelled_structural_allocation_total_calibrated
ppml_russia_inbound_structural_allocation_v3,ITA,Italy,RUS,Russian Federation,2017,163.0,unesco_uis_opri_202602,official_or_reference,3.019942059935649,159.98005794006434,159.98005794006434,modelled_structural_allocation_total_calibrated
ppml_russia_inbound_structural_allocation_v3,ITA,Italy,RUS,Russian Federation,2018,192.0,unesco_uis_opri_202602,official_or_reference,31.184025640541716,160.8159743594583,160.8159743594583,modelled_structural_allocation_total_calibrated
ppml_russia_inbound_structural_allocation_v3,ITA,Italy,RUS,Russian Federation,2019,316.0,unesco_uis_opri_202602,official_or_reference,21.783800004173226,294.2161999958268,294.2161999958268,modelled_structural_allocation_total_calibrated
ppml_russia_inbound_structural_allocation_v3,ITA,Italy,RUS,Russian Federation,2020,248.0,unesco_uis_opri_202602,official_or_reference,180.79089030712726,67.20910969287274,67.20910969287274,modelled_structural_allocation_total_calibrated
ppml_russia_inbound_structural_allocation_v3,ITA,Italy,RUS,Russian Federation,2021,279.0,unesco_uis_opri_202602,official_or_reference,20.517411917683056,258.48258808231697,258.48258808231697,modelled_structural_allocation_total_calibrated
ppml_russia_inbound_structural_allocation_v3,ITA,Italy,RUS,Russian Federation,2022,177.0,unesco_uis_opri_202602,official_or_reference,665.3250587566986,-488.3250587566986,488.3250587566986,modelled_structural_allocation_total_calibrated
ppml_russia_inbound_structural_allocation_v3,ITA,Italy,RUS,Russian Federation,2023,130.0,unesco_uis_opri_202602,official_or_reference,98.99286913954128,31.007130860458716,31.007130860458716,modelled_structural_allocation_total_calibrated
ppml_russia_inbound_structural_allocation_v3,JAM,Jamaica,RUS,Russian Federation,2011,15.0,unesco_uis_opri_202602,official_or_reference,1101.3223609598617,-1086.3223609598617,1086.3223609598617,modelled_structural_allocation_total_calibrated
ppml_russia_inbound_structural_allocation_v3,JAM,Jamaica,RUS,Russian Federation,2014,13.0,unesco_uis_opri_202602,official_or_reference,859.5930025159337,-846.5930025159337,846.5930025159337,modelled_structural_allocation_total_calibrated
ppml_russia_inbound_structural_allocation_v3,JAM,Jamaica,RUS,Russian Federation,2016,8.0,unesco_uis_opri_202602,official_or_reference,8971.870602956336,-8963.870602956336,8963.870602956336,modelled_structural_allocation_total_calibrated
ppml_russia_inbound_structural_allocation_v3,JAM,Jamaica,RUS,Russian Federation,2017,34.0,unesco_uis_opri_202602,official_or_reference,386.45544923405487,-352.45544923405487,352.45544923405487,modelled_structural_allocation_total_calibrated
ppml_russia_inbound_structural_allocation_v3,JAM,Jamaica,RUS,Russian Federation,2018,36.0,unesco_uis_opri_202602,official_or_reference,1839.8229806008555,-1803.8229806008555,1803.8229806008555,modelled_structural_allocation_total_calibrated
ppml_russia_inbound_structural_allocation_v3,JAM,Jamaica,RUS,Russian Federation,2019,31.0,unesco_uis_opri_202602,official_or_reference,1561.858559427664,-1530.858559427664,1530.858559427664,modelled_structural_allocation_total_calibrated
ppml_russia_inbound_structural_allocation_v3,JAM,Jamaica,RUS,Russian Federation,2020,16.0,unesco_uis_opri_202602,official_or_reference,162.37637150744987,-146.37637150744987,146.37637150744987,modelled_structural_allocation_total_calibrated
ppml_russia_inbound_structural_allocation_v3,JAM,Jamaica,RUS,Russian Federation,2021,13.0,unesco_uis_opri_202602,official_or_reference,13.409177184334357,-0.40917718433435724,0.40917718433435724,modelled_structural_allocation_total_calibrated
ppml_russia_inbound_structural_allocation_v3,JAM,Jamaica,RUS,Russian Federation,2022,22.0,unesco_uis_opri_202602,official_or_reference,4330.836091512233,-4308.836091512233,4308.836091512233,modelled_structural_allocation_total_calibrated
ppml_russia_inbound_structural_allocation_v3,JAM,Jamaica,RUS,Russian Federation,2023,27.0,unesco_uis_opri_202602,official_or_reference,26.574860063241523,0.4251399367584767,0.4251399367584767,modelled_structural_allocation_total_calibrated
ppml_russia_inbound_structural_allocation_v3,JOR,Jordan,RUS,Russian Federation,2011,421.0,unesco_uis_opri_202602,official_or_reference,355.4447722877519,65.5552277122481,65.5552277122481,modelled_structural_allocation_total_calibrated
ppml_russia_inbound_structural_allocation_v3,JOR,Jordan,RUS,Russian Federation,2014,235.0,unesco_uis_opri_202602,official_or_reference,101.52666774726484,133.47333225273516,133.47333225273516,modelled_structural_allocation_total_calibrated
ppml_russia_inbound_structural_allocation_v3,JOR,Jordan,RUS,Russian Federation,2016,527.0,unesco_uis_opri_202602,official_or_reference,13841.651412409046,-13314.651412409046,13314.651412409046,modelled_structural_allocation_total_calibrated
ppml_russia_inbound_structural_allocation_v3,JOR,Jordan,RUS,Russian Federation,2017,605.0,unesco_uis_opri_202602,official_or_reference,189.64321227365616,415.35678772634384,415.35678772634384,modelled_structural_allocation_total_calibrated
ppml_russia_inbound_structural_allocation_v3,JOR,Jordan,RUS,Russian Federation,2018,696.0,unesco_uis_opri_202602,official_or_reference,2872.5409780585046,-2176.5409780585046,2176.5409780585046,modelled_structural_allocation_total_calibrated
ppml_russia_inbound_structural_allocation_v3,JOR,Jordan,RUS,Russian Federation,2019,838.0,unesco_uis_opri_202602,official_or_reference,239.36009038271092,598.639909617289,598.639909617289,modelled_structural_allocation_total_calibrated
ppml_russia_inbound_structural_allocation_v3,JOR,Jordan,RUS,Russian Federation,2020,1542.0,unesco_uis_opri_202602,official_or_reference,1.443538957027329,1540.5564610429726,1540.5564610429726,modelled_structural_allocation_total_calibrated
ppml_russia_inbound_structural_allocation_v3,JOR,Jordan,RUS,Russian Federation,2021,1498.0,unesco_uis_opri_202602,official_or_reference,1.4387827756968155,1496.5612172243032,1496.5612172243032,modelled_structural_allocation_total_calibrated
ppml_russia_inbound_structural_allocation_v3,JOR,Jordan,RUS,Russian Federation,2022,1600.0,unesco_uis_opri_202602,official_or_reference,380.0841001254054,1219.9158998745945,1219.9158998745945,modelled_structural_allocation_total_calibrated
ppml_russia_inbound_structural_allocation_v3,JOR,Jordan,RUS,Russian Federation,2023,1605.0,unesco_uis_opri_202602,official_or_reference,292.2249317363002,1312.7750682636997,1312.7750682636997,modelled_structural_allocation_total_calibrated
ppml_russia_inbound_structural_allocation_v3,JPN,Japan,RUS,Russian Federation,2011,95.0,unesco_uis_opri_202602,official_or_reference,148.61602377665702,-53.616023776657016,53.616023776657016,modelled_structural_allocation_total_calibrated
ppml_russia_inbound_structural_allocation_v3,JPN,Japan,RUS,Russian Federation,2014,70.0,unesco_uis_opri_202602,official_or_reference,328.783789326654,-258.783789326654,258.783789326654,modelled_structural_allocation_total_calibrated
ppml_russia_inbound_structural_allocation_v3,JPN,Japan,RUS,Russian Federation,2016,84.0,unesco_uis_opri_202602,official_or_reference,9.015636565898133,74.98436343410187,74.98436343410187,modelled_structural_allocation_total_calibrated
ppml_russia_inbound_structural_allocation_v3,JPN,Japan,RUS,Russian Federation,2017,45.0,unesco_uis_opri_202602,official_or_reference,221.98764402587477,-176.98764402587477,176.98764402587477,modelled_structural_allocation_total_calibrated
ppml_russia_inbound_structural_allocation_v3,JPN,Japan,RUS,Russian Federation,2018,172.0,unesco_uis_opri_202602,official_or_reference,6.72327152410726,165.27672847589275,165.27672847589275,modelled_structural_allocation_total_calibrated
ppml_russia_inbound_structural_allocation_v3,JPN,Japan,RUS,Russian Federation,2019,180.0,unesco_uis_opri_202602,official_or_reference,60.41053243339222,119.58946756660778,119.58946756660778,modelled_structural_allocation_total_calibrated
ppml_russia_inbound_structural_allocation_v3,JPN,Japan,RUS,Russian Federation,2020,105.0,unesco_uis_opri_202602,official_or_reference,293.9394370470264,-188.9394370470264,188.9394370470264,modelled_structural_allocation_total_calibrated
ppml_russia_inbound_structural_allocation_v3,JPN,Japan,RUS,Russian Federation,2021,137.0,unesco_uis_opri_202602,official_or_reference,39.75992218179797,97.24007781820202,97.24007781820202,modelled_structural_allocation_total_calibrated
ppml_russia_inbound_structural_allocation_v3,JPN,Japan,RUS,Russian Federation,2022,110.0,unesco_uis_opri_202602,official_or_reference,912.7680275594645,-802.7680275594645,802.7680275594645,modelled_structural_allocation_total_calibrated
ppml_russia_inbound_structural_allocation_v3,JPN,Japan,RUS,Russian Federation,2023,78.0,unesco_uis_opri_202602,official_or_reference,1323.8177095166725,-1245.8177095166725,1245.8177095166725,modelled_structural_allocation_total_calibrated
ppml_russia_inbound_structural_allocation_v3,KAZ,Kazakhstan,RUS,Russian Federation,2011,29865.0,unesco_uis_opri_202602,official_or_reference,657.9504484156646,29207.049551584336,29207.049551584336,modelled_structural_allocation_total_calibrated
ppml_russia_inbound_structural_allocation_v3,KAZ,Kazakhstan,RUS,Russian Federation,2014,49252.0,unesco_uis_opri_202602,official_or_reference,28.997358380018127,49223.00264161998,49223.00264161998,modelled_structural_allocation_total_calibrated
ppml_russia_inbound_structural_allocation_v3,KAZ,Kazakhstan,RUS,Russian Federation,2016,69895.0,unesco_uis_opri_202602,official_or_reference,656.026249504966,69238.97375049503,69238.97375049503,modelled_structural_allocation_total_calibrated
ppml_russia_inbound_structural_allocation_v3,KAZ,Kazakhstan,RUS,Russian Federation,2017,65237.0,unesco_uis_opri_202602,official_or_reference,50.08569493697525,65186.91430506302,65186.91430506302,modelled_structural_allocation_total_calibrated
ppml_russia_inbound_structural_allocation_v3,KAZ,Kazakhstan,RUS,Russian Federation,2018,69836.0,unesco_uis_opri_202602,official_or_reference,855.2153462062164,68980.78465379379,68980.78465379379,modelled_structural_allocation_total_calibrated
ppml_russia_inbound_structural_allocation_v3,KAZ,Kazakhstan,RUS,Russian Federation,2019,71368.0,unesco_uis_opri_202602,official_or_reference,77.47631012202731,71290.52368987797,71290.52368987797,modelled_structural_allocation_total_calibrated
ppml_russia_inbound_structural_allocation_v3,KAZ,Kazakhstan,RUS,Russian Federation,2020,60931.0,unesco_uis_opri_202602,official_or_reference,23.049152589599384,60907.9508474104,60907.9508474104,modelled_structural_allocation_total_calibrated
ppml_russia_inbound_structural_allocation_v3,KAZ,Kazakhstan,RUS,Russian Federation,2021,59082.0,unesco_uis_opri_202602,official_or_reference,155.30213736992363,58926.69786263008,58926.69786263008,modelled_structural_allocation_total_calibrated
ppml_russia_inbound_structural_allocation_v3,KAZ,Kazakhstan,RUS,Russian Federation,2022,53935.0,unesco_uis_opri_202602,official_or_reference,0.1268198095612953,53934.873180190436,53934.873180190436,modelled_structural_allocation_total_calibrated
ppml_russia_inbound_structural_allocation_v3,KAZ,Kazakhstan,RUS,Russian Federation,2023,48778.0,unesco_uis_opri_202602,official_or_reference,287.70458391819045,48490.29541608181,48490.29541608181,modelled_structural_allocation_total_calibrated
ppml_russia_inbound_structural_allocation_v3,KEN,Kenya,RUS,Russian Federation,2011,411.0,unesco_uis_opri_202602,official_or_reference,285.27649387058057,125.72350612941943,125.72350612941943,modelled_structural_allocation_total_calibrated
ppml_russia_inbound_structural_allocation_v3,KEN,Kenya,RUS,Russian Federation,2014,180.0,unesco_uis_opri_202602,official_or_reference,4.955866651720264,175.04413334827973,175.04413334827973,modelled_structural_allocation_total_calibrated
ppml_russia_inbound_structural_allocation_v3,KEN,Kenya,RUS,Russian Federation,2016,116.0,unesco_uis_opri_202602,official_or_reference,356.88608245009607,-240.88608245009607,240.88608245009607,modelled_structural_allocation_total_calibrated
ppml_russia_inbound_structural_allocation_v3,KEN,Kenya,RUS,Russian Federation,2017,106.0,unesco_uis_opri_202602,official_or_reference,363.27936158319545,-257.27936158319545,257.27936158319545,modelled_structural_allocation_total_calibrated
ppml_russia_inbound_structural_allocation_v3,KEN,Kenya,RUS,Russian Federation,2018,123.0,unesco_uis_opri_202602,official_or_reference,118.57099188316303,4.429008116836968,4.429008116836968,modelled_structural_allocation_total_calibrated
ppml_russia_inbound_structural_allocation_v3,KEN,Kenya,RUS,Russian Federation,2019,121.0,unesco_uis_opri_202602,official_or_reference,93.23798407705986,27.762015922940137,27.762015922940137,modelled_structural_allocation_total_calibrated
ppml_russia_inbound_structural_allocation_v3,KEN,Kenya,RUS,Russian Federation,2020,216.0,unesco_uis_opri_202602,official_or_reference,89.81696648492411,126.18303351507589,126.18303351507589,modelled_structural_allocation_total_calibrated
ppml_russia_inbound_structural_allocation_v3,KEN,Kenya,RUS,Russian Federation,2021,202.0,unesco_uis_opri_202602,official_or_reference,0.3615784729650819,201.63842152703492,201.63842152703492,modelled_structural_allocation_total_calibrated
ppml_russia_inbound_structural_allocation_v3,KEN,Kenya,RUS,Russian Federation,2022,187.0,unesco_uis_opri_202602,official_or_reference,35.2559451939974,151.7440548060026,151.7440548060026,modelled_structural_allocation_total_calibrated
ppml_russia_inbound_structural_allocation_v3,KEN,Kenya,RUS,Russian Federation,2023,169.0,unesco_uis_opri_202602,official_or_reference,199.95804257834234,-30.958042578342344,30.958042578342344,modelled_structural_allocation_total_calibrated
ppml_russia_inbound_structural_allocation_v3,KGZ,Kyrgyzstan,RUS,Russian Federation,2011,2663.0,unesco_uis_opri_202602,official_or_reference,329.2075126999417,2333.7924873000584,2333.7924873000584,modelled_structural_allocation_total_calibrated
ppml_russia_inbound_structural_allocation_v3,KGZ,Kyrgyzstan,RUS,Russian Federation,2014,3734.0,unesco_uis_opri_202602,official_or_reference,41.167575915817444,3692.8324240841825,3692.8324240841825,modelled_structural_allocation_total_calibrated
ppml_russia_inbound_structural_allocation_v3,KGZ,Kyrgyzstan,RUS,Russian Federation,2016,5700.0,unesco_uis_opri_202602,official_or_reference,297.7742984114834,5402.225701588517,5402.225701588517,modelled_structural_allocation_total_calibrated
ppml_russia_inbound_structural_allocation_v3,KGZ,Kyrgyzstan,RUS,Russian Federation,2017,5523.0,unesco_uis_opri_202602,official_or_reference,805.589996257349,4717.410003742651,4717.410003742651,modelled_structural_allocation_total_calibrated
ppml_russia_inbound_structural_allocation_v3,KGZ,Kyrgyzstan,RUS,Russian Federation,2018,7247.0,unesco_uis_opri_202602,official_or_reference,170.8968796843402,7076.10312031566,7076.10312031566,modelled_structural_allocation_total_calibrated
ppml_russia_inbound_structural_allocation_v3,KGZ,Kyrgyzstan,RUS,Russian Federation,2019,7291.0,unesco_uis_opri_202602,official_or_reference,0.004013638440242,7290.9959863615595,7290.9959863615595,modelled_structural_allocation_total_calibrated
ppml_russia_inbound_structural_allocation_v3,KGZ,Kyrgyzstan,RUS,Russian Federation,2020,7785.0,unesco_uis_opri_202602,official_or_reference,1291.3217201275995,6493.678279872401,6493.678279872401,modelled_structural_allocation_total_calibrated
ppml_russia_inbound_structural_allocation_v3,KGZ,Kyrgyzstan,RUS,Russian Federation,2021,8696.0,unesco_uis_opri_202602,official_or_reference,695.0609103278131,8000.939089672187,8000.939089672187,modelled_structural_allocation_total_calibrated
ppml_russia_inbound_structural_allocation_v3,KGZ,Kyrgyzstan,RUS,Russian Federation,2022,9345.0,unesco_uis_opri_202602,official_or_reference,1022.6615308141975,8322.338469185803,8322.338469185803,modelled_structural_allocation_total_calibrated
ppml_russia_inbound_structural_allocation_v3,KGZ,Kyrgyzstan,RUS,Russian Federation,2023,8412.0,unesco_uis_opri_202602,official_or_reference,0.12269316290890672,8411.877306837092,8411.877306837092,modelled_structural_allocation_total_calibrated
ppml_russia_inbound_structural_allocation_v3,KHM,Cambodia,RUS,Russian Federation,2011,46.0,unesco_uis_opri_202602,official_or_reference,8.186440803332323,37.813559196667676,37.813559196667676,modelled_structural_allocation_total_calibrated
ppml_russia_inbound_structural_allocation_v3,KHM,Cambodia,RUS,Russian Federation,2014,23.0,unesco_uis_opri_202602,official_or_reference,350.690050223644,-327.690050223644,327.690050223644,modelled_structural_allocation_total_calibrated
ppml_russia_inbound_structural_allocation_v3,KHM,Cambodia,RUS,Russian Federation,2016,2.0,unesco_uis_opri_202602,official_or_reference,4715.839141256738,-4713.839141256738,4713.839141256738,modelled_structural_allocation_total_calibrated
ppml_russia_inbound_structural_allocation_v3,KHM,Cambodia,RUS,Russian Federation,2017,5.0,unesco_uis_opri_202602,official_or_reference,15.959128098502068,-10.959128098502068,10.959128098502068,modelled_structural_allocation_total_calibrated
ppml_russia_inbound_structural_allocation_v3,KHM,Cambodia,RUS,Russian Federation,2018,6.0,unesco_uis_opri_202602,official_or_reference,118.71870980316505,-112.71870980316505,112.71870980316505,modelled_structural_allocation_total_calibrated
ppml_russia_inbound_structural_allocation_v3,KHM,Cambodia,RUS,Russian Federation,2019,3.0,unesco_uis_opri_202602,official_or_reference,490.82100490158757,-487.82100490158757,487.82100490158757,modelled_structural_allocation_total_calibrated
ppml_russia_inbound_structural_allocation_v3,KHM,Cambodia,RUS,Russian Federation,2020,45.0,unesco_uis_opri_202602,official_or_reference,0.017916450182575313,44.982083549817425,44.982083549817425,modelled_structural_allocation_total_calibrated
ppml_russia_inbound_structural_allocation_v3,KHM,Cambodia,RUS,Russian Federation,2021,49.0,unesco_uis_opri_202602,official_or_reference,106.1281208901311,-57.1281208901311,57.1281208901311,modelled_structural_allocation_total_calibrated
ppml_russia_inbound_structural_allocation_v3,KHM,Cambodia,RUS,Russian Federation,2022,62.0,unesco_uis_opri_202602,official_or_reference,2736.04470646294,-2674.04470646294,2674.04470646294,modelled_structural_allocation_total_calibrated
ppml_russia_inbound_structural_allocation_v3,KHM,Cambodia,RUS,Russian Federation,2023,70.0,unesco_uis_opri_202602,official_or_reference,399.36253132491066,-329.36253132491066,329.36253132491066,modelled_structural_allocation_total_calibrated
ppml_russia_inbound_structural_allocation_v3,KIR,Kiribati,RUS,Russian Federation,2011,0.0,unesco_uis_opri_202602,official_or_reference,942.0152334787155,-942.0152334787155,942.0152334787155,modelled_structural_allocation_total_calibrated
ppml_russia_inbound_structural_allocation_v3,KIR,Kiribati,RUS,Russian Federation,2014,0.0,unesco_uis_opri_202602,official_or_reference,28.419933109105,-28.419933109105,28.419933109105,modelled_structural_allocation_total_calibrated
ppml_russia_inbound_structural_allocation_v3,KIR,Kiribati,RUS,Russian Federation,2016,0.0,unesco_uis_opri_202602,official_or_reference,348.9903061220906,-348.9903061220906,348.9903061220906,modelled_structural_allocation_total_calibrated
ppml_russia_inbound_structural_allocation_v3,KIR,Kiribati,RUS,Russian Federation,2017,0.0,unesco_uis_opri_202602,official_or_reference,199.99670903471963,-199.99670903471963,199.99670903471963,modelled_structural_allocation_total_calibrated
ppml_russia_inbound_structural_allocation_v3,KIR,Kiribati,RUS,Russian Federation,2018,0.0,unesco_uis_opri_202602,official_or_reference,2678.371630714705,-2678.371630714705,2678.371630714705,modelled_structural_allocation_total_calibrated
ppml_russia_inbound_structural_allocation_v3,KIR,Kiribati,RUS,Russian Federation,2019,0.0,unesco_uis_opri_202602,official_or_reference,68.64598492500821,-68.64598492500821,68.64598492500821,modelled_structural_allocation_total_calibrated
ppml_russia_inbound_structural_allocation_v3,KIR,Kiribati,RUS,Russian Federation,2020,0.0,unesco_uis_opri_202602,official_or_reference,675.4838720350187,-675.4838720350187,675.4838720350187,modelled_structural_allocation_total_calibrated
ppml_russia_inbound_structural_allocation_v3,KIR,Kiribati,RUS,Russian Federation,2021,0.0,unesco_uis_opri_202602,official_or_reference,261.2256398434197,-261.2256398434197,261.2256398434197,modelled_structural_allocation_total_calibrated
ppml_russia_inbound_structural_allocation_v3,KIR,Kiribati,RUS,Russian Federation,2022,0.0,unesco_uis_opri_202602,official_or_reference,127.31832264260053,-127.31832264260053,127.31832264260053,modelled_structural_allocation_total_calibrated
ppml_russia_inbound_structural_allocation_v3,KIR,Kiribati,RUS,Russian Federation,2023,0.0,unesco_uis_opri_202602,official_or_reference,205.74339593876607,-205.74339593876607,205.74339593876607,modelled_structural_allocation_total_calibrated
ppml_russia_inbound_structural_allocation_v3,KNA,Saint Kitts and Nevis,RUS,Russian Federation,2011,0.0,unesco_uis_opri_202602,official_or_reference,10.55084965885147,-10.55084965885147,10.55084965885147,modelled_structural_allocation_total_calibrated
ppml_russia_inbound_structural_allocation_v3,KNA,Saint Kitts and Nevis,RUS,Russian Federation,2014,0.0,unesco_uis_opri_202602,official_or_reference,82.76793003219792,-82.76793003219792,82.76793003219792,modelled_structural_allocation_total_calibrated
ppml_russia_inbound_structural_allocation_v3,KNA,Saint Kitts and Nevis,RUS,Russian Federation,2016,1.0,unesco_uis_opri_202602,official_or_reference,29.08070767757913,-28.08070767757913,28.08070767757913,modelled_structural_allocation_total_calibrated
ppml_russia_inbound_structural_allocation_v3,KNA,Saint Kitts and Nevis,RUS,Russian Federation,2017,1.0,unesco_uis_opri_202602,official_or_reference,51.592923804010816,-50.592923804010816,50.592923804010816,modelled_structural_allocation_total_calibrated
ppml_russia_inbound_structural_allocation_v3,KNA,Saint Kitts and Nevis,RUS,Russian Federation,2018,2.0,unesco_uis_opri_202602,official_or_reference,187.25505594339774,-185.25505594339774,185.25505594339774,modelled_structural_allocation_total_calibrated
ppml_russia_inbound_structural_allocation_v3,KNA,Saint Kitts and Nevis,RUS,Russian Federation,2019,1.0,unesco_uis_opri_202602,official_or_reference,2258.726094634969,-2257.726094634969,2257.726094634969,modelled_structural_allocation_total_calibrated
ppml_russia_inbound_structural_allocation_v3,KNA,Saint Kitts and Nevis,RUS,Russian Federation,2020,1.0,unesco_uis_opri_202602,official_or_reference,162.32009765712763,-161.32009765712763,161.32009765712763,modelled_structural_allocation_total_calibrated
ppml_russia_inbound_structural_allocation_v3,KNA,Saint Kitts and Nevis,RUS,Russian Federation,2021,1.0,unesco_uis_opri_202602,official_or_reference,16.68548466920893,-15.685484669208929,15.685484669208929,modelled_structural_allocation_total_calibrated
ppml_russia_inbound_structural_allocation_v3,KNA,Saint Kitts and Nevis,RUS,Russian Federation,2022,2.0,unesco_uis_opri_202602,official_or_reference,11.77370791498577,-9.77370791498577,9.77370791498577,modelled_structural_allocation_total_calibrated
ppml_russia_inbound_structural_allocation_v3,KNA,Saint Kitts and Nevis,RUS,Russian Federation,2023,2.0,unesco_uis_opri_202602,official_or_reference,2215.055402851629,-2213.055402851629,2213.055402851629,modelled_structural_allocation_total_calibrated
ppml_russia_inbound_structural_allocation_v3,KOR,"Korea, Republic of",RUS,Russian Federation,2011,524.0,unesco_uis_opri_202602,official_or_reference,318.0098724741572,205.9901275258428,205.9901275258428,modelled_structural_allocation_total_calibrated
ppml_russia_inbound_structural_allocation_v3,KOR,"Korea, Republic of",RUS,Russian Federation,2014,307.0,unesco_uis_opri_202602,official_or_reference,557.3794116821055,-250.37941168210546,250.37941168210546,modelled_structural_allocation_total_calibrated
ppml_russia_inbound_structural_allocation_v3,KOR,"Korea, Republic of",RUS,Russian Federation,2016,510.0,unesco_uis_opri_202602,official_or_reference,29.565021614290153,480.4349783857098,480.4349783857098,modelled_structural_allocation_total_calibrated
ppml_russia_inbound_structural_allocation_v3,KOR,"Korea, Republic of",RUS,Russian Federation,2017,492.0,unesco_uis_opri_202602,official_or_reference,7.638930711208261,484.3610692887917,484.3610692887917,modelled_structural_allocation_total_calibrated
ppml_russia_inbound_structural_allocation_v3,KOR,"Korea, Republic of",RUS,Russian Federation,2018,483.0,unesco_uis_opri_202602,official_or_reference,1847.9086392779666,-1364.9086392779666,1364.9086392779666,modelled_structural_allocation_total_calibrated
ppml_russia_inbound_structural_allocation_v3,KOR,"Korea, Republic of",RUS,Russian Federation,2019,560.0,unesco_uis_opri_202602,official_or_reference,3.1556514729330867,556.8443485270669,556.8443485270669,modelled_structural_allocation_total_calibrated
ppml_russia_inbound_structural_allocation_v3,KOR,"Korea, Republic of",RUS,Russian Federation,2020,588.0,unesco_uis_opri_202602,official_or_reference,177.02570835033737,410.97429164966263,410.97429164966263,modelled_structural_allocation_total_calibrated
ppml_russia_inbound_structural_allocation_v3,KOR,"Korea, Republic of",RUS,Russian Federation,2021,558.0,unesco_uis_opri_202602,official_or_reference,52.448731183978005,505.551268816022,505.551268816022,modelled_structural_allocation_total_calibrated
ppml_russia_inbound_structural_allocation_v3,KOR,"Korea, Republic of",RUS,Russian Federation,2022,534.0,unesco_uis_opri_202602,official_or_reference,310.62318056429,223.37681943571,223.37681943571,modelled_structural_allocation_total_calibrated
ppml_russia_inbound_structural_allocation_v3,KOR,"Korea, Republic of",RUS,Russian Federation,2023,433.0,unesco_uis_opri_202602,official_or_reference,5117.9100632729005,-4684.9100632729005,4684.9100632729005,modelled_structural_allocation_total_calibrated
ppml_russia_inbound_structural_allocation_v3,KWT,Kuwait,RUS,Russian Federation,2011,73.0,unesco_uis_opri_202602,official_or_reference,0.0070546829021664315,72.99294531709783,72.99294531709783,modelled_structural_allocation_total_calibrated
ppml_russia_inbound_structural_allocation_v3,KWT,Kuwait,RUS,Russian Federation,2014,17.0,unesco_uis_opri_202602,official_or_reference,37081.05110588674,-37064.05110588674,37064.05110588674,modelled_structural_allocation_total_calibrated
ppml_russia_inbound_structural_allocation_v3,KWT,Kuwait,RUS,Russian Federation,2016,11.0,unesco_uis_opri_202602,official_or_reference,72.5608085995511,-61.560808599551095,61.560808599551095,modelled_structural_allocation_total_calibrated
ppml_russia_inbound_structural_allocation_v3,KWT,Kuwait,RUS,Russian Federation,2017,3.0,unesco_uis_opri_202602,official_or_reference,1.4973056116069061,1.5026943883930939,1.5026943883930939,modelled_structural_allocation_total_calibrated
ppml_russia_inbound_structural_allocation_v3,KWT,Kuwait,RUS,Russian Federation,2018,4.0,unesco_uis_opri_202602,official_or_reference,12.755240006766451,-8.755240006766451,8.755240006766451,modelled_structural_allocation_total_calibrated
ppml_russia_inbound_structural_allocation_v3,KWT,Kuwait,RUS,Russian Federation,2019,4.0,unesco_uis_opri_202602,official_or_reference,327.2369790499576,-323.2369790499576,323.2369790499576,modelled_structural_allocation_total_calibrated
ppml_russia_inbound_structural_allocation_v3,KWT,Kuwait,RUS,Russian Federation,2020,6.0,unesco_uis_opri_202602,official_or_reference,7185.3778461686625,-7179.3778461686625,7179.3778461686625,modelled_structural_allocation_total_calibrated
ppml_russia_inbound_structural_allocation_v3,KWT,Kuwait,RUS,Russian Federation,2021,4.0,unesco_uis_opri_202602,official_or_reference,0.2418225945266647,3.7581774054733352,3.7581774054733352,modelled_structural_allocation_total_calibrated
ppml_russia_inbound_structural_allocation_v3,KWT,Kuwait,RUS,Russian Federation,2022,5.0,unesco_uis_opri_202602,official_or_reference,277.3987770260623,-272.3987770260623,272.3987770260623,modelled_structural_allocation_total_calibrated
ppml_russia_inbound_structural_allocation_v3,KWT,Kuwait,RUS,Russian Federation,2023,8.0,unesco_uis_opri_202602,official_or_reference,238.42223189689145,-230.42223189689145,230.42223189689145,modelled_structural_allocation_total_calibrated
ppml_russia_inbound_structural_allocation_v3,LAO,Lao People's Democratic Republic,RUS,Russian Federation,2011,31.0,unesco_uis_opri_202602,official_or_reference,3731.8138693962514,-3700.8138693962514,3700.8138693962514,modelled_structural_allocation_total_calibrated
ppml_russia_inbound_structural_allocation_v3,LAO,Lao People's Democratic Republic,RUS,Russian Federation,2014,1.0,unesco_uis_opri_202602,official_or_reference,21.737881760055352,-20.737881760055352,20.737881760055352,modelled_structural_allocation_total_calibrated
ppml_russia_inbound_structural_allocation_v3,LAO,Lao People's Democratic Republic,RUS,Russian Federation,2016,0.0,unesco_uis_opri_202602,official_or_reference,38896.69137481394,-38896.69137481394,38896.69137481394,modelled_structural_allocation_total_calibrated
ppml_russia_inbound_structural_allocation_v3,LAO,Lao People's Democratic Republic,RUS,Russian Federation,2017,3.0,unesco_uis_opri_202602,official_or_reference,0.0015041919235310045,2.998495808076469,2.998495808076469,modelled_structural_allocation_total_calibrated
ppml_russia_inbound_structural_allocation_v3,LAO,Lao People's Democratic Republic,RUS,Russian Federation,2018,4.0,unesco_uis_opri_202602,official_or_reference,6.4818962906148805,-2.4818962906148805,2.4818962906148805,modelled_structural_allocation_total_calibrated
ppml_russia_inbound_structural_allocation_v3,LAO,Lao People's Democratic Republic,RUS,Russian Federation,2019,6.0,unesco_uis_opri_202602,official_or_reference,498.29878258871383,-492.29878258871383,492.29878258871383,modelled_structural_allocation_total_calibrated
ppml_russia_inbound_structural_allocation_v3,LAO,Lao People's Democratic Republic,RUS,Russian Federation,2020,202.0,unesco_uis_opri_202602,official_or_reference,2.6762562879815412,199.32374371201846,199.32374371201846,modelled_structural_allocation_total_calibrated
ppml_russia_inbound_structural_allocation_v3,LAO,Lao People's Democratic Republic,RUS,Russian Federation,2021,162.0,unesco_uis_opri_202602,official_or_reference,1.3502368037352697,160.64976319626473,160.64976319626473,modelled_structural_allocation_total_calibrated
ppml_russia_inbound_structural_allocation_v3,LAO,Lao People's Democratic Republic,RUS,Russian Federation,2022,150.0,unesco_uis_opri_202602,official_or_reference,1164.051533347269,-1014.051533347269,1014.051533347269,modelled_structural_allocation_total_calibrated
ppml_russia_inbound_structural_allocation_v3,LAO,Lao People's Democratic Republic,RUS,Russian Federation,2023,143.0,unesco_uis_opri_202602,official_or_reference,3.79581892652552,139.20418107347447,139.20418107347447,modelled_structural_allocation_total_calibrated
ppml_russia_inbound_structural_allocation_v3,LBN,Lebanon,RUS,Russian Federation,2011,252.0,unesco_uis_opri_202602,official_or_reference,14.412088190590087,237.58791180940992,237.58791180940992,modelled_structural_allocation_total_calibrated
ppml_russia_inbound_structural_allocation_v3,LBN,Lebanon,RUS,Russian Federation,2014,90.0,unesco_uis_opri_202602,official_or_reference,489.4666098532481,-399.4666098532481,399.4666098532481,modelled_structural_allocation_total_calibrated
ppml_russia_inbound_structural_allocation_v3,LBN,Lebanon,RUS,Russian Federation,2016,129.0,unesco_uis_opri_202602,official_or_reference,167.81405019491174,-38.814050194911744,38.814050194911744,modelled_structural_allocation_total_calibrated
ppml_russia_inbound_structural_allocation_v3,LBN,Lebanon,RUS,Russian Federation,2017,167.0,unesco_uis_opri_202602,official_or_reference,150.57815202591885,16.421847974081146,16.421847974081146,modelled_structural_allocation_total_calibrated
ppml_russia_inbound_structural_allocation_v3,LBN,Lebanon,RUS,Russian Federation,2018,261.0,unesco_uis_opri_202602,official_or_reference,459.0838876175699,-198.08388761756993,198.08388761756993,modelled_structural_allocation_total_calibrated
ppml_russia_inbound_structural_allocation_v3,LBN,Lebanon,RUS,Russian Federation,2019,327.0,unesco_uis_opri_202602,official_or_reference,3.0098087112371514,323.99019128876284,323.99019128876284,modelled_structural_allocation_total_calibrated
ppml_russia_inbound_structural_allocation_v3,LBN,Lebanon,RUS,Russian Federation,2020,901.0,unesco_uis_opri_202602,official_or_reference,1360.9167736555019,-459.91677365550186,459.91677365550186,modelled_structural_allocation_total_calibrated
ppml_russia_inbound_structural_allocation_v3,LBN,Lebanon,RUS,Russian Federation,2021,900.0,unesco_uis_opri_202602,official_or_reference,298.78726461228797,601.212735387712,601.212735387712,modelled_structural_allocation_total_calibrated
ppml_russia_inbound_structural_allocation_v3,LBN,Lebanon,RUS,Russian Federation,2022,1033.0,unesco_uis_opri_202602,official_or_reference,0.029365109105077877,1032.9706348908949,1032.9706348908949,modelled_structural_allocation_total_calibrated
ppml_russia_inbound_structural_allocation_v3,LBN,Lebanon,RUS,Russian Federation,2023,1005.0,unesco_uis_opri_202602,official_or_reference,1126.9352437153607,-121.93524371536068,121.93524371536068,modelled_structural_allocation_total_calibrated
ppml_russia_inbound_structural_allocation_v3,LBR,Liberia,RUS,Russian Federation,2011,0.0,unesco_uis_opri_202602,official_or_reference,184.48045148802342,-184.48045148802342,184.48045148802342,modelled_structural_allocation_total_calibrated
ppml_russia_inbound_structural_allocation_v3,LBR,Liberia,RUS,Russian Federation,2014,0.0,unesco_uis_opri_202602,official_or_reference,233.22125127294194,-233.22125127294194,233.22125127294194,modelled_structural_allocation_total_calibrated
ppml_russia_inbound_structural_allocation_v3,LBR,Liberia,RUS,Russian Federation,2016,1.0,unesco_uis_opri_202602,official_or_reference,140.88201366821045,-139.88201366821045,139.88201366821045,modelled_structural_allocation_total_calibrated
ppml_russia_inbound_structural_allocation_v3,LBR,Liberia,RUS,Russian Federation,2017,3.0,unesco_uis_opri_202602,official_or_reference,5010.093571090964,-5007.093571090964,5007.093571090964,modelled_structural_allocation_total_calibrated
ppml_russia_inbound_structural_allocation_v3,LBR,Liberia,RUS,Russian Federation,2018,5.0,unesco_uis_opri_202602,official_or_reference,3.4417630826328223,1.5582369173671777,1.5582369173671777,modelled_structural_allocation_total_calibrated
ppml_russia_inbound_structural_allocation_v3,LBR,Liberia,RUS,Russian Federation,2019,18.0,unesco_uis_opri_202602,official_or_reference,17.51388830611518,0.4861116938848191,0.4861116938848191,modelled_structural_allocation_total_calibrated
ppml_russia_inbound_structural_allocation_v3,LBR,Liberia,RUS,Russian Federation,2020,20.0,unesco_uis_opri_202602,official_or_reference,518.1829240166869,-498.1829240166869,498.1829240166869,modelled_structural_allocation_total_calibrated
ppml_russia_inbound_structural_allocation_v3,LBR,Liberia,RUS,Russian Federation,2021,22.0,unesco_uis_opri_202602,official_or_reference,8981.521333484432,-8959.521333484432,8959.521333484432,modelled_structural_allocation_total_calibrated
ppml_russia_inbound_structural_allocation_v3,LBR,Liberia,RUS,Russian Federation,2022,25.0,unesco_uis_opri_202602,official_or_reference,231.43372653203932,-206.43372653203932,206.43372653203932,modelled_structural_allocation_total_calibrated
ppml_russia_inbound_structural_allocation_v3,LBR,Liberia,RUS,Russian Federation,2023,17.0,unesco_uis_opri_202602,official_or_reference,1162.8559185490212,-1145.8559185490212,1145.8559185490212,modelled_structural_allocation_total_calibrated
ppml_russia_inbound_structural_allocation_v3,LBY,Libya,RUS,Russian Federation,2011,3.0,unesco_uis_opri_202602,official_or_reference,75.64104480851971,-72.64104480851971,72.64104480851971,modelled_structural_allocation_total_calibrated
ppml_russia_inbound_structural_allocation_v3,LBY,Libya,RUS,Russian Federation,2014,11.0,unesco_uis_opri_202602,official_or_reference,138.5582172365407,-127.55821723654071,127.55821723654071,modelled_structural_allocation_total_calibrated
ppml_russia_inbound_structural_allocation_v3,LBY,Libya,RUS,Russian Federation,2016,35.0,unesco_uis_opri_202602,official_or_reference,717.8554348908231,-682.8554348908231,682.8554348908231,modelled_structural_allocation_total_calibrated
ppml_russia_inbound_structural_allocation_v3,LBY,Libya,RUS,Russian Federation,2017,31.0,unesco_uis_opri_202602,official_or_reference,1524.897764141059,-1493.897764141059,1493.897764141059,modelled_structural_allocation_total_calibrated
ppml_russia_inbound_structural_allocation_v3,LBY,Libya,RUS,Russian Federation,2018,38.0,unesco_uis_opri_202602,official_or_reference,94.1777714445644,-56.1777714445644,56.1777714445644,modelled_structural_allocation_total_calibrated
ppml_russia_inbound_structural_allocation_v3,LBY,Libya,RUS,Russian Federation,2019,32.0,unesco_uis_opri_202602,official_or_reference,4.005100128345733,27.99489987165427,27.99489987165427,modelled_structural_allocation_total_calibrated
ppml_russia_inbound_structural_allocation_v3,LBY,Libya,RUS,Russian Federation,2020,78.0,unesco_uis_opri_202602,official_or_reference,1315.397666841561,-1237.397666841561,1237.397666841561,modelled_structural_allocation_total_calibrated
ppml_russia_inbound_structural_allocation_v3,LBY,Libya,RUS,Russian Federation,2021,53.0,unesco_uis_opri_202602,official_or_reference,18856.04977667258,-18803.04977667258,18803.04977667258,modelled_structural_allocation_total_calibrated
ppml_russia_inbound_structural_allocation_v3,LBY,Libya,RUS,Russian Federation,2022,52.0,unesco_uis_opri_202602,official_or_reference,4.446255433660121,47.55374456633988,47.55374456633988,modelled_structural_allocation_total_calibrated
ppml_russia_inbound_structural_allocation_v3,LBY,Libya,RUS,Russian Federation,2023,65.0,unesco_uis_opri_202602,official_or_reference,18.7108170976147,46.2891829023853,46.2891829023853,modelled_structural_allocation_total_calibrated
ppml_russia_inbound_structural_allocation_v3,LCA,Saint Lucia,RUS,Russian Federation,2011,0.0,unesco_uis_opri_202602,official_or_reference,248.8845099763413,-248.8845099763413,248.8845099763413,modelled_structural_allocation_total_calibrated
ppml_russia_inbound_structural_allocation_v3,LCA,Saint Lucia,RUS,Russian Federation,2014,0.0,unesco_uis_opri_202602,official_or_reference,455.90833923855644,-455.90833923855644,455.90833923855644,modelled_structural_allocation_total_calibrated
ppml_russia_inbound_structural_allocation_v3,LCA,Saint Lucia,RUS,Russian Federation,2016,0.0,unesco_uis_opri_202602,official_or_reference,3.6236758793377324,-3.6236758793377324,3.6236758793377324,modelled_structural_allocation_total_calibrated
ppml_russia_inbound_structural_allocation_v3,LCA,Saint Lucia,RUS,Russian Federation,2017,0.0,unesco_uis_opri_202602,official_or_reference,37.497692431472856,-37.497692431472856,37.497692431472856,modelled_structural_allocation_total_calibrated
ppml_russia_inbound_structural_allocation_v3,LCA,Saint Lucia,RUS,Russian Federation,2018,0.0,unesco_uis_opri_202602,official_or_reference,76.2106459536918,-76.2106459536918,76.2106459536918,modelled_structural_allocation_total_calibrated
ppml_russia_inbound_structural_allocation_v3,LCA,Saint Lucia,RUS,Russian Federation,2019,0.0,unesco_uis_opri_202602,official_or_reference,16.174110257485456,-16.174110257485456,16.174110257485456,modelled_structural_allocation_total_calibrated
ppml_russia_inbound_structural_allocation_v3,LCA,Saint Lucia,RUS,Russian Federation,2020,0.0,unesco_uis_opri_202602,official_or_reference,90.39074867742492,-90.39074867742492,90.39074867742492,modelled_structural_allocation_total_calibrated
ppml_russia_inbound_structural_allocation_v3,LCA,Saint Lucia,RUS,Russian Federation,2021,1.0,unesco_uis_opri_202602,official_or_reference,18.527282886626548,-17.527282886626548,17.527282886626548,modelled_structural_allocation_total_calibrated
ppml_russia_inbound_structural_allocation_v3,LCA,Saint Lucia,RUS,Russian Federation,2022,0.0,unesco_uis_opri_202602,official_or_reference,622.0582239062672,-622.0582239062672,622.0582239062672,modelled_structural_allocation_total_calibrated
ppml_russia_inbound_structural_allocation_v3,LCA,Saint Lucia,RUS,Russian Federation,2023,0.0,unesco_uis_opri_202602,official_or_reference,59.51352166586653,-59.51352166586653,59.51352166586653,modelled_structural_allocation_total_calibrated
ppml_russia_inbound_structural_allocation_v3,LIE,Liechtenstein,RUS,Russian Federation,2011,0.0,unesco_uis_opri_202602,official_or_reference,22395.84802857447,-22395.84802857447,22395.84802857447,modelled_structural_allocation_total_calibrated
ppml_russia_inbound_structural_allocation_v3,LIE,Liechtenstein,RUS,Russian Federation,2014,0.0,unesco_uis_opri_202602,official_or_reference,101.09575589353442,-101.09575589353442,101.09575589353442,modelled_structural_allocation_total_calibrated
ppml_russia_inbound_structural_allocation_v3,LIE,Liechtenstein,RUS,Russian Federation,2016,0.0,unesco_uis_opri_202602,official_or_reference,186.64398658614618,-186.64398658614618,186.64398658614618,modelled_structural_allocation_total_calibrated
ppml_russia_inbound_structural_allocation_v3,LIE,Liechtenstein,RUS,Russian Federation,2017,0.0,unesco_uis_opri_202602,official_or_reference,187.95033194836358,-187.95033194836358,187.95033194836358,modelled_structural_allocation_total_calibrated
ppml_russia_inbound_structural_allocation_v3,LIE,Liechtenstein,RUS,Russian Federation,2018,0.0,unesco_uis_opri_202602,official_or_reference,176.75421103507634,-176.75421103507634,176.75421103507634,modelled_structural_allocation_total_calibrated
ppml_russia_inbound_structural_allocation_v3,LIE,Liechtenstein,RUS,Russian Federation,2019,0.0,unesco_uis_opri_202602,official_or_reference,0.4948171425511338,-0.4948171425511338,0.4948171425511338,modelled_structural_allocation_total_calibrated
ppml_russia_inbound_structural_allocation_v3,LIE,Liechtenstein,RUS,Russian Federation,2020,0.0,unesco_uis_opri_202602,official_or_reference,220.11455331090332,-220.11455331090332,220.11455331090332,modelled_structural_allocation_total_calibrated
ppml_russia_inbound_structural_allocation_v3,LIE,Liechtenstein,RUS,Russian Federation,2021,0.0,unesco_uis_opri_202602,official_or_reference,72.84515160366237,-72.84515160366237,72.84515160366237,modelled_structural_allocation_total_calibrated
ppml_russia_inbound_structural_allocation_v3,LIE,Liechtenstein,RUS,Russian Federation,2022,0.0,unesco_uis_opri_202602,official_or_reference,20.62436299695658,-20.62436299695658,20.62436299695658,modelled_structural_allocation_total_calibrated
ppml_russia_inbound_structural_allocation_v3,LIE,Liechtenstein,RUS,Russian Federation,2023,0.0,unesco_uis_opri_202602,official_or_reference,15.195732197956934,-15.195732197956934,15.195732197956934,modelled_structural_allocation_total_calibrated
ppml_russia_inbound_structural_allocation_v3,LKA,Sri Lanka,RUS,Russian Federation,2011,452.0,unesco_uis_opri_202602,official_or_reference,67.765795046118,384.234204953882,384.234204953882,modelled_structural_allocation_total_calibrated
ppml_russia_inbound_structural_allocation_v3,LKA,Sri Lanka,RUS,Russian Federation,2014,372.0,unesco_uis_opri_202602,official_or_reference,1.1101474724638614,370.88985252753616,370.88985252753616,modelled_structural_allocation_total_calibrated
ppml_russia_inbound_structural_allocation_v3,LKA,Sri Lanka,RUS,Russian Federation,2016,401.0,unesco_uis_opri_202602,official_or_reference,811.3084609829265,-410.3084609829265,410.3084609829265,modelled_structural_allocation_total_calibrated
ppml_russia_inbound_structural_allocation_v3,LKA,Sri Lanka,RUS,Russian Federation,2017,493.0,unesco_uis_opri_202602,official_or_reference,916.5969787913363,-423.59697879133626,423.59697879133626,modelled_structural_allocation_total_calibrated
ppml_russia_inbound_structural_allocation_v3,LKA,Sri Lanka,RUS,Russian Federation,2018,658.0,unesco_uis_opri_202602,official_or_reference,5289.644416440543,-4631.644416440543,4631.644416440543,modelled_structural_allocation_total_calibrated
ppml_russia_inbound_structural_allocation_v3,LKA,Sri Lanka,RUS,Russian Federation,2019,665.0,unesco_uis_opri_202602,official_or_reference,169.05686944329557,495.94313055670443,495.94313055670443,modelled_structural_allocation_total_calibrated
ppml_russia_inbound_structural_allocation_v3,LKA,Sri Lanka,RUS,Russian Federation,2020,938.0,unesco_uis_opri_202602,official_or_reference,1.2779638262125097,936.7220361737875,936.7220361737875,modelled_structural_allocation_total_calibrated
ppml_russia_inbound_structural_allocation_v3,LKA,Sri Lanka,RUS,Russian Federation,2021,848.0,unesco_uis_opri_202602,official_or_reference,570.3785664441858,277.6214335558142,277.6214335558142,modelled_structural_allocation_total_calibrated
ppml_russia_inbound_structural_allocation_v3,LKA,Sri Lanka,RUS,Russian Federation,2022,806.0,unesco_uis_opri_202602,official_or_reference,33.94172635451936,772.0582736454807,772.0582736454807,modelled_structural_allocation_total_calibrated
ppml_russia_inbound_structural_allocation_v3,LKA,Sri Lanka,RUS,Russian Federation,2023,696.0,unesco_uis_opri_202602,official_or_reference,688.3145489623004,7.685451037699636,7.685451037699636,modelled_structural_allocation_total_calibrated
ppml_russia_inbound_structural_allocation_v3,LSO,Lesotho,RUS,Russian Federation,2011,3.0,unesco_uis_opri_202602,official_or_reference,141.48470046961623,-138.48470046961623,138.48470046961623,modelled_structural_allocation_total_calibrated
ppml_russia_inbound_structural_allocation_v3,LSO,Lesotho,RUS,Russian Federation,2014,0.0,unesco_uis_opri_202602,official_or_reference,1138.090735931763,-1138.090735931763,1138.090735931763,modelled_structural_allocation_total_calibrated
ppml_russia_inbound_structural_allocation_v3,LSO,Lesotho,RUS,Russian Federation,2016,0.0,unesco_uis_opri_202602,official_or_reference,121.6845710188062,-121.6845710188062,121.6845710188062,modelled_structural_allocation_total_calibrated
ppml_russia_inbound_structural_allocation_v3,LSO,Lesotho,RUS,Russian Federation,2017,0.0,unesco_uis_opri_202602,official_or_reference,3012.890166562624,-3012.890166562624,3012.890166562624,modelled_structural_allocation_total_calibrated
ppml_russia_inbound_structural_allocation_v3,LSO,Lesotho,RUS,Russian Federation,2018,0.0,unesco_uis_opri_202602,official_or_reference,503.22266589909384,-503.22266589909384,503.22266589909384,modelled_structural_allocation_total_calibrated
ppml_russia_inbound_structural_allocation_v3,LSO,Lesotho,RUS,Russian Federation,2019,0.0,unesco_uis_opri_202602,official_or_reference,234.71089286163655,-234.71089286163655,234.71089286163655,modelled_structural_allocation_total_calibrated
ppml_russia_inbound_structural_allocation_v3,LSO,Lesotho,RUS,Russian Federation,2020,0.0,unesco_uis_opri_202602,official_or_reference,694.9895077245246,-694.9895077245246,694.9895077245246,modelled_structural_allocation_total_calibrated
ppml_russia_inbound_structural_allocation_v3,LSO,Lesotho,RUS,Russian Federation,2021,1.0,unesco_uis_opri_202602,official_or_reference,5.6175595456771426,-4.6175595456771426,4.6175595456771426,modelled_structural_allocation_total_calibrated
ppml_russia_inbound_structural_allocation_v3,LSO,Lesotho,RUS,Russian Federation,2022,2.0,unesco_uis_opri_202602,official_or_reference,3592.2910474876326,-3590.2910474876326,3590.2910474876326,modelled_structural_allocation_total_calibrated
ppml_russia_inbound_structural_allocation_v3,LSO,Lesotho,RUS,Russian Federation,2023,4.0,unesco_uis_opri_202602,official_or_reference,0.24717546412582844,3.7528245358741716,3.7528245358741716,modelled_structural_allocation_total_calibrated
ppml_russia_inbound_structural_allocation_v3,LTU,Lithuania,RUS,Russian Federation,2011,745.0,unesco_uis_opri_202602,official_or_reference,26.31896387206562,718.6810361279344,718.6810361279344,modelled_structural_allocation_total_calibrated
ppml_russia_inbound_structural_allocation_v3,LTU,Lithuania,RUS,Russian Federation,2014,375.0,unesco_uis_opri_202602,official_or_reference,1876.1347539939713,-1501.1347539939713,1501.1347539939713,modelled_structural_allocation_total_calibrated
ppml_russia_inbound_structural_allocation_v3,LTU,Lithuania,RUS,Russian Federation,2016,315.0,unesco_uis_opri_202602,official_or_reference,656.6096080400793,-341.60960804007925,341.60960804007925,modelled_structural_allocation_total_calibrated
ppml_russia_inbound_structural_allocation_v3,LTU,Lithuania,RUS,Russian Federation,2017,249.0,unesco_uis_opri_202602,official_or_reference,134.0867823266311,114.9132176733689,114.9132176733689,modelled_structural_allocation_total_calibrated
ppml_russia_inbound_structural_allocation_v3,LTU,Lithuania,RUS,Russian Federation,2018,261.0,unesco_uis_opri_202602,official_or_reference,18.26842118640154,242.73157881359845,242.73157881359845,modelled_structural_allocation_total_calibrated
ppml_russia_inbound_structural_allocation_v3,LTU,Lithuania,RUS,Russian Federation,2019,220.0,unesco_uis_opri_202602,official_or_reference,124.41305111368708,95.58694888631292,95.58694888631292,modelled_structural_allocation_total_calibrated
ppml_russia_inbound_structural_allocation_v3,LTU,Lithuania,RUS,Russian Federation,2020,339.0,unesco_uis_opri_202602,official_or_reference,79.10608233663505,259.89391766336496,259.89391766336496,modelled_structural_allocation_total_calibrated
ppml_russia_inbound_structural_allocation_v3,LTU,Lithuania,RUS,Russian Federation,2021,303.0,unesco_uis_opri_202602,official_or_reference,25.064768724823583,277.9352312751764,277.9352312751764,modelled_structural_allocation_total_calibrated
ppml_russia_inbound_structural_allocation_v3,LTU,Lithuania,RUS,Russian Federation,2022,240.0,unesco_uis_opri_202602,official_or_reference,21.614346392775442,218.38565360722455,218.38565360722455,modelled_structural_allocation_total_calibrated
ppml_russia_inbound_structural_allocation_v3,LTU,Lithuania,RUS,Russian Federation,2023,194.0,unesco_uis_opri_202602,official_or_reference,2641.6689154654177,-2447.6689154654177,2447.6689154654177,modelled_structural_allocation_total_calibrated
ppml_russia_inbound_structural_allocation_v3,LUX,Luxembourg,RUS,Russian Federation,2011,0.0,unesco_uis_opri_202602,official_or_reference,2.9494007875844526,-2.9494007875844526,2.9494007875844526,modelled_structural_allocation_total_calibrated
ppml_russia_inbound_structural_allocation_v3,LUX,Luxembourg,RUS,Russian Federation,2014,3.0,unesco_uis_opri_202602,official_or_reference,23.536165978941572,-20.536165978941572,20.536165978941572,modelled_structural_allocation_total_calibrated
ppml_russia_inbound_structural_allocation_v3,LUX,Luxembourg,RUS,Russian Federation,2016,3.0,unesco_uis_opri_202602,official_or_reference,20.24296966884821,-17.24296966884821,17.24296966884821,modelled_structural_allocation_total_calibrated
ppml_russia_inbound_structural_allocation_v3,LUX,Luxembourg,RUS,Russian Federation,2017,3.0,unesco_uis_opri_202602,official_or_reference,182.97996949960498,-179.97996949960498,179.97996949960498,modelled_structural_allocation_total_calibrated
ppml_russia_inbound_structural_allocation_v3,LUX,Luxembourg,RUS,Russian Federation,2018,1.0,unesco_uis_opri_202602,official_or_reference,17.779397869600356,-16.779397869600356,16.779397869600356,modelled_structural_allocation_total_calibrated
ppml_russia_inbound_structural_allocation_v3,LUX,Luxembourg,RUS,Russian Federation,2019,1.0,unesco_uis_opri_202602,official_or_reference,695.9101679743703,-694.9101679743703,694.9101679743703,modelled_structural_allocation_total_calibrated
ppml_russia_inbound_structural_allocation_v3,LUX,Luxembourg,RUS,Russian Federation,2020,2.0,unesco_uis_opri_202602,official_or_reference,118.0129267072752,-116.0129267072752,116.0129267072752,modelled_structural_allocation_total_calibrated
ppml_russia_inbound_structural_allocation_v3,LUX,Luxembourg,RUS,Russian Federation,2021,2.0,unesco_uis_opri_202602,official_or_reference,938.2523351007956,-936.2523351007956,936.2523351007956,modelled_structural_allocation_total_calibrated
ppml_russia_inbound_structural_allocation_v3,LUX,Luxembourg,RUS,Russian Federation,2022,1.0,unesco_uis_opri_202602,official_or_reference,907.3602971973764,-906.3602971973764,906.3602971973764,modelled_structural_allocation_total_calibrated
ppml_russia_inbound_structural_allocation_v3,LUX,Luxembourg,RUS,Russian Federation,2023,2.0,unesco_uis_opri_202602,official_or_reference,9413.666420105945,-9411.666420105945,9411.666420105945,modelled_structural_allocation_total_calibrated
ppml_russia_inbound_structural_allocation_v3,LVA,Latvia,RUS,Russian Federation,2011,924.0,unesco_uis_opri_202602,official_or_reference,389.56437703401986,534.4356229659802,534.4356229659802,modelled_structural_allocation_total_calibrated
ppml_russia_inbound_structural_allocation_v3,LVA,Latvia,RUS,Russian Federation,2014,568.0,unesco_uis_opri_202602,official_or_reference,2002.0076794374281,-1434.0076794374281,1434.0076794374281,modelled_structural_allocation_total_calibrated
ppml_russia_inbound_structural_allocation_v3,LVA,Latvia,RUS,Russian Federation,2016,576.0,unesco_uis_opri_202602,official_or_reference,1585.7484694490854,-1009.7484694490854,1009.7484694490854,modelled_structural_allocation_total_calibrated
ppml_russia_inbound_structural_allocation_v3,LVA,Latvia,RUS,Russian Federation,2017,452.0,unesco_uis_opri_202602,official_or_reference,194.64496147586274,257.3550385241373,257.3550385241373,modelled_structural_allocation_total_calibrated
ppml_russia_inbound_structural_allocation_v3,LVA,Latvia,RUS,Russian Federation,2018,548.0,unesco_uis_opri_202602,official_or_reference,12.947485478011185,535.0525145219888,535.0525145219888,modelled_structural_allocation_total_calibrated
ppml_russia_inbound_structural_allocation_v3,LVA,Latvia,RUS,Russian Federation,2019,501.0,unesco_uis_opri_202602,official_or_reference,4000.403242427447,-3499.403242427447,3499.403242427447,modelled_structural_allocation_total_calibrated
ppml_russia_inbound_structural_allocation_v3,LVA,Latvia,RUS,Russian Federation,2020,769.0,unesco_uis_opri_202602,official_or_reference,26.304963808143285,742.6950361918567,742.6950361918567,modelled_structural_allocation_total_calibrated
ppml_russia_inbound_structural_allocation_v3,LVA,Latvia,RUS,Russian Federation,2021,780.0,unesco_uis_opri_202602,official_or_reference,377.91458736482514,402.08541263517486,402.08541263517486,modelled_structural_allocation_total_calibrated
ppml_russia_inbound_structural_allocation_v3,LVA,Latvia,RUS,Russian Federation,2022,697.0,unesco_uis_opri_202602,official_or_reference,98.34409113236319,598.6559088676368,598.6559088676368,modelled_structural_allocation_total_calibrated
ppml_russia_inbound_structural_allocation_v3,LVA,Latvia,RUS,Russian Federation,2023,590.0,unesco_uis_opri_202602,official_or_reference,15085.377157898343,-14495.377157898343,14495.377157898343,modelled_structural_allocation_total_calibrated
ppml_russia_inbound_structural_allocation_v3,MAC,Macao,RUS,Russian Federation,2011,0.0,unesco_uis_opri_202602,official_or_reference,213.27857226283803,-213.27857226283803,213.27857226283803,modelled_structural_allocation_total_calibrated
ppml_russia_inbound_structural_allocation_v3,MAC,Macao,RUS,Russian Federation,2014,0.0,unesco_uis_opri_202602,official_or_reference,3536.522088887428,-3536.522088887428,3536.522088887428,modelled_structural_allocation_total_calibrated
ppml_russia_inbound_structural_allocation_v3,MAC,Macao,RUS,Russian Federation,2016,0.0,unesco_uis_opri_202602,official_or_reference,294.7177385758379,-294.7177385758379,294.7177385758379,modelled_structural_allocation_total_calibrated
ppml_russia_inbound_structural_allocation_v3,MAC,Macao,RUS,Russian Federation,2017,0.0,unesco_uis_opri_202602,official_or_reference,1.597365056491333,-1.597365056491333,1.597365056491333,modelled_structural_allocation_total_calibrated
ppml_russia_inbound_structural_allocation_v3,MAC,Macao,RUS,Russian Federation,2018,0.0,unesco_uis_opri_202602,official_or_reference,1.7180428010310775,-1.7180428010310775,1.7180428010310775,modelled_structural_allocation_total_calibrated
ppml_russia_inbound_structural_allocation_v3,MAC,Macao,RUS,Russian Federation,2019,0.0,unesco_uis_opri_202602,official_or_reference,400.7573881471427,-400.7573881471427,400.7573881471427,modelled_structural_allocation_total_calibrated
ppml_russia_inbound_structural_allocation_v3,MAC,Macao,RUS,Russian Federation,2020,0.0,unesco_uis_opri_202602,official_or_reference,312.96142093611127,-312.96142093611127,312.96142093611127,modelled_structural_allocation_total_calibrated
ppml_russia_inbound_structural_allocation_v3,MAC,Macao,RUS,Russian Federation,2021,0.0,unesco_uis_opri_202602,official_or_reference,209.39834965727565,-209.39834965727565,209.39834965727565,modelled_structural_allocation_total_calibrated
ppml_russia_inbound_structural_allocation_v3,MAC,Macao,RUS,Russian Federation,2022,0.0,unesco_uis_opri_202602,official_or_reference,330.4813320827665,-330.4813320827665,330.4813320827665,modelled_structural_allocation_total_calibrated
ppml_russia_inbound_structural_allocation_v3,MAC,Macao,RUS,Russian Federation,2023,0.0,unesco_uis_opri_202602,official_or_reference,6.468157659149635,-6.468157659149635,6.468157659149635,modelled_structural_allocation_total_calibrated
ppml_russia_inbound_structural_allocation_v3,MAR,Morocco,RUS,Russian Federation,2011,886.0,unesco_uis_opri_202602,official_or_reference,252.96027863670093,633.0397213632991,633.0397213632991,modelled_structural_allocation_total_calibrated
ppml_russia_inbound_structural_allocation_v3,MAR,Morocco,RUS,Russian Federation,2014,833.0,unesco_uis_opri_202602,official_or_reference,8.3747259836451,824.6252740163549,824.6252740163549,modelled_structural_allocation_total_calibrated
ppml_russia_inbound_structural_allocation_v3,MAR,Morocco,RUS,Russian Federation,2016,1310.0,unesco_uis_opri_202602,official_or_reference,55.89166449003316,1254.1083355099668,1254.1083355099668,modelled_structural_allocation_total_calibrated
ppml_russia_inbound_structural_allocation_v3,MAR,Morocco,RUS,Russian Federation,2017,1643.0,unesco_uis_opri_202602,official_or_reference,330.0008162625232,1312.9991837374769,1312.9991837374769,modelled_structural_allocation_total_calibrated
ppml_russia_inbound_structural_allocation_v3,MAR,Morocco,RUS,Russian Federation,2018,2064.0,unesco_uis_opri_202602,official_or_reference,42.072170364422774,2021.9278296355772,2021.9278296355772,modelled_structural_allocation_total_calibrated
ppml_russia_inbound_structural_allocation_v3,MAR,Morocco,RUS,Russian Federation,2019,2338.0,unesco_uis_opri_202602,official_or_reference,889.925072614253,1448.0749273857468,1448.0749273857468,modelled_structural_allocation_total_calibrated
ppml_russia_inbound_structural_allocation_v3,MAR,Morocco,RUS,Russian Federation,2020,3283.0,unesco_uis_opri_202602,official_or_reference,1380.9047603407405,1902.0952396592595,1902.0952396592595,modelled_structural_allocation_total_calibrated
ppml_russia_inbound_structural_allocation_v3,MAR,Morocco,RUS,Russian Federation,2021,3297.0,unesco_uis_opri_202602,official_or_reference,615.5737261870155,2681.4262738129846,2681.4262738129846,modelled_structural_allocation_total_calibrated
ppml_russia_inbound_structural_allocation_v3,MAR,Morocco,RUS,Russian Federation,2022,3601.0,unesco_uis_opri_202602,official_or_reference,22.64106622258119,3578.3589337774188,3578.3589337774188,modelled_structural_allocation_total_calibrated
ppml_russia_inbound_structural_allocation_v3,MAR,Morocco,RUS,Russian Federation,2023,3712.0,unesco_uis_opri_202602,official_or_reference,663.2370721502666,3048.7629278497334,3048.7629278497334,modelled_structural_allocation_total_calibrated
ppml_russia_inbound_structural_allocation_v3,MCO,Monaco,RUS,Russian Federation,2011,0.0,unesco_uis_opri_202602,official_or_reference,40.257514870827556,-40.257514870827556,40.257514870827556,modelled_structural_allocation_total_calibrated
ppml_russia_inbound_structural_allocation_v3,MCO,Monaco,RUS,Russian Federation,2014,0.0,unesco_uis_opri_202602,official_or_reference,733.6533055893085,-733.6533055893085,733.6533055893085,modelled_structural_allocation_total_calibrated
ppml_russia_inbound_structural_allocation_v3,MCO,Monaco,RUS,Russian Federation,2016,0.0,unesco_uis_opri_202602,official_or_reference,86.26421986032314,-86.26421986032314,86.26421986032314,modelled_structural_allocation_total_calibrated
ppml_russia_inbound_structural_allocation_v3,MCO,Monaco,RUS,Russian Federation,2017,0.0,unesco_uis_opri_202602,official_or_reference,23.08671964976724,-23.08671964976724,23.08671964976724,modelled_structural_allocation_total_calibrated
ppml_russia_inbound_structural_allocation_v3,MCO,Monaco,RUS,Russian Federation,2018,0.0,unesco_uis_opri_202602,official_or_reference,167.830053406025,-167.830053406025,167.830053406025,modelled_structural_allocation_total_calibrated
ppml_russia_inbound_structural_allocation_v3,MCO,Monaco,RUS,Russian Federation,2019,0.0,unesco_uis_opri_202602,official_or_reference,0.13871326938797354,-0.13871326938797354,0.13871326938797354,modelled_structural_allocation_total_calibrated
ppml_russia_inbound_structural_allocation_v3,MCO,Monaco,RUS,Russian Federation,2020,1.0,unesco_uis_opri_202602,official_or_reference,301.94883760430463,-300.94883760430463,300.94883760430463,modelled_structural_allocation_total_calibrated
ppml_russia_inbound_structural_allocation_v3,MCO,Monaco,RUS,Russian Federation,2021,2.0,unesco_uis_opri_202602,official_or_reference,346.79043874009585,-344.79043874009585,344.79043874009585,modelled_structural_allocation_total_calibrated
ppml_russia_inbound_structural_allocation_v3,MCO,Monaco,RUS,Russian Federation,2022,1.0,unesco_uis_opri_202602,official_or_reference,5.1054496635802105,-4.1054496635802105,4.1054496635802105,modelled_structural_allocation_total_calibrated
ppml_russia_inbound_structural_allocation_v3,MCO,Monaco,RUS,Russian Federation,2023,0.0,unesco_uis_opri_202602,official_or_reference,398.11432819457565,-398.11432819457565,398.11432819457565,modelled_structural_allocation_total_calibrated
ppml_russia_inbound_structural_allocation_v3,MDA,"Moldova, Republic of",RUS,Russian Federation,2011,5575.0,unesco_uis_opri_202602,official_or_reference,384.73496367520545,5190.265036324795,5190.265036324795,modelled_structural_allocation_total_calibrated
ppml_russia_inbound_structural_allocation_v3,MDA,"Moldova, Republic of",RUS,Russian Federation,2014,5336.0,unesco_uis_opri_202602,official_or_reference,138.18919809778512,5197.810801902215,5197.810801902215,modelled_structural_allocation_total_calibrated
ppml_russia_inbound_structural_allocation_v3,MDA,"Moldova, Republic of",RUS,Russian Federation,2016,5749.0,unesco_uis_opri_202602,official_or_reference,102.33589834160422,5646.664101658395,5646.664101658395,modelled_structural_allocation_total_calibrated
ppml_russia_inbound_structural_allocation_v3,MDA,"Moldova, Republic of",RUS,Russian Federation,2017,3402.0,unesco_uis_opri_202602,official_or_reference,117.10797904303274,3284.8920209569674,3284.8920209569674,modelled_structural_allocation_total_calibrated
ppml_russia_inbound_structural_allocation_v3,MDA,"Moldova, Republic of",RUS,Russian Federation,2018,4938.0,unesco_uis_opri_202602,official_or_reference,0.3517279015498352,4937.64827209845,4937.64827209845,modelled_structural_allocation_total_calibrated
ppml_russia_inbound_structural_allocation_v3,MDA,"Moldova, Republic of",RUS,Russian Federation,2019,14.0,unesco_uis_opri_202602,official_or_reference,35.71475526011354,-21.71475526011354,21.71475526011354,modelled_structural_allocation_total_calibrated
ppml_russia_inbound_structural_allocation_v3,MDA,"Moldova, Republic of",RUS,Russian Federation,2020,4152.0,unesco_uis_opri_202602,official_or_reference,226.3823798292822,3925.6176201707176,3925.6176201707176,modelled_structural_allocation_total_calibrated
ppml_russia_inbound_structural_allocation_v3,MDA,"Moldova, Republic of",RUS,Russian Federation,2021,3451.0,unesco_uis_opri_202602,official_or_reference,371.1161267362417,3079.8838732637582,3079.8838732637582,modelled_structural_allocation_total_calibrated
ppml_russia_inbound_structural_allocation_v3,MDA,"Moldova, Republic of",RUS,Russian Federation,2022,3360.0,unesco_uis_opri_202602,official_or_reference,44.20636414218975,3315.7936358578104,3315.7936358578104,modelled_structural_allocation_total_calibrated
ppml_russia_inbound_structural_allocation_v3,MDA,"Moldova, Republic of",RUS,Russian Federation,2023,2788.0,unesco_uis_opri_202602,official_or_reference,302.32440101530193,2485.675598984698,2485.675598984698,modelled_structural_allocation_total_calibrated
ppml_russia_inbound_structural_allocation_v3,MDG,Madagascar,RUS,Russian Federation,2011,37.0,unesco_uis_opri_202602,official_or_reference,725.2025443383154,-688.2025443383154,688.2025443383154,modelled_structural_allocation_total_calibrated
ppml_russia_inbound_structural_allocation_v3,MDG,Madagascar,RUS,Russian Federation,2014,3.0,unesco_uis_opri_202602,official_or_reference,196.81648886029774,-193.81648886029774,193.81648886029774,modelled_structural_allocation_total_calibrated
ppml_russia_inbound_structural_allocation_v3,MDG,Madagascar,RUS,Russian Federation,2016,8.0,unesco_uis_opri_202602,official_or_reference,0.004142921676383693,7.995857078323616,7.995857078323616,modelled_structural_allocation_total_calibrated
ppml_russia_inbound_structural_allocation_v3,MDG,Madagascar,RUS,Russian Federation,2017,28.0,unesco_uis_opri_202602,official_or_reference,1226.5072504729508,-1198.5072504729508,1198.5072504729508,modelled_structural_allocation_total_calibrated
ppml_russia_inbound_structural_allocation_v3,MDG,Madagascar,RUS,Russian Federation,2018,16.0,unesco_uis_opri_202602,official_or_reference,764.2881656348412,-748.2881656348412,748.2881656348412,modelled_structural_allocation_total_calibrated
ppml_russia_inbound_structural_allocation_v3,MDG,Madagascar,RUS,Russian Federation,2019,20.0,unesco_uis_opri_202602,official_or_reference,1210.814875501254,-1190.814875501254,1190.814875501254,modelled_structural_allocation_total_calibrated
ppml_russia_inbound_structural_allocation_v3,MDG,Madagascar,RUS,Russian Federation,2020,99.0,unesco_uis_opri_202602,official_or_reference,0.10502289518337246,98.89497710481663,98.89497710481663,modelled_structural_allocation_total_calibrated
ppml_russia_inbound_structural_allocation_v3,MDG,Madagascar,RUS,Russian Federation,2021,108.0,unesco_uis_opri_202602,official_or_reference,8.533223451612718,99.46677654838729,99.46677654838729,modelled_structural_allocation_total_calibrated
ppml_russia_inbound_structural_allocation_v3,MDG,Madagascar,RUS,Russian Federation,2022,106.0,unesco_uis_opri_202602,official_or_reference,341.7702622858454,-235.77026228584538,235.77026228584538,modelled_structural_allocation_total_calibrated
ppml_russia_inbound_structural_allocation_v3,MDG,Madagascar,RUS,Russian Federation,2023,118.0,unesco_uis_opri_202602,official_or_reference,5635.009843080562,-5517.009843080562,5517.009843080562,modelled_structural_allocation_total_calibrated
ppml_russia_inbound_structural_allocation_v3,MDV,Maldives,RUS,Russian Federation,2011,23.0,unesco_uis_opri_202602,official_or_reference,16.42283492674601,6.57716507325399,6.57716507325399,modelled_structural_allocation_total_calibrated
ppml_russia_inbound_structural_allocation_v3,MDV,Maldives,RUS,Russian Federation,2014,2.0,unesco_uis_opri_202602,official_or_reference,132.8733966911624,-130.8733966911624,130.8733966911624,modelled_structural_allocation_total_calibrated
ppml_russia_inbound_structural_allocation_v3,MDV,Maldives,RUS,Russian Federation,2016,16.0,unesco_uis_opri_202602,official_or_reference,529.6077725577252,-513.6077725577252,513.6077725577252,modelled_structural_allocation_total_calibrated
ppml_russia_inbound_structural_allocation_v3,MDV,Maldives,RUS,Russian Federation,2017,11.0,unesco_uis_opri_202602,official_or_reference,0.03941160592097934,10.960588394079021,10.960588394079021,modelled_structural_allocation_total_calibrated
ppml_russia_inbound_structural_allocation_v3,MDV,Maldives,RUS,Russian Federation,2018,21.0,unesco_uis_opri_202602,official_or_reference,89.49905755792886,-68.49905755792886,68.49905755792886,modelled_structural_allocation_total_calibrated
ppml_russia_inbound_structural_allocation_v3,MDV,Maldives,RUS,Russian Federation,2019,36.0,unesco_uis_opri_202602,official_or_reference,2529.8350714537582,-2493.8350714537582,2493.8350714537582,modelled_structural_allocation_total_calibrated
ppml_russia_inbound_structural_allocation_v3,MDV,Maldives,RUS,Russian Federation,2020,83.0,unesco_uis_opri_202602,official_or_reference,392.7042239499063,-309.7042239499063,309.7042239499063,modelled_structural_allocation_total_calibrated
ppml_russia_inbound_structural_allocation_v3,MDV,Maldives,RUS,Russian Federation,2021,91.0,unesco_uis_opri_202602,official_or_reference,1004.6161644157842,-913.6161644157842,913.6161644157842,modelled_structural_allocation_total_calibrated
ppml_russia_inbound_structural_allocation_v3,MDV,Maldives,RUS,Russian Federation,2022,93.0,unesco_uis_opri_202602,official_or_reference,32.465649490227854,60.534350509772146,60.534350509772146,modelled_structural_allocation_total_calibrated
ppml_russia_inbound_structural_allocation_v3,MDV,Maldives,RUS,Russian Federation,2023,78.0,unesco_uis_opri_202602,official_or_reference,376.7496309776368,-298.7496309776368,298.7496309776368,modelled_structural_allocation_total_calibrated
ppml_russia_inbound_structural_allocation_v3,MEX,Mexico,RUS,Russian Federation,2011,36.0,unesco_uis_opri_202602,official_or_reference,226.6360329828526,-190.6360329828526,190.6360329828526,modelled_structural_allocation_total_calibrated
ppml_russia_inbound_structural_allocation_v3,MEX,Mexico,RUS,Russian Federation,2014,27.0,unesco_uis_opri_202602,official_or_reference,2798.7497377029426,-2771.7497377029426,2771.7497377029426,modelled_structural_allocation_total_calibrated
ppml_russia_inbound_structural_allocation_v3,MEX,Mexico,RUS,Russian Federation,2016,49.0,unesco_uis_opri_202602,official_or_reference,74.99234632324884,-25.99234632324884,25.99234632324884,modelled_structural_allocation_total_calibrated
ppml_russia_inbound_structural_allocation_v3,MEX,Mexico,RUS,Russian Federation,2017,75.0,unesco_uis_opri_202602,official_or_reference,657.6620492065174,-582.6620492065174,582.6620492065174,modelled_structural_allocation_total_calibrated
ppml_russia_inbound_structural_allocation_v3,MEX,Mexico,RUS,Russian Federation,2018,66.0,unesco_uis_opri_202602,official_or_reference,261.98225164012797,-195.98225164012797,195.98225164012797,modelled_structural_allocation_total_calibrated
ppml_russia_inbound_structural_allocation_v3,MEX,Mexico,RUS,Russian Federation,2019,63.0,unesco_uis_opri_202602,official_or_reference,124.20245797591093,-61.20245797591093,61.20245797591093,modelled_structural_allocation_total_calibrated
ppml_russia_inbound_structural_allocation_v3,MEX,Mexico,RUS,Russian Federation,2020,145.0,unesco_uis_opri_202602,official_or_reference,210.78788657964128,-65.78788657964128,65.78788657964128,modelled_structural_allocation_total_calibrated
ppml_russia_inbound_structural_allocation_v3,MEX,Mexico,RUS,Russian Federation,2021,260.0,unesco_uis_opri_202602,official_or_reference,6.998542034630344,253.00145796536967,253.00145796536967,modelled_structural_allocation_total_calibrated
ppml_russia_inbound_structural_allocation_v3,MEX,Mexico,RUS,Russian Federation,2022,192.0,unesco_uis_opri_202602,official_or_reference,79.25906018375882,112.74093981624118,112.74093981624118,modelled_structural_allocation_total_calibrated
ppml_russia_inbound_structural_allocation_v3,MEX,Mexico,RUS,Russian Federation,2023,114.0,unesco_uis_opri_202602,official_or_reference,30.362942599579245,83.63705740042076,83.63705740042076,modelled_structural_allocation_total_calibrated
ppml_russia_inbound_structural_allocation_v3,MHL,Marshall Islands,RUS,Russian Federation,2011,0.0,unesco_uis_opri_202602,official_or_reference,41.52965914213461,-41.52965914213461,41.52965914213461,modelled_structural_allocation_total_calibrated
ppml_russia_inbound_structural_allocation_v3,MHL,Marshall Islands,RUS,Russian Federation,2014,0.0,unesco_uis_opri_202602,official_or_reference,246.88454896025158,-246.88454896025158,246.88454896025158,modelled_structural_allocation_total_calibrated
ppml_russia_inbound_structural_allocation_v3,MHL,Marshall Islands,RUS,Russian Federation,2016,0.0,unesco_uis_opri_202602,official_or_reference,3008.433928939425,-3008.433928939425,3008.433928939425,modelled_structural_allocation_total_calibrated
ppml_russia_inbound_structural_allocation_v3,MHL,Marshall Islands,RUS,Russian Federation,2017,0.0,unesco_uis_opri_202602,official_or_reference,189.40727357672512,-189.40727357672512,189.40727357672512,modelled_structural_allocation_total_calibrated
ppml_russia_inbound_structural_allocation_v3,MHL,Marshall Islands,RUS,Russian Federation,2018,0.0,unesco_uis_opri_202602,official_or_reference,7.98151032277645,-7.98151032277645,7.98151032277645,modelled_structural_allocation_total_calibrated
ppml_russia_inbound_structural_allocation_v3,MHL,Marshall Islands,RUS,Russian Federation,2019,0.0,unesco_uis_opri_202602,official_or_reference,12.433344926299416,-12.433344926299416,12.433344926299416,modelled_structural_allocation_total_calibrated
ppml_russia_inbound_structural_allocation_v3,MHL,Marshall Islands,RUS,Russian Federation,2020,0.0,unesco_uis_opri_202602,official_or_reference,2098.346087909746,-2098.346087909746,2098.346087909746,modelled_structural_allocation_total_calibrated
ppml_russia_inbound_structural_allocation_v3,MHL,Marshall Islands,RUS,Russian Federation,2021,0.0,unesco_uis_opri_202602,official_or_reference,319.4456190108799,-319.4456190108799,319.4456190108799,modelled_structural_allocation_total_calibrated
ppml_russia_inbound_structural_allocation_v3,MHL,Marshall Islands,RUS,Russian Federation,2022,0.0,unesco_uis_opri_202602,official_or_reference,544.5668209242939,-544.5668209242939,544.5668209242939,modelled_structural_allocation_total_calibrated
ppml_russia_inbound_structural_allocation_v3,MHL,Marshall Islands,RUS,Russian Federation,2023,0.0,unesco_uis_opri_202602,official_or_reference,24.492147127030538,-24.492147127030538,24.492147127030538,modelled_structural_allocation_total_calibrated
ppml_russia_inbound_structural_allocation_v3,MKD,North Macedonia,RUS,Russian Federation,2011,41.0,unesco_uis_opri_202602,official_or_reference,9.276553101616294,31.723446898383706,31.723446898383706,modelled_structural_allocation_total_calibrated
ppml_russia_inbound_structural_allocation_v3,MKD,North Macedonia,RUS,Russian Federation,2014,14.0,unesco_uis_opri_202602,official_or_reference,2232.3090476811644,-2218.3090476811644,2218.3090476811644,modelled_structural_allocation_total_calibrated
ppml_russia_inbound_structural_allocation_v3,MKD,North Macedonia,RUS,Russian Federation,2016,7.0,unesco_uis_opri_202602,official_or_reference,3.246383179678939,3.753616820321061,3.753616820321061,modelled_structural_allocation_total_calibrated
ppml_russia_inbound_structural_allocation_v3,MKD,North Macedonia,RUS,Russian Federation,2017,11.0,unesco_uis_opri_202602,official_or_reference,286.39889710908335,-275.39889710908335,275.39889710908335,modelled_structural_allocation_total_calibrated
ppml_russia_inbound_structural_allocation_v3,MKD,North Macedonia,RUS,Russian Federation,2018,13.0,unesco_uis_opri_202602,official_or_reference,51.42823947583574,-38.42823947583574,38.42823947583574,modelled_structural_allocation_total_calibrated
ppml_russia_inbound_structural_allocation_v3,MKD,North Macedonia,RUS,Russian Federation,2019,82.0,unesco_uis_opri_202602,official_or_reference,337.08062696618435,-255.08062696618435,255.08062696618435,modelled_structural_allocation_total_calibrated
ppml_russia_inbound_structural_allocation_v3,MKD,North Macedonia,RUS,Russian Federation,2020,87.0,unesco_uis_opri_202602,official_or_reference,5359.258135739188,-5272.258135739188,5272.258135739188,modelled_structural_allocation_total_calibrated
ppml_russia_inbound_structural_allocation_v3,MKD,North Macedonia,RUS,Russian Federation,2021,81.0,unesco_uis_opri_202602,official_or_reference,0.007523277107636034,80.99247672289236,80.99247672289236,modelled_structural_allocation_total_calibrated
ppml_russia_inbound_structural_allocation_v3,MKD,North Macedonia,RUS,Russian Federation,2022,71.0,unesco_uis_opri_202602,official_or_reference,39782.346187339404,-39711.346187339404,39711.346187339404,modelled_structural_allocation_total_calibrated
ppml_russia_inbound_structural_allocation_v3,MKD,North Macedonia,RUS,Russian Federation,2023,62.0,unesco_uis_opri_202602,official_or_reference,74.9744467569482,-12.974446756948197,12.974446756948197,modelled_structural_allocation_total_calibrated
ppml_russia_inbound_structural_allocation_v3,MLI,Mali,RUS,Russian Federation,2011,22.0,unesco_uis_opri_202602,official_or_reference,1.4662326761831417,20.533767323816857,20.533767323816857,modelled_structural_allocation_total_calibrated
ppml_russia_inbound_structural_allocation_v3,MLI,Mali,RUS,Russian Federation,2014,13.0,unesco_uis_opri_202602,official_or_reference,13.216081947097754,-0.21608194709775397,0.21608194709775397,modelled_structural_allocation_total_calibrated
ppml_russia_inbound_structural_allocation_v3,MLI,Mali,RUS,Russian Federation,2016,23.0,unesco_uis_opri_202602,official_or_reference,357.1243119040448,-334.1243119040448,334.1243119040448,modelled_structural_allocation_total_calibrated
ppml_russia_inbound_structural_allocation_v3,MLI,Mali,RUS,Russian Federation,2017,35.0,unesco_uis_opri_202602,official_or_reference,8869.705803577821,-8834.705803577821,8834.705803577821,modelled_structural_allocation_total_calibrated
ppml_russia_inbound_structural_allocation_v3,MLI,Mali,RUS,Russian Federation,2018,43.0,unesco_uis_opri_202602,official_or_reference,0.20372331172872937,42.79627668827127,42.79627668827127,modelled_structural_allocation_total_calibrated
ppml_russia_inbound_structural_allocation_v3,MLI,Mali,RUS,Russian Federation,2019,50.0,unesco_uis_opri_202602,official_or_reference,294.6100828357146,-244.6100828357146,244.6100828357146,modelled_structural_allocation_total_calibrated
ppml_russia_inbound_structural_allocation_v3,MLI,Mali,RUS,Russian Federation,2020,153.0,unesco_uis_opri_202602,official_or_reference,251.01156738049525,-98.01156738049525,98.01156738049525,modelled_structural_allocation_total_calibrated
ppml_russia_inbound_structural_allocation_v3,MLI,Mali,RUS,Russian Federation,2021,144.0,unesco_uis_opri_202602,official_or_reference,3633.097843807345,-3489.097843807345,3489.097843807345,modelled_structural_allocation_total_calibrated
ppml_russia_inbound_structural_allocation_v3,MLI,Mali,RUS,Russian Federation,2022,162.0,unesco_uis_opri_202602,official_or_reference,23.47317564266754,138.52682435733246,138.52682435733246,modelled_structural_allocation_total_calibrated
ppml_russia_inbound_structural_allocation_v3,MLI,Mali,RUS,Russian Federation,2023,196.0,unesco_uis_opri_202602,official_or_reference,41960.51323393115,-41764.51323393115,41764.51323393115,modelled_structural_allocation_total_calibrated
ppml_russia_inbound_structural_allocation_v3,MLT,Malta,RUS,Russian Federation,2011,1.0,unesco_uis_opri_202602,official_or_reference,0.0014893582790614932,0.9985106417209385,0.9985106417209385,modelled_structural_allocation_total_calibrated
ppml_russia_inbound_structural_allocation_v3,MLT,Malta,RUS,Russian Federation,2014,0.0,unesco_uis_opri_202602,official_or_reference,6.490772944962736,-6.490772944962736,6.490772944962736,modelled_structural_allocation_total_calibrated
ppml_russia_inbound_structural_allocation_v3,MLT,Malta,RUS,Russian Federation,2016,0.0,unesco_uis_opri_202602,official_or_reference,531.0206039000858,-531.0206039000858,531.0206039000858,modelled_structural_allocation_total_calibrated
ppml_russia_inbound_structural_allocation_v3,MLT,Malta,RUS,Russian Federation,2017,1.0,unesco_uis_opri_202602,official_or_reference,4.789394959901009,-3.789394959901009,3.789394959901009,modelled_structural_allocation_total_calibrated
ppml_russia_inbound_structural_allocation_v3,MLT,Malta,RUS,Russian Federation,2018,2.0,unesco_uis_opri_202602,official_or_reference,1.2995936617436483,0.7004063382563517,0.7004063382563517,modelled_structural_allocation_total_calibrated
ppml_russia_inbound_structural_allocation_v3,MLT,Malta,RUS,Russian Federation,2019,0.0,unesco_uis_opri_202602,official_or_reference,1187.5156494576895,-1187.5156494576895,1187.5156494576895,modelled_structural_allocation_total_calibrated
ppml_russia_inbound_structural_allocation_v3,MLT,Malta,RUS,Russian Federation,2020,1.0,unesco_uis_opri_202602,official_or_reference,3.4075183249286374,-2.4075183249286374,2.4075183249286374,modelled_structural_allocation_total_calibrated
ppml_russia_inbound_structural_allocation_v3,MLT,Malta,RUS,Russian Federation,2021,1.0,unesco_uis_opri_202602,official_or_reference,13.813767937273745,-12.813767937273745,12.813767937273745,modelled_structural_allocation_total_calibrated
ppml_russia_inbound_structural_allocation_v3,MLT,Malta,RUS,Russian Federation,2022,1.0,unesco_uis_opri_202602,official_or_reference,507.32828214092376,-506.32828214092376,506.32828214092376,modelled_structural_allocation_total_calibrated
ppml_russia_inbound_structural_allocation_v3,MLT,Malta,RUS,Russian Federation,2023,1.0,unesco_uis_opri_202602,official_or_reference,183.97698367415492,-182.97698367415492,182.97698367415492,modelled_structural_allocation_total_calibrated
ppml_russia_inbound_structural_allocation_v3,MMR,Myanmar,RUS,Russian Federation,2011,1799.0,unesco_uis_opri_202602,official_or_reference,173.79721422410154,1625.2027857758985,1625.2027857758985,modelled_structural_allocation_total_calibrated
ppml_russia_inbound_structural_allocation_v3,MMR,Myanmar,RUS,Russian Federation,2014,379.0,unesco_uis_opri_202602,official_or_reference,498.3980816983271,-119.39808169832708,119.39808169832708,modelled_structural_allocation_total_calibrated
ppml_russia_inbound_structural_allocation_v3,MMR,Myanmar,RUS,Russian Federation,2016,339.0,unesco_uis_opri_202602,official_or_reference,3.5445841001025657,335.45541589989745,335.45541589989745,modelled_structural_allocation_total_calibrated
ppml_russia_inbound_structural_allocation_v3,MMR,Myanmar,RUS,Russian Federation,2017,270.0,unesco_uis_opri_202602,official_or_reference,1664.0184973686266,-1394.0184973686266,1394.0184973686266,modelled_structural_allocation_total_calibrated
ppml_russia_inbound_structural_allocation_v3,MMR,Myanmar,RUS,Russian Federation,2018,294.0,unesco_uis_opri_202602,official_or_reference,337.1917681548243,-43.191768154824274,43.191768154824274,modelled_structural_allocation_total_calibrated
ppml_russia_inbound_structural_allocation_v3,MMR,Myanmar,RUS,Russian Federation,2019,273.0,unesco_uis_opri_202602,official_or_reference,0.03420806311607169,272.96579193688393,272.96579193688393,modelled_structural_allocation_total_calibrated
ppml_russia_inbound_structural_allocation_v3,MMR,Myanmar,RUS,Russian Federation,2020,319.0,unesco_uis_opri_202602,official_or_reference,763.6155485391873,-444.61554853918733,444.61554853918733,modelled_structural_allocation_total_calibrated
ppml_russia_inbound_structural_allocation_v3,MMR,Myanmar,RUS,Russian Federation,2021,329.0,unesco_uis_opri_202602,official_or_reference,151.73179595180713,177.26820404819287,177.26820404819287,modelled_structural_allocation_total_calibrated
ppml_russia_inbound_structural_allocation_v3,MMR,Myanmar,RUS,Russian Federation,2022,256.0,unesco_uis_opri_202602,official_or_reference,311.1571458341,-55.15714583409999,55.15714583409999,modelled_structural_allocation_total_calibrated
ppml_russia_inbound_structural_allocation_v3,MMR,Myanmar,RUS,Russian Federation,2023,247.0,unesco_uis_opri_202602,official_or_reference,177.40670014284478,69.59329985715522,69.59329985715522,modelled_structural_allocation_total_calibrated
ppml_russia_inbound_structural_allocation_v3,MNE,Montenegro,RUS,Russian Federation,2011,205.0,unesco_uis_opri_202602,official_or_reference,6030.942377185088,-5825.942377185088,5825.942377185088,modelled_structural_allocation_total_calibrated
ppml_russia_inbound_structural_allocation_v3,MNE,Montenegro,RUS,Russian Federation,2014,0.0,unesco_uis_opri_202602,official_or_reference,4.950843048573553,-4.950843048573553,4.950843048573553,modelled_structural_allocation_total_calibrated
ppml_russia_inbound_structural_allocation_v3,MNE,Montenegro,RUS,Russian Federation,2016,0.0,unesco_uis_opri_202602,official_or_reference,18.702028989780924,-18.702028989780924,18.702028989780924,modelled_structural_allocation_total_calibrated
ppml_russia_inbound_structural_allocation_v3,MNE,Montenegro,RUS,Russian Federation,2017,0.0,unesco_uis_opri_202602,official_or_reference,506.4502404314964,-506.4502404314964,506.4502404314964,modelled_structural_allocation_total_calibrated
ppml_russia_inbound_structural_allocation_v3,MNE,Montenegro,RUS,Russian Federation,2018,18.0,unesco_uis_opri_202602,official_or_reference,10526.491219841688,-10508.491219841688,10508.491219841688,modelled_structural_allocation_total_calibrated
ppml_russia_inbound_structural_allocation_v3,MNE,Montenegro,RUS,Russian Federation,2019,14.0,unesco_uis_opri_202602,official_or_reference,279.78686471234596,-265.78686471234596,265.78686471234596,modelled_structural_allocation_total_calibrated
ppml_russia_inbound_structural_allocation_v3,MNE,Montenegro,RUS,Russian Federation,2020,67.0,unesco_uis_opri_202602,official_or_reference,1229.5175903565755,-1162.5175903565755,1162.5175903565755,modelled_structural_allocation_total_calibrated
ppml_russia_inbound_structural_allocation_v3,MNE,Montenegro,RUS,Russian Federation,2021,77.0,unesco_uis_opri_202602,official_or_reference,113.29743748409956,-36.29743748409956,36.29743748409956,modelled_structural_allocation_total_calibrated
ppml_russia_inbound_structural_allocation_v3,MNE,Montenegro,RUS,Russian Federation,2022,64.0,unesco_uis_opri_202602,official_or_reference,165.34027941150558,-101.34027941150558,101.34027941150558,modelled_structural_allocation_total_calibrated
ppml_russia_inbound_structural_allocation_v3,MNE,Montenegro,RUS,Russian Federation,2023,42.0,unesco_uis_opri_202602,official_or_reference,784.3398920864394,-742.3398920864394,742.3398920864394,modelled_structural_allocation_total_calibrated
ppml_russia_inbound_structural_allocation_v3,MNG,Mongolia,RUS,Russian Federation,2011,1840.0,unesco_uis_opri_202602,official_or_reference,1596.6336404498065,243.36635955019347,243.36635955019347,modelled_structural_allocation_total_calibrated
ppml_russia_inbound_structural_allocation_v3,MNG,Mongolia,RUS,Russian Federation,2014,1141.0,unesco_uis_opri_202602,official_or_reference,104.60345429007631,1036.3965457099237,1036.3965457099237,modelled_structural_allocation_total_calibrated
ppml_russia_inbound_structural_allocation_v3,MNG,Mongolia,RUS,Russian Federation,2016,1341.0,unesco_uis_opri_202602,official_or_reference,5.115277555770879,1335.884722444229,1335.884722444229,modelled_structural_allocation_total_calibrated
ppml_russia_inbound_structural_allocation_v3,MNG,Mongolia,RUS,Russian Federation,2017,1034.0,unesco_uis_opri_202602,official_or_reference,1503.726883724661,-469.7268837246611,469.7268837246611,modelled_structural_allocation_total_calibrated
ppml_russia_inbound_structural_allocation_v3,MNG,Mongolia,RUS,Russian Federation,2018,1139.0,unesco_uis_opri_202602,official_or_reference,22908.652146341967,-21769.652146341967,21769.652146341967,modelled_structural_allocation_total_calibrated
ppml_russia_inbound_structural_allocation_v3,MNG,Mongolia,RUS,Russian Federation,2019,931.0,unesco_uis_opri_202602,official_or_reference,5.68341448564109,925.316585514359,925.316585514359,modelled_structural_allocation_total_calibrated
ppml_russia_inbound_structural_allocation_v3,MNG,Mongolia,RUS,Russian Federation,2020,2169.0,unesco_uis_opri_202602,official_or_reference,22.193294154249696,2146.8067058457505,2146.8067058457505,modelled_structural_allocation_total_calibrated
ppml_russia_inbound_structural_allocation_v3,MNG,Mongolia,RUS,Russian Federation,2021,2044.0,unesco_uis_opri_202602,official_or_reference,254.38671035693332,1789.6132896430668,1789.6132896430668,modelled_structural_allocation_total_calibrated
ppml_russia_inbound_structural_allocation_v3,MNG,Mongolia,RUS,Russian Federation,2022,2048.0,unesco_uis_opri_202602,official_or_reference,400.30656022290015,1647.6934397771,1647.6934397771,modelled_structural_allocation_total_calibrated
ppml_russia_inbound_structural_allocation_v3,MNG,Mongolia,RUS,Russian Federation,2023,2019.0,unesco_uis_opri_202602,official_or_reference,4.294242325849885,2014.7057576741502,2014.7057576741502,modelled_structural_allocation_total_calibrated
ppml_russia_inbound_structural_allocation_v3,MOZ,Mozambique,RUS,Russian Federation,2011,68.0,unesco_uis_opri_202602,official_or_reference,36.298957729037824,31.701042270962176,31.701042270962176,modelled_structural_allocation_total_calibrated
ppml_russia_inbound_structural_allocation_v3,MOZ,Mozambique,RUS,Russian Federation,2014,4.0,unesco_uis_opri_202602,official_or_reference,93.38180450043106,-89.38180450043106,89.38180450043106,modelled_structural_allocation_total_calibrated
ppml_russia_inbound_structural_allocation_v3,MOZ,Mozambique,RUS,Russian Federation,2016,14.0,unesco_uis_opri_202602,official_or_reference,21.96383765483768,-7.963837654837679,7.963837654837679,modelled_structural_allocation_total_calibrated
ppml_russia_inbound_structural_allocation_v3,MOZ,Mozambique,RUS,Russian Federation,2017,17.0,unesco_uis_opri_202602,official_or_reference,123.99028909105539,-106.99028909105539,106.99028909105539,modelled_structural_allocation_total_calibrated
ppml_russia_inbound_structural_allocation_v3,MOZ,Mozambique,RUS,Russian Federation,2018,25.0,unesco_uis_opri_202602,official_or_reference,22.5150641823372,2.4849358176628016,2.4849358176628016,modelled_structural_allocation_total_calibrated
ppml_russia_inbound_structural_allocation_v3,MOZ,Mozambique,RUS,Russian Federation,2019,23.0,unesco_uis_opri_202602,official_or_reference,697.1746046245815,-674.1746046245815,674.1746046245815,modelled_structural_allocation_total_calibrated
ppml_russia_inbound_structural_allocation_v3,MOZ,Mozambique,RUS,Russian Federation,2020,162.0,unesco_uis_opri_202602,official_or_reference,68.58317067209634,93.41682932790366,93.41682932790366,modelled_structural_allocation_total_calibrated
ppml_russia_inbound_structural_allocation_v3,MOZ,Mozambique,RUS,Russian Federation,2021,153.0,unesco_uis_opri_202602,official_or_reference,31125.555257687884,-30972.555257687884,30972.555257687884,modelled_structural_allocation_total_calibrated
ppml_russia_inbound_structural_allocation_v3,MOZ,Mozambique,RUS,Russian Federation,2022,147.0,unesco_uis_opri_202602,official_or_reference,148.85500405528066,-1.8550040552806593,1.8550040552806593,modelled_structural_allocation_total_calibrated
ppml_russia_inbound_structural_allocation_v3,MOZ,Mozambique,RUS,Russian Federation,2023,152.0,unesco_uis_opri_202602,official_or_reference,267.5349210453398,-115.53492104533979,115.53492104533979,modelled_structural_allocation_total_calibrated
ppml_russia_inbound_structural_allocation_v3,MRT,Mauritania,RUS,Russian Federation,2011,2.0,unesco_uis_opri_202602,official_or_reference,173.75887743874125,-171.75887743874125,171.75887743874125,modelled_structural_allocation_total_calibrated
ppml_russia_inbound_structural_allocation_v3,MRT,Mauritania,RUS,Russian Federation,2014,2.0,unesco_uis_opri_202602,official_or_reference,222.1585549892557,-220.1585549892557,220.1585549892557,modelled_structural_allocation_total_calibrated
ppml_russia_inbound_structural_allocation_v3,MRT,Mauritania,RUS,Russian Federation,2016,3.0,unesco_uis_opri_202602,official_or_reference,0.5563873616505683,2.443612638349432,2.443612638349432,modelled_structural_allocation_total_calibrated
ppml_russia_inbound_structural_allocation_v3,MRT,Mauritania,RUS,Russian Federation,2017,2.0,unesco_uis_opri_202602,official_or_reference,218.3872342097766,-216.3872342097766,216.3872342097766,modelled_structural_allocation_total_calibrated
ppml_russia_inbound_structural_allocation_v3,MRT,Mauritania,RUS,Russian Federation,2018,4.0,unesco_uis_opri_202602,official_or_reference,93.22517716918983,-89.22517716918983,89.22517716918983,modelled_structural_allocation_total_calibrated
ppml_russia_inbound_structural_allocation_v3,MRT,Mauritania,RUS,Russian Federation,2019,8.0,unesco_uis_opri_202602,official_or_reference,25.970682059733743,-17.970682059733743,17.970682059733743,modelled_structural_allocation_total_calibrated
ppml_russia_inbound_structural_allocation_v3,MRT,Mauritania,RUS,Russian Federation,2020,70.0,unesco_uis_opri_202602,official_or_reference,18.713573376035434,51.286426623964566,51.286426623964566,modelled_structural_allocation_total_calibrated
ppml_russia_inbound_structural_allocation_v3,MRT,Mauritania,RUS,Russian Federation,2021,72.0,unesco_uis_opri_202602,official_or_reference,84.99472574227983,-12.994725742279826,12.994725742279826,modelled_structural_allocation_total_calibrated
ppml_russia_inbound_structural_allocation_v3,MRT,Mauritania,RUS,Russian Federation,2022,90.0,unesco_uis_opri_202602,official_or_reference,1.287025839788524,88.71297416021147,88.71297416021147,modelled_structural_allocation_total_calibrated
ppml_russia_inbound_structural_allocation_v3,MRT,Mauritania,RUS,Russian Federation,2023,115.0,unesco_uis_opri_202602,official_or_reference,814.7828617070118,-699.7828617070118,699.7828617070118,modelled_structural_allocation_total_calibrated
ppml_russia_inbound_structural_allocation_v3,MSR,Montserrat,RUS,Russian Federation,2011,0.0,unesco_uis_opri_202602,official_or_reference,898.95734071081,-898.95734071081,898.95734071081,modelled_structural_allocation_total_calibrated
ppml_russia_inbound_structural_allocation_v3,MSR,Montserrat,RUS,Russian Federation,2014,0.0,unesco_uis_opri_202602,official_or_reference,5398.1753364776105,-5398.1753364776105,5398.1753364776105,modelled_structural_allocation_total_calibrated
ppml_russia_inbound_structural_allocation_v3,MSR,Montserrat,RUS,Russian Federation,2016,0.0,unesco_uis_opri_202602,official_or_reference,196.9426518623866,-196.9426518623866,196.9426518623866,modelled_structural_allocation_total_calibrated
ppml_russia_inbound_structural_allocation_v3,MSR,Montserrat,RUS,Russian Federation,2017,0.0,unesco_uis_opri_202602,official_or_reference,1.735320241277604,-1.735320241277604,1.735320241277604,modelled_structural_allocation_total_calibrated
ppml_russia_inbound_structural_allocation_v3,MSR,Montserrat,RUS,Russian Federation,2018,0.0,unesco_uis_opri_202602,official_or_reference,571.4192758215564,-571.4192758215564,571.4192758215564,modelled_structural_allocation_total_calibrated
ppml_russia_inbound_structural_allocation_v3,MSR,Montserrat,RUS,Russian Federation,2019,0.0,unesco_uis_opri_202602,official_or_reference,38.183469481141174,-38.183469481141174,38.183469481141174,modelled_structural_allocation_total_calibrated
ppml_russia_inbound_structural_allocation_v3,MSR,Montserrat,RUS,Russian Federation,2020,0.0,unesco_uis_opri_202602,official_or_reference,857.5364124663994,-857.5364124663994,857.5364124663994,modelled_structural_allocation_total_calibrated
ppml_russia_inbound_structural_allocation_v3,MSR,Montserrat,RUS,Russian Federation,2021,0.0,unesco_uis_opri_202602,official_or_reference,156.38058054226823,-156.38058054226823,156.38058054226823,modelled_structural_allocation_total_calibrated
ppml_russia_inbound_structural_allocation_v3,MSR,Montserrat,RUS,Russian Federation,2022,0.0,unesco_uis_opri_202602,official_or_reference,1413.5499421613285,-1413.5499421613285,1413.5499421613285,modelled_structural_allocation_total_calibrated
ppml_russia_inbound_structural_allocation_v3,MSR,Montserrat,RUS,Russian Federation,2023,0.0,unesco_uis_opri_202602,official_or_reference,156.59670702713854,-156.59670702713854,156.59670702713854,modelled_structural_allocation_total_calibrated
ppml_russia_inbound_structural_allocation_v3,MUS,Mauritius,RUS,Russian Federation,2011,77.0,unesco_uis_opri_202602,official_or_reference,3123.56214567778,-3046.56214567778,3046.56214567778,modelled_structural_allocation_total_calibrated
ppml_russia_inbound_structural_allocation_v3,MUS,Mauritius,RUS,Russian Federation,2014,9.0,unesco_uis_opri_202602,official_or_reference,457.5237963665048,-448.5237963665048,448.5237963665048,modelled_structural_allocation_total_calibrated
ppml_russia_inbound_structural_allocation_v3,MUS,Mauritius,RUS,Russian Federation,2016,9.0,unesco_uis_opri_202602,official_or_reference,305.3501640704522,-296.3501640704522,296.3501640704522,modelled_structural_allocation_total_calibrated
ppml_russia_inbound_structural_allocation_v3,MUS,Mauritius,RUS,Russian Federation,2017,9.0,unesco_uis_opri_202602,official_or_reference,730.5059843881868,-721.5059843881868,721.5059843881868,modelled_structural_allocation_total_calibrated
ppml_russia_inbound_structural_allocation_v3,MUS,Mauritius,RUS,Russian Federation,2018,8.0,unesco_uis_opri_202602,official_or_reference,20.983550660854586,-12.983550660854586,12.983550660854586,modelled_structural_allocation_total_calibrated
ppml_russia_inbound_structural_allocation_v3,MUS,Mauritius,RUS,Russian Federation,2019,9.0,unesco_uis_opri_202602,official_or_reference,3615.6908000221665,-3606.6908000221665,3606.6908000221665,modelled_structural_allocation_total_calibrated
ppml_russia_inbound_structural_allocation_v3,MUS,Mauritius,RUS,Russian Federation,2020,14.0,unesco_uis_opri_202602,official_or_reference,0.27840125855535247,13.721598741444648,13.721598741444648,modelled_structural_allocation_total_calibrated
ppml_russia_inbound_structural_allocation_v3,MUS,Mauritius,RUS,Russian Federation,2021,12.0,unesco_uis_opri_202602,official_or_reference,32.629112050527894,-20.629112050527894,20.629112050527894,modelled_structural_allocation_total_calibrated
ppml_russia_inbound_structural_allocation_v3,MUS,Mauritius,RUS,Russian Federation,2022,18.0,unesco_uis_opri_202602,official_or_reference,1838.5019558826025,-1820.5019558826025,1820.5019558826025,modelled_structural_allocation_total_calibrated
ppml_russia_inbound_structural_allocation_v3,MUS,Mauritius,RUS,Russian Federation,2023,13.0,unesco_uis_opri_202602,official_or_reference,618.7214257412074,-605.7214257412074,605.7214257412074,modelled_structural_allocation_total_calibrated
ppml_russia_inbound_structural_allocation_v3,MWI,Malawi,RUS,Russian Federation,2011,27.0,unesco_uis_opri_202602,official_or_reference,174.74980516581704,-147.74980516581704,147.74980516581704,modelled_structural_allocation_total_calibrated
ppml_russia_inbound_structural_allocation_v3,MWI,Malawi,RUS,Russian Federation,2014,24.0,unesco_uis_opri_202602,official_or_reference,21.94827087803109,2.0517291219689113,2.0517291219689113,modelled_structural_allocation_total_calibrated
ppml_russia_inbound_structural_allocation_v3,MWI,Malawi,RUS,Russian Federation,2016,28.0,unesco_uis_opri_202602,official_or_reference,250.84155133205712,-222.84155133205712,222.84155133205712,modelled_structural_allocation_total_calibrated
ppml_russia_inbound_structural_allocation_v3,MWI,Malawi,RUS,Russian Federation,2017,28.0,unesco_uis_opri_202602,official_or_reference,89.14955080265047,-61.14955080265047,61.14955080265047,modelled_structural_allocation_total_calibrated
ppml_russia_inbound_structural_allocation_v3,MWI,Malawi,RUS,Russian Federation,2018,26.0,unesco_uis_opri_202602,official_or_reference,28.310655301673066,-2.3106553016730658,2.3106553016730658,modelled_structural_allocation_total_calibrated
ppml_russia_inbound_structural_allocation_v3,MWI,Malawi,RUS,Russian Federation,2019,26.0,unesco_uis_opri_202602,official_or_reference,33.31887050670577,-7.318870506705771,7.318870506705771,modelled_structural_allocation_total_calibrated
ppml_russia_inbound_structural_allocation_v3,MWI,Malawi,RUS,Russian Federation,2020,28.0,unesco_uis_opri_202602,official_or_reference,2814.905959934361,-2786.905959934361,2786.905959934361,modelled_structural_allocation_total_calibrated
ppml_russia_inbound_structural_allocation_v3,MWI,Malawi,RUS,Russian Federation,2021,31.0,unesco_uis_opri_202602,official_or_reference,3.7599732079531365,27.240026792046862,27.240026792046862,modelled_structural_allocation_total_calibrated
ppml_russia_inbound_structural_allocation_v3,MWI,Malawi,RUS,Russian Federation,2022,30.0,unesco_uis_opri_202602,official_or_reference,23.543723808763975,6.456276191236025,6.456276191236025,modelled_structural_allocation_total_calibrated
ppml_russia_inbound_structural_allocation_v3,MWI,Malawi,RUS,Russian Federation,2023,23.0,unesco_uis_opri_202602,official_or_reference,22.719041017155508,0.28095898284449206,0.28095898284449206,modelled_structural_allocation_total_calibrated
ppml_russia_inbound_structural_allocation_v3,MYS,Malaysia,RUS,Russian Federation,2011,2817.0,unesco_uis_opri_202602,official_or_reference,214.28680425147346,2602.7131957485267,2602.7131957485267,modelled_structural_allocation_total_calibrated
ppml_russia_inbound_structural_allocation_v3,MYS,Malaysia,RUS,Russian Federation,2014,2314.0,unesco_uis_opri_202602,official_or_reference,19.5452893222278,2294.4547106777723,2294.4547106777723,modelled_structural_allocation_total_calibrated
ppml_russia_inbound_structural_allocation_v3,MYS,Malaysia,RUS,Russian Federation,2016,2038.0,unesco_uis_opri_202602,official_or_reference,757.3935697384183,1280.6064302615819,1280.6064302615819,modelled_structural_allocation_total_calibrated
ppml_russia_inbound_structural_allocation_v3,MYS,Malaysia,RUS,Russian Federation,2017,1838.0,unesco_uis_opri_202602,official_or_reference,137.12810704204082,1700.871892957959,1700.871892957959,modelled_structural_allocation_total_calibrated
ppml_russia_inbound_structural_allocation_v3,MYS,Malaysia,RUS,Russian Federation,2018,1506.0,unesco_uis_opri_202602,official_or_reference,902.3591081660078,603.6408918339922,603.6408918339922,modelled_structural_allocation_total_calibrated
ppml_russia_inbound_structural_allocation_v3,MYS,Malaysia,RUS,Russian Federation,2019,1194.0,unesco_uis_opri_202602,official_or_reference,1179.8019365590678,14.198063440932174,14.198063440932174,modelled_structural_allocation_total_calibrated
ppml_russia_inbound_structural_allocation_v3,MYS,Malaysia,RUS,Russian Federation,2020,889.0,unesco_uis_opri_202602,official_or_reference,14367.876984890047,-13478.876984890047,13478.876984890047,modelled_structural_allocation_total_calibrated
ppml_russia_inbound_structural_allocation_v3,MYS,Malaysia,RUS,Russian Federation,2021,816.0,unesco_uis_opri_202602,official_or_reference,417.0458181373304,398.9541818626696,398.9541818626696,modelled_structural_allocation_total_calibrated
ppml_russia_inbound_structural_allocation_v3,MYS,Malaysia,RUS,Russian Federation,2022,713.0,unesco_uis_opri_202602,official_or_reference,2464.1191357551156,-1751.1191357551156,1751.1191357551156,modelled_structural_allocation_total_calibrated
ppml_russia_inbound_structural_allocation_v3,MYS,Malaysia,RUS,Russian Federation,2023,666.0,unesco_uis_opri_202602,official_or_reference,1940.9926296011095,-1274.9926296011095,1274.9926296011095,modelled_structural_allocation_total_calibrated
ppml_russia_inbound_structural_allocation_v3,NAM,Namibia,RUS,Russian Federation,2011,117.0,unesco_uis_opri_202602,official_or_reference,178.38386075575042,-61.38386075575042,61.38386075575042,modelled_structural_allocation_total_calibrated
ppml_russia_inbound_structural_allocation_v3,NAM,Namibia,RUS,Russian Federation,2014,178.0,unesco_uis_opri_202602,official_or_reference,13.134647896798143,164.86535210320187,164.86535210320187,modelled_structural_allocation_total_calibrated
ppml_russia_inbound_structural_allocation_v3,NAM,Namibia,RUS,Russian Federation,2016,474.0,unesco_uis_opri_202602,official_or_reference,4272.847887732287,-3798.847887732287,3798.847887732287,modelled_structural_allocation_total_calibrated
ppml_russia_inbound_structural_allocation_v3,NAM,Namibia,RUS,Russian Federation,2017,451.0,unesco_uis_opri_202602,official_or_reference,33.56445123213578,417.43554876786425,417.43554876786425,modelled_structural_allocation_total_calibrated
ppml_russia_inbound_structural_allocation_v3,NAM,Namibia,RUS,Russian Federation,2018,406.0,unesco_uis_opri_202602,official_or_reference,498.1328480293857,-92.13284802938568,92.13284802938568,modelled_structural_allocation_total_calibrated
ppml_russia_inbound_structural_allocation_v3,NAM,Namibia,RUS,Russian Federation,2019,333.0,unesco_uis_opri_202602,official_or_reference,113.89424717546324,219.10575282453675,219.10575282453675,modelled_structural_allocation_total_calibrated
ppml_russia_inbound_structural_allocation_v3,NAM,Namibia,RUS,Russian Federation,2020,152.0,unesco_uis_opri_202602,official_or_reference,17838.378307906954,-17686.378307906954,17686.378307906954,modelled_structural_allocation_total_calibrated
ppml_russia_inbound_structural_allocation_v3,NAM,Namibia,RUS,Russian Federation,2021,142.0,unesco_uis_opri_202602,official_or_reference,300.09869830057556,-158.09869830057556,158.09869830057556,modelled_structural_allocation_total_calibrated
ppml_russia_inbound_structural_allocation_v3,NAM,Namibia,RUS,Russian Federation,2022,211.0,unesco_uis_opri_202602,official_or_reference,4115.9379693125575,-3904.9379693125575,3904.9379693125575,modelled_structural_allocation_total_calibrated
ppml_russia_inbound_structural_allocation_v3,NAM,Namibia,RUS,Russian Federation,2023,272.0,unesco_uis_opri_202602,official_or_reference,404.8185564641195,-132.81855646411952,132.81855646411952,modelled_structural_allocation_total_calibrated
ppml_russia_inbound_structural_allocation_v3,NER,Niger,RUS,Russian Federation,2011,0.0,unesco_uis_opri_202602,official_or_reference,1.748995896492012,-1.748995896492012,1.748995896492012,modelled_structural_allocation_total_calibrated
ppml_russia_inbound_structural_allocation_v3,NER,Niger,RUS,Russian Federation,2014,1.0,unesco_uis_opri_202602,official_or_reference,2.260556210188178,-1.2605562101881782,1.2605562101881782,modelled_structural_allocation_total_calibrated
ppml_russia_inbound_structural_allocation_v3,NER,Niger,RUS,Russian Federation,2016,3.0,unesco_uis_opri_202602,official_or_reference,513.0820229926397,-510.08202299263974,510.08202299263974,modelled_structural_allocation_total_calibrated
ppml_russia_inbound_structural_allocation_v3,NER,Niger,RUS,Russian Federation,2017,1.0,unesco_uis_opri_202602,official_or_reference,389.0037244463436,-388.0037244463436,388.0037244463436,modelled_structural_allocation_total_calibrated
ppml_russia_inbound_structural_allocation_v3,NER,Niger,RUS,Russian Federation,2018,0.0,unesco_uis_opri_202602,official_or_reference,324.6394236613833,-324.6394236613833,324.6394236613833,modelled_structural_allocation_total_calibrated
ppml_russia_inbound_structural_allocation_v3,NER,Niger,RUS,Russian Federation,2019,2.0,unesco_uis_opri_202602,official_or_reference,416.5222238112175,-414.5222238112175,414.5222238112175,modelled_structural_allocation_total_calibrated
ppml_russia_inbound_structural_allocation_v3,NER,Niger,RUS,Russian Federation,2020,28.0,unesco_uis_opri_202602,official_or_reference,6.676520476163508,21.323479523836493,21.323479523836493,modelled_structural_allocation_total_calibrated
ppml_russia_inbound_structural_allocation_v3,NER,Niger,RUS,Russian Federation,2021,29.0,unesco_uis_opri_202602,official_or_reference,320.5801623890706,-291.5801623890706,291.5801623890706,modelled_structural_allocation_total_calibrated
ppml_russia_inbound_structural_allocation_v3,NER,Niger,RUS,Russian Federation,2022,21.0,unesco_uis_opri_202602,official_or_reference,9.513385171597069,11.486614828402931,11.486614828402931,modelled_structural_allocation_total_calibrated
ppml_russia_inbound_structural_allocation_v3,NER,Niger,RUS,Russian Federation,2023,27.0,unesco_uis_opri_202602,official_or_reference,56.30343963064235,-29.30343963064235,29.30343963064235,modelled_structural_allocation_total_calibrated
ppml_russia_inbound_structural_allocation_v3,NGA,Nigeria,RUS,Russian Federation,2011,736.0,unesco_uis_opri_202602,official_or_reference,434.8865668473095,301.1134331526905,301.1134331526905,modelled_structural_allocation_total_calibrated
ppml_russia_inbound_structural_allocation_v3,NGA,Nigeria,RUS,Russian Federation,2014,777.0,unesco_uis_opri_202602,official_or_reference,52.18830849057316,724.8116915094269,724.8116915094269,modelled_structural_allocation_total_calibrated
ppml_russia_inbound_structural_allocation_v3,NGA,Nigeria,RUS,Russian Federation,2016,1155.0,unesco_uis_opri_202602,official_or_reference,889.6449213179454,265.35507868205457,265.35507868205457,modelled_structural_allocation_total_calibrated
ppml_russia_inbound_structural_allocation_v3,NGA,Nigeria,RUS,Russian Federation,2017,1155.0,unesco_uis_opri_202602,official_or_reference,1491.7129304965188,-336.71293049651877,336.71293049651877,modelled_structural_allocation_total_calibrated
ppml_russia_inbound_structural_allocation_v3,NGA,Nigeria,RUS,Russian Federation,2018,1149.0,unesco_uis_opri_202602,official_or_reference,597.3484859889489,551.6515140110511,551.6515140110511,modelled_structural_allocation_total_calibrated
ppml_russia_inbound_structural_allocation_v3,NGA,Nigeria,RUS,Russian Federation,2019,1090.0,unesco_uis_opri_202602,official_or_reference,26.665736529168633,1063.3342634708313,1063.3342634708313,modelled_structural_allocation_total_calibrated
ppml_russia_inbound_structural_allocation_v3,NGA,Nigeria,RUS,Russian Federation,2020,1768.0,unesco_uis_opri_202602,official_or_reference,846.4213362101094,921.5786637898906,921.5786637898906,modelled_structural_allocation_total_calibrated
ppml_russia_inbound_structural_allocation_v3,NGA,Nigeria,RUS,Russian Federation,2021,1712.0,unesco_uis_opri_202602,official_or_reference,54.731923537937696,1657.2680764620623,1657.2680764620623,modelled_structural_allocation_total_calibrated
ppml_russia_inbound_structural_allocation_v3,NGA,Nigeria,RUS,Russian Federation,2022,1758.0,unesco_uis_opri_202602,official_or_reference,644.7119462171332,1113.2880537828669,1113.2880537828669,modelled_structural_allocation_total_calibrated
ppml_russia_inbound_structural_allocation_v3,NGA,Nigeria,RUS,Russian Federation,2023,1950.0,unesco_uis_opri_202602,official_or_reference,111.84186053562497,1838.158139464375,1838.158139464375,modelled_structural_allocation_total_calibrated
ppml_russia_inbound_structural_allocation_v3,NIC,Nicaragua,RUS,Russian Federation,2011,4.0,unesco_uis_opri_202602,official_or_reference,28.46275969380476,-24.46275969380476,24.46275969380476,modelled_structural_allocation_total_calibrated
ppml_russia_inbound_structural_allocation_v3,NIC,Nicaragua,RUS,Russian Federation,2014,3.0,unesco_uis_opri_202602,official_or_reference,211.78575011742393,-208.78575011742393,208.78575011742393,modelled_structural_allocation_total_calibrated
ppml_russia_inbound_structural_allocation_v3,NIC,Nicaragua,RUS,Russian Federation,2016,3.0,unesco_uis_opri_202602,official_or_reference,0.10728767517372508,2.8927123248262747,2.8927123248262747,modelled_structural_allocation_total_calibrated
ppml_russia_inbound_structural_allocation_v3,NIC,Nicaragua,RUS,Russian Federation,2017,3.0,unesco_uis_opri_202602,official_or_reference,356.79057235449767,-353.79057235449767,353.79057235449767,modelled_structural_allocation_total_calibrated
ppml_russia_inbound_structural_allocation_v3,NIC,Nicaragua,RUS,Russian Federation,2018,1.0,unesco_uis_opri_202602,official_or_reference,497.42703719673585,-496.42703719673585,496.42703719673585,modelled_structural_allocation_total_calibrated
ppml_russia_inbound_structural_allocation_v3,NIC,Nicaragua,RUS,Russian Federation,2019,3.0,unesco_uis_opri_202602,official_or_reference,5.096304251929982,-2.0963042519299817,2.0963042519299817,modelled_structural_allocation_total_calibrated
ppml_russia_inbound_structural_allocation_v3,NIC,Nicaragua,RUS,Russian Federation,2020,7.0,unesco_uis_opri_202602,official_or_reference,498.4164024421032,-491.4164024421032,491.4164024421032,modelled_structural_allocation_total_calibrated
ppml_russia_inbound_structural_allocation_v3,NIC,Nicaragua,RUS,Russian Federation,2021,9.0,unesco_uis_opri_202602,official_or_reference,423.11579271439155,-414.11579271439155,414.11579271439155,modelled_structural_allocation_total_calibrated
ppml_russia_inbound_structural_allocation_v3,NIC,Nicaragua,RUS,Russian Federation,2022,16.0,unesco_uis_opri_202602,official_or_reference,176.57701880114175,-160.57701880114175,160.57701880114175,modelled_structural_allocation_total_calibrated
ppml_russia_inbound_structural_allocation_v3,NIC,Nicaragua,RUS,Russian Federation,2023,23.0,unesco_uis_opri_202602,official_or_reference,124.49340527864234,-101.49340527864234,101.49340527864234,modelled_structural_allocation_total_calibrated
ppml_russia_inbound_structural_allocation_v3,NIU,Niue,RUS,Russian Federation,2011,0.0,unesco_uis_opri_202602,official_or_reference,139.83125685715572,-139.83125685715572,139.83125685715572,modelled_structural_allocation_total_calibrated
ppml_russia_inbound_structural_allocation_v3,NIU,Niue,RUS,Russian Federation,2014,0.0,unesco_uis_opri_202602,official_or_reference,0.40217149953428777,-0.40217149953428777,0.40217149953428777,modelled_structural_allocation_total_calibrated
ppml_russia_inbound_structural_allocation_v3,NIU,Niue,RUS,Russian Federation,2016,0.0,unesco_uis_opri_202602,official_or_reference,44.78331643302966,-44.78331643302966,44.78331643302966,modelled_structural_allocation_total_calibrated
ppml_russia_inbound_structural_allocation_v3,NIU,Niue,RUS,Russian Federation,2017,0.0,unesco_uis_opri_202602,official_or_reference,267.7702753896985,-267.7702753896985,267.7702753896985,modelled_structural_allocation_total_calibrated
ppml_russia_inbound_structural_allocation_v3,NIU,Niue,RUS,Russian Federation,2018,0.0,unesco_uis_opri_202602,official_or_reference,495.0905768683585,-495.0905768683585,495.0905768683585,modelled_structural_allocation_total_calibrated
ppml_russia_inbound_structural_allocation_v3,NIU,Niue,RUS,Russian Federation,2019,0.0,unesco_uis_opri_202602,official_or_reference,49.9984068582498,-49.9984068582498,49.9984068582498,modelled_structural_allocation_total_calibrated
ppml_russia_inbound_structural_allocation_v3,NIU,Niue,RUS,Russian Federation,2020,0.0,unesco_uis_opri_202602,official_or_reference,344.3923529025976,-344.3923529025976,344.3923529025976,modelled_structural_allocation_total_calibrated
ppml_russia_inbound_structural_allocation_v3,NIU,Niue,RUS,Russian Federation,2021,0.0,unesco_uis_opri_202602,official_or_reference,894.2842983355707,-894.2842983355707,894.2842983355707,modelled_structural_allocation_total_calibrated
ppml_russia_inbound_structural_allocation_v3,NIU,Niue,RUS,Russian Federation,2022,0.0,unesco_uis_opri_202602,official_or_reference,246.97969159302718,-246.97969159302718,246.97969159302718,modelled_structural_allocation_total_calibrated
ppml_russia_inbound_structural_allocation_v3,NIU,Niue,RUS,Russian Federation,2023,0.0,unesco_uis_opri_202602,official_or_reference,0.00491224015716745,-0.00491224015716745,0.00491224015716745,modelled_structural_allocation_total_calibrated
ppml_russia_inbound_structural_allocation_v3,NLD,Netherlands,RUS,Russian Federation,2011,4.0,unesco_uis_opri_202602,official_or_reference,1289.8746212761116,-1285.8746212761116,1285.8746212761116,modelled_structural_allocation_total_calibrated
ppml_russia_inbound_structural_allocation_v3,NLD,Netherlands,RUS,Russian Federation,2014,4.0,unesco_uis_opri_202602,official_or_reference,920.3731804532871,-916.3731804532871,916.3731804532871,modelled_structural_allocation_total_calibrated
ppml_russia_inbound_structural_allocation_v3,NLD,Netherlands,RUS,Russian Federation,2016,16.0,unesco_uis_opri_202602,official_or_reference,1604.4288555711857,-1588.4288555711857,1588.4288555711857,modelled_structural_allocation_total_calibrated
ppml_russia_inbound_structural_allocation_v3,NLD,Netherlands,RUS,Russian Federation,2017,22.0,unesco_uis_opri_202602,official_or_reference,0.16669295604160844,21.833307043958392,21.833307043958392,modelled_structural_allocation_total_calibrated
ppml_russia_inbound_structural_allocation_v3,NLD,Netherlands,RUS,Russian Federation,2018,17.0,unesco_uis_opri_202602,official_or_reference,9.433778040133266,7.566221959866734,7.566221959866734,modelled_structural_allocation_total_calibrated
ppml_russia_inbound_structural_allocation_v3,NLD,Netherlands,RUS,Russian Federation,2019,55.0,unesco_uis_opri_202602,official_or_reference,390.72183474366034,-335.72183474366034,335.72183474366034,modelled_structural_allocation_total_calibrated
ppml_russia_inbound_structural_allocation_v3,NLD,Netherlands,RUS,Russian Federation,2020,43.0,unesco_uis_opri_202602,official_or_reference,6680.645773463807,-6637.645773463807,6637.645773463807,modelled_structural_allocation_total_calibrated
ppml_russia_inbound_structural_allocation_v3,NLD,Netherlands,RUS,Russian Federation,2021,34.0,unesco_uis_opri_202602,official_or_reference,20.299195399427067,13.700804600572933,13.700804600572933,modelled_structural_allocation_total_calibrated
ppml_russia_inbound_structural_allocation_v3,NLD,Netherlands,RUS,Russian Federation,2022,16.0,unesco_uis_opri_202602,official_or_reference,163.24943637109922,-147.24943637109922,147.24943637109922,modelled_structural_allocation_total_calibrated
ppml_russia_inbound_structural_allocation_v3,NLD,Netherlands,RUS,Russian Federation,2023,9.0,unesco_uis_opri_202602,official_or_reference,749.5197557309172,-740.5197557309172,740.5197557309172,modelled_structural_allocation_total_calibrated
ppml_russia_inbound_structural_allocation_v3,NOR,Norway,RUS,Russian Federation,2011,11.0,unesco_uis_opri_202602,official_or_reference,0.0788221147657172,10.921177885234282,10.921177885234282,modelled_structural_allocation_total_calibrated
ppml_russia_inbound_structural_allocation_v3,NOR,Norway,RUS,Russian Federation,2014,4.0,unesco_uis_opri_202602,official_or_reference,130.96456507461988,-126.96456507461988,126.96456507461988,modelled_structural_allocation_total_calibrated
ppml_russia_inbound_structural_allocation_v3,NOR,Norway,RUS,Russian Federation,2016,42.0,unesco_uis_opri_202602,official_or_reference,2462.3758585461565,-2420.3758585461565,2420.3758585461565,modelled_structural_allocation_total_calibrated
ppml_russia_inbound_structural_allocation_v3,NOR,Norway,RUS,Russian Federation,2017,54.0,unesco_uis_opri_202602,official_or_reference,525.5112278630479,-471.5112278630479,471.5112278630479,modelled_structural_allocation_total_calibrated
ppml_russia_inbound_structural_allocation_v3,NOR,Norway,RUS,Russian Federation,2018,80.0,unesco_uis_opri_202602,official_or_reference,1308.0399269499212,-1228.0399269499212,1228.0399269499212,modelled_structural_allocation_total_calibrated
ppml_russia_inbound_structural_allocation_v3,NOR,Norway,RUS,Russian Federation,2019,89.0,unesco_uis_opri_202602,official_or_reference,45.17732591509248,43.82267408490752,43.82267408490752,modelled_structural_allocation_total_calibrated
ppml_russia_inbound_structural_allocation_v3,NOR,Norway,RUS,Russian Federation,2020,23.0,unesco_uis_opri_202602,official_or_reference,455.6210293229274,-432.6210293229274,432.6210293229274,modelled_structural_allocation_total_calibrated
ppml_russia_inbound_structural_allocation_v3,NOR,Norway,RUS,Russian Federation,2021,27.0,unesco_uis_opri_202602,official_or_reference,265.64144655372405,-238.64144655372405,238.64144655372405,modelled_structural_allocation_total_calibrated
ppml_russia_inbound_structural_allocation_v3,NOR,Norway,RUS,Russian Federation,2022,21.0,unesco_uis_opri_202602,official_or_reference,2522.112473053323,-2501.112473053323,2501.112473053323,modelled_structural_allocation_total_calibrated
ppml_russia_inbound_structural_allocation_v3,NOR,Norway,RUS,Russian Federation,2023,9.0,unesco_uis_opri_202602,official_or_reference,124.25703997624561,-115.25703997624561,115.25703997624561,modelled_structural_allocation_total_calibrated
ppml_russia_inbound_structural_allocation_v3,NPL,Nepal,RUS,Russian Federation,2011,102.0,unesco_uis_opri_202602,official_or_reference,765.8975152754808,-663.8975152754808,663.8975152754808,modelled_structural_allocation_total_calibrated
ppml_russia_inbound_structural_allocation_v3,NPL,Nepal,RUS,Russian Federation,2014,31.0,unesco_uis_opri_202602,official_or_reference,309.1886473918845,-278.1886473918845,278.1886473918845,modelled_structural_allocation_total_calibrated
ppml_russia_inbound_structural_allocation_v3,NPL,Nepal,RUS,Russian Federation,2016,20.0,unesco_uis_opri_202602,official_or_reference,171.10032494502155,-151.10032494502155,151.10032494502155,modelled_structural_allocation_total_calibrated
ppml_russia_inbound_structural_allocation_v3,NPL,Nepal,RUS,Russian Federation,2017,19.0,unesco_uis_opri_202602,official_or_reference,259.9918965341384,-240.9918965341384,240.9918965341384,modelled_structural_allocation_total_calibrated
ppml_russia_inbound_structural_allocation_v3,NPL,Nepal,RUS,Russian Federation,2018,27.0,unesco_uis_opri_202602,official_or_reference,8.914032772865507,18.085967227134493,18.085967227134493,modelled_structural_allocation_total_calibrated
ppml_russia_inbound_structural_allocation_v3,NPL,Nepal,RUS,Russian Federation,2019,44.0,unesco_uis_opri_202602,official_or_reference,104.2288376854739,-60.228837685473906,60.228837685473906,modelled_structural_allocation_total_calibrated
ppml_russia_inbound_structural_allocation_v3,NPL,Nepal,RUS,Russian Federation,2020,127.0,unesco_uis_opri_202602,official_or_reference,33.35225754228791,93.6477424577121,93.6477424577121,modelled_structural_allocation_total_calibrated
ppml_russia_inbound_structural_allocation_v3,NPL,Nepal,RUS,Russian Federation,2021,98.0,unesco_uis_opri_202602,official_or_reference,241.4295564401213,-143.4295564401213,143.4295564401213,modelled_structural_allocation_total_calibrated
ppml_russia_inbound_structural_allocation_v3,NPL,Nepal,RUS,Russian Federation,2022,121.0,unesco_uis_opri_202602,official_or_reference,460.07934779393736,-339.07934779393736,339.07934779393736,modelled_structural_allocation_total_calibrated
ppml_russia_inbound_structural_allocation_v3,NPL,Nepal,RUS,Russian Federation,2023,94.0,unesco_uis_opri_202602,official_or_reference,3726.176637375016,-3632.176637375016,3632.176637375016,modelled_structural_allocation_total_calibrated
ppml_russia_inbound_structural_allocation_v3,NRU,Nauru,RUS,Russian Federation,2011,0.0,unesco_uis_opri_202602,official_or_reference,191.59960507858648,-191.59960507858648,191.59960507858648,modelled_structural_allocation_total_calibrated
ppml_russia_inbound_structural_allocation_v3,NRU,Nauru,RUS,Russian Federation,2014,0.0,unesco_uis_opri_202602,official_or_reference,8.143602183397102,-8.143602183397102,8.143602183397102,modelled_structural_allocation_total_calibrated
ppml_russia_inbound_structural_allocation_v3,NRU,Nauru,RUS,Russian Federation,2016,0.0,unesco_uis_opri_202602,official_or_reference,2.6095836120127305,-2.6095836120127305,2.6095836120127305,modelled_structural_allocation_total_calibrated
ppml_russia_inbound_structural_allocation_v3,NRU,Nauru,RUS,Russian Federation,2017,0.0,unesco_uis_opri_202602,official_or_reference,1603.0201185515002,-1603.0201185515002,1603.0201185515002,modelled_structural_allocation_total_calibrated
ppml_russia_inbound_structural_allocation_v3,NRU,Nauru,RUS,Russian Federation,2018,0.0,unesco_uis_opri_202602,official_or_reference,427.44620749582094,-427.44620749582094,427.44620749582094,modelled_structural_allocation_total_calibrated
ppml_russia_inbound_structural_allocation_v3,NRU,Nauru,RUS,Russian Federation,2019,0.0,unesco_uis_opri_202602,official_or_reference,592.2076918862412,-592.2076918862412,592.2076918862412,modelled_structural_allocation_total_calibrated
ppml_russia_inbound_structural_allocation_v3,NRU,Nauru,RUS,Russian Federation,2020,0.0,unesco_uis_opri_202602,official_or_reference,32.5862650312623,-32.5862650312623,32.5862650312623,modelled_structural_allocation_total_calibrated
ppml_russia_inbound_structural_allocation_v3,NRU,Nauru,RUS,Russian Federation,2021,0.0,unesco_uis_opri_202602,official_or_reference,10.596571836831123,-10.596571836831123,10.596571836831123,modelled_structural_allocation_total_calibrated
ppml_russia_inbound_structural_allocation_v3,NRU,Nauru,RUS,Russian Federation,2022,0.0,unesco_uis_opri_202602,official_or_reference,2931.521386263378,-2931.521386263378,2931.521386263378,modelled_structural_allocation_total_calibrated
ppml_russia_inbound_structural_allocation_v3,NRU,Nauru,RUS,Russian Federation,2023,0.0,unesco_uis_opri_202602,official_or_reference,3.8648992034923024,-3.8648992034923024,3.8648992034923024,modelled_structural_allocation_total_calibrated
ppml_russia_inbound_structural_allocation_v3,NZL,New Zealand,RUS,Russian Federation,2011,3.0,unesco_uis_opri_202602,official_or_reference,411.90980626471713,-408.90980626471713,408.90980626471713,modelled_structural_allocation_total_calibrated
ppml_russia_inbound_structural_allocation_v3,NZL,New Zealand,RUS,Russian Federation,2014,3.0,unesco_uis_opri_202602,official_or_reference,61.297522482647345,-58.297522482647345,58.297522482647345,modelled_structural_allocation_total_calibrated
ppml_russia_inbound_structural_allocation_v3,NZL,New Zealand,RUS,Russian Federation,2016,4.0,unesco_uis_opri_202602,official_or_reference,440.3191022017017,-436.3191022017017,436.3191022017017,modelled_structural_allocation_total_calibrated
ppml_russia_inbound_structural_allocation_v3,NZL,New Zealand,RUS,Russian Federation,2017,3.0,unesco_uis_opri_202602,official_or_reference,6246.658716497928,-6243.658716497928,6243.658716497928,modelled_structural_allocation_total_calibrated
ppml_russia_inbound_structural_allocation_v3,NZL,New Zealand,RUS,Russian Federation,2018,5.0,unesco_uis_opri_202602,official_or_reference,0.0091536263964031,4.990846373603597,4.990846373603597,modelled_structural_allocation_total_calibrated
ppml_russia_inbound_structural_allocation_v3,NZL,New Zealand,RUS,Russian Federation,2019,3.0,unesco_uis_opri_202602,official_or_reference,41355.09216907981,-41352.09216907981,41352.09216907981,modelled_structural_allocation_total_calibrated
ppml_russia_inbound_structural_allocation_v3,NZL,New Zealand,RUS,Russian Federation,2020,5.0,unesco_uis_opri_202602,official_or_reference,88.84701873757848,-83.84701873757848,83.84701873757848,modelled_structural_allocation_total_calibrated
ppml_russia_inbound_structural_allocation_v3,NZL,New Zealand,RUS,Russian Federation,2021,4.0,unesco_uis_opri_202602,official_or_reference,1.5963826723814352,2.403617327618565,2.403617327618565,modelled_structural_allocation_total_calibrated
ppml_russia_inbound_structural_allocation_v3,NZL,New Zealand,RUS,Russian Federation,2022,3.0,unesco_uis_opri_202602,official_or_reference,15.771676529087706,-12.771676529087706,12.771676529087706,modelled_structural_allocation_total_calibrated
ppml_russia_inbound_structural_allocation_v3,NZL,New Zealand,RUS,Russian Federation,2023,1.0,unesco_uis_opri_202602,official_or_reference,450.566084673904,-449.566084673904,449.566084673904,modelled_structural_allocation_total_calibrated
ppml_russia_inbound_structural_allocation_v3,OMN,Oman,RUS,Russian Federation,2011,35.0,unesco_uis_opri_202602,official_or_reference,10743.187928599615,-10708.187928599615,10708.187928599615,modelled_structural_allocation_total_calibrated
ppml_russia_inbound_structural_allocation_v3,OMN,Oman,RUS,Russian Federation,2014,6.0,unesco_uis_opri_202602,official_or_reference,0.1816941067376827,5.818305893262317,5.818305893262317,modelled_structural_allocation_total_calibrated
ppml_russia_inbound_structural_allocation_v3,OMN,Oman,RUS,Russian Federation,2016,4.0,unesco_uis_opri_202602,official_or_reference,381.60203433570075,-377.60203433570075,377.60203433570075,modelled_structural_allocation_total_calibrated
ppml_russia_inbound_structural_allocation_v3,OMN,Oman,RUS,Russian Federation,2017,9.0,unesco_uis_opri_202602,official_or_reference,326.8131923319915,-317.8131923319915,317.8131923319915,modelled_structural_allocation_total_calibrated
ppml_russia_inbound_structural_allocation_v3,OMN,Oman,RUS,Russian Federation,2018,9.0,unesco_uis_opri_202602,official_or_reference,3682.9626831828114,-3673.9626831828114,3673.9626831828114,modelled_structural_allocation_total_calibrated
ppml_russia_inbound_structural_allocation_v3,OMN,Oman,RUS,Russian Federation,2019,12.0,unesco_uis_opri_202602,official_or_reference,29.476359021104965,-17.476359021104965,17.476359021104965,modelled_structural_allocation_total_calibrated
ppml_russia_inbound_structural_allocation_v3,OMN,Oman,RUS,Russian Federation,2020,24.0,unesco_uis_opri_202602,official_or_reference,45254.90697921407,-45230.90697921407,45230.90697921407,modelled_structural_allocation_total_calibrated
ppml_russia_inbound_structural_allocation_v3,OMN,Oman,RUS,Russian Federation,2021,22.0,unesco_uis_opri_202602,official_or_reference,0.0017175802835508727,21.99828241971645,21.99828241971645,modelled_structural_allocation_total_calibrated
ppml_russia_inbound_structural_allocation_v3,OMN,Oman,RUS,Russian Federation,2022,15.0,unesco_uis_opri_202602,official_or_reference,7.965225931140153,7.034774068859847,7.034774068859847,modelled_structural_allocation_total_calibrated
ppml_russia_inbound_structural_allocation_v3,OMN,Oman,RUS,Russian Federation,2023,24.0,unesco_uis_opri_202602,official_or_reference,646.8330907250815,-622.8330907250815,622.8330907250815,modelled_structural_allocation_total_calibrated
ppml_russia_inbound_structural_allocation_v3,PAK,Pakistan,RUS,Russian Federation,2011,121.0,unesco_uis_opri_202602,official_or_reference,4.095003397058999,116.904996602941,116.904996602941,modelled_structural_allocation_total_calibrated
ppml_russia_inbound_structural_allocation_v3,PAK,Pakistan,RUS,Russian Federation,2014,47.0,unesco_uis_opri_202602,official_or_reference,1.4988036745102993,45.5011963254897,45.5011963254897,modelled_structural_allocation_total_calibrated
ppml_russia_inbound_structural_allocation_v3,PAK,Pakistan,RUS,Russian Federation,2016,108.0,unesco_uis_opri_202602,official_or_reference,2196.974602638598,-2088.974602638598,2088.974602638598,modelled_structural_allocation_total_calibrated
ppml_russia_inbound_structural_allocation_v3,PAK,Pakistan,RUS,Russian Federation,2017,74.0,unesco_uis_opri_202602,official_or_reference,4.115491010296532,69.88450898970346,69.88450898970346,modelled_structural_allocation_total_calibrated
ppml_russia_inbound_structural_allocation_v3,PAK,Pakistan,RUS,Russian Federation,2018,74.0,unesco_uis_opri_202602,official_or_reference,17.384691218429733,56.61530878157026,56.61530878157026,modelled_structural_allocation_total_calibrated
ppml_russia_inbound_structural_allocation_v3,PAK,Pakistan,RUS,Russian Federation,2019,115.0,unesco_uis_opri_202602,official_or_reference,612.3571695308078,-497.3571695308078,497.3571695308078,modelled_structural_allocation_total_calibrated
ppml_russia_inbound_structural_allocation_v3,PAK,Pakistan,RUS,Russian Federation,2020,240.0,unesco_uis_opri_202602,official_or_reference,221.20449069090995,18.79550930909005,18.79550930909005,modelled_structural_allocation_total_calibrated
ppml_russia_inbound_structural_allocation_v3,PAK,Pakistan,RUS,Russian Federation,2021,268.0,unesco_uis_opri_202602,official_or_reference,212.83940492931276,55.160595070687236,55.160595070687236,modelled_structural_allocation_total_calibrated
ppml_russia_inbound_structural_allocation_v3,PAK,Pakistan,RUS,Russian Federation,2022,397.0,unesco_uis_opri_202602,official_or_reference,770.7746305996753,-373.77463059967533,373.77463059967533,modelled_structural_allocation_total_calibrated
ppml_russia_inbound_structural_allocation_v3,PAK,Pakistan,RUS,Russian Federation,2023,636.0,unesco_uis_opri_202602,official_or_reference,3.411791838937391,632.5882081610627,632.5882081610627,modelled_structural_allocation_total_calibrated
ppml_russia_inbound_structural_allocation_v3,PAN,Panama,RUS,Russian Federation,2011,14.0,unesco_uis_opri_202602,official_or_reference,1595.914320719832,-1581.914320719832,1581.914320719832,modelled_structural_allocation_total_calibrated
ppml_russia_inbound_structural_allocation_v3,PAN,Panama,RUS,Russian Federation,2014,3.0,unesco_uis_opri_202602,official_or_reference,280.0044233358452,-277.0044233358452,277.0044233358452,modelled_structural_allocation_total_calibrated
ppml_russia_inbound_structural_allocation_v3,PAN,Panama,RUS,Russian Federation,2016,2.0,unesco_uis_opri_202602,official_or_reference,0.03171713442304856,1.9682828655769515,1.9682828655769515,modelled_structural_allocation_total_calibrated
ppml_russia_inbound_structural_allocation_v3,PAN,Panama,RUS,Russian Federation,2017,1.0,unesco_uis_opri_202602,official_or_reference,684.0431416935536,-683.0431416935536,683.0431416935536,modelled_structural_allocation_total_calibrated
ppml_russia_inbound_structural_allocation_v3,PAN,Panama,RUS,Russian Federation,2018,2.0,unesco_uis_opri_202602,official_or_reference,127.36230197784576,-125.36230197784576,125.36230197784576,modelled_structural_allocation_total_calibrated
ppml_russia_inbound_structural_allocation_v3,PAN,Panama,RUS,Russian Federation,2019,4.0,unesco_uis_opri_202602,official_or_reference,329.6337648038652,-325.6337648038652,325.6337648038652,modelled_structural_allocation_total_calibrated
ppml_russia_inbound_structural_allocation_v3,PAN,Panama,RUS,Russian Federation,2020,25.0,unesco_uis_opri_202602,official_or_reference,196.73067407026346,-171.73067407026346,171.73067407026346,modelled_structural_allocation_total_calibrated
ppml_russia_inbound_structural_allocation_v3,PAN,Panama,RUS,Russian Federation,2021,22.0,unesco_uis_opri_202602,official_or_reference,4696.696756436627,-4674.696756436627,4674.696756436627,modelled_structural_allocation_total_calibrated
ppml_russia_inbound_structural_allocation_v3,PAN,Panama,RUS,Russian Federation,2022,36.0,unesco_uis_opri_202602,official_or_reference,4.829341508440193,31.170658491559806,31.170658491559806,modelled_structural_allocation_total_calibrated
ppml_russia_inbound_structural_allocation_v3,PAN,Panama,RUS,Russian Federation,2023,41.0,unesco_uis_opri_202602,official_or_reference,15.932612621296727,25.067387378703273,25.067387378703273,modelled_structural_allocation_total_calibrated
ppml_russia_inbound_structural_allocation_v3,PER,Peru,RUS,Russian Federation,2011,90.0,unesco_uis_opri_202602,official_or_reference,438.1732749410314,-348.1732749410314,348.1732749410314,modelled_structural_allocation_total_calibrated
ppml_russia_inbound_structural_allocation_v3,PER,Peru,RUS,Russian Federation,2014,48.0,unesco_uis_opri_202602,official_or_reference,10802.03036597524,-10754.03036597524,10754.03036597524,modelled_structural_allocation_total_calibrated
ppml_russia_inbound_structural_allocation_v3,PER,Peru,RUS,Russian Federation,2016,55.0,unesco_uis_opri_202602,official_or_reference,290.4762804730947,-235.47628047309468,235.47628047309468,modelled_structural_allocation_total_calibrated
ppml_russia_inbound_structural_allocation_v3,PER,Peru,RUS,Russian Federation,2017,67.0,unesco_uis_opri_202602,official_or_reference,1027.2102922380816,-960.2102922380816,960.2102922380816,modelled_structural_allocation_total_calibrated
ppml_russia_inbound_structural_allocation_v3,PER,Peru,RUS,Russian Federation,2018,72.0,unesco_uis_opri_202602,official_or_reference,114.27341428004625,-42.273414280046254,42.273414280046254,modelled_structural_allocation_total_calibrated
ppml_russia_inbound_structural_allocation_v3,PER,Peru,RUS,Russian Federation,2019,78.0,unesco_uis_opri_202602,official_or_reference,175.08158367383916,-97.08158367383916,97.08158367383916,modelled_structural_allocation_total_calibrated
ppml_russia_inbound_structural_allocation_v3,PER,Peru,RUS,Russian Federation,2020,233.0,unesco_uis_opri_202602,official_or_reference,815.7903656785936,-582.7903656785936,582.7903656785936,modelled_structural_allocation_total_calibrated
ppml_russia_inbound_structural_allocation_v3,PER,Peru,RUS,Russian Federation,2021,225.0,unesco_uis_opri_202602,official_or_reference,1258.2443107842862,-1033.2443107842862,1033.2443107842862,modelled_structural_allocation_total_calibrated
ppml_russia_inbound_structural_allocation_v3,PER,Peru,RUS,Russian Federation,2022,242.0,unesco_uis_opri_202602,official_or_reference,106.62131075512815,135.37868924487185,135.37868924487185,modelled_structural_allocation_total_calibrated
ppml_russia_inbound_structural_allocation_v3,PER,Peru,RUS,Russian Federation,2023,309.0,unesco_uis_opri_202602,official_or_reference,4.678905411152347,304.32109458884764,304.32109458884764,modelled_structural_allocation_total_calibrated
ppml_russia_inbound_structural_allocation_v3,PHL,Philippines,RUS,Russian Federation,2011,53.0,unesco_uis_opri_202602,official_or_reference,1562.5346791143766,-1509.5346791143766,1509.5346791143766,modelled_structural_allocation_total_calibrated
ppml_russia_inbound_structural_allocation_v3,PHL,Philippines,RUS,Russian Federation,2014,2.0,unesco_uis_opri_202602,official_or_reference,23746.490002159717,-23744.490002159717,23744.490002159717,modelled_structural_allocation_total_calibrated
ppml_russia_inbound_structural_allocation_v3,PHL,Philippines,RUS,Russian Federation,2016,8.0,unesco_uis_opri_202602,official_or_reference,5.895564030399171,2.1044359696008286,2.1044359696008286,modelled_structural_allocation_total_calibrated
ppml_russia_inbound_structural_allocation_v3,PHL,Philippines,RUS,Russian Federation,2017,8.0,unesco_uis_opri_202602,official_or_reference,21.223568681104446,-13.223568681104446,13.223568681104446,modelled_structural_allocation_total_calibrated
ppml_russia_inbound_structural_allocation_v3,PHL,Philippines,RUS,Russian Federation,2018,10.0,unesco_uis_opri_202602,official_or_reference,244.20906810661796,-234.20906810661796,234.20906810661796,modelled_structural_allocation_total_calibrated
ppml_russia_inbound_structural_allocation_v3,PHL,Philippines,RUS,Russian Federation,2019,14.0,unesco_uis_opri_202602,official_or_reference,325.1387251401653,-311.1387251401653,311.1387251401653,modelled_structural_allocation_total_calibrated
ppml_russia_inbound_structural_allocation_v3,PHL,Philippines,RUS,Russian Federation,2020,33.0,unesco_uis_opri_202602,official_or_reference,4.302566140819846,28.697433859180155,28.697433859180155,modelled_structural_allocation_total_calibrated
ppml_russia_inbound_structural_allocation_v3,PHL,Philippines,RUS,Russian Federation,2021,20.0,unesco_uis_opri_202602,official_or_reference,39.80653902538738,-19.80653902538738,19.80653902538738,modelled_structural_allocation_total_calibrated
ppml_russia_inbound_structural_allocation_v3,PHL,Philippines,RUS,Russian Federation,2022,24.0,unesco_uis_opri_202602,official_or_reference,104.26080129263207,-80.26080129263207,80.26080129263207,modelled_structural_allocation_total_calibrated
ppml_russia_inbound_structural_allocation_v3,PHL,Philippines,RUS,Russian Federation,2023,17.0,unesco_uis_opri_202602,official_or_reference,20.612306751902914,-3.6123067519029135,3.6123067519029135,modelled_structural_allocation_total_calibrated
ppml_russia_inbound_structural_allocation_v3,PLW,Palau,RUS,Russian Federation,2011,0.0,unesco_uis_opri_202602,official_or_reference,112.01414172777491,-112.01414172777491,112.01414172777491,modelled_structural_allocation_total_calibrated
ppml_russia_inbound_structural_allocation_v3,PLW,Palau,RUS,Russian Federation,2014,0.0,unesco_uis_opri_202602,official_or_reference,21.5330735805837,-21.5330735805837,21.5330735805837,modelled_structural_allocation_total_calibrated
ppml_russia_inbound_structural_allocation_v3,PLW,Palau,RUS,Russian Federation,2016,0.0,unesco_uis_opri_202602,official_or_reference,690.0753207360608,-690.0753207360608,690.0753207360608,modelled_structural_allocation_total_calibrated
ppml_russia_inbound_structural_allocation_v3,PLW,Palau,RUS,Russian Federation,2017,0.0,unesco_uis_opri_202602,official_or_reference,69.57326154019688,-69.57326154019688,69.57326154019688,modelled_structural_allocation_total_calibrated
ppml_russia_inbound_structural_allocation_v3,PLW,Palau,RUS,Russian Federation,2018,0.0,unesco_uis_opri_202602,official_or_reference,31772.492911321053,-31772.492911321053,31772.492911321053,modelled_structural_allocation_total_calibrated
ppml_russia_inbound_structural_allocation_v3,PLW,Palau,RUS,Russian Federation,2019,0.0,unesco_uis_opri_202602,official_or_reference,185.71981841899188,-185.71981841899188,185.71981841899188,modelled_structural_allocation_total_calibrated
ppml_russia_inbound_structural_allocation_v3,PLW,Palau,RUS,Russian Federation,2020,0.0,unesco_uis_opri_202602,official_or_reference,295.3085197003042,-295.3085197003042,295.3085197003042,modelled_structural_allocation_total_calibrated
ppml_russia_inbound_structural_allocation_v3,PLW,Palau,RUS,Russian Federation,2021,0.0,unesco_uis_opri_202602,official_or_reference,144.94024836145047,-144.94024836145047,144.94024836145047,modelled_structural_allocation_total_calibrated
ppml_russia_inbound_structural_allocation_v3,PLW,Palau,RUS,Russian Federation,2022,0.0,unesco_uis_opri_202602,official_or_reference,211.22690034885542,-211.22690034885542,211.22690034885542,modelled_structural_allocation_total_calibrated
ppml_russia_inbound_structural_allocation_v3,PLW,Palau,RUS,Russian Federation,2023,0.0,unesco_uis_opri_202602,official_or_reference,0.5051396470335251,-0.5051396470335251,0.5051396470335251,modelled_structural_allocation_total_calibrated
ppml_russia_inbound_structural_allocation_v3,PNG,Papua New Guinea,RUS,Russian Federation,2011,0.0,unesco_uis_opri_202602,official_or_reference,200.62518157694848,-200.62518157694848,200.62518157694848,modelled_structural_allocation_total_calibrated
ppml_russia_inbound_structural_allocation_v3,PNG,Papua New Guinea,RUS,Russian Federation,2014,0.0,unesco_uis_opri_202602,official_or_reference,75.19758442832281,-75.19758442832281,75.19758442832281,modelled_structural_allocation_total_calibrated
ppml_russia_inbound_structural_allocation_v3,PNG,Papua New Guinea,RUS,Russian Federation,2016,0.0,unesco_uis_opri_202602,official_or_reference,26.49691900806516,-26.49691900806516,26.49691900806516,modelled_structural_allocation_total_calibrated
ppml_russia_inbound_structural_allocation_v3,PNG,Papua New Guinea,RUS,Russian Federation,2017,0.0,unesco_uis_opri_202602,official_or_reference,18.480411054656862,-18.480411054656862,18.480411054656862,modelled_structural_allocation_total_calibrated
ppml_russia_inbound_structural_allocation_v3,PNG,Papua New Guinea,RUS,Russian Federation,2018,0.0,unesco_uis_opri_202602,official_or_reference,90.7001078220528,-90.7001078220528,90.7001078220528,modelled_structural_allocation_total_calibrated
ppml_russia_inbound_structural_allocation_v3,PNG,Papua New Guinea,RUS,Russian Federation,2019,0.0,unesco_uis_opri_202602,official_or_reference,1.2103957918083454,-1.2103957918083454,1.2103957918083454,modelled_structural_allocation_total_calibrated
ppml_russia_inbound_structural_allocation_v3,PNG,Papua New Guinea,RUS,Russian Federation,2020,6.0,unesco_uis_opri_202602,official_or_reference,726.7719314038029,-720.7719314038029,720.7719314038029,modelled_structural_allocation_total_calibrated
ppml_russia_inbound_structural_allocation_v3,PNG,Papua New Guinea,RUS,Russian Federation,2021,3.0,unesco_uis_opri_202602,official_or_reference,677.407277704077,-674.407277704077,674.407277704077,modelled_structural_allocation_total_calibrated
ppml_russia_inbound_structural_allocation_v3,PNG,Papua New Guinea,RUS,Russian Federation,2022,1.0,unesco_uis_opri_202602,official_or_reference,4242.330908898856,-4241.330908898856,4241.330908898856,modelled_structural_allocation_total_calibrated
ppml_russia_inbound_structural_allocation_v3,PNG,Papua New Guinea,RUS,Russian Federation,2023,0.0,unesco_uis_opri_202602,official_or_reference,204.62598782287353,-204.62598782287353,204.62598782287353,modelled_structural_allocation_total_calibrated
ppml_russia_inbound_structural_allocation_v3,POL,Poland,RUS,Russian Federation,2011,43.0,unesco_uis_opri_202602,official_or_reference,3.1282745958733016,39.8717254041267,39.8717254041267,modelled_structural_allocation_total_calibrated
ppml_russia_inbound_structural_allocation_v3,POL,Poland,RUS,Russian Federation,2014,48.0,unesco_uis_opri_202602,official_or_reference,459.9279199200147,-411.9279199200147,411.9279199200147,modelled_structural_allocation_total_calibrated
ppml_russia_inbound_structural_allocation_v3,POL,Poland,RUS,Russian Federation,2016,62.0,unesco_uis_opri_202602,official_or_reference,38.31061325460221,23.68938674539779,23.68938674539779,modelled_structural_allocation_total_calibrated
ppml_russia_inbound_structural_allocation_v3,POL,Poland,RUS,Russian Federation,2017,49.0,unesco_uis_opri_202602,official_or_reference,855.9997022488287,-806.9997022488287,806.9997022488287,modelled_structural_allocation_total_calibrated
ppml_russia_inbound_structural_allocation_v3,POL,Poland,RUS,Russian Federation,2018,82.0,unesco_uis_opri_202602,official_or_reference,150.74540432286165,-68.74540432286165,68.74540432286165,modelled_structural_allocation_total_calibrated
ppml_russia_inbound_structural_allocation_v3,POL,Poland,RUS,Russian Federation,2019,21.0,unesco_uis_opri_202602,official_or_reference,1580.9850074577184,-1559.9850074577184,1559.9850074577184,modelled_structural_allocation_total_calibrated
ppml_russia_inbound_structural_allocation_v3,POL,Poland,RUS,Russian Federation,2020,58.0,unesco_uis_opri_202602,official_or_reference,173.69965799065574,-115.69965799065574,115.69965799065574,modelled_structural_allocation_total_calibrated
ppml_russia_inbound_structural_allocation_v3,POL,Poland,RUS,Russian Federation,2021,78.0,unesco_uis_opri_202602,official_or_reference,2982.1257205197976,-2904.1257205197976,2904.1257205197976,modelled_structural_allocation_total_calibrated
ppml_russia_inbound_structural_allocation_v3,POL,Poland,RUS,Russian Federation,2022,37.0,unesco_uis_opri_202602,official_or_reference,367.7677597042321,-330.7677597042321,330.7677597042321,modelled_structural_allocation_total_calibrated
ppml_russia_inbound_structural_allocation_v3,POL,Poland,RUS,Russian Federation,2023,30.0,unesco_uis_opri_202602,official_or_reference,311.64179328508965,-281.64179328508965,281.64179328508965,modelled_structural_allocation_total_calibrated
ppml_russia_inbound_structural_allocation_v3,PRK,"Korea, Democratic People's Republic of",RUS,Russian Federation,2011,194.0,unesco_uis_opri_202602,official_or_reference,583.4047450919154,-389.4047450919154,389.4047450919154,modelled_structural_allocation_total_calibrated
ppml_russia_inbound_structural_allocation_v3,PRK,"Korea, Democratic People's Republic of",RUS,Russian Federation,2014,109.0,unesco_uis_opri_202602,official_or_reference,19.751533487487887,89.24846651251211,89.24846651251211,modelled_structural_allocation_total_calibrated
ppml_russia_inbound_structural_allocation_v3,PRK,"Korea, Democratic People's Republic of",RUS,Russian Federation,2016,119.0,unesco_uis_opri_202602,official_or_reference,3057.484321699346,-2938.484321699346,2938.484321699346,modelled_structural_allocation_total_calibrated
ppml_russia_inbound_structural_allocation_v3,PRK,"Korea, Democratic People's Republic of",RUS,Russian Federation,2017,80.0,unesco_uis_opri_202602,official_or_reference,0.2877138102384609,79.71228618976154,79.71228618976154,modelled_structural_allocation_total_calibrated
ppml_russia_inbound_structural_allocation_v3,PRK,"Korea, Democratic People's Republic of",RUS,Russian Federation,2018,56.0,unesco_uis_opri_202602,official_or_reference,36.27236354657889,19.727636453421113,19.727636453421113,modelled_structural_allocation_total_calibrated
ppml_russia_inbound_structural_allocation_v3,PRK,"Korea, Democratic People's Republic of",RUS,Russian Federation,2019,35.0,unesco_uis_opri_202602,official_or_reference,1583.129223997325,-1548.129223997325,1548.129223997325,modelled_structural_allocation_total_calibrated
ppml_russia_inbound_structural_allocation_v3,PRK,"Korea, Democratic People's Republic of",RUS,Russian Federation,2020,137.0,unesco_uis_opri_202602,official_or_reference,514.9759978473245,-377.9759978473245,377.9759978473245,modelled_structural_allocation_total_calibrated
ppml_russia_inbound_structural_allocation_v3,PRK,"Korea, Democratic People's Republic of",RUS,Russian Federation,2021,154.0,unesco_uis_opri_202602,official_or_reference,160.16933536004592,-6.16933536004592,6.16933536004592,modelled_structural_allocation_total_calibrated
ppml_russia_inbound_structural_allocation_v3,PRK,"Korea, Democratic People's Republic of",RUS,Russian Federation,2022,139.0,unesco_uis_opri_202602,official_or_reference,21.153950185437843,117.84604981456215,117.84604981456215,modelled_structural_allocation_total_calibrated
ppml_russia_inbound_structural_allocation_v3,PRK,"Korea, Democratic People's Republic of",RUS,Russian Federation,2023,136.0,unesco_uis_opri_202602,official_or_reference,208.5940934555747,-72.5940934555747,72.5940934555747,modelled_structural_allocation_total_calibrated
ppml_russia_inbound_structural_allocation_v3,PRT,Portugal,RUS,Russian Federation,2011,5.0,unesco_uis_opri_202602,official_or_reference,91.82529257652621,-86.82529257652621,86.82529257652621,modelled_structural_allocation_total_calibrated
ppml_russia_inbound_structural_allocation_v3,PRT,Portugal,RUS,Russian Federation,2014,16.0,unesco_uis_opri_202602,official_or_reference,29.043849189433494,-13.043849189433494,13.043849189433494,modelled_structural_allocation_total_calibrated
ppml_russia_inbound_structural_allocation_v3,PRT,Portugal,RUS,Russian Federation,2016,12.0,unesco_uis_opri_202602,official_or_reference,29.56897973450733,-17.56897973450733,17.56897973450733,modelled_structural_allocation_total_calibrated
ppml_russia_inbound_structural_allocation_v3,PRT,Portugal,RUS,Russian Federation,2017,11.0,unesco_uis_opri_202602,official_or_reference,2318.011871843049,-2307.011871843049,2307.011871843049,modelled_structural_allocation_total_calibrated
ppml_russia_inbound_structural_allocation_v3,PRT,Portugal,RUS,Russian Federation,2018,13.0,unesco_uis_opri_202602,official_or_reference,3.937231914196142,9.062768085803858,9.062768085803858,modelled_structural_allocation_total_calibrated
ppml_russia_inbound_structural_allocation_v3,PRT,Portugal,RUS,Russian Federation,2019,4965.0,unesco_uis_opri_202602,official_or_reference,21.3586465384686,4943.641353461531,4943.641353461531,modelled_structural_allocation_total_calibrated
ppml_russia_inbound_structural_allocation_v3,PRT,Portugal,RUS,Russian Federation,2020,15.0,unesco_uis_opri_202602,official_or_reference,20.65754939748288,-5.657549397482882,5.657549397482882,modelled_structural_allocation_total_calibrated
ppml_russia_inbound_structural_allocation_v3,PRT,Portugal,RUS,Russian Federation,2021,17.0,unesco_uis_opri_202602,official_or_reference,204.15381892773158,-187.15381892773158,187.15381892773158,modelled_structural_allocation_total_calibrated
ppml_russia_inbound_structural_allocation_v3,PRT,Portugal,RUS,Russian Federation,2022,19.0,unesco_uis_opri_202602,official_or_reference,19.6838184636317,-0.6838184636316988,0.6838184636316988,modelled_structural_allocation_total_calibrated
ppml_russia_inbound_structural_allocation_v3,PRT,Portugal,RUS,Russian Federation,2023,11.0,unesco_uis_opri_202602,official_or_reference,602.7195283831368,-591.7195283831368,591.7195283831368,modelled_structural_allocation_total_calibrated
ppml_russia_inbound_structural_allocation_v3,PRY,Paraguay,RUS,Russian Federation,2011,0.0,unesco_uis_opri_202602,official_or_reference,134.01462076692175,-134.01462076692175,134.01462076692175,modelled_structural_allocation_total_calibrated
ppml_russia_inbound_structural_allocation_v3,PRY,Paraguay,RUS,Russian Federation,2014,1.0,unesco_uis_opri_202602,official_or_reference,684.6582837328974,-683.6582837328974,683.6582837328974,modelled_structural_allocation_total_calibrated
ppml_russia_inbound_structural_allocation_v3,PRY,Paraguay,RUS,Russian Federation,2016,0.0,unesco_uis_opri_202602,official_or_reference,1166.132569693441,-1166.132569693441,1166.132569693441,modelled_structural_allocation_total_calibrated
ppml_russia_inbound_structural_allocation_v3,PRY,Paraguay,RUS,Russian Federation,2017,1.0,unesco_uis_opri_202602,official_or_reference,14265.986706729462,-14264.986706729462,14264.986706729462,modelled_structural_allocation_total_calibrated
ppml_russia_inbound_structural_allocation_v3,PRY,Paraguay,RUS,Russian Federation,2018,0.0,unesco_uis_opri_202602,official_or_reference,369.05783479613905,-369.05783479613905,369.05783479613905,modelled_structural_allocation_total_calibrated
ppml_russia_inbound_structural_allocation_v3,PRY,Paraguay,RUS,Russian Federation,2019,2.0,unesco_uis_opri_202602,official_or_reference,2539.4076040557097,-2537.4076040557097,2537.4076040557097,modelled_structural_allocation_total_calibrated
ppml_russia_inbound_structural_allocation_v3,PRY,Paraguay,RUS,Russian Federation,2020,39.0,unesco_uis_opri_202602,official_or_reference,1882.481182245076,-1843.481182245076,1843.481182245076,modelled_structural_allocation_total_calibrated
ppml_russia_inbound_structural_allocation_v3,PRY,Paraguay,RUS,Russian Federation,2021,44.0,unesco_uis_opri_202602,official_or_reference,157.6101402341872,-113.61014023418721,113.61014023418721,modelled_structural_allocation_total_calibrated
ppml_russia_inbound_structural_allocation_v3,PRY,Paraguay,RUS,Russian Federation,2022,53.0,unesco_uis_opri_202602,official_or_reference,13.151437142177421,39.84856285782258,39.84856285782258,modelled_structural_allocation_total_calibrated
ppml_russia_inbound_structural_allocation_v3,PRY,Paraguay,RUS,Russian Federation,2023,51.0,unesco_uis_opri_202602,official_or_reference,3878.326325274398,-3827.326325274398,3827.326325274398,modelled_structural_allocation_total_calibrated
ppml_russia_inbound_structural_allocation_v3,PSE,"Palestine, State of",RUS,Russian Federation,2011,322.0,unesco_uis_opri_202602,official_or_reference,31.684866111297087,290.3151338887029,290.3151338887029,modelled_structural_allocation_total_calibrated
ppml_russia_inbound_structural_allocation_v3,PSE,"Palestine, State of",RUS,Russian Federation,2014,155.0,unesco_uis_opri_202602,official_or_reference,533.0748971965518,-378.0748971965518,378.0748971965518,modelled_structural_allocation_total_calibrated
ppml_russia_inbound_structural_allocation_v3,PSE,"Palestine, State of",RUS,Russian Federation,2016,200.0,unesco_uis_opri_202602,official_or_reference,107.2024821385731,92.7975178614269,92.7975178614269,modelled_structural_allocation_total_calibrated
ppml_russia_inbound_structural_allocation_v3,PSE,"Palestine, State of",RUS,Russian Federation,2017,197.0,unesco_uis_opri_202602,official_or_reference,16675.94910485929,-16478.94910485929,16478.94910485929,modelled_structural_allocation_total_calibrated
ppml_russia_inbound_structural_allocation_v3,PSE,"Palestine, State of",RUS,Russian Federation,2018,298.0,unesco_uis_opri_202602,official_or_reference,303.80440353346785,-5.804403533467848,5.804403533467848,modelled_structural_allocation_total_calibrated
ppml_russia_inbound_structural_allocation_v3,PSE,"Palestine, State of",RUS,Russian Federation,2019,340.0,unesco_uis_opri_202602,official_or_reference,4560.543440179508,-4220.543440179508,4220.543440179508,modelled_structural_allocation_total_calibrated
ppml_russia_inbound_structural_allocation_v3,PSE,"Palestine, State of",RUS,Russian Federation,2020,797.0,unesco_uis_opri_202602,official_or_reference,438.65026174632897,358.34973825367103,358.34973825367103,modelled_structural_allocation_total_calibrated
ppml_russia_inbound_structural_allocation_v3,PSE,"Palestine, State of",RUS,Russian Federation,2021,722.0,unesco_uis_opri_202602,official_or_reference,1.9305244285609942,720.069475571439,720.069475571439,modelled_structural_allocation_total_calibrated
ppml_russia_inbound_structural_allocation_v3,PSE,"Palestine, State of",RUS,Russian Federation,2022,696.0,unesco_uis_opri_202602,official_or_reference,2.034356422721661,693.9656435772783,693.9656435772783,modelled_structural_allocation_total_calibrated
ppml_russia_inbound_structural_allocation_v3,PSE,"Palestine, State of",RUS,Russian Federation,2023,664.0,unesco_uis_opri_202602,official_or_reference,494.0146844827512,169.9853155172488,169.9853155172488,modelled_structural_allocation_total_calibrated
ppml_russia_inbound_structural_allocation_v3,QAT,Qatar,RUS,Russian Federation,2011,0.0,unesco_uis_opri_202602,official_or_reference,380.95326377627157,-380.95326377627157,380.95326377627157,modelled_structural_allocation_total_calibrated
ppml_russia_inbound_structural_allocation_v3,QAT,Qatar,RUS,Russian Federation,2014,0.0,unesco_uis_opri_202602,official_or_reference,375.3924814794932,-375.3924814794932,375.3924814794932,modelled_structural_allocation_total_calibrated
ppml_russia_inbound_structural_allocation_v3,QAT,Qatar,RUS,Russian Federation,2016,0.0,unesco_uis_opri_202602,official_or_reference,464.6070149360374,-464.6070149360374,464.6070149360374,modelled_structural_allocation_total_calibrated
ppml_russia_inbound_structural_allocation_v3,QAT,Qatar,RUS,Russian Federation,2017,2.0,unesco_uis_opri_202602,official_or_reference,4.498699515029403,-2.4986995150294034,2.4986995150294034,modelled_structural_allocation_total_calibrated
ppml_russia_inbound_structural_allocation_v3,QAT,Qatar,RUS,Russian Federation,2018,2.0,unesco_uis_opri_202602,official_or_reference,303.09781354742967,-301.09781354742967,301.09781354742967,modelled_structural_allocation_total_calibrated
ppml_russia_inbound_structural_allocation_v3,QAT,Qatar,RUS,Russian Federation,2019,1.0,unesco_uis_opri_202602,official_or_reference,8.866158828290539,-7.866158828290539,7.866158828290539,modelled_structural_allocation_total_calibrated
ppml_russia_inbound_structural_allocation_v3,QAT,Qatar,RUS,Russian Federation,2020,6.0,unesco_uis_opri_202602,official_or_reference,47.233422932353996,-41.233422932353996,41.233422932353996,modelled_structural_allocation_total_calibrated
ppml_russia_inbound_structural_allocation_v3,QAT,Qatar,RUS,Russian Federation,2021,6.0,unesco_uis_opri_202602,official_or_reference,476.14324489252334,-470.14324489252334,470.14324489252334,modelled_structural_allocation_total_calibrated
ppml_russia_inbound_structural_allocation_v3,QAT,Qatar,RUS,Russian Federation,2022,5.0,unesco_uis_opri_202602,official_or_reference,51.58131466604931,-46.58131466604931,46.58131466604931,modelled_structural_allocation_total_calibrated
ppml_russia_inbound_structural_allocation_v3,QAT,Qatar,RUS,Russian Federation,2023,7.0,unesco_uis_opri_202602,official_or_reference,709.9503275658719,-702.9503275658719,702.9503275658719,modelled_structural_allocation_total_calibrated
ppml_russia_inbound_structural_allocation_v3,ROU,Romania,RUS,Russian Federation,2011,29.0,unesco_uis_opri_202602,official_or_reference,1280.3387325116585,-1251.3387325116585,1251.3387325116585,modelled_structural_allocation_total_calibrated
ppml_russia_inbound_structural_allocation_v3,ROU,Romania,RUS,Russian Federation,2014,17.0,unesco_uis_opri_202602,official_or_reference,508.1589630880932,-491.1589630880932,491.1589630880932,modelled_structural_allocation_total_calibrated
ppml_russia_inbound_structural_allocation_v3,ROU,Romania,RUS,Russian Federation,2016,14.0,unesco_uis_opri_202602,official_or_reference,24.684991721147544,-10.684991721147544,10.684991721147544,modelled_structural_allocation_total_calibrated
ppml_russia_inbound_structural_allocation_v3,ROU,Romania,RUS,Russian Federation,2017,10.0,unesco_uis_opri_202602,official_or_reference,908.9886290032871,-898.9886290032871,898.9886290032871,modelled_structural_allocation_total_calibrated
ppml_russia_inbound_structural_allocation_v3,ROU,Romania,RUS,Russian Federation,2018,12.0,unesco_uis_opri_202602,official_or_reference,47.73663782627064,-35.73663782627064,35.73663782627064,modelled_structural_allocation_total_calibrated
ppml_russia_inbound_structural_allocation_v3,ROU,Romania,RUS,Russian Federation,2019,0.0,unesco_uis_opri_202602,official_or_reference,665.5176059700124,-665.5176059700124,665.5176059700124,modelled_structural_allocation_total_calibrated
ppml_russia_inbound_structural_allocation_v3,ROU,Romania,RUS,Russian Federation,2020,39.0,unesco_uis_opri_202602,official_or_reference,122.92902806873516,-83.92902806873516,83.92902806873516,modelled_structural_allocation_total_calibrated
ppml_russia_inbound_structural_allocation_v3,ROU,Romania,RUS,Russian Federation,2021,32.0,unesco_uis_opri_202602,official_or_reference,26.49903500165954,5.500964998340461,5.500964998340461,modelled_structural_allocation_total_calibrated
ppml_russia_inbound_structural_allocation_v3,ROU,Romania,RUS,Russian Federation,2022,29.0,unesco_uis_opri_202602,official_or_reference,231.80977876177755,-202.80977876177755,202.80977876177755,modelled_structural_allocation_total_calibrated
ppml_russia_inbound_structural_allocation_v3,ROU,Romania,RUS,Russian Federation,2023,24.0,unesco_uis_opri_202602,official_or_reference,0.11624986837561696,23.88375013162438,23.88375013162438,modelled_structural_allocation_total_calibrated
ppml_russia_inbound_structural_allocation_v3,RWA,Rwanda,RUS,Russian Federation,2011,12.0,unesco_uis_opri_202602,official_or_reference,330.82996147816243,-318.82996147816243,318.82996147816243,modelled_structural_allocation_total_calibrated
ppml_russia_inbound_structural_allocation_v3,RWA,Rwanda,RUS,Russian Federation,2014,12.0,unesco_uis_opri_202602,official_or_reference,521.5186761731519,-509.5186761731519,509.5186761731519,modelled_structural_allocation_total_calibrated
ppml_russia_inbound_structural_allocation_v3,RWA,Rwanda,RUS,Russian Federation,2016,12.0,unesco_uis_opri_202602,official_or_reference,4.407588210222048,7.592411789777952,7.592411789777952,modelled_structural_allocation_total_calibrated
ppml_russia_inbound_structural_allocation_v3,RWA,Rwanda,RUS,Russian Federation,2017,10.0,unesco_uis_opri_202602,official_or_reference,541.3599013510153,-531.3599013510153,531.3599013510153,modelled_structural_allocation_total_calibrated
ppml_russia_inbound_structural_allocation_v3,RWA,Rwanda,RUS,Russian Federation,2018,13.0,unesco_uis_opri_202602,official_or_reference,354.00817908318294,-341.00817908318294,341.00817908318294,modelled_structural_allocation_total_calibrated
ppml_russia_inbound_structural_allocation_v3,RWA,Rwanda,RUS,Russian Federation,2019,14.0,unesco_uis_opri_202602,official_or_reference,180.80713871372018,-166.80713871372018,166.80713871372018,modelled_structural_allocation_total_calibrated
ppml_russia_inbound_structural_allocation_v3,RWA,Rwanda,RUS,Russian Federation,2020,117.0,unesco_uis_opri_202602,official_or_reference,120.00380202464925,-3.0038020246492465,3.0038020246492465,modelled_structural_allocation_total_calibrated
ppml_russia_inbound_structural_allocation_v3,RWA,Rwanda,RUS,Russian Federation,2021,146.0,unesco_uis_opri_202602,official_or_reference,158.4714127126844,-12.471412712684412,12.471412712684412,modelled_structural_allocation_total_calibrated
ppml_russia_inbound_structural_allocation_v3,RWA,Rwanda,RUS,Russian Federation,2022,164.0,unesco_uis_opri_202602,official_or_reference,0.3694914589803231,163.63050854101968,163.63050854101968,modelled_structural_allocation_total_calibrated
ppml_russia_inbound_structural_allocation_v3,RWA,Rwanda,RUS,Russian Federation,2023,175.0,unesco_uis_opri_202602,official_or_reference,44.61663760796754,130.38336239203247,130.38336239203247,modelled_structural_allocation_total_calibrated
ppml_russia_inbound_structural_allocation_v3,SAU,Saudi Arabia,RUS,Russian Federation,2011,27.0,unesco_uis_opri_202602,official_or_reference,282.1443221117457,-255.14432211174568,255.14432211174568,modelled_structural_allocation_total_calibrated
ppml_russia_inbound_structural_allocation_v3,SAU,Saudi Arabia,RUS,Russian Federation,2014,25.0,unesco_uis_opri_202602,official_or_reference,501.5922931595697,-476.5922931595697,476.5922931595697,modelled_structural_allocation_total_calibrated
ppml_russia_inbound_structural_allocation_v3,SAU,Saudi Arabia,RUS,Russian Federation,2016,23.0,unesco_uis_opri_202602,official_or_reference,43.06403878607569,-20.06403878607569,20.06403878607569,modelled_structural_allocation_total_calibrated
ppml_russia_inbound_structural_allocation_v3,SAU,Saudi Arabia,RUS,Russian Federation,2017,23.0,unesco_uis_opri_202602,official_or_reference,309.486311516708,-286.486311516708,286.486311516708,modelled_structural_allocation_total_calibrated
ppml_russia_inbound_structural_allocation_v3,SAU,Saudi Arabia,RUS,Russian Federation,2018,31.0,unesco_uis_opri_202602,official_or_reference,865.9569786840065,-834.9569786840065,834.9569786840065,modelled_structural_allocation_total_calibrated
ppml_russia_inbound_structural_allocation_v3,SAU,Saudi Arabia,RUS,Russian Federation,2019,45.0,unesco_uis_opri_202602,official_or_reference,258.81254625228956,-213.81254625228956,213.81254625228956,modelled_structural_allocation_total_calibrated
ppml_russia_inbound_structural_allocation_v3,SAU,Saudi Arabia,RUS,Russian Federation,2020,144.0,unesco_uis_opri_202602,official_or_reference,0.004718672249821006,143.99528132775018,143.99528132775018,modelled_structural_allocation_total_calibrated
ppml_russia_inbound_structural_allocation_v3,SAU,Saudi Arabia,RUS,Russian Federation,2021,132.0,unesco_uis_opri_202602,official_or_reference,1050.3491247830245,-918.3491247830245,918.3491247830245,modelled_structural_allocation_total_calibrated
ppml_russia_inbound_structural_allocation_v3,SAU,Saudi Arabia,RUS,Russian Federation,2022,149.0,unesco_uis_opri_202602,official_or_reference,840.8271209866738,-691.8271209866738,691.8271209866738,modelled_structural_allocation_total_calibrated
ppml_russia_inbound_structural_allocation_v3,SAU,Saudi Arabia,RUS,Russian Federation,2023,162.0,unesco_uis_opri_202602,official_or_reference,1695.3478855548617,-1533.3478855548617,1533.3478855548617,modelled_structural_allocation_total_calibrated
ppml_russia_inbound_structural_allocation_v3,SDN,Sudan,RUS,Russian Federation,2011,205.0,unesco_uis_opri_202602,official_or_reference,0.13732471091456,204.86267528908544,204.86267528908544,modelled_structural_allocation_total_calibrated
ppml_russia_inbound_structural_allocation_v3,SDN,Sudan,RUS,Russian Federation,2014,116.0,unesco_uis_opri_202602,official_or_reference,7.488905227079288,108.51109477292071,108.51109477292071,modelled_structural_allocation_total_calibrated
ppml_russia_inbound_structural_allocation_v3,SDN,Sudan,RUS,Russian Federation,2016,121.0,unesco_uis_opri_202602,official_or_reference,370.4097429540016,-249.40974295400162,249.40974295400162,modelled_structural_allocation_total_calibrated
ppml_russia_inbound_structural_allocation_v3,SDN,Sudan,RUS,Russian Federation,2017,159.0,unesco_uis_opri_202602,official_or_reference,6687.502097347484,-6528.502097347484,6528.502097347484,modelled_structural_allocation_total_calibrated
ppml_russia_inbound_structural_allocation_v3,SDN,Sudan,RUS,Russian Federation,2018,190.0,unesco_uis_opri_202602,official_or_reference,22.460241449915998,167.539758550084,167.539758550084,modelled_structural_allocation_total_calibrated
ppml_russia_inbound_structural_allocation_v3,SDN,Sudan,RUS,Russian Federation,2019,220.0,unesco_uis_opri_202602,official_or_reference,169.94053824948008,50.059461750519915,50.059461750519915,modelled_structural_allocation_total_calibrated
ppml_russia_inbound_structural_allocation_v3,SDN,Sudan,RUS,Russian Federation,2020,439.0,unesco_uis_opri_202602,official_or_reference,871.4729464804583,-432.4729464804583,432.4729464804583,modelled_structural_allocation_total_calibrated
ppml_russia_inbound_structural_allocation_v3,SDN,Sudan,RUS,Russian Federation,2021,402.0,unesco_uis_opri_202602,official_or_reference,0.12269750371089316,401.87730249628913,401.87730249628913,modelled_structural_allocation_total_calibrated
ppml_russia_inbound_structural_allocation_v3,SDN,Sudan,RUS,Russian Federation,2022,502.0,unesco_uis_opri_202602,official_or_reference,87.5943243007433,414.4056756992567,414.4056756992567,modelled_structural_allocation_total_calibrated
ppml_russia_inbound_structural_allocation_v3,SDN,Sudan,RUS,Russian Federation,2023,645.0,unesco_uis_opri_202602,official_or_reference,2020.697510036287,-1375.697510036287,1375.697510036287,modelled_structural_allocation_total_calibrated
ppml_russia_inbound_structural_allocation_v3,SEN,Senegal,RUS,Russian Federation,2011,53.0,unesco_uis_opri_202602,official_or_reference,523.9205930074166,-470.92059300741664,470.92059300741664,modelled_structural_allocation_total_calibrated
ppml_russia_inbound_structural_allocation_v3,SEN,Senegal,RUS,Russian Federation,2014,10.0,unesco_uis_opri_202602,official_or_reference,1037.8225610852328,-1027.8225610852328,1027.8225610852328,modelled_structural_allocation_total_calibrated
ppml_russia_inbound_structural_allocation_v3,SEN,Senegal,RUS,Russian Federation,2016,11.0,unesco_uis_opri_202602,official_or_reference,52.56521759609926,-41.56521759609926,41.56521759609926,modelled_structural_allocation_total_calibrated
ppml_russia_inbound_structural_allocation_v3,SEN,Senegal,RUS,Russian Federation,2017,17.0,unesco_uis_opri_202602,official_or_reference,451.0194091277042,-434.0194091277042,434.0194091277042,modelled_structural_allocation_total_calibrated
ppml_russia_inbound_structural_allocation_v3,SEN,Senegal,RUS,Russian Federation,2018,21.0,unesco_uis_opri_202602,official_or_reference,233.1833804342734,-212.1833804342734,212.1833804342734,modelled_structural_allocation_total_calibrated
ppml_russia_inbound_structural_allocation_v3,SEN,Senegal,RUS,Russian Federation,2019,57.0,unesco_uis_opri_202602,official_or_reference,2114.5877659403673,-2057.5877659403673,2057.5877659403673,modelled_structural_allocation_total_calibrated
ppml_russia_inbound_structural_allocation_v3,SEN,Senegal,RUS,Russian Federation,2020,237.0,unesco_uis_opri_202602,official_or_reference,128.98386751836983,108.01613248163017,108.01613248163017,modelled_structural_allocation_total_calibrated
ppml_russia_inbound_structural_allocation_v3,SEN,Senegal,RUS,Russian Federation,2021,206.0,unesco_uis_opri_202602,official_or_reference,728.8678880521279,-522.8678880521279,522.8678880521279,modelled_structural_allocation_total_calibrated
ppml_russia_inbound_structural_allocation_v3,SEN,Senegal,RUS,Russian Federation,2022,155.0,unesco_uis_opri_202602,official_or_reference,302.5727211982889,-147.5727211982889,147.5727211982889,modelled_structural_allocation_total_calibrated
ppml_russia_inbound_structural_allocation_v3,SEN,Senegal,RUS,Russian Federation,2023,158.0,unesco_uis_opri_202602,official_or_reference,180.93248305729188,-22.932483057291876,22.932483057291876,modelled_structural_allocation_total_calibrated
ppml_russia_inbound_structural_allocation_v3,SGP,Singapore,RUS,Russian Federation,2011,2.0,unesco_uis_opri_202602,official_or_reference,261.59559567056823,-259.59559567056823,259.59559567056823,modelled_structural_allocation_total_calibrated
ppml_russia_inbound_structural_allocation_v3,SGP,Singapore,RUS,Russian Federation,2014,5.0,unesco_uis_opri_202602,official_or_reference,8.661944406479714,-3.661944406479714,3.661944406479714,modelled_structural_allocation_total_calibrated
ppml_russia_inbound_structural_allocation_v3,SGP,Singapore,RUS,Russian Federation,2016,5.0,unesco_uis_opri_202602,official_or_reference,102.5681168890783,-97.5681168890783,97.5681168890783,modelled_structural_allocation_total_calibrated
ppml_russia_inbound_structural_allocation_v3,SGP,Singapore,RUS,Russian Federation,2017,11.0,unesco_uis_opri_202602,official_or_reference,33.93371576881445,-22.93371576881445,22.93371576881445,modelled_structural_allocation_total_calibrated
ppml_russia_inbound_structural_allocation_v3,SGP,Singapore,RUS,Russian Federation,2018,5.0,unesco_uis_opri_202602,official_or_reference,37.18879677500375,-32.18879677500375,32.18879677500375,modelled_structural_allocation_total_calibrated
ppml_russia_inbound_structural_allocation_v3,SGP,Singapore,RUS,Russian Federation,2019,5.0,unesco_uis_opri_202602,official_or_reference,441.3263923170823,-436.3263923170823,436.3263923170823,modelled_structural_allocation_total_calibrated
ppml_russia_inbound_structural_allocation_v3,SGP,Singapore,RUS,Russian Federation,2020,12.0,unesco_uis_opri_202602,official_or_reference,4862.761900478649,-4850.761900478649,4850.761900478649,modelled_structural_allocation_total_calibrated
ppml_russia_inbound_structural_allocation_v3,SGP,Singapore,RUS,Russian Federation,2021,17.0,unesco_uis_opri_202602,official_or_reference,257.88957488136975,-240.88957488136975,240.88957488136975,modelled_structural_allocation_total_calibrated
ppml_russia_inbound_structural_allocation_v3,SGP,Singapore,RUS,Russian Federation,2022,11.0,unesco_uis_opri_202602,official_or_reference,9.200978193152793,1.7990218068472075,1.7990218068472075,modelled_structural_allocation_total_calibrated
ppml_russia_inbound_structural_allocation_v3,SGP,Singapore,RUS,Russian Federation,2023,12.0,unesco_uis_opri_202602,official_or_reference,2.6880647942516203,9.31193520574838,9.31193520574838,modelled_structural_allocation_total_calibrated
ppml_russia_inbound_structural_allocation_v3,SLB,Solomon Islands,RUS,Russian Federation,2011,0.0,unesco_uis_opri_202602,official_or_reference,1611.9118973821571,-1611.9118973821571,1611.9118973821571,modelled_structural_allocation_total_calibrated
ppml_russia_inbound_structural_allocation_v3,SLB,Solomon Islands,RUS,Russian Federation,2014,0.0,unesco_uis_opri_202602,official_or_reference,260.0518128882129,-260.0518128882129,260.0518128882129,modelled_structural_allocation_total_calibrated
ppml_russia_inbound_structural_allocation_v3,SLB,Solomon Islands,RUS,Russian Federation,2016,0.0,unesco_uis_opri_202602,official_or_reference,493.13313253252215,-493.13313253252215,493.13313253252215,modelled_structural_allocation_total_calibrated
ppml_russia_inbound_structural_allocation_v3,SLB,Solomon Islands,RUS,Russian Federation,2017,0.0,unesco_uis_opri_202602,official_or_reference,30.598902302966632,-30.598902302966632,30.598902302966632,modelled_structural_allocation_total_calibrated
ppml_russia_inbound_structural_allocation_v3,SLB,Solomon Islands,RUS,Russian Federation,2018,0.0,unesco_uis_opri_202602,official_or_reference,13.800380921487804,-13.800380921487804,13.800380921487804,modelled_structural_allocation_total_calibrated
ppml_russia_inbound_structural_allocation_v3,SLB,Solomon Islands,RUS,Russian Federation,2019,0.0,unesco_uis_opri_202602,official_or_reference,3111.541495054766,-3111.541495054766,3111.541495054766,modelled_structural_allocation_total_calibrated
ppml_russia_inbound_structural_allocation_v3,SLB,Solomon Islands,RUS,Russian Federation,2020,0.0,unesco_uis_opri_202602,official_or_reference,3.6574394019578724,-3.6574394019578724,3.6574394019578724,modelled_structural_allocation_total_calibrated
ppml_russia_inbound_structural_allocation_v3,SLB,Solomon Islands,RUS,Russian Federation,2021,0.0,unesco_uis_opri_202602,official_or_reference,744.443679314342,-744.443679314342,744.443679314342,modelled_structural_allocation_total_calibrated
ppml_russia_inbound_structural_allocation_v3,SLB,Solomon Islands,RUS,Russian Federation,2022,0.0,unesco_uis_opri_202602,official_or_reference,63.91558523397333,-63.91558523397333,63.91558523397333,modelled_structural_allocation_total_calibrated
ppml_russia_inbound_structural_allocation_v3,SLB,Solomon Islands,RUS,Russian Federation,2023,0.0,unesco_uis_opri_202602,official_or_reference,498.23356001035006,-498.23356001035006,498.23356001035006,modelled_structural_allocation_total_calibrated
ppml_russia_inbound_structural_allocation_v3,SLE,Sierra Leone,RUS,Russian Federation,2011,16.0,unesco_uis_opri_202602,official_or_reference,6730.802587644104,-6714.802587644104,6714.802587644104,modelled_structural_allocation_total_calibrated
ppml_russia_inbound_structural_allocation_v3,SLE,Sierra Leone,RUS,Russian Federation,2014,2.0,unesco_uis_opri_202602,official_or_reference,0.008828756313300254,1.9911712436866997,1.9911712436866997,modelled_structural_allocation_total_calibrated
ppml_russia_inbound_structural_allocation_v3,SLE,Sierra Leone,RUS,Russian Federation,2016,3.0,unesco_uis_opri_202602,official_or_reference,38194.24168222945,-38191.24168222945,38191.24168222945,modelled_structural_allocation_total_calibrated
ppml_russia_inbound_structural_allocation_v3,SLE,Sierra Leone,RUS,Russian Federation,2017,8.0,unesco_uis_opri_202602,official_or_reference,101.53201168099524,-93.53201168099524,93.53201168099524,modelled_structural_allocation_total_calibrated
ppml_russia_inbound_structural_allocation_v3,SLE,Sierra Leone,RUS,Russian Federation,2018,12.0,unesco_uis_opri_202602,official_or_reference,4.248784772164753,7.751215227835247,7.751215227835247,modelled_structural_allocation_total_calibrated
ppml_russia_inbound_structural_allocation_v3,SLE,Sierra Leone,RUS,Russian Federation,2019,14.0,unesco_uis_opri_202602,official_or_reference,16.21071681121417,-2.2107168112141693,2.2107168112141693,modelled_structural_allocation_total_calibrated
ppml_russia_inbound_structural_allocation_v3,SLE,Sierra Leone,RUS,Russian Federation,2020,75.0,unesco_uis_opri_202602,official_or_reference,510.69507587558763,-435.69507587558763,435.69507587558763,modelled_structural_allocation_total_calibrated
ppml_russia_inbound_structural_allocation_v3,SLE,Sierra Leone,RUS,Russian Federation,2021,93.0,unesco_uis_opri_202602,official_or_reference,10004.266374619225,-9911.266374619225,9911.266374619225,modelled_structural_allocation_total_calibrated
ppml_russia_inbound_structural_allocation_v3,SLE,Sierra Leone,RUS,Russian Federation,2022,104.0,unesco_uis_opri_202602,official_or_reference,0.13160799376394552,103.86839200623605,103.86839200623605,modelled_structural_allocation_total_calibrated
ppml_russia_inbound_structural_allocation_v3,SLE,Sierra Leone,RUS,Russian Federation,2023,112.0,unesco_uis_opri_202602,official_or_reference,370.1753708019992,-258.1753708019992,258.1753708019992,modelled_structural_allocation_total_calibrated
ppml_russia_inbound_structural_allocation_v3,SLV,El Salvador,RUS,Russian Federation,2011,2.0,unesco_uis_opri_202602,official_or_reference,299.87589612648486,-297.87589612648486,297.87589612648486,modelled_structural_allocation_total_calibrated
ppml_russia_inbound_structural_allocation_v3,SLV,El Salvador,RUS,Russian Federation,2014,1.0,unesco_uis_opri_202602,official_or_reference,3118.72360284475,-3117.72360284475,3117.72360284475,modelled_structural_allocation_total_calibrated
ppml_russia_inbound_structural_allocation_v3,SLV,El Salvador,RUS,Russian Federation,2016,1.0,unesco_uis_opri_202602,official_or_reference,28.849938141445588,-27.849938141445588,27.849938141445588,modelled_structural_allocation_total_calibrated
ppml_russia_inbound_structural_allocation_v3,SLV,El Salvador,RUS,Russian Federation,2017,3.0,unesco_uis_opri_202602,official_or_reference,58247.9041324235,-58244.9041324235,58244.9041324235,modelled_structural_allocation_total_calibrated
ppml_russia_inbound_structural_allocation_v3,SLV,El Salvador,RUS,Russian Federation,2018,7.0,unesco_uis_opri_202602,official_or_reference,0.0015956752617384967,6.998404324738262,6.998404324738262,modelled_structural_allocation_total_calibrated
ppml_russia_inbound_structural_allocation_v3,SLV,El Salvador,RUS,Russian Federation,2019,8.0,unesco_uis_opri_202602,official_or_reference,7.545347142513361,0.4546528574866393,0.4546528574866393,modelled_structural_allocation_total_calibrated
ppml_russia_inbound_structural_allocation_v3,SLV,El Salvador,RUS,Russian Federation,2020,102.0,unesco_uis_opri_202602,official_or_reference,644.384235691174,-542.384235691174,542.384235691174,modelled_structural_allocation_total_calibrated
ppml_russia_inbound_structural_allocation_v3,SLV,El Salvador,RUS,Russian Federation,2021,104.0,unesco_uis_opri_202602,official_or_reference,3.936249670977142,100.06375032902285,100.06375032902285,modelled_structural_allocation_total_calibrated
ppml_russia_inbound_structural_allocation_v3,SLV,El Salvador,RUS,Russian Federation,2022,82.0,unesco_uis_opri_202602,official_or_reference,1.4305857766855752,80.56941422331442,80.56941422331442,modelled_structural_allocation_total_calibrated
ppml_russia_inbound_structural_allocation_v3,SLV,El Salvador,RUS,Russian Federation,2023,69.0,unesco_uis_opri_202602,official_or_reference,2122.7405946472923,-2053.7405946472923,2053.7405946472923,modelled_structural_allocation_total_calibrated
ppml_russia_inbound_structural_allocation_v3,SMR,San Marino,RUS,Russian Federation,2011,0.0,unesco_uis_opri_202602,official_or_reference,4.048869575347891,-4.048869575347891,4.048869575347891,modelled_structural_allocation_total_calibrated
ppml_russia_inbound_structural_allocation_v3,SMR,San Marino,RUS,Russian Federation,2014,0.0,unesco_uis_opri_202602,official_or_reference,14.074366243622919,-14.074366243622919,14.074366243622919,modelled_structural_allocation_total_calibrated
ppml_russia_inbound_structural_allocation_v3,SMR,San Marino,RUS,Russian Federation,2016,0.0,unesco_uis_opri_202602,official_or_reference,601.8153421470125,-601.8153421470125,601.8153421470125,modelled_structural_allocation_total_calibrated
ppml_russia_inbound_structural_allocation_v3,SMR,San Marino,RUS,Russian Federation,2017,0.0,unesco_uis_opri_202602,official_or_reference,220.83517994358357,-220.83517994358357,220.83517994358357,modelled_structural_allocation_total_calibrated
ppml_russia_inbound_structural_allocation_v3,SMR,San Marino,RUS,Russian Federation,2018,0.0,unesco_uis_opri_202602,official_or_reference,212.85061009140915,-212.85061009140915,212.85061009140915,modelled_structural_allocation_total_calibrated
ppml_russia_inbound_structural_allocation_v3,SMR,San Marino,RUS,Russian Federation,2019,97.0,unesco_uis_opri_202602,official_or_reference,896.0914526915279,-799.0914526915279,799.0914526915279,modelled_structural_allocation_total_calibrated
ppml_russia_inbound_structural_allocation_v3,SMR,San Marino,RUS,Russian Federation,2020,1.0,unesco_uis_opri_202602,official_or_reference,3.9029733449177777,-2.9029733449177777,2.9029733449177777,modelled_structural_allocation_total_calibrated
ppml_russia_inbound_structural_allocation_v3,SMR,San Marino,RUS,Russian Federation,2021,1.0,unesco_uis_opri_202602,official_or_reference,1672.8524518618701,-1671.8524518618701,1671.8524518618701,modelled_structural_allocation_total_calibrated
ppml_russia_inbound_structural_allocation_v3,SMR,San Marino,RUS,Russian Federation,2022,0.0,unesco_uis_opri_202602,official_or_reference,296.2598466674457,-296.2598466674457,296.2598466674457,modelled_structural_allocation_total_calibrated
ppml_russia_inbound_structural_allocation_v3,SMR,San Marino,RUS,Russian Federation,2023,0.0,unesco_uis_opri_202602,official_or_reference,0.0358297881491689,-0.0358297881491689,0.0358297881491689,modelled_structural_allocation_total_calibrated
ppml_russia_inbound_structural_allocation_v3,SOM,Somalia,RUS,Russian Federation,2011,20.0,unesco_uis_opri_202602,official_or_reference,744.7740137896706,-724.7740137896706,724.7740137896706,modelled_structural_allocation_total_calibrated
ppml_russia_inbound_structural_allocation_v3,SOM,Somalia,RUS,Russian Federation,2014,12.0,unesco_uis_opri_202602,official_or_reference,110.62049102409809,-98.62049102409809,98.62049102409809,modelled_structural_allocation_total_calibrated
ppml_russia_inbound_structural_allocation_v3,SOM,Somalia,RUS,Russian Federation,2016,18.0,unesco_uis_opri_202602,official_or_reference,440.0076467226974,-422.0076467226974,422.0076467226974,modelled_structural_allocation_total_calibrated
ppml_russia_inbound_structural_allocation_v3,SOM,Somalia,RUS,Russian Federation,2017,23.0,unesco_uis_opri_202602,official_or_reference,215.72282823775583,-192.72282823775583,192.72282823775583,modelled_structural_allocation_total_calibrated
ppml_russia_inbound_structural_allocation_v3,SOM,Somalia,RUS,Russian Federation,2018,40.0,unesco_uis_opri_202602,official_or_reference,4801.608170177388,-4761.608170177388,4761.608170177388,modelled_structural_allocation_total_calibrated
ppml_russia_inbound_structural_allocation_v3,SOM,Somalia,RUS,Russian Federation,2019,38.0,unesco_uis_opri_202602,official_or_reference,5.211034098316829,32.78896590168317,32.78896590168317,modelled_structural_allocation_total_calibrated
ppml_russia_inbound_structural_allocation_v3,SOM,Somalia,RUS,Russian Federation,2020,158.0,unesco_uis_opri_202602,official_or_reference,15.32683635222475,142.67316364777525,142.67316364777525,modelled_structural_allocation_total_calibrated
ppml_russia_inbound_structural_allocation_v3,SOM,Somalia,RUS,Russian Federation,2021,155.0,unesco_uis_opri_202602,official_or_reference,418.96271047949966,-263.96271047949966,263.96271047949966,modelled_structural_allocation_total_calibrated
ppml_russia_inbound_structural_allocation_v3,SOM,Somalia,RUS,Russian Federation,2022,151.0,unesco_uis_opri_202602,official_or_reference,11051.747215295112,-10900.747215295112,10900.747215295112,modelled_structural_allocation_total_calibrated
ppml_russia_inbound_structural_allocation_v3,SOM,Somalia,RUS,Russian Federation,2023,149.0,unesco_uis_opri_202602,official_or_reference,282.97882172950887,-133.97882172950887,133.97882172950887,modelled_structural_allocation_total_calibrated
ppml_russia_inbound_structural_allocation_v3,SRB,Serbia,RUS,Russian Federation,2011,0.0,unesco_uis_opri_202602,official_or_reference,983.8743823868152,-983.8743823868152,983.8743823868152,modelled_structural_allocation_total_calibrated
ppml_russia_inbound_structural_allocation_v3,SRB,Serbia,RUS,Russian Federation,2014,107.0,unesco_uis_opri_202602,official_or_reference,209.44572497785109,-102.44572497785109,102.44572497785109,modelled_structural_allocation_total_calibrated
ppml_russia_inbound_structural_allocation_v3,SRB,Serbia,RUS,Russian Federation,2016,137.0,unesco_uis_opri_202602,official_or_reference,190.30072102569838,-53.30072102569838,53.30072102569838,modelled_structural_allocation_total_calibrated
ppml_russia_inbound_structural_allocation_v3,SRB,Serbia,RUS,Russian Federation,2017,157.0,unesco_uis_opri_202602,official_or_reference,956.8896495039406,-799.8896495039406,799.8896495039406,modelled_structural_allocation_total_calibrated
ppml_russia_inbound_structural_allocation_v3,SRB,Serbia,RUS,Russian Federation,2018,96.0,unesco_uis_opri_202602,official_or_reference,1259.0895822821149,-1163.0895822821149,1163.0895822821149,modelled_structural_allocation_total_calibrated
ppml_russia_inbound_structural_allocation_v3,SRB,Serbia,RUS,Russian Federation,2019,28.0,unesco_uis_opri_202602,official_or_reference,102.3898863949722,-74.3898863949722,74.3898863949722,modelled_structural_allocation_total_calibrated
ppml_russia_inbound_structural_allocation_v3,SRB,Serbia,RUS,Russian Federation,2020,343.0,unesco_uis_opri_202602,official_or_reference,4.863112041967627,338.1368879580324,338.1368879580324,modelled_structural_allocation_total_calibrated
ppml_russia_inbound_structural_allocation_v3,SRB,Serbia,RUS,Russian Federation,2021,390.0,unesco_uis_opri_202602,official_or_reference,1719.7080266513296,-1329.7080266513296,1329.7080266513296,modelled_structural_allocation_total_calibrated
ppml_russia_inbound_structural_allocation_v3,SRB,Serbia,RUS,Russian Federation,2022,386.0,unesco_uis_opri_202602,official_or_reference,26611.804560414937,-26225.804560414937,26225.804560414937,modelled_structural_allocation_total_calibrated
ppml_russia_inbound_structural_allocation_v3,SRB,Serbia,RUS,Russian Federation,2023,360.0,unesco_uis_opri_202602,official_or_reference,7.031284071157369,352.96871592884264,352.96871592884264,modelled_structural_allocation_total_calibrated
ppml_russia_inbound_structural_allocation_v3,SSD,South Sudan,RUS,Russian Federation,2011,0.0,unesco_uis_opri_202602,official_or_reference,23.97324920764199,-23.97324920764199,23.97324920764199,modelled_structural_allocation_total_calibrated
ppml_russia_inbound_structural_allocation_v3,SSD,South Sudan,RUS,Russian Federation,2014,0.0,unesco_uis_opri_202602,official_or_reference,281.58985862980956,-281.58985862980956,281.58985862980956,modelled_structural_allocation_total_calibrated
ppml_russia_inbound_structural_allocation_v3,SSD,South Sudan,RUS,Russian Federation,2016,0.0,unesco_uis_opri_202602,official_or_reference,290.0776259492355,-290.0776259492355,290.0776259492355,modelled_structural_allocation_total_calibrated
ppml_russia_inbound_structural_allocation_v3,SSD,South Sudan,RUS,Russian Federation,2017,0.0,unesco_uis_opri_202602,official_or_reference,4.907738238792248,-4.907738238792248,4.907738238792248,modelled_structural_allocation_total_calibrated
ppml_russia_inbound_structural_allocation_v3,SSD,South Sudan,RUS,Russian Federation,2018,12.0,unesco_uis_opri_202602,official_or_reference,45.11436053882273,-33.11436053882273,33.11436053882273,modelled_structural_allocation_total_calibrated
ppml_russia_inbound_structural_allocation_v3,SSD,South Sudan,RUS,Russian Federation,2019,10.0,unesco_uis_opri_202602,official_or_reference,97.01332776604643,-87.01332776604643,87.01332776604643,modelled_structural_allocation_total_calibrated
ppml_russia_inbound_structural_allocation_v3,SSD,South Sudan,RUS,Russian Federation,2020,15.0,unesco_uis_opri_202602,official_or_reference,20.7214668040365,-5.721466804036499,5.721466804036499,modelled_structural_allocation_total_calibrated
ppml_russia_inbound_structural_allocation_v3,SSD,South Sudan,RUS,Russian Federation,2021,24.0,unesco_uis_opri_202602,official_or_reference,127.16999534046376,-103.16999534046376,103.16999534046376,modelled_structural_allocation_total_calibrated
ppml_russia_inbound_structural_allocation_v3,SSD,South Sudan,RUS,Russian Federation,2022,23.0,unesco_uis_opri_202602,official_or_reference,21.288758468210204,1.7112415317897955,1.7112415317897955,modelled_structural_allocation_total_calibrated
ppml_russia_inbound_structural_allocation_v3,SSD,South Sudan,RUS,Russian Federation,2023,30.0,unesco_uis_opri_202602,official_or_reference,658.2508042217623,-628.2508042217623,628.2508042217623,modelled_structural_allocation_total_calibrated
ppml_russia_inbound_structural_allocation_v3,STP,Sao Tome and Principe,RUS,Russian Federation,2011,0.0,unesco_uis_opri_202602,official_or_reference,74.05329604180221,-74.05329604180221,74.05329604180221,modelled_structural_allocation_total_calibrated
ppml_russia_inbound_structural_allocation_v3,STP,Sao Tome and Principe,RUS,Russian Federation,2014,1.0,unesco_uis_opri_202602,official_or_reference,37185.08412546635,-37184.08412546635,37184.08412546635,modelled_structural_allocation_total_calibrated
ppml_russia_inbound_structural_allocation_v3,STP,Sao Tome and Principe,RUS,Russian Federation,2016,0.0,unesco_uis_opri_202602,official_or_reference,201.59524731959098,-201.59524731959098,201.59524731959098,modelled_structural_allocation_total_calibrated
ppml_russia_inbound_structural_allocation_v3,STP,Sao Tome and Principe,RUS,Russian Federation,2017,0.0,unesco_uis_opri_202602,official_or_reference,315.92230080983137,-315.92230080983137,315.92230080983137,modelled_structural_allocation_total_calibrated
ppml_russia_inbound_structural_allocation_v3,STP,Sao Tome and Principe,RUS,Russian Federation,2018,2.0,unesco_uis_opri_202602,official_or_reference,159.061258969892,-157.061258969892,157.061258969892,modelled_structural_allocation_total_calibrated
ppml_russia_inbound_structural_allocation_v3,STP,Sao Tome and Principe,RUS,Russian Federation,2019,2.0,unesco_uis_opri_202602,official_or_reference,202.92402207035718,-200.92402207035718,200.92402207035718,modelled_structural_allocation_total_calibrated
ppml_russia_inbound_structural_allocation_v3,STP,Sao Tome and Principe,RUS,Russian Federation,2020,30.0,unesco_uis_opri_202602,official_or_reference,0.5452663749121877,29.454733625087812,29.454733625087812,modelled_structural_allocation_total_calibrated
ppml_russia_inbound_structural_allocation_v3,STP,Sao Tome and Principe,RUS,Russian Federation,2021,32.0,unesco_uis_opri_202602,official_or_reference,183.63754013457827,-151.63754013457827,151.63754013457827,modelled_structural_allocation_total_calibrated
ppml_russia_inbound_structural_allocation_v3,STP,Sao Tome and Principe,RUS,Russian Federation,2022,35.0,unesco_uis_opri_202602,official_or_reference,122.23422701721394,-87.23422701721394,87.23422701721394,modelled_structural_allocation_total_calibrated
ppml_russia_inbound_structural_allocation_v3,STP,Sao Tome and Principe,RUS,Russian Federation,2023,34.0,unesco_uis_opri_202602,official_or_reference,27.148442203493502,6.851557796506498,6.851557796506498,modelled_structural_allocation_total_calibrated
ppml_russia_inbound_structural_allocation_v3,SUR,Suriname,RUS,Russian Federation,2011,1.0,unesco_uis_opri_202602,official_or_reference,19.34069365112644,-18.34069365112644,18.34069365112644,modelled_structural_allocation_total_calibrated
ppml_russia_inbound_structural_allocation_v3,SUR,Suriname,RUS,Russian Federation,2014,0.0,unesco_uis_opri_202602,official_or_reference,108.51865980351228,-108.51865980351228,108.51865980351228,modelled_structural_allocation_total_calibrated
ppml_russia_inbound_structural_allocation_v3,SUR,Suriname,RUS,Russian Federation,2016,0.0,unesco_uis_opri_202602,official_or_reference,1.3674065940356166,-1.3674065940356166,1.3674065940356166,modelled_structural_allocation_total_calibrated
ppml_russia_inbound_structural_allocation_v3,SUR,Suriname,RUS,Russian Federation,2017,0.0,unesco_uis_opri_202602,official_or_reference,752.2599906954949,-752.2599906954949,752.2599906954949,modelled_structural_allocation_total_calibrated
ppml_russia_inbound_structural_allocation_v3,SUR,Suriname,RUS,Russian Federation,2018,0.0,unesco_uis_opri_202602,official_or_reference,629.0035463255671,-629.0035463255671,629.0035463255671,modelled_structural_allocation_total_calibrated
ppml_russia_inbound_structural_allocation_v3,SUR,Suriname,RUS,Russian Federation,2019,0.0,unesco_uis_opri_202602,official_or_reference,4136.073330506666,-4136.073330506666,4136.073330506666,modelled_structural_allocation_total_calibrated
ppml_russia_inbound_structural_allocation_v3,SUR,Suriname,RUS,Russian Federation,2020,6.0,unesco_uis_opri_202602,official_or_reference,260.20571618276506,-254.20571618276506,254.20571618276506,modelled_structural_allocation_total_calibrated
ppml_russia_inbound_structural_allocation_v3,SUR,Suriname,RUS,Russian Federation,2021,7.0,unesco_uis_opri_202602,official_or_reference,1.8652573287432384,5.134742671256761,5.134742671256761,modelled_structural_allocation_total_calibrated
ppml_russia_inbound_structural_allocation_v3,SUR,Suriname,RUS,Russian Federation,2022,6.0,unesco_uis_opri_202602,official_or_reference,429.34625916324194,-423.34625916324194,423.34625916324194,modelled_structural_allocation_total_calibrated
ppml_russia_inbound_structural_allocation_v3,SUR,Suriname,RUS,Russian Federation,2023,7.0,unesco_uis_opri_202602,official_or_reference,36.16800872172414,-29.168008721724142,29.168008721724142,modelled_structural_allocation_total_calibrated
ppml_russia_inbound_structural_allocation_v3,SVK,Slovakia,RUS,Russian Federation,2011,30.0,unesco_uis_opri_202602,official_or_reference,992.2191567703918,-962.2191567703918,962.2191567703918,modelled_structural_allocation_total_calibrated
ppml_russia_inbound_structural_allocation_v3,SVK,Slovakia,RUS,Russian Federation,2014,22.0,unesco_uis_opri_202602,official_or_reference,147.21728063193848,-125.21728063193848,125.21728063193848,modelled_structural_allocation_total_calibrated
ppml_russia_inbound_structural_allocation_v3,SVK,Slovakia,RUS,Russian Federation,2016,39.0,unesco_uis_opri_202602,official_or_reference,1876.4581646879703,-1837.4581646879703,1837.4581646879703,modelled_structural_allocation_total_calibrated
ppml_russia_inbound_structural_allocation_v3,SVK,Slovakia,RUS,Russian Federation,2017,37.0,unesco_uis_opri_202602,official_or_reference,226.2440550163816,-189.2440550163816,189.2440550163816,modelled_structural_allocation_total_calibrated
ppml_russia_inbound_structural_allocation_v3,SVK,Slovakia,RUS,Russian Federation,2018,12.0,unesco_uis_opri_202602,official_or_reference,2839.8265357201335,-2827.8265357201335,2827.8265357201335,modelled_structural_allocation_total_calibrated
ppml_russia_inbound_structural_allocation_v3,SVK,Slovakia,RUS,Russian Federation,2019,7.0,unesco_uis_opri_202602,official_or_reference,365.13485852200876,-358.13485852200876,358.13485852200876,modelled_structural_allocation_total_calibrated
ppml_russia_inbound_structural_allocation_v3,SVK,Slovakia,RUS,Russian Federation,2020,72.0,unesco_uis_opri_202602,official_or_reference,389.1933845943682,-317.1933845943682,317.1933845943682,modelled_structural_allocation_total_calibrated
ppml_russia_inbound_structural_allocation_v3,SVK,Slovakia,RUS,Russian Federation,2021,64.0,unesco_uis_opri_202602,official_or_reference,550.0935959392959,-486.09359593929594,486.09359593929594,modelled_structural_allocation_total_calibrated
ppml_russia_inbound_structural_allocation_v3,SVK,Slovakia,RUS,Russian Federation,2022,58.0,unesco_uis_opri_202602,official_or_reference,18.912476525566312,39.08752347443369,39.08752347443369,modelled_structural_allocation_total_calibrated
ppml_russia_inbound_structural_allocation_v3,SVK,Slovakia,RUS,Russian Federation,2023,42.0,unesco_uis_opri_202602,official_or_reference,2747.222811159623,-2705.222811159623,2705.222811159623,modelled_structural_allocation_total_calibrated
ppml_russia_inbound_structural_allocation_v3,SVN,Slovenia,RUS,Russian Federation,2011,6.0,unesco_uis_opri_202602,official_or_reference,0.26839282448679597,5.731607175513204,5.731607175513204,modelled_structural_allocation_total_calibrated
ppml_russia_inbound_structural_allocation_v3,SVN,Slovenia,RUS,Russian Federation,2014,1.0,unesco_uis_opri_202602,official_or_reference,34.00048346564026,-33.00048346564026,33.00048346564026,modelled_structural_allocation_total_calibrated
ppml_russia_inbound_structural_allocation_v3,SVN,Slovenia,RUS,Russian Federation,2016,1.0,unesco_uis_opri_202602,official_or_reference,1367.6035962591552,-1366.6035962591552,1366.6035962591552,modelled_structural_allocation_total_calibrated
ppml_russia_inbound_structural_allocation_v3,SVN,Slovenia,RUS,Russian Federation,2017,2.0,unesco_uis_opri_202602,official_or_reference,520.8361256598836,-518.8361256598836,518.8361256598836,modelled_structural_allocation_total_calibrated
ppml_russia_inbound_structural_allocation_v3,SVN,Slovenia,RUS,Russian Federation,2018,4.0,unesco_uis_opri_202602,official_or_reference,176.1818873700997,-172.1818873700997,172.1818873700997,modelled_structural_allocation_total_calibrated
ppml_russia_inbound_structural_allocation_v3,SVN,Slovenia,RUS,Russian Federation,2019,52.0,unesco_uis_opri_202602,official_or_reference,24.27181427144588,27.72818572855412,27.72818572855412,modelled_structural_allocation_total_calibrated
ppml_russia_inbound_structural_allocation_v3,SVN,Slovenia,RUS,Russian Federation,2020,17.0,unesco_uis_opri_202602,official_or_reference,212.45561770265954,-195.45561770265954,195.45561770265954,modelled_structural_allocation_total_calibrated
ppml_russia_inbound_structural_allocation_v3,SVN,Slovenia,RUS,Russian Federation,2021,18.0,unesco_uis_opri_202602,official_or_reference,90.18222650694275,-72.18222650694275,72.18222650694275,modelled_structural_allocation_total_calibrated
ppml_russia_inbound_structural_allocation_v3,SVN,Slovenia,RUS,Russian Federation,2022,11.0,unesco_uis_opri_202602,official_or_reference,29.419811030835326,-18.419811030835326,18.419811030835326,modelled_structural_allocation_total_calibrated
ppml_russia_inbound_structural_allocation_v3,SVN,Slovenia,RUS,Russian Federation,2023,6.0,unesco_uis_opri_202602,official_or_reference,24.08094897827019,-18.08094897827019,18.08094897827019,modelled_structural_allocation_total_calibrated
ppml_russia_inbound_structural_allocation_v3,SWE,Sweden,RUS,Russian Federation,2011,12.0,unesco_uis_opri_202602,official_or_reference,2294.441259276622,-2282.441259276622,2282.441259276622,modelled_structural_allocation_total_calibrated
ppml_russia_inbound_structural_allocation_v3,SWE,Sweden,RUS,Russian Federation,2014,8.0,unesco_uis_opri_202602,official_or_reference,4.4090946444289925,3.5909053555710075,3.5909053555710075,modelled_structural_allocation_total_calibrated
ppml_russia_inbound_structural_allocation_v3,SWE,Sweden,RUS,Russian Federation,2016,15.0,unesco_uis_opri_202602,official_or_reference,20.74381970084658,-5.743819700846579,5.743819700846579,modelled_structural_allocation_total_calibrated
ppml_russia_inbound_structural_allocation_v3,SWE,Sweden,RUS,Russian Federation,2017,22.0,unesco_uis_opri_202602,official_or_reference,21.810334668714066,0.18966533128593355,0.18966533128593355,modelled_structural_allocation_total_calibrated
ppml_russia_inbound_structural_allocation_v3,SWE,Sweden,RUS,Russian Federation,2018,19.0,unesco_uis_opri_202602,official_or_reference,235.88362654715965,-216.88362654715965,216.88362654715965,modelled_structural_allocation_total_calibrated
ppml_russia_inbound_structural_allocation_v3,SWE,Sweden,RUS,Russian Federation,2019,35.0,unesco_uis_opri_202602,official_or_reference,19.95798279078428,15.042017209215722,15.042017209215722,modelled_structural_allocation_total_calibrated
ppml_russia_inbound_structural_allocation_v3,SWE,Sweden,RUS,Russian Federation,2020,24.0,unesco_uis_opri_202602,official_or_reference,583.09920950603,-559.09920950603,559.09920950603,modelled_structural_allocation_total_calibrated
ppml_russia_inbound_structural_allocation_v3,SWE,Sweden,RUS,Russian Federation,2021,24.0,unesco_uis_opri_202602,official_or_reference,145.390171666175,-121.39017166617501,121.39017166617501,modelled_structural_allocation_total_calibrated
ppml_russia_inbound_structural_allocation_v3,SWE,Sweden,RUS,Russian Federation,2022,14.0,unesco_uis_opri_202602,official_or_reference,634.2933541056638,-620.2933541056638,620.2933541056638,modelled_structural_allocation_total_calibrated
ppml_russia_inbound_structural_allocation_v3,SWE,Sweden,RUS,Russian Federation,2023,10.0,unesco_uis_opri_202602,official_or_reference,1381.818624338502,-1371.818624338502,1371.818624338502,modelled_structural_allocation_total_calibrated
ppml_russia_inbound_structural_allocation_v3,SWZ,Eswatini,RUS,Russian Federation,2011,34.0,unesco_uis_opri_202602,official_or_reference,16000.627535842268,-15966.627535842268,15966.627535842268,modelled_structural_allocation_total_calibrated
ppml_russia_inbound_structural_allocation_v3,SWZ,Eswatini,RUS,Russian Federation,2014,32.0,unesco_uis_opri_202602,official_or_reference,373.9778056329164,-341.9778056329164,341.9778056329164,modelled_structural_allocation_total_calibrated
ppml_russia_inbound_structural_allocation_v3,SWZ,Eswatini,RUS,Russian Federation,2016,32.0,unesco_uis_opri_202602,official_or_reference,3209.842976010605,-3177.842976010605,3177.842976010605,modelled_structural_allocation_total_calibrated
ppml_russia_inbound_structural_allocation_v3,SWZ,Eswatini,RUS,Russian Federation,2017,39.0,unesco_uis_opri_202602,official_or_reference,2087.803411317206,-2048.803411317206,2048.803411317206,modelled_structural_allocation_total_calibrated
ppml_russia_inbound_structural_allocation_v3,SWZ,Eswatini,RUS,Russian Federation,2018,43.0,unesco_uis_opri_202602,official_or_reference,157.55770911655853,-114.55770911655853,114.55770911655853,modelled_structural_allocation_total_calibrated
ppml_russia_inbound_structural_allocation_v3,SWZ,Eswatini,RUS,Russian Federation,2019,51.0,unesco_uis_opri_202602,official_or_reference,14.03586737531015,36.96413262468985,36.96413262468985,modelled_structural_allocation_total_calibrated
ppml_russia_inbound_structural_allocation_v3,SWZ,Eswatini,RUS,Russian Federation,2020,81.0,unesco_uis_opri_202602,official_or_reference,3720.836152317046,-3639.836152317046,3639.836152317046,modelled_structural_allocation_total_calibrated
ppml_russia_inbound_structural_allocation_v3,SWZ,Eswatini,RUS,Russian Federation,2021,79.0,unesco_uis_opri_202602,official_or_reference,33.40969269522393,45.59030730477607,45.59030730477607,modelled_structural_allocation_total_calibrated
ppml_russia_inbound_structural_allocation_v3,SWZ,Eswatini,RUS,Russian Federation,2022,60.0,unesco_uis_opri_202602,official_or_reference,612.3804559737927,-552.3804559737927,552.3804559737927,modelled_structural_allocation_total_calibrated
ppml_russia_inbound_structural_allocation_v3,SWZ,Eswatini,RUS,Russian Federation,2023,52.0,unesco_uis_opri_202602,official_or_reference,101.57964988942048,-49.57964988942048,49.57964988942048,modelled_structural_allocation_total_calibrated
ppml_russia_inbound_structural_allocation_v3,SYC,Seychelles,RUS,Russian Federation,2011,5.0,unesco_uis_opri_202602,official_or_reference,17603.811538932576,-17598.811538932576,17598.811538932576,modelled_structural_allocation_total_calibrated
ppml_russia_inbound_structural_allocation_v3,SYC,Seychelles,RUS,Russian Federation,2014,1.0,unesco_uis_opri_202602,official_or_reference,329.86880494123756,-328.86880494123756,328.86880494123756,modelled_structural_allocation_total_calibrated
ppml_russia_inbound_structural_allocation_v3,SYC,Seychelles,RUS,Russian Federation,2016,3.0,unesco_uis_opri_202602,official_or_reference,5173.482590788332,-5170.482590788332,5170.482590788332,modelled_structural_allocation_total_calibrated
ppml_russia_inbound_structural_allocation_v3,SYC,Seychelles,RUS,Russian Federation,2017,3.0,unesco_uis_opri_202602,official_or_reference,552.4763693675026,-549.4763693675026,549.4763693675026,modelled_structural_allocation_total_calibrated
ppml_russia_inbound_structural_allocation_v3,SYC,Seychelles,RUS,Russian Federation,2018,2.0,unesco_uis_opri_202602,official_or_reference,2.0542084287185256,-0.0542084287185256,0.0542084287185256,modelled_structural_allocation_total_calibrated
ppml_russia_inbound_structural_allocation_v3,SYC,Seychelles,RUS,Russian Federation,2019,0.0,unesco_uis_opri_202602,official_or_reference,2.524761060451864,-2.524761060451864,2.524761060451864,modelled_structural_allocation_total_calibrated
ppml_russia_inbound_structural_allocation_v3,SYC,Seychelles,RUS,Russian Federation,2020,1.0,unesco_uis_opri_202602,official_or_reference,427.0494606200543,-426.0494606200543,426.0494606200543,modelled_structural_allocation_total_calibrated
ppml_russia_inbound_structural_allocation_v3,SYC,Seychelles,RUS,Russian Federation,2021,3.0,unesco_uis_opri_202602,official_or_reference,456.3797272364951,-453.3797272364951,453.3797272364951,modelled_structural_allocation_total_calibrated
ppml_russia_inbound_structural_allocation_v3,SYC,Seychelles,RUS,Russian Federation,2022,2.0,unesco_uis_opri_202602,official_or_reference,410.6989456751074,-408.6989456751074,408.6989456751074,modelled_structural_allocation_total_calibrated
ppml_russia_inbound_structural_allocation_v3,SYC,Seychelles,RUS,Russian Federation,2023,2.0,unesco_uis_opri_202602,official_or_reference,532.7510003551071,-530.7510003551071,530.7510003551071,modelled_structural_allocation_total_calibrated
ppml_russia_inbound_structural_allocation_v3,SYR,Syrian Arab Republic,RUS,Russian Federation,2011,869.0,unesco_uis_opri_202602,official_or_reference,3.477307564769581,865.5226924352304,865.5226924352304,modelled_structural_allocation_total_calibrated
ppml_russia_inbound_structural_allocation_v3,SYR,Syrian Arab Republic,RUS,Russian Federation,2014,470.0,unesco_uis_opri_202602,official_or_reference,356.7832243189799,113.21677568102012,113.21677568102012,modelled_structural_allocation_total_calibrated
ppml_russia_inbound_structural_allocation_v3,SYR,Syrian Arab Republic,RUS,Russian Federation,2016,646.0,unesco_uis_opri_202602,official_or_reference,10.386743638786323,635.6132563612136,635.6132563612136,modelled_structural_allocation_total_calibrated
ppml_russia_inbound_structural_allocation_v3,SYR,Syrian Arab Republic,RUS,Russian Federation,2017,601.0,unesco_uis_opri_202602,official_or_reference,43.29503115705667,557.7049688429433,557.7049688429433,modelled_structural_allocation_total_calibrated
ppml_russia_inbound_structural_allocation_v3,SYR,Syrian Arab Republic,RUS,Russian Federation,2018,750.0,unesco_uis_opri_202602,official_or_reference,567.9606355151138,182.03936448488616,182.03936448488616,modelled_structural_allocation_total_calibrated
ppml_russia_inbound_structural_allocation_v3,SYR,Syrian Arab Republic,RUS,Russian Federation,2019,843.0,unesco_uis_opri_202602,official_or_reference,57.54018913335728,785.4598108666427,785.4598108666427,modelled_structural_allocation_total_calibrated
ppml_russia_inbound_structural_allocation_v3,SYR,Syrian Arab Republic,RUS,Russian Federation,2020,3081.0,unesco_uis_opri_202602,official_or_reference,671.4485219656954,2409.5514780343046,2409.5514780343046,modelled_structural_allocation_total_calibrated
ppml_russia_inbound_structural_allocation_v3,SYR,Syrian Arab Republic,RUS,Russian Federation,2021,3066.0,unesco_uis_opri_202602,official_or_reference,1254.162658521015,1811.837341478985,1811.837341478985,modelled_structural_allocation_total_calibrated
ppml_russia_inbound_structural_allocation_v3,SYR,Syrian Arab Republic,RUS,Russian Federation,2022,3290.0,unesco_uis_opri_202602,official_or_reference,491.8066358349277,2798.193364165072,2798.193364165072,modelled_structural_allocation_total_calibrated
ppml_russia_inbound_structural_allocation_v3,SYR,Syrian Arab Republic,RUS,Russian Federation,2023,3672.0,unesco_uis_opri_202602,official_or_reference,26.520349644799683,3645.4796503552,3645.4796503552,modelled_structural_allocation_total_calibrated
ppml_russia_inbound_structural_allocation_v3,TCA,Turks and Caicos Islands,RUS,Russian Federation,2011,0.0,unesco_uis_opri_202602,official_or_reference,1024.1595084961011,-1024.1595084961011,1024.1595084961011,modelled_structural_allocation_total_calibrated
ppml_russia_inbound_structural_allocation_v3,TCA,Turks and Caicos Islands,RUS,Russian Federation,2014,0.0,unesco_uis_opri_202602,official_or_reference,40.24741366541867,-40.24741366541867,40.24741366541867,modelled_structural_allocation_total_calibrated
ppml_russia_inbound_structural_allocation_v3,TCA,Turks and Caicos Islands,RUS,Russian Federation,2016,0.0,unesco_uis_opri_202602,official_or_reference,602.8004007086499,-602.8004007086499,602.8004007086499,modelled_structural_allocation_total_calibrated
ppml_russia_inbound_structural_allocation_v3,TCA,Turks and Caicos Islands,RUS,Russian Federation,2017,0.0,unesco_uis_opri_202602,official_or_reference,126.1186446794806,-126.1186446794806,126.1186446794806,modelled_structural_allocation_total_calibrated
ppml_russia_inbound_structural_allocation_v3,TCA,Turks and Caicos Islands,RUS,Russian Federation,2018,0.0,unesco_uis_opri_202602,official_or_reference,26.203012140068658,-26.203012140068658,26.203012140068658,modelled_structural_allocation_total_calibrated
ppml_russia_inbound_structural_allocation_v3,TCA,Turks and Caicos Islands,RUS,Russian Federation,2019,0.0,unesco_uis_opri_202602,official_or_reference,229.77001582829823,-229.77001582829823,229.77001582829823,modelled_structural_allocation_total_calibrated
ppml_russia_inbound_structural_allocation_v3,TCA,Turks and Caicos Islands,RUS,Russian Federation,2020,0.0,unesco_uis_opri_202602,official_or_reference,0.10357818864688513,-0.10357818864688513,0.10357818864688513,modelled_structural_allocation_total_calibrated
ppml_russia_inbound_structural_allocation_v3,TCA,Turks and Caicos Islands,RUS,Russian Federation,2021,0.0,unesco_uis_opri_202602,official_or_reference,357.72361607479064,-357.72361607479064,357.72361607479064,modelled_structural_allocation_total_calibrated
ppml_russia_inbound_structural_allocation_v3,TCA,Turks and Caicos Islands,RUS,Russian Federation,2022,0.0,unesco_uis_opri_202602,official_or_reference,571.423163614113,-571.423163614113,571.423163614113,modelled_structural_allocation_total_calibrated
ppml_russia_inbound_structural_allocation_v3,TCA,Turks and Caicos Islands,RUS,Russian Federation,2023,0.0,unesco_uis_opri_202602,official_or_reference,4.272918309758611,-4.272918309758611,4.272918309758611,modelled_structural_allocation_total_calibrated
ppml_russia_inbound_structural_allocation_v3,TCD,Chad,RUS,Russian Federation,2011,175.0,unesco_uis_opri_202602,official_or_reference,474.67050384756385,-299.67050384756385,299.67050384756385,modelled_structural_allocation_total_calibrated
ppml_russia_inbound_structural_allocation_v3,TCD,Chad,RUS,Russian Federation,2014,28.0,unesco_uis_opri_202602,official_or_reference,350.7638038407545,-322.7638038407545,322.7638038407545,modelled_structural_allocation_total_calibrated
ppml_russia_inbound_structural_allocation_v3,TCD,Chad,RUS,Russian Federation,2016,14.0,unesco_uis_opri_202602,official_or_reference,194.06957912095237,-180.06957912095237,180.06957912095237,modelled_structural_allocation_total_calibrated
ppml_russia_inbound_structural_allocation_v3,TCD,Chad,RUS,Russian Federation,2017,35.0,unesco_uis_opri_202602,official_or_reference,121.4755485617278,-86.4755485617278,86.4755485617278,modelled_structural_allocation_total_calibrated
ppml_russia_inbound_structural_allocation_v3,TCD,Chad,RUS,Russian Federation,2018,29.0,unesco_uis_opri_202602,official_or_reference,183.5192226815352,-154.5192226815352,154.5192226815352,modelled_structural_allocation_total_calibrated
ppml_russia_inbound_structural_allocation_v3,TCD,Chad,RUS,Russian Federation,2019,30.0,unesco_uis_opri_202602,official_or_reference,0.4030493579692233,29.596950642030777,29.596950642030777,modelled_structural_allocation_total_calibrated
ppml_russia_inbound_structural_allocation_v3,TCD,Chad,RUS,Russian Federation,2020,300.0,unesco_uis_opri_202602,official_or_reference,42.55411423517633,257.4458857648237,257.4458857648237,modelled_structural_allocation_total_calibrated
ppml_russia_inbound_structural_allocation_v3,TCD,Chad,RUS,Russian Federation,2021,319.0,unesco_uis_opri_202602,official_or_reference,338.9357334986278,-19.935733498627826,19.935733498627826,modelled_structural_allocation_total_calibrated
ppml_russia_inbound_structural_allocation_v3,TCD,Chad,RUS,Russian Federation,2022,364.0,unesco_uis_opri_202602,official_or_reference,506.4079812509398,-142.40798125093983,142.40798125093983,modelled_structural_allocation_total_calibrated
ppml_russia_inbound_structural_allocation_v3,TCD,Chad,RUS,Russian Federation,2023,411.0,unesco_uis_opri_202602,official_or_reference,44.875562524879456,366.12443747512054,366.12443747512054,modelled_structural_allocation_total_calibrated
ppml_russia_inbound_structural_allocation_v3,TGO,Togo,RUS,Russian Federation,2011,6.0,unesco_uis_opri_202602,official_or_reference,274.26553272021977,-268.26553272021977,268.26553272021977,modelled_structural_allocation_total_calibrated
ppml_russia_inbound_structural_allocation_v3,TGO,Togo,RUS,Russian Federation,2014,7.0,unesco_uis_opri_202602,official_or_reference,966.3327227179052,-959.3327227179052,959.3327227179052,modelled_structural_allocation_total_calibrated
ppml_russia_inbound_structural_allocation_v3,TGO,Togo,RUS,Russian Federation,2016,3.0,unesco_uis_opri_202602,official_or_reference,297.2862807015571,-294.2862807015571,294.2862807015571,modelled_structural_allocation_total_calibrated
ppml_russia_inbound_structural_allocation_v3,TGO,Togo,RUS,Russian Federation,2017,2.0,unesco_uis_opri_202602,official_or_reference,0.0054201589346388485,1.9945798410653612,1.9945798410653612,modelled_structural_allocation_total_calibrated
ppml_russia_inbound_structural_allocation_v3,TGO,Togo,RUS,Russian Federation,2018,2.0,unesco_uis_opri_202602,official_or_reference,978.2401471197627,-976.2401471197627,976.2401471197627,modelled_structural_allocation_total_calibrated
ppml_russia_inbound_structural_allocation_v3,TGO,Togo,RUS,Russian Federation,2019,6.0,unesco_uis_opri_202602,official_or_reference,788.0414900036088,-782.0414900036088,782.0414900036088,modelled_structural_allocation_total_calibrated
ppml_russia_inbound_structural_allocation_v3,TGO,Togo,RUS,Russian Federation,2020,38.0,unesco_uis_opri_202602,official_or_reference,1640.5310481492725,-1602.5310481492725,1602.5310481492725,modelled_structural_allocation_total_calibrated
ppml_russia_inbound_structural_allocation_v3,TGO,Togo,RUS,Russian Federation,2021,42.0,unesco_uis_opri_202602,official_or_reference,0.12470017769910301,41.875299822300896,41.875299822300896,modelled_structural_allocation_total_calibrated
ppml_russia_inbound_structural_allocation_v3,TGO,Togo,RUS,Russian Federation,2022,51.0,unesco_uis_opri_202602,official_or_reference,7.167911283522176,43.83208871647783,43.83208871647783,modelled_structural_allocation_total_calibrated
ppml_russia_inbound_structural_allocation_v3,TGO,Togo,RUS,Russian Federation,2023,66.0,unesco_uis_opri_202602,official_or_reference,459.05703879662707,-393.05703879662707,393.05703879662707,modelled_structural_allocation_total_calibrated
ppml_russia_inbound_structural_allocation_v3,THA,Thailand,RUS,Russian Federation,2011,97.0,unesco_uis_opri_202602,official_or_reference,8679.88354414882,-8582.88354414882,8582.88354414882,modelled_structural_allocation_total_calibrated
ppml_russia_inbound_structural_allocation_v3,THA,Thailand,RUS,Russian Federation,2014,75.0,unesco_uis_opri_202602,official_or_reference,21.79232063651426,53.20767936348574,53.20767936348574,modelled_structural_allocation_total_calibrated
ppml_russia_inbound_structural_allocation_v3,THA,Thailand,RUS,Russian Federation,2016,106.0,unesco_uis_opri_202602,official_or_reference,169.2181439269508,-63.2181439269508,63.2181439269508,modelled_structural_allocation_total_calibrated
ppml_russia_inbound_structural_allocation_v3,THA,Thailand,RUS,Russian Federation,2017,97.0,unesco_uis_opri_202602,official_or_reference,916.2942373128341,-819.2942373128341,819.2942373128341,modelled_structural_allocation_total_calibrated
ppml_russia_inbound_structural_allocation_v3,THA,Thailand,RUS,Russian Federation,2018,135.0,unesco_uis_opri_202602,official_or_reference,0.0941600393110281,134.90583996068898,134.90583996068898,modelled_structural_allocation_total_calibrated
ppml_russia_inbound_structural_allocation_v3,THA,Thailand,RUS,Russian Federation,2019,125.0,unesco_uis_opri_202602,official_or_reference,84.83420031744676,40.16579968255324,40.16579968255324,modelled_structural_allocation_total_calibrated
ppml_russia_inbound_structural_allocation_v3,THA,Thailand,RUS,Russian Federation,2020,163.0,unesco_uis_opri_202602,official_or_reference,2020.0936157869066,-1857.0936157869066,1857.0936157869066,modelled_structural_allocation_total_calibrated
ppml_russia_inbound_structural_allocation_v3,THA,Thailand,RUS,Russian Federation,2021,150.0,unesco_uis_opri_202602,official_or_reference,687.88319091852,-537.88319091852,537.88319091852,modelled_structural_allocation_total_calibrated
ppml_russia_inbound_structural_allocation_v3,THA,Thailand,RUS,Russian Federation,2022,146.0,unesco_uis_opri_202602,official_or_reference,1063.196960837617,-917.1969608376171,917.1969608376171,modelled_structural_allocation_total_calibrated
ppml_russia_inbound_structural_allocation_v3,THA,Thailand,RUS,Russian Federation,2023,130.0,unesco_uis_opri_202602,official_or_reference,55.63950552580433,74.36049447419566,74.36049447419566,modelled_structural_allocation_total_calibrated
ppml_russia_inbound_structural_allocation_v3,TJK,Tajikistan,RUS,Russian Federation,2011,6226.0,unesco_uis_opri_202602,official_or_reference,529.9526495167883,5696.047350483212,5696.047350483212,modelled_structural_allocation_total_calibrated
ppml_russia_inbound_structural_allocation_v3,TJK,Tajikistan,RUS,Russian Federation,2014,8490.0,unesco_uis_opri_202602,official_or_reference,251.1015418951765,8238.898458104824,8238.898458104824,modelled_structural_allocation_total_calibrated
ppml_russia_inbound_structural_allocation_v3,TJK,Tajikistan,RUS,Russian Federation,2016,15126.0,unesco_uis_opri_202602,official_or_reference,2219.9621924922685,12906.037807507731,12906.037807507731,modelled_structural_allocation_total_calibrated
ppml_russia_inbound_structural_allocation_v3,TJK,Tajikistan,RUS,Russian Federation,2017,14204.0,unesco_uis_opri_202602,official_or_reference,114.4985067672597,14089.50149323274,14089.50149323274,modelled_structural_allocation_total_calibrated
ppml_russia_inbound_structural_allocation_v3,TJK,Tajikistan,RUS,Russian Federation,2018,19756.0,unesco_uis_opri_202602,official_or_reference,871.6716125410234,18884.328387458976,18884.328387458976,modelled_structural_allocation_total_calibrated
ppml_russia_inbound_structural_allocation_v3,TJK,Tajikistan,RUS,Russian Federation,2019,21973.0,unesco_uis_opri_202602,official_or_reference,317.9871740168622,21655.012825983136,21655.012825983136,modelled_structural_allocation_total_calibrated
ppml_russia_inbound_structural_allocation_v3,TJK,Tajikistan,RUS,Russian Federation,2020,20923.0,unesco_uis_opri_202602,official_or_reference,190.5342035559792,20732.46579644402,20732.46579644402,modelled_structural_allocation_total_calibrated
ppml_russia_inbound_structural_allocation_v3,TJK,Tajikistan,RUS,Russian Federation,2021,22339.0,unesco_uis_opri_202602,official_or_reference,303.5458337787522,22035.454166221247,22035.454166221247,modelled_structural_allocation_total_calibrated
ppml_russia_inbound_structural_allocation_v3,TJK,Tajikistan,RUS,Russian Federation,2022,27086.0,unesco_uis_opri_202602,official_or_reference,10.702484829014102,27075.297515170987,27075.297515170987,modelled_structural_allocation_total_calibrated
ppml_russia_inbound_structural_allocation_v3,TJK,Tajikistan,RUS,Russian Federation,2023,27449.0,unesco_uis_opri_202602,official_or_reference,124.68840170899004,27324.31159829101,27324.31159829101,modelled_structural_allocation_total_calibrated
ppml_russia_inbound_structural_allocation_v3,TKL,Tokelau,RUS,Russian Federation,2011,0.0,unesco_uis_opri_202602,official_or_reference,37.32536282462884,-37.32536282462884,37.32536282462884,modelled_structural_allocation_total_calibrated
ppml_russia_inbound_structural_allocation_v3,TKL,Tokelau,RUS,Russian Federation,2014,0.0,unesco_uis_opri_202602,official_or_reference,18.18603170710486,-18.18603170710486,18.18603170710486,modelled_structural_allocation_total_calibrated
ppml_russia_inbound_structural_allocation_v3,TKL,Tokelau,RUS,Russian Federation,2016,0.0,unesco_uis_opri_202602,official_or_reference,773.1911305888412,-773.1911305888412,773.1911305888412,modelled_structural_allocation_total_calibrated
ppml_russia_inbound_structural_allocation_v3,TKL,Tokelau,RUS,Russian Federation,2017,0.0,unesco_uis_opri_202602,official_or_reference,5313.579408241186,-5313.579408241186,5313.579408241186,modelled_structural_allocation_total_calibrated
ppml_russia_inbound_structural_allocation_v3,TKL,Tokelau,RUS,Russian Federation,2018,0.0,unesco_uis_opri_202602,official_or_reference,167.0861238619627,-167.0861238619627,167.0861238619627,modelled_structural_allocation_total_calibrated
ppml_russia_inbound_structural_allocation_v3,TKL,Tokelau,RUS,Russian Federation,2019,0.0,unesco_uis_opri_202602,official_or_reference,6.532081807947717,-6.532081807947717,6.532081807947717,modelled_structural_allocation_total_calibrated
ppml_russia_inbound_structural_allocation_v3,TKL,Tokelau,RUS,Russian Federation,2020,0.0,unesco_uis_opri_202602,official_or_reference,29.520537851484562,-29.520537851484562,29.520537851484562,modelled_structural_allocation_total_calibrated
ppml_russia_inbound_structural_allocation_v3,TKL,Tokelau,RUS,Russian Federation,2021,0.0,unesco_uis_opri_202602,official_or_reference,1482.3389458701454,-1482.3389458701454,1482.3389458701454,modelled_structural_allocation_total_calibrated
ppml_russia_inbound_structural_allocation_v3,TKL,Tokelau,RUS,Russian Federation,2022,0.0,unesco_uis_opri_202602,official_or_reference,214.63670174493978,-214.63670174493978,214.63670174493978,modelled_structural_allocation_total_calibrated
ppml_russia_inbound_structural_allocation_v3,TKL,Tokelau,RUS,Russian Federation,2023,0.0,unesco_uis_opri_202602,official_or_reference,472.77304592666866,-472.77304592666866,472.77304592666866,modelled_structural_allocation_total_calibrated
ppml_russia_inbound_structural_allocation_v3,TKM,Turkmenistan,RUS,Russian Federation,2011,6885.0,unesco_uis_opri_202602,official_or_reference,30.184119077455215,6854.815880922545,6854.815880922545,modelled_structural_allocation_total_calibrated
ppml_russia_inbound_structural_allocation_v3,TKM,Turkmenistan,RUS,Russian Federation,2014,15662.0,unesco_uis_opri_202602,official_or_reference,9.7989383849304,15652.20106161507,15652.20106161507,modelled_structural_allocation_total_calibrated
ppml_russia_inbound_structural_allocation_v3,TKM,Turkmenistan,RUS,Russian Federation,2016,16521.0,unesco_uis_opri_202602,official_or_reference,3935.0050639956994,12585.994936004301,12585.994936004301,modelled_structural_allocation_total_calibrated
ppml_russia_inbound_structural_allocation_v3,TKM,Turkmenistan,RUS,Russian Federation,2017,17457.0,unesco_uis_opri_202602,official_or_reference,4.104045297552944,17452.895954702446,17452.895954702446,modelled_structural_allocation_total_calibrated
ppml_russia_inbound_structural_allocation_v3,TKM,Turkmenistan,RUS,Russian Federation,2018,21938.0,unesco_uis_opri_202602,official_or_reference,793.1192194809403,21144.88078051906,21144.88078051906,modelled_structural_allocation_total_calibrated
ppml_russia_inbound_structural_allocation_v3,TKM,Turkmenistan,RUS,Russian Federation,2019,27889.0,unesco_uis_opri_202602,official_or_reference,69.99189048250516,27819.008109517494,27819.008109517494,modelled_structural_allocation_total_calibrated
ppml_russia_inbound_structural_allocation_v3,TKM,Turkmenistan,RUS,Russian Federation,2020,35720.0,unesco_uis_opri_202602,official_or_reference,552.589977226009,35167.41002277399,35167.41002277399,modelled_structural_allocation_total_calibrated
ppml_russia_inbound_structural_allocation_v3,TKM,Turkmenistan,RUS,Russian Federation,2021,29277.0,unesco_uis_opri_202602,official_or_reference,7473.764557423572,21803.235442576428,21803.235442576428,modelled_structural_allocation_total_calibrated
ppml_russia_inbound_structural_allocation_v3,TKM,Turkmenistan,RUS,Russian Federation,2022,27095.0,unesco_uis_opri_202602,official_or_reference,0.010492416628288946,27094.98950758337,27094.98950758337,modelled_structural_allocation_total_calibrated
ppml_russia_inbound_structural_allocation_v3,TKM,Turkmenistan,RUS,Russian Federation,2023,35170.0,unesco_uis_opri_202602,official_or_reference,36367.650618990905,-1197.650618990905,1197.650618990905,modelled_structural_allocation_total_calibrated
ppml_russia_inbound_structural_allocation_v3,TLS,Timor-Leste,RUS,Russian Federation,2011,0.0,unesco_uis_opri_202602,official_or_reference,100.99253927191042,-100.99253927191042,100.99253927191042,modelled_structural_allocation_total_calibrated
ppml_russia_inbound_structural_allocation_v3,TLS,Timor-Leste,RUS,Russian Federation,2014,0.0,unesco_uis_opri_202602,official_or_reference,4.64087059491709,-4.64087059491709,4.64087059491709,modelled_structural_allocation_total_calibrated
ppml_russia_inbound_structural_allocation_v3,TLS,Timor-Leste,RUS,Russian Federation,2016,0.0,unesco_uis_opri_202602,official_or_reference,18.50150914771428,-18.50150914771428,18.50150914771428,modelled_structural_allocation_total_calibrated
ppml_russia_inbound_structural_allocation_v3,TLS,Timor-Leste,RUS,Russian Federation,2017,0.0,unesco_uis_opri_202602,official_or_reference,583.1688997979629,-583.1688997979629,583.1688997979629,modelled_structural_allocation_total_calibrated
ppml_russia_inbound_structural_allocation_v3,TLS,Timor-Leste,RUS,Russian Federation,2018,0.0,unesco_uis_opri_202602,official_or_reference,9979.936081303451,-9979.936081303451,9979.936081303451,modelled_structural_allocation_total_calibrated
ppml_russia_inbound_structural_allocation_v3,TLS,Timor-Leste,RUS,Russian Federation,2019,0.0,unesco_uis_opri_202602,official_or_reference,0.08934446571739249,-0.08934446571739249,0.08934446571739249,modelled_structural_allocation_total_calibrated
ppml_russia_inbound_structural_allocation_v3,TLS,Timor-Leste,RUS,Russian Federation,2020,1.0,unesco_uis_opri_202602,official_or_reference,339.6670257825133,-338.6670257825133,338.6670257825133,modelled_structural_allocation_total_calibrated
ppml_russia_inbound_structural_allocation_v3,TLS,Timor-Leste,RUS,Russian Federation,2021,0.0,unesco_uis_opri_202602,official_or_reference,358.2398860444521,-358.2398860444521,358.2398860444521,modelled_structural_allocation_total_calibrated
ppml_russia_inbound_structural_allocation_v3,TLS,Timor-Leste,RUS,Russian Federation,2022,0.0,unesco_uis_opri_202602,official_or_reference,2714.860565015145,-2714.860565015145,2714.860565015145,modelled_structural_allocation_total_calibrated
ppml_russia_inbound_structural_allocation_v3,TLS,Timor-Leste,RUS,Russian Federation,2023,0.0,unesco_uis_opri_202602,official_or_reference,25.73883345109604,-25.73883345109604,25.73883345109604,modelled_structural_allocation_total_calibrated
ppml_russia_inbound_structural_allocation_v3,TON,Tonga,RUS,Russian Federation,2011,0.0,unesco_uis_opri_202602,official_or_reference,57010.97759514222,-57010.97759514222,57010.97759514222,modelled_structural_allocation_total_calibrated
ppml_russia_inbound_structural_allocation_v3,TON,Tonga,RUS,Russian Federation,2014,0.0,unesco_uis_opri_202602,official_or_reference,0.001722454409763811,-0.001722454409763811,0.001722454409763811,modelled_structural_allocation_total_calibrated
ppml_russia_inbound_structural_allocation_v3,TON,Tonga,RUS,Russian Federation,2016,0.0,unesco_uis_opri_202602,official_or_reference,7.977191053611304,-7.977191053611304,7.977191053611304,modelled_structural_allocation_total_calibrated
ppml_russia_inbound_structural_allocation_v3,TON,Tonga,RUS,Russian Federation,2017,0.0,unesco_uis_opri_202602,official_or_reference,795.4529482210318,-795.4529482210318,795.4529482210318,modelled_structural_allocation_total_calibrated
ppml_russia_inbound_structural_allocation_v3,TON,Tonga,RUS,Russian Federation,2018,0.0,unesco_uis_opri_202602,official_or_reference,3.8218419925433134,-3.8218419925433134,3.8218419925433134,modelled_structural_allocation_total_calibrated
ppml_russia_inbound_structural_allocation_v3,TON,Tonga,RUS,Russian Federation,2019,0.0,unesco_uis_opri_202602,official_or_reference,1.6119093209483795,-1.6119093209483795,1.6119093209483795,modelled_structural_allocation_total_calibrated
ppml_russia_inbound_structural_allocation_v3,TON,Tonga,RUS,Russian Federation,2020,0.0,unesco_uis_opri_202602,official_or_reference,2131.733844298319,-2131.733844298319,2131.733844298319,modelled_structural_allocation_total_calibrated
ppml_russia_inbound_structural_allocation_v3,TON,Tonga,RUS,Russian Federation,2021,0.0,unesco_uis_opri_202602,official_or_reference,4.484195508436729,-4.484195508436729,4.484195508436729,modelled_structural_allocation_total_calibrated
ppml_russia_inbound_structural_allocation_v3,TON,Tonga,RUS,Russian Federation,2022,0.0,unesco_uis_opri_202602,official_or_reference,12.439100059333766,-12.439100059333766,12.439100059333766,modelled_structural_allocation_total_calibrated
ppml_russia_inbound_structural_allocation_v3,TON,Tonga,RUS,Russian Federation,2023,0.0,unesco_uis_opri_202602,official_or_reference,726.7421593436595,-726.7421593436595,726.7421593436595,modelled_structural_allocation_total_calibrated
ppml_russia_inbound_structural_allocation_v3,TTO,Trinidad and Tobago,RUS,Russian Federation,2011,0.0,unesco_uis_opri_202602,official_or_reference,220.69502492465259,-220.69502492465259,220.69502492465259,modelled_structural_allocation_total_calibrated
ppml_russia_inbound_structural_allocation_v3,TTO,Trinidad and Tobago,RUS,Russian Federation,2014,0.0,unesco_uis_opri_202602,official_or_reference,249.79936166476145,-249.79936166476145,249.79936166476145,modelled_structural_allocation_total_calibrated
ppml_russia_inbound_structural_allocation_v3,TTO,Trinidad and Tobago,RUS,Russian Federation,2016,0.0,unesco_uis_opri_202602,official_or_reference,1036.8448733150958,-1036.8448733150958,1036.8448733150958,modelled_structural_allocation_total_calibrated
ppml_russia_inbound_structural_allocation_v3,TTO,Trinidad and Tobago,RUS,Russian Federation,2017,0.0,unesco_uis_opri_202602,official_or_reference,4.056678963412147,-4.056678963412147,4.056678963412147,modelled_structural_allocation_total_calibrated
ppml_russia_inbound_structural_allocation_v3,TTO,Trinidad and Tobago,RUS,Russian Federation,2018,0.0,unesco_uis_opri_202602,official_or_reference,1366.1159040268733,-1366.1159040268733,1366.1159040268733,modelled_structural_allocation_total_calibrated
ppml_russia_inbound_structural_allocation_v3,TTO,Trinidad and Tobago,RUS,Russian Federation,2019,0.0,unesco_uis_opri_202602,official_or_reference,286.0360385392761,-286.0360385392761,286.0360385392761,modelled_structural_allocation_total_calibrated
ppml_russia_inbound_structural_allocation_v3,TTO,Trinidad and Tobago,RUS,Russian Federation,2020,2.0,unesco_uis_opri_202602,official_or_reference,0.038602709988388904,1.961397290011611,1.961397290011611,modelled_structural_allocation_total_calibrated
ppml_russia_inbound_structural_allocation_v3,TTO,Trinidad and Tobago,RUS,Russian Federation,2021,3.0,unesco_uis_opri_202602,official_or_reference,517.6046767450689,-514.6046767450689,514.6046767450689,modelled_structural_allocation_total_calibrated
ppml_russia_inbound_structural_allocation_v3,TTO,Trinidad and Tobago,RUS,Russian Federation,2022,3.0,unesco_uis_opri_202602,official_or_reference,48.83219061295551,-45.83219061295551,45.83219061295551,modelled_structural_allocation_total_calibrated
ppml_russia_inbound_structural_allocation_v3,TTO,Trinidad and Tobago,RUS,Russian Federation,2023,1.0,unesco_uis_opri_202602,official_or_reference,428.43875899582747,-427.43875899582747,427.43875899582747,modelled_structural_allocation_total_calibrated
ppml_russia_inbound_structural_allocation_v3,TUN,Tunisia,RUS,Russian Federation,2011,204.0,unesco_uis_opri_202602,official_or_reference,170.85519759944214,33.144802400557865,33.144802400557865,modelled_structural_allocation_total_calibrated
ppml_russia_inbound_structural_allocation_v3,TUN,Tunisia,RUS,Russian Federation,2014,298.0,unesco_uis_opri_202602,official_or_reference,4780.848852327707,-4482.848852327707,4482.848852327707,modelled_structural_allocation_total_calibrated
ppml_russia_inbound_structural_allocation_v3,TUN,Tunisia,RUS,Russian Federation,2016,578.0,unesco_uis_opri_202602,official_or_reference,4.556080910867348,573.4439190891327,573.4439190891327,modelled_structural_allocation_total_calibrated
ppml_russia_inbound_structural_allocation_v3,TUN,Tunisia,RUS,Russian Federation,2017,781.0,unesco_uis_opri_202602,official_or_reference,12.815061578035262,768.1849384219647,768.1849384219647,modelled_structural_allocation_total_calibrated
ppml_russia_inbound_structural_allocation_v3,TUN,Tunisia,RUS,Russian Federation,2018,946.0,unesco_uis_opri_202602,official_or_reference,305.1394306901825,640.8605693098175,640.8605693098175,modelled_structural_allocation_total_calibrated
ppml_russia_inbound_structural_allocation_v3,TUN,Tunisia,RUS,Russian Federation,2019,1024.0,unesco_uis_opri_202602,official_or_reference,12878.483421936136,-11854.483421936136,11854.483421936136,modelled_structural_allocation_total_calibrated
ppml_russia_inbound_structural_allocation_v3,TUN,Tunisia,RUS,Russian Federation,2020,1142.0,unesco_uis_opri_202602,official_or_reference,248.49948090601094,893.500519093989,893.500519093989,modelled_structural_allocation_total_calibrated
ppml_russia_inbound_structural_allocation_v3,TUN,Tunisia,RUS,Russian Federation,2021,1057.0,unesco_uis_opri_202602,official_or_reference,739.5055870239447,317.4944129760553,317.4944129760553,modelled_structural_allocation_total_calibrated
ppml_russia_inbound_structural_allocation_v3,TUN,Tunisia,RUS,Russian Federation,2022,1065.0,unesco_uis_opri_202602,official_or_reference,189.03005735828467,875.9699426417153,875.9699426417153,modelled_structural_allocation_total_calibrated
ppml_russia_inbound_structural_allocation_v3,TUN,Tunisia,RUS,Russian Federation,2023,1084.0,unesco_uis_opri_202602,official_or_reference,196.8266699595348,887.1733300404652,887.1733300404652,modelled_structural_allocation_total_calibrated
ppml_russia_inbound_structural_allocation_v3,TUR,Türkiye,RUS,Russian Federation,2011,458.0,unesco_uis_opri_202602,official_or_reference,1009.7207025237698,-551.7207025237698,551.7207025237698,modelled_structural_allocation_total_calibrated
ppml_russia_inbound_structural_allocation_v3,TUR,Türkiye,RUS,Russian Federation,2014,561.0,unesco_uis_opri_202602,official_or_reference,741.4582770663211,-180.4582770663211,180.4582770663211,modelled_structural_allocation_total_calibrated
ppml_russia_inbound_structural_allocation_v3,TUR,Türkiye,RUS,Russian Federation,2016,672.0,unesco_uis_opri_202602,official_or_reference,87.74292971661473,584.2570702833852,584.2570702833852,modelled_structural_allocation_total_calibrated
ppml_russia_inbound_structural_allocation_v3,TUR,Türkiye,RUS,Russian Federation,2017,442.0,unesco_uis_opri_202602,official_or_reference,4.246112482595081,437.7538875174049,437.7538875174049,modelled_structural_allocation_total_calibrated
ppml_russia_inbound_structural_allocation_v3,TUR,Türkiye,RUS,Russian Federation,2018,412.0,unesco_uis_opri_202602,official_or_reference,1128.555893559779,-716.555893559779,716.555893559779,modelled_structural_allocation_total_calibrated
ppml_russia_inbound_structural_allocation_v3,TUR,Türkiye,RUS,Russian Federation,2019,384.0,unesco_uis_opri_202602,official_or_reference,35436.11549027431,-35052.11549027431,35052.11549027431,modelled_structural_allocation_total_calibrated
ppml_russia_inbound_structural_allocation_v3,TUR,Türkiye,RUS,Russian Federation,2020,721.0,unesco_uis_opri_202602,official_or_reference,7.009848030735124,713.9901519692648,713.9901519692648,modelled_structural_allocation_total_calibrated
ppml_russia_inbound_structural_allocation_v3,TUR,Türkiye,RUS,Russian Federation,2021,735.0,unesco_uis_opri_202602,official_or_reference,24.630295657140614,710.3697043428593,710.3697043428593,modelled_structural_allocation_total_calibrated
ppml_russia_inbound_structural_allocation_v3,TUR,Türkiye,RUS,Russian Federation,2022,845.0,unesco_uis_opri_202602,official_or_reference,262.29512181793865,582.7048781820613,582.7048781820613,modelled_structural_allocation_total_calibrated
ppml_russia_inbound_structural_allocation_v3,TUR,Türkiye,RUS,Russian Federation,2023,911.0,unesco_uis_opri_202602,official_or_reference,237.3009968750508,673.6990031249492,673.6990031249492,modelled_structural_allocation_total_calibrated
ppml_russia_inbound_structural_allocation_v3,TUV,Tuvalu,RUS,Russian Federation,2011,0.0,unesco_uis_opri_202602,official_or_reference,4.298778074693856,-4.298778074693856,4.298778074693856,modelled_structural_allocation_total_calibrated
ppml_russia_inbound_structural_allocation_v3,TUV,Tuvalu,RUS,Russian Federation,2014,0.0,unesco_uis_opri_202602,official_or_reference,40.406013872067156,-40.406013872067156,40.406013872067156,modelled_structural_allocation_total_calibrated
ppml_russia_inbound_structural_allocation_v3,TUV,Tuvalu,RUS,Russian Federation,2016,0.0,unesco_uis_opri_202602,official_or_reference,86.42038555905592,-86.42038555905592,86.42038555905592,modelled_structural_allocation_total_calibrated
ppml_russia_inbound_structural_allocation_v3,TUV,Tuvalu,RUS,Russian Federation,2017,0.0,unesco_uis_opri_202602,official_or_reference,18.638734993979412,-18.638734993979412,18.638734993979412,modelled_structural_allocation_total_calibrated
ppml_russia_inbound_structural_allocation_v3,TUV,Tuvalu,RUS,Russian Federation,2018,0.0,unesco_uis_opri_202602,official_or_reference,182.49282088653692,-182.49282088653692,182.49282088653692,modelled_structural_allocation_total_calibrated
ppml_russia_inbound_structural_allocation_v3,TUV,Tuvalu,RUS,Russian Federation,2019,0.0,unesco_uis_opri_202602,official_or_reference,18.27908324378694,-18.27908324378694,18.27908324378694,modelled_structural_allocation_total_calibrated
ppml_russia_inbound_structural_allocation_v3,TUV,Tuvalu,RUS,Russian Federation,2020,0.0,unesco_uis_opri_202602,official_or_reference,535.1657853395515,-535.1657853395515,535.1657853395515,modelled_structural_allocation_total_calibrated
ppml_russia_inbound_structural_allocation_v3,TUV,Tuvalu,RUS,Russian Federation,2021,0.0,unesco_uis_opri_202602,official_or_reference,57.89510290842612,-57.89510290842612,57.89510290842612,modelled_structural_allocation_total_calibrated
ppml_russia_inbound_structural_allocation_v3,TUV,Tuvalu,RUS,Russian Federation,2022,0.0,unesco_uis_opri_202602,official_or_reference,34261.75710481524,-34261.75710481524,34261.75710481524,modelled_structural_allocation_total_calibrated
ppml_russia_inbound_structural_allocation_v3,TUV,Tuvalu,RUS,Russian Federation,2023,0.0,unesco_uis_opri_202602,official_or_reference,155.749053867472,-155.749053867472,155.749053867472,modelled_structural_allocation_total_calibrated
ppml_russia_inbound_structural_allocation_v3,TZA,"Tanzania, United Republic of",RUS,Russian Federation,2011,275.0,unesco_uis_opri_202602,official_or_reference,315.72228114567764,-40.72228114567764,40.72228114567764,modelled_structural_allocation_total_calibrated
ppml_russia_inbound_structural_allocation_v3,TZA,"Tanzania, United Republic of",RUS,Russian Federation,2014,107.0,unesco_uis_opri_202602,official_or_reference,98.69811546931948,8.301884530680525,8.301884530680525,modelled_structural_allocation_total_calibrated
ppml_russia_inbound_structural_allocation_v3,TZA,"Tanzania, United Republic of",RUS,Russian Federation,2016,55.0,unesco_uis_opri_202602,official_or_reference,186.26276598001976,-131.26276598001976,131.26276598001976,modelled_structural_allocation_total_calibrated
ppml_russia_inbound_structural_allocation_v3,TZA,"Tanzania, United Republic of",RUS,Russian Federation,2017,50.0,unesco_uis_opri_202602,official_or_reference,0.5389326694882511,49.461067330511746,49.461067330511746,modelled_structural_allocation_total_calibrated
ppml_russia_inbound_structural_allocation_v3,TZA,"Tanzania, United Republic of",RUS,Russian Federation,2018,45.0,unesco_uis_opri_202602,official_or_reference,157.11874453169193,-112.11874453169193,112.11874453169193,modelled_structural_allocation_total_calibrated
ppml_russia_inbound_structural_allocation_v3,TZA,"Tanzania, United Republic of",RUS,Russian Federation,2019,42.0,unesco_uis_opri_202602,official_or_reference,104.0836446385624,-62.083644638562404,62.083644638562404,modelled_structural_allocation_total_calibrated
ppml_russia_inbound_structural_allocation_v3,TZA,"Tanzania, United Republic of",RUS,Russian Federation,2020,95.0,unesco_uis_opri_202602,official_or_reference,19.815967283262676,75.18403271673732,75.18403271673732,modelled_structural_allocation_total_calibrated
ppml_russia_inbound_structural_allocation_v3,TZA,"Tanzania, United Republic of",RUS,Russian Federation,2021,118.0,unesco_uis_opri_202602,official_or_reference,15.738489254508119,102.26151074549188,102.26151074549188,modelled_structural_allocation_total_calibrated
ppml_russia_inbound_structural_allocation_v3,TZA,"Tanzania, United Republic of",RUS,Russian Federation,2022,121.0,unesco_uis_opri_202602,official_or_reference,101.70046525950816,19.299534740491836,19.299534740491836,modelled_structural_allocation_total_calibrated
ppml_russia_inbound_structural_allocation_v3,TZA,"Tanzania, United Republic of",RUS,Russian Federation,2023,175.0,unesco_uis_opri_202602,official_or_reference,1.4178753809388727,173.58212461906112,173.58212461906112,modelled_structural_allocation_total_calibrated
ppml_russia_inbound_structural_allocation_v3,UGA,Uganda,RUS,Russian Federation,2011,36.0,unesco_uis_opri_202602,official_or_reference,529.3824913759483,-493.38249137594835,493.38249137594835,modelled_structural_allocation_total_calibrated
ppml_russia_inbound_structural_allocation_v3,UGA,Uganda,RUS,Russian Federation,2014,12.0,unesco_uis_opri_202602,official_or_reference,430.4607066742779,-418.4607066742779,418.4607066742779,modelled_structural_allocation_total_calibrated
ppml_russia_inbound_structural_allocation_v3,UGA,Uganda,RUS,Russian Federation,2016,29.0,unesco_uis_opri_202602,official_or_reference,2813.5038745282595,-2784.5038745282595,2784.5038745282595,modelled_structural_allocation_total_calibrated
ppml_russia_inbound_structural_allocation_v3,UGA,Uganda,RUS,Russian Federation,2017,32.0,unesco_uis_opri_202602,official_or_reference,252.15875111348566,-220.15875111348566,220.15875111348566,modelled_structural_allocation_total_calibrated
ppml_russia_inbound_structural_allocation_v3,UGA,Uganda,RUS,Russian Federation,2018,34.0,unesco_uis_opri_202602,official_or_reference,1.353241853209423,32.646758146790575,32.646758146790575,modelled_structural_allocation_total_calibrated
ppml_russia_inbound_structural_allocation_v3,UGA,Uganda,RUS,Russian Federation,2019,36.0,unesco_uis_opri_202602,official_or_reference,317.92059274631816,-281.92059274631816,281.92059274631816,modelled_structural_allocation_total_calibrated
ppml_russia_inbound_structural_allocation_v3,UGA,Uganda,RUS,Russian Federation,2020,65.0,unesco_uis_opri_202602,official_or_reference,32.698098558195426,32.301901441804574,32.301901441804574,modelled_structural_allocation_total_calibrated
ppml_russia_inbound_structural_allocation_v3,UGA,Uganda,RUS,Russian Federation,2021,81.0,unesco_uis_opri_202602,official_or_reference,1091.0677734433534,-1010.0677734433534,1010.0677734433534,modelled_structural_allocation_total_calibrated
ppml_russia_inbound_structural_allocation_v3,UGA,Uganda,RUS,Russian Federation,2022,76.0,unesco_uis_opri_202602,official_or_reference,120.11915345085912,-44.119153450859116,44.119153450859116,modelled_structural_allocation_total_calibrated
ppml_russia_inbound_structural_allocation_v3,UGA,Uganda,RUS,Russian Federation,2023,99.0,unesco_uis_opri_202602,official_or_reference,1934.7693466695853,-1835.7693466695853,1835.7693466695853,modelled_structural_allocation_total_calibrated
ppml_russia_inbound_structural_allocation_v3,UKR,Ukraine,RUS,Russian Federation,2011,12805.0,unesco_uis_opri_202602,official_or_reference,240.5690266884466,12564.430973311553,12564.430973311553,modelled_structural_allocation_total_calibrated
ppml_russia_inbound_structural_allocation_v3,UKR,Ukraine,RUS,Russian Federation,2014,12043.0,unesco_uis_opri_202602,official_or_reference,2131.328525831971,9911.67147416803,9911.67147416803,modelled_structural_allocation_total_calibrated
ppml_russia_inbound_structural_allocation_v3,UKR,Ukraine,RUS,Russian Federation,2016,22440.0,unesco_uis_opri_202602,official_or_reference,243.730159933586,22196.269840066416,22196.269840066416,modelled_structural_allocation_total_calibrated
ppml_russia_inbound_structural_allocation_v3,UKR,Ukraine,RUS,Russian Federation,2017,15263.0,unesco_uis_opri_202602,official_or_reference,432.6015864404779,14830.398413559522,14830.398413559522,modelled_structural_allocation_total_calibrated
ppml_russia_inbound_structural_allocation_v3,UKR,Ukraine,RUS,Russian Federation,2018,21768.0,unesco_uis_opri_202602,official_or_reference,442.9478658665588,21325.052134133442,21325.052134133442,modelled_structural_allocation_total_calibrated
ppml_russia_inbound_structural_allocation_v3,UKR,Ukraine,RUS,Russian Federation,2019,21609.0,unesco_uis_opri_202602,official_or_reference,14.632277477274746,21594.367722522726,21594.367722522726,modelled_structural_allocation_total_calibrated
ppml_russia_inbound_structural_allocation_v3,UKR,Ukraine,RUS,Russian Federation,2020,11283.0,unesco_uis_opri_202602,official_or_reference,2147.9368281974607,9135.06317180254,9135.06317180254,modelled_structural_allocation_total_calibrated
ppml_russia_inbound_structural_allocation_v3,UKR,Ukraine,RUS,Russian Federation,2021,8621.0,unesco_uis_opri_202602,official_or_reference,0.21472815300978318,8620.78527184699,8620.78527184699,modelled_structural_allocation_total_calibrated
ppml_russia_inbound_structural_allocation_v3,UKR,Ukraine,RUS,Russian Federation,2022,9446.0,unesco_uis_opri_202602,official_or_reference,37.53042075548666,9408.469579244513,9408.469579244513,modelled_structural_allocation_total_calibrated
ppml_russia_inbound_structural_allocation_v3,UKR,Ukraine,RUS,Russian Federation,2023,5279.0,unesco_uis_opri_202602,official_or_reference,1038.6601745052042,4240.339825494796,4240.339825494796,modelled_structural_allocation_total_calibrated
ppml_russia_inbound_structural_allocation_v3,URY,Uruguay,RUS,Russian Federation,2011,1.0,unesco_uis_opri_202602,official_or_reference,430.60237332640605,-429.60237332640605,429.60237332640605,modelled_structural_allocation_total_calibrated
ppml_russia_inbound_structural_allocation_v3,URY,Uruguay,RUS,Russian Federation,2014,4.0,unesco_uis_opri_202602,official_or_reference,167.11904916403753,-163.11904916403753,163.11904916403753,modelled_structural_allocation_total_calibrated
ppml_russia_inbound_structural_allocation_v3,URY,Uruguay,RUS,Russian Federation,2016,1.0,unesco_uis_opri_202602,official_or_reference,25.68840689915799,-24.68840689915799,24.68840689915799,modelled_structural_allocation_total_calibrated
ppml_russia_inbound_structural_allocation_v3,URY,Uruguay,RUS,Russian Federation,2017,4.0,unesco_uis_opri_202602,official_or_reference,184.34403273333618,-180.34403273333618,180.34403273333618,modelled_structural_allocation_total_calibrated
ppml_russia_inbound_structural_allocation_v3,URY,Uruguay,RUS,Russian Federation,2018,1.0,unesco_uis_opri_202602,official_or_reference,83.63773019807755,-82.63773019807755,82.63773019807755,modelled_structural_allocation_total_calibrated
ppml_russia_inbound_structural_allocation_v3,URY,Uruguay,RUS,Russian Federation,2019,2.0,unesco_uis_opri_202602,official_or_reference,33.46670521625703,-31.466705216257033,31.466705216257033,modelled_structural_allocation_total_calibrated
ppml_russia_inbound_structural_allocation_v3,URY,Uruguay,RUS,Russian Federation,2020,5.0,unesco_uis_opri_202602,official_or_reference,23.702783985276334,-18.702783985276334,18.702783985276334,modelled_structural_allocation_total_calibrated
ppml_russia_inbound_structural_allocation_v3,URY,Uruguay,RUS,Russian Federation,2021,6.0,unesco_uis_opri_202602,official_or_reference,1657.4597138236245,-1651.4597138236245,1651.4597138236245,modelled_structural_allocation_total_calibrated
ppml_russia_inbound_structural_allocation_v3,URY,Uruguay,RUS,Russian Federation,2022,9.0,unesco_uis_opri_202602,official_or_reference,3.505223637758263,5.494776362241737,5.494776362241737,modelled_structural_allocation_total_calibrated
ppml_russia_inbound_structural_allocation_v3,URY,Uruguay,RUS,Russian Federation,2023,9.0,unesco_uis_opri_202602,official_or_reference,16.300331649616652,-7.300331649616652,7.300331649616652,modelled_structural_allocation_total_calibrated
ppml_russia_inbound_structural_allocation_v3,UZB,Uzbekistan,RUS,Russian Federation,2011,11343.0,unesco_uis_opri_202602,official_or_reference,19.410879139047506,11323.589120860952,11323.589120860952,modelled_structural_allocation_total_calibrated
ppml_russia_inbound_structural_allocation_v3,UZB,Uzbekistan,RUS,Russian Federation,2014,12783.0,unesco_uis_opri_202602,official_or_reference,256.3589111646789,12526.64108883532,12526.64108883532,modelled_structural_allocation_total_calibrated
ppml_russia_inbound_structural_allocation_v3,UZB,Uzbekistan,RUS,Russian Federation,2016,19893.0,unesco_uis_opri_202602,official_or_reference,20.919275612760153,19872.08072438724,19872.08072438724,modelled_structural_allocation_total_calibrated
ppml_russia_inbound_structural_allocation_v3,UZB,Uzbekistan,RUS,Russian Federation,2017,20862.0,unesco_uis_opri_202602,official_or_reference,389.28730248199594,20472.712697518004,20472.712697518004,modelled_structural_allocation_total_calibrated
ppml_russia_inbound_structural_allocation_v3,UZB,Uzbekistan,RUS,Russian Federation,2018,26283.0,unesco_uis_opri_202602,official_or_reference,101.51714892952381,26181.482851070476,26181.482851070476,modelled_structural_allocation_total_calibrated
ppml_russia_inbound_structural_allocation_v3,UZB,Uzbekistan,RUS,Russian Federation,2019,27397.0,unesco_uis_opri_202602,official_or_reference,416.40916368403254,26980.59083631597,26980.59083631597,modelled_structural_allocation_total_calibrated
ppml_russia_inbound_structural_allocation_v3,UZB,Uzbekistan,RUS,Russian Federation,2020,38111.0,unesco_uis_opri_202602,official_or_reference,1285.8909173444274,36825.109082655574,36825.109082655574,modelled_structural_allocation_total_calibrated
ppml_russia_inbound_structural_allocation_v3,UZB,Uzbekistan,RUS,Russian Federation,2021,44135.0,unesco_uis_opri_202602,official_or_reference,14338.870730791023,29796.129269208977,29796.129269208977,modelled_structural_allocation_total_calibrated
ppml_russia_inbound_structural_allocation_v3,UZB,Uzbekistan,RUS,Russian Federation,2022,48430.0,unesco_uis_opri_202602,official_or_reference,312.49849147199586,48117.501508528,48117.501508528,modelled_structural_allocation_total_calibrated
ppml_russia_inbound_structural_allocation_v3,UZB,Uzbekistan,RUS,Russian Federation,2023,42074.0,unesco_uis_opri_202602,official_or_reference,3853.975011870114,38220.02498812989,38220.02498812989,modelled_structural_allocation_total_calibrated
ppml_russia_inbound_structural_allocation_v3,VAT,Holy See (Vatican City State),RUS,Russian Federation,2011,0.0,unesco_uis_opri_202602,official_or_reference,1981.930978274785,-1981.930978274785,1981.930978274785,modelled_structural_allocation_total_calibrated
ppml_russia_inbound_structural_allocation_v3,VAT,Holy See (Vatican City State),RUS,Russian Federation,2014,0.0,unesco_uis_opri_202602,official_or_reference,116.41028117668976,-116.41028117668976,116.41028117668976,modelled_structural_allocation_total_calibrated
ppml_russia_inbound_structural_allocation_v3,VAT,Holy See (Vatican City State),RUS,Russian Federation,2016,0.0,unesco_uis_opri_202602,official_or_reference,14.017513091590631,-14.017513091590631,14.017513091590631,modelled_structural_allocation_total_calibrated
ppml_russia_inbound_structural_allocation_v3,VAT,Holy See (Vatican City State),RUS,Russian Federation,2017,0.0,unesco_uis_opri_202602,official_or_reference,2527.9592915961043,-2527.9592915961043,2527.9592915961043,modelled_structural_allocation_total_calibrated
ppml_russia_inbound_structural_allocation_v3,VAT,Holy See (Vatican City State),RUS,Russian Federation,2018,0.0,unesco_uis_opri_202602,official_or_reference,26.684460022180243,-26.684460022180243,26.684460022180243,modelled_structural_allocation_total_calibrated
ppml_russia_inbound_structural_allocation_v3,VAT,Holy See (Vatican City State),RUS,Russian Federation,2019,0.0,unesco_uis_opri_202602,official_or_reference,566.4496337707146,-566.4496337707146,566.4496337707146,modelled_structural_allocation_total_calibrated
ppml_russia_inbound_structural_allocation_v3,VAT,Holy See (Vatican City State),RUS,Russian Federation,2020,0.0,unesco_uis_opri_202602,official_or_reference,73.5751883919587,-73.5751883919587,73.5751883919587,modelled_structural_allocation_total_calibrated
ppml_russia_inbound_structural_allocation_v3,VAT,Holy See (Vatican City State),RUS,Russian Federation,2021,0.0,unesco_uis_opri_202602,official_or_reference,18983.64840503485,-18983.64840503485,18983.64840503485,modelled_structural_allocation_total_calibrated
ppml_russia_inbound_structural_allocation_v3,VAT,Holy See (Vatican City State),RUS,Russian Federation,2022,0.0,unesco_uis_opri_202602,official_or_reference,282.1044342712279,-282.1044342712279,282.1044342712279,modelled_structural_allocation_total_calibrated
ppml_russia_inbound_structural_allocation_v3,VAT,Holy See (Vatican City State),RUS,Russian Federation,2023,0.0,unesco_uis_opri_202602,official_or_reference,5849.801861027201,-5849.801861027201,5849.801861027201,modelled_structural_allocation_total_calibrated
ppml_russia_inbound_structural_allocation_v3,VCT,Saint Vincent and the Grenadines,RUS,Russian Federation,2011,0.0,unesco_uis_opri_202602,official_or_reference,419.5779373692793,-419.5779373692793,419.5779373692793,modelled_structural_allocation_total_calibrated
ppml_russia_inbound_structural_allocation_v3,VCT,Saint Vincent and the Grenadines,RUS,Russian Federation,2014,1.0,unesco_uis_opri_202602,official_or_reference,1.7949568118767718,-0.7949568118767718,0.7949568118767718,modelled_structural_allocation_total_calibrated
ppml_russia_inbound_structural_allocation_v3,VCT,Saint Vincent and the Grenadines,RUS,Russian Federation,2016,0.0,unesco_uis_opri_202602,official_or_reference,2.327785356153106,-2.327785356153106,2.327785356153106,modelled_structural_allocation_total_calibrated
ppml_russia_inbound_structural_allocation_v3,VCT,Saint Vincent and the Grenadines,RUS,Russian Federation,2017,0.0,unesco_uis_opri_202602,official_or_reference,292.0931753523104,-292.0931753523104,292.0931753523104,modelled_structural_allocation_total_calibrated
ppml_russia_inbound_structural_allocation_v3,VCT,Saint Vincent and the Grenadines,RUS,Russian Federation,2018,0.0,unesco_uis_opri_202602,official_or_reference,386.0485384861713,-386.0485384861713,386.0485384861713,modelled_structural_allocation_total_calibrated
ppml_russia_inbound_structural_allocation_v3,VCT,Saint Vincent and the Grenadines,RUS,Russian Federation,2019,0.0,unesco_uis_opri_202602,official_or_reference,421.4284190583943,-421.4284190583943,421.4284190583943,modelled_structural_allocation_total_calibrated
ppml_russia_inbound_structural_allocation_v3,VCT,Saint Vincent and the Grenadines,RUS,Russian Federation,2020,5.0,unesco_uis_opri_202602,official_or_reference,556.710914388804,-551.710914388804,551.710914388804,modelled_structural_allocation_total_calibrated
ppml_russia_inbound_structural_allocation_v3,VCT,Saint Vincent and the Grenadines,RUS,Russian Federation,2021,6.0,unesco_uis_opri_202602,official_or_reference,2.271019271571895,3.728980728428105,3.728980728428105,modelled_structural_allocation_total_calibrated
ppml_russia_inbound_structural_allocation_v3,VCT,Saint Vincent and the Grenadines,RUS,Russian Federation,2022,6.0,unesco_uis_opri_202602,official_or_reference,305.0071413293161,-299.0071413293161,299.0071413293161,modelled_structural_allocation_total_calibrated
ppml_russia_inbound_structural_allocation_v3,VCT,Saint Vincent and the Grenadines,RUS,Russian Federation,2023,5.0,unesco_uis_opri_202602,official_or_reference,8.908057299968926,-3.9080572999689256,3.9080572999689256,modelled_structural_allocation_total_calibrated
ppml_russia_inbound_structural_allocation_v3,VEN,"Venezuela, Bolivarian Republic of",RUS,Russian Federation,2011,45.0,unesco_uis_opri_202602,official_or_reference,33.240348633750834,11.759651366249166,11.759651366249166,modelled_structural_allocation_total_calibrated
ppml_russia_inbound_structural_allocation_v3,VEN,"Venezuela, Bolivarian Republic of",RUS,Russian Federation,2014,18.0,unesco_uis_opri_202602,official_or_reference,616.8154226270234,-598.8154226270234,598.8154226270234,modelled_structural_allocation_total_calibrated
ppml_russia_inbound_structural_allocation_v3,VEN,"Venezuela, Bolivarian Republic of",RUS,Russian Federation,2016,28.0,unesco_uis_opri_202602,official_or_reference,59.57996389410221,-31.579963894102207,31.579963894102207,modelled_structural_allocation_total_calibrated
ppml_russia_inbound_structural_allocation_v3,VEN,"Venezuela, Bolivarian Republic of",RUS,Russian Federation,2017,32.0,unesco_uis_opri_202602,official_or_reference,419.0804043298608,-387.0804043298608,387.0804043298608,modelled_structural_allocation_total_calibrated
ppml_russia_inbound_structural_allocation_v3,VEN,"Venezuela, Bolivarian Republic of",RUS,Russian Federation,2018,38.0,unesco_uis_opri_202602,official_or_reference,941.4157393209097,-903.4157393209097,903.4157393209097,modelled_structural_allocation_total_calibrated
ppml_russia_inbound_structural_allocation_v3,VEN,"Venezuela, Bolivarian Republic of",RUS,Russian Federation,2019,50.0,unesco_uis_opri_202602,official_or_reference,344.78051224757644,-294.78051224757644,294.78051224757644,modelled_structural_allocation_total_calibrated
ppml_russia_inbound_structural_allocation_v3,VEN,"Venezuela, Bolivarian Republic of",RUS,Russian Federation,2020,103.0,unesco_uis_opri_202602,official_or_reference,26.65804688170838,76.34195311829163,76.34195311829163,modelled_structural_allocation_total_calibrated
ppml_russia_inbound_structural_allocation_v3,VEN,"Venezuela, Bolivarian Republic of",RUS,Russian Federation,2021,143.0,unesco_uis_opri_202602,official_or_reference,990.9584393410044,-847.9584393410044,847.9584393410044,modelled_structural_allocation_total_calibrated
ppml_russia_inbound_structural_allocation_v3,VEN,"Venezuela, Bolivarian Republic of",RUS,Russian Federation,2022,174.0,unesco_uis_opri_202602,official_or_reference,30.722504451851464,143.27749554814852,143.27749554814852,modelled_structural_allocation_total_calibrated
ppml_russia_inbound_structural_allocation_v3,VEN,"Venezuela, Bolivarian Republic of",RUS,Russian Federation,2023,153.0,unesco_uis_opri_202602,official_or_reference,468.5127736483222,-315.5127736483222,315.5127736483222,modelled_structural_allocation_total_calibrated
ppml_russia_inbound_structural_allocation_v3,VGB,"Virgin Islands, British",RUS,Russian Federation,2011,0.0,unesco_uis_opri_202602,official_or_reference,126.83415938453355,-126.83415938453355,126.83415938453355,modelled_structural_allocation_total_calibrated
ppml_russia_inbound_structural_allocation_v3,VGB,"Virgin Islands, British",RUS,Russian Federation,2014,0.0,unesco_uis_opri_202602,official_or_reference,25.35803486677445,-25.35803486677445,25.35803486677445,modelled_structural_allocation_total_calibrated
ppml_russia_inbound_structural_allocation_v3,VGB,"Virgin Islands, British",RUS,Russian Federation,2016,0.0,unesco_uis_opri_202602,official_or_reference,212.43496029262258,-212.43496029262258,212.43496029262258,modelled_structural_allocation_total_calibrated
ppml_russia_inbound_structural_allocation_v3,VGB,"Virgin Islands, British",RUS,Russian Federation,2017,0.0,unesco_uis_opri_202602,official_or_reference,0.14826944428930286,-0.14826944428930286,0.14826944428930286,modelled_structural_allocation_total_calibrated
ppml_russia_inbound_structural_allocation_v3,VGB,"Virgin Islands, British",RUS,Russian Federation,2018,0.0,unesco_uis_opri_202602,official_or_reference,238.49654078029747,-238.49654078029747,238.49654078029747,modelled_structural_allocation_total_calibrated
ppml_russia_inbound_structural_allocation_v3,VGB,"Virgin Islands, British",RUS,Russian Federation,2019,1.0,unesco_uis_opri_202602,official_or_reference,610.4445146180487,-609.4445146180487,609.4445146180487,modelled_structural_allocation_total_calibrated
ppml_russia_inbound_structural_allocation_v3,VGB,"Virgin Islands, British",RUS,Russian Federation,2020,0.0,unesco_uis_opri_202602,official_or_reference,3.1122516727314373,-3.1122516727314373,3.1122516727314373,modelled_structural_allocation_total_calibrated
ppml_russia_inbound_structural_allocation_v3,VGB,"Virgin Islands, British",RUS,Russian Federation,2021,0.0,unesco_uis_opri_202602,official_or_reference,285.38876819993965,-285.38876819993965,285.38876819993965,modelled_structural_allocation_total_calibrated
ppml_russia_inbound_structural_allocation_v3,VGB,"Virgin Islands, British",RUS,Russian Federation,2022,0.0,unesco_uis_opri_202602,official_or_reference,271.17388701227713,-271.17388701227713,271.17388701227713,modelled_structural_allocation_total_calibrated
ppml_russia_inbound_structural_allocation_v3,VGB,"Virgin Islands, British",RUS,Russian Federation,2023,0.0,unesco_uis_opri_202602,official_or_reference,220.70216926304468,-220.70216926304468,220.70216926304468,modelled_structural_allocation_total_calibrated
ppml_russia_inbound_structural_allocation_v3,VIR,"Virgin Islands, U.S.",RUS,Russian Federation,2011,129.0,unesco_uis_opri_202602,official_or_reference,123.81255150033846,5.187448499661542,5.187448499661542,modelled_structural_allocation_total_calibrated
ppml_russia_inbound_structural_allocation_v3,VIR,"Virgin Islands, U.S.",RUS,Russian Federation,2014,138.0,unesco_uis_opri_202602,official_or_reference,182.25385163644387,-44.25385163644387,44.25385163644387,modelled_structural_allocation_total_calibrated
ppml_russia_inbound_structural_allocation_v3,VIR,"Virgin Islands, U.S.",RUS,Russian Federation,2016,160.0,unesco_uis_opri_202602,official_or_reference,0.4098987241723851,159.5901012758276,159.5901012758276,modelled_structural_allocation_total_calibrated
ppml_russia_inbound_structural_allocation_v3,VIR,"Virgin Islands, U.S.",RUS,Russian Federation,2017,158.0,unesco_uis_opri_202602,official_or_reference,33.50661306461768,124.49338693538232,124.49338693538232,modelled_structural_allocation_total_calibrated
ppml_russia_inbound_structural_allocation_v3,VIR,"Virgin Islands, U.S.",RUS,Russian Federation,2018,140.0,unesco_uis_opri_202602,official_or_reference,284.57692549870524,-144.57692549870524,144.57692549870524,modelled_structural_allocation_total_calibrated
ppml_russia_inbound_structural_allocation_v3,VIR,"Virgin Islands, U.S.",RUS,Russian Federation,2019,212.0,unesco_uis_opri_202602,official_or_reference,472.4849483127396,-260.4849483127396,260.4849483127396,modelled_structural_allocation_total_calibrated
ppml_russia_inbound_structural_allocation_v3,VIR,"Virgin Islands, U.S.",RUS,Russian Federation,2020,211.0,unesco_uis_opri_202602,official_or_reference,39.79035638488737,171.20964361511264,171.20964361511264,modelled_structural_allocation_total_calibrated
ppml_russia_inbound_structural_allocation_v3,VIR,"Virgin Islands, U.S.",RUS,Russian Federation,2021,246.0,unesco_uis_opri_202602,official_or_reference,209.33208111444122,36.66791888555878,36.66791888555878,modelled_structural_allocation_total_calibrated
ppml_russia_inbound_structural_allocation_v3,VIR,"Virgin Islands, U.S.",RUS,Russian Federation,2022,158.0,unesco_uis_opri_202602,official_or_reference,932.710398282149,-774.710398282149,774.710398282149,modelled_structural_allocation_total_calibrated
ppml_russia_inbound_structural_allocation_v3,VIR,"Virgin Islands, U.S.",RUS,Russian Federation,2023,99.0,unesco_uis_opri_202602,official_or_reference,346.02123634426636,-247.02123634426636,247.02123634426636,modelled_structural_allocation_total_calibrated
ppml_russia_inbound_structural_allocation_v3,VNM,Viet Nam,RUS,Russian Federation,2011,2453.0,unesco_uis_opri_202602,official_or_reference,0.0057817605554559915,2452.9942182394448,2452.9942182394448,modelled_structural_allocation_total_calibrated
ppml_russia_inbound_structural_allocation_v3,VNM,Viet Nam,RUS,Russian Federation,2014,1419.0,unesco_uis_opri_202602,official_or_reference,700.0579671165472,718.9420328834528,718.9420328834528,modelled_structural_allocation_total_calibrated
ppml_russia_inbound_structural_allocation_v3,VNM,Viet Nam,RUS,Russian Federation,2016,1447.0,unesco_uis_opri_202602,official_or_reference,566.4509355021847,880.5490644978153,880.5490644978153,modelled_structural_allocation_total_calibrated
ppml_russia_inbound_structural_allocation_v3,VNM,Viet Nam,RUS,Russian Federation,2017,1374.0,unesco_uis_opri_202602,official_or_reference,1505.845484513348,-131.84548451334808,131.84548451334808,modelled_structural_allocation_total_calibrated
ppml_russia_inbound_structural_allocation_v3,VNM,Viet Nam,RUS,Russian Federation,2018,1170.0,unesco_uis_opri_202602,official_or_reference,0.10294139291177598,1169.8970586070882,1169.8970586070882,modelled_structural_allocation_total_calibrated
ppml_russia_inbound_structural_allocation_v3,VNM,Viet Nam,RUS,Russian Federation,2019,1013.0,unesco_uis_opri_202602,official_or_reference,5.700337752366246,1007.2996622476337,1007.2996622476337,modelled_structural_allocation_total_calibrated
ppml_russia_inbound_structural_allocation_v3,VNM,Viet Nam,RUS,Russian Federation,2020,3699.0,unesco_uis_opri_202602,official_or_reference,443.21859872598617,3255.7814012740137,3255.7814012740137,modelled_structural_allocation_total_calibrated
ppml_russia_inbound_structural_allocation_v3,VNM,Viet Nam,RUS,Russian Federation,2021,3762.0,unesco_uis_opri_202602,official_or_reference,10640.105582360075,-6878.105582360075,6878.105582360075,modelled_structural_allocation_total_calibrated
ppml_russia_inbound_structural_allocation_v3,VNM,Viet Nam,RUS,Russian Federation,2022,3537.0,unesco_uis_opri_202602,official_or_reference,17.728914221655653,3519.2710857783445,3519.2710857783445,modelled_structural_allocation_total_calibrated
ppml_russia_inbound_structural_allocation_v3,VNM,Viet Nam,RUS,Russian Federation,2023,3300.0,unesco_uis_opri_202602,official_or_reference,140.29442113045596,3159.705578869544,3159.705578869544,modelled_structural_allocation_total_calibrated
ppml_russia_inbound_structural_allocation_v3,VUT,Vanuatu,RUS,Russian Federation,2011,0.0,unesco_uis_opri_202602,official_or_reference,683.0337145521971,-683.0337145521971,683.0337145521971,modelled_structural_allocation_total_calibrated
ppml_russia_inbound_structural_allocation_v3,VUT,Vanuatu,RUS,Russian Federation,2014,0.0,unesco_uis_opri_202602,official_or_reference,0.06049932417763638,-0.06049932417763638,0.06049932417763638,modelled_structural_allocation_total_calibrated
ppml_russia_inbound_structural_allocation_v3,VUT,Vanuatu,RUS,Russian Federation,2016,0.0,unesco_uis_opri_202602,official_or_reference,69.0761863940055,-69.0761863940055,69.0761863940055,modelled_structural_allocation_total_calibrated
ppml_russia_inbound_structural_allocation_v3,VUT,Vanuatu,RUS,Russian Federation,2017,0.0,unesco_uis_opri_202602,official_or_reference,1462.9696028340534,-1462.9696028340534,1462.9696028340534,modelled_structural_allocation_total_calibrated
ppml_russia_inbound_structural_allocation_v3,VUT,Vanuatu,RUS,Russian Federation,2018,0.0,unesco_uis_opri_202602,official_or_reference,765.6406038158473,-765.6406038158473,765.6406038158473,modelled_structural_allocation_total_calibrated
ppml_russia_inbound_structural_allocation_v3,VUT,Vanuatu,RUS,Russian Federation,2019,0.0,unesco_uis_opri_202602,official_or_reference,763.4483362069478,-763.4483362069478,763.4483362069478,modelled_structural_allocation_total_calibrated
ppml_russia_inbound_structural_allocation_v3,VUT,Vanuatu,RUS,Russian Federation,2020,0.0,unesco_uis_opri_202602,official_or_reference,51.284977170324545,-51.284977170324545,51.284977170324545,modelled_structural_allocation_total_calibrated
ppml_russia_inbound_structural_allocation_v3,VUT,Vanuatu,RUS,Russian Federation,2021,0.0,unesco_uis_opri_202602,official_or_reference,542.2656697474935,-542.2656697474935,542.2656697474935,modelled_structural_allocation_total_calibrated
ppml_russia_inbound_structural_allocation_v3,VUT,Vanuatu,RUS,Russian Federation,2022,1.0,unesco_uis_opri_202602,official_or_reference,172.05292392062378,-171.05292392062378,171.05292392062378,modelled_structural_allocation_total_calibrated
ppml_russia_inbound_structural_allocation_v3,VUT,Vanuatu,RUS,Russian Federation,2023,1.0,unesco_uis_opri_202602,official_or_reference,1523.0169528081547,-1522.0169528081547,1522.0169528081547,modelled_structural_allocation_total_calibrated
ppml_russia_inbound_structural_allocation_v3,WSM,Samoa,RUS,Russian Federation,2011,0.0,unesco_uis_opri_202602,official_or_reference,113.1546893555649,-113.1546893555649,113.1546893555649,modelled_structural_allocation_total_calibrated
ppml_russia_inbound_structural_allocation_v3,WSM,Samoa,RUS,Russian Federation,2014,0.0,unesco_uis_opri_202602,official_or_reference,791.018764774135,-791.018764774135,791.018764774135,modelled_structural_allocation_total_calibrated
ppml_russia_inbound_structural_allocation_v3,WSM,Samoa,RUS,Russian Federation,2016,0.0,unesco_uis_opri_202602,official_or_reference,323.1744705168588,-323.1744705168588,323.1744705168588,modelled_structural_allocation_total_calibrated
ppml_russia_inbound_structural_allocation_v3,WSM,Samoa,RUS,Russian Federation,2017,0.0,unesco_uis_opri_202602,official_or_reference,182.95443636155272,-182.95443636155272,182.95443636155272,modelled_structural_allocation_total_calibrated
ppml_russia_inbound_structural_allocation_v3,WSM,Samoa,RUS,Russian Federation,2018,1.0,unesco_uis_opri_202602,official_or_reference,255.84008127888228,-254.84008127888228,254.84008127888228,modelled_structural_allocation_total_calibrated
ppml_russia_inbound_structural_allocation_v3,WSM,Samoa,RUS,Russian Federation,2019,1.0,unesco_uis_opri_202602,official_or_reference,13.751979251146222,-12.751979251146222,12.751979251146222,modelled_structural_allocation_total_calibrated
ppml_russia_inbound_structural_allocation_v3,WSM,Samoa,RUS,Russian Federation,2020,0.0,unesco_uis_opri_202602,official_or_reference,114.60694872444722,-114.60694872444722,114.60694872444722,modelled_structural_allocation_total_calibrated
ppml_russia_inbound_structural_allocation_v3,WSM,Samoa,RUS,Russian Federation,2021,0.0,unesco_uis_opri_202602,official_or_reference,38.165050371240206,-38.165050371240206,38.165050371240206,modelled_structural_allocation_total_calibrated
ppml_russia_inbound_structural_allocation_v3,WSM,Samoa,RUS,Russian Federation,2022,0.0,unesco_uis_opri_202602,official_or_reference,13.731778214009207,-13.731778214009207,13.731778214009207,modelled_structural_allocation_total_calibrated
ppml_russia_inbound_structural_allocation_v3,WSM,Samoa,RUS,Russian Federation,2023,0.0,unesco_uis_opri_202602,official_or_reference,692.7757247067586,-692.7757247067586,692.7757247067586,modelled_structural_allocation_total_calibrated
ppml_russia_inbound_structural_allocation_v3,YEM,Yemen,RUS,Russian Federation,2011,373.0,unesco_uis_opri_202602,official_or_reference,3992.215777771698,-3619.215777771698,3619.215777771698,modelled_structural_allocation_total_calibrated
ppml_russia_inbound_structural_allocation_v3,YEM,Yemen,RUS,Russian Federation,2014,71.0,unesco_uis_opri_202602,official_or_reference,169.85196232437337,-98.85196232437337,98.85196232437337,modelled_structural_allocation_total_calibrated
ppml_russia_inbound_structural_allocation_v3,YEM,Yemen,RUS,Russian Federation,2016,189.0,unesco_uis_opri_202602,official_or_reference,6.480052968191974,182.51994703180802,182.51994703180802,modelled_structural_allocation_total_calibrated
ppml_russia_inbound_structural_allocation_v3,YEM,Yemen,RUS,Russian Federation,2017,274.0,unesco_uis_opri_202602,official_or_reference,25.11510975639786,248.88489024360214,248.88489024360214,modelled_structural_allocation_total_calibrated
ppml_russia_inbound_structural_allocation_v3,YEM,Yemen,RUS,Russian Federation,2018,473.0,unesco_uis_opri_202602,official_or_reference,1015.003226933071,-542.003226933071,542.003226933071,modelled_structural_allocation_total_calibrated
ppml_russia_inbound_structural_allocation_v3,YEM,Yemen,RUS,Russian Federation,2019,644.0,unesco_uis_opri_202602,official_or_reference,169.82052611197332,474.1794738880267,474.1794738880267,modelled_structural_allocation_total_calibrated
ppml_russia_inbound_structural_allocation_v3,YEM,Yemen,RUS,Russian Federation,2020,1474.0,unesco_uis_opri_202602,official_or_reference,429.48382292307315,1044.5161770769269,1044.5161770769269,modelled_structural_allocation_total_calibrated
ppml_russia_inbound_structural_allocation_v3,YEM,Yemen,RUS,Russian Federation,2021,1493.0,unesco_uis_opri_202602,official_or_reference,31.371896962581314,1461.6281030374187,1461.6281030374187,modelled_structural_allocation_total_calibrated
ppml_russia_inbound_structural_allocation_v3,YEM,Yemen,RUS,Russian Federation,2022,1539.0,unesco_uis_opri_202602,official_or_reference,4.251550791811352,1534.7484492081887,1534.7484492081887,modelled_structural_allocation_total_calibrated
ppml_russia_inbound_structural_allocation_v3,YEM,Yemen,RUS,Russian Federation,2023,1576.0,unesco_uis_opri_202602,official_or_reference,5208.490698276923,-3632.4906982769226,3632.4906982769226,modelled_structural_allocation_total_calibrated
ppml_russia_inbound_structural_allocation_v3,ZAF,South Africa,RUS,Russian Federation,2011,3.0,unesco_uis_opri_202602,official_or_reference,3.3851966470507833,-0.38519664705078327,0.38519664705078327,modelled_structural_allocation_total_calibrated
ppml_russia_inbound_structural_allocation_v3,ZAF,South Africa,RUS,Russian Federation,2014,4.0,unesco_uis_opri_202602,official_or_reference,641.5604530468167,-637.5604530468167,637.5604530468167,modelled_structural_allocation_total_calibrated
ppml_russia_inbound_structural_allocation_v3,ZAF,South Africa,RUS,Russian Federation,2016,23.0,unesco_uis_opri_202602,official_or_reference,76.95406934868281,-53.95406934868281,53.95406934868281,modelled_structural_allocation_total_calibrated
ppml_russia_inbound_structural_allocation_v3,ZAF,South Africa,RUS,Russian Federation,2017,162.0,unesco_uis_opri_202602,official_or_reference,433.7106840656957,-271.7106840656957,271.7106840656957,modelled_structural_allocation_total_calibrated
ppml_russia_inbound_structural_allocation_v3,ZAF,South Africa,RUS,Russian Federation,2018,410.0,unesco_uis_opri_202602,official_or_reference,9139.720097117102,-8729.720097117102,8729.720097117102,modelled_structural_allocation_total_calibrated
ppml_russia_inbound_structural_allocation_v3,ZAF,South Africa,RUS,Russian Federation,2019,548.0,unesco_uis_opri_202602,official_or_reference,0.011656380196042626,547.9883436198039,547.9883436198039,modelled_structural_allocation_total_calibrated
ppml_russia_inbound_structural_allocation_v3,ZAF,South Africa,RUS,Russian Federation,2020,727.0,unesco_uis_opri_202602,official_or_reference,36839.349918783795,-36112.349918783795,36112.349918783795,modelled_structural_allocation_total_calibrated
ppml_russia_inbound_structural_allocation_v3,ZAF,South Africa,RUS,Russian Federation,2021,641.0,unesco_uis_opri_202602,official_or_reference,98.49727802781264,542.5027219721874,542.5027219721874,modelled_structural_allocation_total_calibrated
ppml_russia_inbound_structural_allocation_v3,ZAF,South Africa,RUS,Russian Federation,2022,361.0,unesco_uis_opri_202602,official_or_reference,3.3860618381956282,357.61393816180436,357.61393816180436,modelled_structural_allocation_total_calibrated
ppml_russia_inbound_structural_allocation_v3,ZAF,South Africa,RUS,Russian Federation,2023,244.0,unesco_uis_opri_202602,official_or_reference,17.04577836159462,226.9542216384054,226.9542216384054,modelled_structural_allocation_total_calibrated
ppml_russia_inbound_structural_allocation_v3,ZMB,Zambia,RUS,Russian Federation,2011,413.0,unesco_uis_opri_202602,official_or_reference,548.9821199660564,-135.98211996605642,135.98211996605642,modelled_structural_allocation_total_calibrated
ppml_russia_inbound_structural_allocation_v3,ZMB,Zambia,RUS,Russian Federation,2014,167.0,unesco_uis_opri_202602,official_or_reference,8846.658353001196,-8679.658353001196,8679.658353001196,modelled_structural_allocation_total_calibrated
ppml_russia_inbound_structural_allocation_v3,ZMB,Zambia,RUS,Russian Federation,2016,179.0,unesco_uis_opri_202602,official_or_reference,0.08442765869470217,178.9155723413053,178.9155723413053,modelled_structural_allocation_total_calibrated
ppml_russia_inbound_structural_allocation_v3,ZMB,Zambia,RUS,Russian Federation,2017,198.0,unesco_uis_opri_202602,official_or_reference,248.21451617826295,-50.214516178262954,50.214516178262954,modelled_structural_allocation_total_calibrated
ppml_russia_inbound_structural_allocation_v3,ZMB,Zambia,RUS,Russian Federation,2018,176.0,unesco_uis_opri_202602,official_or_reference,363.76641387688335,-187.76641387688335,187.76641387688335,modelled_structural_allocation_total_calibrated
ppml_russia_inbound_structural_allocation_v3,ZMB,Zambia,RUS,Russian Federation,2019,149.0,unesco_uis_opri_202602,official_or_reference,1826.1815337250086,-1677.1815337250086,1677.1815337250086,modelled_structural_allocation_total_calibrated
ppml_russia_inbound_structural_allocation_v3,ZMB,Zambia,RUS,Russian Federation,2020,671.0,unesco_uis_opri_202602,official_or_reference,19.54169727282195,651.4583027271781,651.4583027271781,modelled_structural_allocation_total_calibrated
ppml_russia_inbound_structural_allocation_v3,ZMB,Zambia,RUS,Russian Federation,2021,651.0,unesco_uis_opri_202602,official_or_reference,59894.53301808861,-59243.53301808861,59243.53301808861,modelled_structural_allocation_total_calibrated
ppml_russia_inbound_structural_allocation_v3,ZMB,Zambia,RUS,Russian Federation,2022,612.0,unesco_uis_opri_202602,official_or_reference,0.0016925914880860384,611.9983074085119,611.9983074085119,modelled_structural_allocation_total_calibrated
ppml_russia_inbound_structural_allocation_v3,ZMB,Zambia,RUS,Russian Federation,2023,629.0,unesco_uis_opri_202602,official_or_reference,6.993084924434404,622.0069150755656,622.0069150755656,modelled_structural_allocation_total_calibrated
ppml_russia_inbound_structural_allocation_v3,ZWE,Zimbabwe,RUS,Russian Federation,2011,57.0,unesco_uis_opri_202602,official_or_reference,858.4628777592925,-801.4628777592925,801.4628777592925,modelled_structural_allocation_total_calibrated
ppml_russia_inbound_structural_allocation_v3,ZWE,Zimbabwe,RUS,Russian Federation,2014,47.0,unesco_uis_opri_202602,official_or_reference,3.4856871269024174,43.51431287309758,43.51431287309758,modelled_structural_allocation_total_calibrated
ppml_russia_inbound_structural_allocation_v3,ZWE,Zimbabwe,RUS,Russian Federation,2016,129.0,unesco_uis_opri_202602,official_or_reference,1.652710547651364,127.34728945234863,127.34728945234863,modelled_structural_allocation_total_calibrated
ppml_russia_inbound_structural_allocation_v3,ZWE,Zimbabwe,RUS,Russian Federation,2017,190.0,unesco_uis_opri_202602,official_or_reference,2004.4482283366951,-1814.4482283366951,1814.4482283366951,modelled_structural_allocation_total_calibrated
ppml_russia_inbound_structural_allocation_v3,ZWE,Zimbabwe,RUS,Russian Federation,2018,268.0,unesco_uis_opri_202602,official_or_reference,4.6799792231640085,263.320020776836,263.320020776836,modelled_structural_allocation_total_calibrated
ppml_russia_inbound_structural_allocation_v3,ZWE,Zimbabwe,RUS,Russian Federation,2019,319.0,unesco_uis_opri_202602,official_or_reference,9.068333270415236,309.9316667295848,309.9316667295848,modelled_structural_allocation_total_calibrated
ppml_russia_inbound_structural_allocation_v3,ZWE,Zimbabwe,RUS,Russian Federation,2020,517.0,unesco_uis_opri_202602,official_or_reference,692.0160645007645,-175.01606450076451,175.01606450076451,modelled_structural_allocation_total_calibrated
ppml_russia_inbound_structural_allocation_v3,ZWE,Zimbabwe,RUS,Russian Federation,2021,501.0,unesco_uis_opri_202602,official_or_reference,214.66470377690428,286.3352962230957,286.3352962230957,modelled_structural_allocation_total_calibrated
ppml_russia_inbound_structural_allocation_v3,ZWE,Zimbabwe,RUS,Russian Federation,2022,1266.0,unesco_uis_opri_202602,official_or_reference,235.6815233734928,1030.3184766265072,1030.3184766265072,modelled_structural_allocation_total_calibrated
ppml_russia_inbound_structural_allocation_v3,ZWE,Zimbabwe,RUS,Russian Federation,2023,427.0,unesco_uis_opri_202602,official_or_reference,947.6279869574236,-520.6279869574236,520.6279869574236,modelled_structural_allocation_total_calibrated
